ISO3,wheat,rice,barley,maize,rye,oats,millet,sorghum,othr_grains,cassava,potato,sweet_potato,yams,othr_roots,sugar_cane,sugar_non,raw_sugar,sweeteners,honey,beans,peas,othr_pulse,nuts,soyabeans,groundnut,seed_sunflower,seed_rape,seed_cotton,coconuts,seed_sesame,preserved_olives,seed_oilcrop,oil_soyabeans,oil_groundnut,oil_sunflower,oil_rape,oil_cotton,oil_palmkernel,oil_palm,oil_coconut,oil_sesame,oil_olive,oil_ricebran,oil_maize,oil_oilcrop,tomato,onion,othr_vegetables,orange,lemon,grapefruit,citrus,banana,plantains,apple,pineapple,dates,grapes,othr_fruits,beef,lamb,pork,poultry,othr_meat,offals,butter,cream,fat_ani,oil_fish_body,oil_fish_liver,eggs,milk,fish_freshw,fish_demrs,fish_pelag,fish_marine,crustaceans,cephalopods,othr_molluscs,fish_aquatic,fish_aquaticplant
AGO,0.20088397841763653,0.21499864442860156,0.4787569614290095,0.14538825851011347,0.24002192568098055,0.5400226302149871,0.13509221112877134,0.16708037260716893,1.232832177452862,0.42833334082137864,0.1065,0.27333301802847204,0.152737808511493,0.2686132335556286,0.10385456839515603,1.9242606047777917,0.00599990800592009,0.18000146001387013,0.09000096052252426,0.7397689003609671,0.7182802579078594,1.3506328905366187,0.45245724290999245,2.31548900327562,0.43649991852696757,0.7896967957991765,4.797605731011693,0,0.1672771361112884,9.829910453572124,0.8432426551161574,1.6187248186189953,0.001662477189502257,0.026929456674506424,8.203282365473e-4,0.03222849149297888,0.04791453753900279,0,0,0,0.03428209169689015,0.01,0.005078272050635159,0,0.004422576099907576,0.1296794968363965,0.2509153176292992,0.9154083937074274,0.30998136323363173,0.3861792713453364,0.0794054249481111,0.6199993409345548,0.06999999999999999,0.07505668713148736,0.05999906768599664,0.20399801279875654,0.3725427300233619,0.20999874859216622,0.16487170593621317,0.049999999999999996,0.1,0.10800084013529077,0.10857269643568974,0.6500041380451875,0.12420217738520936,0.17000331638293167,0.6468606685778009,0.028316228389261577,0,0,0.581304981888319,1.2005078881648497,0.44000866175833697,1.7700036886757655,0.27999505745706166,0.5200078693684832,7.705223199620397,0.5300119826712139,1.1199579958673727,0.5153879296569214,0.26000008678072334
ALB,0.15239862750598848,0.07,0.3300027374760471,0.025966317574576712,0.24000326868598826,0.5400226302149871,0.18176195116438973,0.16708037260716893,1.232832177452862,0.4090233397379857,0.10000049483148514,0.30000476009139376,0.152737808511493,0.2686132335556286,0.10385456839515603,1.9242606047777917,0.009999890060356864,0.18000060925626427,0.06,1.430002070377499,0.7182802579078594,1.0537026884480805,0.7236548051604244,2.770011315107493,0.9200125143393472,0.7896967957991765,4.797605731011693,0,0.14,5.824777527379497,0.8800007874868342,1.6187248186189953,0.001662477189502257,0.026929456674506424,8.203282365473e-4,0.03222849149297888,0.04791453753900279,0,0,0,0.03428209169689015,0.010000000000000002,0.005078272050635159,0,0.004422576099907576,0.09999999999999999,0.2300001462779574,0.30946447889981377,0.3699986063813441,0.26,0.03999943084803643,0.6199941856239553,0.049999999999999996,0.07505668713148736,0.05999908328367787,0.13000381697600077,0.38999879450733704,0.14000012604320444,0.13972256688125662,0.08000225543771937,0.13000046741140883,0.1900002382597508,0.10999888443616829,0.2535255730340779,0.0916561709673844,0.2400014129782048,0.6499863126197645,0.028316228389261577,0,0,0.5599950483640734,1.2059568694925107,0.3599964723520593,0.17999590596312215,0.22000139544619393,0.20000881678716273,0.46000100689724616,0.5300093142391431,0.31000052898857383,0.5153879296569214,0.26000008678072334
ARE,0.32466783937981114,0.07000037786194088,0.4787569614290095,0.07,0.24002192568098055,0.5307296293955717,0.18176195116438973,0.16708037260716893,1.232832177452862,0.15999789323993363,0.10000134068026116,0.2999976956932507,0.152737808511493,0.12,0.10385456839515603,1.9242606047777917,0.010000042441849362,0.1800004866653689,0.05999933636393801,1.4299918673998917,0.37000000000000005,0.484685993146141,1.0193531487753376,2.7699326790493957,0.9200021954800555,0.7896967957991765,4.797605731011693,0,0.13999799008959563,0.6000108149029362,0.8799948770491803,1.6187248186189953,0.001662477189502257,0.026929456674506424,8.203282365473e-4,0.03222849149297888,0.04791453753900279,0,0,0,0.03428209169689015,0.01,0.005078272050635159,0,0.004422576099907576,0.09999927534131424,0.22999913134120917,0.46770318568272573,0.36999828477616326,0.2600002127139104,0.039999999999999994,0.6199986917558816,0.05,0.07505668713148736,0.059999774691045095,0.13,0.3899964187656679,0.14000216502485616,0.14227245209370956,0.07999925146899209,0.1299984655516342,0.11633068615573187,0.11000032135647489,0.11528416695583205,0.091856292060491,0.2400059612518629,0.6500136873802355,0.028316228389261577,0,0,0.5636537175870058,1.3976932460907174,0.35999638793570526,0.18000012918978625,0.2200046205975973,0.2,0.4599889114766217,0.5300022121446742,0.31000093350343844,0.5153879296569214,0.26000008678072334
ARG,0.3227777006080133,0.10210166703275646,0.4787569614290095,0.1692592852260179,0.24002192568098055,0.5500129041772666,0.18176195116438973,0.16708037260716893,1.232832177452862,0.27999205946577854,0.07000032211824961,0.3399985022092414,0.152737808511493,0.2686132335556286,0.10385456839515603,1.9242606047777917,0.45000013227828173,0.7245993540917677,0.2599963500319372,1.3150018250395425,0.7182802579078594,0.9799834526271566,1.4791960728391502,2.126709522557208,0.5284587325648081,0.7896967957991765,4.797605731011693,0,0.23999210335826623,7.269928946856142,0.36000292002774026,1.6187248186189953,0.001662477189502257,0.026929456674506424,8.203282365473e-4,0.03222849149297888,0.04791453753900279,0,0,0,0.03428209169689015,0.01,0.005078272050635159,0,0.004422576099907576,0.0899994522571423,0.31999919598191967,0.28309292421340226,0.26899933946813614,0.2999989850497833,0.2099914380374493,0.5996294408748002,0.07999806225447884,0.07505668713148736,0.09000100956199432,0.18000438180092018,0.3725427300233619,0.13000050344862307,0.10973406677746254,0.07260053594172367,0.07999925854526581,0.12000152286196525,0.12000013047037833,0.18435431267049565,0.10314661329701048,0.22,0.9499939165348582,0.028316228389261577,0,0,0.5399974925270709,1.0600000783033454,0.23000060631783184,0.25999816168022427,0.2599951479864144,0.15,0.5900157232704403,0.24999308723904326,0.9100069273883745,0.5153879296569214,0.26000008678072334
ARM,0.32466809289753845,0.06999952903499271,0.4787569614290095,0.0699995133346311,0.23999908750798427,0.5400067786004797,0.18176195116438973,0.16708037260716893,1.7999323384013797,0.4090233397379857,0.09999955947815782,0.2713618516857786,0.152737808511493,0.2686132335556286,0.10385456839515603,1.9242606047777917,0.009999989889195695,0.18000072277836002,0.06000217912399216,1.2784041683529075,0.7182802579078594,1.3506328905366187,0.7541705144915466,2.126709522557208,0.9199502281211116,0.7896967957991765,4.797605731011693,0,0.13999766027140853,0.5999975666731555,0.8800056154143123,1.6187248186189953,0.001662477189502257,0.026929456674506424,8.203282365473e-4,0.03222849149297888,0.04791453753900279,0,0,0,0.03428209169689015,0.01,0.005078272050635159,0,0.004422576099907576,0.09999981202159496,0.23000023661358635,0.4252381171798766,0.3699977468431313,0.2600042628017264,0.04000024164220039,0.6200096398815672,0.050000766553727746,0.07505668713148736,0.06000036481778365,0.12999807316468937,0.38999933150611676,0.1399999347243573,0.10352151099709761,0.07999944144219624,0.13,0.1900007881669863,0.11,0.2535255730340779,0.09019719817102831,0.24000813586901248,0.6499981749826623,0.028316228389261577,0,0,0.5609048382973307,1.1848837991643062,0.359993170398556,0.1800019210450485,0.2200030178050498,0.2,0.46000321200706645,0.46404635559735957,0.31000052898857383,0.5153879296569214,0.26000008678072334
ATG,0.3227778803628889,0.1021000423937657,0.4787569614290095,0.1692534386940935,0.24002192568098055,0.5499975503405027,0.18176195116438973,0.16708037260716893,1.232832177452862,0.28,0.07000098648515339,0.340009605293584,0.1,0.2686132335556286,0.10385456839515603,1.9242606047777917,0.4500008144295192,0.7246021600176328,0.25999490705373063,1.314998213282965,0.6500211595429538,1.3506328905366187,0.7147247792260047,2.2600126090851775,0.6600021791239922,0.7896967957991765,4.797605731011693,0,0.24,5.824777527379497,0.3599925512104283,1.6187248186189953,0.001662477189502257,0.026929456674506424,8.203282365473e-4,0.03222849149297888,0.04791453753900279,0,0,0,0.03428209169689015,0.009999999999999998,0.005078272050635159,0,0.01,0.08999930960465452,0.32000066258441046,0.2823773985973569,0.2689997703794844,0.2999942827739981,0.2099927970344864,0.6600043607820336,0.08,0.0799990641085634,0.09000199852791359,0.17999624420982346,0.5700034380013751,0.1299998793392618,0.21538256809059378,0.07259969819986892,0.07999922980154554,0.12000036623161403,0.1200002349663166,0.2535255730340779,0.1017666708027458,0.24309320287061445,0.94999543753992155,0.028316228389261577,0,0,0.555712853699887,1.0492517061400977,0.23000135814206166,0.2599975513929235,0.2599998693467993,0.14999849312650418,0.5899945250479058,0.25000445990545,0.9099977521916132,0.5153879296569214,0.26000008678072334
AUS,0.15239846457090406,0.06999993265675823,0.4787569614290095,0.025966812137568216,0.2400022812820805,0.5400094195219592,0.18176195116438973,0.16708037260716893,1.232832177452862,0.16,0.10000019580238839,0.29999683163297636,0.152737808511493,0.1874298734701628,0.10385456839515603,1.9242606047777917,0.010000315249815775,0.18000104630713945,0.060000000000000005,1.4299966541959424,0.3700059312883062,1.4458357043023582,1.541731302307931,2.769940955448202,0.919993482157406,0.7896967957991765,4.797605731011693,0,0.13999935007961523,5.824777527379497,0.8800012425447317,1.6187248186189953,0.001662477189502257,0.026929456674506424,8.203282365473e-4,0.03222849149297888,0.04791453753900279,0,0,0,0.03428209169689015,0.01,0.005078272050635159,0,0.004422576099907576,0.10000048413099293,0.2299998335746501,0.2349220331923057,0.3700012443190908,0.26,0.040000344340759615,0.6199895342752486,0.05000035204573778,0.07505668713148736,0.06000005766879657,0.12999571715168046,0.3900084369510795,0.1400011456722232,0.11189385402340792,0.08000012693899312,0.13000090944416426,0.1900010172157564,0.10999977036071229,0.06000053737438874,0.09103812480568109,0.23999805314903144,0.6499863126197646,0.028316228389261577,0,0,0.5599979037424397,1.130218909623107,0.36000625880143955,0.18000280105506408,0.22000371183766898,0.19999673469387755,0.4599912275205213,0.5299964998249912,0.30999307867242343,0.5299936125558901,0.26000008678072334
AUT,0.15239851643083557,0.06999960326119299,0.33000775630009277,0.025966499198213668,0.24000000000000002,0.5399987900542459,0.18176195116438973,0.16708037260716893,1.232832177452862,0.4090233397379857,0.10000041738143237,0.29999324073135286,0.152737808511493,0.2686132335556286,0.10385456839515603,1.9242606047777917,0.010000026609969691,0.1800014897982678,0.05999936522042721,1.4299875132071849,0.36999301079443964,1.0964175933482705,0.9693479713115234,2.770027108369442,0.9199679515712633,0.7799926679497755,4.797605731011693,0,0.1400018971732119,0.6000028076874482,0.8800123380629241,1.6649700353008783,0.001662477189502257,0.026929456674506424,8.203282365473e-4,0.03222849149297888,0.04791453753900279,0,0,0,0.03428209169689015,0.01,0.005078272050635159,0,0.004422576099907576,0.10000020632637945,0.2299995908337124,0.3316668001552355,0.37000086319299635,0.25999500457913577,0.04,0.6199895342752486,0.04999830119353289,0.07505668713148736,0.05999989305376569,0.13000096280368434,0.3900126060050424,0.13999955757595867,0.1097587329033548,0.07999955450617009,0.12999794955915522,0.18999977045364314,0.10999874071275656,0.06864198967059966,0.09498322509569981,0.2400008091051297,0.6499978696510489,0.028316228389261577,0,0,0.5613215736494002,1.1471482566769426,0.3599956469692023,0.18000143900420906,0.22000063777543927,0.19999999999999998,0.4599926406875022,0.5300013825521913,0.3099969334559951,0.5299822713525915,0.26000008678072334
AZE,0.3246679918247612,0.07000067592686472,0.3300032850312078,0.06999831907981627,0.2399990266692622,0.5400226302149871,0.18176195116438973,0.16708037260716893,1.6562059734397145,0.4090233397379857,0.10000006756441761,0.2713618516857786,0.152737808511493,0.2686132335556286,0.10385456839515603,1.9242606047777917,0.010000024252477997,0.1799964390634737,0.0600002920006424,1.2784041683529075,0.7182802579078594,1.3506328905366187,0.8746799670763535,2.126709522557208,0.9200125143393473,0.7896967957991765,4.797605731011693,0,0.1399943847827613,5.824777527379497,0.8799983778084192,1.6187248186189953,0.001662477189502257,0.026929456674506424,8.203282365473e-4,0.03222849149297888,0.04791453753900279,0,0,0,0.03428209169689015,0.01,0.005078272050635159,0,0.004422576099907576,0.09999974299511777,0.22999987036052735,0.2416842216860935,0.3699963106437926,0.25999905691516956,0.04000196772924045,0.6200019029043078,0.049998863920383545,0.07505668713148736,0.059999859911604225,0.1299990457559998,0.38999933150611676,0.14000084418051176,0.11842667710158881,0.08000059285315521,0.1299991980661939,0.18999623055869677,0.11000293858360269,0.2535255730340779,0.09001237257834067,0.23999496760395042,0.6500182503954253,0.028316228389261577,0,0,0.5601962399292703,1.1560951376127744,0.36000848851397954,0.18000480268950614,0.21999931262029143,0.20000317389786396,0.4600138701317662,0.46404635559735957,1.1199579958673727,0.5153879296569214,0.26000008678072334
BEL,0.15239883203366944,0.06999788343333031,0.33000312858483677,0.025966847390974292,0.23999560246262092,0.5400107353730542,0.18176195116438973,0.16708037260716893,1.232832177452862,0.4090233397379857,0.1000000918932678,0.2713618516857786,0.152737808511493,0.2686132335556286,0.10385456839515603,1.9242606047777917,0.009999764673232554,0.17999949480916416,0.06,1.43001751995328,0.37000835163475515,0.8301184675747988,1.068953321306042,2.7700450176420492,0.9200036500235731,0.7896967957991765,2.6600357703398183,0,0.14000207210940738,5.824777527379497,0.8800187715090207,1.6187248186189953,0.001662477189502257,0.026929456674506424,8.203282365473e-4,0.03222849149297888,0.04791453753900279,0,0,0,0.03428209169689015,0.01,0.005078272050635159,0,0.004422576099907576,0.10000023237764155,0.2300047166632976,0.3604444226764972,0.36999729496477013,0.26000656582236925,0.03999877567261485,0.6200007849601632,0.05,0.030000464080193058,0.06000042812967659,0.12999969018186325,0.3900056625141563,0.13999849706390702,0.11502787881036487,0.07999904335972066,0.13000031101296924,0.1900008661361991,0.10999909587720004,0.07483732570332022,0.09863243076402993,0.2400029270434422,0.6499978367493028,0.028316228389261577,0,0,0.5601266855261173,1.1340462652298522,0.35999829948842943,0.1800082558028768,0.2199963157409966,0.1999938491819412,0.4599801304479288,0.5300016590779214,0.3099972030693274,0.5300029199922134,0.26000008678072334
BEN,0.200886583009069,0.2150002537580191,0.4787569614290095,0.18308954723714121,0.24002192568098055,0.5400226302149871,0.1350925451589193,0.13519316970508652,1.232832177452862,0.42833327792901105,0.10650085807228299,0.2733352816869745,0.15444607769528867,0.3332152660940405,0.10385456839515603,1.9242606047777917,0.0059999855158529,0.17999791427677547,0.07052576522350291,0.7397661278075398,0.7182802579078594,2.90986698319018,0.4570143461362753,2.126709522557208,0.43650116238586717,0.7896967957991765,4.797605731011693,0,0.1672728070367852,9.830059044551797,0.8799890500958115,1,0.001662477189502257,0.026929456674506424,8.203282365473e-4,0.03222849149297888,0.04791453753900279,0,0,0,0.03428209169689015,0.01,0.005078272050635159,0,0.004422576099907576,0.12967874979231617,0.25091888825865005,0.8756361899036411,0.3100061106018943,0.21428571428571427,0.2,0.5996294408748002,0.07,0.07505668713148736,0.060000298204807054,0.20399931232967425,0.23999876585109992,0.20999334244367357,0.24822554448491785,0.049999999999999996,0.1,0.10800554715078163,0.1085713756694579,0.6457440570644198,0.12396629843021806,0.24309320287061445,0.6700003650034675,0.028316228389261577,0,0,0.5600104411380841,1.2481082859425672,0.43999870407568203,1.769952487950464,0.27999731026135294,0.5200005237453027,7.704826520096187,0.46404635559735957,1.1199579958673727,0.5153879296569214,0.26000008678072334
BFA,0.20088563787136524,0.21500064160143717,0.4787569614290095,0.18309002890499415,0.24002192568098055,0.5307296293955717,0.13509226176243536,0.13519462688374115,1.4600771967002195,0.4283430351725834,0.10649990266692622,0.27333200378278577,0.15444731088431773,0.2686132335556286,0.10385456839515603,1.9242606047777917,0.006000222819945568,0.1800037960083512,0.07052576522350291,1.2784041683529075,1.2700295652808702,0.8370249520230664,1.3279960981876797,2.3155538977993286,0.43649867942994275,0.7896967957991765,4.797605731011693,0,0.16727030251982875,9.830074807560262,0.8800233602219221,1.6187248186189953,0.001662477189502257,0.026929456674506424,8.203282365473e-4,0.03222849149297888,0.04791453753900279,0,0,0,0.03428209169689015,0.010000007080109508,0.005078272050635159,0,0.004422576099907576,0.12967694834823873,0.2907669820403571,0.5458667604586208,0.309997578441208,0.214296623112167,0.2,0.5996294408748002,0.07000090810025428,0.07333381019652724,0.06,0.20399326198969478,0.2399955294418189,0.210006555730685,0.15366707978823552,0.04999959101877224,0.1,0.10799873173262618,0.10857067510548524,0.6180184494013263,0.12024788815223973,0.16999771949828962,0.6468606685778009,0.028316228389261577,0,0,0.5599981431909264,1.4399265296208958,0.4399969133080518,0.5551657198486587,0.2799913476097772,0.5200062438212186,7.705223199620397,0.46404635559735957,1.1199579958673727,0.5153879296569214,0.26000008678072334
BGD,0.324668410418522,0.19999999999999998,0.4787569614290095,0.06999837780841917,0.24002192568098055,0.5307296293955717,0.08523323893958182,0.16708037260716893,1.232832177452862,0.32000811100489557,0.23999953358011186,0.639987254135164,0.152737808511493,0.2686132335556286,0.1200011248172172,0.01,0.009999799817166345,0.18000313984065308,0.07052576522350291,0.9699970800077866,0.3699905646322689,1.9428932558168563,0.7261201878965903,2.599942585301837,0.9199922133540978,0.7896967957991765,4.797605731011693,0,0.14000105289018355,5.824777527379497,0.8432426551161574,1.6187248186189953,0.001662477189502257,0.026929456674506424,8.203282365473e-4,0.03222849149297888,0.04791453753900279,0,0,0,0.03428209169689015,0.010000007080109508,0.005078272050635159,0,0.004422576099907576,0.1,0.22999920867294454,0.6495694089514196,0.3700016294606485,0.25999874623871616,0.03999925548151733,0.6200057562992228,0.05,0.07505668713148736,0.06000000000000001,0.12999722607489597,0.3725427300233619,0.1400008477449983,0.15833076953466188,0.08000000000000002,0.11999930316016864,0.11633068615573187,0.11000250166777852,0.12000769202282455,0.08999996803401182,0.24000000000000002,0.6468606685778009,0.028316228389261577,0,0,0.5840752351097178,1.3000063631519134,0.35999816467925216,0.17999590596312215,0.21999873745344356,0.19999788406809071,0.4599997504273931,0.46404635559735957,1.1199579958673727,0.5153879296569214,0.26000008678072334
BGR,0.15239858292232822,0.07000010610417308,0.3300010895619961,0.025966763927185513,0.23999639509733237,0.5399937428303264,0.18176195116438973,0.16708037260716893,1.232832177452862,0.4090233397379857,0.09999921682264949,0.30000921743939535,0.152737808511493,0.2686132335556286,0.10385456839515603,1.9242606047777917,0.009999957981604347,0.17999849485428307,0.059999109765868426,1.4299830855515,0.3700073000312858,0.4222865004064775,0.6995836046235513,2.7699607628433247,0.9199617624054922,0.779979557519206,4.797605731011693,0,0.1400008774046371,0.5999939167198953,0.8799949069456529,1.6187248186189953,0.001662477189502257,0.026929456674506424,8.203282365473e-4,0.03222849149297888,0.04791453753900279,0,0,0,0.03428209169689015,0.01,0.005078272050635159,0,0.004422576099907576,0.10000021966001024,0.230002059105274,0.2688410438076545,0.3699989815823077,0.2600006498148028,0.04,0.6199960753532182,0.04999924160839691,0.030000271274719905,0.06000039956314429,0.13000066575679903,0.38999933150611676,0.13999586142677312,0.11746116217942534,0.08000057864510249,0.129999268310529,0.18999973844479273,0.10999882965491149,0.1239743748242312,0.09465034087353848,0.2400029252596168,0.649998340909845,0.028316228389261577,0,0,0.5608789639698535,1.223986753064536,0.35999304226822054,0.1800065946984359,0.22000223338916808,0.19999206538125844,0.4599961066770489,0.5300119826712139,0.3099992653001249,0.5300215352045844,0.26000008678072334
BHS,0.1523987355748291,0.07000013832310895,0.33000352191592225,0.025967142657753264,0.23999902666926218,0.5399736147757256,0.18176195116438973,0.16708037260716893,1.232832177452862,0.15999793083826916,0.09999981921753735,0.2999960083027304,0.152737808511493,0.2686132335556286,0.10385456839515603,1.9242606047777917,0.01000001266481676,0.17999897114049077,0.06000104286161226,1.4300502632838679,0.3699995133346311,1.3506328905366187,0.7147247792260047,2.7699607628433247,0.92,0.7799932409597836,4.797605731011693,0,0.13999937421124545,5.824777527379497,0.8799890500958115,1.665009358914366,0.001662477189502257,0.026929456674506424,8.203282365473e-4,0.03222849149297888,0.04791453753900279,0,0,0,0.03428209169689015,0.01,0.005078272050635159,0,0.004422576099907576,0.09999966286187563,0.23000009215485703,0.2813398623334553,0.3699999104177445,0.2600002501626057,0.03999956592983256,0.5996294408748002,0.050001051374847845,0.029999220090469503,0.05999936582426991,0.13,0.3899927803625863,0.13999971372543404,0.11372813851765273,0.07999921971012232,0.13000018101840957,0.18999885073616732,0.10999990557317607,0.2535255730340779,0.09429730491586288,0.2400015685864422,0.650008364637355,0.028316228389261577,0,0,0.5650909227090098,1.2347577044034264,0.35997828661666004,0.1799983343512298,0.22000056965450454,0.2,0.46000533064826604,0.5299929948751981,0.31000727978645953,0.5300029199922134,0.26000008678072334
BIH,0.15239853026669478,0.06999903947747575,0.3299979182568871,0.025966418238122256,0.24000228128208054,0.5399937428303264,0.18176195116438973,0.16708037260716893,0.40925164618128873,0.4090233397379857,0.10000019461475038,0.29999746527425736,0.152737808511493,0.2686132335556286,0.10385456839515603,1.9242606047777917,0.01,0.17999802291893208,0.05999915117562177,1.4299981618773359,0.3700125865324103,0.6946205708527668,0.7680687343911573,2.770047301575478,0.9199885493451657,0.7896967957991765,4.797605731011693,0,0.13999971923125518,5.824777527379497,0.8799926999687141,1.6649976602714085,0.001662477189502257,0.026929456674506424,8.203282365473e-4,0.03222849149297888,0.04791453753900279,0,0,0,0.03428209169689015,0.01,0.005078272050635159,0,0.004422576099907576,0.09999959580608393,0.2300000322307204,0.3175730444331389,0.3699977335650133,0.2600120554550934,0.039999489867493083,0.5996294408748002,0.05000031968287459,0.07505668713148736,0.05999897739579895,0.13000014313728298,0.38999933150611676,0.14000327609660213,0.08569345813262809,0.08000296282330126,0.12999999999999998,0.18999878904532158,0.10999995959449031,0.2535255730340779,0.0921389973514721,0.2400090186573474,0.6499999999999999,0.028316228389261577,0,0,0.5600013982265826,1.1517505329834077,0.3600033617682901,0.1800065946984359,0.21999622783855152,0.19999999999999998,0.4599897802759326,0.5300150829562594,0.3099990595758687,0.5153879296569214,0.26000008678072334
BLR,0.15239894733977186,0.06999974914080727,0.3299962771725935,0.025966526731352,0.24000009043042622,0.5399986272110986,0.18176195116438973,0.16708037260716893,0.45592021541986133,0.4090233397379857,0.10000010509456408,0.2713618516857786,0.152737808511493,0.2686132335556286,0.10385456839515603,1.9242606047777917,0.00999998943253785,0.1799985302043016,0.060000000000000005,1.2784041683529075,0.7182802579078594,1.3506328905366187,0.7196136766011229,2.770047036688617,0.9200124252543295,0.7896967957991765,4.797605731011693,0,0.13999561307304234,5.824777527379497,0.8800054750353596,1.6187248186189953,0.001662477189502257,0.026929456674506424,8.203282365473e-4,0.03222849149297888,0.04791453753900279,0,0,0,0.03428209169689015,0.01,0.005078272050635159,0,0.004422576099907576,0.09999890783193717,0.23000052788737183,0.4384645935105282,0.3700007227474918,0.26,0.04000058363487802,0.6200057562992228,0.05,0.030000561545372863,0.059999500500460115,0.1300028344671202,0.3899985961534605,0.14000270929287456,0.10146424383837344,0.07999858983624474,0.13000379154905845,0.18999976943574337,0.11000043312642048,0.08041822362747918,0.0939565469202551,0.24000161720708335,0.6500058872012245,0.028316228389261577,0,0,0.5611342089161862,1.130504513430417,0.3600050676898574,0.1800013820744938,0.21999920889205332,0.1999953325554259,0.45998864465893424,0.5300022121446742,0.31000317393144305,0.5153879296569214,0.26000008678072334
BLZ,0.32277780073556755,0.1020995289702447,0.4787569614290095,0.09000037564328914,0.24002192568098055,0.5500194904142599,0.18176195116438973,1.9160105329022838,1.232832177452862,0.2799947857825671,0.06999959103701858,0.3399926263883128,0.1,0.2686132335556286,0.10385456839515603,1.9242606047777917,0.4500002128030848,0.7245958960831825,0.25999423686485446,1.3149995880365823,0.6499951762284538,1.3506328905366187,0.5334948562524339,2.2600235849056607,0.6599975666797345,1.0499493071983776,4.797605731011693,0,0.24000089417445344,7.270139066321129,0.36000292002774026,1.6187248186189953,0.001662477189502257,0.026929456674506424,8.203282365473e-4,0.03222849149297888,0.04791453753900279,0,0,0,0.03428209169689015,0.01,0.005078272050635159,0,0.010000282946796571,0.08999647171491455,0.3200015408765662,0.3715766652568386,0.26899999448262674,0.3861792713453364,0.20999935931411665,0.5996294408748002,0.08000017282201062,0.08000403316502626,0.09000040965138667,0.18000000000000002,0.5699903738167816,0.12999805333852443,0.2749387770102839,0.07260008583164736,0.08000370730803096,0.12000028860965903,0.11999903187549919,0.2535255730340779,0.1017666708027458,0.24309320287061445,0.9500098854805105,0.028316228389261577,0,0,0.5399982693472555,1.056686995250808,0.2300039612925132,0.2600057175528873,0.25999623723148774,0.15000871991628878,0.59000343524562,0.25,0.9099945385035499,0.5153879296569214,0.26000008678072334
BOL,0.3227772678585721,0.10209976019451818,0.5400226302149871,0.16926043183760855,0.27000401503814286,0.5499905926622766,0.18176195116438973,0.16708037260716893,0.813999424963381,0.2799990957886356,0.07000038343445188,0.3400028515754955,0.152737808511493,0.21999871720864603,0.10385456839515603,1.9242606047777917,0.4500002109013502,0.7246234067207415,0.26000104286161224,1.3149982803953981,0.6499809900387804,0.9324583778088914,0.7619906207813106,2.2600284702704676,0.6599975666797345,0.7896967957991765,4.797605731011693,0,0.24000382872822412,5.824777527379497,0.3599985400038933,1.6187248186189953,0.001662477189502257,0.026929456674506424,8.203282365473e-4,0.03222849149297888,0.04791453753900279,0,0,0,0.03428209169689015,0.009999999999999998,0.005078272050635159,0,0.009999999999999998,0.08999938734249598,0.32000113853072604,0.33406207833747525,0.2690005960971325,0.3000176636834668,0.2100091827364555,0.6599882260596547,0.08000115801053788,0.08000008977426262,0.09000109118684756,0.17999963013647965,0.3725427300233619,0.12999828237718997,0.1647263498054834,0.07259947070336631,0.08000052068417901,0.11999946013064838,0.11999981057646318,0.28829557690425245,0.10535527314716646,0.24309320287061445,0.949995133346311,0.028316228389261577,0,0,0.540010011300237,1.2616742483559389,0.22999704753469144,0.5551657198486587,0.25999637867036846,0.15000575911539987,1.4202972355247463,0.46404635559735957,0.910001410636197,0.5153879296569214,0.26000008678072334
BRA,0.3227774540665221,0.1020996057228948,0.4787569614290095,0.16925990493271295,0.2700063874441099,0.5500032589566993,0.18176195116438973,0.16708037260716893,0.2970911143344399,0.2800001209529886,0.06999956954505977,0.3400008740494712,0.1,0.2686132335556286,0.12,0.6500052789550685,0.44999976962877986,0.7246029397257571,0.2600029200277403,1.3149994992377285,0.649998340909845,0.9131468856894757,0.6285784267005665,2.2599891852223792,0.6600212370586673,1.0499847916455438,4.797605731011693,0,0.24000124417441251,7.26991513824254,0.3599906810592529,1.6187248186189953,0.001662477189502257,0.026929456674506424,8.203282365473e-4,0.03222849149297888,0.04791453753900279,0,0,0,0.03428209169689015,0.01,0.005078272050635159,0,0.004422576099907576,0.08999990979261321,0.3200008898182546,0.18684216303391882,0.2690002042784138,0.3000064981480278,0.20999870873326731,0.5996294408748002,0.07999977980196857,0.07505668713148736,0.08999825880031341,0.1799997005494917,0.3725427300233619,0.13000452440773577,0.1902647443540909,0.07260064291516387,0.07999691071980229,0.12000200786718873,0.12000016993580676,0.0725664521167726,0.10565548201272004,0.2200076952674105,0.6468606685778009,0.028316228389261577,0,0,0.5505285492186355,1.062111157660852,0.230007190221299,0.2600054183188435,0.2599948446964815,0.15000585350625026,0.590001412895022,0.2499965435717347,0.9099894203463443,0.5153879296569214,0.26000008678072334
BRB,0.15239864663916558,0.07000015428731383,0.3300032850312078,0.025966549803949548,0.24000073000693506,0.5400188146754469,0.18176195116438973,0.16708037260716893,1.800011102784023,0.1599987220038979,0.10000021182446531,0.3,0.17000235793444943,0.2686132335556286,0.10385456839515603,1.9242606047777917,0.009999686082914063,0.18000252812539502,0.060000442424041324,1.4300105851005585,0.37000094396022776,1.181729828665617,0.8526150305504794,2.7700113151074937,0.919997894219633,0.7799763433592429,2.6600357703398183,0,0.14000104765064342,0.6000104286161226,0.8799844876357331,1.6187248186189953,0.001662477189502257,0.026929456674506424,8.203282365473e-4,0.03222849149297888,0.04791453753900279,0,0,0,0.03428209169689015,0.01,0.005078272050635159,0,0.004422576099907576,0.09999999999999999,0.23000162905400487,0.31223010305008553,0.369999659179987,0.2599985212022626,0.040000231034920924,0.6200065354137734,0.05,0.029999676553352526,0.060000469946896,0.13,0.39000408163265304,0.1400024792363952,0.1105291054674448,0.08000131759125495,0.13000211203737064,0.19000434834901514,0.1100005306178006,0.2535255730340779,0.09770248951636144,0.24309320287061445,0.6499968398432562,0.028316228389261577,0,0,0.5600013144028034,1.15435401172943,0.3599975747531806,0.17999893865421354,0.21999966619934577,0.2,0.45999215070643645,0.53000774250636,0.3099925613687082,0.5153879296569214,0.26000008678072334
BWA,0.20088356969177892,0.2149990975272246,0.4787569614290095,0.1453877363545893,0.20000598372426998,0.5399756669853132,0.13509003935662672,0.13519508369339042,1.422406781870935,0.4283240223463687,0.1064978588717185,0.27332863484056036,0.152737808511493,0.2014673713826656,0.10385456839515603,1.9242606047777917,0.0059999943212793025,0.1800015831273802,0.0899990875079843,0.7397647271535602,1.2700063874441099,2.8690110591515023,0.7682574574785587,2.315539739027283,0.43649511816771597,0.7896967957991765,4.797605731011693,0,0.16727030251982872,5.824777527379497,0.8799912402365136,1.6187248186189953,0.001662477189502257,0.026929456674506424,8.203282365473e-4,0.03222849149297888,0.04791453753900279,0,0,0,0.03428209169689015,0.009999999999999998,0.005078272050635159,0,0.004422576099907576,0.1296761468044574,0.2509183345670908,0.27282353049912694,0.3099989665150889,0.21429459512264437,0.2,0.6200101285054124,0.07000052806674764,0.07505668713148736,0.05999976625137327,0.20400449867084725,0.23999759340593227,0.2099970405445398,0.1282079235944739,0.05000040033628248,0.09999999999999999,0.10800263306375776,0.10857139665054132,0.6138561384841569,0.12779572850428053,0.16999955122739308,0.6699972625239529,0.028316228389261577,0,0,0.5599959118404492,1.2078330771058678,0.4399928520371694,1.7700028815675728,0.28,0.5199879090153404,7.704900082124281,0.46404635559735957,1.1199579958673727,0.5153879296569214,0.26000008678072334
CAF,0.20088170428195642,0.214996962860118,0.4787569614290095,0.14538823662866543,0.24002192568098055,0.5307296293955717,0.13509279847699884,0.13519415323687245,1.232832177452862,0.42833326063126964,0.10650269541778974,0.2713618516857786,0.15444596704428123,0.3332129073047526,0.10385456839515603,1.9242606047777917,0.006000041243066009,0.18000146001387013,0.09000062751004016,1.2784041683529075,1.270009559398627,2.910003515849078,0.7147247792260047,2.126709522557208,0.5284587325648081,0.7896967957991765,4.797605731011693,0,0.13734588282454427,9.829993031821349,0.8432426551161574,1,0.001662477189502257,0.026929456674506424,8.203282365473e-4,0.03222849149297888,0.04791453753900279,0,0,0,0.03428209169689015,0.01,0.005078272050635159,0,0.004422576099907576,0.12968122786304603,0.2907669820403571,0.19344194245710183,0.3099991170403192,0.214288533649102,0.20000000000000004,0.5996294408748002,0.06999922930805463,0.0733331849741855,0.05470689667714582,0.20400177752830012,0.3725427300233619,0.11780470985411481,0.16468296646837421,0.050000162232843065,0.10000261809803904,0.10799896750509078,0.10857238158772516,0.5186575737321413,0.12663614927614505,0.24309320287061445,0.6468606685778009,0.028316228389261577,0,0,0.5640938005919772,1.1999986739247186,0.440003425317377,0.5551657198486587,0.2800016226686815,0.5200008463727638,1.4202972355247463,0.46404635559735957,1.1199579958673727,0.5153879296569214,0.26000008678072334
CAN,0.15239898814451033,0.06999838860179353,0.3299961761740884,0.02596643502870688,0.23999895713838776,0.5399937428303264,0.18176195116438973,0.16708037260716893,1.7879393863355673,0.16000637302472445,0.09999981370428536,0.29999666488794025,0.152737808511493,0.11999450197012738,0.10385456839515603,1.9242606047777917,0.009999989267864445,0.1799993601160323,0.060000000000000005,1.4300187617260787,0.37000852403121104,0.39052181519974816,1.1568277429814395,2.7699635004006056,0.9199967675461636,0.7896967957991765,2.6600357703398183,0,0.1399988946001216,0.6,0.88,1.6649508656995788,0.001662477189502257,0.026929456674506424,8.203282365473e-4,0.03222849149297888,0.04791453753900279,0,0,0,0.03428209169689015,0.01,0.005078272050635159,0,0.004422576099907576,0.09999962053080153,0.23000025085919273,0.3002336269960244,0.3700004011714205,0.26000521444400987,0.04000059626736629,0.6200101285054124,0.05000039632527208,0.07505668713148736,0.05999923480123962,0.1299998409593333,0.38999502639220907,0.13999861684225087,0.1117144323683506,0.08000103863730786,0.12999906384572177,0.18999969413707837,0.1099997049364138,0.06902202101104708,0.08999971138582905,0.23999468862036913,0.6499987682807663,0.028316228389261577,0,0,0.5600004159113832,1.1300000414296545,0.35998383185125304,0.17999962479363651,0.22000109012618213,0.19999999999999998,0.4600107353730542,0.5300022121446742,0.3099939961380564,0.5153879296569214,0.26000008678072334
CHE,0.1523985085338623,0.07000007525756903,0.33000630857966834,0.025966474398461854,0.24000162223544044,0.5399882135999848,0.13313463242450213,0.16708037260716893,0.5448535380289935,0.4090233397379857,0.10000034970048152,0.3000056328507858,0.152737808511493,0.30076633186503343,0.10385456839515603,1.9242606047777917,0.00999999318011786,0.17999736460666754,0.060001006897246134,1.430000146000321,0.36999835336736375,0.7007765283720392,1.2663423743090914,2.770047169811321,0.9199558611323319,0.7896967957991765,4.797605731011693,0,0.1400022709208584,0.6,0.880012936610608,1.6649976602714085,0.001662477189502257,0.026929456674506424,8.203282365473e-4,0.03222849149297888,0.04791453753900279,0,0,0,0.03428209169689015,0.01,0.005078272050635159,0,0.004422576099907576,0.09999917503320492,0.23000180245133384,0.34714012872002464,0.37000005198576974,0.26000487814030276,0.04000049724031625,0.6200007849601632,0.050000288036684354,0.07505668713148736,0.05999945853750981,0.1299986269865788,0.39000647928172527,0.13999831538753105,0.11734367969163609,0.07999892261373906,0.12999969712572312,0.1899994501037929,0.11000038924412331,0.07889450704629086,0.09426107743002478,0.2399992252466298,0.6500003850211377,0.028316228389261577,0,0,0.5600031612135733,1.1322339183853354,0.35999519245214984,0.17999865972703105,0.21999950508524907,0.19999746495297488,0.45999706040860316,0.5300077425063598,0.3100105795899694,0.5153879296569214,0.26000008678072334
CHL,0.3227774152596656,0.10210143047566222,0.5399915361828184,0.1692594453964352,0.27000098648515336,0.5500052143080613,0.18176195116438973,0.16708037260716893,1.0663258438341843,0.28000955960631807,0.07000021674577887,0.3400038996490316,0.152737808511493,0.2686132335556286,0.10385456839515603,1.9242606047777917,0.450000161076766,0.7246039299109892,0.26000104286161224,1.3150076396355612,0.649995654818806,0.8918898447868047,2.5223265140425783,2.2599523067938483,0.6599835492494345,0.7896967957991765,4.797605731011693,0,0.23999361888809123,7.270006387444109,0.35999093792478476,1.6187248186189953,0.001662477189502257,0.026929456674506424,8.203282365473e-4,0.03222849149297888,0.04791453753900279,0,0,0,0.03428209169689015,0.01,0.005078272050635159,0,0.01,0.08999741607480813,0.32000097817960776,0.3235015286499699,0.2689980514818993,0.300001846960826,0.2099924247641347,0.6599989534001413,0.07999749313460727,0.07505668713148736,0.09000051277031153,0.17999935813087714,0.3725427300233619,0.1299969857955616,0.16228425410478034,0.07259864882869241,0.07999691071980229,0.1200006925875814,0.12000019041604319,0.14074338980139098,0.11648967375473233,0.21999682337992374,0.9499939165348582,0.028316228389261577,0,0,0.5400815802693906,1.0635359489021465,0.2299938458926639,0.26000904529106456,0.2599947081280633,0.14999471011426152,0.5900052837954336,0.25,0.9100033909799934,0.5899789846255945,0.26000008678072334
CHN,0.310378575809837,0.13000015200655562,1.1300053676865272,0.11761244592385371,0.2400007300069351,0.27000033181803096,0.23725153941160265,0.07758390845278122,0.38236968238309144,0.8799952510981836,0.08000014167884711,0.22999908944797254,0.152737808511493,0.3583478232034284,0.11999646060766941,0.01,0.05999847234952642,0.6100142681753326,0.050000730001606,1.5599805337010302,0.9700026546323335,0.5677335837948464,0.34058838353116583,2.0000093112470556,0.23499936411039044,0.7896967957991765,4.797605731011693,0,0.019999787297400776,6.199995133346311,0.8432426551161574,1.6187248186189953,0.01,0.12000331821701138,0.02,0.09000110607233712,0.16999781005912842,0,0,0,0.09000107353730541,0.01,0.019999999999999997,0,0.02999954375399215,0.09999986463089583,0.24000035549025067,0.43964196122338267,0.3500013702571973,1.0099735859367882,0.0500017658484902,0.5599983299003507,0.06999991423891323,0.07505668713148736,0.04000000000000001,0.11999866229683631,0.38999933150611676,0.05,0.09273270051888097,0.2300053533190578,1.3499879740238916,0.06000016013707734,0.09000225204339819,0.23771042517559127,0.10234474907215217,0.35000567214974476,0.14000073000693505,0.0899983492599182,0,0,0.5464890649634151,1.1167648932387997,0.5000027417241057,0.550012675699276,0.5399950508831081,0.5399905959797814,1.2600141425065512,0.43998771079401927,1.310005681706863,0.5300053676865272,0.2600000854799485
CIV,0.2008839774049814,0.21500010461783106,0.4787569614290095,0.18308944812829975,0.24002192568098055,0.5399823584876965,0.13509463421025336,0.13519354970569,1.4599637681159419,0.4283332534891575,0.10650107892199623,0.27333708843258747,0.15444598616451277,0.3176643506568343,0.08000092172269972,1.9242606047777917,0.0059998171344975764,0.18,0.0899990875079843,0.7397831707476047,1.270045017642049,2.899088215640324,0.5945695705244629,2.315539739027283,0.4365031084469635,0.7896967957991765,4.797605731011693,0,0.16727474619289343,9.830013557200958,0.8800233602219221,1,0.001662477189502257,0.026929456674506424,8.203282365473e-4,0.03222849149297888,0.04791453753900279,0,0,0,0.03428209169689015,0.01,0.005078272050635159,0,0.004422576099907576,0.1296778431077734,0.2907669820403571,0.40325843009145496,0.31000479846449136,0.3861792713453364,0.2,0.6199908925318761,0.07,0.07333360341381732,0.05999924104432301,0.20400039542623652,0.24000387822377353,0.21000307037511515,0.1674034517283532,0.04999999999999999,0.1,0.10800442058730661,0.10856987597493926,0.5935416676107155,0.11826952176637341,0.24309320287061445,0.6700003650034675,0.028316228389261577,0,0,0.5599942954005095,1.2006787609501655,0.4400097943192948,1.7699965071603214,0.2799993003078645,0.5199985638374264,7.7049084591351065,0.46404635559735957,1.1199579958673727,0.5153879296569214,0.26000008678072334
CMR,0.2008855262677744,0.21500029558064707,0.80001520796897585,0.14538832195853704,0.24002192568098055,0.5307296293955717,0.13509249520509806,0.13519573158454856,1.232832177452862,0.42833336951285583,0.10649879180974184,0.2733343693430718,0.15444654820013085,0.33007308352873693,0.07999872684448406,1.9242606047777917,0.005999867652539156,0.18000132727212395,0.0899990875079843,0.7397661255395092,1.2699467114387912,0.8017064758240496,0.9427759389148609,2.3155816179990425,0.43649785884300407,0.7896967957991765,4.797605731011693,0,0.13734588282454427,9.829694924591971,0.8800233602219221,1,0.001662477189502257,0.026929456674506424,8.203282365473e-4,0.03222849149297888,0.04791453753900279,0,0,0,0.03428209169689015,0.01,0.005078272050635159,0,0.004422576099907576,0.12967931066454294,0.25091626528864114,0.2514081912111172,0.3100030553009472,0.3861792713453364,0.19999311342194065,0.6200082419199748,0.0700006303929149,0.07333298239729306,0.05999928431699986,0.20400261039808568,0.24000267397553315,0.20999334244367357,0.21651912718586017,0.05,0.09999999999999999,0.10799824407374892,0.10856989359121,0.6465809971374049,0.11862797847809377,0.24309320287061445,0.6700003650034675,0.028316228389261577,0,0,0.5600008756854976,1.2982518097179496,0.44000189156598013,1.7699685771917066,0.27999999999999997,0.5200008201258893,7.705080299918339,0.46404635559735957,1.1199579958673727,0.5153879296569214,0.26000008678072334
COG,0.2008841703179418,0.21499915073369225,0.8000037628642923,0.14538877856098464,0.24002192568098055,0.5399937428303264,0.18176195116438973,0.16708037260716893,1.232832177452862,0.42833331744580855,0.10650147371307149,0.2733356641319232,0.15445367763203077,0.2086824834428776,0.07999831280580394,1.9242606047777917,0.005999940562548461,0.18000250938166557,0.07052576522350291,0.7397644709204229,1.2700214707461084,1.3506328905366187,0.7147247792260047,2.126709522557208,0.4364942146562043,0.7896967957991765,4.797605731011693,0,0.16727443930833763,9.830013557200958,0.8432426551161574,1,0.001662477189502257,0.026929456674506424,8.203282365473e-4,0.03222849149297888,0.04791453753900279,0,0,0,0.03428209169689015,0.009999999999999998,0.005078272050635159,0,0.004422576099907576,0.12968386447034855,0.2509188790358944,0.4585844749028342,0.31000769662804484,0.21428816982510418,0.20000559910414334,0.6200007849601632,0.07000008729278874,0.0733341904792517,0.06000057936588404,0.20399384378607155,0.3725427300233619,0.20999922706309743,0.20222986308234134,0.05,0.10000000000000002,0.10800082270670507,0.10857253484770263,0.6499775628649507,0.11147273175028782,0.24309320287061445,0.6699922133540978,0.028316228389261577,0,0,0.5600011821728337,1.2039696909388333,0.44000085203369793,1.7700002339892833,0.27999875021480686,0.5199989204361438,7.704900082124281,0.5300016590779214,1.3199828711050656,0.5153879296569214,0.26000008678072334
COL,0.3227767019881671,0.1020996873147738,0.5399889041375887,0.1692607719279814,0.24002192568098055,0.550004866653689,0.18176195116438973,0.16708037260716893,1.2819891590013142,0.2800000510004373,0.06999962673501564,0.2713618516857786,0.10000326979040643,0.22001103584753096,0.10385456839515603,0.6500004570119341,0.44999988044541256,0.7245735944409349,0.2599963500319372,1.3149972544332829,0.649990266692622,0.7478725580302257,1.747810404763394,2.2599949070537306,0.6599959724110154,0.7896967957991765,4.797605731011693,0,0.24000062117588597,5.824777527379497,0.3599963500319372,1.6187248186189953,0.001662477189502257,0.026929456674506424,8.203282365473e-4,0.03222849149297888,0.04791453753900279,0,0,0,0.03428209169689015,0.01,0.005078272050635159,0,0.004422576099907576,0.08999868075812432,0.3199985923299578,0.3754787946027642,0.26899960074671153,0.2999976149020917,0.0794054249481111,0.6599997896146793,0.07999946654575035,0.08000004055203484,0.08999856943600014,0.18000419753278352,0.3725427300233619,0.12999784343325427,0.18297550023248557,0.07260085452911806,0.07999919408458082,0.12000044726219626,0.1200009621629423,0.19957377898631046,0.10442921801103716,0.2200117420112388,0.9499954375399214,0.028316228389261577,0,0,0.5400009952876955,1.0599950586056643,0.23000549009671012,0.2600068610634648,0.25999206406464176,0.15,0.5899978661515481,0.24999308723904326,0.9100058188743122,0.5153879296569214,0.26000008678072334
CPV,0.2008838059426147,0.2150004119891057,0.4787569614290095,0.1830901969129162,0.20000365003467532,0.5400038933229512,0.18176195116438973,0.16708037260716893,1.4360370869464452,0.4283322418064296,0.10650085887789418,0.2733351419497949,0.152737808511493,0.6377084366668979,0.10385456839515603,1.9242606047777917,0.006000049683974434,0.1799985779294653,0.08999927001970946,0.7397659109866698,1.2699661075866862,2.7435482714739585,0.7147247792260047,2.315581998028981,0.4365002683843264,0.7896967957991765,4.797605731011693,0,0.16727256098955118,5.824777527379497,0.8800060833417824,1,0.001662477189502257,0.026929456674506424,8.203282365473e-4,0.03222849149297888,0.04791453753900279,0,0,0,0.03428209169689015,0.009999999999999998,0.005078272050635159,0,0.004422576099907576,0.12967957015759518,0.25091559246762984,0.3128504488804776,0.31000144938993857,0.2142857142857143,0.200008608815427,0.6200167014613779,0.07000155539809551,0.07505668713148736,0.059999209022891596,0.20400048935649623,0.23999759340593227,0.2099979560253453,0.172171027746813,0.05,0.1,0.1080007601226519,0.10857182889238153,0.2535255730340779,0.10712378380037445,0.24309320287061445,0.6700033182170114,0.028316228389261577,0,0,0.5599996353480243,1.2795976618693328,0.4399974534728264,1.7699868728588353,0.2799991952600819,0.5199945899643839,7.704826520096187,0.5299910664908325,1.3199437970080172,0.5153879296569214,0.26000008678072334
CRI,0.322777722319561,0.10210019092644787,0.5400043273346441,0.0899996146826912,0.24002192568098055,0.5500027443877271,0.18176195116438973,0.16708037260716893,1.282023051780492,0.27999883739518394,0.07000074695043122,0.34000811112237656,0.09999999999999999,0.25000651703553084,0.10385456839515603,0.649995067574233,0.45000039109692735,0.7245994215141637,0.25999737199421835,1.315003053301928,0.6499981749826623,1.0414355062413316,0.9652566015028957,2.2600143346340684,0.660037759597231,1.0500193124758594,4.797605731011693,0,0.24000161982667853,5.824777527379497,0.36000292002774026,1.6187248186189953,0.001662477189502257,0.026929456674506424,8.203282365473e-4,0.03222849149297888,0.04791453753900279,0,0,0,0.03428209169689015,0.01,0.005078272050635159,0,0.004422576099907576,0.09000034025239564,0.3199998008682146,0.29571791387477736,0.2690035447026388,0.2999982472130688,0.20999582114500626,0.6599996980995366,0.07999953443981471,0.0800009186708364,0.09000007552242639,0.17999943506268573,0.3725427300233619,0.12999948267834663,0.2871431522877765,0.0726007448087986,0.07999953659723348,0.11999863831332412,0.11999999999999998,0.2535255730340779,0.11231879636264618,0.21999943861224946,0.6468606685778009,0.028316228389261577,0,0,0.5491562895522122,1.0598358294155774,0.2300046113644515,0.2600070568863449,0.26000053795255257,0.14999636019509355,0.5900039518749451,0.25000445990545,0.9099906151352274,0.5153879296569214,0.26000008678072334
CUB,0.3227771980986525,0.10210019749563606,0.4787569614290095,0.16926065713291188,0.24002192568098055,0.5307296293955717,0.18176195116438973,0.16708037260716893,1.232832177452862,0.28000052307215223,0.07000019650097268,0.3400000932740111,0.09999980036772264,0.24999879239304226,0.10385456839515603,1.9242606047777917,0.4500004560872664,0.7245960677438193,0.2600039308176101,1.3149998713140243,0.7182802579078594,1.2323816222521735,0.7147247792260047,2.25999518539483,0.6600020277805941,0.7896967957991765,4.797605731011693,0,0.23999463159307477,5.824777527379497,0.3599963500319372,1.6187248186189953,0.001662477189502257,0.026929456674506424,8.203282365473e-4,0.03222849149297888,0.04791453753900279,0,0,0,0.03428209169689015,0.009999999999999998,0.005078272050635159,0,0.01,0.09000022458881532,0.32000084785281274,0.6497937122636364,0.2690016469846165,0.3000093484154435,0.2100057892705519,0.660007101874521,0.0800011573404317,0.07999956266468408,0.08999966203656765,0.18000279290601873,0.3725427300233619,0.130000961466557,0.2537732749009894,0.07260050668660188,0.08000072976720425,0.12000120253735383,0.11999946289439496,0.05999956903053419,0.11378559634142212,0.21999403925575853,0.6468606685778009,0.028316228389261577,0,0,0.5416555615116438,1.0625404414209398,0.2299963668791492,0.2599982535801607,0.2600014221716561,0.1500033909799932,0.5899877055478715,0.2499965435717347,0.9100084638171815,0.5153879296569214,0.26000008678072334
CYP,0.1523985757842882,0.06999971595347318,0.3300005214308061,0.025966063657403136,0.23999452504790583,0.5399883203153515,0.18176195116438973,0.16708037260716893,0.6915530386085431,0.4090233397379857,0.10000020482611287,0.29999324073135286,0.152737808511493,0.4253017409199622,0.10385456839515603,1.9242606047777917,0.009999952473967615,0.17999943574950097,0.06,1.4299969862371498,0.3699971434919224,0.6553596813081457,1.400665565009142,2.7699607628433247,0.920012547051443,0.7800371768151861,4.797605731011693,0,0.1400008774046371,0.5999826192752238,0.8800045506688534,1.6187248186189953,0.001662477189502257,0.026929456674506424,8.203282365473e-4,0.03222849149297888,0.04791453753900279,0,0,0,0.03428209169689015,0.009999999999999998,0.005078272050635159,0,0.004422576099907576,0.09999936890334334,0.23000046143907465,0.21635227791366554,0.3700001461838701,0.2600007364118857,0.0399995845062376,0.6200057562992229,0.050000336666330004,0.029999064108563407,0.05999848220384002,0.12999615236629472,0.390008022105357,0.13999767432846236,0.14132161945014068,0.07999981528344755,0.13000266522228815,0.1900003887873722,0.11000086587583341,0.11055873521414955,0.09530304032397562,0.23999807840122983,0.6468606685778009,0.028316228389261577,0,0,0.5600013009117223,1.2882656467363331,0.36000635186441654,0.18000260778859525,0.22000320237558044,0.1999948807863112,0.4600020277805942,0.5299977320702709,0.31000692738837454,0.5299971184324274,0.26000008678072334
CZE,0.15239890898114467,0.06999983484177842,0.33000101389029707,0.10595854929206792,0.2399986239400038,0.5400115263933062,0.18176195116438973,0.16708037260716893,0.3663982782610242,0.4090233397379857,0.09999977938954144,0.2713618516857786,0.152737808511493,0.2686132335556286,0.10385456839515603,1.9242606047777917,0.010000010977442454,0.18000110050348034,0.06,1.4300161030595813,0.3700079600830955,0.9895728203365657,1.0123637996797583,2.770044543429844,0.9199960540593863,0.7896967957991765,4.797605731011693,0,0.14,5.824777527379497,0.8799911514213029,1.664993406219424,0.001662477189502257,0.026929456674506424,8.203282365473e-4,0.03222849149297888,0.04791453753900279,0,0,0,0.03428209169689015,0.01,0.005078272050635159,0,0.004422576099907576,0.0999984829866958,0.23000173074314367,0.3133243216909984,0.37000139842282226,0.26000919424941493,0.04000233453951208,0.6199986917558816,0.05,0.029999568053215846,0.05999958826839411,0.13000163585800753,0.3900011460004584,0.14000034174208728,0.11925227686251577,0.08,0.1299987024782665,0.19000043119082224,0.10999890357434762,0.12926985076747752,0.09567920656978339,0.24000258972311544,0.6500027990819012,0.028316228389261577,0,0,0.559999209275202,1.1338727834670859,0.35998965411836625,0.1800009557488292,0.22,0.2,0.4599963500319372,0.5300022121446742,0.31000846381718156,0.5300097335442269,0.26000008678072334
DEU,0.1523987250829198,0.06999927960810681,0.32999878333986726,0.025966778958511832,0.24,0.5400071569153695,0.13313206680424713,0.16708037260716893,0.36648450914571984,0.4090233397379857,0.1,0.2713618516857786,0.152737808511493,0.2686132335556286,0.10385456839515603,1.9242606047777917,0.010000405555517088,0.18000154536189064,0.06,1.4300105851005587,0.370003084515731,1.075951819010992,1.2336135990807406,2.7700463499420627,0.9199836380227179,0.7896967957991765,4.797605731011693,0,0.13999805030220314,5.824777527379497,0.8799883200311465,1.664993406219424,0.001662477189502257,0.026929456674506424,8.203282365473e-4,0.03222849149297888,0.04791453753900279,0,0,0,0.03428209169689015,0.01,0.005078272050635159,0,0.004422576099907576,0.09999957667657244,0.2299980533385244,0.29423530705096684,0.3699992293662822,0.26000293987946493,0.03999907561471621,0.6200019029043078,0.04999972314967082,0.030000561545372863,0.06000083662755433,0.13000041731001963,0.3900091157702826,0.13999866984636725,0.1260587112356384,0.07999788148854318,0.13,0.19000042902803702,0.10999971183309373,0.09413565375180431,0.09028079446566785,0.24000374817611073,0.6500034165451896,0.028316228389261577,0,0,0.5600834601871169,1.1337912014797793,0.35999195413859,0.18000632155650767,0.22000107590510518,0.2,0.4600030629434887,0.5300123367507551,0.30999911835459776,0.5299875903350609,0.26000008678072334
DJI,0.2008841523216751,0.2150001560531369,0.8000146001387013,0.14538560673355563,0.24002192568098055,0.5307296293955717,0.18176195116438973,0.13519580340164164,1.4599979906901979,0.4090233397379857,0.10650076062461095,0.2713618516857786,0.152737808511493,0.2014008348090058,0.10385456839515603,1.9242606047777917,0.005999992798424295,0.17999534052962646,0.09000024333268444,0.739768412661786,1.2699972710320047,0.9338670874254635,0.7147247792260047,2.126709522557208,0.4364995993946408,0.7896967957991765,4.797605731011693,0,0.13734588282454427,9.830270610446822,0.8432426551161574,1,0.001662477189502257,0.026929456674506424,8.203282365473e-4,0.03222849149297888,0.04791453753900279,0,0,0,0.03428209169689015,0.01,0.005078272050635159,0,0.004422576099907576,0.12967853461778814,0.2509155553398294,0.31939648231315637,0.30999509071727754,0.2142844943896982,0.19999311342194065,0.6199930739928432,0.0699998584832232,0.07505668713148736,0.06000202778059414,0.2040046194635567,0.23999545936128353,0.2099995619990364,0.21661808387947978,0.05000039300451955,0.10000345823318868,0.1080001349664271,0.10857592985820948,0.06207620888648478,0.12295480067377879,0.24309320287061445,0.6699832104533178,0.028316228389261577,0,0,0.555712853699887,1.2006179581074985,0.4399966047024871,1.7700065814048631,0.27999562027811237,0.5200096598357828,7.704941966566904,0.46404635559735957,1.3199851883199323,0.5153879296569214,0.26000008678072334
DMA,0.32277702711969114,0.10210085282144236,0.5399984276906145,0.16925948408576041,0.24002192568098055,0.5499905926622766,0.18176195116438973,0.16708037260716893,1.232832177452862,0.2799981621387454,0.0699995931734505,0.34000378631178174,0.09999991789151992,0.2143567790980884,0.11999705492563686,1.9242606047777917,0.4500000468309058,0.7245997566675035,0.07052576522350291,1.3149948568205196,0.6499863126197645,1.3506328905366187,0.7147247792260047,2.2600681348095875,0.6599942368648545,0.7896967957991765,4.797605731011693,0,0.23999923329052542,5.824777527379497,0.3600010428616123,1.6187248186189953,0.001662477189502257,0.026929456674506424,8.203282365473e-4,0.03222849149297888,0.04791453753900279,0,0,0,0.03428209169689015,0.01,0.005078272050635159,0,0.01,0.0899991478087063,0.32000179381581995,0.30788489085339926,0.26900024791438293,0.3000003498668756,0.2099998106022896,0.5996294408748002,0.07999959509252136,0.07999931658589092,0.09000175100682892,0.17999356706336442,0.3725427300233619,0.12999654218533885,0.21041836962807325,0.07259782778153094,0.08000257449958163,0.12,0.12000051986052886,0.2535255730340779,0.1017666708027458,0.24309320287061445,0.9499945249479871,0.028316228389261577,0,0,0.555712853699887,1.0585085007699457,0.229994598348638,0.25999396765736293,0.25999933991704954,0.14999811078364694,0.5899979143009432,0.25,0.9099988362374498,0.5153879296569214,0.26000008678072334
DNK,0.15239878436121837,0.06999676582600144,0.3299936125558901,0.025966347255971755,0.24000044648338525,0.5399991377947664,0.18176195116438973,0.16708037260716893,1.232832177452862,0.4090233397379857,0.09999975552572969,0.2713618516857786,0.152737808511493,0.2686132335556286,0.10385456839515603,1.9242606047777917,0.009999672606064575,0.17999967526668725,0.06,1.4300314465408805,0.36999898610970294,1.1689086688721142,1.6583113624409969,2.7700450176420492,0.9200020857232246,0.7896967957991765,4.797605731011693,0,0.14000090571506202,5.824777527379497,0.880012936610608,1.6187248186189953,0.001662477189502257,0.026929456674506424,8.203282365473e-4,0.03222849149297888,0.04791453753900279,0,0,0,0.03428209169689015,0.01,0.005078272050635159,0,0.004422576099907576,0.09999922418073486,0.23,0.28390180616430105,0.37000093930679157,0.26000050990490275,0.039999637536699405,0.6200014535940113,0.05000045155289039,0.03000073243975683,0.05999880792136255,0.12999891563652136,0.3899878916300893,0.13999954184133964,0.12620147170076598,0.07999947769655476,0.1300009654373431,0.18999874277093287,0.10999993212255048,0.08996041778841633,0.08908286386980517,0.23999852172145536,0.649997632239428,0.028316228389261577,0,0,0.5600014018663108,1.1310478216263287,0.36,0.17999852795053914,0.21999961870990495,0.19999999999999998,0.45998303167420806,0.5300077425063598,0.310006373486297,0.5300097335442269,0.26000008678072334
DOM,0.3227776973375928,0.10210029966312816,0.5400038933229512,0.16925792059637432,0.24002192568098055,0.5499977187352669,0.18176195116438973,0.16708037260716893,1.232832177452862,0.2800012741085222,0.07000058990089665,0.33999546499951416,0.1,0.250003738317757,0.10385456839515603,1.9242606047777917,0.4499996501596438,0.7246057214119508,0.25999826192752234,1.3149980213692123,0.650015642924184,1.0699603087576914,0.40633747833869704,2.126709522557208,0.5284587325648081,0.7896967957991765,4.797605731011693,0,0.23999863869178284,5.824777527379497,0.3599893818230082,1.6187248186189953,0.001662477189502257,0.026929456674506424,8.203282365473e-4,0.03222849149297888,0.04791453753900279,0,0,0,0.03428209169689015,0.01,0.005078272050635159,0,0.01,0.08999987739689079,0.32000166364264954,0.36981936522722164,0.26900010192640916,0.29999333954975355,0.21000000000000002,0.5996294408748002,0.08000052250357588,0.08000020592736169,0.09000030265427802,0.17999820517806128,0.3725427300233619,0.13000096264921063,0.22602713784654807,0.07259757924494004,0.0799995365972335,0.1200017679818487,0.12000081353726001,0.2535255730340779,0.11027548454507877,0.2200054114865923,0.6468606685778009,0.028316228389261577,0,0,0.5400018183860219,1.0595503045969792,0.23000024252419182,0.2600011642798929,0.2600042799058421,0.15000000000000002,0.590005026208085,0.25,0.910001410636197,0.5153879296569214,0.26000008678072334
DZA,0.17342781416336273,0.06999965727602989,0.3300011167919199,0.025966660076193734,0.24002192568098055,0.5307296293955717,0.18176195116438973,0.06769247738804324,1.7972856630313283,0.4090233397379857,0.0999997737135047,0.2713618516857786,0.152737808511493,0.2686132335556286,0.10385456839515603,1.9242606047777917,0.009999931571060033,0.1799932409597837,0.06000104286161226,1.4300003509633943,0.3700009864851534,0.5571792271564024,2.0545238930329184,2.126709522557208,0.9199949461625933,0.7896967957991765,4.797605731011693,0,0.14000360989110164,0.5999939167198953,0.8800041565999013,1.6187248186189953,0.001662477189502257,0.026929456674506424,8.203282365473e-4,0.03222849149297888,0.04791453753900279,0,0,0,0.03428209169689015,0.009999999999999998,0.005078272050635159,0,0.004422576099907576,0.10000017162991785,0.22999983090112788,0.3125554837692363,0.3699999447431385,0.25999693768182514,0.039999770439493584,0.6199986917558816,0.050000487448208626,0.07505668713148736,0.05999981881377378,0.1300004209994527,0.38999935700016186,0.14000029038674677,0.12973186285763677,0.08000078505259853,0.1299988997404682,0.11633068615573187,0.10999642818318761,0.12711531154958428,0.09000019975855038,0.24000058093937898,0.6468606685778009,0.028316228389261577,0,0,0.5599994729778429,1.2345799972715,0.36000565890924524,0.18,0.2199916960763961,0.2,0.46000321200706645,0.5299948844861674,0.31000317393144305,0.5153879296569214,0.26000008678072334
ECU,0.3227769543625009,0.10209981815702887,0.54,0.1692621181247301,0.24002192568098055,0.5500006912856531,0.18176195116438973,0.16708037260716893,0.8000081835292835,0.2800042392769005,0.06999992254646567,0.34000046086134983,0.152737808511493,0.22000065095690666,0.10385456839515603,1.9242606047777917,0.45000030706683614,0.7245838708662408,0.26000104286161224,1.315025636569045,0.649998340909845,0.7770428570839983,0.700047981355816,2.126709522557208,0.6599819553805774,1.0500016898171618,4.797605731011693,0,0.2400022165986294,7.270139066321129,0.3599985400038933,1.6187248186189953,0.001662477189502257,0.026929456674506424,8.203282365473e-4,0.03222849149297888,0.04791453753900279,0,0,0,0.03428209169689015,0.01,0.005078272050635159,0,0.004422576099907576,0.09000082114326605,0.3200052164840897,0.35090071910521214,0.2690001703287344,0.2999897530484681,0.21000315647507817,0.6600080507195331,0.07999995504483996,0.08000034240126004,0.09000030265427801,0.18,0.3725427300233619,0.13000122804863073,0.2374003304564332,0.07259948033748868,0.07999935339253383,0.11999916504894902,0.11999895004856025,0.3345200985688855,0.1129316852601931,0.21999952809041787,0.949995133346311,0.028316228389261577,0,0,0.5418082045626624,1.0623593456891904,0.2300048295745584,0.2599935965089115,0.2599931514667276,0.15,0.5899897307675135,0.24999308723904326,0.9100058188743122,0.5153879296569214,0.26000008678072334
EGY,0.15000006325646828,0.07000035105028703,0.3299979862055077,0.025966344895963868,0.24002192568098055,0.5400226302149871,0.18176195116438973,0.06769169254221828,1.232832177452862,0.1599982619275224,0.09999999999999999,0.3,0.152737808511493,0.42391099030904134,0.009999575137018312,1.9242606047777917,0.010000038166627864,0.17999951973873787,0.06000121669302835,1.4299719887955182,0.3699972625239529,0.9156281290032738,0.8580995799055728,2.76998762179833,0.9200125593626124,0.7896967957991765,4.797605731011693,0,0.1399943847827613,0.6,0.879998208594269,1.6187248186189953,0.001662477189502257,0.026929456674506424,8.203282365473e-4,0.03222849149297888,0.04791453753900279,0,0,0,0.03428209169689015,0.01,0.005078272050635159,0,0.004422576099907576,0.09999987251960331,0.22999958696135334,0.2689575268807631,0.3700004599040333,0.25999500457913577,0.039998622684388134,0.6199895342752486,0.05000117638754911,0.07505668713148736,0.0600005704018481,0.13000397614314116,0.39,0.13999878163930432,0.1660011362865413,0.08000058655039935,0.13000028782776388,0.19000745712155107,0.10999990088313129,0.12679857910125564,0.09000534302389937,0.24000103321795732,0.6500024333268445,0.028316228389261577,0,0,0.5600041339487217,1.4607793134193552,0.36,0.18000222345747638,0.22000407000407002,0.19999598240292482,0.45998933976037637,0.5299810396587139,0.30999773294037636,0.5153879296569214,0.26000008678072334
ESP,0.15239839056199994,0.06999922257638187,0.32999966818196896,0.02596652764166496,0.23999660470248707,0.5399982195317369,0.18176195116438973,0.16708037260716893,1.232832177452862,0.4090233397379857,0.1000000784566633,0.3000015842086086,0.152737808511493,0.2686132335556286,0.10385456839515603,1.9242606047777917,0.010000031223265078,0.17999534052962646,0.06,1.4300040555985696,0.37000385453458456,0.7582805415429944,1.975882888071766,2.770011315107493,0.92000171762281,0.7799842808488341,4.797605731011693,0,0.13999844018093902,0.6000121669302835,0.8800021837637169,1.6649976602714085,0.001662477189502257,0.026929456674506424,8.203282365473e-4,0.03222849149297888,0.04791453753900279,0,0,0,0.03428209169689015,0.010000043169691422,0.005078272050635159,0,0.004422576099907576,0.09999955603503771,0.22999968920196207,0.25032864052130815,0.3700001331079372,0.25999999999999995,0.03999862263696154,0.619999018814237,0.049999999999999996,0.030000358427221353,0.05999965833575346,0.12999891357488186,0.38999933150611676,0.13999999999999999,0.09762420921230068,0.08000059285315521,0.13000034073872155,0.18999976277458838,0.11000055385847639,0.1240549304235298,0.09517723909572938,0.2399954853273138,0.6500052518250092,0.028316228389261577,0,0,0.5603533037800379,1.2385529427751027,0.3599980373556638,0.18000203645249974,0.21999833208239516,0.19999182004089983,0.4600062571696735,0.5299952442421361,0.31000486854917236,0.5300070646414694,0.26000008678072334
EST,0.15239888881849611,0.0699998539996788,0.32999643324218286,0.025966684102522838,0.23999982933952263,0.5399958873123586,0.18176195116438973,0.16708037260716893,1.232832177452862,0.4090233397379857,0.09999999999999999,0.3,0.152737808511493,0.2686132335556286,0.10385456839515603,1.9242606047777917,0.009999946433832391,0.17999966436758463,0.060001042861612265,1.4299583911234397,0.37000117471345384,1.3506328905366187,0.9537719548060697,2.769977613393031,0.9200040555611884,0.7896967957991765,4.797605731011693,0,0.140001559819061,5.824777527379497,0.8799668187474077,1.6187248186189953,0.001662477189502257,0.026929456674506424,8.203282365473e-4,0.03222849149297888,0.04791453753900279,0,0,0,0.03428209169689015,0.01,0.005078272050635159,0,0.004422576099907576,0.10000064728131061,0.2299986782884531,0.3851428633282969,0.37000006513512285,0.25999766636848043,0.039999263433138144,0.619999018814237,0.049999670721186454,0.029999298097845156,0.06000052456608549,0.12999627683779424,0.3899985961534605,0.14000358160844067,0.11936705246009642,0.08,0.12999810856818614,0.18999951631130202,0.1100003889688436,0.2535255730340779,0.09072034353965373,0.24000575208513084,0.6500022310472535,0.028316228389261577,0,0,0.5601574565042243,1.13024162943207,0.3599934199703899,0.17999790334416604,0.220001349770539,0.20000317389786396,0.45999377707570427,0.5299981565774734,0.3100032833533982,0.5153879296569214,0.26000008678072334
ETH,0.20088292753059375,0.2149997517008492,0.7999984781114378,0.14538798921299065,0.24002192568098055,0.5399834722126575,0.13508934604160378,0.13519513513772136,1.460000159972698,0.4090233397379857,0.1064990803188228,0.2733329457589675,0.15444584913611462,0.20139955187544184,0.10385456839515603,1.9242606047777917,0.005999975666731555,0.17999854003941892,0.08999585234342597,0.7397601902622712,1.2700092238766634,1.5143652731664148,1.583365584254549,2.3155316492171742,0.4365002115954295,0.7896967957991765,4.797605731011693,0,0.13734588282454427,9.829911488274478,0.8432426551161574,1,0.001662477189502257,0.026929456674506424,8.203282365473e-4,0.03222849149297888,0.04791453753900279,0,0,0,0.03428209169689015,0.010000007080109508,0.005078272050635159,0,0.004422576099907576,0.12967687866654248,0.25091291259195925,0.30073899849830293,0.30999545661063155,0.21428904973149662,0.19999735966626184,0.6199934340118187,0.0699996973640408,0.07505668713148736,0.05999922257638187,0.20400065854461638,0.24000123023928155,0.21,0.1669808934610434,0.04999929259631301,0.09999999999999999,0.10799896750509076,0.10857307249712314,0.6499942420636443,0.12183036454995312,0.17000228169105902,0.6468606685778009,0.028316228389261577,0,0,0.559994689266787,1.215394858719238,0.440004074426185,0.5551657198486587,0.28000494926998265,0.6230601607663449,1.4202972355247463,0.46404635559735957,1.1199579958673727,0.5153879296569214,0.26000008678072334
FIN,0.15239848589937768,0.06999951333463111,0.33000322522281567,0.10595854929206792,0.24000116584870426,0.5399991056656084,0.18176195116438973,0.16708037260716893,0.32034725052900276,0.4090233397379857,0.09999978114218973,0.3000015842086086,0.152737808511493,0.2686132335556286,0.10385456839515603,1.9242606047777917,0.01,0.18000162739605008,0.05999797228793511,1.429984487635733,0.36999769820130873,1.3506328905366187,0.9043902854223088,2.7699102124242647,0.9200184273007549,0.7896967957991765,4.797605731011693,0,0.13999929807321096,0.6000091249201569,0.8800322061191627,1.6187248186189953,0.001662477189502257,0.026929456674506424,8.203282365473e-4,0.03222849149297888,0.04791453753900279,0,0,0,0.03428209169689015,0.009999999999999998,0.005078272050635159,0,0.004422576099907576,0.10000085681359591,0.2299994377916456,0.27104745018914445,0.3700004599040333,0.26,0.03999977043949359,0.6200027067262147,0.05000023052204021,0.030000719942404608,0.059999575149051874,0.12999908441677346,0.390008022105357,0.1399998312136582,0.12087556363516955,0.07999918298706737,0.13000159795461808,0.18999934010822225,0.11000120199151013,0.09747992150161122,0.09000754322655853,0.24000232504068822,0.6499962092083744,0.028316228389261577,0,0,0.5599973170568113,1.1313232999229201,0.3599984920739638,0.17999864236500016,0.2200015894859686,0.20000495933346557,0.4599962723658052,0.5300022121446742,0.30999935880995133,0.5300215352045844,0.26000008678072334
FJI,0.15239887711795733,0.06999966057517511,0.3299936125558901,0.025967249330543424,0.2400048667721134,0.5399937428303264,0.18176195116438973,0.16708037260716893,1.7983834738378448,0.16000055050508843,0.09999963870352371,0.3000005247883791,0.1699975674395381,0.42999992048507635,0.10385456839515603,1.9242606047777917,0.010000320010240328,0.17999320940497412,0.060000000000000005,1.4300161030595813,0.37000108819848737,1.2353365914597447,0.7147247792260047,2.770064436426937,0.9199854002757725,0.7896967957991765,4.797605731011693,0,0.13999955362622893,0.5999926999306494,0.8799890500958115,1.6649335644136336,0.001662477189502257,0.026929456674506424,8.203282365473e-4,0.03222849149297888,0.04791453753900279,0,0,0,0.03428209169689015,0.01,0.005078272050635159,0,0.004422576099907576,0.10000126527823468,0.2300008462779819,0.4830808472105905,0.3699989604372104,0.3861792713453364,0.04000088458391384,0.6199953892261585,0.05,0.07505668713148736,0.060000122396773624,0.13000385006466134,0.3899947309876471,0.13999909840869132,0.13742802362903472,0.07999973481483447,0.1300034822361313,0.1900017457665162,0.11000039826357084,0.2535255730340779,0.09140997602863431,0.24000290883234623,0.6500092275514181,0.028316228389261577,0,0,0.5600022907102157,1.1299998735991048,0.3600012126356636,0.18000130242250584,0.22000109535023826,0.2,0.45999152262986864,0.5300119826712139,0.30999666509504475,0.5300010138902971,0.26000008678072334
FRA,0.15239861764225623,0.07000038624454429,0.33000101389029707,0.02596646065635724,0.2399984130762517,0.5399834722126575,0.18176195116438973,0.16708037260716893,0.41653938023874565,0.4090233397379857,0.1000004461556994,0.2713618516857786,0.152737808511493,0.23512954475439624,0.10385456839515603,1.9242606047777917,0.01000005266955647,0.1799938433574224,0.06000125865324103,1.4299912049252417,0.36999301079443964,0.8469805845403652,1.2051212837233318,2.7700450176420492,0.920012514339347,0.7896967957991765,4.797605731011693,0,0.13999573833368847,5.824777527379497,0.8800222903315686,1.6187248186189953,0.001662477189502257,0.026929456674506424,8.203282365473e-4,0.03222849149297888,0.04791453753900279,0,0,0,0.03428209169689015,0.01,0.005078272050635159,0,0.004422576099907576,0.10000019604037647,0.2300025886616619,0.35119544586942525,0.3700005757099738,0.26000050990490275,0.0399994651047726,0.619982058757569,0.05,0.0299989790188371,0.05999903554033853,0.1300008322006158,0.3900056625141563,0.13999704054453982,0.10882623432778121,0.07999888266170298,0.13000056170308374,0.18999926306390608,0.10999925211278139,0.11680858762796971,0.09509172363968146,0.24000037108677402,0.6500064137697806,0.028316228389261577,0,0,0.5600006264678676,1.1591199081137817,0.3599907188986426,0.17999761701815647,0.2200018982044711,0.19999999999999998,0.4600130747439529,0.5300017596339961,0.3099979706419536,0.5299996523794626,0.26000008678072334
GAB,0.200883859463,0.21500037978,0.585831891006,0.145387704487,0.200004022396,0.539981268936,0.135091952629,0.135194684857,1.42284399157,0.421890163555,0.106499339503,0.273327721206,0.152737808511,0.223826881834,0.103854568395,1.92426060478,0.00600003198257,0.179999787585,0.0835099065012,0.739764571157,1.26997008036,2.38452775658,0.789199570373,2.25260273635,0.436495411539,0.789696795799,4.79760573101,0,0.167272180201,5.82477752738,0.880001216851,1.41248321241,0.0016624771895,0.0269294566745,0.000820328236547,0.032228491493,0.047914537539,0,0,0,0.0342820916969,0.01,0.00507827205064,0,0.00442257609991,0.12967697453,0.250916880526,0.283627035694,0.310001509136,0.214289814147,0.2,0.620004858854,0.0699994772982,0.0750566871315,0.0599994682792,0.204000960887,0.239998510226,0.21000110304,0.163410351026,0.0499995465484,0.0999988429341,0.108001235835,0.108570720101,0.56311229193,0.121064296831,0.169998506187,0.662287869591,0.0283162283893,0,0,0.566111779163,1.20279110326,0.439999117678,1.76998379653,0.28000219428,0.519993365529,7.70496951753,0.508016912253,1.25332415163,0.515387929657,0.260000086781
GBR,0.15239848222606844,0.06999920189417118,0.3300031285848368,0.02596604102311006,0.239996157909903,0.5400033181887794,0.18176195116438973,0.16708037260716893,0.5993599138210551,0.4090233397379857,0.09999975869366402,0.2713618516857786,0.152737808511493,0.2686132335556286,0.10385456839515603,1.9242606047777917,0.009999540703510994,0.1799944907375525,0.06,1.4299890500958117,0.36999327634233026,1.199262628377753,1.008617979770467,2.7699326790493957,0.9199992021860103,0.7896967957991765,4.797605731011693,0,0.14000397324680486,0.5999939167198953,0.8800322061191627,1.6649976602714085,0.001662477189502257,0.026929456674506424,8.203282365473e-4,0.03222849149297888,0.04791453753900279,0,0,0,0.03428209169689015,0.01,0.005078272050635159,0,0.004422576099907576,0.10000035621542484,0.23000157158573,0.29102612817785556,0.3699999353558338,0.26000051984508615,0.03999914183347278,0.6200027067262147,0.04999962577931458,0.030000107987862165,0.0599996736568383,0.12999940852901165,0.38999933150611676,0.1399991955918433,0.11903034305421745,0.08000082354798196,0.1300003960709759,0.19000081668092275,0.11000078434594884,0.13050817806536308,0.09035578702670001,0.24000140044580862,0.6499982890579553,0.028316228389261577,0,0,0.5618934606696594,1.1320722689018252,0.35999181836776434,0.18000590271256472,0.21999927643717665,0.20000661244462076,0.4600111977260003,0.5300123367507551,0.3099981241793284,0.5300215352045844,0.26000008678072334
GEO,0.3246678893840892,0.0700001514531934,0.3300024125827867,0.07000020599655986,0.24000000000000002,0.5399776709034696,0.18176195116438973,0.16708037260716893,1.7191521227640818,0.16000144843568945,0.10000010017841778,0.2713618516857786,0.152737808511493,0.2686132335556286,0.10385456839515603,1.9242606047777917,0.01,0.1799917478655537,0.06000235488048981,1.2784041683529075,0.7182802579078594,1.3506328905366187,1.139862058375938,2.126709522557208,0.9199980789549517,0.7896967957991765,4.797605731011693,0,0.13999929807321096,0.5999926999306494,0.8800057357388673,1.6649976602714085,0.001662477189502257,0.026929456674506424,8.203282365473e-4,0.03222849149297888,0.04791453753900279,0,0,0,0.03428209169689015,0.01,0.005078272050635159,0,0.004422576099907576,0.09999977274844844,0.2300010138902971,0.3281840881613395,0.36999988965273717,0.26000592066311423,0.040000765198760384,0.5996294408748002,0.05000100407655079,0.07505668713148736,0.06,0.12999828237718997,0.38999933150611676,0.14,0.11133328251349094,0.08,0.12999893469692128,0.18999704054453978,0.11,0.2535255730340779,0.09312880820843826,0.24000000000000002,0.6500024333268445,0.028316228389261577,0,0,0.5609418719324801,1.1436717765177686,0.3600113179328604,0.1800015368655627,0.21999861601273266,0.2000029172379591,0.46000321200706645,0.46404635559735957,0.3100061037639878,0.5153879296569214,0.26000008678072334
GHA,0.20088463669645296,0.21500001067251803,0.7999837780841917,0.18309023817894432,0.24002192568098055,0.5399899625878273,0.13509013044996887,0.13519532541986698,1.232832177452862,0.4283332796927846,0.10649883013570427,0.2733350102550211,0.1544460779718449,0.33319681288029224,0.07999876421156697,1.9242606047777917,0.005999867652539156,0.18000239348970798,0.07052576522350291,0.7397816879584036,1.2700295652808702,2.905510192017986,0.43998320033599336,2.315581998028981,0.43649733064735957,0.7896967957991765,4.797605731011693,0,0.16727281543982156,5.824777527379497,0.8432426551161574,1,0.001662477189502257,0.026929456674506424,8.203282365473e-4,0.03222849149297888,0.04791453753900279,0,0,0,0.03428209169689015,0.009999999999999998,0.005078272050635159,0,0.004422576099907576,0.12967887093475147,0.250916553298439,0.3663728376172443,0.3099996368884975,0.21428898332788493,0.19999770442128462,0.5996294408748002,0.06999969004742275,0.07333330195609954,0.06000069922735377,0.20400443043367128,0.3725427300233619,0.2100009733307378,0.19018499717466633,0.05000109110747408,0.1,0.108,0.10857385033114486,0.5163237089260513,0.11964092837129763,0.1699969301088106,0.6700003650034675,0.028316228389261577,0,0,0.5600055193349202,1.2006810546731062,0.44000220478806473,1.769979283068617,0.279999516684942,0.5200015482572429,7.7050787360517266,0.5299810396587139,1.1199579958673727,0.5153879296569214,0.26000008678072334
GIN,0.200883372001798,0.21499986357972856,0.4787569614290095,0.18308771352065517,0.24002192568098055,0.5307296293955717,0.13508871362264196,0.1351914245031386,1.232832177452862,0.4283332239855564,0.10649976602714084,0.2733341147512161,0.15444620971402634,0.33321130945972133,0.10385456839515603,1.9242606047777917,0.0059999292846049865,0.1800020563438207,0.08999895713838774,1.2784041683529075,1.270000331818031,2.909695652895968,0.4399946538358728,2.126709522557208,0.4364980855808474,0.7896967957991765,4.797605731011693,0,0.16726939803158616,9.829911488274478,0.8432426551161574,1.6187248186189953,0.001662477189502257,0.026929456674506424,8.203282365473e-4,0.03222849149297888,0.04791453753900279,0,0,0,0.03428209169689015,0.010000007080109508,0.005078272050635159,0,0.004422576099907576,0.12967765430327644,0.2509181669639779,0.18164210903575342,0.33666265019474134,0.3861792713453364,0.20000765228037956,0.6199987319792781,0.06999886316268142,0.07333282371265037,0.060000000000000005,0.2040040436005626,0.23999679127226056,0.11780470985411481,0.19865394870166855,0.05,0.09999999999999999,0.10799834801762115,0.10857153395050345,0.6500070244450689,0.1246209322674289,0.24309320287061445,0.6468606685778009,0.028316228389261577,0,0,0.5599999999999999,1.2405355309666821,0.4399903907751441,1.7700045378913931,0.2799970540580351,0.5199916477747286,1.4202972355247463,0.46404635559735957,1.1199579958673727,0.5153879296569214,0.26000008678072334
GMB,0.20088431871528076,0.21499995160577418,0.4787569614290095,0.18308958333333333,0.24002192568098055,0.5400226302149871,0.13509266392159833,0.13519439292153104,1.4600164264914508,0.4283361730921305,0.10650117841510819,0.2733279259184156,0.152737808511493,0.2686132335556286,0.10385456839515603,1.9242606047777917,0.006000059280755067,0.1800031285848368,0.07052576522350291,1.2784041683529075,0.7182802579078594,2.8844809761575956,0.7147247792260047,2.315581998028981,0.4365001294330831,0.7896967957991765,4.797605731011693,0,0.1672744182781736,9.82995371916599,0.8800233602219221,1.6187248186189953,0.001662477189502257,0.026929456674506424,8.203282365473e-4,0.03222849149297888,0.04791453753900279,0,0,0,0.03428209169689015,0.01,0.005078272050635159,0,0.004422576099907576,0.1296796230176009,0.2907669820403571,0.38757821019729194,0.30999712450877026,0.3861792713453364,0.0794054249481111,0.5996294408748002,0.09338921350517998,0.07505668713148736,0.060001280710367345,0.15870035534272012,0.24000356538015866,0.11780470985411481,0.20144525725149867,0.049998582083203354,0.1,0.10799950390673448,0.10857218789449206,0.6500098951118148,0.12371722090089626,0.17,0.6700328507117654,0.028316228389261577,0,0,0.5600015766475968,1.2008747155290271,0.44000676361176866,1.7699874355244016,0.2800011509655779,0.5199879253094138,7.705025167551933,0.5299898874984199,1.3199851883199323,0.5153879296569214,0.26000008678072334
GNB,0.20088558230672376,0.2150001496065348,0.4787569614290095,0.18309107451160192,0.24002192568098055,0.5307296293955717,0.1350939993062782,0.13519591414717627,1.460037433793955,0.42833342498031546,0.10650052143220044,0.2713618516857786,0.152737808511493,0.20139950904319856,0.10385456839515603,1.9242606047777917,0.005999967813058242,0.17999828237718996,0.0899990875079843,0.7397345499792617,0.7182802579078594,2.580215684133018,0.44549736117101796,2.126709522557208,0.43650455062571103,0.7896967957991765,4.797605731011693,0,0.16727426408437765,5.824777527379497,0.8432426551161574,1,0.001662477189502257,0.026929456674506424,8.203282365473e-4,0.03222849149297888,0.04791453753900279,0,0,0,0.03428209169689015,0.009999999999999998,0.005078272050635159,0,0.004422576099907576,0.12967812510359,0.25090803752478996,1.1148417813687046,0.3100038462015658,0.21428602754144377,0.0794054249481111,0.5996294408748002,0.06999999999999999,0.07333325671466827,0.060000000000000005,0.20400071569153697,0.3725427300233619,0.11780470985411481,0.08616341541413496,0.05,0.09999999999999999,0.10799780188568572,0.10857190738206296,0.2535255730340779,0.11636430284828646,0.24309320287061445,0.6468606685778009,0.028316228389261577,0,0,0.5599980754426482,1.3027857778013725,0.43999278491623073,1.770034431292577,0.2800044992688688,0.5199873046100135,7.705223199620397,0.5300150829562594,1.1199579958673727,0.5153879296569214,0.26000008678072334
GRC,0.1523987064500607,0.07000049659830163,0.32999585234342593,0.02596660710297074,0.23999297040812187,0.5400006636360619,0.18176195116438973,0.16708037260716893,0.915521304225291,0.4090233397379857,0.09999962781696038,0.2999942392994988,0.152737808511493,0.2686132335556286,0.10385456839515603,1.9242606047777917,0.009999955397165935,0.1800033692722372,0.060000000000000005,1.4300039530899986,0.3700073000312858,0.5979465821060485,1.2635868502571537,2.770011315107493,0.9199922133540978,0.7896967957991765,4.797605731011693,0,0.13999872378440464,0.6,0.8799996870305459,1.6187248186189953,0.001662477189502257,0.026929456674506424,8.203282365473e-4,0.03222849149297888,0.04791453753900279,0,0,0,0.03428209169689015,0.010000049761394115,0.005078272050635159,0,0.004422576099907576,0.0999997958802511,0.23000031168583537,0.260702976059179,0.3700000969678164,0.2600021216003395,0.04,0.6200057562992228,0.05000036841911358,0.07505668713148736,0.06000276909231462,0.1300014313660003,0.3899887694529119,0.1400003019199955,0.08492383498496599,0.07999931150814142,0.12999992736622676,0.19000041487563654,0.11000035131410996,0.11680493860703393,0.09223645137990173,0.2400006787253538,0.649995067574233,0.028316228389261577,0,0,0.560611546486243,1.5740456794671722,0.35998951232302046,0.17999751433694938,0.22000234432997748,0.19999999999999998,0.4600183654729109,0.5300081697634959,0.3100003598546187,0.5299936125558902,0.26000008678072334
GRD,0.15239905335469114,0.0699997658381239,0.3299979028730639,0.02596608941795412,0.24000364996806275,0.5400213840651845,0.18176195116438973,0.16708037260716893,1.232832177452862,0.16000091478754058,0.09999999999999999,0.3,0.17000162846557829,0.12114926249135462,0.10385456839515603,1.9242606047777917,0.009999802862437408,0.17999764516572145,0.07052576522350291,1.4299966541959424,0.3700042263802974,1.2237793934598225,0.7147247792260047,2.770011315107493,0.9200234649980445,0.7896967957991765,4.797605731011693,0,0.14000091809353704,5.824777527379497,0.8432426551161574,1.6187248186189953,0.001662477189502257,0.026929456674506424,8.203282365473e-4,0.03222849149297888,0.04791453753900279,0,0,0,0.03428209169689015,0.009999999999999998,0.005078272050635159,0,0.004422576099907576,0.10000075443798143,0.2300030108390205,0.3634945467160899,0.3699988092402953,0.26000635828962004,0.03999903525455498,0.6199992370100968,0.04999912984459024,0.030000000000000002,0.06000012351931224,0.13000678886625935,0.39000769625448944,0.1399988327472752,0.12220142366077356,0.08000020436106513,0.13000069165859732,0.1899983197269846,0.10999945889623157,0.2535255730340779,0.1017666708027458,0.24309320287061445,0.6499766027140852,0.028316228389261577,0,0,0.5599999999999999,1.1388791720634441,0.3599949070537306,0.18000208193354847,0.21999855287911277,0.20000261014825643,0.4600179694519317,0.5300077425063598,0.31000317393144305,0.5153879296569214,0.26000008678072334
GTM,0.3227779978431114,0.1020979020979021,0.5400038933229512,0.09000002144031766,0.24002192568098055,0.5307296293955717,0.18176195116438973,1.9160015573291802,1.2820150544444715,0.2800039146604032,0.07000024455657818,0.2713618516857786,0.152737808511493,0.2686132335556286,0.10385456839515603,1.9242606047777917,0.4500000350220744,0.7245762711864407,0.2600029200277403,1.3150016241915956,0.6499954375399215,0.6061851391031879,0.8702682643634356,2.2599853999374284,0.6599878336248194,1.0499912130101525,4.797605731011693,0,0.24,7.269975069900693,0.3599963500319372,1.6187248186189953,0.001662477189502257,0.026929456674506424,8.203282365473e-4,0.03222849149297888,0.04791453753900279,0,0,0,0.03428209169689015,0.009999999999999998,0.005078272050635159,0,0.01,0.08999974644387536,0.31999889379001367,0.3302832177534144,0.2689994493936271,0.3000014152679102,0.21000509620814567,0.6599946783742433,0.07999954826760627,0.07999970753392606,0.0900006541220592,0.18000301977955607,0.3725427300233619,0.13,0.22114084600965134,0.07260007370215119,0.07999919408458082,0.12000442943358619,0.11999972254399412,0.07262159759864778,0.11824584778092652,0.21999839563613027,0.9500304162683583,0.028316228389261577,0,0,0.5406388767834376,1.0626732189640662,0.23000318312036744,0.2599990394774757,0.2600002632514183,0.15,0.5899941600155734,0.25000460854978157,0.9100058188743122,0.5153879296569214,0.26000008678072334
GUY,0.3227773794415027,0.1021,0.5399945250479058,0.1692602668966317,0.24002192568098055,0.55001196744854,0.18176195116438973,0.16708037260716893,1.2819546726037563,0.279997003296374,0.0700002705847336,0.2713618516857786,0.1,0.21701865124330036,0.10385456839515603,1.9242606047777917,0.4499996304598241,0.7245991685139189,0.25999933636393796,1.3149941600155732,0.6499996075260799,1.272562195459853,1.4313019605178878,2.260037486435829,0.6599899106798421,1.0499493071983776,4.797605731011693,0,0.23999929328086783,5.824777527379497,0.36000292002774026,1.6187248186189953,0.001662477189502257,0.026929456674506424,8.203282365473e-4,0.03222849149297888,0.04791453753900279,0,0,0,0.03428209169689015,0.009999999999999998,0.005078272050635159,0,0.009999999999999998,0.08999968005801615,0.32,0.34195562186345174,0.26899918382432203,0.3,0.21000519525500042,0.6599919903884661,0.08,0.08000040759346627,0.09000070072174339,0.18000000000000002,0.3725427300233619,0.1299994069505397,0.16775121234875723,0.07259880485240183,0.08000264807132138,0.11999844269102991,0.11999941470837844,0.2535255730340779,0.10880398905408073,0.24309320287061445,0.6468606685778009,0.028316228389261577,0,0,0.5399890064587055,1.0583285140332928,0.22998863205759762,0.2600010555203715,0.2600037332337804,0.14999791920023306,0.5899927483683829,0.46404635559735957,1.1199579958673727,0.5153879296569214,0.26000008678072334
HND,0.32277776464602104,0.10209903937593892,0.5399945250479058,0.0899999814673761,0.24002192568098055,0.5499759345419541,0.18176195116438973,1.9159869235408002,1.28199529727914,0.2800084945112389,0.0700001007587131,0.33999797221940586,0.152737808511493,0.22042275535266828,0.10385456839515603,0.6499981749826623,0.45000031527640283,0.7246018362375867,0.2599963500319372,1.3149972032032173,0.7182802579078594,1.3506328905366187,0.5465812817524466,2.2599523067938483,0.6600123539982031,1.0499960570932891,4.797605731011693,0,0.23999897530484682,5.824777527379497,0.3600010428616123,1.6187248186189953,0.001662477189502257,0.026929456674506424,8.203282365473e-4,0.03222849149297888,0.04791453753900279,0,0,0,0.03428209169689015,0.01,0.005078272050635159,0,0.004422576099907576,0.09000070440918716,0.3200062006691555,0.33855778098921,0.2690005161237515,0.30000000000000004,0.20999242476413468,0.6599947671376244,0.07999956998148232,0.07999767718707354,0.09000102933607823,0.18000000000000002,0.3725427300233619,0.13000398194850016,0.2764497925482896,0.07259977929004965,0.08000092681269115,0.12000198137507431,0.11999929215889012,0.2535255730340779,0.10683311407519024,0.21999806439125102,0.949994524947987,0.028316228389261577,0,0,0.5400187164772011,1.0579707722374805,0.22999380421313503,0.5551657198486587,0.2600027804810232,0.14999773294037633,0.5900006488871585,0.2500027651808428,0.9100025299569907,0.5153879296569214,0.26000008678072334
HRV,0.15239861764225623,0.07000014837455673,0.3300033692722372,0.02596677100890922,0.23999739289128355,0.5399899625878273,0.18176195116438973,0.16708037260716893,0.4191847179899054,0.4090233397379857,0.09999965476487763,0.2713618516857786,0.152737808511493,0.2686132335556286,0.10385456839515603,1.9242606047777917,0.00999973161754108,0.18000105936794258,0.06000123731749567,1.4300239858170822,0.37000208572322446,0.6458386000989975,1.090880261733662,2.126709522557208,0.9199960540593863,0.7896967957991765,4.797605731011693,0,0.14000360989110164,0.6000081109579042,0.8799999999999999,1.6649842903937428,0.001662477189502257,0.026929456674506424,8.203282365473e-4,0.03222849149297888,0.04791453753900279,0,0,0,0.03428209169689015,0.009999999999999998,0.005078272050635159,0,0.004422576099907576,0.09999956331114955,0.22999819855607342,0.41338358586177887,0.37000148885221895,0.26000906207521524,0.03999806013579049,0.6199895342752486,0.05000026675060419,0.07505668713148736,0.06000015991940062,0.13000393236335037,0.3900086236287428,0.14000007736235626,0.10091745461949292,0.07999857893988915,0.13000171634532867,0.18999978455937003,0.11000279244351796,0.06252789412942068,0.09325831381125355,0.23999999999999996,0.6499821083518214,0.028316228389261577,0,0,0.5605350972033019,1.1507533189753687,0.3600046832923545,0.17999782318848467,0.22000063777543927,0.20000229993445187,0.4599930174246993,0.5300106092413263,0.3099981241793284,0.5153879296569214,0.26000008678072334
HTI,0.32277829912714334,0.10209972005418523,0.4787569614290095,0.1692601169488268,0.24002192568098055,0.5307296293955717,0.18176195116438973,0.26395911693876395,1.2819392012716075,0.280000458197147,0.06999932718832,0.33999979911639916,0.09999983504909764,0.21999555954552916,0.12000184859968573,0.6499984791799739,0.45000087372872477,0.7246048837463956,0.2599963500319372,1.3149984277543159,0.6499875570302779,1.1090439741747724,0.7147247792260047,2.126709522557208,0.6600092535471931,0.7896967957991765,4.797605731011693,0,0.24000061572563264,7.2700028815675735,0.8432426551161574,1.6187248186189953,0.001662477189502257,0.026929456674506424,8.203282365473e-4,0.03222849149297888,0.04791453753900279,0,0,0,0.03428209169689015,0.01,0.005078272050635159,0,0.01,0.0899991303989638,0.32000199970004495,0.5000274543276111,0.2689959553305691,0.2999969904899482,0.2100066647624488,0.6600103869124903,0.08,0.0800005566708301,0.09000214661371686,0.18000618729836038,0.3725427300233619,0.1299988408484989,0.15926462672561414,0.07260024470274179,0.08000144812106293,0.11999974044850499,0.11999667326972221,0.19177168272794665,0.11883915775517405,0.24309320287061445,0.949994524947987,0.028316228389261577,0,0,0.5574332868845197,1.2005766046247504,0.23000135814206163,0.259997438606602,0.25999805153685024,0.15000495933346558,0.5899844267081954,0.46404635559735957,1.1199579958673727,0.5153879296569214,0.26000008678072334
HUN,0.1523988841466501,0.06999999999999999,0.33000312858483677,0.025967249330543424,0.23999821953173686,0.5400025269187034,0.18176195116438973,0.16708037260716893,1.232832177452862,0.4090233397379857,0.09999991744413651,0.2713618516857786,0.152737808511493,0.2686132335556286,0.10385456839515603,1.9242606047777917,0.009999922778531402,0.18000091249958525,0.05999939167198954,1.4299953205428169,0.36999805531870333,0.5135803570485333,0.9367198194323813,2.126709522557208,0.919998672727876,0.7896967957991765,4.797605731011693,0,0.14000382872822412,0.6000091249201569,0.8799883200311467,1.6649508656995788,0.001662477189502257,0.026929456674506424,8.203282365473e-4,0.03222849149297888,0.04791453753900279,0,0,0,0.03428209169689015,0.01,0.005078272050635159,0,0.004422576099907576,0.09999880054215494,0.22999729629466617,0.31025453437352163,0.3700043388130936,0.26000861187362073,0.039999999999999994,0.6199791500582571,0.050000848680302135,0.07505668713148736,0.05999953024442948,0.13000609106136746,0.3899985961534605,0.1399984976221982,0.11271417923391724,0.0800002142222127,0.13000231703684087,0.18999941821647334,0.1099988588382974,0.12113734681265377,0.09963432167240563,0.23999823679802523,0.6500041011339637,0.028316228389261577,0,0,0.5621710686934468,1.1322423998267024,0.3599860942117156,0.17999865972703105,0.2200076535493335,0.19999999999999998,0.4599961066770489,0.5300077425063598,0.30999177148230866,0.5299936125558902,0.26000008678072334
IDN,0.152399377290119,0.20000005487895894,0.4787569614290095,0.025966205962856474,0.24002192568098055,0.5400038933229512,0.13313315905085651,0.16708037260716893,1.232832177452862,0.31999978095834375,0.24000465711957153,0.6399980035935317,0.152737808511493,0.26000196373633566,0.10385456839515603,1.9242606047777917,0.010000080752179636,0.17999758679979486,0.20000365003467532,0.9700086783398846,0.3699995133346311,1.3611385943848868,0.40529625246702733,2.600027862914461,0.9199937372788476,0.7896967957991765,4.797605731011693,0,0.139998752135019,0.5999908750798431,0.8432426551161574,1.6187248186189953,0.001662477189502257,0.026929456674506424,8.203282365473e-4,0.03222849149297888,0.04791453753900279,0,0,0,0.03428209169689015,0.010000007080109508,0.005078272050635159,0,0.004422576099907576,0.1,0.2299976143683188,0.3856149755303024,0.36999841697008073,0.26000426280172645,0.039998622684388134,0.5996294408748002,0.0500002558604844,0.07505668713148736,0.05999909877433309,0.13,0.6400100275758337,0.13999902666926223,0.15485188742128425,0.07999947663160098,0.12000591599290081,0.19000058136154874,0.10999991721237509,0.12158446164820134,0.09390551603082643,0.24000382995021066,0.6499817504927367,0.028316228389261577,0,0,0.5760459487312173,1.2453630100688924,0.3599970571194718,0.17999958419093953,0.21999864606604078,0.2,0.4600058109973124,0.5299959675096492,0.31000317393144305,0.5153879296569214,0.26000008678072334
IND,0.39547473186059917,0.09999979384354993,0.2600029200277403,0.09999887692186746,0.24002192568098055,0.5,0.19476800226014993,0.23272598461627436,1.232832177452862,0.5,0.09999979086104599,0.4600012517211165,0.152737808511493,0.2686132335556286,0.12000067649844405,3.629974487420622,0.01000001819541512,0.6099969583291087,0.049999999999999996,1.5399955306311388,0.7499949305485146,1.6725606295477455,0.5433174679956836,2.399990875079843,0.900004380009636,0.7896967957991765,4.90006205058948,0,0.09999999999999999,14.499598510840206,0.8432426551161574,1.6187248186189953,0.001662477189502257,0.026929456674506424,8.203282365473e-4,0.03222849149297888,0.04791453753900279,0,0,0,0.03428209169689015,0.010000007080109508,0.005078272050635159,0,0.004422576099907576,0.48000013358848737,0.47000102026501384,1.0885218459671022,0.2599973966995936,0.40000745239780894,0.2999950809188843,0.61999821603782,0.1699998774179313,0.07505668713148736,0.09999999999999999,0.2,0.2199938879975552,0.20000515304544983,0.17738944078136815,0.09999999999999999,0.12000149488003586,0.3,0.03999937797406152,0.06999916128491152,0.09361633908509741,0.24309320287061445,0.6468606685778009,0.028316228389261577,0,0,0.5999931423477172,1.2776925185845782,3.299966712634933,4.050009295408068,2.8600512912804823,2.8600900597091905,13.69995133389373,0.46404635559735957,11.339928057553957,0.5153879296569214,0.26000008678072334
IRL,0.15239885314852591,0.07000046915317851,0.32999562001168004,0.025966461705272625,0.24000530926466687,0.5400037877483558,0.18176195116438973,0.16708037260716893,0.2995442645205081,0.4090233397379857,0.10000027004037103,0.2713618516857786,0.152737808511493,0.2686132335556286,0.10385456839515603,1.9242606047777917,0.01,0.18000032508637365,0.059999130963761194,1.4299954689623924,0.3700039214503333,0.691979562180659,0.8747223332053145,2.7699295688967593,0.919998910438004,0.7800008111067552,4.797605731011693,0,0.13999931519747993,0.6000091249201569,0.8800188390439185,1.6650028596682787,0.001662477189502257,0.026929456674506424,8.203282365473e-4,0.03222849149297888,0.04791453753900279,0,0,0,0.03428209169689015,0.01,0.005078272050635159,0,0.004422576099907576,0.10000052468925277,0.22999828399127287,0.17471785858765068,0.369999898940463,0.259997362173569,0.039999999999999994,0.6199997770038986,0.05000018290965361,0.03,0.05999986789698607,0.12999611046285492,0.3899985961534605,0.14000022842262755,0.1117276090542085,0.07999910005933984,0.13000066201052596,0.19000070728860913,0.11000008050946389,0.11820880725891282,0.09405344199155309,0.2399986197059974,0.6500032073898261,0.028316228389261577,0,0,0.5599998146337394,1.130795939528608,0.3599898432965757,0.17999673475311104,0.21999483604441006,0.19999603261192997,0.45999809151199966,0.5300018803021757,0.309994379607895,0.5299936125558902,0.26000008678072334
IRN,0.32466793424430784,0.06999955030803899,0.33000456256416105,0.0699998539996788,0.24002192568098055,0.5307296293955717,0.18176195116438973,0.16708037260716893,1.232832177452862,0.4090233397379857,0.1000001596413816,0.2713618516857786,0.152737808511493,0.2686132335556286,0.10385456839515603,1.9242606047777917,0.00999994846449977,0.18000146001387013,0.059998803255146,1.430005362132059,0.7182802579078594,0.6360745537279238,1.0479648106766946,2.126709522557208,0.9200019043387183,0.7896967957991765,4.797605731011693,0,0.14000233975347506,5.824777527379497,0.8799890500958116,1.6649976602714085,0.001662477189502257,0.026929456674506424,8.203282365473e-4,0.03222849149297888,0.04791453753900279,0,0,0,0.03428209169689015,0.01,0.005078272050635159,0,0.004422576099907576,0.09999980031590024,0.2299997228919001,0.31971678665841813,0.3699999579607606,0.25999786537056346,0.04,0.6200040056969913,0.049999999999999996,0.07505668713148736,0.0600001376978977,0.12999898549254338,0.39000073827072385,0.1400003546008475,0.12202398208617053,0.07999955373578928,0.1300002717908298,0.11633068615573187,0.10999984473324062,0.05999957646859515,0.08999721671797044,0.24000000000000002,0.6499981749826623,0.028316228389261577,0,0,0.5600049547553231,1.213093916419789,0.3599964723520593,0.1800013098148795,0.21999484464537106,0.19999999999999998,0.4600015723093856,0.46404635559735957,1.1199579958673727,0.5300215352045845,0.26000008678072334
IRQ,0.3246680702616321,0.06999953174358278,0.3299978480740262,0.0699995290349927,0.24002192568098055,0.5307296293955717,0.18176195116438973,0.16708037260716893,1.232832177452862,0.4090233397379857,0.09999963325766217,0.2713618516857786,0.152737808511493,0.2686132335556286,0.10385456839515603,1.9242606047777917,0.010000079825023548,0.1800033692722372,0.06,1.4300088783663805,0.3700073000312858,0.4730572366760704,0.8069640222646781,2.126709522557208,0.5284587325648081,0.7800032017645281,4.797605731011693,0,0.14000105289018355,0.600002920006424,0.88,1.6187248186189953,0.001662477189502257,0.026929456674506424,8.203282365473e-4,0.03222849149297888,0.04791453753900279,0,0,0,0.03428209169689015,0.01,0.005078272050635159,0,0.004422576099907576,0.09999999999999999,0.2299974475270464,0.2510314546034893,0.3700021534706769,0.25999558267303496,0.040000765198760384,0.5996294408748002,0.050000570320520125,0.07505668713148736,0.06,0.15870035534272012,0.3899998258618388,0.1400034112229234,0.14651779467258141,0.08,0.1299979055398471,0.11633068615573187,0.10999920197909185,0.119998339008388,0.08999914236038017,0.24000000000000002,0.6468606685778009,0.028316228389261577,0,0,0.5600004672706139,1.378109764503879,0.36000421785205883,0.17999801960590156,0.22000142765365124,0.2,1.4202972355247463,0.46404635559735957,1.1199579958673727,0.5153879296569214,0.26000008678072334
ISL,0.15239887857090748,0.06999979665704177,0.4787569614290095,0.10595854929206792,0.24000245790832,0.5399977587807767,0.18176195116438973,0.16708037260716893,1.232832177452862,0.4090233397379857,0.09999991744413651,0.3000052262987353,0.152737808511493,0.2686132335556286,0.10385456839515603,1.9242606047777917,0.009999593673597009,0.17999971259825548,0.05999935588453157,1.4300436924992754,0.3699905102562231,1.3506328905366187,0.689870208148506,2.7699837409164814,0.9200125143393472,0.7799882840663301,2.6600357703398183,0,0.1400052383446831,5.824777527379497,0.8799747315224258,1.6187248186189953,0.001662477189502257,0.026929456674506424,8.203282365473e-4,0.03222849149297888,0.04791453753900279,0,0,0,0.03428209169689015,0.01,0.005078272050635159,0,0.004422576099907576,0.09999999999999999,0.2299998390652912,0.2344203832983897,0.3700002789115014,0.2599959012193872,0.039999999999999994,0.6200012728854191,0.05000031843280112,0.07505668713148736,0.060000371841669814,0.12999906812039885,0.3900023946360153,0.14000150171445733,0.1063321167319999,0.08000039736941447,0.12999941669421167,0.18999916950895068,0.11000105508727917,0.10382672063323971,0.1017666708027458,0.23999652465128035,0.650002155513084,0.028316228389261577,0,0,0.560000795299981,1.1301243424151093,0.3600086617583369,0.18000188412623644,0.21999971483748113,0.6230601607663449,0.46000012510712296,0.46404635559735957,0.3100031739314431,0.5153879296569214,0.26000008678072334
ISR,0.15239851029285256,0.07000169859095955,0.3299935590066557,0.025966491661920995,0.23999908750798427,0.5399889041375887,0.18176195116438973,0.16708037260716893,1.232832177452862,0.4090233397379857,0.09999986559880437,0.3,0.152737808511493,0.2686132335556286,0.10385456839515603,1.9242606047777917,0.009999965402832125,0.18000535780062285,0.05999797228793511,1.4299719887955182,0.3699991097658684,0.7044775640245624,1.2242191090103876,2.7699607628433247,0.9199929732789413,0.779985805535841,4.797605731011693,0,0.14,0.6,0.880001131797861,1.6649783919183023,0.001662477189502257,0.026929456674506424,8.203282365473e-4,0.03222849149297888,0.04791453753900279,0,0,0,0.03428209169689015,0.01,0.005078272050635159,0,0.004422576099907576,0.09999991465982125,0.23000091478599088,0.2677604480433699,0.36999708709583456,0.2600006514021431,0.0399989872392141,0.5996294408748002,0.049998123976003575,0.07505668713148736,0.060000974041786385,0.13000072290898576,0.3899976324109021,0.14000093882812586,0.1185831186700011,0.07999897708436497,0.1299993348262788,0.18999790994171062,0.1100001073921308,0.2535255730340779,0.09109843800163331,0.24000242072137495,0.6468606685778009,0.028316228389261577,0,0,0.559998907372504,1.1472209336642103,0.35999425911877475,0.17999893175708154,0.21999524122776323,0.20000495933346554,0.46001189639322987,0.5299987710458399,0.3100011944780984,0.5153879296569214,0.26000008678072334
ITA,0.15239869676954973,0.06999971869022167,0.32999532054281705,0.025966244018888276,0.23999895713838773,0.5399911130859809,0.18176195116438973,0.16708037260716893,0.29783855567894313,0.4090233397379857,0.10000012650557447,0.30000181051183167,0.152737808511493,0.2686132335556286,0.10385456839515603,1.9242606047777917,0.009999986575937906,0.1799981750159686,0.05999975666731555,1.4300032830574922,0.36999708000778664,0.8747450565462351,1.4180554591963492,2.770011315107493,0.9200077562706026,0.7896967957991765,4.797605731011693,0,0.1400008774046371,5.824777527379497,0.8799960362026821,1.6187248186189953,0.001662477189502257,0.026929456674506424,8.203282365473e-4,0.03222849149297888,0.04791453753900279,0,0,0,0.03428209169689015,0.01,0.005078272050635159,0,0.004422576099907576,0.1,0.22999884123226672,0.16374307794530424,0.36999977945667717,0.2599975779757259,0.03999916015789032,0.6200037181632273,0.05000000000000001,0.029999197818065135,0.059998829638638215,0.1299986705663387,0.3900091157702826,0.13999797221940588,0.09608052226307343,0.07999952160549198,0.12999841571609633,0.19000070057146615,0.10999990484437297,0.11942076497306957,0.09375003211953747,0.24000195800088112,0.6499980636666409,0.028316228389261577,0,0,0.5599995790610958,1.1834150255905826,0.36001734874066726,0.18000490358682955,0.21999442664065766,0.2,0.46000858843015763,0.5300041271151466,0.30999509459477376,0.5299971184324274,0.26000008678072334
JAM,0.15239847110710267,0.06999952050146828,0.32999562001168,0.025966461184829173,0.24002192568098055,0.5399979722194058,0.18176195116438973,0.16708037260716893,1.232832177452862,0.15999899725917507,0.10000208155533816,0.29999959541524557,0.17000009062321586,0.12000169031344748,0.10385456839515603,1.9242606047777917,0.01000009499021601,0.1799988503985285,0.06000027036891839,1.4300041553890905,0.3700018838600292,1.154356469278734,0.7147247792260047,2.770011315107493,0.9200125143393472,0.7799932409597836,4.797605731011693,0,0.13999922865438758,0.5999926999306494,0.8800233602219221,1.6187248186189953,0.001662477189502257,0.026929456674506424,8.203282365473e-4,0.03222849149297888,0.04791453753900279,0,0,0,0.03428209169689015,0.01,0.005078272050635159,0,0.004422576099907576,0.09999928492770618,0.2300017171726301,0.3466548991162691,0.37000002985279584,0.2600014722620173,0.04000018600411999,0.619999018814237,0.04999893664532869,0.030000192472404267,0.05999930674708401,0.12999666014599934,0.3725427300233619,0.13999839267057784,0.13041790572407222,0.07999976633876206,0.13000031101296924,0.19000319479538788,0.11000028067024052,0.2535255730340779,0.09198573850555976,0.24000192086054556,0.6500182503954253,0.028316228389261577,0,0,0.5599911612360227,1.3262189880566089,0.36000291029030146,0.18000000000000002,0.22000028476236583,0.20000124564801722,0.46000358597372,0.5300077425063598,0.31000071484738007,0.5153879296569214,0.26000008678072334
JOR,0.3246681304908069,0.06999911152532969,0.32999562001168004,0.06999974475470927,0.24002192568098055,0.5400038933229512,0.18176195116438973,0.16708037260716893,1.79419160135758,0.4090233397379857,0.09999948825808168,0.2999971836539274,0.152737808511493,0.2686132335556286,0.10385456839515603,1.9242606047777917,0.010000135051792362,0.18000101389029707,0.05999939167198954,1.4299914576376485,0.37000912501267363,0.6106453038209056,1.7399918677508897,2.770011315107493,0.9200048666240838,0.7799978370194127,4.797605731011693,0,0.13999402628434887,0.6000000000000001,0.8800060833417824,1.6649883013570426,0.001662477189502257,0.026929456674506424,8.203282365473e-4,0.03222849149297888,0.04791453753900279,0,0,0,0.03428209169689015,0.01,0.005078272050635159,0,0.004422576099907576,0.1000003874820063,0.2300017741807626,0.21667398926154008,0.37000105475817635,0.2600061481709191,0.03999940631678937,0.6199843014128729,0.05000110955773029,0.07505668713148736,0.06000201518103043,0.12999914799352474,0.38999217374290746,0.14000150171445733,0.1496164964830399,0.08,0.13000114420839848,0.18999913958757564,0.10999988030853042,0.13272483621203096,0.09000236019019861,0.2400013573585802,0.6499955488293422,0.028316228389261577,0,0,0.5599988675651353,1.3671177275378408,0.36000848851397954,0.18000686106346483,0.2199919557181437,0.20000294976549365,0.4600015723093856,0.5300077425063598,0.31001375370292,0.5153879296569214,0.26000008678072334
JPN,0.3103791576613443,0.13000000842372694,1.1300053676865272,0.11761401727167788,0.24000073000693506,0.26999051025622306,0.23726229918979871,0.16708037260716893,0.3997737709093361,0.8800212437234453,0.08000112092177135,0.2299995313305526,0.09999999999999999,0.32425665491184713,0.10385456839515603,0.01,0.06000008410146,0.609999408483735,0.04999946323710964,1.560006994076891,0.9700036499983408,0.6773101164948179,0.5697523779622777,1.999995080870489,0.23499955488293423,0.7896967957991765,4.797605731011693,0,0.019999799450494356,6.199797228793511,0.9399941600155732,1.6187248186189953,0.01,0.1200021900208052,0.020000280772686434,0.08999828700185794,0.1700024333860567,0,0,0,0.03428209169689015,0.01,0.020000598372427,0,0.029999594452104796,0.09999964609411774,0.24000141939184969,0.36353545930095627,0.3500013887474424,1.010000123917273,0.050001405481377374,0.5599954096855635,0.06999950693577017,0.07505668713148736,0.040000837275505505,0.11999920480298995,0.3899927803625863,0.049999999999999996,0.12460685163869593,0.2299999281542098,1.3499953659365442,0.06000111869336615,0.08999996979664078,0.17290228938239013,0.0974684634146409,0.35000000000000003,0.6468606685778009,0.08999380207974657,0,0,0.5600009968698731,1.0215900097777932,0.5,0.5499912013139371,0.540001432459533,0.5399932618469511,1.2599834859630685,0.4400045350902609,1.3100012802756082,0.5299852600547483,0.26000442428934856
KAZ,0.15239861637903054,0.07000021674577887,0.3299974211977545,0.025967198692432757,0.2399990875079843,0.540005775339301,0.1331340244933755,0.16708037260716893,1.6178215695229183,0.4090233397379857,0.09999986507715562,0.2713618516857786,0.152737808511493,0.2686132335556286,0.10385456839515603,1.9242606047777917,0.010000013040376919,0.18,0.06000091249201569,1.2784041683529075,0.3700009864851534,1.3506328905366187,0.72924777392047,2.769977613393031,0.9200008588206247,0.779976343359243,4.797605731011693,0,0.13999929807321096,5.824777527379497,0.8799981161399708,1.6187248186189953,0.001662477189502257,0.026929456674506424,8.203282365473e-4,0.03222849149297888,0.04791453753900279,0,0,0,0.03428209169689015,0.01,0.005078272050635159,0,0.004422576099907576,0.09999956326347004,0.22999980623938973,0.2860433940642788,0.3699993778386113,0.25999086549440514,0.040000765198760384,0.6200069771498343,0.05000102574623038,0.07505668713148736,0.05999949866288112,0.12999914799352474,0.39000454581918337,0.1399996690184743,0.13559723043347108,0.0800004654234044,0.12999770048289858,0.19000152106677484,0.11000168384547314,0.06440959722940773,0.09196460631706946,0.24000160724330988,0.6499875970091074,0.028316228389261577,0,0,0.5606066183683928,1.134894883919301,0.35999875171638995,0.18000192104504847,0.22,0.19999999999999998,0.45998722511178025,0.5300077425063598,0.31000052898857383,0.5153879296569214,0.26000008678072334
KEN,0.20088453607430315,0.21499836673247077,0.8000146001387014,0.1453878000344709,0.24002192568098055,0.539989354421717,0.1350905034065554,0.1351944812231024,1.4564452872496623,0.4283328015094549,0.10650041174018686,0.2733323980108809,0.15444734129630752,0.21316922822151793,0.0800009979541939,0.005999793402658219,0.0059999577219655535,0.18000535331905781,0.0899990478306408,0.739768971984876,1.2700016294606487,1.347495131261771,0.9645099380615844,2.3155921292763044,0.4364909600203718,0.7896967957991765,4.797605731011693,0,0.16726913796885282,9.830013557200958,0.8432426551161574,1.6187248186189953,0.001662477189502257,0.026929456674506424,8.203282365473e-4,0.03222849149297888,0.04791453753900279,0,0,0,0.03428209169689015,0.009999999999999998,0.005078272050635159,0,0.004422576099907576,0.12967842162498058,0.25091036245689347,0.42169651363299876,0.31000265674814026,0.21428425043549545,0.20000550941421152,0.6200036172906493,0.06999976472249018,0.0733361694886412,0.06,0.20399390525440944,0.24000114600045838,0.2099995619990364,0.1779778506142269,0.050000295293610435,0.1,0.10799964700950869,0.10857385398981324,0.6002300495613686,0.12596772257641162,0.17000433280142033,0.6699989861097029,0.028316228389261577,0,0,0.5600043897552794,1.2200428147052602,0.43998673093059104,1.7700028815675728,0.279996288162331,0.5200055543432981,7.705020951046093,0.46404635559735957,1.1199579958673727,0.5153879296569214,0.26000008678072334
KGZ,0.15239850031933685,0.07000014688170147,0.3300032850312078,0.02596715118213227,0.2399990266692622,0.5400107353730542,0.18176195116438973,0.16708037260716893,0.3296365869666749,0.4090233397379857,0.09999990341999458,0.2713618516857786,0.152737808511493,0.2686132335556286,0.10385456839515603,1.9242606047777917,0.01,0.18000000000000002,0.060001123090745734,1.4300105851005585,0.36999585234342597,1.3506328905366187,1.166284376212116,2.126709522557208,0.9200024333860567,0.7896967957991765,4.797605731011693,0,0.13734588282454427,5.824777527379497,0.8799890500958115,1.6649976602714085,0.001662477189502257,0.026929456674506424,8.203282365473e-4,0.03222849149297888,0.04791453753900279,0,0,0,0.03428209169689015,0.01,0.005078272050635159,0,0.004422576099907576,0.09999951499513782,0.22999926128388862,0.42400158288226963,0.36999603646452633,0.2600015985506474,0.03999862263696154,0.6200082419199748,0.05000135146092926,0.07505668713148736,0.0600005623700871,0.12999959103549813,0.3899927803625863,0.14000463762141552,0.1315503677879895,0.08000153169980387,0.12999805851036653,0.18999653058864346,0.10999777332442665,0.0612755650104261,0.090252525615675,0.2400103361601165,0.6500136873802355,0.028316228389261577,0,0,0.5609345926821384,1.1499732046367883,0.3599924549655758,0.17999951973873787,0.22,0.20000255963960273,0.4599897802759326,0.46404635559735957,0.31000317393144305,0.5153879296569214,0.26000008678072334
KHM,0.205058625525,0.176667476454,0.646251527865,0.0526305817462,0.240012745382,0.446910291675,0.181761951164,0.167080372607,1.30134847957,0.506665619598,0.186661923034,0.517123694789,0.328497127096,0.315080329328,0.114619123747,1.28617373652,0.0266665333326,0.323333562643,0.106842651766,1.07279384952,0.68609177683,4.00560087076,0.483148072841,2.39999807921,0.691685836078,0.786459799045,4.79760573101,0,0.138231135861,2.341585769,0.887753148425,1.61872481862,0.00444165145967,0.0269294566745,0.0072135521577,0.0514872832527,0.047914537539,0,0,0,0.0342820916969,0.01000000236,0.00507827205064,0,0.01294872203,0.113762337115,0.253588723109,0.346822635613,0.363335141317,0.30205685151,0.0531356700069,0.593211920069,0.0566661807898,0.0750566871315,0.0533336848921,0.126666573602,0.372542730023,0.110000632666,0.140587634657,0.129999965567,0.529998663765,0.146666216682,0.103332399054,0.150714919569,0.0992705479251,0.27769482407,0.647912326693,0.0488776185618,0,0,0.565008371367,1.11661090021,0.406667147765,0.428386826546,0.326662485494,0.313329400985,1.10020024274,0.486035058065,0.579989198951,0.443593169783,0.260000086781
KIR,0.205058625525,0.176667476454,0.646251527865,0.0526305817462,0.240012745382,0.446910291675,0.181761951164,0.167080372607,1.30134847957,0.506665619598,0.186661923034,0.517123694789,0.328497127096,0.315080329328,0.114619123747,1.28617373652,0.0266665333326,0.323333562643,0.106842651766,1.07279384952,0.68609177683,4.00560087076,0.483148072841,2.39999807921,0.691685836078,0.786459799045,4.79760573101,0,0.138231135861,2.341585769,0.887753148425,1.61872481862,0.00444165145967,0.0269294566745,0.0072135521577,0.0514872832527,0.047914537539,0,0,0,0.0342820916969,0.01000000236,0.00507827205064,0,0.01294872203,0.113762337115,0.253588723109,0.346822635613,0.363335141317,0.30205685151,0.0531356700069,0.593211920069,0.0566661807898,0.0750566871315,0.0533336848921,0.126666573602,0.372542730023,0.110000632666,0.140587634657,0.129999965567,0.529998663765,0.146666216682,0.103332399054,0.150714919569,0.0992705479251,0.27769482407,0.647912326693,0.0488776185618,0,0,0.565008371367,1.11661090021,0.406667147765,0.428386826546,0.326662485494,0.313329400985,1.10020024274,0.486035058065,0.579989198951,0.443593169783,0.260000086781
KOR,0.31037859466556833,0.12999992747777514,1.129985860379468,0.11761379333867694,0.24000073000693506,0.5307296293955717,0.23725360603111428,0.16708037260716893,0.41194819224901913,0.8799988412682318,0.07999935859403813,0.23000358569185309,0.152737808511493,0.3379760444116723,0.10385456839515603,1.9242606047777917,0.05999953748670274,0.6100008747758388,0.04999918890420958,1.560002539118291,0.9700085168511985,1.28023746204646,0.4660056127466221,1.9999953443981469,0.23500144078378638,1.1500050694514854,4.797605731011693,0,0.020000561537489647,6.200136104924524,0.939958025367278,2.2800200551516667,0.009999836323163544,0.1199995133346311,0.019999999999999997,0.09000032158476974,0.16999756671262875,0,0,0,0.09000130361100248,0.01,0.01999922342160441,0,0.02999959890903257,0.09999906612751094,0.24000028620697061,0.549413761237642,0.35000057618954333,1.0100098957143946,0.05,0.5599992150552405,0.06999958432057198,0.07505668713148736,0.0400002599698435,0.12000000000000001,0.3725427300233619,0.05,0.11338877996117504,0.230001542155934,1.3500160410651267,0.059999146632630916,0.08999883940535351,0.29935737426046577,0.09992793115034583,0.35000000000000003,0.14,0.08999980376381012,0,0,0.5554509462413261,1.0209242776511553,0.4999848427434635,0.5500025909298611,0.5399985398486822,0.5400064336264208,1.259992338143277,0.4399993097914707,1.30999662692145,0.5299981750159686,0.2599995002852538
KWT,0.32466784221386974,0.06999982914647272,0.3299936125558901,0.06999982591438468,0.24002192568098055,0.5307296293955717,0.18176195116438973,0.16708037260716893,1.8000669232056217,0.4090233397379857,0.10000040999737601,0.29999509411129827,0.152737808511493,0.2686132335556286,0.01,1.9242606047777917,0.01000003607907089,0.17999672435442488,0.05999933636393801,1.4299914576376485,0.3699927000638744,0.579532192217507,0.5393528909922515,2.126709522557208,0.9199927000638742,0.7799941224009992,4.797605731011693,0,0.13999999999999999,0.6000189609404627,0.8800032994452808,1.6649703435931633,0.001662477189502257,0.026929456674506424,8.203282365473e-4,0.03222849149297888,0.04791453753900279,0,0,0,0.03428209169689015,0.009999999999999998,0.005078272050635159,0,0.004422576099907576,0.09999962033054023,0.2300002916347155,0.27311329739786544,0.3699987096856075,0.26000096588805355,0.0399995330975476,0.6199986917558816,0.05000036558526545,0.07505668713148736,0.0599988306393745,0.12999864600862687,0.38999938038292337,0.13999875451488353,0.14729582191389465,0.08000206704611729,0.12999913506896163,0.11633068615573187,0.10999964572797903,0.12000000000000001,0.0900004982933453,0.23999341904247068,0.6499954375399215,0.028316228389261577,0,0,0.5599998607164745,1.148140905335365,0.35999906463380416,0.17999275099673798,0.2199959157687364,0.2,0.4599981519127702,0.5300123367507551,0.31000339097999324,0.5153879296569214,0.26000008678072334
LAO,0.15239747109405208,0.20000008997350952,0.4787569614290095,0.025966763322693043,0.24002192568098055,0.5307296293955717,0.18176195116438973,0.16708037260716893,1.8,0.32000017468291414,0.23999383643437727,0.6400030124877029,0.152737808511493,0.2686132335556286,0.11999921556322561,1.9242606047777917,0.010000074794875056,0.1799992395870958,0.07052576522350291,0.9699773802179724,0.7182802579078594,5.6399685904986265,0.7147247792260047,2.6000307373112537,0.920012514339347,0.7896967957991765,4.797605731011693,0,0.13734588282454427,0.5999870796860364,0.8432426551161574,1.6187248186189953,0.001662477189502257,0.026929456674506424,8.203282365473e-4,0.03222849149297888,0.04791453753900279,0,0,0,0.03428209169689015,0.010000007080109508,0.005078272050635159,0,0.004422576099907576,0.14128601106972064,0.2907669820403571,0.3480467497176848,0.37000132118975265,0.2599959012193872,0.04000081987373944,0.5996294408748002,0.049999823596445114,0.07505668713148736,0.06000202778059414,0.13,0.3725427300233619,0.1400004380009636,0.1768079954544006,0.08000036420916533,0.11999928707647887,0.18999881048360454,0.10999969875888661,0.2535255730340779,0.09635509347195842,0.24309320287061445,0.6468606685778009,0.028316228389261577,0,0,0.5620155898973446,1.1300155962001985,0.3599972618176265,0.5551657198486587,0.2199905140948178,0.19999999999999998,1.4202972355247463,0.46404635559735957,0.31000317393144305,0.5153879296569214,0.26000008678072334
LBN,0.32466792594420585,0.0699996861563569,0.32999965237946255,0.06999910976586843,0.24002192568098055,0.5399870224673534,0.18176195116438973,0.16708037260716893,1.232832177452862,0.16000173811023966,0.0999997754882569,0.3000089461442118,0.152737808511493,0.32767675373520583,0.10385456839515603,1.9242606047777917,0.009999991425884055,0.17999785007182714,0.060000000000000005,1.4300181129589988,0.370003084515731,0.5380869882176821,1.5843186884463694,2.769977613393031,0.9200068224458468,0.7896967957991765,4.797605731011693,0,0.14000152590218967,0.6000059109515153,0.8799928106292082,1.6649976602714085,0.001662477189502257,0.026929456674506424,8.203282365473e-4,0.03222849149297888,0.04791453753900279,0,0,0,0.03428209169689015,0.01,0.005078272050635159,0,0.004422576099907576,0.09999972584187108,0.2300007727036902,0.2475654925539157,0.3700035100636092,0.2600028773758333,0.040001620482903906,0.5996294408748002,0.04999823977406522,0.07505668713148736,0.060000424387423285,0.130001011582621,0.38999999999999996,0.1400012234660794,0.1374334269185152,0.08000015014338693,0.13000019553018008,0.18999999999999997,0.11000023505997948,0.2535255730340779,0.09006584110065877,0.2400005381841666,0.6500297560007935,0.028316228389261577,0,0,0.5600012396524886,1.2248189645198884,0.3600051250840834,0.17999823060298523,0.2199994990732856,0.19999375214769924,0.45999377707570427,0.53000774250636,0.31000151137308246,0.5153879296569214,0.26000008678072334
LBR,0.20088368336,0.215000017543,0.577601345453,0.157350593614,0.233865455076,0.532156309675,0.138682220805,0.135194586128,1.4075861796,0.42684997538,0.106499455654,0.272878409885,0.153789076468,0.272978503401,0.0983498755179,1.92426060478,0.00600002899903,0.18896681866,0.0840072445199,0.946931589437,1.14268034463,1.84420219877,0.851184256191,2.24292290993,0.443575691358,0.789696795799,4.79760573101,0,0.160366402788,8.28950160569,0.8517278709,1.33315951772,0.0016624771895,0.0269294566745,0.000820328236547,0.032228491493,0.047914537539,0,0,0,0.0342820916969,0.0100000038124,0.00507827205064,0,0.00442257609991,0.129679284157,0.260112671799,0.371082017516,0.312051041097,0.267177283516,0.162895682603,0.60746588866,0.0717990282386,0.0742612791508,0.0595926234927,0.197030718436,0.311369277494,0.167448629361,0.168666985119,0.0499996251739,0.100000136046,0.108640370938,0.108571981771,0.508448121193,0.120791481619,0.209358306071,0.650422049836,0.0283162283893,0,0,0.561644892138,1.27855432137,0.439998869453,1.20930684445,0.279998109549,0.52792787045,4.32095762484,0.484339943651,1.15073141009,0.498819627376,0.260000086781
LCA,0.15239849714035986,0.07000137365332915,0.4787569614290095,0.02596692177307514,0.24002192568098055,0.5400042712641001,0.18176195116438973,0.16708037260716893,1.232832177452862,0.1600002763270607,0.09999895190282042,0.3000034486326172,0.1699995353087873,0.18785417867219484,0.10385456839515603,1.9242606047777917,0.010000160516220165,0.1799987731190381,0.05999926999306493,1.430009975940379,0.36999148880450433,0.4272361916882945,0.7147247792260047,2.7699607628433247,0.9200040555611884,0.7800172053582402,4.797605731011693,0,0.1400007180812868,5.824777527379497,0.8800072999361256,1.6649976602714085,0.001662477189502257,0.026929456674506424,8.203282365473e-4,0.03222849149297888,0.04791453753900279,0,0,0,0.03428209169689015,0.01,0.005078272050635159,0,0.004422576099907576,0.09999999999999999,0.23000118472494635,0.2991266982813372,0.36999912302143373,0.2600045561546055,0.03999960086213778,0.6200037981895296,0.04999976399620506,0.03000014950364789,0.05999987008093957,0.1299974931060416,0.3900186385512004,0.13999895249567904,0.10553594549996682,0.08,0.13000063479972068,0.19000131718157137,0.1099996854976338,0.2535255730340779,0.10071414247742932,0.24309320287061445,0.6500182503954253,0.028316228389261577,0,0,0.5600041144317522,1.139707397486091,0.36000565890924524,0.1800012314512653,0.21999824945295404,0.19999999999999998,0.45999377707570427,0.5300022121446742,0.3099992653001249,0.5153879296569214,0.26000008678072334
LKA,0.23227299156895048,0.09999993284268197,0.4787569614290095,0.1,0.24002192568098055,0.5000182501733766,0.19475823243618418,0.16708037260716893,1.5088019608230714,0.5,0.09999879388742144,0.4600057753393012,0.152737808511493,0.2686132335556286,0.12000035057582079,3.6299375456241383,0.01000002700702723,0.6099973292976053,0.07052576522350291,1.540014164305949,0.75,0.8494318061354226,0.5005500746658504,2.126709522557208,0.9000255502427273,0.7896967957991765,4.797605731011693,0,0.09999968229190385,14.499787793905442,0.9399934299375844,2.7900483543908905,0.001662477189502257,0.026929456674506424,8.203282365473e-4,0.03222849149297888,0.04791453753900279,0,0,0,0.03428209169689015,0.010000007080109508,0.005078272050635159,0,0.004422576099907576,0.48000596494448017,0.4700012416829953,0.2963637758802048,0.25999676806851696,0.40000926698174405,0.0794054249481111,0.5996294408748002,0.09338921350517998,0.10000000000000002,0.09999999999999999,0.19999657569427795,0.22000280769307903,0.2,0.18315558371122767,0.09999999999999999,0.11999794047986818,0.300005736247347,0.0399997665814689,0.2535255730340779,0.09013921736848325,0.2400031070374398,0.6468606685778009,0.028316228389261577,0,0,0.6000702334903626,1.273871352190599,3.2999634350188045,4.050046389783332,2.859998135066221,2.8599925843529848,13.69979838242451,0.5300022121446742,11.339928057553955,0.5300010138902971,0.26000008678072334
LSO,0.200884304174,0.214999965868,0.662327642054,0.164238720379,0.234305154685,0.537353152732,0.145093197516,0.14202710957,1.33820855549,0.425574816462,0.106500332047,0.273334399794,0.153836951225,0.294428278969,0.0919270383207,1.51320476062,0.00599994648198,0.180001154849,0.0802628094585,0.816716019659,1.11236514735,1.87433489603,0.767789296772,2.27509153921,0.436501181276,0.787618717882,4.79760573101,0,0.16085958417,8.11346405711,0.859000495836,1.1325838897,0.0016624771895,0.0269294566745,0.000820328236547,0.032228491493,0.047914537539,0,0,0,0.0342820916969,0.0100000010114,0.00507827205064,0,0.00442257609991,0.129679119715,0.253761432052,0.53346341897,0.309999131267,0.287954252328,0.18277171818,0.614181252044,0.0716706421529,0.0741953265668,0.0599998059444,0.204000078013,0.277869917066,0.209998879533,0.180893970639,0.050000049603,0.100000108883,0.108595933088,0.108571967029,0.49899530938,0.119378585928,0.201325819093,0.66669423399,0.0283162283893,0,0,0.56180796832,1.2445202124,0.440001123297,1.68321582743,0.280001194162,0.520001410951,6.80715452018,0.497023423874,1.20568780433,0.515387929657,0.260000086781
LTU,0.152398716572705,0.07000011265447745,0.3299994486408998,0.025965995706685747,0.24000041833783917,0.5399942557621885,0.18176195116438973,0.16708037260716893,0.34458935220037346,0.4090233397379857,0.10000004773112485,0.2713618516857786,0.152737808511493,0.2686132335556286,0.10385456839515603,1.9242606047777917,0.010000035118648352,0.18000048167107752,0.060002027780594144,1.2784041683529075,0.3699994459219858,1.3506328905366187,1.1996309575355604,2.7699607628433247,0.9200052142174329,0.7896967957991765,4.797605731011693,0,0.1400016515958545,5.824777527379497,0.8799578230188985,1.6187248186189953,0.001662477189502257,0.026929456674506424,8.203282365473e-4,0.03222849149297888,0.04791453753900279,0,0,0,0.03428209169689015,0.01,0.005078272050635159,0,0.004422576099907576,0.09999934461040365,0.22999959410642531,0.4380550033986006,0.3700002408071857,0.25999932550924054,0.039999337814124424,0.6200007849601632,0.05,0.030000000000000002,0.05999986436264004,0.13000609106136746,0.3900091157702826,0.14000121667452434,0.11141071533056031,0.08,0.1299997793322594,0.18999982292064568,0.11000115814037155,0.12362177468948274,0.09450953714308805,0.24000540248514318,0.6499998167672614,0.028316228389261577,0,0,0.5671400189178332,1.1304427975498177,0.3600102175151789,0.1800064238846148,0.219999881825326,0.19999206538125844,0.45999152262986864,0.5299987710458399,0.3099968464206875,0.5299986312411602,0.26000008678072334
LUX,0.15239877008919073,0.06999999999999999,0.33000019010322607,0.025966730091746576,0.2400060446139003,0.5399970311121978,0.18176195116438973,0.16708037260716893,0.3651619095877953,0.4090233397379857,0.1000003174084237,0.29999539149269555,0.152737808511493,0.2686132335556286,0.10385456839515603,1.9242606047777917,0.010000124044085268,0.1800002558411738,0.060001921106557374,1.4300436924992754,0.7182802579078594,1.3506328905366187,0.7147247792260047,2.769977613393031,0.9199941601576758,0.7896967957991765,2.6600357703398183,0,0.13999766027140853,5.824777527379497,0.8799894881303472,1.6187248186189953,0.001662477189502257,0.026929456674506424,8.203282365473e-4,0.03222849149297888,0.04791453753900279,0,0,0,0.03428209169689015,0.009999999999999998,0.005078272050635159,0,0.004422576099907576,0.10000068098320355,0.2300022693498679,0.27487152826574707,0.3700001049440124,0.2599983604765548,0.03999841684477163,0.6200129743756081,0.049999999999999996,0.03000054519681605,0.06000034382359974,0.1300001251204284,0.3900011460004584,0.1400016373981743,0.10847840048757115,0.07999974025355581,0.12999999999999998,0.1899994336707038,0.10999973803348885,0.10101186773292943,0.09837304736820825,0.2400036784991723,0.6500007156864148,0.028316228389261577,0,0,0.5708429438580721,1.1386466397029043,0.3600011548677676,0.17999496020040615,0.2199997691624058,0.20000261014825643,0.4600101612428804,0.5299911837781518,0.3099956915122791,0.5299906722723156,0.26000008678072334
LVA,0.15239895070747753,0.06999941909999226,0.32999925842456823,0.0259659328303433,0.2399988374261584,0.5399979722194059,0.18176195116438973,0.16708037260716893,0.5822452539573552,0.4090233397379857,0.1000002101551155,0.2713618516857786,0.152737808511493,0.2686132335556286,0.10385456839515603,1.9242606047777917,0.009999818106383514,0.17999900792830628,0.05999797228793511,1.2784041683529075,0.7182802579078594,1.3506328905366187,0.9121520257244108,2.769977613393031,0.9199884125144844,0.7896967957991765,4.797605731011693,0,0.14000061037018952,0.6000104286161226,0.8800188390439185,1.6649508656995788,0.001662477189502257,0.026929456674506424,8.203282365473e-4,0.03222849149297888,0.04791453753900279,0,0,0,0.03428209169689015,0.01,0.005078272050635159,0,0.004422576099907576,0.10000125500432977,0.23000063039778101,0.3581482292641035,0.36999932974373867,0.25999693768182514,0.04,0.6200086091206036,0.05000037129723829,0.02999933150611672,0.05999834043833173,0.12999541967250658,0.38999749310604165,0.13999530295913573,0.11379532963437124,0.08,0.12999768298020234,0.1900001623042881,0.10999878286270692,0.2535255730340779,0.09214684650512135,0.24000933888478151,0.6499995275084576,0.028316228389261577,0,0,0.5601458365953154,1.1325098141618093,0.3600042353439452,0.17999782318848467,0.21999840410801375,0.19999253201896866,0.4599900596421471,0.5300018803021757,0.30999885004599814,0.5299936125558902,0.26000008678072334
MAR,0.17342765902738877,0.0700024333860567,0.32999996238084134,0.02596606599804329,0.2400048667721134,0.5400101078167117,0.13313598565339688,0.06769535591746,1.232832177452862,0.4090233397379857,0.10000053386007528,0.30000921743939535,0.152737808511493,0.2686132335556286,0.10385456839515603,1.9242606047777917,0.009999767100635814,0.18000052143080614,0.060000000000000005,1.4300029863622787,0.36999532054281703,0.8759627329192547,2.4600005379831664,2.126709522557208,0.9199912399167792,0.7896967957991765,4.797605731011693,0,0.13999929807321096,0.6,0.879982756143124,1.6187248186189953,0.001662477189502257,0.026929456674506424,8.203282365473e-4,0.03222849149297888,0.04791453753900279,0,0,0,0.03428209169689015,0.01,0.005078272050635159,0,0.004422576099907576,0.10000051422958979,0.2299996174006198,0.31937314182245635,0.36999937247027076,0.2599963830364409,0.040000677874186555,0.6200077261381196,0.04999968177391946,0.07505668713148736,0.060001157815517875,0.12999436460974922,0.3899968264043161,0.13999804037675886,0.15574934305985236,0.08,0.13000204573553087,0.19000191204588912,0.10999937304432576,0.0694043885686995,0.09000605411885702,0.23999270954366295,0.6499863126197646,0.028316228389261577,0,0,0.5599974807515137,1.1576155907731256,0.36001273254580185,0.18,0.22000145183536188,0.2,0.4600049097510239,0.5299910664908325,0.31000317393144305,0.5153879296569214,0.26000008678072334
MDA,0.15239860705914096,0.06999999999999999,0.3300076844262295,0.02596652828530727,0.23999814408116552,0.5400019729703067,0.18176195116438973,0.16708037260716893,1.232832177452862,0.4090233397379857,0.10000032288373925,0.2713618516857786,0.152737808511493,0.2686132335556286,0.10385456839515603,1.9242606047777917,0.010000014011509054,0.18000307369175994,0.060001123090745734,1.2784041683529075,0.37001252460189654,1.3506328905366187,0.9429556862859612,2.126709522557208,0.9200190430849797,0.7896967957991765,4.797605731011693,0,0.13999438478276127,0.6,0.8800106185293338,1.6187248186189953,0.001662477189502257,0.026929456674506424,8.203282365473e-4,0.03222849149297888,0.04791453753900279,0,0,0,0.03428209169689015,0.01,0.005078272050635159,0,0.004422576099907576,0.09999934434183394,0.23000052767398793,0.3318573779099234,0.3700094067574444,0.2599977564641876,0.039999999999999994,0.6200007849601632,0.049999065071054595,0.07505668713148736,0.05999839383231609,0.13000025560412035,0.3900086236287428,0.14000054222910385,0.10716382985267434,0.08,0.12999971037159325,0.18999923361257345,0.10999856432381493,0.12273117753426574,0.09696434972175087,0.2399979735891114,0.6499902666926223,0.028316228389261577,0,0,0.5600958590454056,1.2131247057404198,0.3600049931344402,0.18000247877548492,0.21999483604441006,0.2,0.4599961066770489,0.5300022121446742,0.31001375370292,0.5153879296569214,0.26000008678072334
MDG,0.20088101518424364,0.21500015708412334,0.4787569614290095,0.14538714360475682,0.20000365003467532,0.5307296293955717,0.18176195116438973,0.13519421557087608,1.4600257183398366,0.4283334260042958,0.10649674064308211,0.27333358982309,0.152737808511493,0.33321006790089464,0.08000269778107508,1.9242606047777917,0.0060000197564035445,0.17999854003941895,0.0899990875079843,0.739773571373684,1.2700019466614754,2.0154321574144545,0.45785740012436815,2.315581998028981,0.43648972781311923,0.7896967957991765,4.797605731011693,0,0.16727403846153846,5.824777527379497,0.8432426551161574,1.6187248186189953,0.001662477189502257,0.026929456674506424,8.203282365473e-4,0.03222849149297888,0.04791453753900279,0,0,0,0.03428209169689015,0.01,0.005078272050635159,0,0.004422576099907576,0.12968096553113223,0.2509167880062557,0.3323998379348786,0.3100025660764691,0.21428764744355985,0.20000226055112236,0.6200170438405453,0.0699991161727756,0.07505668713148736,0.06000085829542528,0.20400297284684651,0.3725427300233619,0.21000000000000002,0.16553910302950908,0.05,0.09999999999999998,0.10800034502835702,0.1085706457523503,0.6050199482943532,0.12795354572773543,0.24309320287061445,0.6468606685778009,0.028316228389261577,0,0,0.5772998423614446,1.200009821146751,0.43999140431932954,1.7700236441554604,0.27999742234824077,0.5199965749514784,7.704989836142901,0.5300022121446742,1.1199579958673727,0.3,0.26000008678072334
MDV,0.32466786687600474,0.0700003147785676,0.3300032850312078,0.06999898610970294,0.24002192568098055,0.5400109502372551,0.08523682036027103,0.16708037260716893,1.232832177452862,0.15999899725917507,0.09999884607839743,0.30000000000000004,0.1699993936821682,0.1271956433131328,0.10385456839515603,1.9242606047777917,0.009999956727939904,0.17999853267548285,0.06000027036891839,1.4299662377954192,0.3699972625239529,1.0856935737477285,0.6980753955619796,2.770099279735254,0.9200125143393472,0.779985805535841,4.797605731011693,0,0.14000199018684792,0.6,0.8799762329174095,1.6187248186189953,0.001662477189502257,0.026929456674506424,8.203282365473e-4,0.03222849149297888,0.04791453753900279,0,0,0,0.03428209169689015,0.009999999999999998,0.005078272050635159,0,0.004422576099907576,0.10000024145899179,0.2299993044321937,0.3724662142228942,0.3699988503104162,0.2599987313267151,0.03999924322688058,0.6200060380396497,0.05000072929885208,0.07505668713148736,0.05999868953316344,0.13000115603291543,0.38999713502230593,0.13999871805828562,0.11985148392625611,0.08,0.13000282565696525,0.19000086911176778,0.10999777332442665,0.1205239524898126,0.1017666708027458,0.24309320287061445,0.6468606685778009,0.028316228389261577,0,0,0.560091501221644,1.1879997371245812,0.3600012126356636,0.1800004573937703,0.2199999455754175,0.20000067818679979,0.4599973811706167,0.5299948844861674,0.31000093350343844,0.5153879296569214,0.26000008678072334
MEX,0.3227778778358114,0.10209843571156046,0.4787569614290095,0.08999992122076307,0.27000401503814286,0.5500195541650372,0.18176195116438973,0.16708037260716893,1.2799883065771114,0.28000955960631807,0.0700011922783717,0.33999543749366323,0.152737808511493,0.2230233171356462,0.12,0.6499936827032414,0.44999974624570527,0.7245999266507938,0.2600058961436413,1.3149971697929068,0.650015642924184,0.8633495589165289,1.054951198629697,2.260060224473036,0.6600021791239922,1.0499493071983776,4.797605731011693,0,0.24000280770715612,7.269967150014931,0.3600067385444744,1.6187248186189953,0.001662477189502257,0.026929456674506424,8.203282365473e-4,0.03222849149297888,0.04791453753900279,0,0,0,0.03428209169689015,0.01,0.005078272050635159,0,0.01,0.08999904314504555,0.3200015239982093,0.2932641590555287,0.2690006232429852,0.30000271213408786,0.20999790345405944,0.660011067047865,0.08000060958650985,0.07505668713148736,0.08999935589270343,0.17999447427534926,0.5700000000000001,0.12999852968976452,0.1828873115540098,0.0726013268103175,0.07999900343813843,0.12000116384918177,0.12000077911200709,0.07193526364148639,0.11901311489627957,0.2199876673713883,0.9499939165348582,0.028316228389261577,0,0,0.5404181952989822,1.071175792494323,0.22999865265427108,0.2600028919047324,0.25999503763129606,0.14999782011596985,0.5900215982721382,0.2500041896398586,0.9100172615401748,0.5899945250479058,0.26000008678072334
MKD,0.15239879322251984,0.07000026259125046,0.4787569614290095,0.025966576517111865,0.24000000000000002,0.540000663636062,0.18176195116438973,0.16708037260716893,1.232832177452862,0.4090233397379857,0.09999974621930205,0.2713618516857786,0.152737808511493,0.2686132335556286,0.10385456839515603,1.9242606047777917,0.00999998904890867,0.18000165909703641,0.05999797228793511,1.429999494809164,0.3699853348541633,0.9865078129582753,1.0022693956782038,2.7699194270367054,0.9200027897893709,0.7896967957991765,4.797605731011693,0,0.14,0.6000028076874482,0.8800012882309369,1.6650028596682787,0.001662477189502257,0.026929456674506424,8.203282365473e-4,0.03222849149297888,0.04791453753900279,0,0,0,0.03428209169689015,0.009999999999999998,0.005078272050635159,0,0.004422576099907576,0.10000021921539887,0.2300005960108733,0.2313254702485604,0.37000094843666026,0.2600120554550934,0.040000264876104204,0.6200069771498343,0.049999287109514234,0.029999653799549938,0.060001030635644534,0.1299996888321872,0.39000454581918337,0.14000052621885442,0.0988262554576459,0.07999983926576602,0.13,0.1900018732761015,0.10999949112004477,0.2535255730340779,0.09031183639111554,0.2400034573289973,0.6500024333268445,0.028316228389261577,0,0,0.5600027459300134,1.1847320602126963,0.35999287707010147,0.17999599786552825,0.22000408544414612,0.19999999999999998,0.46000097333073775,0.5299948844861674,0.31001375370292,0.5153879296569214,0.26000008678072334
MLI,0.20088402086147852,0.21500023446183406,0.4787569614290095,0.18308994816315,0.24002192568098055,0.5307296293955717,0.13509228441754917,0.13519505860634898,1.45996303142329,0.42834086507424146,0.10649907070827705,0.2733325090329583,0.15444626396069847,0.2686132335556286,0.10385456839515603,1.9242606047777917,0.005999880978357898,0.1800031285848368,0.0899990875079843,1.2784041683529075,1.2699968714151633,0.7621462611143693,1.1134863226306915,2.315588499550764,0.43650606469002695,0.7896967957991765,4.797605731011693,0,0.1672744182781736,9.829911488274478,0.8432426551161574,1,0.001662477189502257,0.026929456674506424,8.203282365473e-4,0.03222849149297888,0.04791453753900279,0,0,0,0.03428209169689015,0.010000007080109508,0.005078272050635159,0,0.004422576099907576,0.12968328686988712,0.250918993822052,0.07860594131907082,0.31001516042201666,0.21428317693377935,0.0794054249481111,0.5996294408748002,0.06999952001326509,0.07505668713148736,0.06,0.20399586497554767,0.3725427300233619,0.2099995619990364,0.18759320649636968,0.04999969021257613,0.09999999999999999,0.10799722255766213,0.10857193181595788,0.5936906993238267,0.11751537051757568,0.24309320287061445,0.6468606685778009,0.028316228389261577,0,0,0.5600097656249999,1.3892311845516412,0.4400009471042289,0.5551657198486587,0.2799970540580351,0.5200052898602997,7.705020951046093,0.46404635559735957,1.1199579958673727,0.5153879296569214,0.26000008678072334
MLT,0.15239863459792852,0.06999999999999999,0.33000328503120785,0.025966710604956564,0.23999297040812187,0.5400091691352801,0.18176195116438973,0.16708037260716893,1.232832177452862,0.4090233397379857,0.09999991999558376,0.3000056328507858,0.152737808511493,0.2686132335556286,0.10385456839515603,1.9242606047777917,0.009999642380770129,0.1799993240731353,0.0600002920006424,1.430019431752534,0.36999532054281703,0.9689080308227781,1.080766990652949,2.7699607628433247,0.92,0.7800027037074589,4.797605731011693,0,0.1400030190957808,0.6000030416863109,0.8799951513192452,1.6187248186189953,0.001662477189502257,0.026929456674506424,8.203282365473e-4,0.03222849149297888,0.04791453753900279,0,0,0,0.03428209169689015,0.01,0.005078272050635159,0,0.004422576099907576,0.0999998554048231,0.23000016274364082,0.2586600061578475,0.3700006701990897,0.2600020999028795,0.03999977043949359,0.6200024265826858,0.0500004562501711,0.07505668713148736,0.05999892943395394,0.13000280662363178,0.39001050520485153,0.14000389332295113,0.11649039883597091,0.08000055734952434,0.13000028782776388,0.18999918869419466,0.10999898303935639,0.12682261914252216,0.09785344576168145,0.24309320287061445,0.649983408914943,0.028316228389261577,0,0,0.5602925947676893,1.184499725330649,0.3600024693644473,0.1800003896660562,0.2200003527554611,0.2,0.4599932874643397,0.5299908842297174,0.3099984546437954,0.5300010138902971,0.26000008678072334
MMR,0.205058625525,0.176667476454,0.646251527865,0.0526305817462,0.240012745382,0.446910291675,0.181761951164,0.167080372607,1.30134847957,0.506665619598,0.186661923034,0.517123694789,0.328497127096,0.315080329328,0.114619123747,1.28617373652,0.0266665333326,0.323333562643,0.106842651766,1.07279384952,0.68609177683,4.00560087076,0.483148072841,2.39999807921,0.691685836078,0.786459799045,4.79760573101,0,0.138231135861,2.341585769,0.887753148425,1.61872481862,0.00444165145967,0.0269294566745,0.0072135521577,0.0514872832527,0.047914537539,0,0,0,0.0342820916969,0.01000000236,0.00507827205064,0,0.01294872203,0.113762337115,0.253588723109,0.346822635613,0.363335141317,0.30205685151,0.0531356700069,0.593211920069,0.0566661807898,0.0750566871315,0.0533336848921,0.126666573602,0.372542730023,0.110000632666,0.140587634657,0.129999965567,0.529998663765,0.146666216682,0.103332399054,0.150714919569,0.0992705479251,0.27769482407,0.647912326693,0.0488776185618,0,0,0.565008371367,1.11661090021,0.406667147765,0.428386826546,0.326662485494,0.313329400985,1.10020024274,0.486035058065,0.579989198951,0.443593169783,0.260000086781
MNE,0.15239863020497296,0.06999932718831998,0.3299936125558901,0.025966727574044956,0.24000000000000002,0.5400226302149871,0.18176195116438973,0.16708037260716893,1.232832177452862,0.4090233397379857,0.09999979504458806,0.3,0.152737808511493,0.2686132335556286,0.10385456839515603,1.9242606047777917,0.010000036812887456,0.1799997048877299,0.06000152085472035,1.4299945201189916,0.37000987445337846,1.3506328905366187,0.8282158896133356,2.126709522557208,0.9199929353585304,0.7799970709835862,4.797605731011693,0,0.13999561307304234,0.6000091249201569,0.8800123380629241,1.6187248186189953,0.001662477189502257,0.026929456674506424,8.203282365473e-4,0.03222849149297888,0.04791453753900279,0,0,0,0.03428209169689015,0.01,0.005078272050635159,0,0.004422576099907576,0.10000018677484666,0.2299990830929391,0.2962631645973528,0.37000066651933083,0.2599931362101042,0.039999999999999994,0.619977026897674,0.049998575403873,0.07505668713148736,0.05999996263023364,0.12999357739242132,0.38999933150611676,0.1400002700926418,0.11306811754191139,0.07999895220756768,0.1300013629548862,0.19000054954113313,0.10999895386546708,0.2535255730340779,0.09502495039980761,0.23998881822629115,0.6499981749826623,0.028316228389261577,0,0,0.5599959606970116,1.1625331723473047,0.36000622194569126,0.17999599786552825,0.2199923466133764,0.19999999999999998,0.4599831880723798,0.5299875570302779,0.310006373486297,0.5153879296569214,0.26000008678072334
MNG,0.3103787933709086,0.13000246230500717,1.1299898355202365,0.10595854929206792,0.23999438478276128,0.26999051025622306,0.18176195116438973,0.16708037260716893,0.41958338043118,0.8799964528787106,0.08000007764924671,0.2713618516857786,0.152737808511493,0.2686132335556286,0.10385456839515603,1.9242606047777917,0.05999952520282742,0.6100023440377725,0.049998540039418934,1.2784041683529075,0.9699978100591284,1.300063916753228,0.600812227677746,2,0.23500393081761006,0.7896967957991765,4.797605731011693,0,0.13734588282454427,5.824777527379497,0.9399934299375844,1.6187248186189953,0.01,0.026929456674506424,0.02,0.0900048667721134,0.04791453753900279,0,0,0,0.03428209169689015,0.01,0.005078272050635159,0,0.030001013890297072,0.1,0.2399984478677583,0.41151226801675,0.34999842862979375,0.3861792713453364,0.0794054249481111,0.5600067281545232,0.06999892392123103,0.07505668713148736,0.0399998143903186,0.12000040896450187,0.3725427300233619,0.049999999999999996,0.10852140655333249,0.22999982778514474,1.3499998459087226,0.05999895708400689,0.08999971932975946,0.08027597002415815,0.10225687345354918,0.3499974454605835,0.6468606685778009,0.09000039890699484,0,0,0.560007801664355,1.0897913878114949,0.5,0.5499951973873788,0.539995463262739,0.5399852641124461,1.4202972355247463,0.46404635559735957,1.1199579958673727,0.5153879296569214,0.26000008678072334
MOZ,0.20088470415897688,0.21500000000000002,0.799990875079843,0.14538803072123369,0.24002192568098055,0.5307296293955717,0.13509426507253372,0.13519570104168196,1.460048021982255,0.4283332341223005,0.10649693202152229,0.2733328718408559,0.152737808511493,0.2014072119613017,0.08000000000000002,1.9242606047777917,0.006000109532200856,0.1800031285848368,0.0899990875079843,0.73976875,0.7182802579078594,2.4056014842604934,0.4901904148243607,2.315516262470598,0.43651323929720365,0.7896967957991765,4.797605731011693,0,0.16727759579888732,5.824777527379497,0.8432426551161574,1,0.001662477189502257,0.026929456674506424,8.203282365473e-4,0.03222849149297888,0.04791453753900279,0,0,0,0.03428209169689015,0.01,0.005078272050635159,0,0.004422576099907576,0.12967737948778443,0.25092197475293304,0.32344487363020646,0.31,0.21428864204615322,0.2000072492660118,0.5996294408748002,0.07000132868633803,0.07505668713148736,0.06000081109579042,0.20399768669124557,0.3725427300233619,0.2099995619990364,0.14559554827881516,0.04999886065853936,0.09999999999999999,0.10799989779753692,0.10857142857142857,0.2535255730340779,0.11226838039639407,0.24309320287061445,0.6468606685778009,0.028316228389261577,0,0,0.5599869345092274,1.224150766515937,0.440019566656116,1.769986872858835,0.28,0.5199931273624692,7.704886120303679,0.5299948844861674,1.1199579958673727,0.5153879296569214,0.26000008678072334
MRT,0.20088387187190296,0.21499984773001277,0.8000021470515615,0.18308668496638422,0.24002192568098055,0.5307296293955717,0.1350949219247703,0.13519458697694586,1.232832177452862,0.4090233397379857,0.1065020359910679,0.27332376853180296,0.1544506012732846,0.2686132335556286,0.10385456839515603,1.9242606047777917,0.005999985540461403,0.18,0.07052576522350291,0.739767747335139,1.2700012289541598,2.135160787107771,0.7147247792260047,2.126709522557208,0.43649968062779443,0.7896967957991765,4.797605731011693,0,0.13734588282454427,5.824777527379497,0.8432426551161574,1,0.001662477189502257,0.026929456674506424,8.203282365473e-4,0.03222849149297888,0.04791453753900279,0,0,0,0.03428209169689015,0.01,0.005078272050635159,0,0.004422576099907576,0.12967618865183694,0.2509173710766005,0.343232828311344,0.30998461120666243,0.3861792713453364,0.19999311342194065,0.6199986917558816,0.06999752045623606,0.07505668713148736,0.05999909877433309,0.20400190851076516,0.2400021041280362,0.21000109501040262,0.17406295801920113,0.05000044031526573,0.10000152435538821,0.11633068615573187,0.10857162017167381,0.07189091383204808,0.11250742196902833,0.16999833969782502,0.67000171762281,0.028316228389261577,0,0,0.5600052577492054,1.4967067727561023,0.439994131455399,1.7700410978317351,0.28000857859311074,0.5199985306002498,7.704886120303678,0.5300022121446742,1.1199579958673727,0.5153879296569214,0.26000008678072334
MUS,0.20088404399477583,0.21499974628304663,0.8000221214467427,0.14538856037889192,0.24002192568098055,0.5399943222527138,0.18176195116438973,0.16708037260716893,1.232832177452862,0.4283231315650268,0.10649956547591821,0.2733313216656608,0.152737808511493,0.2686132335556286,0.10385456839515603,1.9242606047777917,0.006000047926727601,0.17999854003941895,0.08999918890420959,0.739789027995766,1.2699985263945408,0.874103090000262,1.3540355220190579,2.3154484898257137,0.4365046603080801,0.7800008111067552,4.797605731011693,0,0.16727425052078615,9.830013557200958,0.8799977538185085,1,0.001662477189502257,0.026929456674506424,8.203282365473e-4,0.03222849149297888,0.04791453753900279,0,0,0,0.03428209169689015,0.009999999999999998,0.005078272050635159,0,0.004422576099907576,0.12967856185198426,0.2509159217998719,0.41328526760656564,0.3099996405592898,0.21429372721323733,0.19999762526715742,0.62,0.07000021201263595,0.07505668713148736,0.05999931455466997,0.20400203185660898,0.2399962249905625,0.21000091249201572,0.17050395413904199,0.05000053645190709,0.1,0.1079991631215566,0.108571851529598,0.6253291478908718,0.12267251464627199,0.16999594813614263,0.6699884125144844,0.028316228389261577,0,0,0.5599986072643294,1.2050409626784486,0.4399953167076455,1.7699888379743862,0.28000270849235465,0.5200128832020614,7.704795970508797,0.5300128144601066,1.3199961527363662,0.29999543753992153,0.26000008678072334
MWI,0.2008840520787043,0.21500350369235272,0.4787569614290095,0.14538779428172507,0.24002192568098055,0.5307296293955717,0.13509239280599514,0.13519497501143135,1.232832177452862,0.4283331715491704,0.10650010210109467,0.2713618516857786,0.152737808511493,0.2686132335556286,0.10385456839515603,1.9242606047777917,0.006000169018845602,0.18000535331905781,0.07052576522350291,0.7397649611708307,1.2699968714151633,1.5658642340120363,0.7147247792260047,2.3155313717586994,0.43650304045122057,0.7896967957991765,4.797605731011693,0,0.16727030251982875,5.824777527379497,0.8432426551161574,1.6187248186189953,0.001662477189502257,0.026929456674506424,8.203282365473e-4,0.03222849149297888,0.04791453753900279,0,0,0,0.03428209169689015,0.010000007080109508,0.005078272050635159,0,0.004422576099907576,0.12967954942707322,0.25091580564004806,0.40858983456148945,0.31000611761107283,0.3861792713453364,0.19999999999999998,0.620001023244709,0.06999982859983203,0.07333343355962998,0.05999873120598871,0.15870035534272012,0.3725427300233619,0.21,0.1710739851465766,0.04999854359034109,0.1,0.10799839550742077,0.10857108844887109,0.2535255730340779,0.11969662350066591,0.24309320287061445,0.6468606685778009,0.028316228389261577,0,0,0.5600105513057241,1.200111871379208,0.44000813699744795,0.5551657198486587,0.2799991751386798,0.5200096598357828,1.4202972355247463,0.46404635559735957,1.1199579958673727,0.5153879296569214,0.26000008678072334
MYS,0.1523987220424795,0.20000009134134306,0.329987590335061,0.025966934553489376,0.24002192568098055,0.5400038933229511,0.18176195116438973,0.16708037260716893,1.7920073219420594,0.3200013068478829,0.24000207896278658,0.6399907828791981,0.152737808511493,0.3142958748221906,0.12000191436411206,1.9242606047777917,0.010000139813209553,0.18000050344862306,0.19999999999999998,0.9699956890357812,0.36999438472645596,1.0781769223917614,0.4721908169640102,2.5999635003193724,0.9200142644374986,0.7896967957991765,4.797605731011693,0,0.14000271273800036,0.5999926999306494,0.8799890500958115,2.5499922009046947,0.001662477189502257,0.026929456674506424,8.203282365473e-4,0.03222849149297888,0.04791453753900279,0,0,0,0.03428209169689015,0.01,0.005078272050635159,0,0.004422576099907576,0.09999761171216355,0.2300007762630696,0.49123148504358366,0.3700019089293843,0.25999655156198564,0.04000111906893465,0.619999681127533,0.049999999999999996,0.07505668713148736,0.059999541752110815,0.1299993559605848,0.6399856767724995,0.1399986734174976,0.15437866033350078,0.08000021933191498,0.12,0.18999913291135018,0.10999933535144803,0.2535255730340779,0.09444494102323464,0.2399987232412648,0.6500053676865272,0.028316228389261577,0,0,0.56226855446093,1.209030321626499,0.35999949247595603,0.1800038871101382,0.22000025458572536,0.19999739629101654,0.4599900596421471,0.52999286415128,0.30999307867242343,0.30000365003467533,0.26000008678072334
NAM,0.20088396466370062,0.2150018391541777,0.4787569614290095,0.14538773746236827,0.19999999999999998,0.5399945250479058,0.1350927840614539,0.13519580340164164,1.4600201409869082,0.42832312857989335,0.10650069156293222,0.27332713754646837,0.152737808511493,0.201400040564029,0.10385456839515603,1.9242606047777917,0.006000083907992678,0.17999854003941892,0.07052576522350291,0.7397572771238251,1.2699467114387912,2.9099755791188198,0.7147247792260047,2.126709522557208,0.4365001564292418,0.7896967957991765,4.797605731011693,0,0.1672712368070499,5.824777527379497,0.8800233602219221,1,0.001662477189502257,0.026929456674506424,8.203282365473e-4,0.03222849149297888,0.04791453753900279,0,0,0,0.03428209169689015,0.01,0.005078272050635159,0,0.004422576099907576,0.12967705529993925,0.2509158962961154,0.30217769902230496,0.31000469704086425,0.21428631366954773,0.2,0.6200057562992228,0.0699981301421092,0.07505668713148736,0.059999603045960664,0.2039935111407987,0.24000114600045838,0.21000408945136784,0.25234603820661716,0.04999966261125394,0.09999652880226323,0.10800117664362405,0.10856868317926335,0.45298215511359924,0.1146024153383182,0.16999783794172052,0.6468606685778009,0.028316228389261577,0,0,0.5783362591067134,1.2005405075912405,0.44000789629532144,1.7700045378913931,0.28000227922083204,0.5200048829615161,7.705020951046092,0.5300094966761634,1.3200116377486246,0.5153879296569214,0.26000008678072334
NER,0.20088162762022196,0.21499900776776096,0.8000022121202066,0.1830941035037152,0.24002192568098055,0.5307296293955717,0.13509221644699107,0.1351941363820449,1.4600170246857942,0.42833692341974305,0.10649963950973325,0.2733369354479865,0.15444263460964924,0.2686132335556286,0.10385456839515603,1.9242606047777917,0.006000015082615023,0.1799981750159686,0.07052576522350291,0.7397572771238251,1.2699732338389162,0.7745654076556223,1.6333835993204413,2.126709522557208,0.4365000329026739,0.7896967957991765,4.797605731011693,0,0.16727169597277367,9.830014086370465,0.8432426551161574,1.6187248186189953,0.001662477189502257,0.026929456674506424,8.203282365473e-4,0.03222849149297888,0.04791453753900279,0,0,0,0.03428209169689015,0.010000007080109508,0.005078272050635159,0,0.004422576099907576,0.1296802133699683,0.2509164624657344,0.32783903830746197,0.30999324937731326,0.3861792713453364,0.20000765228037956,0.5996294408748002,0.07000129617627998,0.07505668713148736,0.05999918890420959,0.20400071569153694,0.2400025068939584,0.11780470985411481,0.2273950791171901,0.049999999999999996,0.1,0.1079987253027406,0.10857538035961273,0.6323992073834768,0.12514368821597577,0.16999908155767818,0.6468606685778009,0.028316228389261577,0,0,0.5600006868013943,1.4540313482259015,0.4399908235833907,0.5551657198486587,0.27998762759047324,0.520001360251193,1.4202972355247463,0.46404635559735957,1.1199579958673727,0.5153879296569214,0.26000008678072334
NGA,0.20088466754127557,0.2150001271566679,0.8000146001387013,0.1830895117042587,0.24002192568098055,0.5400038933229512,0.13509298279691578,0.1351938586235716,1.4562780046352501,0.42833348257008064,0.10650074829554904,0.2733316988043902,0.15444618378422265,0.3332277473491377,0.08000025524529072,0.006000081109579041,0.006000099545409298,0.18000494926998267,0.07052576522350291,1.2784041683529075,0.7182802579078594,0.8181315121235379,0.445626765943968,2.315563007255516,0.4365066197697182,0.7896967957991765,4.797605731011693,0,0.1672645739910314,9.830273387597181,0.8432426551161574,1,0.001662477189502257,0.026929456674506424,8.203282365473e-4,0.03222849149297888,0.04791453753900279,0,0,0,0.03428209169689015,0.01,0.005078272050635159,0,0.004422576099907576,0.12967897177064383,0.25091536109277546,0.5239850114969632,0.31000488838194556,0.3861792713453364,0.0794054249481111,0.6199995610368311,0.09338921350517998,0.07333476792124795,0.06000202778059414,0.20399933251752142,0.24000267397553315,0.20999874859216622,0.21945485509653959,0.05,0.09999999999999999,0.10800356575326539,0.10857412356547713,0.650004888461183,0.113994288856645,0.17000171320884017,0.6468606685778009,0.028316228389261577,0,0,0.559994898742926,1.2000301960763688,0.44000957930869317,1.7699909360995014,0.2799978704147367,0.5199932674505279,7.704989836142901,0.5300077425063598,1.3200116377486246,0.5153879296569214,0.26000008678072334
NIC,0.32277820295426973,0.10209973270658404,0.4787569614290095,0.09000010303078615,0.24002192568098055,0.5499951973873788,0.18176195116438973,1.9160026718832006,1.2820021035698816,0.2799995019796309,0.07000021159393713,0.2713618516857786,0.152737808511493,0.2686132335556286,0.10385456839515603,0.6500044511706579,0.4500000493509852,0.7245998127857879,0.2599963500319372,1.3150004660743564,0.6499902666926223,1.3506328905366187,0.7147247792260047,2.126709522557208,0.6600011774171393,0.7896967957991765,4.797605731011693,0,0.23999415076405645,7.270047169811321,0.35998978027593254,1.6187248186189953,0.001662477189502257,0.026929456674506424,8.203282365473e-4,0.03222849149297888,0.04791453753900279,0,0,0,0.03428209169689015,0.01,0.005078272050635159,0,0.01,0.09000000000000001,0.32000292746168163,0.5139658093587707,0.2689995469739082,0.3861792713453364,0.20999724530554156,0.6600120358983751,0.08,0.08,0.09000126736098167,0.180001004469891,0.3725427300233619,0.1300001460003212,0.2422298543908836,0.07259924280728582,0.08000370730803094,0.11999886788180686,0.1200002472065658,0.0601382008849416,0.10103263764442648,0.22000192441846478,0.6468606685778009,0.028316228389261577,0,0,0.5400230190670899,1.0599999584300701,0.2299984566710394,0.26000160089650204,0.26000499529289706,0.15,0.5899913021868787,0.46404635559735957,0.9099996351829557,0.5899916049202468,0.26000008678072334
NLD,0.15239880253632435,0.070000116242575,0.3299935825445211,0.025966665417110707,0.23999869309721952,0.5400038933229511,0.18176195116438973,0.16708037260716893,0.96188924580798,0.4090233397379857,0.1000001555010841,0.30000859254167384,0.152737808511493,0.2686132335556286,0.10385456839515603,1.9242606047777917,0.010000240131625253,0.1799974535268653,0.05999797228793511,1.4299445201479464,0.36999532054281703,0.558709088968455,0.8095317949206214,2.126709522557208,0.9199941009475353,0.7896967957991765,4.797605731011693,0,0.14000456542829423,0.6000112309074573,0.8800013904821496,1.6187248186189953,0.001662477189502257,0.026929456674506424,8.203282365473e-4,0.03222849149297888,0.04791453753900279,0,0,0,0.03428209169689015,0.01,0.005078272050635159,0,0.004422576099907576,0.09999898661315985,0.22999950340169836,0.2642636672058579,0.369999804370366,0.25999619393990653,0.04000024249184621,0.5996294408748002,0.049999613610194504,0.030000221077531888,0.06000030940262683,0.1299983220374842,0.3899887694529119,0.1400002664641539,0.11644650031055113,0.07999896864243262,0.130001910949742,0.1900008949482703,0.10999916410480269,0.13682313009609304,0.091009542693252607,0.23999602227525854,0.6500024333268445,0.028316228389261577,0,0,0.5599990116937804,1.1337730985759482,0.3599855282199711,0.1799988199893799,0.22000225826197026,0.20000396746677243,0.459999336363938,0.5300019751135691,0.30999574737322505,0.5153879296569214,0.26000008678072334
NOR,0.1523987827633276,0.06999992299577247,0.3300002388744237,0.10595854929206792,0.23999909876418038,0.5399974725135852,0.18176195116438973,0.16708037260716893,1.232832177452862,0.4090233397379857,0.09999991231231548,0.3000056328507858,0.152737808511493,0.2686132335556286,0.10385456839515603,1.9242606047777917,0.010000036019724401,0.1800004572020757,0.06000027036891839,1.4300105851005587,0.37000152479701137,1.0196720176219483,1.286284382861982,2.7699326790493957,0.92,0.7896967957991765,4.797605731011693,0,0.1400002648761042,0.5999973928459693,0.8799747315224258,1.6187248186189953,0.001662477189502257,0.026929456674506424,8.203282365473e-4,0.03222849149297888,0.04791453753900279,0,0,0,0.03428209169689015,0.01,0.005078272050635159,0,0.004422576099907576,0.10000074049025391,0.23000125172111655,0.29002047143778525,0.3700002375889474,0.2599973794549266,0.039998688266544236,0.6199959746402335,0.049999240594766174,0.07505668713148736,0.06000047322717271,0.130001011582621,0.38999749310604165,0.13999949828161454,0.11861735843274947,0.07999892148403796,0.12999936270359344,0.18999887814181265,0.11000107171085241,0.08193951278599772,0.09428043237414667,0.2400042648469986,0.65,0.028316228389261577,0,0,0.5599995570056407,1.1340859866120203,0.3599907188986426,0.18000017501232382,0.2200038070260781,0.20000226708532173,0.460003464948892,0.5300016590779214,0.30999108469539377,0.5153879296569214,0.26000008678072334
NPL,0.33757948756793604,0.12999981061921204,1.129985860379468,0.10000040718436087,0.23999452504790583,0.27000401503814286,0.9158621597727743,0.16708037260716893,0.3955979419999798,0.8799971031286211,0.08000010362875518,0.2713618516857786,0.152737808511493,0.23056820702113737,0.12000187415077543,0.01,0.06,0.6099969583291087,0.049998540039418934,1.5600166857857962,0.970021541407372,0.8362250473426794,0.5391031322226976,2.0000365003467535,0.234994068801898,1.1499881712798676,4.797605731011693,0,0.020000298690243282,6.199995133346311,0.8432426551161574,1.6187248186189953,0.010000169767757708,0.12000182498403138,0.02,0.09000034434075961,0.04791453753900279,0,0,0,0.03428209169689015,0.010000007080109508,0.019999771874394043,0,0.03000065765676893,0.09999999999999999,0.23999050824057297,0.39609127142906897,0.3500011194781739,1.010024836306164,0.0794054249481111,0.5600081201786439,0.07000062810124992,0.07505668713148736,0.040000544373222285,0.12000000000000001,0.3900011460004584,0.05,0.13189671944079873,0.22999991882260304,1.350006814774431,0.06,0.09000127860887355,0.2535255730340779,0.08506953507289274,0.3500030655412724,0.6468606685778009,0.09000000000000001,0,0,0.5575564095521623,1.4711261227080623,0.49997800941197174,0.5499951973873788,0.540014847809948,0.5399945066682943,1.4202972355247463,0.46404635559735957,1.1199579958673727,0.5153879296569214,0.26000008678072334
NZL,0.15239838485383222,0.0699974413467915,0.3299961761740884,0.025966440572771202,0.24000073000693506,0.5399926180093232,0.18176195116438973,0.16708037260716893,1.8,0.16000389130293793,0.09999999999999999,0.29999471933252364,0.152737808511493,0.2686132335556286,0.10385456839515603,1.9242606047777917,0.010000363787390523,0.17999923825967729,0.05999919781806514,1.4300025886616619,0.36999705192817933,0.44033817671166137,0.9848359687582179,2.7699743241202235,0.9199866405839974,0.7800308999613751,4.797605731011693,0,0.1400016323865491,0.5999939167198953,0.8799994384625104,1.6649976602714085,0.001662477189502257,0.026929456674506424,8.203282365473e-4,0.03222849149297888,0.04791453753900279,0,0,0,0.03428209169689015,0.01,0.005078272050635159,0,0.004422576099907576,0.1000005693928564,0.2907669820403571,0.299441894706324,0.36999829266778417,0.260002204950113,0.040000524356352575,0.6199982380407012,0.05000217988403017,0.07505668713148736,0.060000300376973105,0.13000245777887012,0.3900156617071261,0.14000195335043994,0.15474874420644325,0.0800002704219258,0.1299993225085251,0.19000050213110348,0.10999993518740563,0.06678943616875296,0.09020553463483114,0.24000197086405964,0.6499954375399215,0.028316228389261577,0,0,0.5649636620023865,1.130000042342051,0.3599973053085422,0.18000142300645688,0.2199993333555548,0.19999735505713076,0.46000730015817015,0.5299749047309229,0.30999526290857415,0.5300129409032087,0.26000008678072334
OMN,0.255760191704,0.0700003654588,0.38950087589,0.0523865301756,0.240011566992,0.536291466413,0.16245579708,0.158392252039,1.45122967069,0.359218250438,0.0999999611798,0.299999684531,0.152737808511,0.209167665502,0.0850836547161,1.92426060478,0.0099999303957,0.180000475912,0.0599993874033,1.42999554639,0.369998886081,0.700136021165,0.969148757942,2.64130489803,0.919996405796,0.781943320852,4.79760573101,0,0.13999903199,1.64496206898,0.879992280807,1.64647969918,0.0016624771895,0.0269294566745,0.000820328236547,0.032228491493,0.047914537539,0,0,0,0.0342820916969,0.01,0.00507827205064,0,0.00442257609991,0.0999998276501,0.229999908096,0.303846498142,0.369999556351,0.260001193258,0.0399996030611,0.615925110749,0.0499997342718,0.0750566871315,0.0600000626036,0.130000519308,0.390000821911,0.140001649409,0.136913763087,0.0800002536532,0.129999265849,0.145797831421,0.109999715608,0.147126659204,0.0921617428688,0.240619351978,0.64936967996,0.0283162283893,0,0,0.560789431508,1.20928491964,0.359997185317,0.179997770193,0.21999963679,0.199999321442,0.45999879638,0.530002389335,0.310001429507,0.518310546504,0.260000086781
PAK,0.3375790460676977,0.13000111674709205,1.1299844876357332,0.09999899725247177,0.24002192568098055,0.5307296293955717,0.9158550177646695,0.20545769015978355,1.232832177452862,0.879986095420179,0.0799985088183063,0.23000434530706837,0.152737808511493,0.23000214986191272,0.11999914185188365,0.009999999999999998,0.06000072825255799,0.6099863733696711,0.0499990875079843,1.5599971922928437,0.9699940582293524,1.3837017699871825,0.7824428900754345,2.126709522557208,0.23499472787736234,0.7896967957991765,4.797605731011693,0,0.02,5.824777527379497,0.8432426551161574,2.280013912163658,0.01,0.11999878334397908,0.02,0.09,0.17000108416754,0,0,0,0.09000024333268444,0.01,0.019999513334631108,0,0.004422576099907576,0.09999999999999999,0.24000146439089473,0.4696283698127244,0.3499979871291285,1.010000123917273,0.0794054249481111,0.5599905804780407,0.06999821778649082,0.07505668713148736,0.039999755689383486,0.12000057254913188,0.3899950263922091,0.04999860956618465,0.12295972454309828,0.23000022482182872,1.3499942789580075,0.11633068615573187,0.09000013166383589,0.5198843484216188,0.08283987526923199,0.3500019603999216,0.14000073000693505,0.08999739289128357,0,0,0.5587741079798808,1.4375915921505713,0.5,0.5499951973873788,0.5399992266945056,0.6230601607663449,1.2599973719942184,0.44000331817113464,1.3099873042742276,0.5153879296569214,0.26000008678072334
PAN,0.3227774270461106,0.10210018554597977,0.4787569614290095,0.08999996965918158,0.27000401503814286,0.5499954938716655,0.18176195116438973,0.16708037260716893,1.2820143884892086,0.2799984618638365,0.07000199108606087,0.33999797221940586,0.10000081934305073,0.2497755279792344,0.10385456839515603,0.6499976840057438,0.450000135486301,0.7246008823436061,0.25998978027593256,1.3149978907210067,0.6499883513240662,0.694895307557106,1.0631274165765594,2.2599894342522333,0.6600062571696736,1.0500197149777502,4.797605731011693,0,0.2399970651535903,5.824777527379497,0.3599893818230082,1.6187248186189953,0.001662477189502257,0.026929456674506424,8.203282365473e-4,0.03222849149297888,0.04791453753900279,0,0,0,0.03428209169689015,0.01,0.005078272050635159,0,0.01,0.09000077802210403,0.32000121986550983,0.3220119300664734,0.26899813796203154,0.3000021313781491,0.2100074770768565,0.6599843014128728,0.07999837285929301,0.08,0.09000083541554328,0.18000290796297197,0.5699903738167816,0.12999890108164963,0.19856491542952187,0.07259868278387371,0.5635822613394856,0.1199990627269958,0.1200002350065802,0.14012473212811505,0.10189564720194948,0.22000558815311538,0.949995133346311,0.028316228389261577,0,0,0.5409804493710615,1.0582445127785094,0.23000135814206166,0.25999805957116523,0.25999904085938996,0.14999582393719202,0.5899934019344966,0.25000276515025827,0.9099955918007494,0.5899916049202467,0.26000008678072334
PER,0.3227775133399683,0.10209989906698505,0.5400057729731743,0.16925928133533785,0.24002192568098055,0.5499872248786363,0.18176195116438973,0.16708037260716893,0.8797837152539802,0.28000054523727663,0.07000006602534053,0.3400008057368463,0.152737808511493,0.22387013356741242,0.10385456839515603,0.6499999999999999,0.4499992167388137,0.7246,0.25998978027593256,1.314992290125505,0.6500016743126946,0.8922523952519218,0.7210344865318055,2.2599689752714665,0.6599980270296931,1.0499493071983776,4.797605731011693,0,0.2400037603409376,7.270006387444109,0.3600167177486765,2.55,0.001662477189502257,0.026929456674506424,8.203282365473e-4,0.03222849149297888,0.04791453753900279,0,0,0,0.03428209169689015,0.01,0.005078272050635159,0,0.01,0.09000313743621922,0.31999950978589903,0.3088078722800799,0.2689996295238391,0.3000054348810667,0.20999815361890695,0.6600116301608839,0.07999965913351739,0.08000039167878421,0.09000125001736135,0.17999872522149277,0.5699875795099553,0.13000102113754725,0.17665820103231777,0.07259929995434485,0.07999893469692126,0.1199993150919489,0.11999920087105057,0.2520813685083613,0.10840320289618242,0.2200044777790216,0.6468606685778009,0.028316228389261577,0,0,0.5400034522936176,1.068251919117414,0.23000549009671012,0.260001298026999,0.2600013098302762,0.15,0.5900031679131716,0.2500095350699874,0.9100010153315057,0.5899990875079842,0.26000008678072334
PHL,0.15239961210911207,0.1999998770837002,0.33000778664590225,0.025966432623828112,0.24002192568098055,0.5400107353730542,0.18176195116438973,0.16708037260716893,1.6844620582796566,0.3200002312321397,0.23999185501934436,0.6400062201948994,0.6800157642636271,0.40801452087185863,0.12000358728308147,0.01,0.01,0.17999910430382016,0.20000365003467532,0.97,0.3699972625239529,5.0767701050344,0.1339072116180829,2.5999635003193724,0.9200410630774495,0.779985805535841,4.797605731011693,0,0.14000164193502043,0.5999926999306494,0.8800233602219221,1.6187248186189953,0.001662477189502257,0.026929456674506424,8.203282365473e-4,0.03222849149297888,0.04791453753900279,0,0,0,0.03428209169689015,0.009999999999999998,0.005078272050635159,0,0.004422576099907576,0.10000100027674323,0.23000073942013033,0.28090888910339357,0.3700056741303304,0.2599953819647964,0.040000765198760384,0.6199995911776129,0.04999979485159565,0.07505668713148736,0.059999212505414026,0.12999931184194885,0.3725427300233619,0.1400014599961067,0.13643350196400925,0.07999970470551758,0.11999685830977065,0.19000088247900962,0.10999777907475222,0.11834321564979998,0.09919967684970846,0.2399938238775755,0.650015642924184,0.028316228389261577,0,0,0.57300172253886,1.1300257166154426,0.360004181476061,0.17999956240154033,0.22000147912583662,0.20000293884268375,0.4600062571696736,0.5300124630004673,0.31000642705294906,0.3000036500346753,0.26000008678072334
POL,0.15239848087463154,0.06999837053935148,0.3299966923733092,0.10595854929206792,0.23999966957636149,0.5399901509226268,0.18176195116438973,0.16708037260716893,0.33388767500745714,0.4090233397379857,0.1,0.30000422457859827,0.152737808511493,0.2686132335556286,0.10385456839515603,1.9242606047777917,0.010000057923380606,0.17999828237718996,0.05999933636393801,1.430021672179765,0.36999414620708654,1.4349467134952882,1.066393145421688,2.770011315107493,0.9199617624054922,0.7896967957991765,4.797605731011693,0,0.13999402628434887,5.824777527379497,0.8799994384625104,1.6649508656995788,0.001662477189502257,0.026929456674506424,8.203282365473e-4,0.03222849149297888,0.04791453753900279,0,0,0,0.03428209169689015,0.01,0.005078272050635159,0,0.004422576099907576,0.10000034078052371,0.22999978442235972,0.38474693863192205,0.36999749521262415,0.2599909515910119,0.0399984348098294,0.6199769141977683,0.049999999999999996,0.07505668713148736,0.06000094315154088,0.1300054128826607,0.38999933150611676,0.14000401221496556,0.17994005454430095,0.0800015894881848,0.13,0.1900001007512686,0.11000021221735301,0.09103410045673639,0.0901179487347846,0.2399970105471633,0.6499991197751319,0.028316228389261577,0,0,0.559998968868419,1.1303382897538061,0.3600154334728282,0.17999949842002305,0.21999927643717668,0.6230601607663449,0.4600062571696736,0.5300077425063598,0.3100158702168929,0.5300215352045844,0.26000008678072334
PRT,0.15239860311236367,0.07000006701349876,0.3300017056114617,0.02596670602571758,0.23999866463394276,0.5399965887770766,0.18176195116438973,0.16708037260716893,0.5508503413805335,0.4090233397379857,0.10000008367717679,0.2999956547558697,0.1699992042229237,0.2686132335556286,0.10385456839515603,1.9242606047777917,0.01000007749474973,0.18000274436262179,0.060002027780594144,1.42999394469488,0.3699969203043196,0.877573357228741,1.1010196629469369,2.770011315107493,0.9200020137944923,0.7896967957991765,4.797605731011693,0,0.1400027259097724,5.824777527379497,0.8799977538185085,1.6187248186189953,0.001662477189502257,0.026929456674506424,8.203282365473e-4,0.03222849149297888,0.04791453753900279,0,0,0,0.03428209169689015,0.009999765725664753,0.005078272050635159,0,0.004422576099907576,0.1,0.23000015807027804,0.3571842265613285,0.3700009602206762,0.2599983604765548,0.04000047495220794,0.6199994393204563,0.05000159560161019,0.03000037436358191,0.060000100384976385,0.12999654815326198,0.38999933150611676,0.13999586142677312,0.11853107854951747,0.07999984478858266,0.12999942074877874,0.18999960586251358,0.10999978295228303,0.08188807242692533,0.09765182619565503,0.2399953640081461,0.6499855921621362,0.028316228389261577,0,0,0.5601207058885856,1.1981595253576731,0.3600035865861677,0.18000124622238836,0.21999701715137956,0.19999999999999998,0.45999897182808963,0.5300021145431774,0.3099943610536774,0.5299971184324274,0.26000008678072334
PRY,0.32277674175720394,0.1020999179250382,0.5400067786004797,0.16926046915084067,0.24002192568098055,0.550004055478952,0.18176195116438973,0.16708037260716893,1.282051282051282,0.27999999999999997,0.0700001590406667,0.34000227250876225,0.152737808511493,0.2686132335556286,0.10385456839515603,1.9242606047777917,0.45000007427753946,0.724620736854112,0.2600058961436413,1.3149942968877302,0.6499810390595374,0.9291223946542397,0.7147247792260047,2.126709522557208,0.6600277722674072,1.0499894388509472,4.797605731011693,0,0.2399976602714085,7.269978868504467,0.36000292002774026,1.6187248186189953,0.001662477189502257,0.026929456674506424,8.203282365473e-4,0.03222849149297888,0.04791453753900279,0,0,0,0.03428209169689015,0.01,0.005078272050635159,0,0.009999999999999998,0.09000088697040474,0.3200027813372272,0.20784029532785472,0.2690004293630966,0.3,0.20999945890373897,0.5996294408748002,0.08000107723796186,0.07505668713148736,0.08999923395127932,0.18000347614495524,0.3725427300233619,0.12999912244778564,0.16432741248812652,0.0726012674647,0.08000331016219796,0.12000009029691885,0.12000037241173842,0.060440693428756506,0.10747537672482878,0.21999717753316397,0.9499954375399214,0.028316228389261577,0,0,0.5411775819612986,1.059698272033661,0.2299989834299075,0.5551657198486587,0.2600034644032565,0.14999389648437497,0.5899844267081954,0.46404635559735957,0.9100687709398695,0.5153879296569214,0.26000008678072334
ROU,0.15239861022389106,0.06999990664936567,0.3300003067202405,0.025966748983035037,0.24,0.5400127748882197,0.18176195116438973,0.16708037260716893,0.4331171448892455,0.4090233397379857,0.09999995099026618,0.3000101389029707,0.152737808511493,0.2686132335556286,0.10385456839515603,1.9242606047777917,0.01,0.17999866301223344,0.060001042861612265,1.4300226478154752,0.3700073000312858,0.837767441844883,0.7718406468626545,2.126709522557208,0.9199617624054922,0.7896967957991765,4.797605731011693,0,0.14,0.6000081109579042,0.8800143138307389,1.6649976602714085,0.001662477189502257,0.026929456674506424,8.203282365473e-4,0.03222849149297888,0.04791453753900279,0,0,0,0.03428209169689015,0.01,0.005078272050635159,0,0.004422576099907576,0.0999996625167476,0.2300004696762705,0.3231769339019551,0.3699974675578816,0.2599980623910095,0.04,0.6200014535940113,0.05,0.02999918619791667,0.05999930644657905,0.1299997895047046,0.38999933150611676,0.14000199807553776,0.08524591302250753,0.08000059239951424,0.12999969208978662,0.19000070716356696,0.10999827846745347,0.07259682536635002,0.09252937903799593,0.24000262829358038,0.6499939166993363,0.028316228389261577,0,0,0.5629319224211765,1.246167326352019,0.35999712261266764,0.18000325102333348,0.22000049099032748,0.200003111678128,0.4600062571696736,0.5300022121446742,0.3100158702168929,0.5300215352045844,0.26000008678072334
RUS,0.1523985442695413,0.06999962525763538,0.3299935825445211,0.025967441164060055,0.24000228635819887,0.5399928677812506,0.13313350360722415,0.06769133272099374,0.2546038175669221,0.4090233397379857,0.10000004366680655,0.2713618516857786,0.152737808511493,0.2686132335556286,0.10385456839515603,1.9242606047777917,0.010000063381799283,0.17999971259825548,0.059998413076251686,1.2784041683529075,0.3700014116033798,1.2243651575653856,1.1187036026178134,2.7699607628433247,0.91998483124763,0.7896967957991765,4.797605731011693,0,0.14,0.6000121669302835,0.8799714717234436,1.6187248186189953,0.001662477189502257,0.026929456674506424,8.203282365473e-4,0.03222849149297888,0.04791453753900279,0,0,0,0.03428209169689015,0.009999999999999998,0.005078272050635159,0,0.004422576099907576,0.10000050473865472,0.23000094637296786,0.3948704369961781,0.3700001400684468,0.2600020363833831,0.039999426111908175,0.6200007849601632,0.049999683862442225,0.07505668713148736,0.05999953024442948,0.12999541967250658,0.3900126060050424,0.13999756668795815,0.15299312907135768,0.0799996828869968,0.12999999999999998,0.18999972566457757,0.1100010461345329,0.1100838278895428,0.09452863429777174,0.23999431545662872,0.6499952801988609,0.028316228389261577,0,0,0.5607650633771571,1.1317355375949443,0.35999421843792706,0.18000575492251408,0.2200043261951114,0.19999206538125844,0.45998517553514073,0.5299866514111365,0.309997806649722,0.5153879296569214,0.26000008678072334
RWA,0.20088516295193065,0.21500176688303235,0.4787569614290095,0.1453867545064804,0.20000608346514176,0.5307296293955717,0.1350925451589193,0.1351952453916516,1.4599878163593065,0.4283333061676099,0.10649986987784113,0.27333328117854644,0.15444656810388444,0.3332005853394992,0.10385456839515603,1.9242606047777917,0.0060000140926450484,0.2965550003296504,0.0899990875079843,0.7397657435610423,1.2700101317122594,1.3506328905366187,0.7147247792260047,2.3155645394166906,0.43650729985560727,0.7896967957991765,4.797605731011693,0,0.13734588282454427,5.824777527379497,0.8432426551161574,1.6187248186189953,0.001662477189502257,0.026929456674506424,8.203282365473e-4,0.03222849149297888,0.04791453753900279,0,0,0,0.03428209169689015,0.01,0.005078272050635159,0,0.004422576099907576,0.1296785380818994,0.25091798164036716,0.2452706219009156,0.3099866563663179,0.21428354890864995,0.0794054249481111,0.6200107925047916,0.06999936378674132,0.07333330988180822,0.05999711593924245,0.20400035717474777,0.3725427300233619,0.11780470985411481,0.1523637033647594,0.05,0.09999999999999999,0.108007229294358,0.10857045716079089,0.5810432772952268,0.12672658526296804,0.17,0.6699864427990405,0.028316228389261577,0,0,0.5599968117127176,1.2391084889770854,0.43998223450454005,1.7700028815675728,0.27999802034099625,0.5200129175124562,1.4202972355247463,0.46404635559735957,1.1199579958673727,0.5153879296569214,0.26000008678072334
SAU,0.32466813203452694,0.06999992169483696,0.4787569614290095,0.06999962269660379,0.24002192568098055,0.54,0.08523118074130685,0.12363976976796197,1.7575848978702417,0.4090233397379857,0.099998269626758493,0.3,0.152737808511493,0.1199986268451768,0.10385456839515603,1.9242606047777917,0.009999965673996794,0.1800004866653689,0.060000000000000005,1.4300029863622787,0.3700073000312858,0.7630763256118346,0.9820516502770158,2.7699607628433247,0.9199941601576758,0.7800371768151861,4.797605731011693,0,0.13999415076405644,5.824777527379497,0.8799669444253151,1.66500012314361,0.001662477189502257,0.026929456674506424,8.203282365473e-4,0.03222849149297888,0.04791453753900279,0,0,0,0.03428209169689015,0.01,0.005078272050635159,0,0.004422576099907576,0.10000047251386829,0.22999903997650767,0.25199555342598773,0.37000302999697005,0.2600020363833831,0.039999724529289425,0.6199963027743413,0.04999972554766963,0.07505668713148736,0.060001804211657565,0.1300004209994527,0.39000017278816745,0.14000249535404477,0.15992702392227626,0.08000041531688679,0.12999910597210632,0.11633068615573187,0.10999952052167242,0.12000093688516911,0.09000004022671777,0.2400017560033364,0.6499951973873788,0.028316228389261577,0,0,0.5600020770948366,1.1688697877711294,0.3599937455325232,0.17999664935500084,0.22000205359893213,0.19999164787438403,0.46000173465552635,0.53000774250636,0.31000317393144305,0.5153879296569214,0.26000008678072334
SDN,0.20088375811213152,0.21499823720939876,0.8000132727212397,0.07468931608336178,0.24002192568098055,0.5307296293955717,0.13509343227009243,0.13519464082972865,1.459950972696864,0.4283362960036869,0.10649742436747588,0.2733375959079284,0.1544481480714685,0.2686132335556286,0.07999999999999999,1.9242606047777917,0.005999972418147021,0.17999805333852442,0.09000024333268444,0.7397647774510798,1.2699759710435867,1.4646000948280506,0.7147247792260047,2.126709522557208,0.4365041934094777,0.7896967957991765,4.797605731011693,0,0.16726915382725582,9.829863127333057,0.8799890500958115,1,0.001662477189502257,0.026929456674506424,8.203282365473e-4,0.03222849149297888,0.04791453753900279,0,0,0,0.03428209169689015,0.010000007080109508,0.005078272050635159,0,0.004422576099907576,0.12968030397143832,0.25091666386341327,0.38380627803379996,0.31000401141023354,0.2142843509629149,0.2,0.5996294408748002,0.06999900222606806,0.07505668713148736,0.06,0.20400057424510698,0.24000187402919884,0.20999824283957125,0.17151662002814147,0.050000404868134445,0.09999915049780828,0.11633068615573187,0.10857307249712314,0.35040853935220195,0.10756820942579878,0.1700064760847442,0.6468606685778009,0.028316228389261577,0,0,0.5599927203378008,1.3150466104864493,0.43999783737024223,1.76995485544136,0.2799955008154772,0.5200092574224691,1.4202972355247463,0.46404635559735957,1.3199851883199323,0.5153879296569214,0.26000008678072334
SEN,0.20088397215309772,0.21500024132664264,0.4787569614290095,0.18308987201958957,0.24002192568098055,0.5307296293955717,0.13509295343049788,0.1351940559068361,1.4599842100646219,0.42833538728376463,0.1064998965350746,0.27334116265413977,0.152737808511493,0.2686132335556286,0.10385456839515603,1.9242606047777917,0.005999887541835659,0.17999507874015747,0.0899990478306408,1.2784041683529075,1.2699835751437174,0.76799430927974,0.8682990403874448,2.3154989762307485,0.4365043051453767,0.7896967957991765,4.797605731011693,0,0.16727214274232438,9.829853153382567,0.8800004866653689,1,0.001662477189502257,0.026929456674506424,8.203282365473e-4,0.03222849149297888,0.04791453753900279,0,0,0,0.03428209169689015,0.009999999999999998,0.005078272050635159,0,0.004422576099907576,0.12967910315962983,0.25091645304845406,0.26156592267812445,0.3099990926413211,0.3861792713453364,0.2,0.5996294408748002,0.07000019074141187,0.07505668713148736,0.05999818412929,0.20399955958050042,0.23999679127226053,0.2100009733307378,0.18607979294329013,0.04999939040001951,0.1,0.10799762642579284,0.10857045237119037,0.16345692571867879,0.11776353585171535,0.16999902467570469,0.6699922133540978,0.028316228389261577,0,0,0.5599991262053654,1.2617086129010358,0.44000396340456455,1.7700259544355463,0.2800009273856997,0.5199922209257098,7.704941966566904,0.46404635559735957,1.3200389782139625,0.5153879296569214,0.26000008678072334
SLB,0.205058625525,0.176667476454,0.646251527865,0.0526305817462,0.240012745382,0.446910291675,0.181761951164,0.167080372607,1.30134847957,0.506665619598,0.186661923034,0.517123694789,0.328497127096,0.315080329328,0.114619123747,1.28617373652,0.0266665333326,0.323333562643,0.106842651766,1.07279384952,0.68609177683,4.00560087076,0.483148072841,2.39999807921,0.691685836078,0.786459799045,4.79760573101,0,0.138231135861,2.341585769,0.887753148425,1.61872481862,0.00444165145967,0.0269294566745,0.0072135521577,0.0514872832527,0.047914537539,0,0,0,0.0342820916969,0.01000000236,0.00507827205064,0,0.01294872203,0.113762337115,0.253588723109,0.346822635613,0.363335141317,0.30205685151,0.0531356700069,0.593211920069,0.0566661807898,0.0750566871315,0.0533336848921,0.126666573602,0.372542730023,0.110000632666,0.140587634657,0.129999965567,0.529998663765,0.146666216682,0.103332399054,0.150714919569,0.0992705479251,0.27769482407,0.647912326693,0.0488776185618,0,0,0.565008371367,1.11661090021,0.406667147765,0.428386826546,0.326662485494,0.313329400985,1.10020024274,0.486035058065,0.579989198951,0.443593169783,0.260000086781
SLE,0.20088368336,0.215000017543,0.577601345453,0.157350593614,0.233865455076,0.532156309675,0.138682220805,0.135194586128,1.4075861796,0.42684997538,0.106499455654,0.272878409885,0.153789076468,0.272978503401,0.0983498755179,1.92426060478,0.00600002899903,0.18896681866,0.0840072445199,0.946931589437,1.14268034463,1.84420219877,0.851184256191,2.24292290993,0.443575691358,0.789696795799,4.79760573101,0,0.160366402788,8.28950160569,0.8517278709,1.33315951772,0.0016624771895,0.0269294566745,0.000820328236547,0.032228491493,0.047914537539,0,0,0,0.0342820916969,0.0100000038124,0.00507827205064,0,0.00442257609991,0.129679284157,0.260112671799,0.371082017516,0.312051041097,0.267177283516,0.162895682603,0.60746588866,0.0717990282386,0.0742612791508,0.0595926234927,0.197030718436,0.311369277494,0.167448629361,0.168666985119,0.0499996251739,0.100000136046,0.108640370938,0.108571981771,0.508448121193,0.120791481619,0.209358306071,0.650422049836,0.0283162283893,0,0,0.561644892138,1.27855432137,0.439998869453,1.20930684445,0.279998109549,0.52792787045,4.32095762484,0.484339943651,1.15073141009,0.498819627376,0.260000086781
SLV,0.32277804084632644,0.10209839021623744,0.4787569614290095,0.08999988466824821,0.24002192568098055,0.5499979722331121,0.18176195116438973,1.9159993383690797,1.2819998147175988,0.2800040493396461,0.06999977329232443,0.3399926263883128,0.152737808511493,0.2500001263916306,0.10385456839515603,1.9242606047777917,0.44999995399544923,0.7246024159207438,0.2599963500319372,1.3150009035829442,0.6499954375399215,1.3506328905366187,0.46943777762664196,2.2600134473153397,0.6600003041686312,1.0499912130101525,4.797605731011693,0,0.23999960118050567,7.269962109361421,0.35998978027593254,1.6187248186189953,0.001662477189502257,0.026929456674506424,8.203282365473e-4,0.03222849149297888,0.04791453753900279,0,0,0,0.03428209169689015,0.01,0.005078272050635159,0,0.01,0.090000022236503,0.3200003307069688,0.3020168867080217,0.26899914971701067,0.30000790576330144,0.2099924247641347,0.6599945052788571,0.08000019906241601,0.07999976231222666,0.08999410116501991,0.17999494821924727,0.5700018049455509,0.1300004424191479,0.1896627360962425,0.07259988358859865,0.07999953659723348,0.1199986711846389,0.11999974791954852,0.2535255730340779,0.10433703835138354,0.22000162813415824,0.949994524947987,0.028316228389261577,0,0,0.5402657023963497,1.0598706415686883,0.2300065930443382,0.25999743860660196,0.260002945941965,0.14999833305550925,0.5899946323134728,0.25,0.9099845713026229,0.5153879296569214,0.26000008678072334
SRB,0.1523986090283492,0.0700010209811629,0.33000035096339453,0.025965906290732907,0.23999412653129717,0.5400127748882197,0.18176195116438973,0.16708037260716893,0.38583900242115515,0.4090233397379857,0.10000012289556703,0.2713618516857786,0.152737808511493,0.2686132335556286,0.10385456839515603,1.9242606047777917,0.010000065341967184,0.18000456256416106,0.060000442424041324,1.4300006915788745,0.36999769820130873,1.081714764986677,0.7621120296849233,2.126709522557208,0.9199812821712681,0.7896967957991765,4.797605731011693,0,0.1400025068939584,0.5999863126197645,0.8800145999933635,1.6649868615240633,0.001662477189502257,0.026929456674506424,8.203282365473e-4,0.03222849149297888,0.04791453753900279,0,0,0,0.03428209169689015,0.01,0.005078272050635159,0,0.004422576099907576,0.09999944574079514,0.23000141833912488,0.3104434102605136,0.3700019495077493,0.2600038519564729,0.0400002930531745,0.6200023889561967,0.049999999999999996,0.07505668713148736,0.060000000000000005,0.13000115433452614,0.3900086236287428,0.14000217912399213,0.10450229948030411,0.07999875001953094,0.13000018610537284,0.18999962399889708,0.11000104613453292,0.2535255730340779,0.1,0.24000499230353203,0.6499908750798431,0.028316228389261577,0,0,0.5599966106525092,1.1407694579605425,0.3600022635957218,0.18000349283967865,0.21999422608982555,0.2,0.4599897802759326,0.5299810396587139,0.3100158702168929,0.5153879296569214,0.26000008678072334
STP,0.200884304174,0.214999965868,0.662327642054,0.164238720379,0.234305154685,0.537353152732,0.145093197516,0.14202710957,1.33820855549,0.425574816462,0.106500332047,0.273334399794,0.153836951225,0.294428278969,0.0919270383207,1.51320476062,0.00599994648198,0.180001154849,0.0802628094585,0.816716019659,1.11236514735,1.87433489603,0.767789296772,2.27509153921,0.436501181276,0.787618717882,4.79760573101,0,0.16085958417,8.11346405711,0.859000495836,1.1325838897,0.0016624771895,0.0269294566745,0.000820328236547,0.032228491493,0.047914537539,0,0,0,0.0342820916969,0.0100000010114,0.00507827205064,0,0.00442257609991,0.129679119715,0.253761432052,0.53346341897,0.309999131267,0.287954252328,0.18277171818,0.614181252044,0.0716706421529,0.0741953265668,0.0599998059444,0.204000078013,0.277869917066,0.209998879533,0.180893970639,0.050000049603,0.100000108883,0.108595933088,0.108571967029,0.49899530938,0.119378585928,0.201325819093,0.66669423399,0.0283162283893,0,0,0.56180796832,1.2445202124,0.440001123297,1.68321582743,0.280001194162,0.520001410951,6.80715452018,0.497023423874,1.20568780433,0.515387929657,0.260000086781
SUR,0.32277771798459387,0.1021001306606329,0.5399945250479058,0.16925927657595363,0.24002192568098055,0.5500130355435822,0.18176195116438973,0.16708037260716893,1.232832177452862,0.2800041781275025,0.06999945112819293,0.33999874827888343,0.152737808511493,0.24453918110719217,0.11999707002636976,1.9242606047777917,0.44999980325572425,0.724596210097927,0.2600073001581701,1.315029522275899,0.65,1.3506328905366187,0.7147247792260047,2.259973974037515,0.6600078918812272,0.7896967957991765,4.797605731011693,0,0.24000089417445344,5.824777527379497,0.8432426551161574,1.6187248186189953,0.001662477189502257,0.026929456674506424,8.203282365473e-4,0.03222849149297888,0.04791453753900279,0,0,0,0.03428209169689015,0.01,0.005078272050635159,0,0.01,0.08999855720675227,0.3199988575889415,0.6269012952666374,0.2690009455180088,0.3000098677718571,0.2100047946300144,0.6599950199793685,0.07999953500807924,0.07999878124952392,0.0899994469740262,0.17999494821924727,0.3725427300233619,0.13000344147921034,0.08715121049384418,0.07259925679640133,0.07999691071980229,0.11999916565850402,0.1200000647214631,0.2535255730340779,0.1017666708027458,0.24309320287061445,0.9499954375399214,0.028316228389261577,0,0,0.5439348148244229,1.0509664111177413,0.22999704753469144,0.2599990394774757,0.25999791918432025,0.1500014915132894,0.590004235493435,0.46404635559735957,0.910001410636197,0.5153879296569214,0.26000008678072334
SVK,0.15239865441055603,0.07000114064104027,0.3300051022410613,0.02596711945786611,0.23999878938288796,0.5399943222527138,0.18176195116438973,0.16708037260716893,0.4876609331548048,0.4090233397379857,0.0999995468654417,0.2713618516857786,0.152737808511493,0.2686132335556286,0.10385456839515603,1.9242606047777917,0.010000010500572806,0.1800000570758338,0.06000342192312079,1.4300458138246992,0.370003084515731,0.7209643515544343,0.9004682905226224,2.7699607628433247,0.9200024333860567,0.7896967957991765,2.6600357703398183,0,0.13999573833368847,0.5999908750798431,0.8799906410856341,1.6650225122679212,0.001662477189502257,0.026929456674506424,8.203282365473e-4,0.03222849149297888,0.04791453753900279,0,0,0,0.03428209169689015,0.01,0.005078272050635159,0,0.004422576099907576,0.10000108405196945,0.2300019638379788,0.3158759764636407,0.3700010783221307,0.2599961939973902,0.03999780211729367,0.6200069771498343,0.05,0.029999339367113693,0.06000166341245103,0.13000116373792622,0.3900091157702826,0.1399984472652459,0.13749942784133423,0.07999971325753774,0.13000035646811392,0.1900005618775966,0.11000119212078287,0.12730841467237128,0.09024492076019243,0.24000058241966252,0.6499886647018818,0.028316228389261577,0,0,0.5656083180009414,1.1577798737751306,0.3599944641786225,0.18000359082544098,0.21999289401634375,0.20000881678716273,0.45999656475437994,0.5300077425063598,0.31001375370292,0.5300215352045844,0.26000008678072334
SVN,0.15239887934335095,0.07000009431559885,0.33000019010322607,0.025967145961777998,0.24,0.5400019729703067,0.18176195116438973,0.16708037260716893,0.42487197398772764,0.4090233397379857,0.10000009243434158,0.2713618516857786,0.152737808511493,0.12071502266314434,0.10385456839515603,1.9242606047777917,0.00999998024890332,0.1800032258642628,0.060000000000000005,1.4300053491079574,0.36999630382554055,1.3506328905366187,0.7929547659117239,2.769960762843325,0.9199929353585304,0.78,4.797605731011693,0,0.13999999999999999,0.5999854003941893,0.8799828240177485,1.6649508656995788,0.001662477189502257,0.026929456674506424,8.203282365473e-4,0.03222849149297888,0.04791453753900279,0,0,0,0.03428209169689015,0.009999999999999998,0.005078272050635159,0,0.004422576099907576,0.09999999999999999,0.22999988781314154,0.32075903025887154,0.37000277310219853,0.25999532601075015,0.040000264876104204,0.620016525511258,0.05000096174190694,0.07505668713148736,0.059999665199122816,0.13000073030015336,0.390008022105357,0.14000018793793453,0.1003927610342018,0.08000091635330657,0.13000050370221125,0.18999976758059142,0.11000061106018942,0.080261102610343,0.09295084831313738,0.24000302061570217,0.6500025524529073,0.028316228389261577,0,0,0.5599991203087715,1.1322147372888745,0.36000622194569126,0.17999673015613504,0.2200033846674564,0.2,0.4599930174246993,0.5299771769662921,0.31000746825989545,0.5299936125558902,0.26000008678072334
SWE,0.15239854587361978,0.07000134967813111,0.32999287272413125,0.025966254859259564,0.23999949611695126,0.5399837108986154,0.18176195116438973,0.16708037260716893,0.3543923916356668,0.4090233397379857,0.10000016678091159,0.2999915511997296,0.152737808511493,0.2686132335556286,0.10385456839515603,1.9242606047777917,0.009999601093005165,0.18000630219001104,0.06000189609404626,1.429981209360172,0.36999568903578106,0.4784582261894826,0.9984852346425656,2.770047169811321,0.9199860348493986,0.7896967957991765,2.6600357703398183,0,0.14,0.5999933636393802,0.8800056154143123,1.6187248186189953,0.001662477189502257,0.026929456674506424,8.203282365473e-4,0.03222849149297888,0.04791453753900279,0,0,0,0.03428209169689015,0.01,0.005078272050635159,0,0.004422576099907576,0.09999932544554321,0.2300008298410854,0.27818965421775554,0.3700001859076157,0.2599964377949951,0.039998759151259465,0.620002102533553,0.05000082954507748,0.030000561545372863,0.060000173561393005,0.13000061169562024,0.3900030560012224,0.14000111288642994,0.11567750850206947,0.0799988285971386,0.13000137306055198,0.1900006652313796,0.10999802352734486,0.06382797220578786,0.09010736809743312,0.2400025722763727,0.6499991047654613,0.028316228389261577,0,0,0.560000629234222,1.1338160973075784,0.3599981891439178,0.17999713276596854,0.21999654793375667,0.19999999999999998,0.4600072523236063,0.5299948844861674,0.31000746825989545,0.5299936125558902,0.26000008678072334
SWZ,0.20088380395910743,0.21500053994090101,0.8000146001387013,0.14538775730066328,0.20000540737836778,0.5399945250479058,0.18176195116438973,0.13519475766220615,1.401186803277964,0.4090233397379857,0.10649802987590803,0.2733352109150081,0.152737808511493,0.20140003343363422,0.10385456839515603,1.9242606047777917,0.005999976981975242,0.1800003276486296,0.07052576522350291,0.7397537379067721,0.7182802579078594,1.8444214198504323,2.275219064234834,2.3155746015438066,0.4365163467954002,0.7799882840663301,4.797605731011693,0,0.13734588282454427,5.824777527379497,0.8800233602219221,1,0.001662477189502257,0.026929456674506424,8.203282365473e-4,0.03222849149297888,0.04791453753900279,0,0,0,0.03428209169689015,0.010000007080109508,0.005078272050635159,0,0.004422576099907576,0.1296792860776666,0.25091060859007436,0.4138256043442636,0.30999907014226824,0.21428402273444902,0.2000025938991492,0.6199856598362202,0.06999999999999999,0.07505668713148736,0.060000283605476414,0.20400109378534126,0.24000114600045838,0.20999402747362136,0.16927602277744633,0.04999890965392416,0.09999999999999999,0.10800084979817294,0.10857052394833666,0.2535255730340779,0.12689875145602794,0.24309320287061445,0.6700073000312858,0.028316228389261577,0,0,0.560007695200119,1.2003660141132235,0.4399994523623718,0.5551657198486587,0.2800043669181688,0.5200121356391048,1.4202972355247463,0.46404635559735957,1.1199579958673727,0.5153879296569214,0.26000008678072334
TCD,0.20088368336,0.215000017543,0.577601345453,0.157350593614,0.233865455076,0.532156309675,0.138682220805,0.135194586128,1.4075861796,0.42684997538,0.106499455654,0.272878409885,0.153789076468,0.272978503401,0.0983498755179,1.92426060478,0.00600002899903,0.18896681866,0.0840072445199,0.946931589437,1.14268034463,1.84420219877,0.851184256191,2.24292290993,0.443575691358,0.789696795799,4.79760573101,0,0.160366402788,8.28950160569,0.8517278709,1.33315951772,0.0016624771895,0.0269294566745,0.000820328236547,0.032228491493,0.047914537539,0,0,0,0.0342820916969,0.0100000038124,0.00507827205064,0,0.00442257609991,0.129679284157,0.260112671799,0.371082017516,0.312051041097,0.267177283516,0.162895682603,0.60746588866,0.0717990282386,0.0742612791508,0.0595926234927,0.197030718436,0.311369277494,0.167448629361,0.168666985119,0.0499996251739,0.100000136046,0.108640370938,0.108571981771,0.508448121193,0.120791481619,0.209358306071,0.650422049836,0.0283162283893,0,0,0.561644892138,1.27855432137,0.439998869453,1.20930684445,0.279998109549,0.52792787045,4.32095762484,0.484339943651,1.15073141009,0.498819627376,0.260000086781
TGO,0.20088368336,0.215000017543,0.577601345453,0.157350593614,0.233865455076,0.532156309675,0.138682220805,0.135194586128,1.4075861796,0.42684997538,0.106499455654,0.272878409885,0.153789076468,0.272978503401,0.0983498755179,1.92426060478,0.00600002899903,0.18896681866,0.0840072445199,0.946931589437,1.14268034463,1.84420219877,0.851184256191,2.24292290993,0.443575691358,0.789696795799,4.79760573101,0,0.160366402788,8.28950160569,0.8517278709,1.33315951772,0.0016624771895,0.0269294566745,0.000820328236547,0.032228491493,0.047914537539,0,0,0,0.0342820916969,0.0100000038124,0.00507827205064,0,0.00442257609991,0.129679284157,0.260112671799,0.371082017516,0.312051041097,0.267177283516,0.162895682603,0.60746588866,0.0717990282386,0.0742612791508,0.0595926234927,0.197030718436,0.311369277494,0.167448629361,0.168666985119,0.0499996251739,0.100000136046,0.108640370938,0.108571981771,0.508448121193,0.120791481619,0.209358306071,0.650422049836,0.0283162283893,0,0,0.561644892138,1.27855432137,0.439998869453,1.20930684445,0.279998109549,0.52792787045,4.32095762484,0.484339943651,1.15073141009,0.498819627376,0.260000086781
THA,0.15239700416946694,0.19999993486214063,0.4787569614290095,0.02596658977762314,0.24002192568098055,0.5399945250479058,0.18176195116438973,0.16708037260716893,1.232832177452862,0.31999986568031247,0.24,0.6400275202780996,0.152737808511493,0.3082245045721488,0.12000000000000001,1.9242606047777917,0.010000378336454608,0.18,0.20000608346514176,0.9700094073377233,0.3699935112336767,5.4928035030874645,0.3210414560330566,2.6,0.9200234649980445,0.7896967957991765,4.797605731011693,0,0.13999867561363233,0.6000091249201569,0.8800233602219221,2.5499922009046947,0.001662477189502257,0.026929456674506424,8.203282365473e-4,0.03222849149297888,0.04791453753900279,0,0,0,0.03428209169689015,0.01,0.005078272050635159,0,0.004422576099907576,0.1,0.23000051993968698,0.4754002249990227,0.37000274250742166,0.2599966487935657,0.040000636193020966,0.6200007849601632,0.04999810597291962,0.07505668713148736,0.060000559393617314,0.12999938479626502,0.3725427300233619,0.14,0.15814208807018856,0.08,0.11999814638893393,0.18999876167562976,0.10999807268334187,0.2535255730340779,0.09842008526375187,0.24000519403428064,0.6499981749826623,0.028316228389261577,0,0,0.59203478721772,1.129999823071032,0.36000202829471123,0.17999999999999997,0.21999975229437338,0.19999999999999998,0.4600020277805942,0.5300031010957205,0.30999885004599814,0.300011317978609,0.26000008678072334
TJK,0.15239861309343597,0.07000030715360753,0.3299972259938972,0.025966364356784365,0.24002192568098055,0.5307296293955717,0.18176195116438973,0.16708037260716893,0.2623429389593393,0.4090233397379857,0.10000027897193263,0.2713618516857786,0.152737808511493,0.2686132335556286,0.10385456839515603,1.9242606047777917,0.00999997949437223,0.18000456256416106,0.06,1.4299867273416762,0.3699925205684368,1.3506328905366187,1.9174208410709668,2.126709522557208,0.9199744502235605,0.7896967957991765,4.797605731011693,0,0.13734588282454427,0.6000121669302835,0.8432426551161574,1.6187248186189953,0.001662477189502257,0.026929456674506424,8.203282365473e-4,0.03222849149297888,0.04791453753900279,0,0,0,0.03428209169689015,0.010000007080109508,0.005078272050635159,0,0.004422576099907576,0.09999989388918422,0.23000021026046327,0.34011418650068254,0.3699958835031388,0.2600075486778713,0.0794054249481111,0.5996294408748002,0.09338921350517998,0.07505668713148736,0.06,0.15870035534272012,0.3725427300233619,0.14000097390198957,0.12026514402714016,0.079998996772953,0.13000266522228815,0.19000051676915922,0.10999965339156355,0.12000067954402596,0.0901428441853567,0.24000342128897062,0.6468606685778009,0.028316228389261577,0,0,0.5599952741020794,1.1759828571715418,0.36000565890924524,0.1800019210450485,0.22000436697114162,0.19999603261192997,1.4202972355247463,0.46404635559735957,1.1199579958673727,0.5153879296569214,0.26000008678072334
TKM,0.2054046046,0.0699998383969,0.352885068864,0.0395152885863,0.239999701386,0.540003405961,0.174280691608,0.159435061847,1.11252981331,0.389867809638,0.0999999181908,0.280174469844,0.152737808511,0.281027303069,0.103854568395,1.92426060478,0.0100000043143,0.179999106239,0.0600001806217,1.36003073706,0.503954894246,1.08010846711,0.858049949532,2.52257380416,0.919992929958,0.787455456143,4.79760573101,0,0.139998843914,2.60952825652,0.880000211535,1.63652103476,0.0016624771895,0.0269294566745,0.000820328236547,0.032228491493,0.047914537539,0,0,0,0.0342820916969,0.01,0.00507827205064,0,0.00442257609991,0.0999998537481,0.230000438498,0.313184760519,0.369999406182,0.260002027322,0.04000024832,0.616866642556,0.0499998611818,0.0646590275334,0.0599998472153,0.129999224848,0.390000831449,0.140000256165,0.116087378596,0.0800002006845,0.129999671929,0.184332813397,0.110000139573,0.191237187444,0.0928904171781,0.240000816086,0.649757263739,0.0283162283893,0,0,0.560416775055,1.16503051076,0.360000308108,0.180001450256,0.219999707732,0.199999261835,0.459996618855,0.514780578197,0.372307700601,0.517639253587,0.260000086781
TLS,0.205058625525,0.176667476454,0.646251527865,0.0526305817462,0.240012745382,0.446910291675,0.181761951164,0.167080372607,1.30134847957,0.506665619598,0.186661923034,0.517123694789,0.328497127096,0.315080329328,0.114619123747,1.28617373652,0.0266665333326,0.323333562643,0.106842651766,1.07279384952,0.68609177683,4.00560087076,0.483148072841,2.39999807921,0.691685836078,0.786459799045,4.79760573101,0,0.138231135861,2.341585769,0.887753148425,1.61872481862,0.00444165145967,0.0269294566745,0.0072135521577,0.0514872832527,0.047914537539,0,0,0,0.0342820916969,0.01000000236,0.00507827205064,0,0.01294872203,0.113762337115,0.253588723109,0.346822635613,0.363335141317,0.30205685151,0.0531356700069,0.593211920069,0.0566661807898,0.0750566871315,0.0533336848921,0.126666573602,0.372542730023,0.110000632666,0.140587634657,0.129999965567,0.529998663765,0.146666216682,0.103332399054,0.150714919569,0.0992705479251,0.27769482407,0.647912326693,0.0488776185618,0,0,0.565008371367,1.11661090021,0.406667147765,0.428386826546,0.326662485494,0.313329400985,1.10020024274,0.486035058065,0.579989198951,0.443593169783,0.260000086781
TTO,0.15239843195934938,0.07000072732005527,0.33000883433300787,0.025966521001981997,0.2399990266692622,0.5307296293955717,0.18176195116438973,0.16708037260716893,1.8000458435207825,0.1599979883323275,0.09999973961113527,0.3,0.1700001061041731,0.2519988909559462,0.10385456839515603,1.9242606047777917,0.010000019641258953,0.18000131138941705,0.06000091249201569,1.430006604790211,0.37000236574402656,0.6603112210130491,0.5133750159144219,2.7701011575763896,0.9200096415412693,0.7799982366943896,4.797605731011693,0,0.14000099036866473,0.6000081109579042,0.8799890500958115,1.6187248186189953,0.001662477189502257,0.026929456674506424,8.203282365473e-4,0.03222849149297888,0.04791453753900279,0,0,0,0.03428209169689015,0.01,0.005078272050635159,0,0.004422576099907576,0.10000138333633056,0.2907669820403571,0.3064003709620727,0.36999974909884675,0.2600029935638377,0.04000067188497329,0.619998430110481,0.04999972712338935,0.029999556973241182,0.059998715918332404,0.12999664895399493,0.3900086236287428,0.14000202673032103,0.17168766346209652,0.0800005443880398,0.13000185363058828,0.19000144928641713,0.10999987171153913,0.2535255730340779,0.0969757621278109,0.23999600106638233,0.649998340909845,0.028316228389261577,0,0,0.5600047350808007,1.1300001609709769,0.3599992454823254,0.17999711843242727,0.2200028972416555,0.19999605724874814,0.460015368852459,0.5300016590779214,0.3100032833533982,0.5153879296569214,0.26000008678072334
TUN,0.1734278200950235,0.06999898610970294,0.3300009965866906,0.10595854929206792,0.24002192568098055,0.5307296293955717,0.1331340244933755,0.06769205582613678,1.1497700643819728,0.4090233397379857,0.10000064310129167,0.2713618516857786,0.152737808511493,0.2686132335556286,0.10385456839515603,1.9242606047777917,0.009999989508482916,0.1799981750159686,0.05999847920310243,1.4300011774402448,0.3699946323134729,0.9900430740137627,2.43654022467,2.7699635004006056,0.9200020857232246,0.7896967957991765,4.797605731011693,0,0.13999766027140853,0.5999876272077701,0.8799991043038202,1.6187248186189953,0.001662477189502257,0.026929456674506424,8.203282365473e-4,0.03222849149297888,0.04791453753900279,0,0,0,0.03428209169689015,0.01,0.005078272050635159,0,0.004422576099907576,0.10000004472553949,0.22999855966182198,0.23206396201202192,0.36999799972627834,0.2600026979630379,0.04,0.6199981275161501,0.049999999999999996,0.07505668713148736,0.05999969819065297,0.13000381697600077,0.39000422952206404,0.13999879265127074,0.12330532315224142,0.08,0.13000190667252484,0.11633068615573187,0.11000142793545732,0.11005238689980573,0.09000232231620801,0.23999504705299654,0.6500255112053064,0.028316228389261577,0,0,0.559998169939952,1.152526769941644,0.35999778565101864,0.17999801271860094,0.21999959120546694,0.19999999999999998,0.4600015723093856,0.529978340015669,0.30999177148230866,0.5153879296569214,0.26000008678072334
TUR,0.3246680045547504,0.06999819525831746,0.3300032850312078,0.07000083650081508,0.24000046795119268,0.5399937428303264,0.18176195116438973,0.16708037260716893,1.232832177452862,0.4090233397379857,0.09999962499203108,0.2713618516857786,0.152737808511493,0.42999613723355695,0.10385456839515603,1.9242606047777917,0.010000036843856962,0.1799981750159686,0.060000000000000005,1.4299965473019631,0.3699971434919224,0.4744152340126194,1.0344672916813349,2.76998762179833,0.9200093193026055,0.7896967957991765,4.797605731011693,0,0.13999999999999999,0.5999851024208566,0.8800013374049885,1.6649898611761036,0.001662477189502257,0.026929456674506424,8.203282365473e-4,0.03222849149297888,0.04791453753900279,0,0,0,0.03428209169689015,0.01,0.005078272050635159,0,0.004422576099907576,0.10000012792866017,0.22999996404649506,0.22300642290687991,0.3699992065731011,0.2600024640404102,0.04,0.6200057562992228,0.04999942740005267,0.07505668713148736,0.0599998061529813,0.12999807316468937,0.3899871078642028,0.14000036723630668,0.1265259881247738,0.08000049805757545,0.1299948255045133,0.11633068615573187,0.10999854795382492,0.07899282892584857,0.09000496083880216,0.23999934097798867,0.6468606685778009,0.028316228389261577,0,0,0.5599985070561796,1.1938821455971276,0.35999875171638995,0.1799969507546882,0.2200012041664158,0.19999603261192997,0.4600138701317662,0.5300119826712139,0.30999911835459776,0.5300215352045844,0.26000008678072334
TZA,0.200883060649382,0.21499915073369225,0.4787569614290095,0.14538783638173958,0.24002192568098055,0.5307296293955717,0.1350925052763932,0.13519461350047599,1.2843155503101327,0.4283334524676438,0.10650086852115205,0.2733338643219406,0.15444578057579403,0.2064231134700789,0.07999857893988915,0.006000121669302835,0.00599993396991229,0.18000132727212395,0.09000247463499134,0.7397662672499419,1.270000331818031,1.5825018262981134,0.44928214484016815,2.315539739027283,0.4365011996921545,0.7800225309800977,4.797605731011693,0,0.1672758676092545,5.824777527379497,0.8432426551161574,1,0.001662477189502257,0.026929456674506424,8.203282365473e-4,0.03222849149297888,0.04791453753900279,0,0,0,0.03428209169689015,0.010000007080109508,0.005078272050635159,0,0.004422576099907576,0.12968071595238798,0.250909151849307,1.6369593829815023,0.30999640560725267,0.21428290986594875,0.19999311342194065,0.6200162733930025,0.07000051660897866,0.07333274635830912,0.059998841273826306,0.20399804104892924,0.24000114600045838,0.21000109501040262,0.1250492528577762,0.050000567672203365,0.1,0.1080001349664271,0.10857190738206296,0.6498722645312331,0.12434553828067767,0.16999759788613983,0.6700003650034675,0.028316228389261577,0,0,0.563981428530466,1.212624029258793,0.44000542170716006,1.769952487950464,0.28000455847877054,0.5200059512001587,7.704886120303678,0.5300077425063598,1.3200028212723938,0.5153879296569214,0.26000008678072334
UGA,0.20088368336,0.215000017543,0.577601345453,0.157350593614,0.233865455076,0.532156309675,0.138682220805,0.135194586128,1.4075861796,0.42684997538,0.106499455654,0.272878409885,0.153789076468,0.272978503401,0.0983498755179,1.92426060478,0.00600002899903,0.18896681866,0.0840072445199,0.946931589437,1.14268034463,1.84420219877,0.851184256191,2.24292290993,0.443575691358,0.789696795799,4.79760573101,0,0.160366402788,8.28950160569,0.8517278709,1.33315951772,0.0016624771895,0.0269294566745,0.000820328236547,0.032228491493,0.047914537539,0,0,0,0.0342820916969,0.0100000038124,0.00507827205064,0,0.00442257609991,0.129679284157,0.260112671799,0.371082017516,0.312051041097,0.267177283516,0.162895682603,0.60746588866,0.0717990282386,0.0742612791508,0.0595926234927,0.197030718436,0.311369277494,0.167448629361,0.168666985119,0.0499996251739,0.100000136046,0.108640370938,0.108571981771,0.508448121193,0.120791481619,0.209358306071,0.650422049836,0.0283162283893,0,0,0.561644892138,1.27855432137,0.439998869453,1.20930684445,0.279998109549,0.52792787045,4.32095762484,0.484339943651,1.15073141009,0.498819627376,0.260000086781
UKR,0.15239872828649217,0.0700004089645019,0.3299944951054307,0.025966449758831917,0.2399994234940584,0.5400022717806974,0.13313271844312666,0.16708037260716893,0.18000332815620146,0.4090233397379857,0.09999996517840323,0.2713618516857786,0.152737808511493,0.2686132335556286,0.10385456839515603,1.9242606047777917,0.009999779609841606,0.1800041320891154,0.05999889392766287,1.2784041683529075,0.36999327634233026,1.5573945955199606,0.6795305562770009,2.770011315107493,0.9199960540593863,0.7896967957991765,4.797605731011693,0,0.1399993315061167,5.824777527379497,0.8800083428928982,1.6187248186189953,0.001662477189502257,0.026929456674506424,8.203282365473e-4,0.03222849149297888,0.04791453753900279,0,0,0,0.03428209169689015,0.01,0.005078272050635159,0,0.004422576099907576,0.09999955767674132,0.2299999379410067,0.3755782007985674,0.36999999999999994,0.26000470164165657,0.04000196772924046,0.6199895342752486,0.05,0.07505668713148736,0.05999917402018143,0.13000115433452614,0.3900011460004584,0.14000159273711874,0.12878749224358513,0.07999999999999999,0.1300004310716441,0.19000157063951206,0.11000104613453292,0.09850622609530105,0.09507353520342335,0.23999914659384267,0.6499981749826623,0.028316228389261577,0,0,0.561966722863561,1.1445224049168552,0.36000147623265427,0.18,0.22000144206503713,0.2,0.4599831880723798,0.5300016590779214,0.31000195924764895,0.5300215352045844,0.26000008678072334
URY,0.32277732826165123,0.1021003006876891,0.5400038933229511,0.16926095047914788,0.24002192568098055,0.5500013790947622,0.18176195116438973,0.16708037260716893,1.2817254023484854,0.27999795519317033,0.07000055007853899,0.3399985457718316,0.152737808511493,0.25,0.10385456839515603,1.9242606047777917,0.45000038610734294,0.724597698847421,0.2600079638970003,1.3150229482129303,0.6500156429241839,0.810153647756088,1.5086294234029123,2.2600284702704676,0.6600190435886585,0.7896967957991765,4.797605731011693,0,0.23999914659384267,7.269928946856142,0.35999674107870294,1.6187248186189953,0.001662477189502257,0.026929456674506424,8.203282365473e-4,0.03222849149297888,0.04791453753900279,0,0,0,0.03428209169689015,0.01,0.005078272050635159,0,0.009999999999999998,0.09000024055230811,0.3199970231450473,0.2917572331910945,0.2690002929308835,0.30000092830686115,0.21000301295570956,0.6600011774171394,0.07999935678909113,0.07505668713148736,0.08999980802088733,0.17999394423188086,0.5699903738167816,0.12999832255419083,0.12341662238898803,0.07260043443127312,0.08000031524112004,0.11999862505156059,0.11999941807883577,0.10830950521310459,0.10446803586082325,0.2200026367831246,0.9499947856919386,0.028316228389261577,0,0,0.5447689632193996,1.059983788459475,0.22999755636438463,0.26000280859429853,0.2600047225501771,0.14999603269062922,0.5899978661515481,0.2500060112048859,0.9100690397202545,0.5153879296569214,0.26000008678072334
USA,0.15239865955300277,0.06999970682797643,0.32999227907629675,0.025966715528671736,0.23999297040812187,0.5399979722194059,0.18176195116438973,0.06769045651222713,0.18000153362472202,0.16000144843568945,0.10000026249543914,0.30000784744565645,0.16999768500655915,0.382563032160231,0.10385456839515603,1.9242606047777917,0.0099999760969126765,0.17999948033886856,0.059998803255146,1.4299943084803641,0.37000401503814284,0.5575733999155813,0.5649996360595682,2.7699607628433247,0.9200037436095414,0.7799776464952898,4.797605731011693,0,0.13999805030220314,0.5999926999306494,0.8799747315224258,1.6649976602714085,0.001662477189502257,0.026929456674506424,8.203282365473e-4,0.03222849149297888,0.04791453753900279,0,0,0,0.03428209169689015,0.01,0.005078272050635159,0,0.004422576099907576,0.1,0.23000155065266573,0.2604870243435177,0.37000032842822894,0.25999713138267355,0.04000077378419158,0.6200007849601632,0.050000264523672226,0.03,0.06000076375717613,0.1299987563173426,0.3900126060050424,0.1400029078925049,0.11692646674404332,0.07999979144543953,0.12999606107648465,0.18999991785030684,0.11000003355603355,0.060203597682848324,0.09363111830240259,0.2400048735488138,0.6468606685778009,0.028316228389261577,0,0,0.5599984719006029,1.1315508918709063,0.3599907188986426,0.1799986439758628,0.21999660499066376,0.20000396746677243,0.460013604120105,0.5300019751135691,0.30999814390892777,0.5153879296569214,0.26000008678072334
UZB,0.15239886120850318,0.06999990897754475,0.32999566476009345,0.0259668974683658,0.24002192568098055,0.5400109502372551,0.18176195116438973,0.16708037260716893,1.7283597024061779,0.4090233397379857,0.09999982031871867,0.2713618516857786,0.152737808511493,0.2686132335556286,0.10385456839515603,1.9242606047777917,0.010000000000000002,0.2965550003296504,0.059999269993064944,1.2784041683529075,0.7182802579078594,1.1700480576746601,1.9100659130722524,2.126709522557208,0.5284587325648081,0.7896967957991765,4.797605731011693,0,0.13734588282454427,0.5999917046868519,0.8800233602219221,1.6187248186189953,0.001662477189502257,0.026929456674506424,8.203282365473e-4,0.03222849149297888,0.04791453753900279,0,0,0,0.03428209169689015,0.010000007080109508,0.005078272050635159,0,0.004422576099907576,0.09999990853973628,0.22999974771047255,0.3686423122225258,0.3700199029295716,0.2599961635193316,0.039999770439493584,0.619982058757569,0.09338921350517998,0.07505668713148736,0.05999797228793511,0.13000178922884237,0.3725427300233619,0.13999976869100586,0.11334600341329679,0.0799997151599021,0.13000226603217765,0.19000358508604206,0.10999697176167765,0.08978901079394869,0.09006490552056061,0.24000279642058167,0.6468606685778009,0.028316228389261577,0,0,0.5620410762479477,1.13344349008176,0.3599973194540621,0.5551657198486587,0.21999999999999997,0.19999206538125844,1.4202972355247463,0.46404635559735957,1.1199579958673727,0.5153879296569214,0.26000008678072334
VCT,0.15239851897235537,0.06999988598206498,0.4787569614290095,0.02596658711217184,0.24002192568098055,0.5400006636360619,0.18176195116438973,0.16708037260716893,1.232832177452862,0.15999410811607012,0.09999824307625636,0.2999993862658573,0.17000197404135617,0.11999962254625579,0.10385456839515603,1.9242606047777917,0.010000300962075433,0.18000094804702316,0.07052576522350291,1.4299966541959424,0.36999051025622315,1.2423700993118827,0.7147247792260047,2.7699068901303536,0.9199558611323319,0.7896967957991765,4.797605731011693,0,0.13999825067786234,5.824777527379497,0.8432426551161574,1.6187248186189953,0.001662477189502257,0.026929456674506424,8.203282365473e-4,0.03222849149297888,0.04791453753900279,0,0,0,0.03428209169689015,0.01,0.005078272050635159,0,0.004422576099907576,0.1,0.22999779590037472,0.5528137062890912,0.37000022595073684,0.26000014883942457,0.04000104346011374,0.619977026897674,0.04999965463491458,0.030000112158337665,0.05999930076566161,0.12999553992801652,0.3725427300233619,0.14000162223544044,0.17308822034866783,0.08000235253860302,0.12999824469018784,0.18999978911406823,0.10999991465597436,0.2535255730340779,0.1017666708027458,0.24309320287061445,0.6500048026126213,0.028316228389261577,0,0,0.5600016600370163,1.1338782933106435,0.36000291029030146,0.1800054499625315,0.21999865303020097,0.2,0.4600010814902936,0.5300018803021757,0.30998959417273675,0.5153879296569214,0.26000008678072334
VEN,0.3227777272237051,0.10210035244659063,0.5400109502372551,0.16926017798204357,0.24002192568098055,0.549992200904695,0.18176195116438973,0.16708037260716893,1.2819855680971335,0.2800004576947062,0.06999987319782408,0.3399960168739703,0.1,0.23872475711402308,0.10385456839515603,0.6499968398432562,0.4499999035156951,0.7245976962136745,0.26000547495209414,1.3149981335287368,0.6499878335631438,0.7290068269014014,1.7106207796739237,2.2600284702704676,0.6600054749520942,1.050018775816748,4.797605731011693,0,0.23999244101290426,5.824777527379497,0.3600073001581701,1.6187248186189953,0.001662477189502257,0.026929456674506424,8.203282365473e-4,0.03222849149297888,0.04791453753900279,0,0,0,0.03428209169689015,0.009999999999999998,0.005078272050635159,0,0.004422576099907576,0.09000069841459886,0.31999965475424974,0.32531480149777603,0.268999873007077,0.30000000000000004,0.21000205320740328,0.5996294408748002,0.08,0.0799986300138283,0.08999926921952645,0.18000255348642094,0.3725427300233619,0.12999779650746435,0.180545923031176,0.07259850762464654,0.07999971037159324,0.11999903324041701,0.12000050951844139,0.2240656609246379,0.10686656108940851,0.22,0.9499950227295351,0.028316228389261577,0,0,0.5425783086207888,1.05988069394365,0.229994598348638,0.26000321517562897,0.25999643090833385,0.15000208811860513,0.5899935634782336,0.24999446963831434,0.9100089907374495,0.5153879296569214,0.26000008678072334
VNM,0.205058625525,0.176667476454,0.646251527865,0.0526305817462,0.240012745382,0.446910291675,0.181761951164,0.167080372607,1.30134847957,0.506665619598,0.186661923034,0.517123694789,0.328497127096,0.315080329328,0.114619123747,1.28617373652,0.0266665333326,0.323333562643,0.106842651766,1.07279384952,0.68609177683,4.00560087076,0.483148072841,2.39999807921,0.691685836078,0.786459799045,4.79760573101,0,0.138231135861,2.341585769,0.887753148425,1.61872481862,0.00444165145967,0.0269294566745,0.0072135521577,0.0514872832527,0.047914537539,0,0,0,0.0342820916969,0.01000000236,0.00507827205064,0,0.01294872203,0.113762337115,0.253588723109,0.346822635613,0.363335141317,0.30205685151,0.0531356700069,0.593211920069,0.0566661807898,0.0750566871315,0.0533336848921,0.126666573602,0.372542730023,0.110000632666,0.140587634657,0.129999965567,0.529998663765,0.146666216682,0.103332399054,0.150714919569,0.0992705479251,0.27769482407,0.647912326693,0.0488776185618,0,0,0.565008371367,1.11661090021,0.406667147765,0.428386826546,0.326662485494,0.313329400985,1.10020024274,0.486035058065,0.579989198951,0.443593169783,0.260000086781
VUT,0.205058625525,0.176667476454,0.646251527865,0.0526305817462,0.240012745382,0.446910291675,0.181761951164,0.167080372607,1.30134847957,0.506665619598,0.186661923034,0.517123694789,0.328497127096,0.315080329328,0.114619123747,1.28617373652,0.0266665333326,0.323333562643,0.106842651766,1.07279384952,0.68609177683,4.00560087076,0.483148072841,2.39999807921,0.691685836078,0.786459799045,4.79760573101,0,0.138231135861,2.341585769,0.887753148425,1.61872481862,0.00444165145967,0.0269294566745,0.0072135521577,0.0514872832527,0.047914537539,0,0,0,0.0342820916969,0.01000000236,0.00507827205064,0,0.01294872203,0.113762337115,0.253588723109,0.346822635613,0.363335141317,0.30205685151,0.0531356700069,0.593211920069,0.0566661807898,0.0750566871315,0.0533336848921,0.126666573602,0.372542730023,0.110000632666,0.140587634657,0.129999965567,0.529998663765,0.146666216682,0.103332399054,0.150714919569,0.0992705479251,0.27769482407,0.647912326693,0.0488776185618,0,0,0.565008371367,1.11661090021,0.406667147765,0.428386826546,0.326662485494,0.313329400985,1.10020024274,0.486035058065,0.579989198951,0.443593169783,0.260000086781
WSM,0.183994511286,0.159999978733,0.549500098687,0.0442958851097,0.240014274764,0.485999277268,0.183134110391,0.149181079776,1.28768496661,0.399999351018,0.180001303293,0.490003184197,0.156189760297,0.334174017364,0.113541502352,1.54140848382,0.0199998782523,0.266001113566,0.1420020927,1.18000208229,0.489998230425,1.94703783902,0.450768337644,2.51401302218,0.78300324622,0.789696795799,4.79760573101,0,0.115999896282,1.71999610664,0.865297354129,2.00047352069,0.0033299817516,0.045544228983,0.00465626258924,0.0437830144089,0.072331192043,0,0,0,0.045425888065,0.010000001416,0.00806261764051,0,0.00953796963072,0.0999997483243,0.232000022468,0.454993898801,0.36600067982,0.435230064088,0.0420006056757,0.603924725218,0.0539996552145,0.0750566871315,0.0559998644634,0.128000250624,0.486506499373,0.121999359699,0.139506671995,0.110000956819,0.367999103728,0.16400007637,0.105999995111,0.223974321185,0.0961050534837,0.262003265642,0.547999050144,0.0406526525634,0,0,0.567368129217,1.16623158432,0.38800050645,0.254003489885,0.283998959836,0.267997598454,0.620000712711,0.511998325244,0.50999948989,0.435081855849,0.260000086521
YEM,0.32466802860061283,0.07000119953095892,0.4787569614290095,0.06999878684944802,0.24002192568098055,0.5400038933229512,0.0852319618495977,0.1236363474933299,1.2609098368799796,0.4090233397379857,0.10000135435900445,0.3,0.152737808511493,0.2686132335556286,0.10385456839515603,1.9242606047777917,0.009999986673969332,0.18000065765676893,0.05999933636393801,1.4299775617053105,0.3699969203043196,0.6925721102624839,1.7942119113740043,2.126709522557208,0.9200040555611884,0.7896967957991765,4.797605731011693,0,0.140001559819061,0.5999913096376118,0.8799912402365136,1.6649976602714085,0.001662477189502257,0.026929456674506424,8.203282365473e-4,0.03222849149297888,0.04791453753900279,0,0,0,0.03428209169689015,0.009999999999999998,0.005078272050635159,0,0.004422576099907576,0.09999937061792732,0.23000508314574106,0.3218441853701393,0.369999091682287,0.25999874623871616,0.0400017217630854,0.6200007849601632,0.04999799188722439,0.07505668713148736,0.06000039566352774,0.13000014313728298,0.39000367675732284,0.13999763642272578,0.15551723485404628,0.08,0.13000350683833475,0.19000745712155107,0.10999843711108667,0.13000015381539076,0.090469460273019,0.24309320287061445,0.6499817504927367,0.028316228389261577,0,0,0.5600031899717367,1.355953922786017,0.3599940581032617,0.1799966591497536,0.22000461680517083,0.6230601607663449,0.46000097333073775,0.46404635559735957,1.1199579958673727,0.5153879296569214,0.26000008678072334
ZAF,0.20088404403247948,0.21500020265931688,0.7999817501596861,0.1453876396441611,0.20000608346514176,0.5399736147757256,0.13509303446888157,0.13519316747598775,1.386105051856808,0.4090233397379857,0.1064994680757272,0.27332739123168626,0.152737808511493,0.2686132335556286,0.10385456839515603,1.9242606047777917,0.006000017718440689,0.1799992395870958,0.0900048667721134,0.7397717091946776,1.2699571421843359,1.374596631460477,0.8846164744141191,2.3155589474732055,0.4364909600203718,0.7896967957991765,4.797605731011693,0,0.16727500127622644,5.824777527379497,0.8799890500958115,1.6187248186189953,0.001662477189502257,0.026929456674506424,8.203282365473e-4,0.03222849149297888,0.04791453753900279,0,0,0,0.03428209169689015,0.009999999999999998,0.005078272050635159,0,0.004422576099907576,0.12967772148665332,0.25091641071541315,0.27587987756025223,0.31000086385186465,0.214288533649102,0.2,0.6199986917558816,0.06999977368567958,0.07505668713148736,0.05999903554033853,0.20400487284909397,0.23999679127226056,0.21000217912399213,0.10967709127797949,0.04999857669769466,0.1,0.10799989779753692,0.1085720804729971,0.6224985821923358,0.12079474664960226,0.16999812939258707,0.6700056776705329,0.028316228389261577,0,0,0.5600031665432093,1.1999997250692827,0.4399966047024871,1.769943970117396,0.2800043036204207,0.5199873046100134,7.7049875194273065,0.5299948844861674,1.320002821272394,0.5153879296569214,0.26000008678072334
ZMB,0.200884304174,0.214999965868,0.662327642054,0.164238720379,0.234305154685,0.537353152732,0.145093197516,0.14202710957,1.33820855549,0.425574816462,0.106500332047,0.273334399794,0.153836951225,0.294428278969,0.0919270383207,1.51320476062,0.00599994648198,0.180001154849,0.0802628094585,0.816716019659,1.11236514735,1.87433489603,0.767789296772,2.27509153921,0.436501181276,0.787618717882,4.79760573101,0,0.16085958417,8.11346405711,0.859000495836,1.1325838897,0.0016624771895,0.0269294566745,0.000820328236547,0.032228491493,0.047914537539,0,0,0,0.0342820916969,0.0100000010114,0.00507827205064,0,0.00442257609991,0.129679119715,0.253761432052,0.53346341897,0.309999131267,0.287954252328,0.18277171818,0.614181252044,0.0716706421529,0.0741953265668,0.0599998059444,0.204000078013,0.277869917066,0.209998879533,0.180893970639,0.050000049603,0.100000108883,0.108595933088,0.108571967029,0.49899530938,0.119378585928,0.201325819093,0.66669423399,0.0283162283893,0,0,0.56180796832,1.2445202124,0.440001123297,1.68321582743,0.280001194162,0.520001410951,6.80715452018,0.497023423874,1.20568780433,0.515387929657,0.260000086781
ZWE,0.20088366813690764,0.21500237674860792,0.7999965237946258,0.14538783340557698,0.24002192568098055,0.5400226302149871,0.13509302874250523,0.13519428585194287,1.3837160014862508,0.42833354646844196,0.10650076616610481,0.27333792004634994,0.152737808511493,0.2013956491506904,0.10385456839515603,1.9242606047777917,0.005999973238299561,0.18000494926998267,0.07052576522350291,0.7397628197181935,1.2699953931748114,2.7839976393144803,0.7151385648443734,2.315610171553717,0.43650356392686196,0.7799864815042399,4.797605731011693,0,0.16727030251982875,5.824777527379497,0.8432426551161574,1.6187248186189953,0.001662477189502257,0.026929456674506424,8.203282365473e-4,0.03222849149297888,0.04791453753900279,0,0,0,0.03428209169689015,0.01,0.005078272050635159,0,0.004422576099907576,0.12967728280364044,0.2509122625892237,0.2837036358203189,0.30999700250256185,0.214284139755318,0.1999938487089978,0.5996294408748002,0.0699998209746142,0.07505668713148736,0.06000046879028666,0.20400815695098798,0.3725427300233619,0.21000215177162532,0.11900913930318584,0.05,0.09999999999999999,0.10799991834735038,0.1085730012384753,0.6412560114964435,0.1265195240190679,0.17000099532198668,0.6700003650034676,0.028316228389261577,0,0,0.5600018293240647,1.200009381589141,0.4399968849778054,1.76995485544136,0.28001499812523434,0.5200092574224691,1.4202972355247463,0.46404635559735957,1.3199851883199323,0.5153879296569214,0.26000008678072334
