ISO3,wheat,rice,barley,maize,rye,oats,millet,sorghum,othr_grains,cassava,potato,sweet_potato,yams,othr_roots,sugar_cane,sugar_non,raw_sugar,sweeteners,honey,beans,peas,othr_pulse,nuts,soyabeans,groundnut,seed_sunflower,seed_rape,seed_cotton,coconuts,seed_sesame,preserved_olives,seed_oilcrop,oil_soyabeans,oil_groundnut,oil_sunflower,oil_rape,oil_cotton,oil_palmkernel,oil_palm,oil_coconut,oil_sesame,oil_olive,oil_ricebran,oil_maize,oil_oilcrop,tomato,onion,othr_vegetables,orange,lemon,grapefruit,citrus,banana,plantains,apple,pineapple,dates,grapes,othr_fruits,beef,lamb,pork,poultry,othr_meat,offals,butter,cream,fat_ani,oil_fish_body,oil_fish_liver,eggs,milk,fish_freshw,fish_demrs,fish_pelag,fish_marine,crustaceans,cephalopods,othr_molluscs,fish_aquatic,fish_aquaticplant
AGO,3.479173393606716,3.530003313618974,3.4608337411701595,3.505315244203256,3.379980878807651,3.7799759097711427,3.5602870122043626,3.4788629337349932,3.4357955109052067,1.529999955071728,0.8,1.149998955094355,1.2642328914687735,1.8330536911061983,3.669587050198212,3.7508305598883043,4,2.830017885169909,3.2599814298978647,3.3500010082881286,3.30153463159531,3.4297855560358186,5.862413042496587,4.129995320542816,5.769985334854164,5.719305806552664,5.394951077839694,0,1.6199987237572586,5.7699046135876975,1.1492801960984556,5.26152522846946,9.000020391101325,9,8.839964163652652,8.939992920302984,9.000024333268444,8.619982608882353,8.999987710458399,8.776562596611676,8.923612412916954,8.84015029522276,8.980700999344393,9.000011442364215,9,0.22000225971678217,0.3700023657440265,0.3451626637352712,0.4500015276038007,0.31594130864675296,0.35368334783063093,0.7100013181308904,1.06,1.2154709662078935,0.5100223755360805,0.5400022626548812,2.6134813004481474,0.6199912401451633,0.8948226008423174,2.3500108648413733,2.569977042768472,2.649996740854476,1.8099987213911266,1.5000413804518746,1.126228814092218,7.200420075171347,3.507603543418777,8.999953797819257,9.020001904576535,9.019917679908211,1.5124664816295805,0.6590431486728237,0.979991338241663,0.8500036886757655,1.0899954693356397,0.9599973768771723,2.420009490090156,0.8200202783666697,0.6727172039183894,0.6928298609768198,0.42999852475068284
ALB,3.636969840836994,3.58,3.5400127748882197,3.738055934629961,3.380039224231859,3.890206956966091,3.46550503302663,3.4788629337349932,3.4357955109052067,1.4892735079688177,0.6999997525842574,0.8600057121096725,1.2642328914687735,1.8330536911061983,3.669587050198212,3.7508305598883043,3.9899954924746313,2.8599984491658725,3.040071414401904,3.389997776261205,3.30153463159531,3.4718107877479296,5.25601035471522,4.459977369785013,5.670038585879653,5.719305806552664,5.394951077839694,0,3.5400093589143657,5.886280076971867,1.1500004921792715,5.26152522846946,8.840491543983454,8.84001898018031,8.83995957674474,8.84001898018031,8.955965460416285,8.6203719565902,8.953060410890894,8.776562596611676,8.923612412916954,8.840187370726365,8.980700999344393,9.000069524107484,8.839981911560452,0.17999971231921058,0.39999951240680875,0.31616044784864716,0.46999967839569473,0.29,0.32,0.7099934588269496,0.8900004125242357,1.2154709662078935,0.52,0.5,2.770013917960745,0.6699999842445995,0.5508227727910419,2.9100033361682933,1.0900034054259788,3.7599949965452337,2.1499961384328903,1.317484416495748,1.2702650961741917,7.170087251404146,3.4499498129391366,9.000016820292,9.020001904576535,9.019917679908211,1.4299924738616898,0.5382478335263128,1.190029985007496,0.8999952761112947,1.3900039537642164,0.9600599541527066,0.8400040275889845,0.8200023285597859,0.860003173931443,0.6928298609768198,0.42999852475068284
ARE,3.4193665013971373,3.5800013661162478,3.4608337411701595,3.65,3.379980878807651,3.7953920660166665,3.46550503302663,3.4788629337349932,3.4357955109052067,1.5999789323993363,0.7000004468934204,0.8600133649791459,1.2642328914687735,0.6699903660886319,3.669587050198212,3.7508305598883043,3.9899996392442807,2.8598890402958927,3.039950890931413,3.3899872201998296,3.52,3.6065483710128805,5.637857827382469,4.459810203585043,5.6699781824169495,5.719305806552664,5.394951077839694,0,3.5400010822594488,6.310063267182177,1.1500384221311475,5.26152522846946,8.839977407717814,8.840018980180313,8.8400007281796409,8.840033093245085,8.955965460416285,8.6203719565902,8.839808581393461,8.776562596611676,8.923612412916954,8.83974932855864,8.980700999344393,9,8.839964163652654,0.1799997826023943,0.3999983712647672,0.4540452194219245,0.469998897356105,0.29000350977952205,0.32000313038034117,0.7100058870985325,0.8900007311697671,1.2154709662078935,0.5200018024716393,0.5,2.76999522502089,0.6700002498105603,0.6260293863648483,2.9099891463003855,1.0899984655516342,3.687415378265109,2.150000438213375,1.5986095275863779,1.2851891386766316,7.170193740685544,3.4499498129391366,9.000034762053742,9.020001904576535,9.019917679908211,1.449199214561723,0.7063580757714062,1.189994581903558,0.9000006459489313,1.3900041071978644,0.9600149360550145,0.8399926076510811,0.8200143789403826,0.8600056010206305,0.6928298609768198,0.42999852475068284
ARG,3.4761919862648734,3.500993115953882,3.4608337411701595,3.408847913343733,3.379980878807651,3.3800464550381597,3.46550503302663,3.4788629337349932,3.4357955109052067,1.3340097492114609,0.878200379025807,1.1359994008836967,1.2642328914687735,1.8330536911061983,3.669587050198212,3.7508305598883043,3.971998451462248,2.829992078483943,3.039967150287435,3.273999269984183,3.30153463159531,3.426411793719246,6.134678771393071,3.9667282005133786,5.7327713201847965,5.719305806552664,5.394951077839694,0,3.5401083594726797,6.309981506715983,1.150016425156039,5.26152522846946,8.99994632385502,8.99990875079843,8.999990419957145,8.99990875079843,9.000101389029707,8.6203719565902,8.982236281786104,8.999918890420957,8.923612412916954,9.000024333268444,8.980700999344393,9.000045625294664,8.932923104346283,0.1800006714267288,0.3949990075401821,0.2787056332169777,0.41939927793914056,0.262202238980178,0.28239586047723636,0.6606820499541809,0.9976042419011044,1.2154709662078935,0.5826989918802371,0.45480172350836195,2.6134813004481474,0.690681165987011,0.5631839702970012,1.3010002917566446,1.516015422258471,1.5780022589119151,1.7260007893457887,1.2162260297073428,1.3576064053422106,7.4700184967210355,2.498053291154642,8.991085056962724,9.020001904576535,9.019917679908211,1.5399974925270707,0.5710000204148007,1.1740132177287335,0.8952157727836757,1.0559598900210254,0.8689959796868388,0.8390049415992812,0.7550117516936264,0.8467157881478682,0.6928298609768198,0.42999852475068284
ARM,3.419367112387179,3.5799816323647153,3.4608337411701595,3.649990266692622,3.3799616753353408,3.8900041714464493,3.46550503302663,3.4788629337349932,3.6699826270823745,1.4892735079688177,0.7000002202609211,1.052925469025267,1.2642328914687735,1.8330536911061983,3.669587050198212,3.7508305598883043,3.9900004145429766,2.8600339705829203,3.0400414033558514,3.3172127032121486,3.30153463159531,3.4297855560358186,6.371699138478009,3.9667282005133786,5.669929489838241,5.719305806552664,5.394951077839694,0,3.539970363437841,6.309981506715983,1.1500017548169725,5.26152522846946,8.839964163652652,8.983315180687896,8.8400262505899,8.939992920302984,8.955965460416285,8.6203719565902,8.953060410890894,8.6199547873593,8.923612412916954,8.840033093245085,8.980700999344393,8.99990875079843,8.839946567327049,0.18000013158488354,0.4,0.28856302230110986,0.46999872647655244,0.29000372995151064,0.3199946838715913,0.7100461337189286,0.8899995400677633,1.2154709662078935,0.5200011349886603,0.4999862368906383,2.7699044053746906,0.6699989882275379,0.49434959664928,2.909995391898119,1.0899950876043885,3.759994395256986,2.150003946329913,1.317484416495748,1.2266562895223272,7.170039662361436,3.4500492754681167,8.999963980405342,9.020001904576535,9.019917679908211,1.4347526330839167,0.5157834907749299,1.1899604858773598,0.9000000000000001,1.3900010059350165,0.9599653754598572,0.8399982479961455,0.7932226166995019,0.8600031739314431,0.6928298609768198,0.42999852475068284
ATG,3.47619335914442,3.5010012511330855,3.4608337411701595,3.408839909522038,3.379980878807651,3.3799911812258094,3.46550503302663,3.4788629337349932,3.4357955109052067,1.33399170452301,0.8781986781098945,1.1360038421174337,0.9035832307393249,1.8330536911061983,3.669587050198212,3.7508305598883043,3.97200127051005,2.8299933877011245,3.0399796282149225,3.2739037214763385,3.1098180279305967,3.4297855560358186,5.170775011551966,3.626107442678435,5.998638047504904,5.719305806552664,5.394951077839694,0,3.5399625643425363,5.886280076971867,1.1499441340782124,5.26152522846946,9,8.99990875079843,8.873407108741311,8.939992920302984,8.99990875079843,8.6203719565902,8.953060410890894,8.776562596611676,8.923612412916954,8.999767026481322,8.980700999344393,9.000101389029707,9.000041954227937,0.17999861920930904,0.39499969631547854,0.31245469797839404,0.41939988080969764,0.2622034189011492,0.2823913845505174,0.7099837682002084,0.9976067215479929,0.8960973327094057,0.5826976227266745,0.45480532487585024,2.769997707999083,0.6906982636919774,0.6226964587882394,1.300997363059461,1.515994454571128,1.5780004669453078,1.7259989250291017,1.317484416495748,1.2914958596709587,7.288494047861634,2.4979773093652096,8.991029633142928,9.020001904576535,9.019917679908211,1.4902620012949919,0.6197702824379807,1.174000633799629,0.8951996171268936,1.0559979618100694,0.8689967236264848,0.8389907838306414,0.7549906341985549,0.8466994680186818,0.6928298609768198,0.42999852475068284
AUS,3.636969474207259,3.580003771221539,3.4608337411701595,3.738049892818406,3.3800615946161745,3.8900859531378784,3.46550503302663,3.4788629337349932,3.4357955109052067,1.6,0.7000003916047768,0.8599898612255243,1.2642328914687735,1.3683865288015051,3.669587050198212,3.7508305598883043,3.990001655061533,2.8600000804851646,3.039957737008933,3.389907838306415,3.520021900141438,3.671204067665052,5.9143197060177135,4.460118089103597,5.670001629460648,5.719305806552664,5.394951077839694,0,3.539953855652682,5.886280076971867,1.1499906809145128,5.26152522846946,8.840001604396045,8.83981645635624,8.839984426708195,8.840002471958718,8.839957811907471,8.6203719565902,8.840005591494716,8.619963013431963,8.840033093245085,8.840060304697419,8.980700999344393,9.000069524107484,8.839903275846336,0.1799999031738014,0.39999999999999997,0.3686758787349815,0.4700000592532901,0.29,0.3199958679108846,0.7099686028257457,0.8899997887725573,1.2154709662078935,0.5200009803695417,0.5,2.7699478568761147,0.6699979289771351,0.6046993144629375,2.9100018406154002,1.0899977677279604,3.759999106834946,2.1500003827321463,1.3300016121231664,1.2087920010453792,7.170028229339045,3.4499498129391366,8.99996788868076,9.020001904576535,9.019965689674052,1.4300009906755364,0.4762481206412312,1.1900328587075575,0.9000023342125535,1.3899904110860217,0.96,0.8399962403659376,0.8200210010500525,0.860007910088659,0.7299936125558901,0.42999852475068284
AUT,3.636970261512617,3.579992461962667,3.5400666129302087,3.738062983782938,3.380004328067518,3.8899957651898607,3.46550503302663,3.4788629337349932,3.4357955109052067,1.4892735079688177,0.7000004173814324,0.8599986481462706,1.2642328914687735,1.8330536911061983,3.669587050198212,3.7508305598883043,3.9900008603890202,2.8600063655016896,3.0399911130859807,3.390068197099222,3.5199192358468587,3.4585909597304174,5.85704021551498,4.460031163952272,5.669945695717974,5.8399780038493265,5.394951077839694,0,3.5401252134319865,6.309996771159434,1.1500102817191034,5.339955668664313,8.839945961319682,8.840491543983454,8.840029008838131,8.839997768559805,8.955965460416285,8.6203719565902,8.839891391435948,8.619938754678463,8.83985765124555,8.840013644891693,8.980700999344393,8.999975503405025,8.83995855913293,0.17999913342920631,0.4000009627442061,0.326979970045407,0.46999950025668635,0.2900008325701441,0.32,0.7099947671376242,0.8899998543880172,1.2154709662078935,0.5200000916682008,0.4999839532719279,2.769997707999083,0.6700014378781343,0.5443969214849214,2.9099991090123405,1.089973344269018,3.7600007821579564,2.150002098812072,1.2847173436666968,1.1642219830613725,7.169986245212795,3.4499959760075365,9.000006500450157,9.020001904576535,9.019917679908211,1.4369297316711211,0.50400533858258445,1.1900097943192949,0.9000251825736589,1.3899996811122806,0.9600251596671182,0.8399943024677436,0.8199917046868519,0.8600122661760196,0.7300031285848368,0.42999852475068284
AZE,3.4193662237998255,3.58001284261043,3.540022630214987,3.649998113252855,3.3798909869573683,3.8902069569660918,3.46550503302663,3.4788629337349932,3.6486798593249694,1.4892735079688177,0.6999997973067471,1.052925469025267,1.2642328914687735,1.8330536911061983,3.669587050198212,3.7508305598883043,3.9899982780740624,2.859966171103,3.0400186880411133,3.3172127032121486,3.30153463159531,3.4297855560358186,6.281177191440611,3.9667282005133786,5.670038585879654,5.719305806552664,5.394951077839694,0,3.539903137502632,5.886280076971867,1.1499716116473355,5.26152522846946,8.839923524810985,8.983315180687896,8.84005292534181,8.939992920302984,8.955965460416285,8.6203719565902,8.953060410890894,8.619921889257949,8.923612412916954,8.839727471814422,8.980700999344393,8.99997582789461,8.84001898018031,0.1800002227375646,0.4000004321315754,0.28345795635209114,0.4699932361802865,0.2899985853727543,0.32001180637544274,0.7099973835065768,0.8900047715343892,1.2154709662078935,0.5200011207071662,0.5,2.769971254763019,0.6700000974054438,0.630281090499455,2.9100048910385303,1.0899998854380277,3.7599357556090927,2.1500029385836026,1.317484416495748,1.1409564826727574,7.170032081524816,3.4500547511862756,8.999895713838773,9.020001904576535,9.019917679908211,1.4310400369182132,0.49494095981506797,1.1900366067165369,0.9000240134475306,1.3899848776464117,0.9599930174246992,0.8400189801803116,0.7932226166995019,0.6727172039183894,0.6928298609768198,0.42999852475068284
BEL,3.636970212242103,3.5799954213047553,3.539993742830326,3.7380894108276954,3.379947229551451,3.8900697799248527,3.46550503302663,3.4788629337349932,3.4357955109052067,1.4892735079688177,0.7000001837865356,1.052925469025267,1.2642328914687735,1.8330536911061983,3.669587050198212,3.7508305598883043,3.9899994238551555,2.8600053045037765,3.0400347624565467,3.3900136266303287,3.519966593460979,3.5655387755188097,5.924940227121196,4.460092468670155,5.670007452131462,5.719305806552664,5.080045260429974,0,3.5400176129299625,5.886280076971867,1.150015642924184,5.26152522846946,8.840020148044324,8.839766402043981,8.839935848987041,8.83995957674474,8.955965460416285,8.6203719565902,8.840015488719896,8.620201384518564,8.84001898018031,8.84009995507637,8.980700999344393,8.999926263203495,8.839994061022988,0.17999972114683013,0.4000067380904252,0.44152434346774155,0.4699998711887986,0.29000732341725804,0.320008570291696,0.7099964676792652,0.8900042519364798,1.2199972155188417,0.5200004670505562,0.4999845090931623,2.769913174782937,0.6699981750061729,0.5470837676420134,2.910000079720023,1.0900071532982927,3.7600018303255527,2.149998995419111,1.4907001401718003,1.5874176682896983,7.170017318340367,3.4499954768394514,8.999996883006776,9.020001904576535,9.019882816252041,1.4306608121291475,0.477147657024103,1.190003826151034,0.9000095259263963,1.3900095176690923,0.9599581744372002,0.8400069111485465,0.8199900455324719,0.8599953789841062,0.7299980533385244,0.42999852475068284
BEN,3.4791871773634835,3.530000370349541,3.4608337411701595,3.489998279156968,3.379980878807651,3.7799759097711427,3.560315834020091,3.471096291032334,3.4357955109052067,1.529999901503427,0.8000051228195999,1.1500044962007103,1.2800000551049957,0.9199946869742318,3.669587050198212,3.7508305598883043,4.000007242073551,2.830065700281572,3.1279113590760814,3.3499965961279647,3.30153463159531,3.1100153638752834,5.866829511195849,3.9667282005133786,5.77000482923597,5.719305806552664,5.394951077839694,0,1.619996051679133,5.770048309178744,1.1499954375399215,5.860056704010569,9.000066363606196,9.000029554757576,8.84001898018031,9.000255502427272,9.000072277836,8.619934487599439,8.999983777821038,8.999903947747574,8.923612412916954,8.84001898018031,8.980700999344393,9.000011442364215,8.999771880465364,0.22000019546711755,0.36999432785025527,0.36154160491689247,0.45000763825236784,0.3600042628017264,0.3300024103853173,0.6606820499541809,1.0600129617627998,1.2154709662078935,0.510004771276913,0.5399994906145735,1.4899879670482243,0.619993692841375,0.8741523989161284,2.3499715701405246,2.570050652009915,2.6500882501260716,1.8100012498090567,1.5050135456901876,1.0674430831247093,7.288494047861634,3.6000292002774024,8.999903947747574,9.020001904576535,9.019917679908211,1.389976507439311,0.8171734737039996,0.979994168340569,0.850002572854668,1.0899717577442058,0.9599989525093947,2.419958777052559,0.7932226166995019,0.6727172039183894,0.6928298609768198,0.42999852475068284
BFA,3.4791704387321722,3.5299984316409314,3.4608337411701595,3.490000098335982,3.379980878807651,3.7953920660166665,3.560298407536703,3.4710996893563983,3.4101263906758494,1.5300483725506273,0.7999999999999999,1.1499990350036347,1.2799948555389957,1.8330536911061983,3.669587050198212,3.7508305598883043,4.000005305236799,2.8300702261544974,3.1279113590760814,3.3172127032121486,3.390042705405701,3.157765525216351,6.6750135314375445,4.1300154526562585,5.7700029494965746,5.719305806552664,5.394951077839694,0,1.6199199831543483,5.770048064760941,1.150016425156039,5.26152522846946,8.99990875079843,9.000260722200496,8.873407108741311,8.939992920302984,8.999987668935582,8.619921889257949,9.000044877260692,8.99990478306408,8.84001898018031,8.849740004072041,8.980700999344393,9.000011442364215,8.999918890420957,0.22000365030114985,0.41761403814126336,0.3656143767118142,0.44999481094544574,0.36001187849991517,0.32999978068732594,0.6606820499541809,1.0600027243007628,1.3999928470520913,0.51,0.5399722552516845,1.4899731766509134,0.6200047424434743,0.5786734703293425,2.349989775469306,2.5699833008627886,2.649958204825181,1.8100067126965862,1.4907804759365764,1.091279130869302,7.2,3.507603543418777,8.999719239138063,9.020001904576535,9.019917679908211,1.3899917990932582,0.7730403388360668,0.9800026457359555,0.9437533994409837,1.090006489292667,0.960013528279307,2.420009490090156,0.7932226166995019,0.6727172039183894,0.6928298609768198,0.42999852475068284
BGD,3.419367289774038,3.5399999788552887,3.4608337411701595,3.6499310568578145,3.379980878807651,3.7953920660166665,3.7833570860093655,3.4788629337349932,3.4357955109052067,1.4599808812027462,0.7600004664198882,1.029981750238985,1.2642328914687735,1.8330536911061983,3.9901016084886205,3.869996210383549,3.870001267824613,2.830056124651674,3.1279113590760814,3.0499318668483553,3.409991557828872,3.7612434834706563,6.883863951204426,3.7799376640419946,5.670016546622542,5.719305806552664,5.394951077839694,0,3.5399922788053204,5.886280076971867,1.1492801960984556,5.26152522846946,8.840002678900312,8.839727471814422,8.873407108741311,8.83997694745942,8.83985765124555,8.6203719565902,8.84,8.620007908264135,8.83981645635624,8.849740004072041,8.83985765124555,9.000011442364215,8.84001898018031,0.18000052776018577,0.4000009891588193,0.40793674883023606,0.47000162946064855,0.29999373119358075,0.31999404385213864,0.7100002616499647,0.889997825088809,1.2154709662078935,0.52,0.4999889042995839,2.6134813004481474,0.6700011303266644,0.6518374111454667,2.9099282000495172,1.089996864220759,3.687415378265109,2.15001667778519,1.430386499072637,1.347700446724685,7.170192847781315,3.507603543418777,9.00016846361186,9.020001904576535,9.019917679908211,1.556439961837263,0.6781032403288069,1.1399992862641535,0.8999952761112947,1.3900637586010984,0.9699960855259678,0.8499943846163445,0.7932226166995019,0.6727172039183894,0.6928298609768198,0.42999852475068284
BGR,3.6369698707426577,3.5799866308741923,3.540041403355851,3.73806799228109,3.3799567411679887,3.8900476240136275,3.46550503302663,3.4788629337349932,3.4357955109052067,1.4892735079688177,0.6999992168226495,0.8600239653424279,1.2642328914687735,1.8330536911061983,3.669587050198212,3.7508305598883043,3.98999822122125,2.859983819683543,3.0399715125077895,3.3899670613371318,3.5199186567942435,3.578679476063253,5.870542095305211,4.45998722511178,5.669940036499522,5.839955158429226,5.394951077839694,0,3.5401083594726797,6.309882288529975,1.1500116715828788,5.26152522846946,8.839952934396312,8.839784046840544,8.840004027588984,8.939992920302984,8.955965460416285,8.6203719565902,8.953060410890894,8.776562596611676,8.923612412916954,8.840077171759306,8.980700999344393,8.99995320542817,8.840052298975813,0.1800003953880184,0.39999462842102435,0.30032395171881704,0.46999976498053253,0.28999935018519724,0.3199966609624776,0.7099686028257457,0.8900028818880917,1.2200037978460787,0.5199981353719932,0.5,2.769971254763019,0.6700005173216533,0.5820852615449972,2.910020686562414,1.089997804931587,3.759998953779171,2.150000136086638,1.3686297899301099,1.5638528532242923,7.1701769782068165,3.4500779772372825,9.000007213445864,9.020001904576535,9.019917679908211,1.4346137093570357,0.5497377602808761,1.1900156548965037,0.9000043008902843,1.3900167504187604,0.9600095215424899,0.8399965933424178,0.8200202783666697,0.8599955918007494,0.7300069350658831,0.42999852475068284
BHS,3.6369694300448603,3.580000899100208,3.5399737457176705,3.7380821746391564,3.379988320031146,3.889973614775726,3.46550503302663,3.4788629337349932,3.4357955109052067,1.6000051729043272,0.6999987345227614,0.8600111767523552,1.2642328914687735,1.8330536911061983,3.669587050198212,3.7508305598883043,3.9899998606870155,2.8600016167792286,3.039941599749713,3.3900789851603634,3.520050613198365,3.4297855560358186,5.170775011551966,4.459941600510995,5.669869646182495,5.839810746873944,5.394951077839694,0,3.540013975948852,5.886280076971867,1.1500136873802353,5.339962564342536,8.839923524810985,8.983315180687896,8.873407108741311,8.939992920302984,8.84001898018031,8.6203719565902,8.953060410890894,8.61993868016352,8.83985765124555,8.839935903142527,8.980700999344393,9.000156429241839,8.839997656501744,0.18000029218637442,0.3999981569028595,0.3502832392138308,0.47000002239556393,0.28999891596204197,0.32000059684648025,0.6606820499541809,0.8900004906415958,1.2199929808142256,0.5199987316485398,0.5,2.7699342210813414,0.6699969941170576,0.6640136146639489,2.910001365507286,1.0900023532393244,3.7599979568642974,2.1500001573780403,1.317484416495748,1.4404176828894637,7.170060913440172,3.4500326981278424,8.999990054501332,9.020001904576535,9.019917679908211,1.4567214325074764,0.9162694528584914,1.1898934070272402,0.9000055521625674,1.3900025634452704,0.959989924010244,0.8400065152367696,0.8200051616709065,0.8600339723368113,0.7299980533385244,0.42999852475068284
BIH,3.636970921544241,3.5799827105945634,3.5399902851988068,3.7380652021073923,3.380061594616174,3.8900302429867555,3.46550503302663,3.4788629337349932,3.370787942185567,1.4892735079688177,0.7000000648715835,0.8600070972320795,1.2642328914687735,1.8330536911061983,3.669587050198212,3.7508305598883043,3.9900007525775787,2.8599998479168405,3.039937186996011,3.3899883585564607,3.520075519194462,3.675145765433157,6.2107103131428385,4.460054378189132,5.6698633078079155,5.719305806552664,5.394951077839694,0,3.539932334732497,5.886280076971867,1.150015642924184,5.340196537201685,8.840012251773954,8.983315180687896,8.84002379483564,8.939992920302984,8.955965460416285,8.6203719565902,8.840052298975813,8.776562596611676,8.923612412916954,8.839940330720157,8.980700999344393,9.000011442364215,8.84001898018031,0.17999967664486713,0.3999993553855923,0.334348185540503,0.4700008443581323,0.29000602772754674,0.320006121590083,0.6606820499541809,0.8900035165116205,1.2154709662078935,0.5199988844317807,0.5000071568641484,2.769971254763019,0.6699973648788201,0.4876486812443368,2.9100109759135933,1.0899932840832773,3.7599951561812865,2.1500014141928396,1.317484416495748,1.2780109970196654,7.170170790823516,3.450057937427578,9.000072277836,9.020001904576535,9.019917679908211,1.4300012817077008,0.4974595612864538,1.190023952599067,0.9000043008902843,1.3899660505469635,0.9600213626306554,0.8399883203153515,0.8200100553041729,0.8600061127568533,0.6928298609768198,0.42999852475068284
BLR,3.6369710965071143,3.579998996563229,3.539988022207475,3.7380336771479143,3.379998824404459,3.890003270467677,3.46550503302663,3.4788629337349932,3.382068152754757,1.4892735079688177,0.6999999474527179,1.052925469025267,1.2642328914687735,1.8330536911061983,3.669587050198212,3.7508305598883043,3.990002124059892,2.860001959727598,3.0400458859109394,3.3172127032121486,3.30153463159531,3.4297855560358186,6.4673752021910555,4.460056444026341,5.669876524035101,5.719305806552664,5.394951077839694,0,3.5399429699495504,5.886280076971867,1.1500007604215778,5.26152522846946,8.84008406149762,8.983315180687896,8.839997345455753,8.840004478531041,8.955965460416285,8.6203719565902,8.953060410890894,8.619855826261519,8.923612412916954,8.840061318344405,8.980700999344393,9.000024333268444,8.83981645635624,0.18000021843361255,0.3999986229025084,0.30687710218752073,0.47000269387701465,0.29,0.32000700361853623,0.7100002616499647,0.890001653074719,1.2200134770889486,0.5200001536921661,0.500014172335601,2.769989771975212,0.6700081278786237,0.4856380157531567,2.910003349138919,1.090028225976324,3.760000724630521,2.150000797864459,1.3387467663121586,1.3971180726313221,7.170025066709791,3.4500765336159187,9,9.020001904576535,9.019917679908211,1.435963093737266,0.47443843514055034,1.1900021718670817,0.900006910372469,1.39000830663344,0.96,0.8399708005515452,0.8200143789403826,0.8600296233601354,0.6928298609768198,0.42999852475068284
BLZ,3.476192479779405,3.5010016562631643,3.4608337411701595,3.5480009516296658,3.379980878807651,3.3800276409511323,3.46550503302663,3.2900198143706327,3.4357955109052067,1.333970626575128,0.8781996705989077,1.1359970505553252,0.903598764799719,1.8330536911061983,3.669587050198212,3.7508305598883043,3.97199851889053,2.829984970708217,3.0400537892613584,3.2738979978577905,3.109789040391047,3.4297855560358186,5.926990827174837,3.6262353998203056,5.998540007840698,4.7462656302805,5.394951077839694,0,3.540036661152591,6.310179946709494,1.1500164251560392,5.26152522846946,9,8.983315180687896,8.999983558580777,8.939992920302984,8.955965460416285,8.6203719565902,8.953060410890894,9.000107353730542,8.84001898018031,9.000101389029707,8.980700999344393,9.000101389029707,9.000037726239542,0.18000134410860397,0.39499407725569885,0.2517468275607787,0.4193999120898522,0.31594130864675296,0.28240035878409464,0.6606820499541809,0.9975977740525034,0.8961072201410056,0.5827086149686617,0.45479452054794517,2.7699342210813414,0.6906754915320226,0.5399949957510891,1.300999325608485,1.5160109365586911,1.5780021717876842,1.7260009637239349,1.317484416495748,1.2914958596709587,7.288494047861634,2.497984882819035,8.99100634977418,9.020001904576535,8.99990875079843,1.5399982693472556,0.5860305900449776,1.174013921113689,0.895197255574614,1.0559988490355139,0.8690355772584583,0.8390014886064354,0.7550079882020401,0.8467035967855192,0.6928298609768198,0.42999852475068284
BOL,3.4761936792345196,3.50100127840553,3.5200204401941817,3.4088540218155075,3.3800416103952986,3.3800564440263403,3.46550503302663,3.4788629337349932,3.694294459499537,1.3340006078309727,0.8782005716122828,1.1360043090474155,1.2642328914687735,0.7238021935732154,3.669587050198212,3.7508305598883043,3.971999330739716,2.830069524913094,3.0399937428303265,3.273894183298756,3.109725496159988,3.3997601785491494,4.023948015294475,3.6262364492462678,5.998540007840698,5.719305806552664,5.394951077839694,0,3.540042116010466,5.886280076971867,1.1500024333268444,5.26152522846946,9.000052898857385,8.999927001970947,8.999884128501492,8.939992920302984,9.00011288805268,8.6203719565902,8.953060410890894,8.776562596611676,8.923612412916954,8.99990875079843,8.980700999344393,9.000255502427272,8.99990875079843,0.17999877468499195,0.39500185011242983,0.5837992674002848,0.4193994321390475,0.26220266132830905,0.2824074074074074,0.7099882260596546,0.9976260783973134,0.8960997571606197,0.5827119630451388,0.4548026778118874,2.6134813004481474,0.6906847589602657,0.5677506885875284,1.3010000715265722,1.5160240556090703,1.5780043729417481,1.7260004325170757,0.9914985107186307,1.3472539159535348,7.288494047861634,2.498053338524431,8.990945547966664,9.020001904576535,9.019917679908211,1.5400333526716796,0.6456435705326017,1.1739986221828558,0.9437533994409837,1.0559948094275282,0.8689993217041863,0.8848344744473904,0.7932226166995019,0.846699111299196,0.6928298609768198,0.42999852475068284
BRA,3.47619027096356,3.50100118603682,3.4608337411701595,3.4088556270839643,3.38005292453691,3.3800378038977126,3.46550503302663,3.4788629337349932,3.386761019839656,1.333999582712189,0.8782015086179611,1.136002097718731,0.9035562710376115,1.8330536911061983,3.989962383686399,3.990015233556055,3.972001603383693,2.830028608069448,3.0400408803883634,3.2739013832166743,3.109798586455188,3.3480945047599393,6.030282104812634,3.6261852803151737,5.998805415449961,4.746358444016358,5.394951077839694,0,3.5399924312723243,6.309973537731544,1.1499572881882425,5.26152522846946,9,9.000255502427272,9.000011060601034,8.939992920302984,8.99988504095416,8.6203719565902,8.982046983426352,9.000255502427272,8.84001898018031,9.000011060601034,8.99990875079843,8.99990478306408,8.932923104346283,0.17999981958522643,0.39499922140902716,0.3905930915435188,0.4193995559676618,0.2622002729222172,0.28240003443377953,0.6606820499541809,0.9975998414574173,1.2154709662078935,0.5826997301140486,0.454797945769513,2.6134813004481474,0.6907037860628988,0.46323223083581944,1.3010002916350178,1.5159870250231697,1.5780010769469468,1.726001169724803,1.3201483895292472,1.3528472051824403,7.470180838784147,3.507603543418777,8.991006697940447,9.020001904576535,9.019917679908211,1.5534905040710343,0.5718322721552561,1.1740033554366063,0.8952047878235598,1.055999484469648,0.8689985301195416,0.8390006122545095,0.7549945388433408,0.8467063867698646,0.6928298609768198,0.42999852475068284
BRB,3.636970403104193,3.579996870171634,3.540022630214987,3.738054543862437,3.3800416103952986,3.8900470366886166,3.46550503302663,3.4788629337349932,3.6700113803536234,1.5999872200389786,0.7000004236489307,0.8599949931155338,1.180004715868899,1.8330536911061983,3.669587050198212,3.7508305598883043,3.9899996004691634,2.859989255467071,3.0400061939365783,3.390042705405701,3.5199804914886252,3.484234023122821,6.015500214699051,4.459977369785013,5.670024216474221,5.839810746873944,5.080045260429974,0,3.540011524157078,6.309834185003649,1.1499908750798429,5.26152522846946,8.840007112136929,8.983315180687896,8.840105776751463,8.939992920302984,8.955965460416285,8.6203719565902,8.953060410890894,8.776562596611676,8.83985765124555,8.840016450750564,8.980700999344393,9.000035096339452,8.932923104346283,0.17999764400989515,0.3999986135710597,0.4014900791152721,0.47000034082001296,0.28999963030056564,0.32000646897778595,0.7100073523404951,0.8900028404010227,1.2199922372804606,0.5199995971883749,0.5,2.77,0.6699987603818024,0.7287873233827609,2.9099944002371663,1.0900100632368837,3.7600081415896454,2.1500010381652617,1.317484416495748,1.65089313949969,7.288494047861634,3.4499747187460494,8.999978338333568,9.020001904576535,9.019917679908211,1.4300033564214445,0.7330441558080159,1.1899877727139523,0.8999946932710677,1.389998776064268,0.9599983605885486,0.8399529042386186,0.8199867271319544,0.8599884287957682,0.6928298609768198,0.42999852475068284
BWA,3.479171656548962,3.530002206044562,3.4608337411701595,3.505311621701425,3.3600406893250363,3.7799600243330143,3.5601865326938413,3.471098619088354,3.410328551804973,1.529981378026071,0.8000010343614887,1.149993199549934,1.2642328914687735,3.040012369267139,3.669587050198212,3.7508305598883043,3.999997160639651,2.8299897096720286,3.2599689752714665,3.350005085147978,3.389999087507984,3.114230701395033,6.051119490690014,4.12996167533534,5.769960762843325,5.719305806552664,5.394951077839694,0,1.619919983154348,5.886280076971867,1.1499379516753048,5.26152522846946,8.99990875079843,9.000251730648205,8.840016516792073,8.99990875079843,9.00005367686527,8.6203719565902,9.000024333268446,9.000255502427272,8.840003930762427,8.839964163652652,8.980700999344393,8.999900454590701,8.999837780841917,0.22000438322909113,0.3700015363772225,0.37330989556289906,0.44999999999999996,0.3599936057974104,0.3299996174006198,0.7100082294106475,1.0600059847564733,1.2154709662078935,0.5099927537925715,0.5400109058687206,1.4900026071435735,0.6200059189109205,0.5564305281810149,2.350006005044237,2.569984355740969,2.6500846341922135,1.8100036868624803,1.466651793120413,1.004374757346197,7.199973073643585,3.599963500319372,9.000153686556269,9.020001904576535,9.019917679908211,1.3900436399823224,0.6693740128897075,0.9799857040743387,0.8499903947747576,1.0899899756551625,0.959986397642258,2.4199288256227756,0.7932226166995019,0.6727172039183894,0.6928298609768198,0.42999852475068284
CAF,3.479171094078367,3.529991756334606,3.4608337411701595,3.505315637229879,3.379980878807651,3.7953920660166665,3.5602973765101145,3.4711018412575103,3.4357955109052067,1.5300000140713672,0.8000149745432764,1.052925469025267,1.2799997454173906,0.920001096737046,3.669587050198212,3.7508305598883043,4.00001374768867,2.830017885169909,3.2600192436412314,3.3172127032121486,3.3899365603545664,3.109999814955312,5.170775011551966,3.9667282005133786,5.7327713201847965,5.719305806552664,5.394951077839694,0,3.7910286208433783,5.770000331818031,1.1492801960984556,5.8599803326494975,8.99990875079843,9.000004180986545,8.873407108741311,8.99990875079843,8.999895713838773,8.6203719565902,9.000034762053742,8.776562596611676,8.840011419016742,8.840491543983454,8.980700999344393,9.000011442364215,9.000024333268444,0.22000472255017708,0.41761403814126336,0.2902022478490341,0.4499963878922147,0.3600059206631142,0.3299945452066003,0.6606820499541809,1.0599983679464686,1.400005934365913,0.5352908272013153,0.5399943867527365,2.6134813004481474,0.6097702344385947,0.8888765499995078,2.3500043802867627,2.569994851073856,2.64998422577222,1.810040026684456,1.311857715765728,1.052622080539565,7.288494047861634,3.507603543418777,8.999938136038852,9.020001904576535,9.019917679908211,1.4134955547197376,0.6500001105062735,0.9799940056945902,0.9437533994409837,1.0900276867843777,0.9599983072544725,0.8848344744473904,0.7932226166995019,0.6727172039183894,0.6928298609768198,0.42999852475068284
CAN,3.6369707063468586,3.5800059209515496,3.539993742830327,3.7380643358660284,3.380018771509021,3.890030242986756,3.46550503302663,3.4788629337349932,3.6682278345279995,1.6000637302472445,0.6999999379014284,0.8599919957310564,1.2642328914687735,0.669989920278567,3.669587050198212,3.7508305598883043,3.989998722875869,2.860004052598462,3.0399736147757253,3.3900051168343848,3.52003147334601,3.558235098964074,5.85244882440806,4.459939464079053,5.669966463291447,5.719305806552664,5.080045260429974,0,3.540043110595258,6.310047652843963,1.15,5.340040555295586,8.839996027213587,8.839948900447121,8.840213971050975,8.839992355533743,8.839817503110742,8.6203719565902,8.83996966249526,8.62002161919335,8.839948900447121,8.839972069698797,8.980700999344393,9,8.932923104346283,0.17999931695544275,0.3999991638026909,0.3536601266886313,0.4699994572386663,0.29000456263850866,0.320016695486256,0.7100082294106475,0.8899999207349455,1.2154709662078935,0.5200003825993802,0.4999920479666651,2.7699786616181874,0.6700016136840407,0.5459628598687517,2.9099999134468915,1.0899644261374273,3.7599987765483136,2.1499994564618152,1.344849193043066,1.1238193275289816,7.16997742663657,3.449996304842299,8.999983656748128,9.020001904576535,9.019917679908211,1.4299969153239083,0.4739193419866071,1.1899757477768798,0.9000075041272699,1.3900062682255472,0.96,0.8400161030595814,0.8200143789403826,0.8600126567900432,0.6928298609768198,0.42999852475068284
CHE,3.636969293286942,3.579995033000444,3.5399693583273253,3.738061015599236,3.3800356891796897,3.8899872630838543,3.815366122917363,3.4788629337349932,3.3991935023968876,1.4892735079688177,0.7000001165668271,0.8600236579733004,1.2642328914687735,2.542208593668574,3.669587050198212,3.7508305598883043,3.99000137079631,2.8600210831466595,3.039998993102754,3.389981457959207,3.5200340304078157,3.532290487437022,5.820723672039263,4.4600741239892185,5.669892199303964,5.719305806552664,5.394951077839694,0,3.5399527235566746,6.310047652843963,1.149972278691554,5.340196537201685,8.839935810704509,8.839962564342535,8.840017021378612,8.84003371919213,8.955965460416285,8.619800775606418,8.839955118759548,8.61991453752337,8.840061318344405,8.84008406149762,8.980700999344393,8.99990875079843,8.839963339336249,0.17999950501992293,0.4,0.31429047562875784,0.4699998786998706,0.29000544100264547,0.3199990055193675,0.7099964676792652,0.8899987902459259,1.2154709662078935,0.5199999999999999,0.5,2.7700472061954273,0.6699984557719034,0.5516742564662168,2.9099963488576712,1.089983947663325,3.7599978004151717,2.149996992204502,1.3432432248944302,1.2621735522678899,7.170019627085378,3.4499973048520367,9.000025584171926,9.020001904576535,9.019917679908211,1.4300082357932566,0.47731921993780835,1.1899882816021152,0.900004467576563,1.3899928237361114,0.9599969579435699,0.8399882416344128,0.8199977878553257,0.859977697080605,0.6928298609768198,0.42999852475068284
CHL,3.4761919859741908,3.500993013123876,3.5199957680914093,3.4088541193614734,3.3799940810890794,3.380018771509021,3.46550503302663,3.4788629337349932,3.596662435870023,1.3340213353031916,0.8781997095606563,1.1360327570518653,1.2642328914687735,1.8330536911061983,3.669587050198212,3.7508305598883043,3.9719992203884527,2.8300061579801823,3.0399937428303265,3.2739516722313398,3.109759276961849,3.536159201079683,6.125375843460984,3.6261436636168973,5.998611967921036,5.719305806552664,5.394951077839694,0,3.5399218313791176,6.309882288529975,1.1500025172431154,5.26152522846946,8.999992348012396,8.983315180687896,9,9.000081717149707,8.955965460416285,8.6203719565902,8.953060410890894,8.776562596611676,8.923612412916954,9.00048667721134,8.980700999344393,9.00048667721134,9.000024333268444,0.18000181573121593,0.3949994061052381,0.3285907892595291,0.4193985802026003,0.26220379365753654,0.2823910199022106,0.7100002616499647,0.9976013856128715,1.2154709662078935,0.5826981973792775,0.4547963670207645,2.6134813004481474,0.6907049470630345,0.5787187574412167,1.3010011925922795,1.5159870250231697,1.5780014395927584,1.7259992478566295,2.5429672626860844,1.3283418133236125,7.469917407878017,2.498053291154642,8.991000683746933,9.020001904576535,9.019917679908211,1.5402023339954898,0.5724684505451025,1.1740126901937482,0.8952038420950617,1.0560056446633992,0.869009204401185,0.8389971912455851,0.7549877493874694,0.8467277043065446,1.2270213471961067,0.42999852475068284
CHN,3.4787383292015055,3.489999580830407,3.4200751476113793,3.515223947543925,3.380041610395299,3.760161927199124,3.76732448930631,3.5733970388721756,3.2567342912147383,1.1900035616763625,0.7699997402554469,1.0200003811613139,1.2642328914687735,0.8967083254495697,3.8699936954574112,3.869919464983752,3.9999945441054514,2.8600059727245575,3.280043216095075,3.2899261902830728,3.340124767719671,3.424408302047727,3.577296611539919,3.9800087525722327,5.740010174233753,5.719305806552664,5.394951077839694,0,2.4099204492278896,5.589960093439751,1.1492801960984556,5.26152522846946,8.999983777821038,8.99010065258268,8.9899260268639285,8.990089591859308,8.98978027593255,8.619607270603694,9,8.99006064690027,8.980139559849706,8.9899260268639285,8.940140523770417,9.000156429241839,8.989871338625786,0.19999972926179166,0.40000059248375114,0.31189429941245517,0.4499993148714014,0.3699927133618726,0.4,0.5799977732004676,0.930001800982822,1.2154709662078935,0.5399989021243894,0.4399906360778543,2.769971254763019,0.4400039900611205,0.5287569513117367,1.25,2.0299847670969293,3.9500020017134667,1.670004989821647,1.0957067876337045,1.1629287575573288,8.879939497069389,8.790013505128298,8.349938555785846,9.020001904576535,9.019917679908211,1.4940395179510675,0.600622736199169,1.1300015901999816,1.0499985915889694,1.2399857712889355,1.1199600329140706,0.9000041595607503,0.7799549395780707,0.6199983020186386,0.6699946323134729,0.42999833314100344
CIV,3.4791731604546814,3.5299997442675237,3.4608337411701595,3.489997284030763,3.379980878807651,3.7798460930133526,3.560342615692847,3.471120830608241,3.4098731884057973,1.530000360288595,0.8000091823148615,1.1499820779353782,1.2800000888741754,1.1701769924078451,0.619996773970551,3.7508305598883043,3.9999963426899514,2.8299460804645378,3.2599689752714665,3.3500336758858933,3.3900717848886726,3.1105989511610916,5.9467908652745045,4.1299388630349485,5.7700194370669315,5.719305806552664,5.394951077839694,0,1.6200428299492386,5.770153300657003,1.150016425156039,5.859850257370145,8.99990875079843,8.99990875079843,8.840018980180313,8.939992920302984,8.999884128501492,8.62007155505764,8.999991751420817,9.000112309074574,8.923612412916954,8.84001898018031,8.980700999344393,9.000255502427272,9,0.22000205749918889,0.41761403814126336,0.5655910817504065,0.44999999999999996,0.31594130864675296,0.33000391696043874,0.710003035822708,1.0600092678405932,1.39999932479879,0.5099929164136814,0.540020430355554,1.4900135737832074,0.6200040232501509,0.8912716186835055,2.3499688516647055,2.569987733406024,2.650036838227555,1.8099987213911264,1.4194779347393673,1.2948877839665092,7.288494047861634,3.6000292002774024,8.999902666926221,9.020001904576535,9.019917679908211,1.3900635365487346,0.6624012255903159,0.9800032647730983,0.8500116427989289,1.0899979009235936,0.9600028723251471,2.419978392267936,0.7932226166995019,0.6727172039183894,0.6928298609768198,0.42999852475068284
CMR,3.479171886973763,3.5299997466451596,3.3699338453349554,3.505314545532376,3.379980878807651,3.7953920660166665,3.560302336612427,3.471097592544654,3.4357955109052067,1.5299998291094896,0.8000000000000002,1.150000210001974,1.2800002316061305,0.9704944966387123,0.6199949073779362,3.7508305598883043,4.000003482827917,2.8300096227228986,3.259968975271466,3.3499962663719587,3.389882473173224,3.158566112180616,4.957029707693781,4.130086165629487,5.769988844392121,5.719305806552664,5.394951077839694,0,3.7910286208433783,5.769850561256112,1.150016425156039,5.859950531452637,8.99990875079843,8.99995280198861,8.873407108741311,8.939992920302984,9,8.619934487599439,8.999972400850053,8.99990875079843,8.923612412916954,8.84001898018031,8.980700999344393,9.000011442364215,8.999905370878563,0.2199996834038011,0.36999915745720585,0.24539256242647992,0.45000916590284146,0.31594130864675296,0.3299910474485228,0.7100021585980887,1.0600005403367843,1.399999755160902,0.5099957059019992,0.5399934740047856,1.4899391670566213,0.619993692841375,1.0703062493031523,2.350010650131352,2.5700137697277827,2.6499561018437228,1.8099892551384702,1.4991302860394098,1.2159522260982676,7.288494047861634,3.6000292002774024,8.999913096376117,9.020001904576535,9.019917679908211,1.3900412666790722,0.6993343296697095,0.9799966897595347,0.849993825212344,1.0900016559032952,0.9599983597482213,2.4200094033802677,0.7932226166995019,0.6727172039183894,0.6928298609768198,0.42999852475068284
COG,3.4791742500842604,3.529999409206047,3.3699836315403284,3.5053248368723127,3.379980878807651,3.7800083428928977,3.46550503302663,3.4788629337349932,3.4357955109052067,1.5299998834914847,0.7999862910411953,1.1500160242403052,1.280008241192226,3.0413301584412014,0.6199876272425623,3.7508305598883043,4,2.8300122047199188,3.1279113590760814,3.3500051651113942,3.3900161030595815,3.4297855560358186,5.170775011551966,3.9667282005133786,5.770019653913789,5.719305806552664,5.394951077839694,0,1.620013696284883,5.770153300657003,1.1492801960984556,5.859920996657551,8.99990875079843,9.000110607233713,8.840033093245085,8.939992920302984,8.955965460416285,8.619855826261519,9.000005013737642,8.776562596611676,8.923612412916954,8.83985765124555,8.980700999344393,9.000255502427272,9.000114064104025,0.21999837938578723,0.36999740391053054,0.42905307188105607,0.4500031202546128,0.3600017188775729,0.3300055991041433,0.7099964676792652,1.0600021532221224,1.3999967857028062,0.510001303573239,0.5399769141977683,2.6134813004481474,0.6199984541261948,0.7860041096328745,2.3499951960030745,2.570031743089506,2.6499840029251795,1.8099999999999998,1.4999804518612938,1.4960540212036948,7.288494047861634,3.599985400038933,8.99990875079843,9.020001904576535,9.019917679908211,1.3899988178271663,0.7201751362791307,0.9799985089410285,0.8500011699464165,1.0900001562231492,0.9600021591277124,2.420020074824345,0.8199900455324719,1.070001763268596,0.6928298609768198,0.42999852475068284
COL,3.476190223668103,3.501001475788637,3.5199579525213887,3.4088553864382196,3.379980878807651,3.3798909869573683,3.46550503302663,3.4788629337349932,3.6699655059132725,1.3339993140441178,0.8782000806963347,1.052925469025267,0.9036000392374849,0.7247536198541341,3.669587050198212,3.990002102254897,3.972001511169985,2.8299291078823607,3.039967150287435,3.273889122172336,3.1097917072221137,3.2274659043837417,6.248671359231372,3.6261777438248033,5.998590343855409,5.719305806552664,5.394951077839694,0,3.5400192564524646,5.886280076971867,1.1499954375399215,5.26152522846946,8.999993375684788,8.983315180687896,8.999724536877626,9.000026071540306,8.999903947747574,8.620162224797218,8.981984288687201,8.776562596611676,8.840033093245085,9.00048667721134,8.980700999344393,8.99978100591284,8.932923104346283,0.18000029316486124,0.39500101176284275,0.29682771200956565,0.4193993935666267,0.2621938130560259,0.35368334783063093,0.7099978610825727,0.9975994558766653,0.8960996039079996,0.5826865991917314,0.4548026770931309,2.6134813004481474,0.6906867124680366,0.4353407677289158,1.3010035219944573,1.515987347127919,1.5780081178088625,1.7259976427007915,1.2271610211461612,1.3552653764058042,7.470267550113228,2.498038142166256,8.990920334228228,9.020001904576535,9.019917679908211,1.5400009952876954,0.5710220415699173,1.1740360657122344,0.8952315608919384,1.0560024529254741,0.8690224291155311,0.8389955189182511,0.7550117516936263,0.8466991112991958,0.6928298609768198,0.42999852475068284
CPV,3.4791718672561953,3.5300006012813974,3.4608337411701595,3.490001655061533,3.3600394203744934,3.7799299201868797,3.46550503302663,3.4788629337349932,3.410226516190871,1.5299980067769583,0.7999996277885616,1.1499981381889366,1.2642328914687735,3.119621818978291,3.669587050198212,3.7508305598883043,3.9999982255723414,2.829991467576792,3.2599459814585003,3.350001859535966,3.3899365603545664,3.1124983762448832,5.170775011551966,4.130014235135234,5.770048309178743,5.719305806552664,5.394951077839694,0,1.6200013718362025,5.886280076971867,1.149954374936632,5.859928248323195,9.000017016352716,8.983315180687896,8.84001898018031,8.939992920302984,8.955965460416285,8.6203719565902,8.999895713838773,8.776562596611676,8.923612412916954,8.84003358694907,8.980700999344393,9.000011442364215,8.999959141981615,0.22000015410220056,0.3700002883755804,0.3579244747448012,0.4499993411863915,0.36,0.3300103305785124,0.7100208768267223,1.0599994815339682,1.2154709662078935,0.510000467395564,0.5400048935649621,1.4900026071435735,0.6199959120506906,0.6424162823165489,2.350006170046481,2.5699842022116908,2.6500010557259057,1.8100015838785528,1.317484416495748,1.613477940230263,7.288494047861634,3.600044242893485,9,9.020001904576535,9.019917679908211,1.3903301656005056,0.6997885571329693,0.9800097616874988,0.8499983991291262,1.0900001005924898,0.9600108200712321,2.419958777052559,0.8199897902752372,1.070005785602116,0.6928298609768198,0.42999852475068284
CRI,3.476192934929153,3.500998982169111,3.5200139227288547,3.5480052823500152,3.379980878807651,3.3800428124485427,3.46550503302663,3.4788629337349932,3.6700498881816617,1.3340018311025852,0.8782011135307198,1.1359964851803033,0.9035960694125026,0.9800057349912671,3.669587050198212,3.9899871756930056,3.9720010154298406,2.829966484550755,3.0400186880411133,3.273903864607869,3.109829543380662,3.372139389736477,6.034558299449111,3.62622441666003,5.998741346758968,4.746475473155659,5.394951077839694,0,3.539996220404417,5.886280076971867,1.1500164251560392,5.26152522846946,9,8.983315180687896,8.99990875079843,8.939992920302984,9.000255502427272,8.619921889257949,8.982007894323713,8.99990875079843,8.840491543983454,9.000026071540306,8.980700999344393,9.000024333268444,8.932923104346283,0.1800006805047913,0.3950027878449958,0.37960538401234234,0.41941014294650514,0.2621993970412957,0.28239030505641455,0.7099944148414268,0.9976023650457412,0.8960983284018572,0.5827008330123631,0.4547998114893383,2.6134813004481474,0.6906933834560535,0.5292838570076497,1.3009991160829433,1.5159989805139136,1.578001951750902,1.7259998632665616,1.317484416495748,1.3403753388240138,7.469937685959692,3.507603543418777,8.991000683746933,9.020001904576535,9.019917679908211,1.5622105928562715,0.5717921612647637,1.1740021519700774,0.8951856353157956,1.0560008607240843,0.8689670233675475,0.8389940282778607,0.7549906341985549,0.8466683730057163,0.6928298609768198,0.42999852475068284
CUB,3.4761921324165486,3.5009989471486995,3.4608337411701595,3.408859211579011,3.379980878807651,3.7953920660166665,3.46550503302663,3.4788629337349932,3.4357955109052067,1.3339983822125578,0.8782021471006283,1.1360005036796599,0.90359956959281,0.9800020287796889,3.669587050198212,3.7508305598883043,3.972001454266827,2.829959120109013,3.039925876010782,3.273902250132781,3.30153463159531,3.469981111386062,5.170775011551966,3.626191452123957,5.998580553584103,5.719305806552664,5.394951077839694,0,3.5399812105757618,5.886280076971867,1.1500136873802353,5.26152522846946,9,8.999927001970947,8.99990875079843,8.939992920302984,8.955965460416285,8.6203719565902,8.953060410890894,9.000255502427272,8.923612412916954,8.99990875079843,8.980700999344393,9.000255502427272,9.000107353730542,0.18000044917763064,0.3950004945808075,0.22385918821942052,0.4193985001927323,0.26220435636159667,0.28239579313006563,0.7100005606743043,0.9975985186042474,0.8961000623202825,0.5826996518976647,0.4548014709305032,2.6134813004481474,0.6907068915786212,0.4553245844462638,1.301000913697151,1.5159819017733343,1.5779995791119261,1.7260022894126414,1.3300148684465707,1.3299512202894914,7.470089836931068,3.507603543418777,8.991027070870933,9.020001904576535,9.019917679908211,1.544016398971007,0.5721802233651724,1.1739934603824687,0.8952002561415766,1.0560335632510844,0.8690403526619194,0.8389426771169509,0.7549945388433408,0.846699111299196,0.6928298609768198,0.42999852475068284
CYP,3.6369683429633253,3.5799946031159906,3.539993742830326,3.738017636267667,3.3799616753353408,3.8899189721877514,3.46550503302663,3.4788629337349932,3.470201625514495,1.4892735079688177,0.6999993855216614,0.8599986481462706,1.2642328914687735,1.5032537960954446,3.669587050198212,3.7508305598883043,3.9899989385852765,2.8599953449333833,3.0400347624565467,3.390014399089174,3.5200114260323105,3.53355548193231,5.650036784254283,4.45989597591021,5.6700695791034565,5.840139694699487,5.394951077839694,0,3.539998683893044,6.309927290634685,1.1500014220840167,5.26152522846946,8.839977773177456,8.840033093245085,8.839976475153396,8.84002191862247,8.839948900447121,8.6203719565902,8.953060410890894,8.776562596611676,8.840033093245085,8.83999016836672,8.980700999344393,8.999871178289247,8.839894556936358,0.17999928475712246,0.39999846186975113,0.3266298321999507,0.4699986843451694,0.28999900058386946,0.32000290845633683,0.7100002616499648,0.8899976433356901,1.219990641085634,0.5199999999999999,0.4999846094651789,2.7700329797664676,0.6700027132834606,0.6002251030051242,2.9099876239909857,1.0899985384264872,3.7600015551494885,2.1500021646895835,1.5718882704759505,1.5001400667996214,7.169901357929798,3.507603543418777,9,9.020001904576535,9.019917679908211,1.4300055288748197,0.625421531516007,1.190007362388301,0.9000130389429762,1.3899911206858904,0.9600061430564265,0.8400081111223766,0.819996161965074,0.8600037785754769,0.7299971184324273,0.42999852475068284
CZE,3.636970183712854,3.5799943846204663,3.540099361249113,3.551922246892591,3.3799989679550024,3.890029669790177,3.46550503302663,3.4788629337349932,3.3616678618695786,1.4892735079688177,0.6999999264631804,1.052925469025267,1.2642328914687735,1.8330536911061983,3.669587050198212,3.7508305598883043,3.9899995499248595,2.8600022010069606,3.0400071569153693,3.3900161030595815,3.519987574504437,3.5023593011714595,5.99504160682025,4.460096510764662,5.669971391930551,5.719305806552664,5.394951077839694,0,3.539948006932409,5.886280076971867,1.1500387125317995,5.340111456161995,8.839992108118773,8.840077171759306,8.839933236734469,8.839999666856837,8.955965460416285,8.6203719565902,8.839766402043981,8.776562596611676,8.923612412916954,8.83974932855864,8.980700999344393,9.000255502427272,8.83985765124555,0.17999969659733916,0.39999812892633113,0.3120257139916218,0.47000079041289955,0.2899949849548646,0.3200031127193494,0.709994985064213,0.8899980261117221,1.2199904971707487,0.5199998627561314,0.5,2.769997707999083,0.6699967534501712,0.5312103744108602,2.909991611108658,1.0899924002298467,3.7599991883466877,2.150000996750593,1.4673705879686412,1.5989058594231562,7.169979354151829,3.450002799081901,9.000008371563473,9.020001904576535,9.019917679908211,1.4299961452166092,0.4867696251038417,1.1899880081826517,0.8999808850234158,1.3900000000000001,0.9600000000000001,0.8399945250479057,0.8200143789403826,0.8600084638171815,0.7300158170093685,0.42999852475068284
DEU,3.6369702211787964,3.5799875132071852,3.5399402484690357,3.7380669355091936,3.38,3.8900339953480043,3.8153521700243953,3.4788629337349932,3.3621535353863745,1.4892735079688177,0.7,1.052925469025267,1.2642328914687735,1.8330536911061983,3.669587050198212,3.7508305598883043,3.9899995944444826,2.8599975715741714,3.0400071569153693,3.390042705405701,3.5199979436561795,3.527727889621278,5.909844967392167,4.460081112398609,5.669960039017022,5.719305806552664,5.394951077839694,0,3.5398713199454086,5.886280076971867,1.149990266692622,5.340111456161995,8.839983965342634,8.840491543983454,8.840004027588986,8.840015353195927,8.955965460416285,8.6203719565902,8.839996591441677,8.776562596611676,8.840018980180313,8.840008111122376,8.980700999344393,9.000156429241839,8.840117243667736,0.17999923801783038,0.40000108147859753,0.3023217950922154,0.46999922936628225,0.2900044098191974,0.3199944536882972,0.7099973835065768,0.8899962902055889,1.2200134770889486,0.5199995816862228,0.5,2.769954421148587,0.6700031353621343,0.5098489991465754,2.9099969666767778,1.0899947340705636,3.759998498401871,2.149997278423663,1.5069511318888995,1.1231377923823147,7.17001325247982,3.450010249635569,8.999995471465706,9.020001904576535,9.019917679908211,1.4304429930570355,0.47684162470254343,1.190003017198029,0.8999964880241624,1.390015600624025,0.9599916475255794,0.8400020419623258,0.8200110605351597,0.8600073050619041,0.7299802905321556,0.42999852475068284
DJI,3.47917466194974,3.5300008049056535,3.370040515384896,3.505300636367608,3.379980878807651,3.7953920660166665,3.46550503302663,3.4711338885949083,3.4099661766183313,1.4892735079688177,0.800000665754583,1.052925469025267,1.2642328914687735,3.0400328864153807,3.669587050198212,3.7508305598883043,3.9999987997373823,2.8299293313660012,3.2600496398676273,3.3500136351240792,3.38999605815734,2.993724858314493,5.170775011551966,3.9667282005133786,5.769963500400605,5.719305806552664,5.394951077839694,0,3.7910286208433783,5.7701699181875385,1.1492801960984556,5.859720272448396,9.000064412238325,9.000255502427272,8.84024247164646,8.939992920302984,8.955965460416285,8.620085514652207,9.000008784605857,9.000026071540306,8.923612412916954,8.840061318344405,8.980700999344393,9.000011442364215,9.000038968124075,0.22000048694579483,0.36999963596209146,0.2572920973056556,0.4500036558488359,0.359998633716462,0.3299910474485228,0.7100080803416831,1.06000311336909,1.2154709662078935,0.5099868194261381,0.5400055303436947,1.4899349175117302,0.6199903639788007,0.7424447733232146,2.3500098251129886,2.5699946397385576,2.649998312919661,1.8100554832522777,1.3266159865728062,1.0252526670409883,7.288494047861634,3.599897802759325,9.000265463233342,9.020001904576535,9.019917679908211,1.4902620012949919,0.6609665373840059,0.979967744673627,0.8499973318628934,1.0900032847914158,0.9600151797419444,2.4199576611431493,0.7932226166995019,1.0699851883199323,0.6928298609768198,0.42999852475068284
DMA,3.476192310982734,3.5009954535999763,3.5200076369313016,3.408854525201196,3.379980878807651,3.3800564440263403,3.46550503302663,3.4788629337349932,3.4357955109052067,1.3339984640730944,0.878201216411383,1.1359987098493187,0.9036005389600633,0.7468536423352276,3.9899376625926473,3.7508305598883043,3.9720007380550753,2.829985902164887,3.1279113590760814,3.273882602780635,3.1097727894880918,3.4297855560358186,5.170775011551966,3.626292736342621,5.9985592162136205,5.719305806552664,5.394951077839694,0,3.539997316516839,5.886280076971867,1.150015642924184,5.26152522846946,9.000052644509179,8.983315180687896,8.873407108741311,8.939992920302984,8.955965460416285,8.6203719565902,8.953060410890894,9.000034597287572,8.923612412916954,9.000255502427274,8.980700999344393,9.000024333268444,9.000081717149707,0.1799982956174126,0.3949982435553429,0.18910171661671954,0.4194000471933404,0.2622007326212376,0.28239975640540627,0.6606820499541809,0.9975988986516581,0.8961011225076742,0.5827011822120299,0.45478449662270826,2.6134813004481474,0.690698478561549,0.43215686694026023,1.301005560463545,1.5160262598957326,1.5779999999999998,1.7260000816923688,1.317484416495748,1.2914958596709587,7.288494047861634,2.4980107311019455,8.991050433439794,9.020001904576535,9.019917679908211,1.4902620012949919,0.5777678472256305,1.1739910486920286,0.8951996473399688,1.0560007040884805,0.8689828459155143,0.8389840328149986,0.755004977325517,0.8467007331704067,0.6928298609768198,0.42999852475068284
DNK,3.6369686721659846,3.579999603978694,3.5399215256866503,3.738058777680987,3.380002009175233,3.8900005748034894,3.46550503302663,3.4788629337349932,3.4357955109052067,1.4892735079688177,0.6999999185085766,1.052925469025267,1.2642328914687735,1.8330536911061983,3.669587050198212,3.7508305598883043,3.9900003273939353,2.8600009741999384,3.0399625643425363,3.3900494159928125,3.5200243333671297,3.4816222835523547,5.874353854760956,4.460092468670155,5.670038585879654,5.719305806552664,5.394951077839694,0,3.5400326057422333,5.886280076971867,1.149972278691554,5.26152522846946,8.840070458342414,8.840061318344405,8.84024247164646,8.939992920302984,8.955965460416285,8.6203719565902,8.840025015634772,8.776562596611676,8.84015029522276,8.840120147522907,8.980700999344393,9.000066363606196,8.840227971311474,0.17999976725422046,0.4,0.35065955303280677,0.4699991406342119,0.2900084134308951,0.32000072492660114,0.7099934588269496,0.8899972003720796,1.2200004882931712,0.5199996026404542,0.5,2.7699409716966854,0.6699974801273682,0.5906245173482791,2.9100005875913757,1.0900270322456074,3.7600012572290673,2.1500023757107334,1.7027257928481552,1.1320335811939795,7.170057468078423,3.4499947180725696,8.999992364022328,9.019968714393311,9.019917679908211,1.4300011580634737,0.48303164217075983,1.189994581903558,0.899974239134435,1.3899978075819535,0.9600084638171815,0.8400028280542985,0.8199867271319544,0.860038240917782,0.7300158170093685,0.42999852475068284
DOM,3.476190519828913,3.500999246228002,3.520050613198365,3.4088637262099732,3.379980878807651,3.380073912977355,3.46550503302663,3.4788629337349932,3.4357955109052067,1.3339995859147304,0.8782051282051281,1.136001425285867,0.9036101452239723,0.980007476635514,3.669587050198212,3.7508305598883043,3.9720011101600634,2.8299849436527613,3.0399756669853133,3.2738937126096976,3.109813327771405,3.120934910111613,5.968946883482332,3.9667282005133786,5.7327713201847965,5.719305806552664,5.394951077839694,0,3.540005445232869,5.886280076971867,1.1500149318113946,5.26152522846946,9,8.99990875079843,8.999771880465364,8.939992920302984,8.955965460416285,8.6203719565902,8.981989599627955,9.000052143080614,8.923612412916954,8.999903947747574,8.980700999344393,8.999776536312849,9.00016846361186,0.17999975479378158,0.3950007538380756,0.2918607607028237,0.4193986341861176,0.2621952844012255,0.2823961297666477,0.6606820499541809,0.9976004023277534,0.8960993496556509,0.5827002814684785,0.4548004008435663,2.6134813004481474,0.690700808625337,0.4368332246719178,1.300996007195823,1.5159989805139138,1.5780023769533742,1.726000650829808,1.317484416495748,1.3438391913969463,7.469987610543854,3.507603543418777,8.99095747185984,9.020001904576535,9.019917679908211,1.5400018183860218,0.5730388561787826,1.173986855188805,0.8952148096402376,1.0559889500612805,0.8690047961630696,0.8389938010100285,0.7550049773255171,0.846699111299196,0.6928298609768198,0.42999852475068284
DZA,3.6104070074499184,3.580008910823223,3.5400015798519844,3.7380729653882128,3.379980878807651,3.7953920660166665,3.46550503302663,3.5392475382548185,3.6695638974623166,1.4892735079688177,0.6999999245711682,1.052925469025267,1.2642328914687735,1.8330536911061983,3.669587050198212,3.7508305598883043,3.98999979471318,2.859885096316323,3.039941599749713,3.3900256203278,3.5199763243563185,3.6037444410898742,5.801589530732472,3.9667282005133786,5.669984417334662,5.719305806552664,5.394951077839694,0,3.539999598900989,6.309882288529975,1.1500012989374693,5.26152522846946,8.839983031964236,8.839755738050115,8.840045406915822,8.83982683982684,8.955965460416285,8.6203719565902,8.840227971311474,8.61994707546309,8.923612412916954,8.83992608814673,8.980700999344393,9.000255502427272,8.839946567327049,0.18000030893385213,0.40000056366290704,0.3946671833514258,0.4700001289326769,0.28999846884091257,0.3199958679108846,0.7100058870985325,0.8900024372410432,1.2154709662078935,0.5199984297193727,0.5000210499726351,2.769998957896814,0.6699996612154622,0.5404533500864893,2.910019887999163,1.0900012297018296,3.687415378265109,2.149993011662758,1.3596277992000847,1.183377518163558,7.169953815319371,3.507603543418777,9.000011060601034,9.020001904576535,9.019917679908211,1.4299984190323627,0.5581853158947381,1.189997877909033,0.8999882862832377,1.389993772057297,0.9599955918007494,0.8399982479961456,0.8200030416568734,0.8600296233601354,0.6928298609768198,0.42999852475068284
ECU,3.476191981418132,3.5010003827408513,3.519981282171268,3.408868823524956,3.379980878807651,3.3799858977726775,3.46550503302663,3.4788629337349932,3.6949998636078454,1.3340095989341247,0.8781991536910482,1.1360001843445398,1.2642328914687735,0.7237989845072256,3.669587050198212,3.7508305598883043,3.972001645878242,2.8299927629715866,3.0399937428303265,3.2738333188493955,3.109798586455188,3.2845592617049717,5.900130235108644,3.9667282005133786,5.998482611548556,4.746358444016358,5.394951077839694,0,3.53990801115688,6.310179946709494,1.1500024333268444,5.26152522846946,8.99997902303271,8.983315180687896,9.000073000693506,8.939992920302984,8.99990875079843,8.620033371571592,8.98201387732896,8.99990875079843,8.923612412916954,8.999895713838773,8.980700999344393,8.99990875079843,8.932923104346283,0.1800063345337666,0.3949996273939936,0.30692131775425907,0.41940044285470957,0.2621989957987499,0.2824012166776665,0.7099979873201167,0.9975999563934947,0.8961000496481827,0.5827002814684785,0.45480011182555213,2.6134813004481474,0.6907159523517131,0.49276621872627946,1.3009991825533531,1.5159712044141738,1.5780032145615464,1.725999422526708,0.9671698160593613,1.3385091386523684,7.46995115735825,2.498053338524431,8.990977149809508,9.020001904576535,9.019917679908211,1.5443832013868255,0.5719596842695175,1.173996399771693,0.8951961958519608,1.0560210021687022,0.8690140845070422,0.8389962941465374,0.7550117516936263,0.8466991112991958,0.6928298609768198,0.42999852475068284
EGY,3.6399995319021348,3.5799988175148223,3.539998993102754,3.738067172503064,3.379980878807651,3.890206956966091,3.46550503302663,3.53921317497704,3.4357955109052067,1.5999826192752238,0.7000000000000001,0.860003608154429,1.2642328914687735,1.1111629499935347,3.870000424862982,3.7508305598883043,3.9900016157205798,2.859979829026991,3.040090035284098,3.389949919361684,3.5199835751437174,3.444185824798336,6.353103762441916,4.459993017424699,5.670081243376899,5.719305806552664,5.394951077839694,0,3.539903137502632,6.309967243799719,1.1499929090189815,5.26152522846946,8.840035850674148,8.839940330720157,8.840080036940126,8.939992920302984,8.839992108118773,8.619855826261519,8.953060410890894,8.61992051261254,8.923612412916954,8.840018980180313,8.980700999344393,8.999830235124353,8.839990266624953,0.17999977053528596,0.40000039337013965,0.3530260806255584,0.4700008431573945,0.2900008325701441,0.31999173610632875,0.7099686028257457,0.8899983530574311,1.2154709662078935,0.5200011408036962,0.5000159045725646,2.77,0.6700009137705217,0.6017455862560738,2.9099987291408014,1.0900037417609303,3.760110135949062,2.1499985132469694,1.4391922612028847,1.1275524285796055,7.170016014878338,3.449970800077866,8.99990478306408,9.020001904576535,9.019917679908211,1.4299940523251924,0.7657132305248425,1.1899951807228917,0.9000111172873819,1.3899877899877902,0.9599947771238023,0.8400037079094343,0.8199557592036656,0.8599712839114335,0.6928298609768198,0.42999852475068284
ESP,3.6369701050315055,3.580004664541709,3.5398347546205655,3.738075883847017,3.3799337916984977,3.8899670613371318,3.46550503302663,3.4788629337349932,3.4357955109052067,1.4892735079688177,0.6999997646300101,0.860003485258939,1.2642328914687735,1.8330536911061983,3.669587050198212,3.7508305598883043,3.989999188195108,2.859905257435738,3.0399625643425363,3.390037975150242,3.5200081810529955,3.583562311229173,5.9199990920241055,4.459977369785013,5.669915836482308,5.8399790411317785,5.394951077839694,0,3.5400093589143657,6.310378391531818,1.1500011698734198,5.339962564342536,8.839997345455751,8.84001898018031,8.840012648147281,8.83994890044712,8.839982155651386,8.620294086974658,8.953060410890894,8.620085514652207,8.923612412916954,8.83999369722505,8.980700999344393,8.999776536312849,8.83985765124555,0.18000026637897737,0.4000007312895011,0.35197217263511027,0.469999134798408,0.29,0.3200027547260769,0.7099982829249148,0.8900010982631752,1.2199667857441545,0.5199993166715069,0.5,2.7700158210219046,0.6700038153376574,0.5344976508870756,2.9100048910385303,1.090006133296988,3.760001423352469,2.149999786977509,1.4188277546021828,1.487777126592937,7.169932279909706,3.450015755475028,9.000081111772023,9.020001904576535,9.019917679908211,1.4318469957795663,0.5657543420971117,1.190016682476857,0.9000033940874995,1.3900046246806317,0.9600000000000001,0.8399902666249521,0.8200013587879611,0.8600011235113474,0.7300129518426939,0.42999852475068284
EST,3.6369711664910045,3.5800008760019266,3.539983355130187,3.7380698507222467,3.380001151958222,3.8900113098910136,3.46550503302663,3.4788629337349932,3.4357955109052067,1.4892735079688177,0.7000000000000001,0.8599817499746527,1.2642328914687735,1.8330536911061983,3.669587050198212,3.7508305598883043,3.9899981251841337,2.859999328735169,3.0399937428303265,3.389882473173224,3.520003691956569,3.4297855560358186,5.887420058263535,4.460044773213938,5.670080097333468,5.719305806552664,5.394951077839694,0,3.540009358914366,5.886280076971867,1.1499792617171298,5.26152522846946,8.839922919972796,8.983315180687896,8.840128032345014,8.939992920302984,8.955965460416285,8.6203719565902,8.953060410890894,8.620068209556182,8.923612412916954,8.839962564342535,8.980700999344393,8.999905370878563,8.840004839783017,0.1800003020646116,0.3999986087246875,0.3402605920603212,0.46999876243266653,0.2900003889385866,0.320005155968033,0.7099982829249148,0.8899945339716953,1.2199761353267353,0.5199990820093504,0.49997931576552346,2.769989771975212,0.6699995522989449,0.530335058311588,2.909995256166983,1.0900321543408362,3.760000263830199,2.1500013464306122,1.317484416495748,1.376804169859103,7.170006071645416,3.4499933068582394,9.00005328502158,9.020001904576535,9.019965689674052,1.4308249320979178,0.4741583443681962,1.1899654548445469,0.9000026208197924,1.3899937010708179,0.9599930174246992,0.8399990426270314,0.8199968803618779,0.860001459268177,0.6928298609768198,0.42999852475068284
ETH,3.479175652399437,3.529994537418682,3.369996474291497,3.505313867204743,3.379980878807651,3.779904965222781,3.560292405227067,3.4711009254784884,3.4099993601092082,1.4892735079688177,0.7999948906601266,1.1500029068077435,1.2799951839142736,3.039999788454182,3.669587050198212,3.7508305598883043,3.9999878333657772,2.829914592306008,3.2599751140605555,3.3500033031644314,3.390011859269996,3.166697717125881,6.9735087575394,4.129958697531457,5.770048666948794,5.719305806552664,5.394951077839694,0,3.7910286208433783,5.769869513641755,1.1492801960984556,5.859928248323195,8.99990875079843,9.000024333268444,8.83985765124555,9.000042115311723,8.99990875079843,8.61994707546309,8.99996197935479,8.776562596611676,8.83981645635624,8.849740004072041,8.980700999344393,9.000011442364215,9.000115874855156,0.21999720644380294,0.37000124690500363,0.4787215832573008,0.44999432076328943,0.36001050665421436,0.32998891059829966,0.710002188662727,1.0599975789123264,1.2154709662078935,0.5099898934929644,0.540006585446164,1.4900043058374854,0.6200000000000001,0.9065420481004269,2.3499950481741907,2.570019134178426,2.6499842257722204,1.8100306866129652,1.4999808068788145,1.0314332146609735,7.19987613677108,3.507603543418777,9.000011060601034,9.020001904576535,9.019917679908211,1.3899737782547603,0.6574848713333188,0.9800013581420617,0.9437533994409837,1.0900148478099478,1.028157936683152,0.8848344744473904,0.7932226166995019,0.6727172039183894,0.6928298609768198,0.42999852475068284
FIN,3.636970312492628,3.5799915644669396,3.5400045625103247,3.551922246892591,3.3800039011091254,3.890002459419577,3.46550503302663,3.4788629337349932,3.4282084751457473,1.4892735079688177,0.6999999270473966,0.860003485258939,1.2642328914687735,1.8330536911061983,3.669587050198212,3.7508305598883043,3.9899974466140757,2.8600090669208504,3.0398783372761065,3.3899078383064145,3.5200092071947653,3.4297855560358186,5.82300035535629,4.459887583035258,5.670045005138382,5.719305806552664,5.394951077839694,0,3.5400507727044066,6.309882288529975,1.1500268384326355,5.26152522846946,8.915615592613426,8.983315180687896,8.839986964314813,8.839979854650219,8.955965460416285,8.6203719565902,8.84011288805268,8.776562596611676,8.923612412916954,8.839808581393461,8.980700999344393,9.000011442364215,8.840117243667736,0.17999940023048286,0.3999987506481013,0.31694664055038885,0.4700008431573945,0.29000165480721496,0.31999586791088463,0.7100013533631073,0.8899994928515114,1.2200143988480923,0.5199998583830173,0.5,2.7700329797664676,0.669997383811702,0.5408577271364111,2.90999581280872,1.0900447427293065,3.760000659891778,2.1500022141948874,1.5275832899685622,1.124831647218955,7.169999224986437,3.449988627625123,9.00005367686527,9.020001904576535,9.019917679908211,1.42999530484942,0.4830450733154469,1.1899986805647182,0.9000101822624987,1.3900012966859217,0.9600277722674072,0.8400223658051691,0.8200143789403826,0.8599961528597077,0.7300069350658831,0.42999852475068284
FJI,3.636969876345883,3.580001247188892,3.53992152568665,3.7379807064095356,3.380094902056211,3.890030242986756,3.46550503302663,3.4788629337349932,3.66972729566384,1.5999992493112432,0.6999992774070474,0.8600022041111921,1.179996671233052,1.1200003887396266,3.669587050198212,3.7508305598883043,3.9899987387831706,2.8599439775910365,3.039957737008933,3.3900161030595815,3.520000181366415,3.487784162370125,5.170775011551966,4.4600115115185375,5.669884013301971,5.719305806552664,5.394951077839694,0,3.5399984376918012,6.310179946709494,1.1499954375399215,5.339861351819757,8.840002294696383,8.84001898018031,8.873407108741311,8.840077171759306,8.955965460416285,8.619921889257949,8.953060410890894,8.620031449789378,8.839948900447121,8.839727471814422,8.980700999344393,8.999902666926221,8.839988241634412,0.17999848166611837,0.40000058363998753,0.4977110697025928,0.47000118807175956,0.31594130864675296,0.3199982308321723,0.70999000999001,0.8899853313775171,1.2154709662078935,0.5199965728903386,0.500004935980335,2.7699783385047714,0.6700175810305188,0.5506753625268053,2.9099895251859613,1.0900024107788602,3.759994513305235,2.1499977744094574,1.317484416495748,1.221139460808459,7.170005090456606,3.4500174298193453,9,9.020001904576535,9.019917679908211,1.4300044859741723,0.47391947343685187,1.1900200084884498,0.9000065121125292,1.390001734304544,0.9600192889395468,0.8399974881866279,0.8200202783666697,0.8600029899147875,0.730001013890297,0.42999852475068284
FRA,3.636969970231405,3.5800105573508776,3.540099361249113,3.7380678803333316,3.379909545346346,3.8898836168307973,3.46550503302663,3.4788629337349932,3.382114341519427,1.4892735079688177,0.7000004461556993,1.052925469025267,1.2642328914687735,1.862414103120265,3.669587050198212,3.7508305598883043,3.9900001580086695,2.86000967472405,3.0400881057268725,3.389973614775726,3.5199192358468587,3.474296309492061,5.716450432753906,4.460092468670155,5.670038585879654,5.719305806552664,5.394951077839694,0,3.5399405873578917,5.886280076971867,1.1500139314572304,5.26152522846946,8.84000219000082,8.840003930762427,8.839995795203027,8.83995957674474,8.83985765124555,8.619989208747262,8.839791876989981,8.62002123111376,8.839727471814422,8.840018146949044,8.980700999344393,9.000052143080614,8.84007606058619,0.18000035287267765,0.3999985618546323,0.35755030217513617,0.47000037009926887,0.2900084134308951,0.32000106979045473,0.7099686028257457,0.8900055763966339,1.2199959160753484,0.5199980710806771,0.5000138700102638,2.769913174782937,0.6699985202722699,0.5373456411795017,2.9100009395799318,1.0899988765938324,3.759998766060494,2.1500012464786975,1.4505285615934622,1.4469712950124065,7.170004128340362,3.4500134106095413,8.999968122409946,9.019975445465706,9.019983575143717,1.4299975474449442,0.49888610117892823,1.1899918790363122,0.8999972504055651,1.3899947367966936,0.9599902340769676,0.8400159802426092,0.8200020110102814,0.8600013529053643,0.7300031285848368,0.42999852475068284
GAB,3.47917228703,3.53000639689,3.43054579003,3.50531473639,3.36003303042,3.7799380599,3.56025745216,3.47109470866,3.41052445035,1.5164189537,0.799999577327,1.14997439822,1.26423289147,2.63768890003,3.6695870502,3.75083055989,3.99999794838,2.82996499564,3.21598282305,3.34999768562,3.38996256108,3.22284265037,5.7137279611,4.07556539346,5.76999925819,5.71930580655,5.39495107784,0,1.61998454861,5.88628007697,1.14998935474,5.46092357646,8.99993245449,8.99448985942,8.84000091921,8.9599648638,9.00003961897,8.62010618167,8.98439960275,9.00009708066,8.86787844129,8.83998714018,8.98070099934,8.99992829071,8.99989240946,0.220001725413,0.370000644947,0.415574312982,0.449998224489,0.36000232592,0.33000319055,0.71000479272,1.05999253432,1.21547096621,0.509998044774,0.540005438961,1.48999215965,0.620004717125,0.693495344386,2.35000061043,2.57000235971,2.65003539677,1.81000258794,1.51579581813,1.06697727079,7.19998513994,3.56916468171,9.00005726293,9.02000190458,9.01991767991,1.42524198232,0.659658857547,0.979983166867,0.849999914594,1.08999808012,0.960000470839,2.41996358101,0.81107857122,0.93757722098,0.692829860977,0.429998524751
GBR,3.636969587462198,3.5800047886349735,3.5399937428303265,3.738074072312225,3.3799827105945637,3.890008423094594,3.46550503302663,3.4788629337349932,3.426678090056082,1.4892735079688177,0.699999758693664,1.052925469025267,1.2642328914687735,1.8330536911061983,3.669587050198212,3.7508305598883043,3.990001396636263,2.859927002272571,3.0400347624565467,3.3899078383064145,3.519988473729709,3.498199667885717,5.835271233172391,4.459810203585043,5.670004188523446,5.719305806552664,5.394951077839694,0,3.5400966823389184,6.309882288529975,1.1500268384326355,5.340196537201685,8.839981750029073,8.839948900447121,8.84003358694907,8.840008227823173,8.955965460416285,8.61992051261254,8.840025028678694,8.619855826261519,8.839948900447121,8.840135129887779,8.980700999344393,8.999834093737038,8.840187370726365,0.17999921632606533,0.3999991268968166,0.38568220767842254,0.4699992889141719,0.28999558131676756,0.3200102979983266,0.7100013533631073,0.8900015717268788,1.220046866732179,0.5199996439892781,0.4999901421501942,2.7699044053746906,0.6699995977959217,0.5562815257260268,2.9100033628209263,1.0899972275031686,3.760001117563368,2.149998692756752,2.388392231302299,1.1802188722174183,7.170025791543642,3.4500576017155047,9.000052898857385,9.020001904576535,9.019917679908211,1.4399397902872009,0.4828034979521859,1.19001840867253,0.9000026830511658,1.3900003617814116,0.9599947100443034,0.840001722727077,0.8200110605351597,0.8599887450759707,0.7300069350658831,0.42999852475068284
GEO,3.419366077320628,3.5800202947279143,3.5400060703695924,3.650001544974199,3.3799248523886205,3.8899433184472683,3.46550503302663,3.4788629337349932,3.658019068497293,1.6000144843568944,0.6999996994647467,1.052925469025267,1.2642328914687735,1.8330536911061983,3.669587050198212,3.7508305598883043,3.9899980068266188,2.859999365220427,3.0400329683268574,3.3172127032121486,3.30153463159531,3.4297855560358186,6.279265272807406,3.9667282005133786,5.669964460666603,5.719305806552664,5.394951077839694,0,3.5400507727044066,6.310179946709494,1.1500026071540306,5.339962564342536,8.915615592613426,8.983315180687896,8.840055590341942,8.939992920302984,8.955965460416285,8.6203719565902,8.953060410890894,8.620270105852294,8.923612412916954,8.840033093245085,8.980700999344393,8.99990875079843,8.839995239134316,0.17999913644410406,0.4,0.3274111748246701,0.46999657923485205,0.29000592066311426,0.3199984696024793,0.6606820499541809,0.8900134546257807,1.2154709662078935,0.5200053187952929,0.5,2.769971254763019,0.6700052320801256,0.5516522284078712,2.9100100435219285,1.0900181101523385,3.76000557073969,2.15,1.317484416495748,1.343221035165652,7.170059333637609,3.449970800077866,8.999952443229105,9.020001904576535,9.019917679908211,1.4349391943030136,0.4861647489090419,1.1900200084884496,0.900026895147347,1.389993772057297,0.9600046675807345,0.8399982479961455,0.7932226166995019,0.8600203458799593,0.6928298609768198,0.42999852475068284
GHA,3.479172564647924,3.5300015154975632,3.3699407900073,3.490000371574016,3.379980878807651,3.7799981750159684,3.5603122294947527,3.4710962478409466,3.4357955109052067,1.5300000389041342,0.8,1.1500038698192796,1.279999965703546,0.9202638831141241,0.619995056846268,3.7508305598883043,4.000003482827917,2.8300622307324077,3.1279113590760814,3.350022382149375,3.390042705405701,3.110131427131711,5.849979000419992,4.130014235135234,5.76999687522854,5.719305806552664,5.394951077839694,0,1.6199932111337407,5.886280076971867,1.1492801960984556,5.859980242291894,8.99990875079843,9.000014426891727,8.84001898018031,9.000255502427272,8.955965460416285,8.619852416091407,9.00005328502158,9,8.923612412916954,8.83985765124555,8.980700999344393,9.000011442364215,9.000011060601034,0.22000013196181023,0.36999930826166155,0.3441392328169201,0.44999954611062193,0.3600196142530238,0.3299894403379092,0.6606820499541809,1.0600068189566996,1.399999828851452,0.509981470475125,0.5400017040129506,2.6134813004481474,0.6200116799688535,0.6489050156188182,2.350027277686852,2.570019004972534,2.6499492385786803,1.8099975577168963,1.308600741975965,1.1903644678777785,7.199918136234949,3.6000292002774024,8.999902666926221,9.020001904576535,9.019917679908211,1.3899755079512919,0.6621719874250237,0.9800099215462913,0.8499591939230335,1.0899993052346042,0.959996903485514,2.4200646574199602,0.8199557592036656,0.6727172039183894,0.6928298609768198,0.42999852475068284
GIN,3.4791762639841637,3.5300003334717744,3.4608337411701595,3.4899929038809105,3.379980878807651,3.7953920660166665,3.560285888150437,3.4710807612859234,3.4357955109052067,1.529999927101482,0.8,1.1500000000000001,1.2800045392646393,0.9200025840349706,3.669587050198212,3.7508305598883043,4.000002719822885,2.8299917746247174,3.2600375430180417,3.3172127032121486,3.3898530046122706,3.1100262346691703,5.849772788024593,3.9667282005133786,5.770027769596499,5.719305806552664,5.394951077839694,0,1.6199740596627756,5.769869513641755,1.1492801960984556,5.26152522846946,8.999767026481322,8.999994160004205,8.873407108741311,8.939992920302984,8.955965460416285,8.619896443425855,8.999995040764912,8.99990875079843,8.923612412916954,8.849740004072041,8.980700999344393,9.000011442364215,8.999834093737038,0.2200028692188,0.37000254838177754,1.494925061554791,0.4541432062432504,0.31594130864675296,0.3300122436486073,0.7099995705091103,1.0600022736746373,1.3999996814870732,0.5099969583291089,0.5400038091889358,1.4899727258142148,0.6097702344385947,0.6822992072581299,2.350009446948636,2.5699842022116903,2.650055066079295,1.8099804521816103,1.5000000000000002,1.0285978925023893,7.288494047861634,3.507603543418777,8.999903947747574,9.020001904576535,9.019917679908211,1.3900167879127028,0.670130178622941,0.9799807815502883,0.8499848736953562,1.0900132567388423,0.9599689774489918,0.8848344744473904,0.7932226166995019,0.6727172039183894,0.6928298609768198,0.42999852475068284
GMB,3.4791730718654037,3.5300001182969964,3.4608337411701595,3.49,3.379980878807651,3.7799759097711427,3.5602969361664423,3.4711047378566122,3.4100649593071006,1.5299968205571362,0.8000061216369257,1.1500050694514854,1.2642328914687735,1.8330536911061983,3.669587050198212,3.7508305598883043,4.000001411446549,2.8300135572009593,3.1279113590760814,3.3172127032121486,3.30153463159531,3.113522496711209,5.170775011551966,4.130014235135234,5.770023297954957,5.719305806552664,5.394951077839694,0,1.6200119327554134,5.769979483753996,1.150016425156039,5.26152522846946,9.000156429241839,9.000023752781054,8.83982683982684,8.99990875079843,8.955965460416285,8.619921889257949,9.000016996541204,8.776562596611676,8.923612412916954,8.840033093245085,8.980700999344393,9.000011442364215,8.999967699215091,0.22000058056837646,0.41761403814126336,0.42981725988780595,0.44998242755359597,0.31594130864675296,0.35368334783063093,0.6606820499541809,1.0079924027019986,1.2154709662078935,0.5100002134517279,0.4876422213284205,1.4900169355557538,0.6097702344385947,0.7414360903310004,2.3499702237472704,2.5700529610014446,2.6499131836785317,1.810005979669125,1.5000494755590739,1.0375483185078958,7.200080775444265,3.6000730015817006,9.000255502427274,9.020001904576535,9.019917679908211,1.3906617415198883,0.6655241070176137,0.979979709164694,0.8500033064409469,1.0900013976010587,0.9599810254862219,2.419978308629272,0.8199974718746049,1.0699851883199323,0.6928298609768198,0.42999852475068284
GNB,3.4791826924916855,3.5300004986884495,3.4608337411701595,3.48999921197229,3.379980878807651,3.7953920660166665,3.560300612787606,3.4710897390188244,3.4100593365457375,1.5299995671142552,0.8000106960451373,1.052925469025267,1.2642328914687735,3.0399988713636747,3.669587050198212,3.7508305598883043,4,2.8299553418069388,3.2599689752714665,3.34993778515139,3.30153463159531,3.1176609439791996,5.855490984031911,3.9667282005133786,5.769980091012514,5.719305806552664,5.394951077839694,0,1.6200066149718864,5.886280076971867,1.1492801960984556,5.860056507151686,8.999930696728885,9.000023650166733,8.84015029522276,8.939992920302984,8.955965460416285,8.62005981136416,8.999982195158863,9.000101389029707,8.923612412916954,8.839948900447121,8.980700999344393,9.000011442364215,9.000111736005065,0.22000198892829914,0.3699890812665731,0.33939197843769625,0.45000558319582123,0.35999035172353305,0.35368334783063093,0.6606820499541809,1.06,1.4000000000000001,0.5100070972320795,0.5399892646269459,2.6134813004481474,0.6097702344385947,0.5276718899904063,2.3499871893415323,2.569982977113675,2.649993516797669,1.8099879898332543,1.317484416495748,1.2600178781584208,7.288494047861634,3.507603543418777,9.000115874855156,9.020001904576535,9.019917679908211,1.3900115473441108,0.7002959640065298,0.9799993633749615,0.8500096052962125,1.0900041243297964,0.96000952154249,2.420009490090156,0.8200100553041729,0.6727172039183894,0.6928298609768198,0.42999852475068284
GRC,3.636969574544379,3.57999702041019,3.5399419328079635,3.738050033504579,3.3800170332418586,3.8900686863324148,3.46550503302663,3.4788629337349932,3.504153142411169,1.4892735079688177,0.6999996278169603,0.8599919350192984,1.2642328914687735,1.8330536911061983,3.669587050198212,3.7508305598883043,3.989998557841698,2.8600348158131177,3.0400207092932954,3.390011859269996,3.5199186567942435,3.569083923413444,5.316334172802865,4.459977369785013,5.670016546622543,5.719305806552664,5.394951077839694,0,3.5400093589143657,6.309938434476694,1.1500023472709064,5.26152522846946,8.839869281045752,8.840033093245085,8.840003217632626,8.939992920302984,8.839964163652654,8.6203719565902,8.953060410890894,8.776562596611676,8.840027448060386,8.839994725292224,8.980700999344393,9.00003910731046,8.932923104346283,0.17999993876407533,0.40000110006765416,0.30525054550266106,0.46999936970919354,0.28999828639972586,0.32000313038034117,0.7100002616499647,0.8899974210662048,1.2154709662078935,0.5200009230307715,0.4999761438999953,2.769934221081341,0.6699992883314391,0.4810618402278688,2.9100037867052224,1.0900005084364128,3.759999855695431,2.1500033179665943,1.6109019739046915,1.313454102316935,7.170020701123291,3.449995067574233,8.999999999999998,9.020001904576535,9.019917679908211,1.4332072679475851,0.8284821209045103,1.1900235972732038,0.9000053264208228,1.389992315807296,0.9599835830084137,0.8400275482093664,0.8199928776420806,0.8600165533124617,0.7299936125558901,0.42999852475068284
GRD,3.636971104794913,3.579998477947805,3.540000199726375,3.7380364648361177,3.38005292453691,3.8900564096891936,3.46550503302663,3.4788629337349932,3.4357955109052067,1.600009147875406,0.7,0.8599949931155338,1.1799963359524488,0.6819145347324432,3.669587050198212,3.7508305598883043,3.990002168513189,2.8599952903314425,3.1279113590760814,3.3899686711074613,3.5200368847735044,3.4379716960954103,5.170775011551966,4.459977369785013,5.670186416373354,5.719305806552664,5.394951077839694,0,3.5400059258764665,5.886280076971867,1.1492801960984556,5.26152522846946,8.840025016917178,8.983315180687896,8.839992108118773,8.939992920302984,8.839948900447121,8.6203719565902,8.953060410890894,8.61995885858959,8.923612412916954,8.839964163652652,8.980700999344393,9.000255502427272,8.84,0.18000135798836658,0.3999983273116553,0.42367781239543056,0.47000136086823396,0.290001589572405,0.3199991730753328,0.7100002543299677,0.8899993038756722,1.2200036205648082,0.5199977766523797,0.500019396760741,2.7700102616726525,0.6699884733793425,0.9837913478148261,2.909989168863548,1.090019366440725,3.759999072952819,2.1499995143940542,1.317484416495748,1.2914958596709587,7.288494047861634,3.4499766027140852,8.99994632385502,9.020001904576535,9.019917679908211,1.4300015520720162,0.5684122287036074,1.1899668958492489,0.9000009463334312,1.38999907910489,0.9600125287116308,0.8399970050913447,0.8199867271319544,0.8600296233601354,0.6928298609768198,0.42999852475068284
GTM,3.4761942262014234,3.5010063107624085,3.520050613198365,3.5479999399671103,3.379980878807651,3.7953920660166665,3.46550503302663,3.2900038933229507,3.6700202187522835,1.333998825601879,0.8782026721882108,1.052925469025267,1.2642328914687735,1.8330536911061983,3.669587050198212,3.7508305598883043,3.972000551947893,2.8299630810538683,3.0400408803883634,3.2739007175973773,3.1097727894880918,3.426093133812783,6.2747460333253695,3.6262383981645634,5.998479203102426,4.746326362321388,5.394951077839694,0,3.5399625643425363,6.30997341707643,1.1500136873802353,5.26152522846946,8.999975720690827,8.983315180687896,8.999872676343266,8.939992920302984,8.955965460416285,8.6203719565902,8.981934947329513,8.776562596611676,8.83985765124555,8.999900454590701,8.980700999344393,9.000011442364215,9.000024333268446,0.17999949288775072,0.3949999308618759,0.3244712279649973,0.4193996978724005,0.26219960938605674,0.28239879894770187,0.7099713962615578,0.9975945250033882,0.8961014272344409,0.5826919303141967,0.454802959383965,2.6134813004481474,0.6907109606432501,0.4670918537861228,1.3010041918098483,1.515987347127919,1.5780078622446154,1.7260017895912378,1.5224835344174392,1.3261546176899766,7.470118722926359,2.4979577648387936,8.991096117686096,9.020001904576535,9.019917679908211,1.541547966629693,0.5716706573877552,1.1739954223697573,0.8952069926039765,1.0559935766653943,0.8690140845070422,0.8390013626630329,0.7549910594134238,0.8466991112991958,0.6928298609768198,0.42999852475068284
GUY,3.4761935070761134,3.5010000000000003,3.520029199744502,3.408874520936524,3.379980878807651,3.3800861656294874,3.46550503302663,3.4788629337349932,3.669977735913684,1.3339976026370992,0.8781982149138574,1.052925469025267,0.9036059967634575,0.7137211420150017,3.669587050198212,3.7508305598883043,3.972001524617183,2.829994925620276,3.039984072734512,3.273797936538836,3.1098063533678193,3.5024395867332867,5.98192001865135,3.6262207753773303,5.998545950918426,4.7462656302805,5.394951077839694,0,3.5400015648780787,5.886280076971867,1.150016425156039,5.26152522846946,8.999841307625168,8.983315180687896,8.873407108741311,8.939992920302984,8.955965460416285,8.6203719565902,8.982005329050626,8.99995755833077,8.923612412916954,8.99990875079843,8.980700999344393,9.00048667721134,8.99990875079843,0.1799993601160323,0.3950014794358418,0.3299428795198656,0.41939880191570295,0.2621990871006065,0.28240540306520046,0.7100120144173008,0.9976061776061776,0.8961044254460601,0.5827026837642771,0.45480117373267226,2.6134813004481474,0.6906950539675009,0.37729578870742764,1.3009925367392476,1.5160208314943948,1.5779952242524917,1.726000604801342,1.317484416495748,1.3281659943013513,7.288494047861634,3.507603543418777,8.990991780181917,9.020001904576535,9.019917679908211,1.540023361275251,0.578584247893728,1.173929518757105,0.8951868271057631,1.0559985067064879,0.8690020946717653,0.8389976633631456,0.7932226166995019,0.6727172039183894,0.6928298609768198,0.42999852475068284
HND,3.4761917794926465,3.501003808499984,3.520029199744502,3.5480004225438253,3.379980878807651,3.379913364351035,3.46550503302663,3.2899990478306407,3.6699137834509012,1.334013983272347,0.8781927917216641,1.1360133833519213,1.2642328914687735,0.7636208764399899,3.669587050198212,3.990217907070117,3.9719998522704856,2.829994378864531,3.039967150287435,3.273898451495047,3.30153463159531,3.4297855560358186,5.924196283601925,3.6261436636168973,5.998708445642408,4.746358444016357,5.394951077839694,0,3.539963110974485,5.886280076971867,1.150015642924184,5.26152522846946,9.000182503954253,8.983315180687896,9.000255502427274,8.939992920302984,9.000024333268444,8.6203719565902,8.982010142350136,8.99990875079843,8.839948900447121,8.999927001970947,8.980700999344393,8.999937069318145,8.932923104346283,0.1799993370266474,0.39499554326904446,0.2571493147062953,0.41939943203650615,0.26220052877771,0.2823910199022106,0.7099686028257457,0.9975999591482407,0.8961005777997154,0.5827071538857437,0.4547931713722915,2.6134813004481474,0.6907353331563578,0.5199831271503842,1.3009931947765312,1.5160029658006116,1.5779968297998812,1.7259997623676273,1.317484416495748,1.35117086840401,7.469901283953804,2.4980107311019455,8.990946150929087,9.020001904576535,9.019917679908211,1.5400437228275823,0.580205438305569,1.1739776951672862,0.9437533994409837,1.0560266926178228,0.8689866243482204,0.8389948737914478,0.755004977325517,0.8467076059706985,0.6928298609768198,0.42999852475068284
HRV,3.636969970231405,3.580010979717198,3.540038185085355,3.7380742167643204,3.3799426436082385,3.8899534629071995,3.46550503302663,3.4788629337349932,3.376786168919965,1.4892735079688177,0.6999998849216259,1.052925469025267,1.2642328914687735,1.8330536911061983,3.669587050198212,3.7508305598883043,3.9900022564006727,2.8600021187358853,3.040089086859688,3.390030242986756,3.5200229429554692,3.53470223211725,6.2171665173302495,3.9667282005133786,5.669971391930551,5.719305806552664,5.394951077839694,0,3.539999598900989,6.309919701516749,1.1499961225281117,5.339929139648372,8.839996027213587,8.983315180687896,8.840030761107858,8.939992920302984,8.955965460416285,8.6203719565902,8.840048432948445,8.776562596611676,8.923612412916954,8.840227971311474,8.980700999344393,8.999943264557368,8.839935903142527,0.180000960715471,0.3999990761826018,0.3973807581052468,0.4699996277869452,0.29000453103760765,0.31999030067895246,0.7099686028257457,0.8900027208561628,1.2154709662078935,0.5200003198388012,0.5,2.769989771975212,0.6699992650576155,0.5058829380715887,2.9100042631803325,1.0899937067337948,3.75999913823748,2.1499996752972654,1.333757546042968,1.396561277989314,7.169999999999999,3.449867601803478,8.999984468110442,9.020001904576535,9.019917679908211,1.4328171301641233,0.49031861594530696,1.1900245872848612,0.9000027210143942,1.3899933033578875,0.9600041398820135,0.8400038086774367,0.8200040631136993,0.8599887450759707,0.6928298609768198,0.42999852475068284
HTI,3.4761945896463193,3.501001010704703,3.4608337411701595,3.408856599730938,3.379980878807651,3.7953920660166665,3.46550503302663,3.539227925482647,3.6699781442479638,1.3339989919662767,0.8781986588620512,1.135999632669987,0.9035993936404829,0.7237940787504948,3.9901099916813014,3.989962587827357,3.9720013630168105,2.830017885169909,3.039967150287435,3.2738971393089282,3.109746992948984,3.07664521913595,5.170775011551966,3.9667282005133786,5.998611967921036,5.719305806552664,5.394951077839694,0,3.540022166122775,6.309960618576507,1.1492801960984556,5.26152522846946,9.000021988009205,8.983315180687896,8.99990875079843,8.939992920302984,9.000255502427272,8.6203719565902,8.982042754350736,8.776562596611676,8.923612412916954,9.000255502427272,8.980700999344393,9.000255502427272,9.000060581277356,0.1799982607979276,0.39500324951257304,0.6825634714313369,0.41939915036503783,0.26219754423979774,0.28240502713510424,0.7100060590322861,0.9975999999999999,0.8961008687544142,0.582698293442095,0.4547995757281124,2.6134813004481474,0.6906804219311464,0.3731121080507755,1.3009982759579557,1.5159655347187027,1.5779952242524917,1.725998397120866,1.1464483495399644,1.3263581830045517,7.288494047861634,2.4980107311019455,8.991022985104074,9.020001904576535,9.019917679908211,1.5623071904374513,0.6062965860399732,1.1739949748743719,0.8952069926039766,1.0559939597642358,0.8690240031739734,0.8390110959704107,0.7932226166995019,0.6727172039183894,0.6928298609768198,0.42999852475068284
HUN,3.6369704256841096,3.580023718539992,3.539993742830326,3.7379807064095356,3.379951927356895,3.8900509595271853,3.46550503302663,3.4788629337349932,3.4357955109052067,1.4892735079688177,0.7000002476675905,1.052925469025267,1.2642328914687735,1.8330536911061983,3.669587050198212,3.7508305598883043,3.990002393865527,2.859997677273783,3.039967150287435,3.389985961628451,3.520022737812084,3.5575746335668814,5.133484588971732,3.9667282005133786,5.669995907577618,5.719305806552664,5.394951077839694,0,3.540042116010466,6.309882288529975,1.1499902666926223,5.340009358914366,8.839952934396312,8.983315180687896,8.839998123695382,8.840091980873819,8.955965460416285,8.6203719565902,8.839992108118773,8.776562596611676,8.923612412916954,8.84005292534181,8.980700999344393,8.999724536877626,8.83985765124555,0.18000023989156902,0.3999974849252709,0.36581364320147874,0.46999951790965633,0.29000484417891165,0.3199874784786352,0.7100018397007419,0.8899940592378852,1.2154709662078935,0.5199998434148098,0.5000076138267093,2.769989771975212,0.6700027158367955,0.48910465627075334,2.909994537333576,1.090000331005263,3.760000443263639,2.1499988588382974,1.5145112580310396,1.7961744932950259,7.16992859032002,3.4500071769844363,8.999989868159423,9.020001904576535,9.019917679908211,1.4414083804939166,0.4758806132159366,1.189987832435251,0.900004467576563,1.3900121181197778,0.960003967368395,0.8400006488871585,0.8199867271319544,0.8599976489949454,0.7299936125558901,0.42999852475068284
IDN,3.6369728782285287,3.5399996268230787,3.4608337411701595,3.7380712827390123,3.379980878807651,3.8900379598987738,3.815291199291734,3.4788629337349932,3.4357955109052067,1.460000255548599,0.7600069856793573,1.0300031372101646,1.2642328914687735,0.9600052366302283,3.669587050198212,3.7508305598883043,3.8699970660041396,2.82995988054659,2.8500200751907143,3.050002552452907,3.409942573486471,3.574856755696881,4.9306015876367315,3.7800501532460293,5.669983951777047,5.719305806552664,5.394951077839694,0,3.5400057713755375,6.309973537731544,1.1492801960984556,5.26152522846946,8.8399829149436009,8.839918484046597,8.840033093245085,8.939992920302984,8.955965460416285,8.619999141176303,8.839975073242583,8.620154731204126,8.923612412916954,8.849740004072041,8.980700999344393,9.000024333268444,8.932923104346283,0.18000197262435752,0.4000022720301726,0.3674657188061987,0.4700015830299193,0.3,0.31999173610632875,0.6606820499541809,0.8900004605488719,1.2154709662078935,0.5200072098053352,0.5,2.7700175482577087,0.6699922133540978,0.6709056298601348,2.9100068037891873,1.0900216919739696,3.759994573958878,2.1500028975668717,1.518688907939541,1.5283793252557611,7.170305119366781,3.449886853054968,9,9.020001904576535,9.019917679908211,1.514235113239449,0.6688136099900805,1.139998344629703,0.8999979209546977,1.3900006769669797,0.9700035423308536,0.8500036318733202,0.8200011521401003,0.8600296233601353,0.6928298609768198,0.42999852475068284
IND,3.415648064264762,3.4499998453826626,3.360039420374494,3.420003144618771,3.379980878807651,3.740023359937707,3.3544820766789094,3.4972890521080333,3.4357955109052067,1.5700012454506456,0.9699990170469162,1.2000250344223307,1.2642328914687735,1.8330536911061983,3.9900554728724127,3.529972625188551,3.9899997998504335,2.859981749974653,3.1899698267471286,3.349983505900631,3.1499949305485146,3.540977357627506,5.984960619741281,4.319965325303404,5.670068474150643,5.719305806552664,5.410044895426506,0,4.439975121852153,5.629826994671143,1.1492801960984556,5.26152522846946,8.9999311326385385,9.000112309074574,9.000110607233713,9.000052644509179,9.000156992032656,8.6203719565902,9.00005367686527,8.99990875079843,9.000255502427274,8.849740004072041,8.999841307625168,9.000011442364215,8.99990875079843,0.19999866411512657,0.5,0.40940901988782624,0.48000520660081286,0.43000335357901404,0.4399970485513306,0.70999910801891,1.1600002451641376,1.2154709662078935,0.5900070296869085,0.46000740375123395,1.4400068760027502,0.7100381325363289,0.5044406074006299,1.140001046736798,1.9400553105613274,1.14,1.3000031101296923,0.8599904945623305,2.8387823357108606,7.288494047861634,3.507603543418777,8.99990875079843,9.020001904576535,9.019917679908211,1.729979941367073,0.7180145597391833,1.1999857339863997,0.9300055772448409,1.0399982003059478,1,0.8899703579170907,0.7932226166995019,0.7200063478628861,0.6928298609768198,0.42999852475068284
IRL,3.636970179203849,3.5800140745953555,3.5400038933229516,3.7380787997015936,3.3801433501460054,3.8900089528597497,3.46550503302663,3.4788629337349932,3.3961989721710464,1.4892735079688177,0.700000270040371,1.052925469025267,1.2642328914687735,1.8330536911061983,3.669587050198212,3.7508305598883043,3.9899988522018592,2.8599979411196337,3.0399756669853133,3.389996475859639,3.519954149196103,3.5754464913514274,5.9244277537342285,4.460005677747286,5.6700533885378075,5.839968637205467,5.394951077839694,0,3.5399154268887707,6.309882288529975,1.1500058872012247,5.339780585452087,8.839974120461925,8.983315180687896,8.840032700434087,8.839995464081193,8.955965460416285,8.620033371571592,8.953060410890894,8.62001419446416,8.840491543983454,8.839906228671474,8.980700999344393,8.99990875079843,8.932923104346283,0.17999989506214945,0.40000163429402585,0.3609882797474251,0.47000047642353193,0.290002637826431,0.32000540139085815,0.7100010034824558,0.8899981343215333,1.2200079348124637,0.52000369888439,0.5,2.769989771975212,0.6699978299850383,0.6027646856590266,2.910000309354602,1.090000331005263,3.7600010609329138,2.14999986581756,1.6394306082139534,1.4687257729913796,7.1699947088729905,3.4500096221694787,9.000011230781325,9.020001904576535,9.019983575143717,1.4299987487777412,0.4790150360357946,1.1899303540336623,0.9000018140260495,1.3899922540666152,0.9600087282537542,0.8399732811679946,0.8199997787879792,0.8599861143253876,0.7299936125558901,0.42999852475068284
IRN,3.419366513177951,3.5800001998630937,3.5400365005132883,3.650008030017666,3.379980878807651,3.7953920660166665,3.46550503302663,3.4788629337349932,3.4357955109052067,1.4892735079688177,0.7000003192827632,1.052925469025267,1.2642328914687735,1.8330536911061983,3.669587050198212,3.7508305598883043,3.9900021129555094,2.8600211702011173,3.0400311153662036,3.390015145671254,3.30153463159531,3.6574894301021392,5.994937322098458,3.9667282005133786,5.670009839083378,5.719305806552664,5.394951077839694,0,3.5400470077743624,5.886280076971867,1.1500136873802353,5.340196537201685,8.839990183126465,8.983315180687896,8.839996027213587,8.840080036940126,8.839948900447121,8.620060346505742,8.953060410890894,8.620007908264135,8.839992108118773,8.83981645635624,8.980700999344393,9.000255502427274,8.83985765124555,0.17999990681408679,0.4000006520190585,0.2690180022973018,0.4700000980915587,0.2899976190671669,0.3200047815432431,0.7099986647676697,0.8900027747232983,1.2154709662078935,0.5200006196405397,0.5,2.769997908232949,0.6700005713013655,0.4858842229113634,2.909988508696574,1.090003533280787,3.687415378265109,2.150000998143453,1.199991529371903,1.1472273110587687,7.170020178725858,3.4500492754681167,8.999900454590701,9.020001904576535,9.019917679908211,1.4300154235898974,0.5410568936753801,1.190007937207867,0.9000065490743975,1.3900025776773144,0.9600084638171815,0.8400062892375423,0.7932226166995019,0.6727172039183894,0.7300069350658832,0.42999852475068284
IRQ,3.419366406374119,3.579999207566063,3.540000993196603,3.649978806574672,3.379980878807651,3.7953920660166665,3.46550503302663,3.4788629337349932,3.4357955109052067,1.4892735079688177,0.7000011002270136,1.052925469025267,1.2642328914687735,1.8330536911061983,3.669587050198212,3.7508305598883043,3.9899999201749763,2.8600628930817615,3.0400583994890042,3.3899575811384035,3.5200490144957763,3.5196858060157594,6.647808130350202,3.9667282005133786,5.7327713201847965,5.84001849908394,5.394951077839694,0,3.5399922788053204,6.30998788197334,1.1499441340782124,5.26152522846946,8.839996591441677,8.839948900447121,8.840000470967778,8.939992920302984,8.839918484046597,8.61992051261254,8.840000381201069,8.619921889257949,8.839990266624953,8.840033093245085,8.980700999344393,8.99978100591284,8.932923104346283,0.17999957858361953,0.4000019634407335,0.30334861817901865,0.4700021534706769,0.2899975152535822,0.3199984696024793,0.6606820499541809,0.8899851716664765,1.2154709662078935,0.5200063867156315,0.4876422213284205,2.769992512059068,0.6699982943885382,0.6494475239235635,2.9100219458668617,1.0899832443187767,3.687415378265109,2.1499960098954594,1.4300307283448217,1.165462072836994,7.170154686078253,3.507603543418777,8.99990875079843,9.020001904576535,9.019917679908211,1.4299941007084993,0.6719033952048528,1.1900142352506984,0.8999702940885236,1.3900111832869348,0.9600014426891726,0.8848344744473904,0.7932226166995019,0.6727172039183894,0.6928298609768198,0.42999852475068284
ISL,3.636969640121315,3.5800052869169146,3.4608337411701595,3.551922246892591,3.37999262627504,3.8899881535555343,3.46550503302663,3.4788629337349932,3.4357955109052067,1.4892735079688177,0.7000002476675905,0.8599874568830355,1.2642328914687735,1.8330536911061983,3.669587050198212,3.7508305598883043,3.990000406326403,2.8600030177183173,3.040010305847495,3.3899797103627445,3.519891962917001,3.4297855560358186,5.898539117177059,4.4599661545608384,5.670038585879654,5.839942321557318,5.080045260429974,0,3.540073336825563,5.886280076971867,1.1499964904892257,5.26152522846946,8.840015353195927,8.839727471814422,8.840030884778717,8.939992920302984,8.955965460416285,8.6203719565902,8.953060410890894,8.620162224797218,8.83985765124555,8.839858979676482,8.980700999344393,8.999895713838773,8.840025028678694,0.17999945613748844,0.40000321869417577,0.32164426589807094,0.4699993492064968,0.28999555965433615,0.32000245957080486,0.7100048793941065,0.890000573179042,1.2154709662078935,0.5199995042111069,0.4999906812039885,2.769995210727969,0.6699982479997997,0.5818542481333479,2.909995827621148,1.089999762356901,3.7600052693225194,2.1500005861595994,1.4030441454943596,1.2914958596709587,7.169999842029603,3.450004071524714,8.999943846513805,9.020001904576535,9.020235655737704,1.4300003466692226,0.47524169816447703,1.190038977912516,0.9000018841262365,1.3900009346993676,1.028157936683152,0.8400005004284918,0.7932226166995019,0.8600296233601353,0.6928298609768198,0.42999852475068284
ISR,3.6369709691880825,3.5799937586657764,3.5398983754383453,3.7380727634887574,3.3799616753353408,3.889946564662598,3.46550503302663,3.4788629337349932,3.4357955109052067,1.4892735079688177,0.7000004032035869,0.860006239276244,1.2642328914687735,1.8330536911061983,3.669587050198212,3.7508305598883043,3.9900014184838826,2.8599939724742995,3.0398783372761065,3.389949919361684,3.519985756253895,3.6286007820262043,5.899657938058952,4.459941600510995,5.669978334276736,5.840008111122377,5.394951077839694,0,3.5399934704538034,6.309997321804338,1.150019806462566,5.340086432326791,8.840002141155688,8.983315180687896,8.839935834844468,8.840017021378612,8.840003930762427,8.61994707546309,8.83997158022318,8.619986920748865,8.83985765124555,8.839944706759445,8.980700999344393,8.999930255265728,8.840004027588986,0.18000035842875076,0.39999864476149494,0.3338020072852114,0.46999973519053045,0.28999772009249913,0.3200070893255013,0.6606820499541809,0.8899982907336921,1.2154709662078935,0.5200010625910396,0.49999277091014244,2.7699956826316448,0.6699983028876186,0.6777814343656056,2.9100020225831877,1.0899980044788364,3.7599684168969603,2.150000371741991,1.317484416495748,1.1787877008337457,7.170096021947873,3.507603543418777,8.999869644564177,9.020001904576535,9.019917679908211,1.4299957465572477,0.4884288268012017,1.1899821622619071,0.9000035608097281,1.3899953811916526,0.9600277722674072,0.8399935110582383,0.8200196632665603,0.8599901028957561,0.6928298609768198,0.42999852475068284
ITA,3.636970356702943,3.5799974682119946,3.540009358914366,3.7380665696426507,3.380018771509021,3.8899292220776336,3.46550503302663,3.4788629337349932,3.3866443805882147,1.4892735079688177,0.7000008855390213,0.8599931200550396,1.2642328914687735,1.8330536911061983,3.669587050198212,3.7508305598883043,3.990003100958344,2.8599781001916234,3.0399552267860623,3.389988605859292,3.520001946661475,3.512834899955289,5.74320529687794,4.459977369785013,5.670061936102018,5.719305806552664,5.394951077839694,0,3.5401083594726797,5.886280076971867,1.1499966968355684,5.26152522846946,8.840010467935063,8.840025028678694,8.840026579565555,8.839955645906485,8.955965460416285,8.620002246181492,8.839890788906454,8.620201384518564,8.839948900447121,8.840002510749144,8.980700999344393,9.000111736005065,8.932923104346283,0.1800001750531724,0.4000011035883175,0.3216920547199259,0.4699998753450784,0.2899970397481095,0.31999664063156125,0.7100039247278512,0.8899997672199075,1.219958286539387,0.5199991858355744,0.5,2.769954421148587,0.669998986109703,0.49672997086372106,2.910002033176659,1.0899873257287704,3.759999942810493,2.1500001585927118,1.3701923601975725,1.3799808447633746,7.170019743175551,3.449984509333127,9.000019176926322,9.020001904576535,9.019965689674052,1.4300031219635398,0.5160958100583867,1.1900306700951082,0.8999956733057387,1.3899958199804934,0.9599791874430907,0.8400098153487515,0.820008254230293,0.860010341124531,0.7299971184324273,0.42999852475068284
JAM,3.6369701135124197,3.5800014239653364,3.540003893322951,3.738062898338732,3.379980878807651,3.890005576396634,3.46550503302663,3.4788629337349932,3.4357955109052067,1.5999899725917508,0.7000020815553382,0.8600015374220669,1.1799998590305532,0.6700032749823046,3.669587050198212,3.7508305598883043,3.9899991134246506,2.8599881207847946,3.0400281183675126,3.3900001123078134,3.5199924645598832,3.421133104177766,5.170775011551966,4.459977369785013,5.670012514339348,5.839810746873944,5.394951077839694,0,3.540008044032815,6.310179946709494,1.150016425156039,5.26152522846946,8.840001604396047,8.983315180687896,8.873407108741311,8.939992920302984,8.955965460416285,8.6203719565902,8.953060410890894,8.620034332680204,8.923612412916954,8.83981645635624,8.980700999344393,9.000043800096359,8.932923104346283,0.18000157315904639,0.4000018075501369,0.3077028643311271,0.47000092543667177,0.29000164213840396,0.3200014880329599,0.7099982829249148,0.8899995037678201,1.220000769889617,0.5199916809650081,0.4999952287799991,2.6134813004481474,0.6700152696295106,0.6858018368252976,2.909993691146576,1.0900071532982927,3.759998257384334,2.1500002806702403,1.317484416495748,1.259059662491949,7.169996158278909,3.4500547511862756,9.00008848578697,9.020001904576535,9.019917679908211,1.4299955907842163,0.6831403759805283,1.1899934518468218,0.8999903947747575,1.3900034171483897,0.960002242166431,0.8400143438948798,0.8199867271319544,0.8599971406104796,0.6928298609768198,0.42999852475068284
JOR,3.419366586280598,3.5799980779935705,3.5400038933229516,3.6500076573587217,3.379980878807651,3.8900379598987738,3.46550503302663,3.4788629337349932,3.6691064855427222,1.4892735079688177,0.7000002558709592,0.8599994367307855,1.2642328914687735,1.8330536911061983,3.669587050198212,3.7508305598883043,3.9899998649482074,2.859981749974653,3.039967150287435,3.3899200124252538,3.5200243333671297,3.655439951186669,5.585058392804158,4.459977369785013,5.669951637923169,5.840047585572919,5.394951077839694,0,3.539949223416966,6.310081112398609,1.1500050694514854,5.340009358914366,8.839983340274886,8.983315180687896,8.840038592534901,8.83981645635624,8.955965460416285,8.619968809105085,8.839989209662857,8.620294086974658,8.840150637311703,8.840044801686652,8.980700999344393,8.999978208997504,8.840018980180313,0.17999992250359872,0.3999984900589254,0.32048162805613334,0.470000243405733,0.2899887283533149,0.31999525053431493,0.7099843014128728,0.8899984466191776,1.2154709662078935,0.5200006717270101,0.49999147993524756,2.769973260288267,0.6699982479997997,0.6229636609053945,2.9099991830732783,1.090001525611198,3.7600022944331313,2.1500007694451617,1.6845145920190592,1.1763611179656037,7.1699073602769,3.449924330098816,9,9.020001904576535,9.019917679908211,1.4300038266471518,0.6552618588680331,1.1900366067165369,0.9000343053173242,1.3899944456149087,0.9600011799061975,0.8400062892375423,0.8199867271319544,0.8600031739314431,0.6928298609768198,0.42999852475068284
JPN,3.4787395362025815,3.490000614932067,3.4200214707461085,3.5152227982974265,3.3800416103952986,3.759909482443974,3.767456914552998,3.4788629337349932,3.3065778729970856,1.190034762456547,0.7700008640438655,1.0199965630907188,0.5699919703284517,0.83597063258405,3.669587050198212,3.8699175122271696,4.000004205073,2.860002018114316,3.279943317838778,3.2900356260791637,3.3400802999634993,3.440365778234405,4.863097696858445,3.9799939002794065,5.739918098459896,5.719305806552664,5.394951077839694,0,2.410003409341596,5.589793849273403,0.8099936733502043,5.26152522846946,9,8.99003540533635,8.99006064690027,8.990007510838009,8.990144786470374,8.620162224797218,8.999872676343266,8.989901720898166,8.923612412916954,8.989988528522264,8.940162757300143,9.00005367686527,8.989780193040797,0.19999929218823548,0.3999994085867292,0.3037503618737887,0.45000046291581414,0.3699921932118118,0.4,0.5800091806288731,0.9300013148379463,1.2154709662078935,0.5400008372755055,0.43998250566577873,2.7699342210813414,0.43999416001557323,0.5217804775420031,1.250001796144755,2.0299978374370538,3.949994406533169,1.670001117524291,1.3302214097583465,1.1414975693595355,8.87998600419874,3.507603543418777,8.349769299635012,9.020025648613988,9.019917679908211,1.4399520523392284,0.5406897748024598,1.1299921946142837,1.049991201313937,1.2399996418851167,1.1199972117987382,0.8999962468097882,0.7799977324548695,0.6200025605512168,0.6699796448375096,0.43000405559856947
KAZ,3.6369688607188406,3.579998699525327,3.5399962309813335,3.738124296514161,3.3799616753353403,3.8900144383482522,3.8154226829955835,3.4788629337349932,3.643051967802397,1.4892735079688177,0.6999999550257185,1.052925469025267,1.2642328914687735,1.8330536911061983,3.669587050198212,3.7508305598883043,3.9900019430161606,2.859975114060556,3.039967150287435,3.3172127032121486,3.5199763243563185,3.4297855560358186,5.912907640091291,4.460044773213938,5.66993376345933,5.839810746873944,5.394951077839694,0,3.5401677605025794,5.886280076971867,1.149990580699854,5.26152522846946,8.84005292534181,8.983315180687896,8.840005979154494,8.839955645906485,8.840162486753798,8.6203719565902,8.953060410890894,8.776562596611676,8.923612412916954,8.840491543983454,8.980700999344393,8.99990875079843,8.839769326228193,0.18000008734730596,0.4000008942797396,0.31822595681732957,0.4699984890366276,0.2900015224175992,0.3199984696024793,0.7099686028257457,0.8899989742537696,1.2154709662078935,0.5200000527723283,0.49999147993524756,2.7700082894349816,0.6700003861451133,0.7639479638592928,2.9099987491746004,1.0899961008188281,3.760002704118711,2.1499983878075257,1.3328267346009666,1.2908541156883213,7.1700463421821015,3.4500159467025764,9.000112309074574,9.020001904576535,9.019917679908211,1.4331872528767027,0.48220615763392316,1.1899887654475096,0.8999989327527508,1.3900132567388424,0.9599816007359705,0.8399854001277488,0.8199867271319544,0.8600031739314431,0.6928298609768198,0.42999852475068284
KEN,3.4791752255923662,3.5299988638138924,3.3700405153848965,3.505316452369267,3.379980878807651,3.7799406889209948,3.560238160579413,3.471091292701045,3.4100060608223632,1.5299990288433525,0.7999999999999999,1.150000779435377,1.2800177853230663,3.042091065481164,0.6199956755318264,3.999862268438813,4.000004697559383,2.829959120109013,3.2599104960802356,3.3500044657477153,3.3899951116180547,3.088713363154202,6.3600178555414155,4.129973122739489,5.769883711060182,5.719305806552664,5.394951077839694,0,1.6199605176573808,5.77002294295547,1.1492801960984556,5.26152522846946,8.99990875079843,8.983315180687896,8.840033093245085,8.939992920302984,8.99990875079843,8.61994707546309,8.999975774411318,8.999927001970947,8.923612412916954,8.83985765124555,8.980700999344393,8.999834093737038,8.999837780841917,0.22,0.3699930064870861,0.37438849506379673,0.45,0.35999590121938724,0.3300001377353553,0.7100018086453247,1.0600004705550197,1.4000680677273887,0.509998440180939,0.5399852248591744,1.4900297960119182,0.6200013140028907,0.8077438734236098,2.350005610578598,2.5699850806998508,2.650076113574691,1.8099415204678362,1.4766107444806658,1.0165588912728651,7.199953501643295,3.6000202778059416,8.999830235124353,9.020001904576535,9.019917679908211,1.3900146110138232,0.6600113726560847,0.979998829199758,0.8500024013063106,1.0899965974821368,0.9600087282537542,2.4199553239017124,0.7932226166995019,0.6727172039183894,0.6928298609768198,0.42999852475068284
KGZ,3.6369697872601963,3.580006462794865,3.540022630214987,3.7380662980735684,3.3798909869573683,3.8900697799248527,3.46550503302663,3.4788629337349932,3.37632784740068,1.4892735079688177,0.6999998068399892,1.052925469025267,1.2642328914687735,1.8330536911061983,3.669587050198212,3.7508305598883043,3.99,2.859995165578922,3.039925876010782,3.390042705405701,3.519950228121111,3.4297855560358186,6.252053115228248,3.9667282005133786,5.670093685363184,5.719305806552664,5.394951077839694,0,3.7910286208433783,5.886280076971867,1.1499954375399215,5.340196537201685,8.840027448060386,8.983315180687896,8.840017741067664,8.83985765124555,8.840010865136493,8.6203719565902,8.953060410890894,8.620294086974658,8.923612412916954,8.84001898018031,8.980700999344393,8.99990875079843,8.839984426708195,0.17999985449854136,0.4,0.36660353910365967,0.4699872286079182,0.29000372995151064,0.3200027547260769,0.7100021585980887,0.8900181095764522,1.2154709662078935,0.5199998269630501,0.5,2.7699342210813414,0.669994589441682,0.5325364848216303,2.910004127080027,1.0899982628776963,3.7599861223545736,2.1499977733244267,1.3305354333515338,1.1828425909281561,7.170006342643708,3.4499498129391366,8.99995320542817,9.020001904576535,9.019917679908211,1.4349367447338937,0.48922266677397563,1.1899462416297275,0.8999855921621361,1.390020320614134,0.9600184294051397,0.8399883203153515,0.7932226166995019,0.8600296233601354,0.6928298609768198,0.42999852475068284
KHM,3.58421569781,3.52333527495,3.46695405911,3.67602045773,3.3799437346,3.81512377613,3.46550503303,3.47886293373,3.64219542802,1.3699974035,0.763327041582,1.03764334571,1.23616051573,1.63072330733,3.88320589894,3.79053789972,3.91333196717,2.83998637669,3.08595962523,3.13907775555,3.35046537251,3.95624983583,4.80508920647,3.84666596288,5.69340252846,5.75953990808,5.39495107784,0,3.70735638191,6.16881688548,1.0364374388,5.26152522847,8.89338750482,8.88780494829,8.90107896828,8.92338556232,8.91721946422,8.62009592084,8.93107037179,8.72436791606,8.89574793534,8.89321102022,8.93383974745,8.99997721184,8.88993991076,0.190203336865,0.405871893766,0.307913154485,0.463331869433,0.305310854831,0.331231462888,0.650230953509,0.903333854229,1.21547096621,0.526683303266,0.480000593194,2.61348130045,0.593334095792,0.637791008961,2.35667126093,1.40333291366,3.82331513754,1.98999204659,1.33912861918,1.55181725495,7.77947323287,3.48840062418,8.78330892162,9.02000190458,9.01991767991,1.45961646653,0.610493259142,1.13666794369,0.964588984674,1.34000318806,1.02000239317,0.873224721068,0.8021442568,0.797595129865,0.705222219007,0.429998524751
KIR,3.58421569781,3.52333527495,3.46695405911,3.67602045773,3.3799437346,3.81512377613,3.46550503303,3.47886293373,3.64219542802,1.3699974035,0.763327041582,1.03764334571,1.23616051573,1.63072330733,3.88320589894,3.79053789972,3.91333196717,2.83998637669,3.08595962523,3.13907775555,3.35046537251,3.95624983583,4.80508920647,3.84666596288,5.69340252846,5.75953990808,5.39495107784,0,3.70735638191,6.16881688548,1.0364374388,5.26152522847,8.89338750482,8.88780494829,8.90107896828,8.92338556232,8.91721946422,8.62009592084,8.93107037179,8.72436791606,8.89574793534,8.89321102022,8.93383974745,8.99997721184,8.88993991076,0.190203336865,0.405871893766,0.307913154485,0.463331869433,0.305310854831,0.331231462888,0.650230953509,0.903333854229,1.21547096621,0.526683303266,0.480000593194,2.61348130045,0.593334095792,0.637791008961,2.35667126093,1.40333291366,3.82331513754,1.98999204659,1.33912861918,1.55181725495,7.77947323287,3.48840062418,8.78330892162,9.02000190458,9.01991767991,1.45961646653,0.610493259142,1.13666794369,0.964588984674,1.34000318806,1.02000239317,0.873224721068,0.8021442568,0.797595129865,0.705222219007,0.429998524751
KOR,3.4787369087766464,3.490000678296103,3.4199796126401627,3.5152275866773537,3.3800416103952986,3.7953920660166665,3.767322022573101,3.4788629337349932,3.489217600864254,1.190003041670891,0.7699998396485095,1.0199933231944804,1.2642328914687735,3.4276753983028314,3.669587050198212,3.7508305598883043,4,2.8600008747758388,3.2799091572714736,3.2899990478306407,3.340065701423531,3.4804407284573498,4.136097922698022,3.9799902232361086,5.739986552684661,6.150089560309574,5.394951077839694,0,2.4099785211910207,5.590138579559515,0.8099917875718586,4.500041781565973,8.999983632316354,8.9899260268639285,8.989962587827355,8.989966555183948,8.98986130261984,8.620075147611379,9.00001271779219,8.989924889143614,8.980250293312475,8.989988528522264,8.939815174341849,8.99990875079843,8.989812289427242,0.1999981322550219,0.4,0.3284128567116359,0.44999942381045666,0.3700007612087996,0.4,0.5799956828038227,0.9299995843205721,1.2154709662078935,0.539996360422191,0.4400078216660149,2.6134813004481474,0.43999607175592514,0.5654308096924103,1.2500011015399528,2.030014615192671,3.950003803050232,1.6699972216067553,1.0833271165794398,1.1465946676653351,8.8800109229929,8.78998596162845,8.349987244647657,9.020001904576535,9.019917679908211,1.4581765087886445,0.5401091247053519,1.1299734748010613,1.0500002355390783,1.239998924099029,1.1199871327471584,0.9000127697612054,0.7799960313009567,0.6199986079358366,0.6699972625239529,0.4300003747860597
KWT,3.41936673585515,3.5800004556094063,3.5399215256866503,3.649995067574233,3.379980878807651,3.7953920660166665,3.46550503302663,3.4788629337349932,3.670068596285762,1.4892735079688177,0.700000819994752,0.8600022894147276,1.2642328914687735,1.8330536911061983,3.8699936954574112,3.7508305598883043,3.9899988815488028,2.8600051474430463,3.039950890931413,3.3899200124252538,3.5199379505429325,3.6141361822174,5.468018218529163,3.9667282005133786,5.669860388721598,5.839982367202998,5.394951077839694,0,3.5399814471243043,6.3099639742131215,1.1500010310766502,5.340025035388809,8.840031470064746,8.839982155651386,8.84024247164646,8.939992920302984,8.955965460416285,8.619800775606418,8.8400263435613,8.776562596611676,8.840033093245085,8.839927000525844,8.980700999344393,8.999988593763069,8.839808581393461,0.17999977219832414,0.3999993138006694,0.30318093688561354,0.4700001903742546,0.2900078880857709,0.32000326831716686,0.709994985064213,0.8900027053309643,1.2154709662078935,0.5199987243338631,0.49999032863304904,2.76999814114877,0.6699879603105409,0.6784500146340974,2.909994906207783,1.0899994012015888,3.687415378265109,2.1500005904533683,1.4299834760402585,1.191332187258639,7.16997673161445,3.4499498129391366,9.00048667721134,9.020001904576535,9.019917679908211,1.4299995821494236,0.49337409952676803,1.1900196426901133,0.8999728162377674,1.3899960358931855,0.9599902340769677,0.8399926076510811,0.8200110605351597,0.8600203458799593,0.6928298609768198,0.42999852475068284
LAO,3.636940285880707,3.5400003104086077,3.4608337411701595,3.738069275567143,3.379980878807651,3.7953920660166665,3.46550503302663,3.4788629337349932,3.6699149265274555,1.4599997962032671,0.7599933228039086,1.030002494716379,1.2642328914687735,1.8330536911061983,3.9899853571802115,3.7508305598883043,3.8699915481791187,2.829990684941923,3.1279113590760814,3.0500205634382067,3.30153463159531,4.239984295249314,5.170775011551966,3.7800745379797904,5.670021204852782,5.719305806552664,5.394951077839694,0,3.7910286208433783,6.309990632772377,1.1492801960984556,5.26152522846946,8.84015029522276,8.840150763737354,8.873407108741311,8.939992920302984,8.839727471814422,8.6203719565902,8.953060410890894,8.776562596611676,8.923612412916954,8.849740004072041,8.840117243667736,9.000011442364215,8.839948900447121,0.1906143883281813,0.41761403814126336,0.3076940579783311,0.47000259976048114,0.29999658434948934,0.3200049192424367,0.6606820499541809,0.8900000352807109,1.2154709662078935,0.5200243333671297,0.5,2.6134813004481474,0.6700100740221628,0.7379876275062751,2.9100039152485273,1.0899887714545422,3.760001850358838,2.149987950355465,1.317484416495748,1.648705388383485,7.288494047861634,3.507603543418777,8.999872676343266,9.020001904576535,9.019917679908211,1.4405580203384722,0.6100241032184885,1.1400001053147066,0.9437533994409837,1.3899944321860886,0.9699992443134587,0.8848344744473904,0.7932226166995019,0.8600296233601354,0.6928298609768198,0.42999852475068284
LBN,3.419366025010022,3.5800018830618585,3.5400285048840687,3.649959939464079,3.379980878807651,3.889934301240977,3.46550503302663,3.4788629337349932,3.4357955109052067,1.6000173811023966,0.6999999251627523,0.8600077533249836,1.2642328914687735,0.971481315344536,3.669587050198212,3.7508305598883043,3.9900008659857105,2.8599957001436542,3.04004866673426,3.39003238377518,3.5199979436561795,3.6294012153803075,5.628763422822962,4.460044773213938,5.669998294388538,5.719305806552664,5.394951077839694,0,3.539940489814603,6.310014629605,1.1499951610004286,5.340196537201685,8.840009721114075,8.84011288805268,8.840003217632626,8.839791876989981,8.955965460416285,8.6203719565902,8.953060410890894,8.776562596611676,8.840135129887779,8.840042539782575,8.980700999344393,9.00004147742591,8.840089591859307,0.18000016449487738,0.4000000000000001,0.29259597710521135,0.4699975172720813,0.29000218467424377,0.32001296386323125,0.6606820499541809,0.8900015255291435,1.2154709662078935,0.5199992573220092,0.5,2.77,0.670002650843172,0.6294696734196518,2.910004053871447,1.0900025418923411,3.7599886973721386,2.1500022200109172,1.317484416495748,1.141312135978405,7.169985469027501,3.450069430668518,9.000114064104025,9.020001904576535,9.019917679908211,1.4299985477176926,0.5599976140826768,1.1900124923924533,0.9000037915650317,1.389996493512999,0.9599981256443098,0.8399990426270314,0.8199867271319544,0.8599901760749641,0.6928298609768198,0.42999852475068284
LBR,3.47917415481,3.53000064893,3.43287719251,3.50045608151,3.37691610685,3.7930148924,3.55300915503,3.47109191558,3.41596706016,1.52687444708,0.800000920551,1.12759848853,1.2739386139,1.83066166735,2.96583827852,3.75083055989,3.99999923195,2.83189522846,3.21935168102,3.33738367145,3.36956794162,3.15421648769,5.88535608353,4.06722227379,5.76716094626,5.71930580655,5.39495107784,0,2.12100125745,5.8146873567,1.14944848068,5.53771824167,8.99342979578,9.00002157648,8.85283341014,8.95844771022,8.9830333243,8.62014020206,9.00002146244,8.89687781891,8.89145486035,8.84528650921,8.98070099934,9.0000081147,8.99999187796,0.220001109136,0.380988256388,0.432919056732,0.450316527927,0.346444296259,0.337287392202,0.679650285903,1.05600004641,1.30063804325,0.511939746126,0.531941210608,2.09495075247,0.615282129291,0.721381338108,2.34999242223,2.56999556551,2.7297962852,1.81000571262,1.4039786534,1.11154667326,7.24765069366,3.5218248006,8.99999004279,9.02000190458,9.01991767991,1.39951391386,0.690408258223,0.979989326224,0.893271813479,1.09000178911,0.965243694622,1.59336883902,0.801463730621,0.733835355365,0.695688611098,0.429998524751
LCA,3.636969883236852,3.5799917580800247,3.4608337411701595,3.7380964610406284,3.379980878807651,3.8899955345875323,3.46550503302663,3.4788629337349932,3.4357955109052067,1.600002763270607,0.6999996506342735,0.8600200020691795,1.1800058860886942,0.7741507570031207,3.669587050198212,3.7508305598883043,3.9899991415871705,2.859982210226053,3.0400408803883634,3.390024059620914,3.5200013094146914,3.515939143672733,5.170775011551966,4.45989597591021,5.670080097333468,5.83999016836672,5.394951077839694,0,3.5400150797070227,5.886280076971867,1.1499832709797124,5.339962564342536,8.915615592613426,8.983315180687896,8.84001898018031,8.939992920302984,8.955965460416285,8.6203719565902,8.953060410890894,8.619968233085723,8.923612412916954,8.840128032345014,8.980700999344393,9.00048667721134,8.932923104346283,0.17999160016799665,0.400002632722103,0.3613992812189375,0.4699989364302494,0.28999924064089905,0.3200021287352651,0.7100082294106475,0.8899986311779893,1.2200020930510704,0.5200010393524834,0.5,2.7700225331738393,0.6700099512910491,0.7759270333697662,2.9099985924083893,1.0899987304005587,3.7600052687262853,2.1499994206535358,1.317484416495748,1.6788969204179391,7.288494047861634,3.4500547511862756,9,9.020001904576535,9.019917679908211,1.4300032601950359,0.5772176567351315,1.189997877909033,0.9000061572563265,1.389997374179431,0.9600039039625219,0.8399990426270314,0.8200143789403826,0.8599955918007494,0.6928298609768198,0.42999852475068284
LKA,3.4791174047872855,3.450000033578659,3.4608337411701595,3.4199923007827535,3.379980878807651,3.740190531810052,3.354384206061541,3.4788629337349932,3.5595263979759246,1.5700004583581608,0.9699979496086165,1.200019251131004,1.2642328914687735,1.8330536911061983,3.990026117898648,3.529929434666234,3.989999297817292,2.859966171103,3.1279113590760814,3.350021791239922,3.1499680627794504,3.441786191140305,5.960005973268043,3.9667282005133786,5.669963864656714,5.719305806552664,5.394951077839694,0,4.440000296527557,5.629912571089042,0.8100156951491039,5.149898611761036,8.99990875079843,8.999927001970947,8.99990875079843,9.000255502427272,8.955965460416285,9.000255502427274,8.953060410890894,9,9.000024333268444,8.849740004072041,9,9.000255502427272,8.932923104346283,0.1999977057905846,0.4999984857524447,0.3614239982255277,0.47998222437684324,0.4300111203780928,0.35368334783063093,0.6606820499541809,1.0079924027019986,0.6399995522020464,0.5899890390938984,0.4599869876382563,1.4400457252872871,0.7099984896541308,0.5111667842403559,1.14,1.9399649881577592,1.1400217977399185,1.3000011670926555,1.317484416495748,1.3677079179237162,7.2901455129200965,3.507603543418777,8.999927001970947,9.020001904576535,9.019917679908211,1.7297207114467557,0.6475174668430663,1.1999843292937735,0.9300332914915679,1.039999614151632,1,0.8899909619707539,0.8200143789403826,0.7200063478628862,0.6699989861097029,0.42999852475068284
LSO,3.47917392032,3.53000093865,3.40892869221,3.49765763184,3.37712997852,3.7843676649,3.53999221084,3.47276438403,3.42138540168,1.52418175239,0.800000388989,1.15000216965,1.27437097654,2.05172385082,2.14479224944,3.80421272516,4.00000078539,2.8300046016,3.19393928608,3.3453174818,3.36470438063,3.17688406958,5.68328720112,4.0950160794,5.77000256502,5.53515214407,5.39495107784,0,2.0852074716,5.81983674694,1.14958879215,5.7317352373,8.99995607413,8.99759776131,8.84715536622,8.95288121971,8.98740581431,8.6200331084,9.00000701228,8.92018160414,8.90569662708,8.84137303496,8.98070099934,9.0000140962,8.99998228616,0.220000380686,0.373400167127,0.412717387322,0.450000458169,0.341118792336,0.333382700146,0.695910453952,1.05628832787,1.30774036586,0.509997626301,0.540000466892,1.81098447601,0.619996995782,0.739101637194,2.35000203088,2.5700072675,2.7241184321,1.80999603662,1.41561489327,1.17883421242,7.2379441253,3.58681755918,8.99994936889,9.02000190458,9.01991767991,1.40055925482,0.690722046223,0.979999655425,0.856695439527,1.09000387812,0.960004650554,2.20068390662,0.806607287391,0.842983314627,0.692829860977,0.429998524751
LTU,3.636969212841216,3.5800015771626845,3.539997426990866,3.7379833867405043,3.3799971762195855,3.8899858787487136,3.46550503302663,3.4788629337349932,3.3781469157331263,1.4892735079688177,0.6999998568066255,1.052925469025267,1.2642328914687735,1.8330536911061983,3.669587050198212,3.7508305598883043,3.989998208948934,2.8599969494165087,3.039997972219406,3.3172127032121486,3.5199883643617023,3.4297855560358186,5.956361746822037,4.45989597591021,5.669940036499522,5.719305806552664,5.394951077839694,0,3.5399892646269455,5.886280076971867,1.1499716116473353,5.26152522846946,8.839974120461925,8.983315180687896,8.84003371919213,8.839992108118773,8.955965460416285,8.6203719565902,8.953060410890894,8.620002246181492,8.923612412916954,8.840025028678694,8.980700999344393,9.000255502427272,8.839948041352214,0.17999947568832292,0.40000135297858236,0.3241978634180664,0.4699994381165667,0.2900006744907595,0.3199980134423732,0.7099964676792653,0.8899959504606352,1.2200348544503972,0.5199997287252801,0.5000076138267093,2.769954421148587,0.6700074521314616,0.5164378292167981,2.91,1.0899883046097492,3.7599992916825835,2.149998891142198,1.9818292624547529,1.435927377606708,7.169958806050784,3.4499976179743985,9,9.020001904576535,9.019917679908211,1.4674828886016846,0.4743705237478235,1.1900064841923252,0.9000015294963368,1.390000059087337,0.96000952154249,0.8399896387698395,0.8200196632665603,0.8600014241971088,0.7300047146137819,0.42999852475068284
LUX,3.6369691060761076,3.58001023366877,3.539988213599985,3.7380644675119155,3.380020226208051,3.889985242881218,3.46550503302663,3.4788629337349932,3.3634464094916354,1.4892735079688177,0.6999998412957881,0.8599935480897738,1.2642328914687735,1.8330536911061983,3.669587050198212,3.7508305598883043,3.989995844523144,2.8600005116823475,3.0400870901639343,3.3899797103627445,3.30153463159531,3.4297855560358186,5.170775011551966,4.460044773213938,5.669829914592307,5.719305806552664,5.080045260429974,0,3.539970363437841,5.886280076971867,1.1499985400181039,5.26152522846946,8.840128032345014,8.839874613534867,8.84005687244021,8.839957737008932,8.955965460416285,8.6203719565902,8.953060410890894,8.776562596611676,8.923612412916954,8.839942466516131,8.980700999344393,9.000265463233342,8.839971729532957,0.18000088527816463,0.3999985359033111,0.32537935051862216,0.46999975513063785,0.29000437206252044,0.3200084434945514,0.7099902692182938,0.8899965929459167,1.2200414349580198,0.5200003750802906,0.5000062560214206,2.769997707999083,0.670002865446805,0.5466116675462677,2.9099978570918354,1.089995247148289,3.7599990830859014,2.1499996427729395,1.3508298998350114,1.4794782775872062,7.169965054257863,3.449994990195096,8.999943846513805,9.020001904576535,9.019917679908211,1.4869387412393995,0.49459602845456563,1.1899757477768795,0.9000044468819945,1.3900001154187973,0.9600125287116308,0.8400139048586784,0.8199887793540113,0.8599980851165685,0.7299960796506834,0.42999852475068284
LVA,3.636970148914747,3.579989931066532,3.539998950942072,3.738064472417014,3.3799969482436656,3.890008501080183,3.46550503302663,3.4788629337349932,3.444142372000668,1.4892735079688177,0.6999998949224423,1.052925469025267,1.2642328914687735,1.8330536911061983,3.669587050198212,3.7508305598883043,3.9899984495734597,2.8599980158566125,3.0398783372761065,3.3172127032121486,3.30153463159531,3.4297855560358186,5.945285565426806,4.460044773213938,5.670104287369641,5.719305806552664,5.394951077839694,0,3.540147099215674,6.309834185003649,1.1500058872012247,5.340040555295586,8.840020747419379,8.983315180687896,8.839932544816115,8.840011157733557,8.84001898018031,8.6203719565902,8.953060410890894,8.776562596611676,8.923612412916954,8.83996966249526,8.980700999344393,9.000024333268444,8.839791876989981,0.18000025100086595,0.4000014008839578,0.3209745063980368,0.4700015639312764,0.28999846884091257,0.32,0.7099992403717114,0.8899994801838663,1.219987967110101,0.5199977181027061,0.4999942745906333,2.7701178240160442,0.6699976514795679,0.6125333115978083,2.910009329601493,1.0900033468063743,3.7599979441456846,2.1500011064884483,1.317484416495748,1.4745874664992393,7.169987159033425,3.4499962200676606,9.000011265447746,9.020001904576535,9.019917679908211,1.430766021949448,0.48948938539305115,1.1899904704761233,0.9000027210143942,1.3899984510460133,0.9599902916246592,0.8399913021868787,0.8199997787879792,0.859993100275989,0.7299936125558901,0.42999852475068284
MAR,3.6104064717897355,3.580058401265361,3.5399995109509375,3.7380681571730823,3.380094902056211,3.890105570530099,3.81548401360962,3.5392354902624072,3.4357955109052067,1.4892735079688177,0.7000005338600752,0.8600239653424279,1.2642328914687735,1.8330536911061983,3.669587050198212,3.7508305598883043,3.9899983697044505,2.860047971634164,3.0400429414922168,3.3898530046122706,3.519981282171268,3.4883647992128406,5.854388723188236,3.9667282005133786,5.669963864656714,5.719305806552664,5.394951077839694,0,3.5400507727044066,6.310047652843963,1.1499928150596352,5.26152522846946,8.839984981473046,8.839962564342535,8.839992108118773,8.840061318344405,8.955965460416285,8.6203719565902,8.953060410890894,8.61994707546309,8.923612412916954,8.839965290690468,8.980700999344393,8.99990875079843,8.839990266624953,0.18000092561326164,0.39999968116718315,0.37439101441848777,0.4699993724702708,0.28999005335021244,0.3200108459869848,0.7100023772732676,0.8900019730016994,1.2154709662078935,0.520001263071474,0.49998591152437305,2.769990479212948,0.6699994461934318,0.5638868089305211,2.9099946028163486,1.0900034688559002,3.760038240917782,2.1500019948589633,1.1331506045348156,1.1704671431668865,7.170049894060555,3.4499498129391366,9.0001795117281,9.020001904576535,9.019917679908211,1.430000315496554,0.49775429366935653,1.189997877909033,0.9,1.389995241206314,0.9599985440780375,0.8400067186066643,0.8199897902752372,0.8600296233601354,0.6928298609768198,0.42999852475068284
MDA,3.6369694261286027,3.580015531969971,3.5400870901639343,3.738068022146573,3.3799684493798137,3.8900069053960733,3.46550503302663,3.4788629337349932,3.4357955109052067,1.4892735079688177,0.6999998385581304,1.052925469025267,1.2642328914687735,1.8330536911061983,3.669587050198212,3.7508305598883043,3.98999718368668,2.8600061473835194,3.040038185085355,3.3172127032121486,3.520021470746108,3.4297855560358186,6.064271204894735,3.9667282005133786,5.669919860350711,5.719305806552664,5.394951077839694,0,3.5399031375026313,6.309882288529975,1.1500530926466686,5.26152522846946,8.839982155651386,8.983315180687896,8.840013510470616,8.84005292534181,8.955965460416285,8.619607270603694,8.953060410890894,8.776562596611676,8.923612412916954,8.840033093245085,8.980700999344393,9.000014541858741,8.932923104346283,0.17999947547346715,0.39999949745334484,0.3434156564556202,0.4699986121177541,0.2899938302765158,0.32000540139085815,0.7099964676792652,0.8899869109947643,1.2154709662078935,0.5199967876646321,0.5000127802060169,2.769989771975212,0.670002379783289,0.501342293873302,2.9099795640326973,1.0900165088191849,3.7600057773821383,2.150002392793642,1.3568841412827735,1.620529887223681,7.169948326522341,3.4499708000778666,9.000017016352716,9.020001904576535,9.019917679908211,1.4304985558370136,0.5380279227740173,1.1899887654475096,0.8999814091838632,1.3899922540666152,0.9600159581541736,0.8400006488871585,0.8200143789403826,0.8600031739314431,0.6928298609768198,0.42999852475068284
MDG,3.4791661138207934,3.529999714071596,3.4608337411701595,3.5053175998651165,3.3600394203744934,3.7953920660166665,3.46550503302663,3.4710122905234773,3.4101188364668324,1.529999993135484,0.7999951170682879,1.1499989815847897,1.2642328914687735,0.9199981116784818,0.620017535576988,3.7508305598883043,3.999995060899114,2.829914592306008,3.259968975271466,3.3500038421147,3.3900136266303287,3.1611700690542976,5.853943968728547,4.130014235135234,5.770153300657003,5.719305806552664,5.394951077839694,0,1.62,5.886280076971867,1.1492801960984556,5.26152522846946,8.99983595800525,9.000066363606196,8.83981645635624,9.000024333268444,8.999927001970947,8.6203719565902,9.000011406280297,8.999841307625168,8.923612412916954,8.84001898018031,8.980700999344393,9.000011442364215,9.000042115311723,0.2200007420638917,0.37000485358356255,0.3863259033634579,0.4499974339235309,0.3599990978596721,0.329995252842643,0.7100022093867373,1.0599992424338078,1.2154709662078935,0.5100077246588276,0.5400038024785246,2.6134813004481474,0.6200070447340613,0.6334850176318984,2.3500067231410515,2.5699811498586236,2.649990296077459,1.8099902392246179,1.4790087706846573,1.0317840142857608,7.288494047861634,3.507603543418777,8.999767026481322,9.020001904576535,9.019917679908211,1.4895032598514926,0.6501792839812114,0.979961319436983,0.8500073887985814,1.0900030072603857,0.9599840164402329,2.420008760009434,0.8200143789403826,0.6727172039183894,0.7299936125558901,0.42999852475068284
MDV,3.419365250808262,3.580000257546101,3.540022630214987,3.6500050694514856,3.379980878807651,3.8900717848886726,3.783526689803338,3.4788629337349932,3.4357955109052067,1.5999899725917508,0.7000005769608013,0.8599955918007495,1.1800157642636269,0.6964072484071377,3.669587050198212,3.7508305598883043,3.989998745110257,2.859980557950148,3.0400281183675126,3.389953462907199,3.520029199744502,3.5535688097408302,6.53185256872948,4.460044773213938,5.670038585879653,5.840008111122377,5.394951077839694,0,3.539998928360928,6.309882288529975,1.1499872676343266,5.26152522846946,8.83996966249526,8.983315180687896,8.840033093245085,8.84001898018031,8.955965460416285,8.6203719565902,8.953060410890894,8.619965309184554,8.840033093245085,8.839808581393461,8.980700999344393,9.000011442364215,8.840200445434299,0.18000043462618526,0.3999996432985609,0.3898157924024895,0.4699997346870191,0.29000285451489105,0.31999394581504464,0.7100231458186576,0.8899998541402295,1.2154709662078935,0.5200001379438776,0.5000052546950701,2.769983219416363,0.6699854713272371,0.6047014446142704,2.9100009579461634,1.090025430912687,3.7600382409177815,2.1499977733244267,1.4586326286195912,1.2914958596709587,7.288494047861634,3.507603543418777,8.999927001970947,9.020001904576535,9.019917679908211,1.4304820089316332,1.0910206138141034,1.1900200084884498,0.8999908521245941,1.3900005714581163,0.9600005425494398,0.8399895246824668,0.8200030416568734,0.8600056010206305,0.6928298609768198,0.42999852475068284
MEX,3.476194859685284,3.5010047055831106,3.4608337411701595,3.5479997163947474,3.3800416103952986,3.3801329683222527,3.46550503302663,3.4788629337349932,3.669286243132941,1.3340213353031916,0.8781997319180146,1.1360007097232079,1.2642328914687735,0.7496327268617923,3.9900452488687783,3.9900046326842897,3.9720017661298916,2.8299957504031297,3.0400235845745653,3.2738908515995546,3.109813327771405,3.297015378708166,6.164359723554833,3.6262432703713836,5.998665286554806,4.7462656302805,5.394951077839694,0,3.540167760502579,6.3100175863556425,1.1500168463611862,5.26152522846946,9.000013568797195,8.99990875079843,8.999895713838773,8.999910976586843,8.999771880465364,8.6203719565902,8.982,9.00018559762435,8.840491543983454,9.000255502427274,8.980700999344393,9.000069524107484,9.000042115311723,0.1799980862900911,0.39500128587348915,0.30092135347134136,0.4193994324510688,0.262200083172112,0.28240473819382567,0.7099972332380338,0.9975997531174635,1.2154709662078935,0.5827004491184513,0.45480317609042964,2.769934024505184,0.6906887353231531,0.4304480810382554,1.301000525747585,1.5159699038317804,1.5780007565019682,1.7259999415665994,1.351350176235136,1.3259031591598287,7.46969696969697,2.498053291154642,8.991049116270617,9.020001904576535,9.019917679908211,1.541015172558913,0.5760750315515086,1.1740097008892483,0.8951994381442234,1.0559920602100736,0.8689889697868074,0.839023758099352,0.7550066196309765,0.8467063867698646,1.226982388904097,0.42999852475068284
MKD,3.6369696341733575,3.5800115540150204,3.4608337411701595,3.738063945824596,3.379925342181667,3.89001338332725,3.46550503302663,3.4788629337349932,3.4357955109052067,1.4892735079688177,0.699999915406434,1.052925469025267,1.2642328914687735,1.8330536911061983,3.669587050198212,3.7508305598883043,3.9899983682873916,2.86001368755055,3.0398783372761065,3.390001010381672,3.519993482157406,3.421427652863699,6.260927768085682,4.459885682804215,5.669967917422235,5.719305806552664,5.394951077839694,0,3.5399625643425363,6.309996771159434,1.1499930220824255,5.339780585452087,8.839727471814422,8.983315180687896,8.840005457052042,8.939992920302984,8.955965460416285,8.6203719565902,8.953060410890894,8.619921889257949,8.84015029522276,8.839903275846336,8.980700999344393,8.99990875079843,8.932923104346283,0.17999995615692022,0.4000010365406492,0.3036162129129169,0.47000173880054374,0.29000602772754674,0.31999682148674957,0.7099686028257457,0.89000099804668,1.2199965379954993,0.5199994846821777,0.4999844416093599,2.7700082894349816,0.6700004178796785,0.4934229058549182,2.9100049023941366,1.0899940968122785,3.7599945739588785,2.1499974556002237,1.317484416495748,1.3988970939909318,7.16999254513435,3.449970800077866,9,9.020001904576535,9.019965689674052,1.4300010663312017,0.5232674282951268,1.1899447972932866,0.900013340448239,1.3900140072370726,0.9600125697226806,0.8399844267081955,0.8200030416568734,0.8600031739314431,0.6928298609768198,0.42999852475068284
MLI,3.4791699393634734,3.5300003421875417,3.4608337411701595,3.490001562660082,3.379980878807651,3.7953920660166665,3.560299724125656,3.471096879817421,3.4099075785582253,1.529994537418682,0.7999970143237817,1.1500006869169792,1.2799990186878631,1.8330536911061983,3.669587050198212,3.7508305598883043,3.99999603261193,2.8300135572009593,3.2599689752714665,3.3172127032121486,3.390030242986756,3.1598364336353844,6.516352451921699,4.130166217430369,5.7700471698113205,5.719305806552664,5.394951077839694,0,1.6200119327554134,5.769869513641755,1.1492801960984556,5.859826589595375,8.99990875079843,8.99996197935479,8.873407108741311,8.939992920302984,9.000044877260692,8.6203719565902,9.000034434075962,8.776562596611676,8.923612412916954,8.849740004072041,8.980700999344393,9.000011442364215,8.999972452928942,0.21999908596499243,0.36999364883850727,0.2977932831737288,0.4500170168002227,0.35999526360972145,0.35368334783063093,0.6606820499541809,1.0599983418640067,1.2154709662078935,0.509998440180939,0.5399785296807283,2.6134813004481474,0.6200013140028907,0.509666797864155,2.3499978314880328,2.5699962628797177,2.649951696654994,1.8100084153668512,1.483845824024644,1.05621472532671,7.288494047861634,3.507603543418777,9.000251730648205,9.020001904576535,9.019917679908211,1.3900146484375,0.7436473279792549,0.9800042619690298,0.9437533994409837,1.0900132567388423,0.9600014426891728,2.4199553239017124,0.7932226166995019,0.6727172039183894,0.6928298609768198,0.42999852475068284
MLT,3.636970382765465,3.5799950564389884,3.5400226302149873,3.738081397728854,3.3800170332418586,3.8900232754972492,3.46550503302663,3.4788629337349932,3.4357955109052067,1.4892735079688177,0.7000002400132487,0.8600236579733004,1.2642328914687735,1.8330536911061983,3.669587050198212,3.7508305598883043,3.989998835835273,2.8600032567385303,3.0400186880411133,3.390026784307547,3.519981282171268,3.427549502492144,5.831242429997064,4.45998722511178,5.669947643979057,5.840008111122377,5.394951077839694,0,3.5401162351875612,6.309978251942877,1.1499993265721173,5.26152522846946,8.839944706759445,8.983315180687896,8.840008111122376,8.939992920302984,8.955965460416285,8.6203719565902,8.953060410890894,8.619855826261519,8.84001898018031,8.840016450750564,8.980700999344393,8.999903947747574,8.839996817440426,0.18000002891903535,0.4000003616525351,0.3747149234879672,0.47000046710845644,0.2899965876578208,0.31999586791088463,0.7100022683272932,0.8899980837492814,1.2154709662078935,0.5199991183573739,0.5,2.770031515614555,0.6700019466614756,0.5267796127710511,2.9099985021231536,1.0900037417609303,3.759998480959343,2.1499994350218645,1.4254179360149102,1.678776121537458,7.288494047861634,3.4500608339785424,9.000010110814527,9.020001904576535,9.019917679908211,1.4315345407551123,0.5528335161142672,1.1900175942216873,0.8999922066788761,1.3900020283439012,0.9599791874430907,0.8399899311965096,0.8199939228198115,0.8600026152181924,0.730001013890297,0.42999852475068284
MMR,3.58421569781,3.52333527495,3.46695405911,3.67602045773,3.3799437346,3.81512377613,3.46550503303,3.47886293373,3.64219542802,1.3699974035,0.763327041582,1.03764334571,1.23616051573,1.63072330733,3.88320589894,3.79053789972,3.91333196717,2.83998637669,3.08595962523,3.13907775555,3.35046537251,3.95624983583,4.80508920647,3.84666596288,5.69340252846,5.75953990808,5.39495107784,0,3.70735638191,6.16881688548,1.0364374388,5.26152522847,8.89338750482,8.88780494829,8.90107896828,8.92338556232,8.91721946422,8.62009592084,8.93107037179,8.72436791606,8.89574793534,8.89321102022,8.93383974745,8.99997721184,8.88993991076,0.190203336865,0.405871893766,0.307913154485,0.463331869433,0.305310854831,0.331231462888,0.650230953509,0.903333854229,1.21547096621,0.526683303266,0.480000593194,2.61348130045,0.593334095792,0.637791008961,2.35667126093,1.40333291366,3.82331513754,1.98999204659,1.33912861918,1.55181725495,7.77947323287,3.48840062418,8.78330892162,9.02000190458,9.01991767991,1.45961646653,0.610493259142,1.13666794369,0.964588984674,1.34000318806,1.02000239317,0.873224721068,0.8021442568,0.797595129865,0.705222219007,0.429998524751
MNE,3.6369699075222917,3.57999730875328,3.5400127748882197,3.73804869757362,3.3799719232569023,3.890206956966091,3.46550503302663,3.4788629337349932,3.4357955109052067,1.4892735079688177,0.6999995900891761,0.8599817499746527,1.2642328914687735,1.8330536911061983,3.669587050198212,3.7508305598883043,3.989997938478303,2.860001421904574,3.0400365005132883,3.3899913887584154,3.520013401043871,3.4297855560358186,6.21104223647741,3.9667282005133786,5.670081243376898,5.840008111122376,5.394951077839694,0,3.5399429699495504,6.309882288529975,1.1500102817191034,5.26152522846946,8.84001898018031,8.983315180687896,8.839995723852503,8.84001898018031,8.955965460416285,8.620033371571592,8.953060410890894,8.776562596611676,8.923612412916954,8.83997694745942,8.980700999344393,9.000011442364215,8.840070458342414,0.17999958909533736,0.4000007053131237,0.3242145103572707,0.46999961412038743,0.289995123096653,0.3199986496522854,0.7099741552598833,0.8900021843807282,1.2154709662078935,0.5199993647139718,0.4999816496926323,2.769971254763019,0.6700008102779254,0.5214480798943728,2.909994630063784,1.0900095406842034,3.7600021981645324,2.149998953865467,1.317484416495748,1.4718180725064631,7.16996296037459,3.450049275468117,8.999953797819257,9.020001904576535,9.019917679908211,1.4299948936784879,0.5091442114355108,1.190035998400071,0.900013340448239,1.3900038266933117,0.9600028723251471,0.8399769942043092,0.8199917046868518,0.860038240917782,0.6928298609768198,0.42999852475068284
MNG,3.4787375742407662,3.4900059385003117,3.419977822953243,3.551922246892591,3.3798694461991996,3.759909482443974,3.46550503302663,3.4788629337349932,3.60388982141865,1.1899926840623407,0.7700000194123118,1.052925469025267,1.2642328914687735,1.8330536911061983,3.669587050198212,3.7508305598883043,4.000002967482328,2.8599939724742995,3.2799474414190817,3.3172127032121486,3.3398788232717718,3.4780496787454394,6.123440417536313,3.9799251756547127,5.740116801437557,5.719305806552664,5.394951077839694,0,3.7910286208433783,5.886280076971867,0.8100156951491039,5.26152522846946,8.999959293884585,8.983315180687896,8.989972144846798,8.990144786470374,8.955965460416285,8.619921889257949,9.000256147540982,8.776562596611676,8.923612412916954,8.99003540533635,8.980700999344393,9.000011442364215,8.990013180573861,0.19999582232341484,0.4,0.2955644123588781,0.4500004285555108,0.31594130864675296,0.35368334783063093,0.5800089708726976,0.9300010760787689,1.2154709662078935,0.5400035265839466,0.44000490757402255,2.6134813004481474,0.44,0.5242051983656885,1.250000861074276,2.0300005444558473,3.949940032330396,1.669987931179657,1.2161415964107871,1.2243270301398974,8.879962192816636,3.507603543418777,8.350000997267488,9.020001904576535,9.019917679908211,1.4400138696255202,0.6114450112197803,1.1299974535268653,1.0500048026126212,1.2400140226424432,1.1199841305826344,0.8848344744473904,0.7932226166995019,0.6727172039183894,0.6928298609768198,0.42999852475068284
MOZ,3.47917620357833,3.5300000000000002,3.3700155123642666,3.5053149984695637,3.379980878807651,3.7953920660166665,3.5603163925448196,3.471100304129997,3.4099459431697072,1.5299999794735795,0.7999962849907435,1.1499984706353945,1.2642328914687735,3.040076661547146,0.6200048088482808,3.7508305598883043,4,2.8300135572009593,3.2599689752714665,3.35,3.30153463159531,3.1217132460829666,5.8997304123062335,4.130099764782221,5.770106409304628,5.719305806552664,5.394951077839694,0,1.620002079758748,5.886280076971867,1.1492801960984556,5.859980242291894,8.999910246821242,9,8.840025028678694,8.939992920302984,8.999767026481322,8.619921889257949,9.000017056114617,9,8.840094733909167,8.840033093245085,8.980700999344393,9.000070874233673,8.99990641085634,0.2199976405952441,0.3700043452586543,0.2973662055195957,0.44999999999999996,0.3600032790916916,0.33000471202290765,0.6606820499541809,1.0600004088265655,1.2154709662078935,0.509976478222078,0.5400130123617437,2.6134813004481474,0.6200122640269808,0.6142091227176483,2.349948729634271,2.569978485132675,2.650007665184731,1.8099950682229162,1.317484416495748,1.4560601418073722,7.288494047861634,3.507603543418777,8.999905806998541,9.020001904576535,9.019917679908211,1.3900048995590395,0.662265403845447,0.9800017264696574,0.8499983991291262,1.089969067609368,0.9599981256443098,2.4199922133540976,0.8200030416568734,0.6727172039183894,0.6928298609768198,0.42999852475068284
MRT,3.4791734095259312,3.5300007703069944,3.3700121308413227,3.489994828340693,3.379980878807651,3.7953920660166665,3.560372042980307,3.471094258148443,3.4357955109052067,1.4892735079688177,0.7999999999999999,1.149976087996174,1.280004715868899,1.8330536911061983,3.669587050198212,3.7508305598883043,4.000001032824185,2.8299460804645378,3.1279113590760814,3.3500180175991257,3.3899963131375195,3.1264167113206662,5.170775011551966,3.9667282005133786,5.769960762843325,5.719305806552664,5.394951077839694,0,3.7910286208433783,5.886280076971867,1.1492801960984556,5.860088165479825,9.000025749636286,9,8.873407108741311,8.939992920302984,8.955965460416285,8.61992520568437,9.00000503448623,8.776562596611676,8.840033093245085,8.840033093245085,8.980700999344393,9.000011442364215,8.99990875079843,0.22000335224959894,0.3700008736867397,0.45315242030790454,0.44998642165293745,0.31594130864675296,0.3299910474485228,0.7100058870985325,1.0600049590875278,1.2154709662078935,0.5100036049026676,0.5400041748672988,1.4899988164279796,0.6199948899514546,0.6769760077007587,2.350006604728986,2.570002210315313,3.687415378265109,1.8100053648068668,1.3204020579725346,1.0774773329054,7.200011068681167,3.5999656475437987,9.000112309074574,9.020001904576535,9.019917679908211,1.3910307578328514,0.7943270567824781,0.9800050301810864,0.8500007873147842,1.0900092384848883,0.9600323267945045,2.4199922133540976,0.8200143789403826,0.6727172039183894,0.6928298609768198,0.42999852475068284
MUS,3.4791737935143043,3.530000620196997,3.3700365003871253,3.505310652131267,3.379980878807651,3.7800278479985936,3.46550503302663,3.4788629337349932,3.4357955109052067,1.5299818635230105,0.8,1.1499698249849124,1.2642328914687735,1.8330536911061983,3.669587050198212,3.7508305598883043,3.999998738770326,2.829914592306008,3.2599562008273177,3.3500383253640913,3.3900066879016997,3.037031850957906,5.978188946929315,4.1299388630349485,5.77004801529537,4.8600164925040215,5.394951077839694,0,1.6200072457204964,5.770153300657003,1.1500168463611862,5.860084230229294,8.999997063556386,9.000255502427272,8.839964455655565,9.000042115311723,8.955965460416285,8.61994707546309,8.999837780841917,8.99990875079843,8.83985765124555,8.839791876989981,8.980700999344393,8.99990875079843,9.000052898857385,0.22000134072220237,0.3700013062382206,0.3487875105399894,0.45000179720355127,0.36000747873235484,0.3299928758014723,0.71,1.059999575974728,1.2154709662078935,0.509997981744306,0.5400021769892239,1.4899962249905625,0.6200018249840314,0.6802032359368881,2.3500134112976774,2.569995807312929,2.6499930260129716,1.810001148029317,1.4962040832217627,1.044027099117712,7.199908833063209,3.6000579374275783,8.999918890420957,9.020001904576535,9.019917679908211,1.3900069472973278,0.73947209209387,0.9800081957616205,0.8500029373751615,1.0900019698126215,0.9600035136005622,2.4199576611431493,0.8199905577662373,1.0700201981340771,0.7299936125558901,0.42999852475068284
MWI,3.4791845919650535,3.529996996835126,3.4608337411701595,3.505314338310044,3.379980878807651,3.7953920660166665,3.560281533882986,3.4711113963382187,3.4357955109052067,1.5300001173379643,0.7999999088383084,1.052925469025267,1.2642328914687735,1.8330536911061983,3.669587050198212,3.7508305598883043,4.000004024258229,2.829959120109013,3.1279113590760814,3.349999115508671,3.390030242986756,3.1415235276086357,5.170775011551966,4.129965515697076,5.770012631826327,5.719305806552664,5.394951077839694,0,1.6199199831543483,5.886280076971867,1.1492801960984556,5.26152522846946,8.99990875079843,8.999967699215091,8.840077171759306,8.939992920302984,8.99990641085634,8.6203719565902,9.000043800096359,9.000024333268444,8.923612412916954,8.849740004072041,8.980700999344393,9.000011442364215,9.000107353730542,0.2200038842493688,0.36999743036590393,0.290107680034245,0.44998852947923834,0.31594130864675296,0.33000269323996767,0.7099953953988097,1.0600007713007558,1.3999995704587285,0.5099917528389266,0.4876422213284205,2.6134813004481474,0.6200068516615279,0.5678019828635607,2.3499752410357986,2.5699806710611095,2.6499799438427596,1.810007539383358,1.317484416495748,1.2497051249590883,7.288494047861634,3.507603543418777,8.999910976586843,9.020001904576535,9.019917679908211,1.3900214794437953,0.6519790359924604,0.9799903835484706,0.9437533994409837,1.0900542346318025,0.9600151797419444,0.8848344744473904,0.7932226166995019,0.6727172039183894,0.6928298609768198,0.42999852475068284
MYS,3.6369690831772257,3.539999972597597,3.519891962917001,3.738062415674312,3.379980878807651,3.8900136266303287,3.46550503302663,3.4788629337349932,3.6688007880251194,1.4600104547830632,0.7599979210372134,1.029990206809148,1.2642328914687735,2.474368092789145,3.9901729308914557,3.7508305598883043,3.869998182428276,2.8300105724210844,2.8498950634181948,3.049949705417445,3.409914968714905,3.6503944082994586,3.8099755285948746,3.7799981750159684,5.670029997272975,5.719305806552664,5.394951077839694,0,3.539987453586748,6.310179946709494,1.1499954375399215,5.250038995476524,8.839998404372022,8.840061318344405,8.83985765124555,8.839766402043981,8.839766402043981,8.619972515689689,8.839997345455751,8.61992520568437,8.840033093245085,8.840033093245085,8.980700999344393,8.999837780841917,8.840120147522907,0.17999928351364905,0.4000003980836254,0.46737512945515486,0.4700004405221656,0.2999984325281753,0.3199977618621307,0.7100014349261012,0.8900013514731056,1.2154709662078935,0.5199967922647756,0.5,2.7699530516431925,0.6699904928253997,0.6686974809413099,2.909997148685105,1.0899932840832773,3.760009871470783,2.1500006042259563,1.317484416495748,1.5583556553711775,7.1700642635230025,3.4499194847020935,8.999999999999998,9.020001904576535,9.019965689674052,1.4419090806085433,0.7751377495597395,1.1400005075240438,0.8999989770762794,1.3899998727071374,0.9700052725106915,0.849993787276342,0.81999821603782,0.860007910088659,0.7300069350658832,0.42999852475068284
NAM,3.4791726447342395,3.5300159393362067,3.4608337411701595,3.505317573070797,3.359978100191623,3.779906925814399,3.560294704303199,3.4711338885949083,3.410070493454179,1.5300019751135692,0.7999982853811597,1.1499662047989185,1.2642328914687735,3.040000639719454,3.669587050198212,3.7508305598883043,3.9999977918949297,2.829914592306008,3.1279113590760814,3.349986312619764,3.389882473173224,3.110017625223402,5.170775011551966,3.9667282005133786,5.770153300657003,5.719305806552664,5.394951077839694,0,1.6199918024387745,5.886280076971867,1.150016425156039,5.859720272448396,8.999895713838773,8.983315180687896,8.839970259361543,8.939992920302984,8.99990875079843,8.620007908264135,8.953060410890894,9.000011406280297,8.923612412916954,8.840033093245085,8.980700999344393,8.99990875079843,8.999930696728885,0.22000065109818565,0.3700007327170369,0.3065795705041597,0.4499939112433241,0.3600025174121004,0.3300024103853173,0.7100002616499647,1.0599756918474195,1.2154709662078935,0.5099999338409935,0.5399947516579989,1.4900011460004585,0.6200038742170852,0.9091571626021409,2.349993589613825,2.570005380356492,2.6500138909316724,1.810004804436289,1.5886551297796367,1.1124551559194185,7.200014413721863,3.507603543418777,8.999975986936894,9.020001904576535,9.019917679908211,1.4956829289897808,0.6596024222855887,0.9799960518523393,0.8500226894569656,1.090004802643896,0.9600054933317056,2.419955323901713,0.8200100553041729,1.0700116377486246,0.6928298609768198,0.42999852475068284
NER,3.479173859432799,3.529997306798208,3.3699439227527628,3.4899986964267615,3.379980878807651,3.7953920660166665,3.5602975525240517,3.4710983123244032,3.4099944920134195,1.5300007427764988,0.7999999999999999,1.1500015891682294,1.2800247768932527,1.8330536911061983,3.669587050198212,3.7508305598883043,3.9999924586924878,2.8300027374760472,3.1279113590760814,3.349986312619764,3.389934301240977,3.1594810280967254,7.031941134091057,3.9667282005133786,5.770005922481301,5.719305806552664,5.394951077839694,0,1.6200368689733406,5.770010817709915,1.1492801960984556,5.26152522846946,8.99990875079843,9,8.873407108741311,8.939992920302984,8.955965460416285,8.619921889257949,9.000072637466404,8.776562596611676,8.923612412916954,8.849740004072041,8.980700999344393,9.000011442364215,8.999719239138063,0.220002897881863,0.36999906671673116,0.3066736586397228,0.45001047510416903,0.31594130864675296,0.3300122436486073,0.6606820499541809,1.0600129617627998,1.2154709662078935,0.5099927001378863,0.5399892646269457,1.4900225620456256,0.6097702344385947,0.7885150401169354,2.3500022274691497,2.5700108905829797,2.6500318674314847,1.8100138312586442,1.4949960805671527,1.0174966461085742,7.199944893460691,3.507603543418777,9.000182503954253,9.020001904576535,9.019917679908211,1.3899830016654935,0.7741626836073138,0.9799954117916954,0.9437533994409837,1.089931951747603,0.9599972794976138,0.8848344744473904,0.7932226166995019,0.6727172039183894,0.6928298609768198,0.42999852475068284
NGA,3.4791740649627125,3.53000231304034,3.370040515384896,3.489998839595804,3.379980878807651,3.7799299201868797,3.56029947047944,3.4711015760612045,3.4100238384284296,1.5300000839456702,0.8,1.1499992788842897,1.2800000169141632,0.9201104603347575,0.6200035734340702,3.999918890420959,4,2.8300544419698093,3.1279113590760814,3.3172127032121486,3.30153463159531,3.158673785843196,5.855386169358728,4.130020624063386,5.770000331818031,5.719305806552664,5.394951077839694,0,1.6199064145057516,5.76997481476074,1.1492801960984556,5.859939759036145,8.999927001970947,8.9999617802748,8.873407108741311,8.939992920302984,8.999895713838773,8.6199547873593,9.000020429148309,8.999895713838773,8.84001898018031,8.84001898018031,8.980700999344393,9.000011442364215,9.000070874233673,0.2199992174814641,0.3699998652890224,0.500495257846874,0.4499918526967574,0.31594130864675296,0.35368334783063093,0.7099989824035627,1.0079924027019986,1.4000006831371021,0.5099868194261381,0.5400025957651946,1.4899391670566213,0.6199912401451633,0.6798770476714557,2.350013755158184,2.570003615210175,2.650052323553351,1.8100298695173715,1.5000220712048025,1.1459985556505203,7.199931471646394,3.507603543418777,9,9.020001904576535,9.019917679908211,1.3899996052562806,0.6506548475238664,0.9799898885074905,0.8499924467495845,1.0899962732257893,0.9599894202794008,2.420008760009434,0.8199867271319544,1.0700116377486246,0.6928298609768198,0.42999852475068284
NIC,3.476194384741809,3.5010004697276416,3.4608337411701595,3.5480006875949304,3.379980878807651,3.3799827105945632,3.46550503302663,3.289994751657999,3.670048877064901,1.3339973604920439,0.8781994766576622,1.052925469025267,1.2642328914687735,1.8330536911061983,3.669587050198212,3.989940354313185,3.971998251001085,2.8300054548025835,3.039967150287435,3.273901846568322,3.109791707222114,3.4297855560358186,5.170775011551966,3.9667282005133786,5.998587099432878,5.719305806552664,5.394951077839694,0,3.5399575930394094,6.3100853548966755,1.1499379516753048,5.26152522846946,8.999980533385246,8.99993760723756,9.000066363606196,8.939992920302984,8.999927001970947,8.6203719565902,8.981984314886061,8.99990875079843,8.923612412916954,9.00048667721134,8.980700999344393,9.000011442364215,9.000071569153695,0.17999387254901963,0.3949982226125504,0.2842590803578921,0.4194011484823626,0.31594130864675296,0.28240209356778845,0.7100133441481986,0.9975935436537051,0.8960748707920101,0.5826990315871087,0.45479885490432426,2.6134813004481474,0.6906983195363029,0.5611983914790027,1.3009902699503015,1.5160109365586913,1.5779840748707497,1.725999332542272,1.3303110305808605,1.362918441436483,7.470111375718649,3.507603543418777,8.991069846557284,9.020001904576535,9.019917679908211,1.5400606377795778,0.5710001042217531,1.1740103403040356,0.8952213239414072,1.056004918442237,0.8690140845070422,0.8389972664015904,0.7932226166995019,0.8467038780051803,1.2269956564587365,0.42999852475068284
NLD,3.6369701472129226,3.5800155765050503,3.5399486603561687,3.7380466584195973,3.37999131843153,3.889989293361884,3.46550503302663,3.4788629337349932,3.4884827444444433,1.4892735079688177,0.7000000518336947,0.8600274961333562,1.2642328914687735,1.8330536911061983,3.669587050198212,3.7508305598883043,3.9900005879084617,2.8599439775910365,3.0398783372761065,3.3899892933618845,3.519981282171268,3.5596600005821912,5.618849472290396,3.9667282005133786,5.670058621833868,5.719305806552664,5.394951077839694,0,3.540033099355133,6.3100853548966755,1.149998261897313,5.26152522846946,8.839976315618715,8.840010470138294,8.839984426708195,8.939992920302984,8.955965460416285,8.6203719565902,8.840036119956276,8.620058145703796,8.923612412916954,8.839885664028145,8.980700999344393,9.000255502427274,8.932923104346283,0.17999979732263197,0.4000016553276721,0.3975232794129358,0.47000019562963397,0.2900006343433489,0.3200043648532318,0.6606820499541809,0.8899948223766063,1.2199942519841709,0.5199999047991918,0.5000036477445995,2.769934221081341,0.6700007993924618,0.5779393681502585,2.9100011602772633,1.090005732849226,3.7600035797930813,2.150001393158662,2.4898525371380504,1.252068367846289,7.169848846459825,3.449970800077866,9.000025704297759,9.020001904576535,9.019917679908211,1.4299996823301437,0.48078244148717036,1.1899699432260937,0.9000059000531004,1.390001842266344,0.9600079349335449,0.839997345455752,0.8199881493185858,0.8599952287602037,0.6928298609768198,0.42999852475068284
NOR,3.6369699693557282,3.5800035421944663,3.5399995222511524,3.551922246892591,3.3800060833417827,3.889987436905762,3.46550503302663,3.4788629337349932,3.4357955109052067,1.4892735079688177,0.7000002630630536,0.8600236579733004,1.2642328914687735,1.8330536911061983,3.669587050198212,3.7508305598883043,3.989998523191299,2.859997104386854,3.0400281183675126,3.390042705405701,3.519984370830633,3.4128979802144186,6.0732469344372575,4.459810203585043,5.669869646182495,5.719305806552664,5.394951077839694,0,3.5399366946110953,6.309964542705182,1.1499964904892257,5.26152522846946,8.840025020236956,8.839897260273974,8.839994714936909,8.84002872627121,8.955965460416285,8.6203719565902,8.83995855913293,8.620254844704009,8.84001898018031,8.840016450750564,8.980700999344393,8.999918890420957,8.839817503110742,0.18000083922228777,0.4,0.38239322987539165,0.4700004355797368,0.2899982529699511,0.3199908178658097,0.7100030190198249,0.8900001518810466,1.2154709662078935,0.5199997633864136,0.5,2.7701178240160442,0.6699997491408073,0.5575837801972447,2.9100012133304576,1.0900044610748458,3.7600003902115433,2.150002679277131,1.2969076885863111,1.4328412794626433,7.170018125599745,3.4500050694514854,8.999994141254357,9.020001904576535,9.019917679908211,1.4300054133852802,0.4798717316642433,1.1899918790363122,0.900000875061619,1.3899980964869607,0.9599972794976138,0.839998110027877,0.8199900455324719,0.8599702823179792,0.6928298609768198,0.42999852475068284
NPL,3.3880690060029917,3.4899992214345383,3.4199796126401627,3.480000325747489,3.3799616753353408,3.759900719056831,3.4001166224629915,3.4788629337349932,3.243897261727871,1.1900347624565468,0.7699998639872588,1.052925469025267,1.2642328914687735,0.6546908286663966,3.8699995314623057,3.8701707097933515,4,2.859981749974653,3.2799474414190817,3.2900198143706327,3.3400550502632838,2.985480249261714,6.225028418590204,3.9799978099791944,5.739939775526964,6.149920578593396,5.394951077839694,0,2.4099822279305245,5.589960093439751,1.1492801960984556,5.26152522846946,9.000016976775772,8.989962587827357,8.9899260268639285,8.990031335009125,8.955965460416285,8.6203719565902,8.999953797819257,8.989707277903497,8.923612412916954,8.849740004072041,8.940014371913175,9.000011442364215,8.989987175693006,0.20000267401128433,0.3999913711277936,0.28006839146419765,0.4500003731593913,0.3700022578460149,0.35368334783063093,0.5799972932737854,0.9300043967087495,1.2154709662078935,0.5400046271723894,0.4400071569153695,2.769997707999083,0.43999326145552564,0.5275970542264801,1.2499939116952277,2.030007723411022,3.9500260733530332,1.6699910497378851,1.317484416495748,1.1191016190217955,8.87995340377266,3.507603543418777,8.350080515297908,9.020001904576535,9.019917679908211,1.4498007818511567,0.8368581761030478,1.1300083564234509,1.0499951973873787,1.2400395941598612,1.1199987792596209,0.8848344744473904,0.7932226166995019,0.6727172039183894,0.6928298609768198,0.42999852475068284
NZL,3.636969158358759,3.579994464954283,3.539993742830327,3.738085738351731,3.3800416103952986,3.8899809982091837,3.46550503302663,3.4788629337349932,3.669998668973779,1.6000389130293793,0.7000000000000001,0.8599919029765363,1.2642328914687735,1.8330536911061983,3.669587050198212,3.7508305598883043,3.9900003941030064,2.8600048243553773,3.039948660356169,3.3900077659849854,3.5199977538500415,3.5950333877855156,5.774165655136961,4.460051351759553,5.669974712533995,5.840092699884125,5.394951077839694,0,3.5400342801175317,6.309882288529975,1.150000701921862,5.339962564342536,8.840052925341809,8.840061318344405,8.840016450750564,8.839954900724264,8.839766402043981,8.619921889257949,8.839981293700312,8.776562596611676,8.840061318344405,8.839864071152878,8.980700999344393,9.000043800096359,8.840491543983454,0.18000026571666633,0.41761403814126336,0.37618311898914436,0.46999751660768607,0.2900060636128108,0.32000157306905774,0.7099991190203506,0.8900030518376423,1.2154709662078935,0.520001351696379,0.500017555563358,2.7700665622552854,0.6699992009020928,0.641995623356934,2.910002230980888,1.0900002258304917,3.760002008524414,2.1499990278110843,1.235439187643893,1.1604423233729788,7.17001001855897,3.4499498129391366,8.999975666731554,9.020001904576535,9.019917679908211,1.456058140796182,0.4739193151537573,1.1899757477768795,0.9000071150322845,1.3900069997666744,0.9600084638171815,0.8400048667721135,0.8200111534529231,0.8600189483657035,0.7299996681819689,0.42999852475068284
OMN,3.50640824554,3.57999802557,3.50830200274,3.68522989497,3.379984269,3.85215079444,3.52908271385,3.44617995164,3.52810105948,1.51141459285,0.700000555058,0.860012219592,1.26423289147,1.36782822815,3.70966837925,3.75083055989,3.9899994644,2.85995609145,3.03996893862,3.38998056998,3.51999080069,3.58022654942,5.69436244569,4.36129089097,5.6699188928,5.81588881814,5.39495107784,0,3.54000996561,6.22525657842,1.15000965128,5.30863228642,8.84001517464,8.89733856311,8.84002961691,8.87996047145,8.90957545189,8.62009211467,8.86257653297,8.6825779659,8.85672787625,8.83987736303,8.98070099934,8.99996128582,8.8399637994,0.179999875026,0.399999225352,0.358383289277,0.470000464005,0.290002091435,0.320001981375,0.700138943582,0.889999863394,1.21547096621,0.520000392572,0.500000829903,2.77000421656,0.669998204138,0.638948050499,2.90999915815,1.08999968419,3.71644260653,2.15000016709,1.51631150057,1.30343058365,7.19376589305,3.46151376118,9.0000628582,9.02000190458,9.01991767991,1.43414446669,0.5513685465,1.18999421866,0.89999049529,1.39000033196,0.960001089628,0.839995119236,0.820005150539,0.860009657675,0.70026409156,0.429998524751
PAK,3.3880699163328782,3.4899992359098846,3.4200200748243454,3.480000200549506,3.379980878807651,3.7953920660166665,3.4000933500183077,3.5973204942609125,3.4357955109052067,1.1899713218041192,0.7700021689915546,1.0199884125144842,1.2642328914687735,0.6399973540161075,3.86999056037072,3.8699407900072997,4.0000014565051165,2.8598890402958927,3.2800437996167533,3.2900010528901835,3.3399541634835757,3.3471993024083404,5.742461246869787,3.9667282005133786,5.739719360856517,5.719305806552664,5.394951077839694,0,2.4100051294511484,5.886280076971867,1.1492801960984556,4.500047427830651,9.000069524107484,8.989871338625786,8.990116801437555,8.990033652601603,8.990079867008781,8.620270105852294,8.999995040764912,8.989988528522264,8.979949386801634,8.99003540533635,8.93992116021024,9.000011442364215,8.932923104346283,0.20000214491012824,0.3999983728990058,0.3437712921630074,0.450003163082798,0.3699921932118118,0.35368334783063093,0.5800070646414693,0.9299946533594723,1.2154709662078935,0.5399997556893835,0.44000400784392313,2.769994705514287,0.4399888765294772,0.5707568885965767,1.2500018735152392,2.0299973301804033,3.687415378265109,1.6699977617147896,1.16040160391588,1.166599157745845,8.880219564791217,8.790013505128298,8.34990295762,9.020001904576535,9.019917679908211,1.4448801990940656,0.8113493185048418,1.129974113539221,1.0499951973873787,1.2399953601670337,1.028157936683152,0.900004380009636,0.779991428057902,0.62002750740584,0.6928298609768198,0.42999852475068284
PAN,3.476190768061489,3.50099967393108,3.4608337411701595,3.5480006917706595,3.3800416103952986,3.3799567411679887,3.46550503302663,3.4788629337349932,3.6700457815565732,1.3339966545538444,0.8782029682498355,1.1360133833519213,0.9036042900802136,0.9780792680297687,3.669587050198212,3.9900041687896612,3.972000401039451,2.829974291427302,3.0399299218921088,3.273876121127639,3.1097305272967306,3.207451664380446,5.940685138297786,3.6261886466237634,5.998644279904057,4.74652171463978,5.394951077839694,0,3.5399628252788102,5.886280076971867,1.1500149318113946,5.26152522846946,8.99998658090373,8.983315180687896,8.999910976586843,8.999771880465364,8.955965460416285,8.6203719565902,8.982099676060407,9.000255502427272,8.840033093245085,8.99990478306408,8.980700999344393,8.999905370878563,9.000054478099804,0.18000155604420806,0.3950000762415944,0.40145652354593525,0.41939943924833595,0.2622021399036617,0.28239738695840383,0.7099843014128728,0.9975999674571859,0.8961004233826042,0.5827023414419272,0.45478925346128374,2.7699342210813414,0.6907015808725412,0.5148260476922797,1.3009987546545558,1.761402515605502,1.5780022025915597,1.726001911386852,2.548981129589124,1.3612100855312255,7.4698705411194934,2.498053338524431,8.991009553925856,9.020001904576535,9.019917679908211,1.542388824538569,0.5789633855724116,1.174000633799629,0.8951683322014166,1.0560058187863675,0.8689551490854422,0.8389931632810634,0.754996626516685,0.8466938505620455,1.2269956564587363,0.42999852475068284
PER,3.476194233671955,3.5010003036196387,3.5200052142983513,3.408855598162387,3.379980878807651,3.3800416103952986,3.46550503302663,3.4788629337349932,3.690819005101004,1.3340002392985824,0.8782000531804106,1.135994950715763,1.2642328914687735,0.7568325781120259,3.669587050198212,3.990034762456547,3.9719975423004557,2.83,3.0399299218921088,3.273885971932153,3.109801426514416,3.368498009524643,5.5494341920724635,3.626174833470207,5.998618920785242,4.7462656302805,5.394951077839694,0,3.54004763098521,6.309882288529975,1.1500139314572304,5.249999999999999,8.999952597648845,8.983315180687896,9,8.939992920302984,8.99990478306408,8.619968809105087,8.982009666017458,9.000255502427272,8.83985765124555,9.000024333268444,8.980700999344393,9.000011442364215,8.999918890420957,0.1799980184613352,0.3949998161697122,0.43505444238906354,0.41939881051699807,0.2621967789271545,0.2823993722304283,0.7100213219616204,0.9975968912976787,0.8960998585060391,0.5827025375352436,0.4548004102469015,2.769995107079679,0.6906974369447565,0.4324502093557695,1.3010044133313041,1.516032811334825,1.577993904318345,1.7259986614590097,1.0873880978359902,1.3379256596231441,7.470054852793014,3.507603543418777,8.990832696715051,9.020001904576535,9.019917679908211,1.5400034522936177,0.5730852844274302,1.1740360657122344,0.8951843198338526,1.0560002821172902,0.8690113660733434,0.839001143203449,0.7550059117433923,0.8467052492638847,1.226991513824254,0.42999852475068284
PHL,3.636969233318808,3.539999575938766,3.5200506131983653,3.7380698507222467,3.379980878807651,3.8900697799248527,3.46550503302663,3.4788629337349932,3.6527815361177876,1.4599997302291705,0.7599877825290166,1.0300020733982997,1.1800157642636269,1.2260625397884015,3.990045289448904,3.8699525793935914,3.870001385857326,2.8299744726588743,2.8500200751907143,3.05,3.409982662651702,4.150715533490236,3.1210521903114583,3.7799981750159684,5.6700695791034565,5.840008111122377,5.394951077839694,0,3.540011904028898,6.310179946709494,1.150016425156039,5.26152522846946,8.84005292534181,8.839948900447121,8.83985765124555,8.84001898018031,8.955965460416285,8.619993916658217,8.839894556936358,8.619978554950231,8.84001898018031,8.83985765124555,8.980700999344393,8.99990875079843,8.83985765124555,0.17999979994465135,0.4000016431558451,0.3204809931164054,0.46999257998341404,0.2999946714978419,0.32000612159008307,0.7100018397007419,0.8900004513264895,1.2154709662078935,0.5200220498484073,0.49999687200885845,2.6134813004481474,0.6699922133540976,0.6511802010116551,2.910009006481714,1.0900094250706878,3.7600035299160384,2.150000258247122,1.4837598446387898,1.7824193463389861,7.169963457942321,3.4499947856919384,9.000053091237291,9.020001904576535,9.019917679908211,1.498277509632242,0.6100106629868908,1.1400062722140916,0.900008751969193,1.3900011093443774,0.9700238046257382,0.8500052143080613,0.8199875369995325,0.8600385623176943,0.7300069350658831,0.42999852475068284
POL,3.6369689114345847,3.579990223236109,3.539996170116463,3.551922246892591,3.3800013452962423,3.88995104429188,3.46550503302663,3.4788629337349932,3.387972173390913,1.4892735079688177,0.7,0.859997465252841,1.2642328914687735,1.8330536911061983,3.669587050198212,3.7508305598883043,3.990000769553485,2.8599708004122295,3.039984072734512,3.390061214402494,3.5200234151716536,3.543679373003078,5.959644604226717,4.459977369785013,5.669940036499522,5.719305806552664,5.394951077839694,0,3.539949223416966,5.886280076971867,1.150000701921862,5.340040555295586,8.840064412238327,8.840077171759306,8.839916700255273,8.839994714936909,8.955965460416285,8.620201384518564,8.839980366784168,8.619968809105085,8.839727471814422,8.839935903142527,8.980700999344393,9.000024333268444,8.840077171759306,0.18000027262441898,0.39999892211179855,0.30732246623282583,0.46999507122484097,0.29000150806816466,0.32000313038034117,0.7099730665640631,0.8900074970547285,1.2154709662078935,0.5199995284242295,0.500012028628135,2.769971254763019,0.6699953190825402,0.5058868571147641,2.910008477270319,1.089990732159407,3.759998164087994,2.1500005305433825,1.295885266303215,1.128763802635709,7.1700157880477935,3.4500002934082894,8.999982701455961,9.020001904576535,9.019965689674052,1.4299990547960506,0.47426741477265466,1.1900097943192949,0.9000100315995385,1.3900003617814118,1.028157936683152,0.840004171446449,0.8199867271319544,0.8600335037912185,0.7300069350658831,0.42999852475068284
PRT,3.636971208662946,3.5800018317022992,3.5399965887770763,3.7380713704785498,3.3800006676830288,3.8900221729490023,3.46550503302663,3.4788629337349932,3.39966158132676,1.4892735079688177,0.6999997489684695,0.8599962341217537,1.1799782487599142,1.8330536911061983,3.669587050198212,3.7508305598883043,3.990003177284739,2.8600009147875407,3.039997972219406,3.38999529031824,3.5199780999418278,3.5262398462944042,5.0440105241083515,4.459977369785013,5.669964255147763,5.719305806552664,5.394951077839694,0,3.5400027259097726,5.886280076971867,1.1500168463611862,5.26152522846946,8.839998404372022,8.839727471814422,8.840002112880649,8.939992920302984,8.955965460416285,8.6203719565902,8.840072291718347,8.776562596611676,8.923612412916954,8.839985943539885,8.980700999344393,8.99991204925242,8.840491543983454,0.17999986038784258,0.40000079035139025,0.38058646880934993,0.47000008729278875,0.29000437206252044,0.31999905009558416,0.7100165400465364,0.890003783855247,1.2200134770889488,0.5199991969201889,0.5,2.769971254763019,0.6700005173216533,0.5914244982546042,2.910000659648524,1.089996331408932,3.7599998310839338,2.1499997040258405,1.3261674205147662,1.644101131172222,7.169942215672964,3.4499807895495156,9.000007456593307,9.019983575143717,9.019965689674052,1.43064440745018,0.5421401037520484,1.1899695140175741,0.8999999999999999,1.3899955257270695,0.9600113353695017,0.8400164507505654,0.8200035784576847,0.860006444510083,0.7299971184324273,0.42999852475068284
PRY,3.4761901420352044,3.5009975777877127,3.5200490144957763,3.408855175977705,3.379980878807651,3.379917268229378,3.46550503302663,3.4788629337349932,3.6700770493873947,1.3339999827501443,0.8781907533756381,1.1360009090035048,1.2642328914687735,1.8330536911061983,3.669587050198212,3.7508305598883043,3.9719988531547896,2.8300444850005704,3.0400235845745653,3.273892781489327,3.109783845278726,3.409203275992975,5.170775011551966,3.9667282005133786,5.9987304106328105,4.746321199746533,5.394951077839694,0,3.539950865699579,6.309984631639613,1.1500164251560392,5.26152522846946,9.000003858352175,8.99990875079843,8.999952597648845,8.939992920302984,8.999872676343266,8.619854002206944,8.982168501675442,8.776562596611676,8.923612412916954,8.999895713838773,8.980700999344393,9.000011442364215,8.999837780841917,0.17999881737279366,0.3949995529993742,0.24812158204017848,0.4193998705236673,0.2621986958751557,0.2823981386288621,0.6606820499541809,0.997576214585802,1.2154709662078935,0.5826949593994178,0.4548014252194316,2.6134813004481474,0.6906920961797227,0.4201304868312716,1.3010006300263128,1.5160542866600466,1.5780018646313743,1.7260073737524206,1.3367096009090398,1.3494148848362437,7.469658481512842,2.498038142166256,8.991009553925856,9.020001904576535,9.019917679908211,1.5415084331128894,0.572369209987121,1.1739859713327232,0.9437533994409837,1.0559996040681991,0.8689575195312499,0.8390110959704107,0.7932226166995019,0.8467377887497795,0.6928298609768198,0.42999852475068284
ROU,3.6369703296303797,3.5800061611418643,3.5399809833450906,3.7380687163704667,3.3800322061191626,3.8899534629071995,3.46550503302663,3.4788629337349932,3.380643675959463,1.4892735079688177,0.7000001470292014,0.8600070972320795,1.2642328914687735,1.8330536911061983,3.669587050198212,3.7508305598883043,3.98999893378825,2.8599772712079687,3.0399937428303265,3.3900261659227335,3.5200490144957763,3.5812129725542956,6.2976828469877875,3.9667282005133786,5.669940036499522,5.719305806552664,5.394951077839694,0,3.5399625643425363,6.309919701516749,1.1500089461442118,5.340196537201685,8.840213971050975,8.983315180687896,8.839990428332138,8.939992920302984,8.955965460416285,8.6203719565902,8.839955645906485,8.776562596611676,8.923612412916954,8.840033093245085,8.980700999344393,8.999905806998541,8.932923104346283,0.18000006749665046,0.39999877475755513,0.3396815323243773,0.46999823496458415,0.289998708260673,0.31999696171764225,0.7099934588269496,0.8900106269925612,1.2199707031250002,0.5200003467767105,0.49998947523522846,2.769971254763019,0.6699967925629525,0.5177850001239612,2.9100046404628617,1.0900021553714936,3.7599987877195993,2.150002869220911,1.4251084370505123,1.3979827579857225,7.170116301990933,3.450042583104646,9.000011265447746,9.020001904576535,9.019917679908211,1.4453882543163827,0.5643580785933555,1.1899794986152574,0.9000014777378789,1.390018166642117,0.9599993776643744,0.840004171446449,0.8200143789403826,0.8600335037912185,0.7300069350658831,0.42999852475068284
RUS,3.6369701693653873,3.5799887577290614,3.5399486603561687,3.7381409340247997,3.3800049809946477,3.8900169914623146,3.815396068367792,3.53921714122984,3.4025259376731567,1.4892735079688177,0.6999998689995803,1.052925469025267,1.2642328914687735,1.8330536911061983,3.669587050198212,3.7508305598883043,3.9899991443457097,2.859999425196511,3.0399111322700945,3.3172127032121486,3.519994353586481,3.49007423061188,5.9372557312480785,4.45998722511178,5.66998483124763,5.719305806552664,5.394951077839694,0,3.5399218313791176,6.310378391531818,1.1499832186608492,5.26152522846946,8.840117243667736,8.983315180687896,8.840001214642516,8.83985765124555,8.955965460416285,8.6203719565902,8.953060410890894,8.776562596611676,8.923612412916954,8.839994525047906,8.980700999344393,8.999900454590701,8.839994525047906,0.17999989905226907,0.3999995383546498,0.3286051193438163,0.4699996731736242,0.29000475156122724,0.3199942611190818,0.7099964676792653,0.8899967753969108,1.2154709662078935,0.5199998434148098,0.4999942745906333,2.769997707999083,0.6699820543236914,0.547749421727609,2.910003329686534,1.0899932840832773,3.7599989026583103,2.1500007472389524,1.4479845309858135,1.4399839085634316,7.169950082603521,3.4499858405965824,9.000052707866649,9.020001904576535,9.019917679908211,1.4340185367898046,0.4758496590650567,1.1900031535793125,0.9000013702196462,1.3900064892926673,0.96000952154249,0.8399856247613486,0.8199752097635393,0.8599997419587908,0.6928298609768198,0.42999852475068284
RWA,3.4791684281040864,3.5300091133966935,3.4608337411701595,3.505313425918263,3.360080301739871,3.7953920660166665,3.5603436755239772,3.471099824630957,3.410034889516531,1.5299995877201982,0.7999998050604361,1.1500002489205738,1.280004497161167,0.9202024150983429,3.669587050198212,3.7508305598883043,3.9999929536774754,2.8547632417420927,3.2599689752714665,3.3499989237011762,3.3900189644870498,3.4297855560358186,5.170775011551966,4.130014438348253,5.769894111984598,5.719305806552664,5.394951077839694,0,3.7910286208433783,5.886280076971867,1.1492801960984556,5.26152522846946,8.999918890420957,9.000069524107484,8.840033093245085,8.939992920302984,8.955965460416285,8.6203719565902,9.000053091237291,8.776562596611676,8.923612412916954,8.84001898018031,8.980700999344393,9.000011442364215,9.000265463233342,0.2200003811048229,0.37001259974800504,0.29399307111531264,0.4499824425872604,0.3599939369442199,0.35368334783063093,0.7099979531456431,1.0599949102939306,1.399999765484749,0.5099788502211113,0.5399946423787838,2.6134813004481474,0.6097702344385947,1.3704770642644264,2.350006170046481,2.569978485132675,2.6500864372151502,1.8099958154618685,1.4678954501730959,1.0352006426545335,7.199895342752486,3.6000104286161223,8.99990875079843,9.020001904576535,9.019917679908211,1.3899720979413221,0.669760794683814,0.9799545992893801,0.8500144078378638,1.0900002474573753,0.9600479793319799,0.8848344744473904,0.7932226166995019,0.6727172039183894,0.6928298609768198,0.42999852475068284
SAU,3.4193666384949557,3.57999949101644,3.4608337411701595,3.650000246067432,3.379980878807651,3.89,3.7833934371417652,3.315448023273985,3.6630501684003685,1.4892735079688177,0.7000008651866207,0.8600155463178883,1.2642328914687735,0.6699897013388261,3.669587050198212,3.7508305598883043,3.989998546865864,2.8598890402958927,3.0400458859109394,3.390018913627766,3.5200490144957763,3.6242979093700782,5.635035814483638,4.45998722511178,5.669829914592307,5.840139694699487,5.394951077839694,0,3.5399575930394094,5.886280076971867,1.1499896701329109,5.33999950742556,8.840120147522907,8.840061318344405,8.83996093875068,8.839766402043981,8.83997694745942,8.619968809105087,8.840015748760944,8.619921889257949,8.840117243667736,8.83974932855864,8.980700999344393,8.999983632316354,8.840045406915822,0.17999943298335808,0.39999943528029863,0.32617335930431945,0.47000302999697,0.29000475156122724,0.3200005509414212,0.7100095274661207,0.8899995059858052,1.2154709662078935,0.5200012551037618,0.500021049972635,2.7700005183645025,0.6700025610212564,0.685699804358737,2.9100112135559435,1.0899988079628085,3.687415378265109,2.15,1.8100621467162175,1.1830677699514462,7.1700689231309545,3.4500048026126215,8.999913096376117,9.020001904576535,9.019917679908211,1.4299932494417806,0.5158482142857143,1.1899571122230166,0.8999832467750042,1.3900041071978644,0.9599933182995072,0.8400069386221053,0.8199867271319544,0.8600296233601354,0.6928298609768198,0.42999852475068284
SDN,3.47917566266122,3.5300192870030482,3.3699439227527623,3.5340467193269527,3.379980878807651,3.7953920660166665,3.560303477396614,3.471098200492004,3.4099334629457445,1.530054644808743,0.7999971539972109,1.1499969553038607,1.2800149065236746,1.8330536911061983,0.6200047744091668,3.7508305598883043,3.999998467674834,2.830007786645902,3.2600496398676273,3.349994930548515,3.389907838306415,3.0556317467876024,5.170775011551966,3.9667282005133786,5.7700186601595345,5.719305806552664,5.394951077839694,0,1.6200470290948654,5.7698880132725,1.1499954375399215,5.859888622476603,8.915615592613426,8.999884128501492,8.840012251773954,8.939992920302984,9.00016846361186,8.6203719565902,9.000010735257808,9.000255502427272,8.840072291718347,8.849740004072041,8.980700999344393,8.99990875079843,8.99990875079843,0.219998768893291,0.3700003975523011,0.3570154279699426,0.4500022285612409,0.36000038173038384,0.3299923254029164,0.6606820499541809,1.0600006193079579,1.2154709662078935,0.5099857636770387,0.5400057424510696,1.4900009730536226,0.62001405728343,0.568303113931719,2.3500085022308235,2.56999898059737,3.687415378265109,1.810011507479862,1.0708546451865821,1.1021469420066332,7.200203534091961,3.507603543418777,9,9.020001904576535,9.019917679908211,1.3900302844770513,0.7068372564838574,0.9799956747404844,0.8499951973873786,1.0899836904561049,0.9599947100443034,0.8848344744473904,0.7932226166995019,1.0699851883199323,0.6928298609768198,0.42999852475068284
SEN,3.479176419378947,3.530000534551488,3.4608337411701595,3.4900001382575554,3.379980878807651,3.7953920660166665,3.560299582696911,3.4710991888612126,3.410041229275709,1.5300013693002876,0.8000061312548379,1.150009786651008,1.2642328914687735,1.8330536911061983,3.669587050198212,3.7508305598883043,4,2.8299294619422573,3.2599104960802356,3.3172127032121486,3.3899078383064145,3.1609249622347675,6.270971696121586,4.129974183210185,5.770017886111226,5.719305806552664,5.394951077839694,0,1.619996785082784,5.769926152279094,1.1500024333268444,5.860084230229293,8.99994413303786,8.999996983472446,8.83985765124555,8.939992920302984,9,8.6203719565902,9.000053091237291,8.99990875079843,8.923612412916954,8.83985765124555,8.980700999344393,9.000011442364215,9.000054478099804,0.21999949540114208,0.3699996996683986,0.3479244079308595,0.4500045367933944,0.31594130864675296,0.3300024103853173,0.6606820499541809,1.0600072481736509,1.2154709662078935,0.50998728890503,0.540009358914366,1.4899727258142146,0.6200116799688535,0.6377015734772357,2.3499957328001364,2.570003067831366,2.65002966967759,1.8099904332376657,1.166648323278098,1.0965936805593193,7.199843948112748,3.599985400038933,9,9.020001904576535,9.019917679908211,1.3900071585977782,0.6819791898151754,0.9799848069491693,0.850018855786508,1.089998918050017,0.9600155581485802,2.4199576611431493,0.7932226166995019,1.0700215772255863,0.6928298609768198,0.42999852475068284
SLB,3.58421569781,3.52333527495,3.46695405911,3.67602045773,3.3799437346,3.81512377613,3.46550503303,3.47886293373,3.64219542802,1.3699974035,0.763327041582,1.03764334571,1.23616051573,1.63072330733,3.88320589894,3.79053789972,3.91333196717,2.83998637669,3.08595962523,3.13907775555,3.35046537251,3.95624983583,4.80508920647,3.84666596288,5.69340252846,5.75953990808,5.39495107784,0,3.70735638191,6.16881688548,1.0364374388,5.26152522847,8.89338750482,8.88780494829,8.90107896828,8.92338556232,8.91721946422,8.62009592084,8.93107037179,8.72436791606,8.89574793534,8.89321102022,8.93383974745,8.99997721184,8.88993991076,0.190203336865,0.405871893766,0.307913154485,0.463331869433,0.305310854831,0.331231462888,0.650230953509,0.903333854229,1.21547096621,0.526683303266,0.480000593194,2.61348130045,0.593334095792,0.637791008961,2.35667126093,1.40333291366,3.82331513754,1.98999204659,1.33912861918,1.55181725495,7.77947323287,3.48840062418,8.78330892162,9.02000190458,9.01991767991,1.45961646653,0.610493259142,1.13666794369,0.964588984674,1.34000318806,1.02000239317,0.873224721068,0.8021442568,0.797595129865,0.705222219007,0.429998524751
SLE,3.47917415481,3.53000064893,3.43287719251,3.50045608151,3.37691610685,3.7930148924,3.55300915503,3.47109191558,3.41596706016,1.52687444708,0.800000920551,1.12759848853,1.2739386139,1.83066166735,2.96583827852,3.75083055989,3.99999923195,2.83189522846,3.21935168102,3.33738367145,3.36956794162,3.15421648769,5.88535608353,4.06722227379,5.76716094626,5.71930580655,5.39495107784,0,2.12100125745,5.8146873567,1.14944848068,5.53771824167,8.99342979578,9.00002157648,8.85283341014,8.95844771022,8.9830333243,8.62014020206,9.00002146244,8.89687781891,8.89145486035,8.84528650921,8.98070099934,9.0000081147,8.99999187796,0.220001109136,0.380988256388,0.432919056732,0.450316527927,0.346444296259,0.337287392202,0.679650285903,1.05600004641,1.30063804325,0.511939746126,0.531941210608,2.09495075247,0.615282129291,0.721381338108,2.34999242223,2.56999556551,2.7297962852,1.81000571262,1.4039786534,1.11154667326,7.24765069366,3.5218248006,8.99999004279,9.02000190458,9.01991767991,1.39951391386,0.690408258223,0.979989326224,0.893271813479,1.09000178911,0.965243694622,1.59336883902,0.801463730621,0.733835355365,0.695688611098,0.429998524751
SLV,3.476191788879361,3.501007023717772,3.4608337411701595,3.547999320044107,3.379980878807651,3.3800170332418586,3.46550503302663,3.2899972432044993,3.669981162955872,1.3340082232743584,0.8781975228407983,1.1359970505553252,1.2642328914687735,0.9799719890254998,3.669587050198212,3.7508305598883043,3.972000710310264,2.829958575939283,3.039967150287435,3.2738997688729943,3.1097727894880918,3.4297855560358186,5.965898578240218,3.626164633560657,5.998661658023209,4.746326362321388,5.394951077839694,0,3.53999162479062,6.310007995272361,1.1499379516753048,5.26152522846946,9.000025614098,8.99990875079843,8.999910246821242,8.939992920302984,9.000255502427272,8.6203719565902,8.953060410890894,9.000011060601034,8.84001898018031,9,8.980700999344393,8.99990875079843,9,0.180000044473006,0.394996403561714,0.2716781511588937,0.41939989305719105,0.2622025456557831,0.2823910199022106,0.7099964676792653,0.9976012978869524,0.8961007320783418,0.5826869193334316,0.4547865622631978,2.769989771975212,0.6907047737026059,0.38616573888100536,1.300992971878828,1.5159989805139136,1.5779903882355546,1.725998002262422,1.317484416495748,1.3562755631998717,7.469879518072289,2.4980107311019455,8.991054126516417,9.020001904576535,9.019917679908211,1.5406392046124315,0.571586720769998,1.1740563705290918,0.8952069926039765,1.056002356753572,0.8689781630271712,0.8390123456790124,0.755004977325517,0.8466828300639189,0.6928298609768198,0.42999852475068284
SRB,3.63696989854575,3.580019398642095,3.540027375144773,3.7380654173683845,3.3799295183755667,3.8899534629071995,3.46550503302663,3.4788629337349932,3.3693565341073195,1.4892735079688177,0.6999996313132989,1.052925469025267,1.2642328914687735,1.8330536911061983,3.669587050198212,3.7508305598883043,3.990002679020655,2.86004334435953,3.0400061939365783,3.3899966957898213,3.519992765775542,3.3711051704063375,6.3929754681530175,3.9667282005133786,5.669957884885354,5.719305806552664,5.394951077839694,0,3.5399849586362495,6.309882288529975,1.1500149318113946,5.3399805622547785,8.83985765124555,8.983315180687896,8.839988346397828,8.939992920302984,8.955965460416285,8.6203719565902,8.953060410890894,8.620033371571592,8.923612412916954,8.840018980180313,8.980700999344393,9.000011442364215,8.932923104346283,0.17999937183956782,0.40000265938585916,0.3480715517423235,0.47000194950774926,0.29000417295284564,0.319999413893651,0.7099977816835316,0.8899972438357325,1.2154709662078935,0.52,0.5000115433452614,2.769989771975212,0.670015253867945,0.47781196508098067,2.910001406228028,1.0900005583161185,3.7599984959955886,2.1500000000000004,1.317484416495748,1.8200234929606236,7.169987935266464,3.4499041883383517,8.99996157909903,9.020001904576535,9.019917679908211,1.4299958822083456,0.4820779521694208,1.190028860845453,0.9,1.3899863900688745,0.9600090682384949,0.8399883203153515,0.8199557592036656,0.8600335037912185,0.6928298609768198,0.42999852475068284
STP,3.47917392032,3.53000093865,3.40892869221,3.49765763184,3.37712997852,3.7843676649,3.53999221084,3.47276438403,3.42138540168,1.52418175239,0.800000388989,1.15000216965,1.27437097654,2.05172385082,2.14479224944,3.80421272516,4.00000078539,2.8300046016,3.19393928608,3.3453174818,3.36470438063,3.17688406958,5.68328720112,4.0950160794,5.77000256502,5.53515214407,5.39495107784,0,2.0852074716,5.81983674694,1.14958879215,5.7317352373,8.99995607413,8.99759776131,8.84715536622,8.95288121971,8.98740581431,8.6200331084,9.00000701228,8.92018160414,8.90569662708,8.84137303496,8.98070099934,9.0000140962,8.99998228616,0.220000380686,0.373400167127,0.412717387322,0.450000458169,0.341118792336,0.333382700146,0.695910453952,1.05628832787,1.30774036586,0.509997626301,0.540000466892,1.81098447601,0.619996995782,0.739101637194,2.35000203088,2.5700072675,2.7241184321,1.80999603662,1.41561489327,1.17883421242,7.2379441253,3.58681755918,8.99994936889,9.02000190458,9.01991767991,1.40055925482,0.690722046223,0.979999655425,0.856695439527,1.09000387812,0.960004650554,2.20068390662,0.806607287391,0.842983314627,0.692829860977,0.429998524751
SUR,3.4761935146604346,3.5009996069558196,3.520029199744502,3.408838677766486,3.379980878807651,3.3799426436082385,3.46550503302663,3.4788629337349932,3.4357955109052067,1.334006476097629,0.8782001186608573,1.1359994993115532,1.2642328914687735,3.0522281858610647,3.990038089657193,3.7508305598883043,3.9720001416558786,2.8300012717792193,3.040090035284098,3.2739130434782613,3.1098228663446053,3.4297855560358186,5.170775011551966,3.6261783095819977,5.998569596527572,5.719305806552664,5.394951077839694,0,3.540036661152591,5.886280076971867,1.1492801960984556,5.26152522846946,8.999996678800118,8.983315180687896,8.999967982582525,8.939992920302984,8.955965460416285,8.6203719565902,8.953060410890894,9,8.83985765124555,8.999918890420957,8.980700999344393,8.999918890420957,9.000011060601034,0.18,0.3949981435820299,0.32557626998506983,0.41940048583759815,0.26220643378725084,0.28240370784721114,0.7099967985581654,0.9976006416888507,0.8961015219146569,0.5826866001806551,0.4547865622631978,2.6134813004481474,0.6907048775146262,0.5332985630398848,1.3009974574613732,1.5159612810215222,1.5779970241819976,1.7260000679575362,1.317484416495748,1.2914958596709587,7.288494047861634,2.498038142166256,8.991017869044974,9.020001904576535,9.019917679908211,1.5495449922120652,0.6119876779174832,1.1739986221828558,0.8952069926039765,1.0559979511968691,0.869015302926349,0.8390014201360341,0.7932226166995019,0.846699111299196,0.6928298609768198,0.42999852475068284
SVK,3.6369694448710397,3.5800444850005704,3.5400525923309396,3.738161080215962,3.380012711479677,3.8899328133237803,3.46550503302663,3.4788629337349932,3.3889848435630703,1.4892735079688177,0.6999995468654416,1.052925469025267,1.2642328914687735,1.8330536911061983,3.669587050198212,3.7508305598883043,3.9899992544593306,2.8599986872558225,3.0400365005132883,3.389971303428485,3.5199979436561795,3.5203037381291105,5.814058205587934,4.45989597591021,5.670093685363183,5.719305806552664,5.080045260429974,0,3.5399405873578917,6.309973537731544,1.1500233972859146,5.340087013709717,8.839929296175566,8.839948900447121,8.840018146949044,8.840013240648792,8.955965460416285,8.6203719565902,8.953060410890894,8.776562596611676,8.923612412916954,8.840003930762427,8.980700999344393,8.999830235124353,8.932923104346283,0.18000140926756028,0.40000182682602675,0.35860058816756835,0.4700010783221308,0.28999021313614615,0.3199970694897249,0.7099686028257457,0.8900030167645918,1.2199907511395918,0.5199985742178991,0.5000116373792622,2.769954421148587,0.6699985766598088,0.6150407956074139,2.9099915410973636,1.0900081987666204,3.76000059492922,2.149996844386163,1.8589386213694323,1.443705171272283,7.170051980954877,3.4499659941056455,8.999996445960834,9.020001904576535,9.019917679908211,1.4594360532283597,0.511017835859145,1.189970936937768,0.9000403967862112,1.389993103015863,0.9600599541527066,0.8399862590175198,0.8199867271319544,0.8600031739314431,0.7300069350658831,0.42999852475068284
SVN,3.636971665226032,3.5800126382902464,3.539988213599985,3.738068001188249,3.38,3.8900069053960733,3.46550503302663,3.4788629337349932,3.391943030309122,1.4892735079688177,0.7000006470403911,1.052925469025267,1.2642328914687735,0.6774054233666288,3.669587050198212,3.7508305598883043,3.9900019948607643,2.8600034648171713,3.0399869643148123,3.3899814354488527,3.519959342080946,3.4297855560358186,6.179807831179061,4.45998722511178,5.670081243376898,5.84,5.394951077839694,0,3.5399270738377395,6.309803635301847,1.1499320117369212,5.340009358914366,8.83998106689048,8.840061318344405,8.840006289237543,8.839986964314813,8.955965460416285,8.6203719565902,8.839880895206994,8.776562596611676,8.83985765124555,8.839854002624671,8.980700999344393,9.000255502427274,8.84005292534181,0.18,0.40000224373716864,0.30180154141771837,0.47000212819471043,0.28999298901612525,0.31999682148674957,0.7100289196447016,0.8900007693935255,1.2154709662078935,0.5200004464011696,0.5,2.7700329797664676,0.6699997807390764,0.5131147712497253,2.909997741843637,1.090011585150859,3.760002169247813,2.1500006110601895,1.3886767491848369,1.3201138891294866,7.170060664032018,3.450007657358722,9.000008390810384,9.019965689674052,9.019917679908211,1.429997031042104,0.4757683464437875,1.190035998400071,0.8999836507806752,1.3899889058122261,0.9600000000000001,0.8400038086774367,0.8200052668539326,0.8600323624595468,0.7299936125558901,0.42999852475068284
SWE,3.636968366819479,3.579997770097001,3.540031532796268,3.7379765127307514,3.3800034012105793,3.889958070646436,3.46550503302663,3.4788629337349932,3.3848330898899475,1.4892735079688177,0.7000003335618231,0.8600033795201082,1.2642328914687735,1.8330536911061983,3.669587050198212,3.7508305598883043,3.9899984043720207,2.8600126043800222,3.040007584376185,3.3900206832222564,3.519959764333956,3.641800908526497,5.811767979669299,4.4600741239892185,5.669978100104738,5.719305806552664,5.080045260429974,0,3.540009358914366,6.3100175863556425,1.1500017548169725,5.26152522846946,8.840200445434299,8.983315180687896,8.839965761167997,8.839992108118773,8.955965460416285,8.6203719565902,8.839987126576048,8.776562596611676,8.84001898018031,8.839864071152878,8.980700999344393,8.999927001970947,8.840105776751463,0.17999979763366297,0.3999989626986432,0.3832510096711819,0.4699998923692751,0.2899931724404073,0.31998386896637304,0.7099905385990118,0.8899981750008296,1.2200134770889486,0.519998611508856,0.5,2.7700741080296427,0.6699973767677008,0.6028311487088971,2.910001650613123,1.0900041191816559,3.76000114903602,2.1499959738519987,1.257861771931906,1.1293424557002274,7.169972348028994,3.4499985932028676,8.99993787276342,9.020001904576535,9.019917679908211,1.43000118855353,0.48257657674458787,1.190004074426185,0.8999986967118038,1.3900017260331217,0.9600251596671182,0.8400099242323034,0.8200030416568734,0.8600323624595468,0.7299936125558901,0.42999852475068284
SWZ,3.479171600459315,3.530000098171073,3.370040515384896,3.505313245985728,3.360009733281062,3.7799981750159684,3.46550503302663,3.4711185091224497,3.4109919642146767,1.4892735079688177,0.7999976143805142,1.150018775816748,1.2642328914687735,3.039999164159144,3.669587050198212,3.7508305598883043,4.000001644144626,2.8300060614996476,3.1279113590760814,3.3499560246262092,3.30153463159531,3.1483757647473265,6.224128099836991,4.130020412853338,5.770085168177715,4.859859408795963,5.394951077839694,0,3.7910286208433783,5.886280076971867,1.150016425156039,5.859901121035177,8.999895713838773,8.99990875079843,8.840012251773954,8.999903947747574,9.000107353730542,8.6203719565902,9.000255502427272,9.000073000693506,8.923612412916954,8.849740004072041,8.980700999344393,9.000011442364215,8.999883201448302,0.22000063591656777,0.37001062376688415,0.48666333663109984,0.4500002213946981,0.35999368487527633,0.3300023345092343,0.7099890561907996,1.06,1.2154709662078935,0.510000638112322,0.5399991222710224,1.4899438459775383,0.6199781007366116,0.6925736189314275,2.3500054517303792,2.5700134853500063,2.650010622477162,1.809996397104582,1.317484416495748,1.0399543171228887,7.288494047861634,3.600062571696736,8.99990875079843,9.020001904576535,9.019917679908211,1.390990494678944,0.6564855227537063,0.9799975356306732,0.9437533994409837,1.090007035590383,0.9599990664892997,0.8848344744473904,0.7932226166995019,0.6727172039183894,0.6928298609768198,0.42999852475068284
TCD,3.47917415481,3.53000064893,3.43287719251,3.50045608151,3.37691610685,3.7930148924,3.55300915503,3.47109191558,3.41596706016,1.52687444708,0.800000920551,1.12759848853,1.2739386139,1.83066166735,2.96583827852,3.75083055989,3.99999923195,2.83189522846,3.21935168102,3.33738367145,3.36956794162,3.15421648769,5.88535608353,4.06722227379,5.76716094626,5.71930580655,5.39495107784,0,2.12100125745,5.8146873567,1.14944848068,5.53771824167,8.99342979578,9.00002157648,8.85283341014,8.95844771022,8.9830333243,8.62014020206,9.00002146244,8.89687781891,8.89145486035,8.84528650921,8.98070099934,9.0000081147,8.99999187796,0.220001109136,0.380988256388,0.432919056732,0.450316527927,0.346444296259,0.337287392202,0.679650285903,1.05600004641,1.30063804325,0.511939746126,0.531941210608,2.09495075247,0.615282129291,0.721381338108,2.34999242223,2.56999556551,2.7297962852,1.81000571262,1.4039786534,1.11154667326,7.24765069366,3.5218248006,8.99999004279,9.02000190458,9.01991767991,1.39951391386,0.690408258223,0.979989326224,0.893271813479,1.09000178911,0.965243694622,1.59336883902,0.801463730621,0.733835355365,0.695688611098,0.429998524751
TGO,3.47917415481,3.53000064893,3.43287719251,3.50045608151,3.37691610685,3.7930148924,3.55300915503,3.47109191558,3.41596706016,1.52687444708,0.800000920551,1.12759848853,1.2739386139,1.83066166735,2.96583827852,3.75083055989,3.99999923195,2.83189522846,3.21935168102,3.33738367145,3.36956794162,3.15421648769,5.88535608353,4.06722227379,5.76716094626,5.71930580655,5.39495107784,0,2.12100125745,5.8146873567,1.14944848068,5.53771824167,8.99342979578,9.00002157648,8.85283341014,8.95844771022,8.9830333243,8.62014020206,9.00002146244,8.89687781891,8.89145486035,8.84528650921,8.98070099934,9.0000081147,8.99999187796,0.220001109136,0.380988256388,0.432919056732,0.450316527927,0.346444296259,0.337287392202,0.679650285903,1.05600004641,1.30063804325,0.511939746126,0.531941210608,2.09495075247,0.615282129291,0.721381338108,2.34999242223,2.56999556551,2.7297962852,1.81000571262,1.4039786534,1.11154667326,7.24765069366,3.5218248006,8.99999004279,9.02000190458,9.01991767991,1.39951391386,0.690408258223,0.979989326224,0.893271813479,1.09000178911,0.965243694622,1.59336883902,0.801463730621,0.733835355365,0.695688611098,0.429998524751
THA,3.63697638083084,3.5400000195413583,3.4608337411701595,3.738070385690906,3.379980878807651,3.8899534629071995,3.46550503302663,3.4788629337349932,3.4357955109052067,1.460001276037032,0.76,1.0300188296639627,1.2642328914687735,1.005390040492344,3.9900129270544786,3.7508305598883043,3.8700007566729093,2.8299891486633126,2.850042584255992,3.0500470366886168,3.4099278124746535,4.216751250369221,3.736291264480511,3.78,5.670186416373354,5.719305806552664,5.394951077839694,0,3.540007504856083,6.309882288529975,1.150016425156039,5.250038995476524,8.840029726907554,8.840054372451291,8.839880895206994,8.939992920302984,8.84001898018031,8.619855826261519,8.840047079983071,8.619723159562014,8.83985765124555,8.840491543983454,8.839990266624953,9.000011442364215,8.932923104346283,0.18000036967893385,0.4,0.33889143817510403,0.4699984122325454,0.2999966487935657,0.32000508954416773,0.7099964676792652,0.8899991161206957,1.2154709662078935,0.520012306659581,0.5,2.6134813004481474,0.6700009864851534,0.6178033117071304,2.9100219458668617,1.089992817257119,3.7599906241154826,2.150001645270318,1.317484416495748,1.7456714130314848,7.169993321955925,3.4500492754681167,8.999905806998541,9.020001904576535,9.019917679908211,1.5981790411895165,0.6100005307869043,1.1400030424420668,0.9000095102234902,1.3900001238528135,0.9699992443134587,0.8500050694514854,0.8200072358900143,0.859993100275989,0.7300096202818177,0.42999852475068284
TJK,3.6369699984141404,3.5800083955319386,3.5400113880250537,3.7380704998385728,3.379980878807651,3.7953920660166665,3.46550503302663,3.4788629337349932,3.4208296171759938,1.4892735079688177,0.6999991630842021,1.052925469025267,1.2642328914687735,1.8330536911061983,3.669587050198212,3.7508305598883043,3.990001455899572,2.86004334435953,3.0399526487126365,3.3899791429654913,3.519970082273747,3.4297855560358186,6.175924402341271,3.9667282005133786,5.669951637923168,5.719305806552664,5.394951077839694,0,3.7910286208433783,6.310378391531818,1.1492801960984556,5.26152522846946,8.84,8.983315180687896,8.840036119956276,8.84001898018031,8.840021358768798,8.6203719565902,8.953060410890894,8.776562596611676,8.923612412916954,8.849740004072041,8.980700999344393,9.000011442364215,8.840025028678694,0.18000002122216316,0.3999995052694983,0.3128896181372006,0.47000102912421526,0.2900024422193113,0.35368334783063093,0.6606820499541809,1.0079924027019986,1.2154709662078935,0.5200063867156315,0.4876422213284205,2.6134813004481474,0.6699984366310167,0.5425663439676741,2.90999381343321,1.0899985384264872,3.760012402459821,2.149977470451631,1.4300154596265906,1.1812285041196096,7.1701663601761965,3.507603543418777,8.794234782968353,9.020001904576535,9.019917679908211,1.4299858223062383,0.5213164743977043,1.189997877909033,0.9,1.3900069143709743,0.9600087282537542,0.8848344744473904,0.7932226166995019,0.6727172039183894,0.6928298609768198,0.42999852475068284
TKM,3.57001509883,3.5799996094,3.52782587232,3.71097353234,3.3799731156,3.89005215518,3.51933647036,3.48350556508,3.48641920338,1.49779204461,0.699999834392,0.993565211222,1.26423289147,1.77820275888,3.6695870502,3.75083055989,3.98999934491,2.85999608093,3.03998974171,3.35640100651,3.43597300669,3.47894193021,6.08918753844,4.27027900909,5.66997487067,5.74714092938,5.39495107784,0,3.53998732207,6.1470348856,1.14999982232,5.29170481787,8.84583510842,8.96125153958,8.84000878194,8.90152300757,8.93813515312,8.6203271851,8.93566812429,8.69225294128,8.91075464324,8.84002998686,8.98070099934,8.9999771756,8.85427153325,0.179999868167,0.399999854169,0.313038303735,0.469999433501,0.290002105207,0.320000181675,0.70240583172,0.890001115712,1.21651719039,0.520000281517,0.499996707089,2.76997810977,0.670000713608,0.546311880148,2.91000405292,1.09000239301,3.75441060045,2.14999979122,1.33037325184,1.36917565681,7.17004297763,3.45444359097,8.99999999258,9.02000190458,9.01992137297,1.43219232606,0.504078758373,1.19000609281,0.900005648808,1.38999985269,0.96000601997,0.83999345879,0.813819047083,0.845604643475,0.698549410837,0.429998524751
TLS,3.58421569781,3.52333527495,3.46695405911,3.67602045773,3.3799437346,3.81512377613,3.46550503303,3.47886293373,3.64219542802,1.3699974035,0.763327041582,1.03764334571,1.23616051573,1.63072330733,3.88320589894,3.79053789972,3.91333196717,2.83998637669,3.08595962523,3.13907775555,3.35046537251,3.95624983583,4.80508920647,3.84666596288,5.69340252846,5.75953990808,5.39495107784,0,3.70735638191,6.16881688548,1.0364374388,5.26152522847,8.89338750482,8.88780494829,8.90107896828,8.92338556232,8.91721946422,8.62009592084,8.93107037179,8.72436791606,8.89574793534,8.89321102022,8.93383974745,8.99997721184,8.88993991076,0.190203336865,0.405871893766,0.307913154485,0.463331869433,0.305310854831,0.331231462888,0.650230953509,0.903333854229,1.21547096621,0.526683303266,0.480000593194,2.61348130045,0.593334095792,0.637791008961,2.35667126093,1.40333291366,3.82331513754,1.98999204659,1.33912861918,1.55181725495,7.77947323287,3.48840062418,8.78330892162,9.02000190458,9.01991767991,1.45961646653,0.610493259142,1.13666794369,0.964588984674,1.34000318806,1.02000239317,0.873224721068,0.8021442568,0.797595129865,0.705222219007,0.429998524751
TTO,3.6369689743050193,3.579997550079814,3.5399869809829356,3.738071017503642,3.3798909869573683,3.7953920660166665,3.46550503302663,3.4788629337349932,3.6700794621026893,1.599979883323275,0.7000007811665941,0.859987929993965,1.1799845087907308,0.9688530302027235,3.669587050198212,3.7508305598883043,3.990000635067373,2.860031036216204,3.039967150287435,3.390030242986756,3.520001802471639,3.6252666351205978,5.650589300474424,4.460058400250287,5.670018250060259,5.840068181150263,5.394951077839694,0,3.539998514447003,6.309919701516749,1.1500136873802353,5.26152522846946,8.840017274846524,8.840003930762427,8.839880895206994,8.939992920302984,8.840025028678694,8.619968809105087,8.953060410890894,8.620027632854224,8.839948900447121,8.839940330720157,8.980700999344393,8.999895713838773,8.932923104346283,0.1799997233327339,0.41761403814126336,0.3627214795197235,0.4700005854360244,0.2900044903457566,0.32000201565491987,0.7100021585980887,0.8899979807130812,1.2199960127591707,0.5199995719727775,0.5,2.769989771975212,0.6700032652877395,0.7519604794492938,2.9099990473209303,1.0900021906543316,3.7600134249689168,2.149999144743594,1.317484416495748,1.609269874426174,7.169888029858704,3.449912068221787,8.999989006035687,9.020001904576535,9.019917679908211,1.42999883544205,0.4739146531880302,1.1899875504583695,0.9000096052252426,1.3900028120286656,0.9600007885502503,0.8400273224043716,0.8199900455324719,0.860001459268177,0.6928298609768198,0.42999852475068284
TUN,3.6104064347438154,3.579995944438812,3.5400004982933453,3.551922246892591,3.379980878807651,3.7953920660166665,3.8154226829955835,3.5392051733311507,3.5290918542808014,1.4892735079688177,0.6999996784493542,1.052925469025267,1.2642328914687735,1.8330536911061983,3.669587050198212,3.7508305598883043,3.9899984367639543,2.8599781001916234,3.039920918561326,3.390085953137878,3.5200214707461086,3.475904816935442,5.789823597946944,4.459961719932342,5.670038585879654,5.719305806552664,5.394951077839694,0,3.539950865699579,6.309969377339232,1.1499843253168527,5.26152522846946,8.840011732159152,8.983315180687896,8.840008111122376,8.839776536312849,8.955965460416285,8.6203719565902,8.840003448820935,8.619989208747262,8.840033093245085,8.840044598321695,8.980700999344393,9.000054478099804,8.84015029522276,0.18000016995705007,0.3999986601505321,0.3422389003326037,0.4700011580532073,0.29000404694455684,0.31999817326574415,0.710000936241925,0.8899887391478079,1.2154709662078935,0.5200024144747764,0.5,2.770005639362752,0.6699980548270473,0.5718676099793731,2.910015051522519,1.0900032330534117,3.687415378265109,2.1500004199810165,1.342829388208239,1.1669900756787073,7.169824170381377,3.4500569096118374,8.99990875079843,9.020001904576535,9.019917679908211,1.4299973687167014,0.49219424248127214,1.1899911426040746,0.90000662427133,1.3899967977761576,0.960003967368395,0.8400062892375423,0.819991704686852,0.8599976489949454,0.6928298609768198,0.42999852475068284
TUR,3.4193666713726976,3.5799960958649315,3.540022630214987,3.6499998979877057,3.380023163584038,3.8900302429867555,3.46550503302663,3.4788629337349932,3.4357955109052067,1.4892735079688177,0.7000001875039844,1.052925469025267,1.2642328914687735,1.1199915721459424,3.669587050198212,3.7508305598883043,3.9899981209632953,2.8599324755908384,3.0399482684293724,3.389994574331656,3.5200114260323105,3.6392886733973673,5.707549587552333,4.459993017424699,5.6700966877645325,5.719305806552664,5.394951077839694,0,3.5399378054198136,6.309869646182495,1.150001114504157,5.340040555295586,8.840038064448848,8.983315180687896,8.839997933266657,8.939992920302984,8.83997443923361,8.62012851222387,8.839968796949035,8.6199547873593,8.839923524810985,8.839944706759445,8.980700999344393,9.000110607233713,8.84001898018031,0.17999988912849454,0.40000071907009854,0.2896227566057261,0.46999964736582267,0.29000215603535895,0.32,0.7100002616499647,0.8899920981207269,1.2154709662078935,0.5200001661545874,0.4999862368906383,2.7699469989972783,0.67000004237342,0.5151964586105894,2.910000996115151,1.090001724831829,3.687415378265109,2.1499963698845623,1.2667891200966208,1.1576260284281288,7.170027678924475,3.507603543418777,9.000011060601034,9.020001904576535,9.019917679908211,1.4300001839764243,0.5237056605215857,1.1899887654475096,0.8999847537734411,1.3899993979167922,0.9600087282537542,0.8400189801803116,0.8200202783666697,0.8600073050619041,0.7300069350658831,0.42999852475068284
TZA,3.479167769757085,3.529999409206047,3.4608337411701595,3.505316638705894,3.379980878807651,3.7953920660166665,3.5603080515514844,3.4711047885937982,3.412770293807224,1.5300000670130496,0.8000014762399185,1.1500001682710375,1.2799981136969183,3.0409576590986034,0.6200085263606651,4.000060834651417,3.999996331661794,2.8300096227228986,3.260084137589705,3.349998339537425,3.3898530046122706,3.117125215703642,5.854879035456492,4.1299388630349485,5.770009959708452,4.8600075103266995,5.394951077839694,0,1.6199891548843188,5.886280076971867,1.1492801960984556,5.860017380840966,8.999905806998541,8.999902666926221,8.840016450750564,8.939992920302984,9,8.620033371571592,8.999987710458399,9,8.839964163652652,8.849740004072041,8.980700999344393,8.99978100591284,9.000182503954253,0.2200017721593762,0.36999547518895276,0.38805319533918375,0.4500019968848596,0.3600033653037187,0.3299910474485228,0.7099985641123822,1.0599999279150263,1.4000039131668283,0.5099940132481026,0.5400026712969146,1.4900297960119182,0.6199948899514546,0.49921026213919983,2.3500039737054235,2.5699851863106318,2.6500657961332115,1.8099879898332543,1.5002387233401218,1.0400050067103828,7.2000160140924025,3.6000292002774024,9.000045625294664,9.020001904576535,9.019917679908211,1.4129227658109738,0.6564096231030471,0.9799905120124699,0.850002572854668,1.0899973951549882,0.960017853600476,2.4199922133540976,0.8199867271319544,1.0700028212723938,0.6928298609768198,0.42999852475068284
UGA,3.47917415481,3.53000064893,3.43287719251,3.50045608151,3.37691610685,3.7930148924,3.55300915503,3.47109191558,3.41596706016,1.52687444708,0.800000920551,1.12759848853,1.2739386139,1.83066166735,2.96583827852,3.75083055989,3.99999923195,2.83189522846,3.21935168102,3.33738367145,3.36956794162,3.15421648769,5.88535608353,4.06722227379,5.76716094626,5.71930580655,5.39495107784,0,2.12100125745,5.8146873567,1.14944848068,5.53771824167,8.99342979578,9.00002157648,8.85283341014,8.95844771022,8.9830333243,8.62014020206,9.00002146244,8.89687781891,8.89145486035,8.84528650921,8.98070099934,9.0000081147,8.99999187796,0.220001109136,0.380988256388,0.432919056732,0.450316527927,0.346444296259,0.337287392202,0.679650285903,1.05600004641,1.30063804325,0.511939746126,0.531941210608,2.09495075247,0.615282129291,0.721381338108,2.34999242223,2.56999556551,2.7297962852,1.81000571262,1.4039786534,1.11154667326,7.24765069366,3.5218248006,8.99999004279,9.02000190458,9.01991767991,1.39951391386,0.690408258223,0.979989326224,0.893271813479,1.09000178911,0.965243694622,1.59336883902,0.801463730621,0.733835355365,0.695688611098,0.429998524751
UKR,3.636970155615285,3.5800036806805173,3.539982288600082,3.738075370171493,3.380003891415106,3.8899928060277915,3.8153897552768794,3.4788629337349932,3.4299977812291993,1.4892735079688177,0.6999997562488226,1.052925469025267,1.2642328914687735,1.8330536911061983,3.669587050198212,3.7508305598883043,3.9900002203901583,2.8600082641782305,3.0400398186041366,3.3172127032121486,3.5199788685044666,3.6212869475467957,6.360837493900034,4.459977369785013,5.669971391930551,5.719305806552664,5.394951077839694,0,3.5400093589143657,5.886280076971867,1.1499634998435708,5.26152522846946,8.839800047607714,8.84001898018031,8.839985247407961,8.839755738050115,8.955965460416285,8.6203719565902,8.953060410890894,8.776562596611676,8.923612412916954,8.839727471814422,8.980700999344393,9.000255502427272,8.84005292534181,0.17999991153534828,0.3999996897050336,0.3225813588113867,0.4699999999999999,0.2900050934451279,0.32001180637544274,0.7099686028257457,0.8900010580890911,1.2154709662078935,0.5200011013064247,0.5,2.769997707999083,0.6699981418066948,0.5165525355655162,2.909998099942998,1.0899646521251833,3.7599997382267483,2.1500000000000004,1.3465312206045537,1.4763013733960029,7.170062512001024,3.4500492754681167,9.000038968124075,9.020001904576535,9.019917679908211,1.4403271669874638,0.4863182340696554,1.1899911426040743,0.8999592999592999,1.3900064892926671,0.9599955918007494,0.8399769942043092,0.8199900455324719,0.860021551724138,0.7300069350658831,0.42999852475068284
URY,3.4761929970228773,3.500999471586988,3.520001946661475,3.408856564028109,3.379980878807651,3.3800049647411443,3.46550503302663,3.4788629337349932,3.66992937726087,1.3339808554960575,0.8782003874997708,1.1359994183087327,1.2642328914687735,3.5700059749053974,3.669587050198212,3.7508305598883043,3.972002069535359,2.830002102880947,3.0400849482346697,3.2739329984460266,3.109813327771405,3.2687315624363147,6.034692115080364,3.6262364492462678,5.998624629707998,5.719305806552664,5.394951077839694,0,3.5400140812015963,6.309981506715983,1.1499918526967574,5.26152522846946,9.000009147875407,9.000255502427274,9.000052518250092,8.939992920302984,8.955965460416285,8.6203719565902,8.953060410890894,8.776562596611676,8.923612412916954,8.99990641085634,8.980700999344393,9.00018559762435,8.99998037638101,0.18000048110461622,0.39499888367939273,0.3055080464466474,0.41939913610787977,0.2622002729222172,0.28240003443377953,0.7100021585980887,0.9976040393645075,1.2154709662078935,0.582699802261514,0.45480194885628566,2.7699342210813414,0.6907013587311055,0.5709838759269035,1.3010005757820626,1.5160024273566244,1.578002543654613,1.7260024198221746,1.2881701755287855,1.3473317223262598,7.470059327620303,2.498018562936698,8.99094525035096,9.020001904576535,9.019917679908211,1.5515674169314035,0.5710736726321912,1.174012578292799,0.895211346720966,1.056009445100354,0.8689994445766881,0.8389955189182511,0.754995311260189,0.8467318210346992,0.6928298609768198,0.42999852475068284
USA,3.6369696116284875,3.5799919866313554,3.539903137502632,3.7380588373175105,3.3800170332418586,3.8900098009395383,3.46550503302663,3.539124410520686,3.429951690821256,1.6000144843568944,0.7000000874984798,0.8600015694891312,1.1799907400262364,3.3604352452312827,3.669587050198212,3.7508305598883043,3.9900013385728905,2.8600008166103494,3.0400311153662036,3.389992823736111,3.5200204401941817,3.6267623058734486,5.840340958406486,4.45998722511178,5.670024216474221,5.840012773431263,5.394951077839694,0,3.5398713199454086,6.310179946709494,1.1499964904892257,5.340196537201685,8.840004839434478,8.840033093245085,8.839769326228193,8.839998404372022,8.839858979676482,8.619607270603694,8.953060410890894,8.619968809105085,8.923612412916954,8.840150763737354,8.980700999344393,9.000029317345607,8.839880895206994,0.18000021216557402,0.40000079520649523,0.3346741268245551,0.46999980985734113,0.29000286861732644,0.31999458351065885,0.7099964676792653,0.89000047614261,1.2199804113614103,0.5199989816570985,0.4999943468970118,2.769997707999083,0.6700026655681296,0.5631663585924706,2.909998279424876,1.0899928172571192,3.7599955639165685,2.1499999440732775,1.213799523972633,1.3589493552616292,7.1700346370076415,3.507603543418777,8.999987627131226,9.020001904576535,9.019917679908211,1.4299983543544956,0.4750941996728462,1.1899918790363122,0.899993219879314,1.3900111280861578,0.9600079349335449,0.840005830337188,0.8200079004542762,0.8600043308791685,0.6928298609768198,0.42999852475068284
UZB,3.6369706352471582,3.5800041870329413,3.53998909197701,3.7380535424019548,3.379980878807651,3.8900717848886726,3.46550503302663,3.4788629337349932,3.658249752789942,1.4892735079688177,0.6999996406374374,1.052925469025267,1.2642328914687735,1.8330536911061983,3.669587050198212,3.7508305598883043,3.9900068868027114,2.8547632417420927,3.0400408803883634,3.3172127032121486,3.30153463159531,3.4823519368304665,6.038030473811216,3.9667282005133786,5.7327713201847965,5.719305806552664,5.394951077839694,0,3.7910286208433783,6.3099128992119455,1.150016425156039,5.26152522846946,8.839990266624953,8.983315180687896,8.840004839783017,8.83985765124555,8.839988885173481,8.6203719565902,8.953060410890894,8.619921889257949,8.923612412916954,8.849740004072041,8.980700999344393,9.000101389029707,8.840061318344405,0.18000020121258017,0.39999999999999997,0.32391476034425487,0.4699884772513007,0.28999531096807196,0.3199958679108846,0.7099686028257457,1.0079924027019986,1.2154709662078935,0.5199864819195674,0.5,2.6134813004481474,0.6699997191247928,0.5228683439888571,2.9099976500691924,1.0899954679356447,3.760038240917782,2.1499735029146794,1.3778957081506615,1.1423669271338222,7.170022371364654,3.507603543418777,9.000071569153695,9.020001904576535,9.019917679908211,1.4407114915590522,0.477463877493623,1.1900060312283602,0.9437533994409837,1.3900132567388424,0.96000952154249,0.8848344744473904,0.7932226166995019,0.6727172039183894,0.6928298609768198,0.42999852475068284
VCT,3.6369695854087123,3.579999258883422,3.4608337411701595,3.738066825775656,3.379980878807651,3.8900686863324148,3.46550503302663,3.4788629337349932,3.4357955109052067,1.6000147297098248,0.6999994143587521,0.8600011047214567,1.1800017272861867,0.6699992686833706,3.669587050198212,3.7508305598883043,3.990001371049455,2.8599734546833524,3.1279113590760814,3.389907838306415,3.5198919629170016,3.4641550578493305,5.170775011551966,4.4598882681564245,5.669892199303964,5.719305806552664,5.394951077839694,0,3.5399720108457973,5.886280076971867,1.1492801960984556,5.26152522846946,8.84000513568291,8.839769326228193,8.873407108741311,8.939992920302984,8.955965460416285,8.6203719565902,8.953060410890894,8.620052560324918,8.923612412916954,8.840077171759306,8.980700999344393,9.000011060601034,8.83995855913293,0.1799978889592569,0.4,0.30404712376004506,0.470000127711286,0.289998734864891,0.32000313038034117,0.7099741552598833,0.8900012202899686,1.2200023179389783,0.5200005993437187,0.4999948138697866,2.6134813004481474,0.6700102741577895,0.7376103123366717,2.910004705077206,1.0900122871686853,3.759994938737637,2.1499998836217835,1.317484416495748,1.2914958596709587,7.288494047861634,3.4500048026126215,9.000024333268446,9.020001904576535,9.019917679908211,1.4299945173988255,0.515181194906954,1.1899934518468218,0.9000613120784794,1.3899958628784743,0.960001622652225,0.8399935110582383,0.8199997787879792,0.8599635796045786,0.6928298609768198,0.42999852475068284
VEN,3.47619240205991,3.5009981211035415,3.5200754349677577,3.4088543746629267,3.379980878807651,3.3799719232569023,3.46550503302663,3.4788629337349932,3.6699565588818,1.3339998512492204,0.8782014379366749,1.1360056487969148,0.903602132985091,0.8836970958262307,3.669587050198212,3.989982303122235,3.972001219561614,2.8300286631383456,3.0400583994890042,3.273887375741404,3.109741260442858,3.1913759136176187,6.042987326729639,3.6262364492462678,5.998722511178027,4.746451370634623,5.394951077839694,0,3.539927649694941,5.886280076971867,1.1500182503954253,5.26152522846946,9,9.000024333268444,8.999839563613028,8.999918890420957,8.99990875079843,8.6203719565902,8.98202370225046,9.000156429241839,8.840018980180313,9.000066363606196,8.980700999344393,8.99994413303786,8.932923104346283,0.17999890249134465,0.39499997842214063,0.2497711938074288,0.41939990071462385,0.26220029027576197,0.28240107940046344,0.6606820499541809,0.9976,0.896099392496757,0.5826878105817013,0.45480025048485845,2.6134813004481474,0.6906847353054592,0.45830071497834607,1.3009995978629287,1.5160598951545166,1.5780013856887356,1.725998815369624,1.2015395881860724,1.3508986351439571,7.470038482682792,2.497926137306301,8.991013442078236,9.020001904576535,9.019917679908211,1.5462517709448582,0.5715407454716632,1.1740103403040358,0.8952254641909815,1.0559990482422223,0.8689914387137189,0.8389927628377212,0.7550049773255171,0.8466974721391682,0.6928298609768198,0.42999852475068284
VNM,3.58421569781,3.52333527495,3.46695405911,3.67602045773,3.3799437346,3.81512377613,3.46550503303,3.47886293373,3.64219542802,1.3699974035,0.763327041582,1.03764334571,1.23616051573,1.63072330733,3.88320589894,3.79053789972,3.91333196717,2.83998637669,3.08595962523,3.13907775555,3.35046537251,3.95624983583,4.80508920647,3.84666596288,5.69340252846,5.75953990808,5.39495107784,0,3.70735638191,6.16881688548,1.0364374388,5.26152522847,8.89338750482,8.88780494829,8.90107896828,8.92338556232,8.91721946422,8.62009592084,8.93107037179,8.72436791606,8.89574793534,8.89321102022,8.93383974745,8.99997721184,8.88993991076,0.190203336865,0.405871893766,0.307913154485,0.463331869433,0.305310854831,0.331231462888,0.650230953509,0.903333854229,1.21547096621,0.526683303266,0.480000593194,2.61348130045,0.593334095792,0.637791008961,2.35667126093,1.40333291366,3.82331513754,1.98999204659,1.33912861918,1.55181725495,7.77947323287,3.48840062418,8.78330892162,9.02000190458,9.01991767991,1.45961646653,0.610493259142,1.13666794369,0.964588984674,1.34000318806,1.02000239317,0.873224721068,0.8021442568,0.797595129865,0.705222219007,0.429998524751
VUT,3.58421569781,3.52333527495,3.46695405911,3.67602045773,3.3799437346,3.81512377613,3.46550503303,3.47886293373,3.64219542802,1.3699974035,0.763327041582,1.03764334571,1.23616051573,1.63072330733,3.88320589894,3.79053789972,3.91333196717,2.83998637669,3.08595962523,3.13907775555,3.35046537251,3.95624983583,4.80508920647,3.84666596288,5.69340252846,5.75953990808,5.39495107784,0,3.70735638191,6.16881688548,1.0364374388,5.26152522847,8.89338750482,8.88780494829,8.90107896828,8.92338556232,8.91721946422,8.62009592084,8.93107037179,8.72436791606,8.89574793534,8.89321102022,8.93383974745,8.99997721184,8.88993991076,0.190203336865,0.405871893766,0.307913154485,0.463331869433,0.305310854831,0.331231462888,0.650230953509,0.903333854229,1.21547096621,0.526683303266,0.480000593194,2.61348130045,0.593334095792,0.637791008961,2.35667126093,1.40333291366,3.82331513754,1.98999204659,1.33912861918,1.55181725495,7.77947323287,3.48840062418,8.78330892162,9.02000190458,9.01991767991,1.45961646653,0.610493259142,1.13666794369,0.964588984674,1.34000318806,1.02000239317,0.873224721068,0.8021442568,0.797595129865,0.705222219007,0.429998524751
WSM,3.60532530956,3.5380000894,3.48031122371,3.69348174761,3.38001582977,3.86403944392,3.59582615754,3.49776975476,3.49337067934,1.43400295947,0.750000784876,0.994002951791,1.24738564742,1.29129441682,3.83787073076,3.77464834091,3.9199978576,2.84198191039,2.97399173519,3.16598831758,3.41798206075,3.67083897576,4.24498800076,3.95601371847,5.68401891059,5.71930580655,5.39495107784,0,3.31398392335,6.16603516262,1.14971353849,5.27259795994,8.87199942375,8.87003076152,8.87662095506,8.90998380125,8.9162993158,8.6198713286,8.89461598191,8.69397903863,8.88471832354,8.871983628,8.94444675769,8.99998653053,8.9071651873,0.183999967349,0.400000769248,0.39666753111,0.466000187746,0.317185820666,0.335998563669,0.67413354715,0.897997612101,1.21547096621,0.524002356749,0.487999114412,2.73868029872,0.624001052751,0.607367747269,2.57800308471,1.27799899424,3.79799831691,2.05400158226,1.31336978901,1.4432949224,7.51206145847,4.51797730963,8.86996887256,9.02000190458,9.01992728186,1.49567344779,0.625698819995,1.14800469866,0.930002302391,1.35999763582,0.997997476202,0.85800082727,0.811996364403,0.812006385132,0.710568412506,0.429998486429
YEM,3.41936657461002,3.580002594903707,3.4608337411701595,3.6500007911851426,3.379980878807651,3.8900379598987738,3.7834768691410723,3.315454654420023,3.5823017174953296,1.4892735079688177,0.7000004514530015,0.8599817499746527,1.2642328914687735,1.8330536911061983,3.669587050198212,3.7508305598883043,3.990000146586337,2.8600013153135375,3.039984072734512,3.3899775617053103,3.5199780999418278,3.6598972132484278,5.775920280318428,3.9667282005133786,5.670080097333468,5.719305806552664,5.394951077839694,0,3.540009358914366,6.309898322760058,1.1499379516753048,5.339962564342536,8.83985765124555,8.84001898018031,8.840128032345014,8.840033093245085,8.840018980180313,8.619921889257949,8.839982469567039,8.619607270603694,8.840008111122376,8.839948900447121,8.980700999344393,8.999927001970947,8.839844376704637,0.18000012587641454,0.39999999999999997,0.3628589320836393,0.47000487188591533,0.2900012537612839,0.32001549586776856,0.7099964676792653,0.8899955821518937,1.2154709662078935,0.5200007913270555,0.5000071568641484,2.77001325860974,0.6700002954471592,0.6356581065456001,2.9099966611018364,1.090000500976905,3.760110135949062,2.1500026048148557,1.3600049220925046,1.148991280575541,7.288494047861634,3.449886853054968,8.999913096376117,9.020001904576535,9.019917679908211,1.4300095674236675,0.6598585600927417,1.1900133692676613,0.8999415351206881,1.3900277008310251,1.028157936683152,0.8399844267081955,0.7932226166995019,0.6727172039183894,0.6928298609768198,0.42999852475068284
ZAF,3.4791725597972865,3.530001045295424,3.369969887763482,3.505315014386374,3.360080301739871,3.7799472295514507,3.5602911194888325,3.4710516182856654,3.411174305787889,1.4892735079688177,0.7999994122383727,1.1499637903180882,1.2642328914687735,1.8330536911061983,3.669587050198212,3.7508305598883043,3.9999988925974566,2.829990684941923,3.2600681348095875,3.350001659090155,3.390006122545095,3.4442796244807563,5.919289381057674,4.130006304542589,5.769883711060182,5.719305806552664,5.394951077839694,0,1.620041860227679,5.886280076971867,1.1500136873802353,5.26152522846946,8.99999289883683,8.999902666926221,8.840015981472328,8.939992920302984,9.000156429241839,8.61993868016352,9.000114064104025,9.000024333268444,8.84001898018031,8.839964163652652,8.980700999344393,8.999975666731554,8.99990875079843,0.22000014191039777,0.36999966574685156,0.5668334728782508,0.4500007622222335,0.3600108545490428,0.33000754386391845,0.7100058870985325,1.0599959263422325,1.2154709662078935,0.5100014466894923,0.5400106593573931,1.4899727258142148,0.6200043582479843,0.6148983423737764,2.3500022366179087,2.5700173430454387,2.650007665184731,1.809999272515641,1.4920805314753303,1.0841018991160172,7.19996793244435,3.599927001378863,9.000042115311723,9.020001904576535,9.019917679908211,1.3899993780004412,0.6500001374653588,0.979967744673627,0.8499866595517609,1.0899994620474474,0.9600095215424899,2.4200065935101023,0.8200030416568734,1.070002821272394,0.6928298609768198,0.42999852475068284
ZMB,3.47917392032,3.53000093865,3.40892869221,3.49765763184,3.37712997852,3.7843676649,3.53999221084,3.47276438403,3.42138540168,1.52418175239,0.800000388989,1.15000216965,1.27437097654,2.05172385082,2.14479224944,3.80421272516,4.00000078539,2.8300046016,3.19393928608,3.3453174818,3.36470438063,3.17688406958,5.68328720112,4.0950160794,5.77000256502,5.53515214407,5.39495107784,0,2.0852074716,5.81983674694,1.14958879215,5.7317352373,8.99995607413,8.99759776131,8.84715536622,8.95288121971,8.98740581431,8.6200331084,9.00000701228,8.92018160414,8.90569662708,8.84137303496,8.98070099934,9.0000140962,8.99998228616,0.220000380686,0.373400167127,0.412717387322,0.450000458169,0.341118792336,0.333382700146,0.695910453952,1.05628832787,1.30774036586,0.509997626301,0.540000466892,1.81098447601,0.619996995782,0.739101637194,2.35000203088,2.5700072675,2.7241184321,1.80999603662,1.41561489327,1.17883421242,7.2379441253,3.58681755918,8.99994936889,9.02000190458,9.01991767991,1.40055925482,0.690722046223,0.979999655425,0.856695439527,1.09000387812,0.960004650554,2.20068390662,0.806607287391,0.842983314627,0.692829860977,0.429998524751
ZWE,3.4791720943696633,3.5300064511747933,3.3700073000312862,3.5053144860640413,3.379980878807651,3.7799759097711427,3.560298516367147,3.47109199971092,3.410689466921571,1.5299989932767213,0.7999999999999999,1.1500217265353416,1.2642328914687735,3.039932452567796,3.669587050198212,3.7508305598883043,3.999998513238864,2.8300544419698093,3.1279113590760814,3.3499855377876946,3.3900209078989336,3.2147658284794933,5.005270797611205,4.130064484730503,5.770014806652663,4.85989922575888,5.394951077839694,0,1.6199199831543483,5.886280076971867,1.1492801960984556,5.26152522846946,9.00003910731046,8.999951973873788,8.83996117619718,8.939992920302984,8.999927000638746,8.619855826261519,8.999910976586843,8.776562596611676,8.923612412916954,8.84001898018031,8.980700999344393,8.99996826102136,9.000052898857385,0.2199979948534572,0.369995905943502,0.5785616171202244,0.45000104563864124,0.35999669348616775,0.33000138404047547,0.6606820499541809,1.0600003580507718,1.2154709662078935,0.5099969528631367,0.54000421911258,2.6134813004481474,0.6199971309711664,0.54546226205758,2.3500067231410515,2.570044951109875,2.649995917367519,1.81000584835558,1.4874734116920387,1.0826828529962966,7.200159251517866,3.6000292002774024,8.999909317615053,9.020001904576535,9.019917679908211,1.390011890606421,0.6501531760200162,0.9800249201775563,0.8499951973873786,1.090082489688789,0.9599947100443034,0.8848344744473904,0.7932226166995019,1.0699851883199323,0.6928298609768198,0.42999852475068284
