ISO3,wheat,rice,barley,maize,rye,oats,millet,sorghum,othr_grains,cassava,potato,sweet_potato,yams,othr_roots,sugar_cane,sugar_non,raw_sugar,sweeteners,honey,beans,peas,othr_pulse,nuts,soyabeans,groundnut,seed_sunflower,seed_rape,seed_cotton,coconuts,seed_sesame,preserved_olives,seed_oilcrop,oil_soyabeans,oil_groundnut,oil_sunflower,oil_rape,oil_cotton,oil_palmkernel,oil_palm,oil_coconut,oil_sesame,oil_olive,oil_ricebran,oil_maize,oil_oilcrop,tomato,onion,othr_vegetables,orange,lemon,grapefruit,citrus,banana,plantains,apple,pineapple,dates,grapes,othr_fruits,beef,lamb,pork,poultry,othr_meat,offals,butter,cream,fat_ani,oil_fish_body,oil_fish_liver,eggs,milk,fish_freshw,fish_demrs,fish_pelag,fish_marine,crustaceans,cephalopods,othr_molluscs,fish_aquatic,fish_aquaticplant
AGO,0.0018206375501303273,0.0017999979917460765,0.005867366772837565,0.001895461272816971,0.0036700093647380225,0.00626017447165748,0.005268756762090707,0.0015743346963943746,0.0078833643255790415,9.999910143455972e-4,8.9e-4,0.0012999726124730937,0.0015760078481816971,0.0014776000911691453,8.190384930964528e-5,8.067936169524056e-5,1.0000027057082327e-4,5.300215352045844e-4,3.99993596516505e-4,0.004747020508580532,0.008915359682685213,0.010521300181112024,0.021315894328819418,0.01502667290594291,0.00859996741078703,0.017999888082922338,0.009837625849077143,0,0.0042000510497096554,0.04081905781584583,0.002260504685136855,0.014036702981162066,0,0,0,0,0,0,0,0,0,0,0,0,0,0.0014566699307020188,4.4000585803282755e-4,7.52108448177948e-4,5.100058048944426e-4,4.424288306043768e-4,4.7274964267277606e-4,9.50009885981678e-4,7.999999999999999e-4,8.036945617408554e-4,3.0000000000000003e-4,0.0019549830054943164,0.0034189603580440228,0.0011899637091728195,0.001177886330189786,9.000072432275821e-4,0.0015999914973216563,9.999782723631703e-4,5.000112818430019e-4,0.0013999834478192503,0.0037021962497327536,1.409407472916206e-4,6.046746670661546e-5,0,0,0,6.787011337441783e-4,1.0082908826787693e-4,6.000086617583369e-4,3.000073773515308e-4,6.999958812142179e-4,3.9000590202636237e-4,0.006690148556411285,0.005870126278919716,0.001959997437394406,0.0024999978991527157,0.0012999812365546042
ALB,0.001473593484642493,0.00171,0.004979925175654713,0.0016252433915411209,0.003670026149487906,0.00626017447165748,0.0074496329672726815,0.0015743346963943746,0.0078833643255790415,0.0010000041713195927,0.00115999633824701,0.001510019992383854,0.0015760078481816971,0.0014776000911691453,8.190384930964528e-5,8.067936169524056e-5,7.000076957750195e-5,5.29997562974943e-4,3.6000793493354494e-4,0.008410333484138608,0.008915359682685213,0.009556809012330322,0.008437344447561739,0.01658028251268387,0.01143993117113359,0.017999888082922338,0.009837625849077143,0,0.004350023397285915,0.019158824915328884,0.0022600872141668883,0.014036702981162066,0,0,0,0,0,0,0,0,0,0,0,0,0,5.89997338952698e-4,3.900014140202546e-4,7.640274885925955e-4,4.2998495606527855e-4,6.5e-4,4.699943084803643e-4,9.499963660149722e-4,7.800008250484716e-4,8.036945617408554e-4,2.699912911949397e-4,0.0010999928431699988,0.003619984876546592,0.0011900054041023911,7.254962959947614e-4,6.900229772717661e-4,0.0025600122862427465,5.499988087012462e-4,7.699964816833e-4,0.0016272856115796882,0.001855884812639173,1.6000211946730719e-4,5.999999999999999e-5,0,0,0,7.199988477142657e-4,2.799602388810282e-4,7.200039686039334e-4,3.0999732312973375e-4,6.399981394050749e-4,3.700141068594604e-4,0.006689825303327795,0.005870008149959251,0.0019600349132458737,0.0024999978991527157,0.0012999812365546042
ARE,0.0038853569121321324,0.0017099706139675212,0.005867366772837565,0.00314,0.0036700093647380225,0.006259997265157376,0.0074496329672726815,0.0015743346963943746,0.0078833643255790415,0.001,0.0011600012513015771,0.0015100122128257714,0.0015760078481816971,0.0012100192678227359,8.190384930964528e-5,8.067936169524056e-5,7.000040319756894e-5,5.300029199922134e-4,3.600059727245578e-4,0.008409979862133064,0.00815,0.0072969784012453,0.017243867925434204,0.016579609051829022,0.011439960481359002,0.017999888082922338,0.009837625849077143,0,0.004349987244799357,0.014000162223544044,0.0022600537909836065,0.014036702981162066,0,0,0,0,0,0,0,0,0,0,0,0,0,5.8999898547784e-4,3.900006514940931e-4,0.0011049710274510446,4.3000049006395333e-4,6.50000531784776e-4,4.700031303803412e-4,9.500032706102959e-4,7.800014623395343e-4,8.036945617408554e-4,2.699989861097029e-4,0.0010999999999999998,0.003619971350125343,0.0011900142392019385,0.0010331880215459109,6.899958830794565e-4,0.0025600122755869265,5.562015159349078e-4,7.699993280728251e-4,0.002257237396520101,0.001957789066721028,1.600059612518629e-4,6.000091249201569e-5,0,0,0,7.154266300577306e-4,4.008070226324635e-4,7.199927758714105e-4,3.0999735160938175e-4,6.400041071978643e-4,3.7000964620219687e-4,0.006689890962853447,0.005869925893153412,0.0019600460528362944,0.0024999978991527157,0.0012999812365546042
ARG,0.001473600570986779,0.0017099821005453959,0.005867366772837565,0.0016252475768145408,0.0036700093647380225,0.0062600007373815585,0.0074496329672726815,0.0015743346963943746,0.0078833643255790415,0.001,0.0011600015032184983,0.001510003514047549,0.0015760078481816971,0.0014776000911691453,8.190384930964528e-5,8.067936169524056e-5,9.000214290816448e-5,5.299981719578331e-4,3.599963500319372e-4,0.0084103905584621,0.008915359682685213,0.008053346543386486,0.015011838898514186,0.016222898493544795,0.010753273947099462,0.017999888082922338,0.009837625849077143,0,0.004349952839500756,0.014000145999610667,0.0022600284702704674,0.014036702981162066,0,0,0,0,0,0,0,0,0,0,0,0,0,5.900074033631411e-4,3.899990201029645e-4,8.25822370266578e-4,4.3000171919252244e-4,3.7000010149502164e-4,4.6999590514834534e-4,9.499940538117015e-4,7.799866119400356e-4,8.036945617408554e-4,2.7000014422314206e-4,0.001099978090995399,0.0034189603580440228,0.001190001510345869,7.628322734679169e-4,6.899986056610163e-4,0.0010400014829094685,5.500006345258187e-4,7.700035553178095e-4,0.0014087106995382018,0.002479473745030401,1.5999999999999999e-4,6.000121669302835e-5,0,0,0,7.200076543910469e-4,2.49997413193051e-4,7.200024252713272e-4,3.100004595799439e-4,6.399805919456575e-4,3.799989420228523e-4,0.005700247079964061,0.0058699018387944136,0.001960073052459223,0.0024999978991527157,0.0012999812365546042
ARM,0.0038854314161463166,0.001709956200254321,0.005867366772837565,0.0031399649600934395,0.003669951637923168,0.0062600375430180415,0.0074496329672726815,0.0015743346963943746,0.008099785885176845,0.0010000041713195927,0.0011600041409053163,0.0014044272264436331,0.0015760078481816971,0.0014776000911691453,8.190384930964528e-5,8.067936169524056e-5,7.000013144045597e-5,5.300133713996602e-4,3.6000217912399217e-4,0.008361515780327705,0.008915359682685213,0.010521300181112024,0.01461216026065471,0.016222898493544795,0.011440066362505184,0.017999888082922338,0.009837625849077143,0,0.004349945406332865,0.014000145999610667,0.0022600287789983505,0.014036702981162066,0,0,0,0,0,0,0,0,0,0,0,0,0,5.900172188219017e-4,3.9001017438421317e-4,8.442802848680534e-4,4.3000029389002635e-4,6.500106570043161e-4,4.7000616187611004e-4,9.500103284445363e-4,7.799990801355267e-4,8.036945617408554e-4,2.700056952109559e-4,0.0011000027526218723,0.0036198943779664414,0.001190007604612377,7.720384695944969e-4,6.89993436945806e-4,0.0025600130997216306,5.500004378705479e-4,7.700078926598264e-4,0.0016272856115796882,0.0020413950773421536,1.6000203396725313e-4,5.999926999306493e-5,0,0,0,7.188783345575204e-4,2.651781096765577e-4,7.19986340797112e-4,3.099990394774758e-4,6.400261543104315e-4,3.6999927865541366e-4,0.00669002671805878,0.005869930180803855,0.0019600349132458737,0.0024999978991527157,0.0012999812365546042
ATG,0.0014735908085085772,0.0017099852828146701,0.005867366772837565,0.0016252369731223754,0.0036700093647380225,0.006259982362451619,0.0074496329672726815,0.0015743346963943746,0.0078833643255790415,0.001,0.0011600078918812273,0.0015100055141500203,0.001779984448908184,0.0014776000911691453,8.190384930964528e-5,8.067936169524056e-5,8.999989140939743e-5,5.299977959003747e-4,3.599949070537306e-4,0.008410077084077799,0.008150126957257723,0.010521300181112024,0.014517331534700159,0.016579951554567474,0.011439856177816518,0.017999888082922338,0.009837625849077143,0,0.004349976602714085,0.019158824915328884,0.0022599627560521414,0.014036702981162066,0,0,0,0,0,0,0,0,0,0,0,0,0,5.90005585925977e-4,3.899971840162554e-4,9.113066469145553e-4,4.3000091582748995e-4,3.6999599794179867e-4,4.70002283867114e-4,9.499963660149721e-4,7.800050920818128e-4,8.09995320542817e-4,2.7000112112541495e-4,0.0011000292117013728,0.003619986247994499,0.0011899923983734932,8.604224210920236e-4,6.900248451623065e-4,0.0010399989730687273,5.499883263673028e-4,7.700042000229092e-4,0.0016272856115796882,0.0018313999799752154,1.5945781708254732e-4,5.999939167198953e-5,0,0,0,7.11590398908922e-4,2.4910335158399524e-4,7.199963782878355e-4,3.099936558816655e-4,6.399981708551906e-4,3.7999905282237403e-4,0.00569988137603796,0.00586994915707787,0.0019599890107145535,0.0024999978991527157,0.0012999812365546042
AUS,0.0014735572687733396,0.0017100132666186285,0.005867366772837565,0.0016252658188929978,0.003670050568419452,0.006259861062051101,0.0074496329672726815,0.0015743346963943746,0.0078833643255790415,0.001,0.0011600312500611883,0.0015099803561244532,0.0015760078481816971,0.001393036543474133,8.190384930964528e-5,8.067936169524056e-5,7.000023643736183e-5,5.299948087068851e-4,3.5999423686485454e-4,0.008409830580649084,0.00815004638571624,0.009451866925047661,0.014074430083140757,0.016580139559849705,0.011440117321166695,0.017999888082922338,0.009837625849077143,0,0.004349917135150944,0.019158824915328884,0.0022600335487077535,0.014036702981162066,0,0,0,0,0,0,0,0,0,0,0,0,0,5.899943033919831e-4,3.9000116497744935e-4,0.0012232393022932463,4.3000112581251075e-4,6.5e-4,4.700079198374711e-4,9.499607535321821e-4,7.799925366303589e-4,8.036945617408554e-4,2.7000530552928425e-4,0.001100004508261389,0.00362000525580559,0.001190000925350642,9.344510230430267e-4,6.899927644773923e-4,0.0025600026456557507,5.499911924001578e-4,7.700060471679097e-4,0.001440002149497555,0.0017522586052296002,1.6000194685096856e-4,5.9999999999999995e-5,0,0,0,7.19986494471243e-4,2.4997473790225897e-4,7.199968705992803e-4,3.099950981536379e-4,6.399981440811655e-4,3.6999183673469386e-4,0.00668995551099693,0.0058700035001750086,0.0019600540522725024,0.0024999543753992147,0.0012999812365546042
AUT,0.0014735717917134406,0.001710043442899367,0.004980000912505894,0.001625226224635285,0.0036699127173050565,0.006260057674080946,0.0074496329672726815,0.0015743346963943746,0.0078833643255790415,0.0010000041713195927,0.0011599864768415912,0.0015100037175977557,0.0015760078481816971,0.0014776000911691453,8.190384930964528e-5,8.067936169524056e-5,7.000018626978784e-5,5.30002505569814e-4,3.5998349573110734e-4,0.008409951013351265,0.00815019026170692,0.009201633071411062,0.012617370263827083,0.016580076415718584,0.011439953707825159,0.018000183301255614,0.009837625849077143,0,0.00435021817491937,0.013999971923125517,0.0022600246761258483,0.01626960019702816,0,0,0,0,0,0,0,0,0,0,0,0,0,5.89990282027528e-4,3.9000767788504356e-4,9.829117671118818e-4,4.3000640580065694e-4,6.500041628507202e-4,4.6999717753316394e-4,9.499738356881214e-4,7.799948550432711e-4,8.036945617408554e-4,2.7000104654529287e-4,0.0011000032093456144,0.0036199289479715794,0.00119001006514694,7.477759100584571e-4,6.899956935596442e-4,0.002559975394709863,5.500015728176305e-4,7.699941832922565e-4,0.00163510761604521,0.0031860545257471604,1.600005394034198e-4,6.00000946821756e-5,0,0,0,7.183505884812822e-4,2.5563832420535883e-4,7.200130590923931e-4,3.100046767636795e-4,6.399917089192895e-4,3.700116121540545e-4,0.006689971156242952,0.0058699709664039815,0.0019599816007359705,0.0025,0.0012999812365546042
AZE,0.0038853056860070896,0.001709925986008314,0.004980107311019454,0.003139993207710278,0.0036699435468172084,0.006260174471657481,0.0074496329672726815,0.0015743346963943746,0.008357444053680472,0.0010000041713195927,0.0011600134858577539,0.0014044272264436331,0.0015760078481816971,0.0014776000911691453,8.190384930964528e-5,8.067936169524056e-5,6.9999927242566e-5,5.300008902341316e-4,3.600075920167024e-4,0.008361515780327705,0.008915359682685213,0.010521300181112024,0.01360959214850871,0.016222898493544795,0.011440018076267947,0.017999888082922338,0.009837625849077143,0,0.004349898224187548,0.019158824915328884,0.0022599562008273175,0.014036702981162066,0,0,0,0,0,0,0,0,0,0,0,0,0,5.8999754131996e-4,3.899987468184313e-4,6.752672524746556e-4,4.29994465965689e-4,6.499740651671618e-4,4.7002164502164503e-4,9.500011893151923e-4,7.800095430687783e-4,8.036945617408554e-4,2.69999369602219e-4,0.001100004771220001,0.0036200280767430975,0.0011900023052621668,9.553576040958737e-4,6.899822638097732e-4,0.002560001832991557,5.499942638936689e-4,7.700264472524244e-4,0.0016272856115796882,0.0018669863489803138,1.6000503239604956e-4,6.000121669302835e-5,0,0,0,7.197533298999486e-4,2.57281452671919e-4,7.20038198312908e-4,3.1000560313775716e-4,6.399848776464118e-4,3.699971434919224e-4,0.006690148556411285,0.005869930180803855,0.001959997437394406,0.0024999978991527157,0.0012999812365546042
BEL,0.001473595728228546,0.0017100130881571615,0.004980029200125143,0.0016252743013353132,0.0036699648197009676,0.006260010735373054,0.0074496329672726815,0.0015743346963943746,0.0078833643255790415,0.0010000041713195927,0.0011600146661655422,0.0014044272264436331,0.0015760078481816971,0.0014776000911691453,8.190384930964528e-5,8.067936169524056e-5,6.999997565585165e-5,5.300020207633434e-4,3.600057937427578e-4,0.008410064239828693,0.008149958241826225,0.009272812756294973,0.015580426250680113,0.016580484243825282,0.01144008638389123,0.017999888082922338,0.00644997627477461,0,0.00435013468711148,0.019158824915328884,0.002259985399937428,0.014036702981162066,0,0,0,0,0,0,0,0,0,0,0,0,0,5.89995213020584e-4,3.900074118994677e-4,0.0010585138532736786,4.2999755258717296e-4,6.499911613929645e-4,4.699886749716874e-4,9.499980375995917e-4,7.799992605327861e-4,8.100055689623167e-4,2.6999414240760667e-4,0.0010999783127304272,0.003619998112495281,0.0011900033279299202,7.91270627561241e-4,6.900166614848651e-4,0.0025600410537119397,5.499964864286263e-4,7.700112513059551e-4,0.002103800577876608,0.0022466988478484864,1.600019513622948e-4,6.000070797295543e-5,0,0,0,7.198342019445778e-4,2.515119068169668e-4,7.199965989768589e-4,3.100053980249579e-4,6.400018421295017e-4,3.6999015869110594e-4,0.0066899917930111005,0.005870002027761905,0.0019600403730862304,0.0025,0.0012999812365546042
BEN,0.0018205789355794828,0.0017999673543737597,0.005867366772837565,0.0017609658457943501,0.0036700093647380225,0.00626017447165748,0.00526878187852195,0.0022411204799518956,0.0078833643255790415,9.999864567212214e-4,8.900130631899799e-4,0.0012999640303943169,0.001567020762184748,0.002,8.190384930964528e-5,8.067936169524056e-5,9.999855158528991e-5,5.300083428928981e-4,3.6421227449699435e-4,0.004746882838724543,0.008915359682685213,0.010590109982975203,0.02123835914703908,0.016222898493544795,0.008599970799968555,0.017999888082922338,0.009837625849077143,0,0.004199916646559477,0.04081946680980497,0.002260060224473036,0.015399818326956426,0,0,0,0,0,0,0,0,0,0,0,0,0,0.0014566600533625232,4.4001701644923424e-4,9.670572948225846e-4,5.100061106018943e-4,3.7000053285021577e-4,5.000172170379807e-4,9.499940538117015e-4,8e-4,8.036945617408554e-4,3.0000894614421185e-4,0.001954989430252401,0.0011999938292554997,0.001189985633694243,6.917578412794452e-4,8.999878157745105e-4,0.0016000107770233862,0.001,5.00016201228516e-4,0.0013991406045028975,0.003942623773759671,1.5945781708254732e-4,9.999999999999999e-5,0,0,0,6.999738971547899e-4,1.3183797841174352e-4,5.99996760189205e-4,2.9999485429066397e-4,7.000044828977451e-4,3.8999384599269375e-4,0.006689711439367915,0.005869930180803855,0.001959997437394406,0.0024999978991527157,0.0012999812365546042
BFA,0.001820606599864464,0.0018000484765530321,0.005867366772837565,0.0017610238973788832,0.0036700093647380225,0.006259997265157376,0.005268887871728482,0.0022411326247320736,0.008100355710285325,0.001,8.899941600155732e-4,0.001299978770079966,0.001567017952655828,0.0014776000911691453,8.190384930964528e-5,8.067936169524056e-5,9.999840842896022e-5,5.299957659906852e-4,3.6421227449699435e-4,0.008361515780327705,0.008150162426543052,0.009695165322053688,0.0045771946207331365,0.01502690893589812,0.008600128705305072,0.017999888082922338,0.009837625849077143,0,0.004199901733698322,0.040818907881898014,0.0022600284702704674,0.014036702981162066,0,0,0,0,0,0,0,0,0,0,0,0,0,0.0014566526738455923,3.1385153917022087e-4,8.407915723698538e-4,5.099802815926939e-4,3.7001527235703375e-4,4.999890343662961e-4,9.499940538117015e-4,8.00013621503814e-4,8.000035764739544e-4,3e-4,0.0019549147839873168,0.0011999936134883126,0.0011900046029598426,6.234741211959475e-4,9.000040898122777e-4,0.001600055663790704,0.001,5e-4,0.001402186423159417,0.0036809182912470825,1.4093956670467502e-4,6.046746670661546e-5,0,0,0,7.000015473408947e-4,2.1636873123654342e-4,5.999977952200371e-4,0.00032640595358267895,7e-4,3.9000468286591394e-4,0.006690148556411285,0.005869930180803855,0.001959997437394406,0.0024999978991527157,0.0012999812365546042
BGD,0.0038852487649622316,9.999968282933152e-4,0.005867366772837565,0.003139914023846216,0.0036700093647380225,0.006259997265157376,0.007312326096479052,0.0015743346963943746,0.0078833643255790415,9.999999999999998e-4,0.0011600074627182103,0.001,0.0015760078481816971,0.0014776000911691453,9.00003749390724e-5,8.999940163950775e-5,9.00022020111702e-5,2.9000353232073474e-4,3.6421227449699435e-4,0.014699727467393422,0.008149923027263245,0.007982536949536163,0.012003003412870885,0.014199885170603676,0.01143992116021024,0.017999888082922338,0.009837625849077143,0,0.004350015793352754,0.019158824915328884,0.002260504685136855,0.014036702981162066,0,0,0,0,0,0,0,0,0,0,0,0,0,5.900094996833438e-4,3.900005934952916e-4,0.0012175858424361334,4.2999837053935144e-4,3.7000062688064195e-4,4.7999106577820795e-4,9.499986917501765e-4,7.799956501776178e-4,8.036945617408554e-4,2.6999786552828176e-4,0.0010999722607489598,0.0034189603580440228,0.0011900079122866508,9.290978562963626e-4,6.899727655360237e-4,0.0025599804884847218,5.562015159349078e-4,0.002360031687791861,0.001452183662668152,0.0017148234278727434,1.6e-4,6.046746670661546e-5,0,0,0,6.898977783835355e-4,4.1002760318061357e-4,7.20006525584881e-4,3.0999732312973375e-4,5.500031563663909e-4,3.8000021159319096e-4,0.006690043300847299,0.005869930180803855,0.001959997437394406,0.0024999978991527157,0.0012999812365546042
BGR,0.0014735721941804372,0.0017099748533109806,0.00498006101547178,0.00162522538119508,0.0036699711607786592,0.006259950637883686,0.0074496329672726815,0.0015743346963943746,0.0078833643255790415,0.0010000041713195927,0.001159995300935897,0.0015100009217439397,0.0015760078481816971,0.0014776000911691453,8.190384930964528e-5,8.067936169524056e-5,6.999984593254927e-5,5.299994355703561e-4,3.5999287812694736e-4,0.00840981928247129,0.00814996349984357,0.0074154382905150485,0.01092879761622073,0.016579979925175653,0.01143999304771009,0.017999934056513567,0.009837625849077143,0,0.004349952839500756,0.013999756668795816,0.002260042866540755,0.014036702981162066,0,0,0,0,0,0,0,0,0,0,0,0,0,5.900067874943162e-4,3.899945388947081e-4,8.347856781433e-4,4.299994516212426e-4,6.500097472220417e-4,4.7001126925163823e-4,9.499607535321821e-4,7.799905959441217e-4,8.099991861758403e-4,2.6999813537199326e-4,0.0010999966712160047,0.00361996122735477,0.0011900122432791295,7.858421075716714e-4,6.90005352467198e-4,0.0025599375624984753,5.49990241978806e-4,7.700054162482002e-4,0.0014887167339937492,0.001742966072714838,1.600043878894252e-4,5.999933636393801e-5,0,0,0,7.189191081982609e-4,2.863693954136284e-4,7.200208731953383e-4,3.100081716915402e-4,6.399999999999999e-4,3.6999127191938427e-4,0.006689945493478684,0.005870126278919716,0.0019600323267945047,0.0025000182501733765,0.0012999812365546042
BHS,0.0014735689510663556,0.0017100021440081888,0.004979989114078058,0.0016252039446136965,0.0036699922133540974,0.006259894459102902,0.0074496329672726815,0.0015743346963943746,0.0078833643255790415,0.001,0.001159990671624927,0.001509999201660546,0.0015760078481816971,0.0014776000911691453,8.190384930964528e-5,8.067936169524056e-5,6.999970870921454e-5,5.300096271854078e-4,3.5999582855355096e-4,0.008410124461464816,0.008149941600155733,0.010521300181112024,0.014517331534700159,0.016579979925175653,0.011439851024208567,0.01799932409597837,0.009837625849077143,0,0.00435006622930986,0.019158824915328884,0.0022599689752714662,0.016269887693027608,0,0,0,0,0,0,0,0,0,0,0,0,0,5.900029555775569e-4,3.899993549160008e-4,7.669818632966584e-4,4.3000042551571385e-4,6.500058371274661e-4,4.700030384911721e-4,9.499940538117015e-4,7.80003317671742e-4,8.099945406332865e-4,2.7000031708786503e-4,0.0010999999999999998,0.0036199261992619926,0.001190000429411849,9.405412137730693e-4,6.900103388408794e-4,0.002559962348170809,5.500121311182337e-4,7.699982898252999e-4,0.0016272856115796882,0.001521282462956381,1.600010457242948e-4,6.000030416863109e-5,0,0,0,7.136263689231049e-4,3.153057146663114e-4,7.1996644295302e-4,3.100049969463106e-4,6.400068358540545e-4,3.700029388303455e-4,0.006689963573903515,0.005869925893153411,0.0019600582382916765,0.0025,0.0012999812365546042
BIH,0.0014735711599658098,0.0017099990394774758,0.004979945874679065,0.0016252727183811006,0.0036700125470514426,0.006259776827614975,0.0074496329672726815,0.0015743346963943746,0.0048119528179266895,0.0010000041713195927,0.0011599687837940405,0.0015100628611984183,0.0015760078481816971,0.0014776000911691453,8.190384930964528e-5,8.067936169524056e-5,6.999974914080727e-5,5.300022052058066e-4,3.599949070537306e-4,0.008409936365943964,0.008150409062303335,0.007029339147922909,0.013089752309854511,0.01658013333829938,0.011439919845416159,0.017999888082922338,0.009837625849077143,0,0.004349950163547794,0.019158824915328884,0.0022600114714777346,0.016270004679457183,0,0,0,0,0,0,0,0,0,0,0,0,0,5.90001859292014e-4,3.900078320650545e-4,7.873189112081755e-4,4.3000048883891866e-4,6.500060277275468e-4,4.6999783193684563e-4,9.499940538117015e-4,7.800262139957163e-4,8.036945617408554e-4,2.6999075008018146e-4,0.001099995705881511,0.00361996122735477,0.001190006480973713,6.421462269910174e-4,6.900011447271845e-4,0.0025599731363331094,5.499964946048783e-4,7.700077982633713e-4,0.0016272856115796882,0.0015981673608930337,1.6000225466433684e-4,6e-5,0,0,0,7.200051268308029e-4,0.00025542761917316317,7.200067235365802e-4,3.100081716915402e-4,6.39984911354206e-4,3.699931334401465e-4,0.006689831374552888,0.005870286576168929,0.0019599614426106175,0.0024999978991527157,0.0012999812365546042
BLR,0.0014735924228562098,0.0017099816872789303,0.004980010035447791,0.0016252235721500924,0.0036700058101548846,0.006259917390409052,0.0074496329672726815,0.0015743346963943746,0.0049956553506459046,0.0010000041713195927,0.001160007524770789,0.0014044272264436331,0.0015760078481816971,0.0014776000911691453,8.190384930964528e-5,8.067936169524056e-5,6.999992602776495e-5,5.300083288422909e-4,3.600062571696736e-4,0.008361515780327705,0.008915359682685213,0.010521300181112024,0.013564736105120588,0.016580244590780807,0.01143977634542207,0.017999888082922338,0.009837625849077143,0,0.004349901294143452,0.019158824915328884,0.002259972928991833,0.014036702981162066,0,0,0,0,0,0,0,0,0,0,0,0,0,5.89989187536178e-4,3.899940096259115e-4,7.980819695075625e-4,4.300019054252055e-4,6.5e-4,4.700070036185363e-4,9.499986917501765e-4,7.80003306149438e-4,8.100011230907457e-4,2.6999871282810874e-4,0.0011000566893424036,0.0036200188516535307,0.001190011740269123,6.83972692502239e-4,6.89993125451693e-4,0.0025600539242532755,5.499945652710942e-4,7.700075911104222e-4,0.0014429290025869503,0.0013848157257062511,1.5999838279291662e-4,6.0002354880489814e-5,0,0,0,7.185845870873384e-4,2.5050341741481545e-4,7.19992036487367e-4,3.1000621933522217e-4,6.400063288635735e-4,3.6999299883313884e-4,0.006689836969746127,0.005869925893153412,0.0019600084638171813,0.0024999978991527157,0.0012999812365546042
BLZ,0.0014736078500614223,0.0017099959790142839,0.005867366772837565,0.0031400022538597347,0.0036700093647380225,0.006259966689110175,0.0074496329672726815,0.002839972885598081,0.0078833643255790415,9.999999999999998e-4,0.001160004907555777,0.0015099774183142082,0.0017800641016259568,0.0014776000911691453,8.190384930964528e-5,8.067936169524056e-5,8.999868062087429e-5,5.299819035058124e-4,3.6000384209009705e-4,0.00840982120787674,0.008149762027270389,0.010521300181112024,0.0167157889325575,0.016580188679245284,0.01143998485934057,0.01799932409597837,0.009837625849077143,0,0.00435002458979747,0.014000073000693506,0.0022600284702704674,0.014036702981162066,0,0,0,0,0,0,0,0,0,0,0,0,0,5.900048723936894e-4,3.8999585889422855e-4,7.267354099425519e-4,4.3000108508341346e-4,4.424288306043768e-4,4.6999551519881646e-4,9.499940538117015e-4,7.799975804918514e-4,8.099681224841193e-4,2.7000122895416e-4,0.0010999906812039885,0.0036199261992619926,0.001189994160015573,8.085993736925366e-4,6.900006130831954e-4,0.001040038926734325,5.500178577226533e-4,7.699890205880475e-4,0.0016272856115796882,0.0018313999799752154,1.5945781708254732e-4,6.000030416863109e-5,0,0,0,7.20009230147971e-4,2.4972262983695957e-4,7.200215041593571e-4,3.100057175528873e-4,6.40002656071891e-4,3.800139518660621e-4,0.005699931295087599,0.00586997664987096,0.001960053054536943,0.0024999978991527157,0.0012999812365546042
BOL,0.0014735840092364439,0.0017099718416559667,0.004200094900901558,0.0016251973759638927,0.0036701098660437276,0.006260018814675447,0.0074496329672726815,0.0015743346963943746,0.005963944751206105,0.0010000075350947038,0.001160036691727549,0.0015100042773632432,0.0015760078481816971,0.0012099929446475531,8.190384930964528e-5,8.067936169524056e-5,9.000004218027004e-5,5.300057937427578e-4,3.600010428616123e-4,0.008409975925535574,0.008149950574100829,0.008105618475955473,0.007535039288017961,0.01658028251268387,0.01143998485934057,0.017999888082922338,0.009837625849077143,0,0.004350073383957629,0.019158824915328884,0.0022599523067938485,0.014036702981162066,0,0,0,0,0,0,0,0,0,0,0,0,0,5.900027909952961e-4,3.900037002248598e-4,0.001893247339345625,4.29993882161009e-4,3.6999528968440886e-4,4.700183654729109e-4,9.499803767660911e-4,7.800069480632274e-4,8.099882844587285e-4,2.6999599898155897e-4,0.0010999926027295927,0.0034189603580440228,0.0011899690827894196,8.167147568574104e-4,6.900038364252319e-4,0.0010400145791570122,5.49998650326621e-4,7.70006677179673e-4,3.753198808574904e-5,0.00245789052139835,1.5945781708254732e-4,5.9999756667315555e-5,0,0,0,7.199987614618262e-4,3.046037710911983e-4,7.199955713020372e-4,0.00032640595358267895,6.399945680055527e-4,3.7999923211794667e-4,0.006645764889586953,0.005869930180803855,0.001960078995627028,0.0024999978991527157,0.0012999812365546042
BRA,0.0014735526946376178,0.0017100300248960882,0.005867366772837565,0.001625245686048616,0.0036700428871247375,0.0062600212918504355,0.0074496329672726815,0.0015743346963943746,0.007036978594534232,9.999989920584282e-4,0.0011600001012835154,0.001510007866445241,0.001779964876335431,0.0014776000911691453,8.999999999999999e-5,9.000015082728768e-5,8.999958533180367e-5,5.299990135148465e-4,3.6000292002774024e-4,0.008409912867364765,0.008149948568205195,0.007660327142932533,0.02080452883013048,0.016580405940402852,0.011440138040881339,0.01799993240731353,0.009837625849077143,0,0.004349996630360967,0.013999452504790583,0.00225992078900365,0.014036702981162066,0,0,0,0,0,0,0,0,0,0,0,0,0,5.900014132490596e-4,3.8999844281805443e-4,8.844164445223507e-4,4.3000185784071833e-4,3.700045487036195e-4,4.6999956957775575e-4,9.499940538117015e-4,7.799964768314972e-4,8.036945617408554e-4,2.7000203139963434e-4,0.0011000314423033734,0.0034189603580440228,0.001190015498503095,8.097003864888315e-4,6.900051571616168e-4,0.0010400061785603956,5.500187096715312e-4,7.700074630141797e-4,0.0014407754766777982,0.0023698545466969397,1.6000769526741053e-4,6.046746670661546e-5,0,0,0,7.134308680304513e-4,2.5096567835713557e-4,7.200007989134776e-4,3.100017240105411e-4,6.399922670447222e-4,3.7999661797416653e-4,0.005699854000847737,0.005869982994372934,0.0019599922044657276,0.0024999978991527157,0.0012999812365546042
BRB,0.0014735594299649763,0.001709988340287283,0.004980107311019454,0.001625224185069031,0.0036701098660437276,0.006260018814675447,0.0074496329672726815,0.0015743346963943746,0.008100036084048075,0.001,0.001159950771994264,0.0015100137689322817,0.0017800518745578874,0.0014776000911691453,8.190384930964528e-5,8.067936169524056e-5,6.99999429241662e-5,5.299898874984199e-4,3.6000044242404133e-4,0.008410044895426506,0.00814999528019886,0.010171252641819405,0.01167574935131276,0.01658028251268387,0.011440002807707156,0.01799932409597837,0.00644997627477461,0,0.004350020079970666,0.013999895713838773,0.0022599689752714662,0.014036702981162066,0,0,0,0,0,0,0,0,0,0,0,0,0,5.899988220049475e-4,3.900024609113691e-4,8.412596335470458e-4,4.3000579394022017e-4,6.500055454915154e-4,4.700058913904836e-4,9.500040846336083e-4,7.800056808020451e-4,8.099912669405182e-4,2.700012755701463e-4,0.0011,0.0036200408163265304,0.0011899838849634312,9.830428934041254e-4,6.899943061235053e-4,0.0025600377681976867,5.500013877709623e-4,7.699956397058994e-4,0.0016272856115796882,0.001724700488474897,1.5945781708254732e-4,6.000031601567438e-5,0,0,0,7.199999295855642e-4,2.4674588322051467e-4,7.199951495063613e-4,3.0999257057949477e-4,6.400071210806241e-4,3.6999877044141153e-4,0.006689874411302982,0.005869925893153412,0.00195991404248285,0.0024999978991527157,0.0012999812365546042
BWA,0.0018206225617501855,0.0017999986630032956,0.005867366772837565,0.0018955173281132098,0.003670057443752992,0.006260102546276179,0.005268763999443186,0.0022411481203095623,0.007996996533700552,0.001,8.900163429115207e-4,0.0012999987635545335,0.0015760078481816971,0.0010002732860419198,8.190384930964528e-5,8.067936169524056e-5,9.999943212793022e-5,5.299958662785073e-4,3.9999999999999996e-4,0.004746929135637848,0.008149922438178666,0.010507085453397621,0.012797976636687922,0.015026690391459074,0.008599781001916234,0.017999888082922338,0.009837625849077143,0,0.004199901733698322,0.019158824915328884,0.0022599459814585006,0.014036702981162066,0,0,0,0,0,0,0,0,0,0,0,0,0,0.0014566650370045687,4.3999748592818134e-4,0.001437492342585259,5.099989665150889e-4,3.700111898545319e-4,4.999808700309905e-4,9.499905045261758e-4,8.000035204449843e-4,8.036945617408554e-4,2.999929875411982e-4,0.0019550473723672548,0.0012000080219802258,0.0011899970405445399,5.331599886689708e-4,9.000360302654229e-4,0.0015999810372617806,0.001,5.000055861552728e-4,0.0014360923761634259,0.004185333276262203,1.4093703720324913e-4,9.999999999999999e-5,0,0,0,7.000197784588433e-4,1.0465574713171841e-4,5.999821300929235e-4,2.999951973873788e-4,7.00014320492625e-4,3.900098239250359e-4,0.006690026462268454,0.005869930180803855,0.001959997437394406,0.0024999978991527157,0.0012999812365546042
CAF,0.0018205989166418732,0.00179999349184311,0.005867366772837565,0.0018954455220917701,0.0036700093647380225,0.006259997265157376,0.005268914297323837,0.0022410945370257,0.0078833643255790415,9.99995778589852e-4,8.90011979634621e-4,0.0014044272264436331,0.0015670049188297622,0.0019999322603589235,8.190384930964528e-5,8.067936169524056e-5,1.0000068738443349e-4,5.300215352045844e-4,4.0000627510040156e-4,0.008361515780327705,0.008149908751194925,0.0105901075109639,0.014517331534700159,0.016222898493544795,0.010753273947099462,0.017999888082922338,0.009837625849077143,0,0.006692861131828454,0.04082025417261174,0.002260504685136855,0.015399874535867481,0,0,0,0,0,0,0,0,0,0,0,0,0,0.0014566706021251475,3.1385153917022087e-4,0.0012687058824769684,5.099975116590812e-4,3.700118413262285e-4,4.999931815082504e-4,9.499940538117015e-4,8.000009066964063e-4,8.000267046466084e-4,2.703475288297271e-4,0.0019550004677706054,0.0034189603580440228,0.0011397343299678335,0.001166752745081773,9.000029201911751e-4,0.0016000069815947707,0.001,5e-4,0.0016484773164007016,0.004002431731060556,1.5945781708254732e-4,6.046746670661546e-5,0,0,0,6.959346535624929e-4,9.999933696235936e-5,5.999978591766393e-4,0.00032640595358267895,6.99998985832074e-4,3.8999798986468615e-4,0.006645764889586953,0.005869930180803855,0.001959997437394406,0.0024999978991527157,0.0012999812365546042
CAN,0.001473599583929681,0.0017099932920865359,0.004980011819098273,0.001625251241561438,0.003670038585879654,0.0062597768276149756,0.0074496329672726815,0.0015743346963943746,0.008121695706439115,0.001,0.0011600013164897167,0.001509971985058698,0.0015760078481816971,0.001210024741134427,8.190384930964528e-5,8.067936169524056e-5,7.000035416047332e-5,5.300105580854672e-4,3.599956024626209e-4,0.008410028995394848,0.008150066662295369,0.007814500589278944,0.014318043491083227,0.01657972046648269,0.011439923498592536,0.017999888082922338,0.00644997627477461,0,0.004350024871497265,0.014,0.00226,0.01627047262517548,0,0,0,0,0,0,0,0,0,0,0,0,0,5.899987098047252e-4,3.8999824398565087e-4,0.001007030837116192,4.299967670303168e-4,6.500130361100249e-4,4.700077514757617e-4,9.499905045261758e-4,7.800077679753327e-4,8.036945617408554e-4,2.700003825993802e-4,0.001099988867153331,0.0036199842769818226,0.0011900228221028608,7.070402858032693e-4,6.900013848497439e-4,0.0025599606815203146,5.499885889602308e-4,7.700072523523557e-4,0.0014415187684506388,0.0017322622540766753,1.6000531137963086e-4,6.0001149604618126e-5,0,0,0,7.200119227929836e-4,2.499934403047013e-4,7.199946106170844e-4,3.09995497523638e-4,6.399994549369089e-4,3.6999999999999994e-4,0.006690016103059582,0.005869925893153412,0.0019600175247862137,0.0024999978991527157,0.0012999812365546042
CHE,0.0014736018478755178,0.001710002483499778,0.00497994772891132,0.0016252574465040164,0.00367003731141513,0.006259909130657947,0.005595884839417225,0.0015743346963943746,0.005011728088419291,0.0010000041713195927,0.0011600031239909685,0.0015100546386526224,0.0015760078481816971,0.0017006533294568755,8.190384930964528e-5,8.067936169524056e-5,6.999927027261115e-5,5.300039530899987e-4,3.5999093792478474e-4,0.008410056502124305,0.008150008233163182,0.007907048070976211,0.01350652237876793,0.016580188679245284,0.0114396061454885,0.017999888082922338,0.009837625849077143,0,0.004349948904280686,0.014,0.002259979671040473,0.016270004679457183,0,0,0,0,0,0,0,0,0,0,0,0,0,5.899997525099615e-4,3.899963950973324e-4,9.861169285557937e-4,4.299916302910683e-4,6.499934332726692e-4,4.6999154691462384e-4,9.499980375995917e-4,7.800033412255385e-4,8.036945617408554e-4,2.699948561063432e-4,0.001099989702399341,0.0036200672611150534,0.0011899681327474623,7.94102461439067e-4,6.900060453340197e-4,0.0025599539631099132,5.499993126297411e-4,7.69995647542985e-4,0.0016243642798843146,0.002046398981702145,1.599994834977532e-4,6.0000154008455065e-5,0,0,0,7.199996672406765e-4,2.513809259250588e-4,7.199903849042997e-4,3.1000513771304753e-4,6.399990101704982e-4,3.6999011331660203e-4,0.006690020087207878,0.005870147107620838,0.001959969119034684,0.0024999978991527157,0.0012999812365546042
CHL,0.0014735797133055382,0.0017099954375072684,0.004200010579771476,0.0016252601154902685,0.0036700207161882215,0.006260089686098654,0.0074496329672726815,0.0015743346963943746,0.007265294421288193,0.001,0.0011600234085441187,0.0015100090991810736,0.0015760078481816971,0.0014776000911691453,8.190384930964528e-5,8.067936169524056e-5,9.000164298301284e-5,5.300005598163803e-4,3.600010428616123e-4,0.008410106954897856,0.008149908751194925,0.009474642337208088,0.012179119164030076,0.01657947245474012,0.011439954760435944,0.017999888082922338,0.009837625849077143,0,0.004350003988194943,0.01399981750159686,0.0022600060413834767,0.014036702981162066,0,0,0,0,0,0,0,0,0,0,0,0,0,5.900009078656079e-4,3.9001418360431236e-4,7.654303365477719e-4,4.299957839082031e-4,3.700016622647434e-4,4.699882928172991e-4,9.499986917501765e-4,7.799769824177578e-4,8.036945617408554e-4,2.700015383109346e-4,0.0011000032093456144,0.0034189603580440228,0.001190045589842131,8.463993456670092e-4,6.900137456821335e-4,0.0010400061785603956,5.499887454518021e-4,7.699948746348375e-4,0.007770632178302092,0.0019457522601505344,1.5999682337992376e-4,6.000121669302835e-5,0,0,0,7.200044564497532e-4,2.516230251412857e-4,7.200093372663032e-4,3.099950466263218e-4,6.400015119634104e-4,3.799989420228523e-4,0.005699963847715454,0.0058701435071753585,0.0019600542556798915,0.0025,0.0012999812365546042
CHN,0.001473568122517522,0.0020999935972996265,0.0049801395598497045,0.0016252530439042241,0.003670109866043728,0.006260078972691376,0.005595949992447332,3.9220786881377927e-4,0.00820417076578062,0.001,0.0011599955607294573,0.0015099917203292386,0.0015760078481816971,0.0017135234669574393,9.000011060601033e-5,8.99990580699854e-5,9.000043647156387e-5,2.89999004545907e-4,3.600075920167024e-4,0.008369697461270177,0.008150384921688347,0.008546371371302106,0.009162571188902357,0.016579606506699443,0.011440035609818136,0.017999888082922338,0.009837625849077143,0,0.00434998085676607,0.014000145999610667,0.002260504685136855,0.014036702981162066,0,0,0,0,0,0,0,0,0,0,0,0,0,5.900062405157021e-4,3.900024291833796e-4,0.001100697348681986,4.299867085051864e-4,3.6999271336187264e-4,4.6999823415150977e-4,9.499944330011691e-4,7.799970841230502e-4,8.036945617408554e-4,2.699895701816984e-4,0.0010999933114841816,0.0036198943779664414,0.0011900357291836697,8.018833073326112e-4,6.900026766595289e-4,0.002559929447606831,5.500068058257869e-4,7.700222113299862e-4,0.0014514352613328027,0.0013866779788853437,1.5999999999999999e-4,5.999926999306493e-5,0,0,0,7.0499656385172e-4,2.7809874423280744e-4,7.199767501795829e-4,3.099912678516098e-4,5.500015465990287e-4,3.7999294698483604e-4,0.006689821554843808,0.005869802689970643,0.0019599929468466525,0.0025,0.0012999790574126074
CIV,0.0018205853266926645,0.001800007904458347,0.005867366772837565,0.001761074198954683,0.0036700093647380225,0.0062599993916719904,0.005268971879964406,0.0022411247138652713,0.008099728260869566,0.001000018608312056,8.899958679583122e-4,0.0012999897588202162,0.0015670072399125033,0.0018819308607126112,9.000161301472451e-5,8.067936169524056e-5,9.999817134497577e-5,5.299875570302779e-4,3.9999999999999996e-4,0.004746996328242119,0.008150018250395425,0.0105657587032417,0.020456293044863218,0.015026918514462997,0.008600086057242905,0.017999888082922338,0.009837625849077143,0,0.004200111040609137,0.040820210658045676,0.0022600284702704674,0.015400093589143658,0,0,0,0,0,0,0,0,0,0,0,0,0,0.0014566302911361354,3.1385153917022087e-4,8.160585624032612e-4,5.100047984644913e-4,4.424288306043768e-4,5.000055956577696e-4,9.500101194090264e-4,7.999999999999999e-4,8.000037136066548e-4,3.0000252985225664e-4,0.0019550202655946223,0.0012000193911188674,0.0011900350446263142,0.0011717146254513816,8.99979234443137e-4,0.0015999727409022762,0.001,5e-4,0.0015085997717983286,0.003004493163086244,1.5945781708254732e-4,9.999999999999999e-5,0,0,0,7.000396120986666e-4,1.0113675499493188e-4,6e-4,3.0000582139946445e-4,6.999836738501725e-4,3.900019148834314e-4,0.006689929044879844,0.005869930180803855,0.001959997437394406,0.0024999978991527157,0.0012999812365546042
CMR,0.0018205836201968108,0.0018000016890322688,0.00497984944110714,0.0018954250798903403,0.0036700093647380225,0.006259997265157376,0.005268865103425518,0.002241162596715276,0.0078833643255790415,9.999866058789106e-4,8.899910975454661e-4,0.0012999962199644677,0.0015670181289698737,0.00197612003930601,8.999936342224204e-5,8.067936169524056e-5,9.999895515162492e-5,5.300129409032086e-4,3.9999999999999996e-4,0.004746785346256665,0.008149499963500985,0.009680368709214569,0.009769656162896554,0.015026926759214935,0.008600099732162593,0.017999888082922338,0.009837625849077143,0,0.006692861131828454,0.04081881413125818,0.0022600284702704674,0.01539975934220202,0,0,0,0,0,0,0,0,0,0,0,0,0,0.0014566440350637828,4.3998286829651894e-4,7.899404603039305e-4,5.100091659028414e-4,4.424288306043768e-4,4.999862268438813e-4,9.499990188190507e-4,7.999943393289275e-4,7.999995103218043e-4,3.000023856100005e-4,0.0019549706330215357,0.0011999866301223344,0.001189985633694243,0.0011728205380131002,9.000071000875678e-4,0.0015999894079017053,0.001,5e-4,0.0014003127296408492,0.0032513125997753207,1.5945781708254732e-4,9.999999999999999e-5,0,0,0,7.000010946068719e-4,1.4716786944484568e-4,6.000047289149504e-4,2.9999862782496535e-4,6.999834409670474e-4,3.899903635208005e-4,0.006690010145752394,0.005869930180803855,0.001959997437394406,0.0024999978991527157,0.0012999812365546042
COG,0.0018205707223907426,0.001800001476984883,0.004979962747643506,0.0018955109879318247,0.0036700093647380225,0.006259776827614975,0.0074496329672726815,0.0015743346963943746,0.0078833643255790415,9.999961163828272e-4,8.89985605593255e-4,0.0013000029134982373,0.001567062701737518,0.0010293228032994006,8.99977504077386e-5,8.067936169524056e-5,1.000008105107028e-4,5.300042203237103e-4,3.6421227449699435e-4,0.004746909541682449,0.008150026838432635,0.010521300181112024,0.014517331534700159,0.016222898493544795,0.008599991133572727,0.017999888082922338,0.009837625849077143,0,0.0042000513610683105,0.040820210658045676,0.002260504685136855,0.015399574597386815,0,0,0,0,0,0,0,0,0,0,0,0,0,0.0014567006609790825,4.399961741839398e-4,8.532483024446923e-4,5.099952156095937e-4,3.70005586352112e-4,5.000055991041433e-4,9.499980375995917e-4,8.000093112307992e-4,8.000064285943879e-4,2.9999565475586975e-4,0.0019549057329742207,0.0034189603580440228,0.001189987890655193,7.992347541147056e-4,9.000048039969255e-4,0.0016000139020829955,0.001,4.999999999999999e-4,0.0014000040728971719,0.002176664346571214,1.5945781708254732e-4,9.999999999999999e-5,0,0,0,7.000236434566733e-4,1.064244142303081e-4,6.000021300842448e-4,2.999976601071671e-4,6.999968755370172e-4,3.900032386915686e-4,0.0066899352130668855,0.005870002027761905,0.0019599738028665712,0.0024999978991527157,0.0012999812365546042
COL,0.001473515294044095,0.00170993461306374,0.004200075919058604,0.0016252482406106316,0.0036700093647380225,0.0062599766400622935,0.0074496329672726815,0.0015743346963943746,0.008099950722733246,0.0010000038250327996,0.0011600009242751994,0.0014044272264436331,0.0017800085014550568,0.0012099894726659,8.190384930964528e-5,8.999936018329225e-5,8.999949787073279e-5,5.299852600547484e-4,3.599963500319372e-4,0.008409940028209353,0.008149941600155733,0.007489718712112736,0.0135988371770827,0.01658008658008658,0.011439988924130293,0.017999888082922338,0.009837625849077143,0,0.004350094729322607,0.019158824915328884,0.002260060224473036,0.014036702981162066,0,0,0,0,0,0,0,0,0,0,0,0,0,0.00058999428328520545,3.8999938414435655e-4,6.652394158870794e-4,4.300011869692359e-4,3.700002385097908e-4,4.7274964267277606e-4,9.499949156880827e-4,7.799901310963817e-4,8.099964821109767e-4,2.700010729229999e-4,0.001099986785544941,0.0034189603580440228,0.0011899935302997627,0.001121817662104645,6.899924555769968e-4,0.0010399935526766465,5.49998322766764e-4,7.699949486445529e-4,0.0014826241843389604,0.0024224593878734613,1.6000167743017698e-4,5.9999999999999995e-5,0,0,0,7.200140871489218e-4,2.5000035736889094e-4,7.200050677815787e-4,3.1001029159519726e-4,6.399971142053242e-4,3.800042319085907e-4,0.005699958446109096,0.0058699018387944136,0.0019600349132458737,0.0024999978991527157,0.0012999812365546042
CPV,0.0018205452612634113,0.0017999841142939436,0.005867366772837565,0.0017609657678106293,0.0036701098660437276,0.006259976640062293,0.0074496329672726815,0.0015743346963943746,0.00802254312140762,9.999715253851192e-4,8.899947704292901e-4,0.0013000228736787791,0.0015760078481816971,0.0027560604140813376,8.190384930964528e-5,8.067936169524056e-5,9.999964511446833e-5,5.300056882821388e-4,3.999927001970947e-4,0.0047469171550162306,0.008149821847571043,0.010269026599493438,0.014517331534700159,0.01502682775486367,0.008600107353730542,0.017999888082922338,0.009837625849077143,0,0.004199990854425315,0.019158824915328884,0.0022599614721687117,0.015399937607237561,0,0,0,0,0,0,0,0,0,0,0,0,0,0.001456651050977008,4.399890417279465e-4,7.23413947975158e-4,5.09987614304161e-4,3.699954065227377e-4,5.000172176308539e-4,9.50062630480167e-4,7.999930871195756e-4,8.036945617408554e-4,2.999996404649507e-4,0.001954979202348911,0.0012000080219802258,0.0011899728443367302,6.057612723504549e-4,9.000041133643207e-4,0.0016000000000000003,0.0010000070381727029,4.999878163188225e-4,0.0016272856115796882,0.0016823507481283767,1.5945781708254732e-4,9.999999999999999e-5,0,0,0,7.001659166489218e-4,1.373741269438315e-4,6.00004244211956e-4,3e-4,7.000030177746929e-4,3.899959424732879e-4,0.006689711439367915,0.005869953630833369,0.00195991404248285,0.0024999978991527157,0.0012999812365546042
CRI,0.001473633060134683,0.0017099854606146751,0.004200054562045512,0.0031400208071346754,0.0036700093647380225,0.0062599484055107305,0.0074496329672726815,0.0015743346963943746,0.008100120419748839,9.999854674397988e-4,0.0011600140196850166,0.0015100037175977557,0.001780012544428183,0.0025700581319569355,8.190384930964528e-5,9.000032882838446e-5,9.000206925828823e-5,5.300032138102016e-4,3.600075920167024e-4,0.00841001483032365,0.008150162426543052,0.0069967059639389735,0.012889541160820353,0.016580393406068327,0.011440528634361234,0.018000193124758593,0.009837625849077143,0,0.004350044545233659,0.019158824915328884,0.0022600284702704674,0.014036702981162066,0,0,0,0,0,0,0,0,0,0,0,0,0,5.899976540492722e-4,3.899996017364292e-4,8.462038063205608e-4,4.2999791488080067e-4,3.700045572460212e-4,4.7000417885499374e-4,9.49990188234939e-4,7.799995344398147e-4,8.099997320543393e-4,2.7000022656727916e-4,0.0011000072847179997,0.0034189603580440228,0.0011899949992240175,8.700031162199688e-4,6.899986958600803e-4,0.0010399916587502027,5.500022694777932e-4,7.700006836671907e-4,0.0016272856115796882,0.002084127779043492,1.5999831583674845e-4,6.046746670661546e-5,0,0,0,7.199877404202176e-4,2.499927573654988e-4,7.199877030281293e-4,3.0999333516289646e-4,6.400021518102103e-4,3.8000291184392523e-4,0.005700030736805129,0.00586994915707787,0.001959901032335125,0.0024999978991527157,0.0012999812365546042
CUB,0.0014735800090965032,0.0017100231902541295,0.005867366772837565,0.001625264024989202,0.0036700093647380225,0.006259997265157376,0.0074496329672726815,0.0015743346963943746,0.0078833643255790415,0.0010000018681148293,0.0011600107420531732,0.001509989646584772,0.0017800012377201194,0.002569980823201511,8.190384930964528e-5,8.067936169524056e-5,8.999904873227287e-5,5.300029199922134e-4,3.600067385444744e-4,0.008409979480436222,0.008915359682685213,0.006718537191560796,0.014517331534700159,0.016579808586913384,0.011439926999898611,0.017999888082922338,0.009837625849077143,0,0.00435002013152597,0.019158824915328884,0.0022599689752714662,0.014036702981162066,0,0,0,0,0,0,0,0,0,0,0,0,0,5.900031359253101e-4,3.900122938657849e-4,9.823234797239758e-4,4.299987735220941e-4,3.7001028325698795e-4,4.7000434195291395e-4,9.500065412002168e-4,7.799831542670499e-4,8.099996719985131e-4,2.699989861097029e-4,0.0010999976725783178,0.0034189603580440228,0.0011899751086991356,8.648663905240697e-4,6.900074757039621e-4,0.0010399912427935488,5.500105222018459e-4,7.700080230149752e-4,0.001439998276122137,0.0021048574552885854,1.6000340613956656e-4,6.046746670661546e-5,0,0,0,7.200035032062208e-4,2.511751686036096e-4,7.199854675165968e-4,3.100040749796251e-4,6.399985778283439e-4,3.8000678195998646e-4,0.0056998616874135545,0.005869982994372934,0.0019600084638171813,0.0024999978991527157,0.0012999812365546042
CYP,0.0014735975246341019,0.001710031103094687,0.004980055271665449,0.0016252090108113495,0.003669951637923168,0.006259799985400394,0.0074496329672726815,0.0015743346963943746,0.005338503696349506,0.0010000041713195927,0.00115999172502504,0.0015100037175977557,0.0015760078481816971,0.0017590800378219033,8.190384930964528e-5,8.067936169524056e-5,6.999950889766536e-5,5.300075468504243e-4,3.600057937427578e-4,0.008410072665170947,0.008149934935093788,0.007949492232725303,0.013000376351025082,0.016579797426772513,0.011440059313334094,0.018000337971047147,0.009837625849077143,0,0.004349952839500756,0.01399988412850149,0.002259975919377317,0.014036702981162066,0,0,0,0,0,0,0,0,0,0,0,0,0,5.899912277564725e-4,3.8999292460085516e-4,0.0010511692136468975,4.299852354291228e-4,6.499886908174698e-4,4.699961566826978e-4,9.499986917501766e-4,7.799885533447801e-4,8.09995320542817e-4,2.7000075889807996e-4,0.0010999615236629472,0.0036200196095908734,0.0011899686034342418,7.984720708620464e-4,6.899994458503426e-4,0.0025599889952111973,5.49999551399186e-4,7.700017317516668e-4,0.0022384878621131855,0.0017016605785569652,1.5999871893415324e-4,6.046746670661546e-5,0,0,0,7.199885086131197e-4,3.1075959551233695e-4,7.199982676733409e-4,3.100008692628651e-4,6.399947597490502e-4,3.7000396739060874e-4,0.006690155125215452,0.005869925507231207,0.001960073052459223,0.002500048026126213,0.0012999812365546042
CZE,0.0014735915604669734,0.001709965647089912,0.004980026361147724,0.00190645334710958,0.0036699520099076318,0.006260112275608872,0.0074496329672726815,0.0015743346963943746,0.0046466344190950045,0.0010000041713195927,0.001159969791074542,0.0014044272264436331,0.0015760078481816971,0.0014776000911691453,8.190384930964528e-5,8.067936169524056e-5,6.99998572932481e-5,5.299841344081585e-4,3.599928430846305e-4,0.008410091250670961,0.008149960199584524,0.009630632048592932,0.014088822931266662,0.016580673100717643,0.011439775081385023,0.017999888082922338,0.009837625849077143,0,0.004349913344887348,0.019158824915328884,0.0022600376064594624,0.01627004721997703,0,0,0,0,0,0,0,0,0,0,0,0,0,5.899968142720612e-4,3.9000191785051056e-4,8.506154056122837e-4,4.3001501784509124e-4,6.500125376128386e-4,4.7002062176569007e-4,9.500032706102959e-4,7.799678538194738e-4,8.099866096496911e-4,2.699998627561314e-4,0.0010999918207099625,0.003619986247994499,0.0011900029048077417,7.652674100375982e-4,6.899995584794031e-4,0.002560010380173868,5.499965758375882e-4,7.699898331439508e-4,0.0018699159870325763,0.0016190863780050154,1.6000172648207697e-4,6e-5,0,0,0,7.199987480190697e-4,2.5153865869600913e-4,7.200028216040818e-4,3.1000191149765845e-4,6.4e-4,3.700035423308537e-4,0.0066899352130668855,0.005869925893153412,0.0019600084638171813,0.0025000608346514176,0.0012999812365546042
DEU,0.001473605687593516,0.0017099702238017483,0.004979925107809606,0.0016252697022845636,0.00367,0.006259974950796206,0.005595951932680696,0.0015743346963943746,0.004569513644607102,0.0010000041713195927,0.0011600148684554703,0.0014044272264436331,0.0015760078481816971,0.0014776000911691453,8.190384930964528e-5,8.067936169524056e-5,6.999987140922629e-5,5.299855398280233e-4,3.599928430846305e-4,0.008410044895426506,0.008149804647337035,0.008927789636009742,0.014701914724999484,0.01658053302433372,0.011439854000818098,0.017999888082922338,0.009837625849077143,0,0.004349775784753363,0.019158824915328884,0.002259976640062293,0.01627004721997703,0,0,0,0,0,0,0,0,0,0,0,0,0,5.900070271688976e-4,3.8999740445136584e-4,0.0010070372297958426,4.299879267384212e-4,6.500073496986624e-4,4.7000369754113513e-4,9.500011893151923e-4,7.799981174177616e-4,8.10029200359389e-4,2.7000062747066576e-4,0.0011000083462003923,0.0036199453053783045,0.0011900124464375634,7.665898028058084e-4,6.900088110817408e-4,0.0025599789362822536,5.500032177102774e-4,7.700139921042268e-4,0.0023053291592074823,0.0018040067214684752,1.6000026772686505e-4,6.000022776967931e-5,0,0,0,7.199057234677216e-4,2.5112755706077026e-4,7.200040229307051e-4,3.100021071855026e-4,6.400021518102103e-4,3.7000208811860516e-4,0.006689979069886161,0.0058701663334325945,0.0019600236784765167,0.002499963500985473,0.0012999812365546042
DJI,0.0018205598752697072,0.0018000318676932225,0.004980107311019454,0.001895450772524064,0.0036700093647380225,0.006259997265157376,0.0074496329672726815,0.002241125600748081,0.008099862697163524,0.0010000041713195927,8.900140141339698e-4,0.0014044272264436331,0.0015760078481816971,0.001,8.190384930964528e-5,8.067936169524056e-5,9.999987997373826e-5,5.299914576376485e-4,4.000024333268444e-4,0.004746911119968115,0.008150138722539758,0.008031986217547537,0.014517331534700159,0.016222898493544795,0.008599928781269474,0.017999888082922338,0.009837625849077143,0,0.006692861131828454,0.04082127123977345,0.002260504685136855,0.01540009358914366,0,0,0,0,0,0,0,0,0,0,0,0,0,0.0014566658821428863,4.4000048538387796e-4,4.877826835962132e-4,5.100013578867104e-4,3.700066606322477e-4,4.999862268438813e-4,9.499942283273693e-4,7.999943393289274e-4,8.036945617408554e-4,3.0000000000000003e-4,0.0019549764960392984,0.0011999394581504465,0.0011900048180105995,7.420616457422668e-4,8.999803497740224e-4,0.0016000380405650754,0.001,5.000068497842318e-4,0.0014462366952253903,0.0039653003930376195,1.5945781708254732e-4,1e-4,0,0,0,7.11590398908922e-4,1.0100388115334713e-4,5.999915117562176e-4,3.000053362742134e-4,6.999890506952808e-4,3.9001586973021456e-4,0.006689831374552888,0.005869930180803855,0.0019600084638171813,0.0024999978991527157,0.0012999812365546042
DMA,0.0014736068399065078,0.001710001089551204,0.004199975292281084,0.0016252487577756362,0.0036700093647380225,0.006260018814675447,0.0074496329672726815,0.0015743346963943746,0.0078833643255790415,9.99993436209805e-4,0.0011600150525823316,0.0015099671151810065,0.0017800297396914858,0.0019322326370949886,8.999656407990969e-5,8.067936169524056e-5,8.999963471893495e-5,5.300013518472027e-4,3.6421227449699435e-4,0.008409927995487275,0.008150013687380234,0.010521300181112024,0.014517331534700159,0.016580484243825282,0.011439823263855538,0.017999888082922338,0.009837625849077143,0,0.004349926204213069,0.019158824915328884,0.002259985399937428,0.014036702981162066,0,0,0,0,0,0,0,0,0,0,0,0,0,5.900030214054959e-4,3.8999798195720256e-4,6.613330448518586e-4,4.3000301678947886e-4,3.69984221003908e-4,4.699977029457172e-4,9.499940538117015e-4,7.799935214803417e-4,8.099880972042668e-4,2.699996046113612e-4,0.0010999517529752332,0.0034189603580440228,0.0011899492853849698,0.001024898232226082,6.899911656186665e-4,0.0010400012872497908,5.499999999999999e-4,7.700062754592412e-4,0.0016272856115796882,0.0018313999799752154,1.5945781708254732e-4,5.999926999306494e-5,0,0,0,7.11590398908922e-4,2.4987477540941075e-4,7.200015433289606e-4,3.0999280759147116e-4,6.399870917111917e-4,3.799969772538351e-4,0.005699983777896225,0.005869925893153412,0.001959987727594926,0.0024999978991527157,0.0012999812365546042
DNK,0.0014736009871352514,0.0017100199990759503,0.0049800164248562815,0.0016252624822337355,0.003670093426648361,0.006259969248013335,0.0074496329672726815,0.0015743346963943746,0.0078833643255790415,0.0010000041713195927,0.001160030412599226,0.0014044272264436331,0.0015760078481816971,0.0014776000911691453,8.190384930964528e-5,8.067936169524056e-5,7.000036278787439e-5,5.299972397668414e-4,3.5999999999999997e-4,0.00840998427672956,0.008150157152996046,0.009840022350394656,0.012918805967149189,0.016580484243825282,0.011440191886536657,0.017999888082922338,0.009837625849077143,0,0.004350058871479032,0.019158824915328884,0.002259979671040473,0.014036702981162066,0,0,0,0,0,0,0,0,0,0,0,0,0,5.899911556603774e-4,3.9e-4,0.001163122119874642,4.300026580383677e-4,6.500012747622569e-4,4.7000616187611e-4,9.499963660149722e-4,7.800124628597748e-4,8.100051270782978e-4,2.700058113833576e-4,0.0010999963854550713,0.00361994853942788,0.001190021304377706,8.471342973531025e-4,6.900063764545606e-4,0.002560050202741842,5.500062861453357e-4,7.700017874395042e-4,0.0030992677357660967,0.0022934913800661174,1.6000147827854465e-4,5.999905289577118e-5,0,0,0,7.199881755624226e-4,2.4994295291784913e-4,7.199927758714105e-4,3.099952158392522e-4,6.399954245188596e-4,3.7000105797714767e-4,0.006689762443438913,0.005869925893153412,0.001960038240917782,0.0025000608346514176,0.0012999812365546042
DOM,0.0014735827304901497,0.0017099771801249296,0.0042000437998832,0.0016252682554921782,0.0036700093647380225,0.00626009459644427,0.0074496329672726815,0.0015743346963943746,0.0078833643255790415,9.999893824289817e-4,0.0011600401132609722,0.001510009393929578,0.0017800163632644712,0.0025700186915887852,8.190384930964528e-5,8.067936169524056e-5,8.999993003192877e-5,5.299986312411602e-4,3.5999826192752236e-4,0.008409879187131916,0.00814996349984357,0.00975414763699901,0.02125571836424387,0.016222898493544795,0.010753273947099462,0.017999888082922338,0.009837625849077143,0,0.004349975326288564,0.019158824915328884,0.0022600126090851777,0.014036702981162066,0,0,0,0,0,0,0,0,0,0,0,0,0,5.899968123191604e-4,3.899994281228392e-4,7.995902381277985e-4,4.300071348486393e-4,3.6999467163980286e-4,4.699943084803643e-4,9.499940538117015e-4,7.800064006688045e-4,8.100024067760399e-4,2.7000090796283404e-4,0.0011000014956849488,0.0034189603580440228,0.0011900269541778976,8.387674680747785e-4,6.899966778866345e-4,0.0010399916587502027,5.499896867725492e-4,7.699926781646599e-4,0.0016272856115796882,0.002170928853560439,1.5999487332849147e-4,6.046746670661546e-5,0,0,0,7.20027382754213e-4,2.4996561014187897e-4,7.20005820580603e-4,3.0998952148096403e-4,6.400015563293971e-4,3.800077584990831e-4,0.005699959311648835,0.005869925893153412,0.001960078995627028,0.0024999978991527157,0.0012999812365546042
DZA,0.0017679986954733413,0.0017100041126876413,0.004980074797819804,0.0016252696437898562,0.0036700093647380225,0.006259997265157376,0.0074496329672726815,3.921946132402784e-4,0.00810471934609918,0.0010000041713195927,0.0011600200037261844,0.0014044272264436331,0.0015760078481816971,0.0014776000911691453,8.190384930964528e-5,8.067936169524056e-5,7.000006842893997e-5,5.299831023994593e-4,3.5999582855355096e-4,0.00840996034113642,0.008149945743316562,0.0072769848282770696,0.011881029778843803,0.016222898493544795,0.011439922507826428,0.017999888082922338,0.009837625849077143,0,0.004350019052203037,0.013999756668795816,0.002260021302574494,0.014036702981162066,0,0,0,0,0,0,0,0,0,0,0,0,0,5.899950055693908e-4,3.899983653775696e-4,0.0011357560818984324,4.300088963547048e-4,6.500076557954372e-4,4.7000218082481087e-4,9.500032706102959e-4,7.800048744820863e-4,8.036945617408554e-4,2.7000069454720057e-4,0.0011000294699616891,0.0036200890887361946,0.0011900048881769037,7.389319720762275e-4,6.900088972627833e-4,0.002559980324770725,5.562015159349078e-4,7.699982917397854e-4,0.0014528529445149742,0.002230789681761477,1.6000522845441078e-4,6.046746670661546e-5,0,0,0,7.199804969516114e-4,2.910095753052947e-4,7.199971705453774e-4,3.099918003982664e-4,6.400041519618019e-4,3.700022040996253e-4,0.00669002671805878,0.005869982994372934,0.0019600084638171813,0.0024999978991527157,0.0012999812365546042
ECU,0.0014736163696518006,0.0017100138476625704,0.0042,0.0016252641785278721,0.0036700093647380225,0.006260006359828008,0.0074496329672726815,0.0015743346963943746,0.005900051829018795,0.001,0.0011599957658734563,0.0015100122128257714,0.0015760078481816971,0.0012099986980861866,8.190384930964528e-5,8.067936169524056e-5,8.999924256847079e-5,5.300022025738648e-4,3.600010428616123e-4,0.008409924393847223,0.008149948568205195,0.0078740158070167085,0.010990472273630819,0.016222898493544795,0.011439878608923884,0.01799993240731353,0.009837625849077143,0,0.004350074810203742,0.014000073000693506,0.0022599523067938485,0.014036702981162066,0,0,0,0,0,0,0,0,0,0,0,0,0,5.900031672668834e-4,3.9000670690811536e-4,9.198602200117025e-4,4.30011923011412e-4,3.6999692591454045e-4,4.6999913914316045e-4,9.500100633994163e-4,7.799720266516667e-4,8.100015408056702e-4,2.6999788142005387e-4,0.0010999720436119652,0.0034189603580440228,0.0011900200581276353,9.253392905077302e-4,6.900125536449363e-4,0.0010399926717820501,5.499822572901664e-4,7.70008137123658e-4,0.0014889349190621724,0.002057864697411477,1.5999858427125362e-4,5.9999756667315555e-5,0,0,0,7.200000066655079e-4,2.505511422339104e-4,7.200017562089304e-4,3.100001185831683e-4,6.400182627553932e-4,3.8000396746677245e-4,0.0056998705183729965,0.0058699018387944136,0.0019600349132458737,0.0024999978991527157,0.0012999812365546042
EGY,0.0014400018723914614,0.0017099844244530542,0.0049799879172330455,0.00162527024607885,0.0036700093647380225,0.00626017447165748,0.0074496329672726815,3.921904773804987e-4,0.0078833643255790415,0.001,0.0011600011245905787,0.0015100126285405016,0.0015760078481816971,0.0017099763055535172,9.000297404087181e-5,8.067936169524056e-5,7.000013994430217e-5,5.29992315819806e-4,3.600073001581701e-4,0.008409727527374587,0.008149922438178666,0.008104689254570006,0.01399472036222367,0.016579807661789445,0.01144000941952196,0.017999888082922338,0.009837625849077143,0,0.004349898224187548,0.014,0.002260007613474357,0.014036702981162066,0,0,0,0,0,0,0,0,0,0,0,0,0,5.899792759368427e-4,3.9000682497192316e-4,8.390022184886982e-4,4.2999110852202173e-4,6.500041628507202e-4,4.699882928172991e-4,9.499607535321821e-4,7.79992000564666e-4,8.036945617408554e-4,2.6999971479907593e-4,0.0011000397614314116,0.0036200941915227633,0.001190003350491913,0.001160525510075115,6.899787864272237e-4,0.002559997697377889,5.500143406183674e-4,7.699893944950492e-4,0.001530682024004465,0.0017611005418920558,1.60001549826936e-4,5.9999756667315555e-5,0,0,0,7.200053108944626e-4,3.732191884544614e-4,7.199999999999999e-4,3.099944413563091e-4,6.3998778998779e-4,3.700006026395613e-4,0.006689995596857547,0.005869805656501817,0.001959948613315197,0.0024999978991527157,0.0012999812365546042
ESP,0.001473563737552773,0.0017100209904376898,0.0049799250091249955,0.0016252503842813118,0.0036699346405228758,0.006259948366420369,0.0074496329672726815,0.0015743346963943746,0.0078833643255790415,0.0010000041713195927,0.0011599817666714527,0.0015100042773632432,0.0015760078481816971,0.0014776000911691453,8.190384930964528e-5,8.067936169524056e-5,6.999943798122856e-5,5.299914576376485e-4,3.5999999999999997e-4,0.008410205360763928,0.008150374047182649,0.008093014083771836,0.011738368492039122,0.01658028251268387,0.011439797320508416,0.018,0.009837625849077143,0,0.004350023397285915,0.014000486677211339,0.0022600394637300246,0.016270004679457183,0,0,0,0,0,0,0,0,0,0,0,0,0,5.900027969792625e-4,3.8999669091500775e-4,0.001383775890580708,4.3000519120955184e-4,6.499999999999999e-4,4.6999070279949036e-4,9.500085853754262e-4,7.800021965263504e-4,8.099977299609315e-4,2.7000017083212324e-4,0.001099991851811614,0.003619894377966442,0.0011900038153376572,7.843915410913313e-4,6.899822638097732e-4,0.0025599700149925037,5.499952554917682e-4,7.699910956598798e-4,0.0017108808173041752,0.0015583762964977285,1.6e-4,6.0000787773751385e-5,0,0,0,7.195668233382368e-4,2.9163629253090717e-4,7.200124300807954e-4,3.100023758612497e-4,6.400027293197171e-4,3.699877300613497e-4,0.006689957242673897,0.005869963992119031,0.001959965545652011,0.002500058872012245,0.0012999812365546042
EST,0.0014735681635364292,0.0017099557619026761,0.004980026156223992,0.0016252565082686195,0.0036700535660573377,0.006260024676125848,0.0074496329672726815,0.0015743346963943746,0.0078833643255790415,0.0010000041713195927,0.0011599907781373545,0.0015099868194261381,0.0015760078481816971,0.0014776000911691453,8.190384930964528e-5,8.067936169524056e-5,7.000026783083804e-5,5.299971471244692e-4,3.600010428616123e-4,0.008410102927220966,0.008149994126432731,0.010521300181112024,0.01371180914657513,0.01657947245474012,0.011439926999898611,0.017999888082922338,0.009837625849077143,0,0.004349945406332865,0.019158824915328884,0.0022599751140605557,0.014036702981162066,0,0,0,0,0,0,0,0,0,0,0,0,0,5.899969146257527e-4,3.900022956042657e-4,8.365244041971685e-4,4.2998951324522717e-4,6.499941659212011e-4,4.700033145508783e-4,9.500085853754262e-4,7.799956535196613e-4,8.099950866849161e-4,2.7000072127836755e-4,0.001099987589459314,0.0036200188516535307,0.0011899894044083632,7.481997083641282e-4,6.89990512333966e-4,0.0025599583885000947,5.499980212735083e-4,7.700087069179605e-4,0.0016272856115796882,0.0023427697374321637,1.6000383472342054e-4,5.9999999999999995e-5,0,0,0,7.198139631981476e-4,2.5021542822761426e-4,7.199868399407798e-4,3.100036691477094e-4,6.39993701070818e-4,3.699971434919224e-4,0.006690002632775664,0.005870024531699778,0.0019599795702455215,0.0024999978991527157,0.0012999812365546042
ETH,0.0018206010785698377,0.0017999950340169837,0.00497987302376429,0.0018954446455859452,0.0036700093647380225,0.006259830590179739,0.005268835985681631,0.00224113156211774,0.00809995094170595,0.0010000041713195927,8.899959125281013e-4,0.0013000406953084123,0.0015670338932032989,9.999947113545455e-4,8.190384930964528e-5,8.067936169524056e-5,9.999756667315553e-5,5.299875903350609e-4,3.9999170468685193e-4,0.0047468124463235775,0.008150085650283304,0.007780734964369596,0.0019710425216622708,0.015026414369416966,0.008600296233601354,0.017999888082922338,0.009837625849077143,0,0.006692861131828454,0.04081941783009398,0.002260504685136855,0.01539978162533146,0,0,0,0,0,0,0,0,0,0,0,0,0,0.0014566533196759474,4.40006056395732e-4,6.642768423435882e-4,5.09989777373921e-4,3.7000933924819055e-4,5e-4,9.499890566863646e-4,8.00003026359592e-4,8.036945617408554e-4,2.999922257638187e-4,0.00195499945121282,0.0012000061511964078,0.0011900083963056257,0.0012026190835720226,9.00001414807374e-4,0.0016000059794307581,9.999999999999998e-4,5e-4,0.0013999846455030516,0.00391017315154972,1.4093842693699272e-4,6.046746670661546e-5,0,0,0,6.999988935972473e-4,1.07483352750133e-4,5.999932092896918e-4,0.00032640595358267895,7.000123731749566e-4,3.903689810585867e-4,0.006645764889586953,0.005869930180803855,0.001959997437394406,0.0024999978991527157,0.0012999812365546042
FIN,0.0014735598586399046,0.0017099798844980858,0.004979980019351337,0.00190645334710958,0.0036699571999004544,0.006259781782408443,0.0074496329672726815,0.0015743346963943746,0.004387988019734844,0.0010000041713195927,0.0011600193470304278,0.0015100042773632432,0.0015760078481816971,0.0014776000911691453,8.190384930964528e-5,8.067936169524056e-5,7.000040316619855e-5,5.300080207376754e-4,3.599864819195674e-4,0.008409891413450133,0.008150011508993457,0.010521300181112024,0.014745257062208876,0.01657931235856632,0.01144016442822212,0.017999888082922338,0.009837625849077143,0,0.00435007428725184,0.01399990875079843,0.0022600107353730543,0.014036702981162066,0,0,0,0,0,0,0,0,0,0,0,0,0,5.900018421492311e-4,3.8999768869898743e-4,7.144224119383664e-4,4.2999110852202173e-4,6.500082740360747e-4,4.700021808248109e-4,9.500067668155365e-4,7.799943752622188e-4,8.10007199424046e-4,2.699927775338819e-4,0.0010999969480559116,0.003620064176842856,0.0011900281029259114,7.605815886761099e-4,6.900014638148376e-4,0.0025600031959092362,5.500032994588888e-4,7.70002087669465e-4,0.002041937870271897,0.0017302828333626745,1.6000155002712546e-4,5.9997400600028154e-5,0,0,0,7.200125204015473e-4,2.5002255136845873e-4,7.199718520473238e-4,3.099989817737501e-4,6.400190738316232e-4,3.700059512001587e-4,0.0066898608349900595,0.005869925893153412,0.001959957681456784,0.0025000182501733765,0.0012999812365546042
FJI,0.0014735897952275919,0.0017099906934449171,0.004980016424856282,0.0016252506651009719,0.003670093685363183,0.0062597768276149756,0.0074496329672726815,0.0015743346963943746,0.008102743821523685,0.0010000050045917129,0.0011599965315538278,0.0015100260819824406,0.0017799941106430924,0.0017199961479436997,8.190384930964528e-5,8.067936169524056e-5,7.00003576585039e-5,5.29988965283083e-4,3.5999423686485454e-4,0.008410091250670961,0.00815015325462031,0.010301768192920934,0.014517331534700159,0.016579394381817415,0.011439695027982803,0.017999888082922338,0.009837625849077143,0,0.004350023992590195,0.014000073000693506,0.002260060224473036,0.016269786250722125,0,0,0,0,0,0,0,0,0,0,0,0,0,5.899992408330591e-4,3.8998823965425165e-4,0.0010379673892026919,4.30007722466437e-4,4.424288306043768e-4,4.7000154802184926e-4,9.499731038192578e-4,7.799928879406143e-4,8.036945617408554e-4,2.700011627693494e-4,0.0011000325774702113,0.0036201042093554248,0.0011900103683000493,6.456180743060984e-4,6.900118007398667e-4,0.002559979285159424,5.500037409282491e-4,7.700074732987704e-4,0.0016272856115796882,0.0016076327455423112,1.6000193922156416e-4,5.9999589886603654e-5,0,0,0,7.199988546448922e-4,2.4999798907666444e-4,7.200024252713272e-4,3.100026048450117e-4,6.40004016284207e-4,3.700013151549691e-4,0.006689900940360132,0.005870126278919716,0.0019600041398820135,0.002500050694514854,0.0012999812365546042
FRA,0.0014735779356369453,0.0017100333457789909,0.004980026361147724,0.0016252686468596468,0.0036699198603507106,0.006259830590179739,0.0074496329672726815,0.0015743346963943746,0.004971487840145703,0.0010000041713195927,0.0011600048184815537,0.0014044272264436331,0.0015760078481816971,0.001522473075689847,8.190384930964528e-5,8.067936169524056e-5,6.999994733044353e-5,5.299989738929038e-4,3.600062932662052e-4,0.00840985048372911,0.00815019026170692,0.008152532421466949,0.01334306478035232,0.016580484243825282,0.011440191886536657,0.017999888082922338,0.009837625849077143,0,0.0043500332159286045,0.019158824915328884,0.0022600167177486766,0.014036702981162066,0,0,0,0,0,0,0,0,0,0,0,0,0,5.90003117041986e-4,3.900034515488825e-4,0.0012373212984321386,4.300039477255344e-4,6.500012747622569e-4,4.69999063933352e-4,9.499887867234807e-4,7.799984791645545e-4,8.099954055847669e-4,2.700004822298307e-4,0.0011000027740020527,0.003619998112495281,0.0011899970405445399,7.608179513504489e-4,6.900071865167741e-4,0.002559961804190305,5.499942587536869e-4,7.699997507042605e-4,0.0016657679122345738,0.0017461391399820382,1.59998701196291e-4,6.0000233227992015e-5,0,0,0,7.199945217384351e-4,2.655404524540865e-4,7.200007734251131e-4,3.0999844189648693e-4,6.39996893847229e-4,3.7000640888698995e-4,0.006689910655916321,0.0058700133229431135,0.0019600216464858286,0.0025000869051343554,0.0012999812365546042
GAB,0.00182060101172,0.00180000352908,0.00557155290711,0.00189548365353,0.00367003425568,0.00625995824382,0.00526873989595,0.00224111778751,0.00812148233142,0.00100000139044,0.000890007059719,0.001299971487,0.00157600784818,0.00115929039878,8.19038493096e-05,8.06793616952e-05,9.99998838661e-05,0.000529990746841,0.000388072785987,0.00474684514788,0.00814978470392,0.0101403830133,0.015010743319,0.0154254334122,0.00860000929591,0.0179998880829,0.00983762584908,0,0.00419997741724,0.0191588249153,0.00225998114233,0.0144911665172,0,0,0,0,0,0,0,0,0,0,0,0,0,0.0014566697361,0.000439994209232,0.000948065622205,0.000509990238241,0.000370007710706,0.000500003418197,0.000949997488962,0.000799998865082,0.000803694561741,0.000299997000924,0.0019550190173,0.00119999923611,0.0011900156669,0.000725292784753,0.000900023098532,0.00159998095136,0.001,0.000500001724549,0.00148016009226,0.00382790830495,0.00014093870708,8.68224889022e-05,0,0,0,0.000693949184563,0.000101843621492,0.00059999560078,0.000299996175721,0.000700007270573,0.000390000100762,0.00669003703634,0.00586999210005,0.00196002829895,0.00249999789915,0.00129998123655
GBR,0.0014735816041234761,0.0017100215488573785,0.004980029200125143,0.0016252560599618847,0.003669964460666603,0.006260018377660931,0.0074496329672726815,0.0015743346963943746,0.005222424225316438,0.0010000041713195927,0.0011600078183252858,0.0014044272264436331,0.0015760078481816971,0.0014776000911691453,8.190384930964528e-5,8.067936169524056e-5,6.999959694389741e-5,5.299841608704635e-4,3.600057937427578e-4,0.0084099826626517,0.008150033618288349,0.010174963842396675,0.0158849157302649,0.016579609051829022,0.011440054251351297,0.017999888082922338,0.009837625849077143,0,0.004350109264287133,0.013999756668795816,0.0022600107353730543,0.016270004679457183,0,0,0,0,0,0,0,0,0,0,0,0,0,5.899996081630328e-4,3.9000209544763994e-4,0.0013220964223687,4.300000646441661e-4,6.499883034855612e-4,4.699963527922593e-4,9.500067668155365e-4,7.799881746263406e-4,8.099953565219269e-4,2.7000446496780326e-4,0.0010999980284300387,0.0036198943779664414,0.0011900012066122351,7.917769459150402e-4,6.899959508890887e-4,0.002560004752851711,5.4999161827474e-4,7.700036229312875e-4,0.005439394431755181,0.001995675778978244,1.6000093363053908e-4,6.0000456251211916e-5,0,0,0,7.176262504544322e-4,2.502424051494664e-4,7.200092043362651e-4,3.0999973169488343e-4,6.400094063167035e-4,3.700059512001587e-4,0.006690210603385159,0.0058701663334325945,0.0019599699868692554,0.0025000182501733765,0.0012999812365546042
GEO,0.0038853705940297026,0.0017100580065730689,0.0049800378230720746,0.003140031311477098,0.003669994632313473,0.006259876331157678,0.0074496329672726815,0.0015743346963943746,0.008244857269746478,0.001,0.001159965899266594,0.0014044272264436331,0.0015760078481816971,0.0014776000911691453,8.190384930964528e-5,8.067936169524056e-5,7.000024914667265e-5,5.299933348144857e-4,3.600082420817143e-4,0.008361515780327705,0.008915359682685213,0.010521300181112024,0.017246784672878174,0.016222898493544795,0.011439823263855538,0.017999888082922338,0.009837625849077143,0,0.00435007428725184,0.014000073000693506,0.0022600114714777346,0.016270004679457183,0,0,0,0,0,0,0,0,0,0,0,0,0,5.899904781599896e-4,3.900030416708912e-4,7.801659756658606e-4,4.300012138198912e-4,6.500296033155713e-4,4.699850786241727e-4,9.499940538117015e-4,7.800068277205454e-4,8.036945617408554e-4,2.6999534605411877e-4,0.0010999942745906332,0.00361996122735477,0.0011899992525599822,7.468679215557256e-4,6.899995217370511e-4,0.0025600298284862042,5.499973887157704e-4,7.699864191942056e-4,0.0016272856115796882,0.0015211944690495995,1.6e-4,5.9999756667315555e-5,0,0,0,7.188274047062061e-4,2.545469146396358e-4,7.200024252713272e-4,3.1000499481307877e-4,6.399972320254653e-4,3.6999329035269403e-4,0.00669002671805878,0.005869930180803855,0.0019600406917599186,0.0024999978991527157,0.0012999812365546042
GHA,0.001820594903660257,0.0018000268947454925,0.004979722605239679,0.0017609750102182853,0.0036700093647380225,0.006259923350670681,0.005268872723959362,0.0022411209752358557,0.0078833643255790415,9.999954022386853e-4,8.899953205428171e-4,0.0012999690414457646,0.0015670049821315474,0.0019999258263241042,8.999629263470093e-5,8.067936169524056e-5,9.999895515162492e-5,5.30008377213978e-4,3.6421227449699435e-4,0.004747081712062257,0.008150162426543052,0.010580685204047228,0.021524989500209996,0.01502682775486367,0.008599769963632979,0.017999888082922338,0.009837625849077143,0,0.004200004849190186,0.019158824915328884,0.002260504685136855,0.015399313679613164,0,0,0,0,0,0,0,0,0,0,0,0,0,0.0014566604424679497,4.3999746362609235e-4,7.943526673403359e-4,5.099901052115578e-4,3.6999019287348807e-4,5e-4,9.499940538117015e-4,7.999876018969098e-4,7.999911002755063e-4,2.999965038632311e-4,0.0019550140581068415,0.0034189603580440228,0.0011899941600155735,6.008380885862266e-4,9.000000000000001e-4,0.0016000104136835802,0.001,5e-4,0.0016528664890679344,0.003426482878036773,1.4093870450591808e-4,9.999999999999999e-5,0,0,0,6.999896512470248e-4,1.0111412833449868e-4,5.999963253532254e-4,2.9999372214200513e-4,6.999912399145741e-4,3.900059994968164e-4,0.006689957242673897,0.005869805656501817,0.001959997437394406,0.0024999978991527157,0.0012999812365546042
GIN,0.0018205727399887763,0.0017999896926906018,0.005867366772837565,0.0017610136864926744,0.0036700093647380225,0.006259997265157376,0.0052688315097423905,0.0022410705332611353,0.0078833643255790415,0.001000021869555392,8.899859616284511e-4,0.0013000058606341207,0.001567022242396732,0.002000021533624755,8.190384930964528e-5,8.067936169524056e-5,9.99997280177115e-5,5.300226197820276e-4,3.9999999999999996e-4,0.008361515780327705,0.008150114477220692,0.010589520534713204,0.021524726009088477,0.016222898493544795,0.008600054697690073,0.017999888082922338,0.009837625849077143,0,0.004200045777065691,0.04081941783009398,0.002260504685136855,0.014036702981162066,0,0,0,0,0,0,0,0,0,0,0,0,0,0.0014566803138483949,4.4000059961924175e-4,5.487813166630245e-4,4.322484682904401e-4,4.424288306043768e-4,5.000153045607591e-4,9.499929440782409e-4,7.999924210845429e-4,7.999929927156093e-4,3.0000000000000003e-4,0.0019549929676511957,0.0011999839563613028,0.0011397343299678335,6.905390024253157e-4,9.000107965127265e-4,0.0016,0.001,4.999815586618965e-4,0.001400042146670413,0.0040094020660819095,1.5945781708254732e-4,6.046746670661546e-5,0,0,0,7.000111919418018e-4,1.1934110846655724e-4,5.999893230834934e-4,3.0000000000000003e-4,7e-4,3.89989261424651e-4,0.006645764889586953,0.005869930180803855,0.001959997437394406,0.0024999978991527157,0.0012999812365546042
GMB,0.0018205457784955714,0.0017999963435473827,0.005867366772837565,0.0017610000000000002,0.0036700093647380225,0.00626017447165748,0.005268873297612191,0.0022410908656369014,0.008100500261330546,9.999755427472017e-4,8.899941844449206e-4,0.0013000101389029706,0.0015760078481816971,0.0014776000911691453,8.190384930964528e-5,8.067936169524056e-5,9.999957656603523e-5,5.299822713525916e-4,3.6421227449699435e-4,0.008361515780327705,0.008915359682685213,0.010698149097608366,0.014517331534700159,0.01502682775486367,0.008600051773233239,0.017999888082922338,0.009837625849077143,0,0.004199978942196329,0.04082017271816404,0.0022600284702704674,0.014036702981162066,0,0,0,0,0,0,0,0,0,0,0,0,0,0.001456665408768518,3.1385153917022087e-4,9.904117628511072e-4,5.099843445477492e-4,4.424288306043768e-4,4.7274964267277606e-4,9.499940538117015e-4,7.824084164502013e-4,8.036945617408554e-4,3.0000640355183676e-4,0.00124279700139041,0.0012000178269007933,0.0011397343299678335,6.051666483308202e-4,8.99980149164847e-4,0.0016000240731824749,0.0010000000000000002,5.000066440768056e-4,0.001400009895111815,0.003953187054253233,1.4093699515347333e-4,1e-4,0,0,0,7.003536195324114e-4,1.0142102541448493e-4,6.000000000000001e-4,2.9999338711810604e-4,6.999926009355705e-4,3.899995687610505e-4,0.006689980255290748,0.005869991151561118,0.0019600084638171813,0.0024999978991527157,0.0012999812365546042
GNB,0.0018206102634167251,0.0017999860367234174,0.005867366772837565,0.0017609911955813137,0.0036700093647380225,0.006259997265157376,0.005268632211816395,0.0022411134483742152,0.008100035840866554,0.0010000011699614732,8.90017915875605e-4,0.0014044272264436331,0.0015760078481816971,0.001,8.190384930964528e-5,8.067936169524056e-5,9.99983906529121e-5,5.299725180350394e-4,3.999954375399215e-4,0.004746992948983824,0.008915359682685213,0.010448314373187806,0.021433236030613236,0.016222898493544795,0.008599971558589306,0.017999888082922338,0.009837625849077143,0,0.00420013964940649,0.019158824915328884,0.002260504685136855,0.015399964683030195,0,0,0,0,0,0,0,0,0,0,0,0,0,0.001456657937481354,4.400026739755331e-4,0.0011876231404632381,5.100063276219307e-4,3.700114025085519e-4,4.7274964267277606e-4,9.499940538117015e-4,8e-4,7.999908057601913e-4,3.000101389029707e-4,0.001955018786902845,0.0034189603580440228,0.0011397343299678335,7.467540773904701e-4,8.999967973353831e-4,0.001599993695227287,0.0010000185234352327,4.999860346898304e-4,0.0016272856115796882,0.003045351357260912,1.5945781708254732e-4,6.046746670661546e-5,0,0,0,7.000096227867591e-4,1.4954809083307896e-4,5.999978779165385e-4,2.999955667863634e-4,7.000112481721721e-4,3.899944457668809e-4,0.006690148556411285,0.005870286576168929,0.001959997437394406,0.0024999978991527157,0.0012999812365546042
GRC,0.0014735641717539478,0.0017099865918458559,0.004979925342181667,0.0016252512843421938,0.003669987698214213,0.006260078972691376,0.0074496329672726815,0.0015743346963943746,0.0059173533938907804,0.0010000041713195927,0.0011600200978841395,0.001509994815369549,0.0015760078481816971,0.0014776000911691453,8.190384930964528e-5,8.067936169524056e-5,6.999968778016155e-5,5.300146001796946e-4,3.600051773233238e-4,0.008410067202529977,0.00814996349984357,0.007721235647703849,0.011037181452092613,0.01658028251268387,0.01143992116021024,0.017999888082922338,0.009837625849077143,0,0.00434998085676607,0.014000000000000002,0.002259991549824737,0.014036702981162066,0,0,0,0,0,0,0,0,0,0,0,0,0,5.900081341719933e-4,3.8999231786088185e-4,7.660786380297484e-4,4.3000378174483893e-4,6.500012240001958e-4,4.700005217300569e-4,9.499986917501765e-4,7.800169472792248e-4,8.036945617408554e-4,2.699980385596105e-4,0.001100004771220001,0.003619926199261992,0.0011899960966057722,7.430597746481163e-4,6.900065406726566e-4,0.0025600136551493713,5.49998827525375e-4,7.700024591987697e-4,0.0024328713540470856,0.0018573121324456329,1.599993212746462e-4,6e-5,0,0,0,7.192438493740963e-4,3.986799572462118e-4,7.20011798636602e-4,3.0999769188431016e-4,6.400020838488689e-4,3.700047882892127e-4,0.0066902662993572086,0.005870079812304921,0.0019600201518586487,0.0025000456246007845,0.0012999812365546042
GRD,0.0014735781410992312,0.0017099963704909204,0.00497997743091964,0.0016252394613192533,0.0036700428871247375,0.0062600007373815585,0.0074496329672726815,0.0015743346963943746,0.0078833643255790415,0.001,0.0011600032471485975,0.0015100137689322817,0.0017800146561902047,0.001213111675944161,8.190384930964528e-5,8.067936169524056e-5,6.999960572487482e-5,5.299947016228733e-4,3.6421227449699435e-4,0.008409830580649086,0.008149998078918048,0.010314327147154079,0.014517331534700159,0.01658028251268387,0.011440490157736932,0.017999888082922338,0.009837625849077143,0,0.004350094104587546,0.019158824915328884,0.002260504685136855,0.014036702981162066,0,0,0,0,0,0,0,0,0,0,0,0,0,5.900006789941833e-4,3.899956510103038e-4,8.924670745244579e-4,4.299918347905964e-4,6.499920521379749e-4,4.7000330769866866e-4,9.499860118517764e-4,7.800073093054419e-4,8.100108616944244e-4,2.700008646351857e-4,0.0010999903016196296,0.0036201257054899946,0.0011899849716211681,0.0015937190883135298,6.899944822512415e-4,0.0025600359662470602,5.49999710297756e-4,7.700045369469816e-4,0.0016272856115796882,0.0018313999799752154,1.5945781708254732e-4,5.9999999999999995e-5,0,0,0,7.200062082880645e-4,2.488155452399636e-4,7.199728376198964e-4,3.099999053666569e-4,6.39989212371568e-4,3.70014616830236e-4,0.006690251572327044,0.005869925893153412,0.0019600084638171813,0.0024999978991527157,0.0012999812365546042
GTM,0.0014736034882539232,0.0017099778270509977,0.0042000437998832,0.003140020282540506,0.0036700093647380225,0.006259997265157376,0.0074496329672726815,0.002839984426708195,0.008100168083603322,0.001,0.0011600133690929397,0.0014044272264436331,0.0015760078481816971,0.0014776000911691453,8.190384930964528e-5,8.067936169524056e-5,8.999972682781957e-5,5.299966437321698e-4,3.6000292002774024e-4,0.008410064081741133,0.008149922438178666,0.009506598924683987,0.010112969000331436,0.01658045677338617,0.011439434263554102,0.01799981074175713,0.009837625849077143,0,0.0043499766027140846,0.013999421511507789,0.0022599689752714662,0.014036702981162066,0,0,0,0,0,0,0,0,0,0,0,0,0,5.900039723792862e-4,3.899989398820965e-4,8.294702467868684e-4,4.300024000790614e-4,3.7000056610716407e-4,4.6999435285043317e-4,9.499767178873145e-4,7.799950309436691e-4,8.099994150678521e-4,2.699997819593136e-4,0.0010999849011022196,0.0034189603580440228,0.0011900126957257722,9.246614391631309e-4,6.900018425537795e-4,0.0010399935526766465,5.500027683959914e-4,7.700097803242073e-4,0.002443463309436382,0.0018785521001960883,1.6000120327290228e-4,5.999913096376119e-5,0,0,0,7.20009594760248e-4,2.5119186839454193e-4,7.199915116790201e-4,3.0999903947747574e-4,6.399905229489424e-4,3.8000396746677245e-4,0.005700019466614756,0.005870002027761905,0.0019600349132458737,0.0024999978991527157,0.0012999812365546042
GUY,0.0014735785465880898,0.00171,0.004200018249840313,0.0016252372061871692,0.0036700093647380225,0.006260172331258976,0.0074496329672726815,0.0015743346963943746,0.008100131301021864,0.001,0.0011599967529831966,0.0014044272264436331,0.001779976183933315,0.0012860425023114197,8.190384930964528e-5,8.067936169524056e-5,8.999992609196482e-5,5.300056085249579e-4,3.5998938182300823e-4,0.008410064239828693,0.008150113424962913,0.006958403057596477,0.010963540667494475,0.016579855973167603,0.011439805335469896,0.01799932409597837,0.009837625849077143,0,0.0043501086580665675,0.019158824915328884,0.0022600284702704674,0.014036702981162066,0,0,0,0,0,0,0,0,0,0,0,0,0,5.899996800580162e-4,3.899990137094388e-4,9.195360088256796e-4,4.2999368618815164e-4,3.7000562746201466e-4,4.6999740237249973e-4,9.500200240288347e-4,7.800000000000001e-4,8.100003056950997e-4,2.7000560577394715e-4,0.0010999898816148944,0.0034189603580440228,0.0011900130470881272,8.287428612501586e-4,6.90005385858275e-4,0.0010400300114749756,5.499896179401993e-4,7.699999024513963e-4,0.0016272856115796882,0.0024592010607385672,1.5945781708254732e-4,6.046746670661546e-5,0,0,0,7.200082451559709e-4,2.4985927201236045e-4,7.199772641151952e-4,3.100010555203716e-4,6.400095997440068e-4,3.800002774399689e-4,0.0056999435984207555,0.005869930180803855,0.001959997437394406,0.0024999978991527157,0.0012999812365546042
HND,0.001473599156028907,0.0017100118986911439,0.004200018249840313,0.0031399824681377863,0.0036700093647380225,0.00625982672870207,0.0074496329672726815,0.002839972069698797,0.008099876833501288,0.001,0.0011600350640321622,0.0015099868194261381,0.0015760078481816971,0.001209664160898438,8.190384930964528e-5,9.000255502427273e-5,8.999970273939162e-5,5.299981262881769e-4,3.599963500319372e-4,0.008409861717870469,0.008915359682685213,0.010521300181112024,0.016455730497303152,0.01657947245474012,0.011440083108715185,0.017999932407313526,0.009837625849077143,0,0.004349933394815043,0.019158824915328884,0.002259985399937428,0.014036702981162066,0,0,0,0,0,0,0,0,0,0,0,0,0,5.900048479926409e-4,3.8999625376238517e-4,6.143436668116682e-4,4.299970214884828e-4,3.6999796623957696e-4,4.699882928172991e-4,9.499607535321821e-4,7.799998387430558e-4,8.100229377776487e-4,2.6999485331960884e-4,0.0011,0.0034189603580440228,0.0011900716750730025,8.931721525071744e-4,6.899944822512414e-4,0.0010400074145015291,5.5e-4,7.700047273674125e-4,0.0016272856115796882,0.0023113079285487495,1.5999741918833473e-4,5.999926999306493e-5,0,0,0,7.200015769521924e-4,2.498299612709461e-4,7.200123915737297e-4,0.00032640595358267895,6.400111219240928e-4,3.8000453411924734e-4,0.005699987022256829,0.005869925893153412,0.001960026679546448,0.0024999978991527157,0.0012999812365546042
HRV,0.0014735779356369453,0.0017100167663249106,0.0049800651392632525,0.0016252561735826845,0.003669940036499522,0.006259923350670681,0.0074496329672726815,0.0015743346963943746,0.00474682477814786,0.0010000041713195927,0.0011599900111971258,0.0014044272264436331,0.0015760078481816971,0.0014776000911691453,8.190384930964528e-5,8.067936169524056e-5,7.000010934100178e-5,5.299969663554372e-4,3.600098985399653e-4,0.008410157472103453,0.00814996349984357,0.007801698040656951,0.013527847230110326,0.016222898493544795,0.011439775081385023,0.017999888082922338,0.009837625849077143,0,0.004350019052203037,0.01399991889042096,0.0022599974150187413,0.01626997125476302,0,0,0,0,0,0,0,0,0,0,0,0,0,5.900103058568709e-4,3.8999875284651236e-4,9.337886985228062e-4,4.299991315028722e-4,6.500045310376076e-4,4.69980601357905e-4,9.499607535321821e-4,7.799787666519064e-4,8.036945617408554e-4,2.700079160103308e-4,0.0011000393236335036,0.003619918576900708,0.001190000657580028,7.135550886356183e-4,6.900028421202218e-4,0.0025600434807483263,5.500064632188985e-4,7.700000649405469e-4,0.0014404356931867705,0.001637958200462448,1.5999999999999999e-4,5.999856866814571e-5,0,0,0,7.193087105629233e-4,2.5727803715052246e-4,7.199976583538227e-4,3.100051699273489e-4,6.400076533052713e-4,3.700019549442841e-4,0.006689941917669089,0.0058700706530326625,0.0019599699868692554,0.0024999978991527157,0.0012999812365546042
HTI,0.0014735969422812964,0.001710021318366924,0.005867366772837565,0.0016252575975826264,0.0036700093647380225,0.006259997265157376,0.0074496329672726815,3.921938804275163e-4,0.008099940393403537,0.0010000025455397055,0.0011599946175065601,0.001510070725376334,0.0017799851874089679,0.001210023843309876,9.000184859968574e-5,8.99990875079843e-5,9.00006116101073e-5,5.300215352045844e-4,3.599963500319372e-4,0.008410121281837974,0.008149896308585649,0.009880552809798005,0.014517331534700159,0.016222898493544795,0.011439954760435944,0.017999888082922338,0.009837625849077143,0,0.0043501015947293884,0.0139996157909903,0.002260504685136855,0.014036702981162066,0,0,0,0,0,0,0,0,0,0,0,0,0,5.900014188227432e-4,3.9000399940008996e-4,0.0017325102524510317,4.2999414922032e-4,3.699891657638137e-4,4.700085689802913e-4,9.4996970483857e-4,7.800000000000001e-4,8.099908497232302e-4,2.7000107330685843e-4,0.0011000022097494143,0.0034189603580440228,0.0011899849310304856,0.0012657202165010362,6.899922140036704e-4,0.0010399681413366156,5.500025955149501e-4,7.699868442939015e-4,0.0014445122748877165,0.0018108928370777421,1.5945781708254732e-4,5.999926999306493e-5,0,0,0,7.090994031461689e-4,3.1281198003327786e-4,7.200020372130925e-4,3.0999903947747574e-4,6.399970773052755e-4,3.8000892680023805e-4,0.005699824800467199,0.005869930180803855,0.001959997437394406,0.0024999978991527157,0.0012999812365546042
HUN,0.0014736064009718355,0.0017099749637633417,0.004980029200125143,0.0016252506651009719,0.00366984183506929,0.006260019934580883,0.0074496329672726815,0.0015743346963943746,0.0078833643255790415,0.0010000041713195927,0.0011599924378829043,0.0014044272264436331,0.0015760078481816971,0.0014776000911691453,8.190384930964528e-5,8.067936169524056e-5,7.00012612839871e-5,5.299963500016591e-4,3.600085165921465e-4,0.008409920449227889,0.008150009723406484,0.008249349417615787,0.011914756998094755,0.016222898493544795,0.0114399796484941,0.017999888082922338,0.009837625849077143,0,0.004350073383957629,0.01399990875079843,0.002260000973330738,0.016269536733738887,0,0,0,0,0,0,0,0,0,0,0,0,0,5.899893248251791e-4,3.9000006287686826e-4,0.001027892839170442,4.299956611869064e-4,6.500349857365842e-4,4.6999530442948814e-4,9.4999080149629e-4,7.800050920818128e-4,8.036945617408554e-4,2.700050629211489e-4,0.0011000456829602559,0.0036200188516535307,0.0011899987865410062,7.729360554104811e-4,6.899990360000428e-4,0.0025600278044420905,5.499932125255223e-4,7.700102704553235e-4,0.0018453930108091091,9.438146228556084e-4,1.5999735519703782e-4,5.9999589886603654e-5,0,0,0,7.172892565781474e-4,2.513026005910875e-4,7.200011588156904e-4,3.1000513771304753e-4,6.400280630142228e-4,3.700066949341665e-4,0.0066900266043735,0.005869925893153412,0.0019599741389443987,0.002499954375399215,0.0012999812365546042
IDN,0.0014735789639024463,0.0010000043903167174,0.005867366772837565,0.0016252561655516618,0.0036700093647380225,0.006259976640062293,0.00559588737899757,0.0015743346963943746,0.0078833643255790415,0.0010000164281242184,0.0011600069856793572,9.999857399537973e-4,0.0015760078481816971,0.002,8.190384930964528e-5,8.067936169524056e-5,9.000099594354884e-5,2.8999728514976926e-4,3.6000292002774024e-4,0.014700086783398845,0.008149941600155733,0.008339459856955904,0.017017645766316335,0.014200055725828923,0.011440230155002347,0.017999888082922338,0.009837625849077143,0,0.004349979332236252,0.013999452504790583,0.002260504685136855,0.014036702981162066,0,0,0,0,0,0,0,0,0,0,0,0,0,5.900009863121788e-4,3.9000533927090555e-4,9.914226674774035e-4,4.300015830299192e-4,3.700005328502158e-4,4.799876041594932e-4,9.499940538117015e-4,7.799906866783682e-4,8.036945617408554e-4,2.6999819754866625e-4,0.0011,0.00206001504136375,0.0011899941600155733,9.120179760758522e-4,6.900088972627833e-4,0.0025600473279432066,5.50006782551402e-4,0.0023600268231904697,0.0019527863760206096,0.001393320970776595,1.6000255330014045e-4,5.999854003941893e-5,0,0,0,6.999503613124817e-4,3.1227766227766225e-4,7.200033107405944e-4,3.1000644504043743e-4,5.500096337608641e-4,3.8000708466170746e-4,0.006690055930849132,0.005869923382683335,0.0019600084638171813,0.0024999978991527157,0.0012999812365546042
IND,0.001648276831477549,0.0012260174777147458,0.01,0.00190645334710958,0.0036700093647380225,0.006259976640062293,0.009594460970867334,8.18200219767509e-6,0.0078833643255790415,0.0010000276766810123,9.967833044725464e-4,0.0014044272264436331,0.0015760078481816971,0.0014776000911691453,7.000067649844405e-5,6.999944133037858e-5,8.999998180458487e-5,5.300010138902971e-4,3.599985400038933e-4,0.01,0.01,0.01264398194031494,0.01953552393672526,0.009999999999999998,0.01,0.017999888082922338,0.01,0,0.01,0.019999270019709466,0.002260504685136855,0.014036702981162066,0,0,0,0,0,0,0,0,0,0,0,0,0,5.883746413477337e-4,3.1385153917022087e-4,4.622962122251834e-4,4.3000737601781816e-4,4.424288306043768e-4,4.799940971026613e-4,9.4995986085095e-4,7.799897031062296e-4,8.036945617408554e-4,2.6999405180338506e-4,0.00110001233958539,0.003620024448009779,0.0011397343299678335,2.483553746962697e-5,6.900088972627833e-4,0.001800059795201435,5.5e-4,7.700059092464155e-4,0.001449998602141519,0.0022800476921512125,1.5945781708254732e-4,6.046746670661546e-5,0,0,0,7.200020572956848e-4,3.689324103431681e-4,8.999952446621332e-4,0.0010999876061225753,5.805367116498083e-4,4.999900815298248e-4,0.006689819935406804,0.005869930180803855,0.0019600084638171813,0.0024999978991527157,0.0012999812365546042
IRL,0.0014735729141057417,0.0017099695050433966,0.004980046719875414,0.0016252774392645484,0.0036700955667640033,0.006260028924623808,0.0074496329672726815,0.0015743346963943746,0.005324049556571616,0.0010000041713195927,0.001159985417819964,0.0014044272264436331,0.0015760078481816971,0.0014776000911691453,8.190384930964528e-5,8.067936169524056e-5,7.000038259938019e-5,5.299991511633577e-4,3.5999826192752236e-4,0.008410109248351207,0.008149980392748333,0.008011029190188241,0.013668934735777332,0.016580373920214133,0.011440128568315538,0.01799981074175713,0.009837625849077143,0,0.004350036808135454,0.01399990875079843,0.002260057302091919,0.016269952685488483,0,0,0,0,0,0,0,0,0,0,0,0,0,5.900130647623945e-4,3.8999975485589614e-4,0.0021594204608110265,4.3000111165490766e-4,6.499868108678448e-4,4.700020255215718e-4,9.500005574902532e-4,7.799999268361386e-4,8.099917600024414e-4,2.6999874502136765e-4,0.0010999999999999998,0.0036200188516535307,0.0011900247838550887,7.790401100803086e-4,6.90001378034136e-4,0.0025599947039157923,5.500053046645683e-4,7.699925126198584e-4,0.0023883351874134447,0.0018365647031597392,1.5999907980399826e-4,6e-5,0,0,0,7.199912877857536e-4,2.500293867473988e-4,7.199796865931514e-4,3.0999891158437035e-4,6.4e-4,3.699986114141755e-4,0.0066902046853380415,0.0058699715742553445,0.001959962971534367,0.0025000456246007845,0.0012999812365546042
IRN,0.0038853866581127624,0.0017099536817280164,0.004980095813847382,0.0031400289080635974,0.0036700093647380225,0.006259997265157376,0.0074496329672726815,0.0015743346963943746,0.0078833643255790415,0.0010000041713195927,0.0011600340993991097,0.0014044272264436331,0.0015760078481816971,0.0014776000911691453,8.190384930964528e-5,8.067936169524056e-5,7.000066996150298e-5,5.300215352045844e-4,3.6000478697941596e-4,0.00840998673577859,0.008915359682685213,0.007510882040472448,0.01309808945263145,0.016222898493544795,0.011439997460881708,0.017999888082922338,0.009837625849077143,0,0.004350027119869825,0.019158824915328884,0.0022599689752714662,0.016270004679457183,0,0,0,0,0,0,0,0,0,0,0,0,0,5.899999534070433e-4,3.9000519985199164e-4,8.719785983945958e-4,4.3000536700956674e-4,6.500028735396262e-4,4.700017930787162e-4,9.500066761616522e-4,7.800055494465969e-4,8.036945617408554e-4,2.700083651472851e-4,0.0010999797098508674,0.0036199874493976943,0.0011900010441024955,7.662890617529311e-4,6.899914094139435e-4,0.0025599978256733618,5.562015159349078e-4,7.699900407464339e-4,0.0013999830587438059,0.0019288559880028082,1.5999999999999999e-4,5.999926999306493e-5,0,0,0,7.199960753385838e-4,2.8073048083259616e-4,7.199929447041186e-4,3.1000043660495987e-4,6.399976206055559e-4,3.700010579771476e-4,0.006689951819948114,0.005869930180803855,0.001959997437394406,0.002500018250173377,0.0012999812365546042
IRQ,0.003885347563311968,0.0017099763830673675,0.004979970535167437,0.0031399237036688174,0.0036700093647380225,0.006259997265157376,0.0074496329672726815,0.0015743346963943746,0.0078833643255790415,0.0010000041713195927,0.0011600060145743405,0.0014044272264436331,0.0015760078481816971,0.0014776000911691453,8.190384930964528e-5,8.067936169524056e-5,7.000055877516483e-5,5.300089847259659e-4,3.599963500319372e-4,0.008409983229752392,0.008150093857545103,0.007586710200443305,0.011997554192905418,0.016222898493544795,0.010753273947099462,0.017999252921610132,0.009837625849077143,0,0.004350015793352754,0.013999970799935759,0.0022599627560521414,0.014036702981162066,0,0,0,0,0,0,0,0,0,0,0,0,0,5.900040034556144e-4,3.899982329033398e-4,8.952386422582013e-4,4.299978465293231e-4,6.499820546092046e-4,4.699850786241727e-4,9.499940538117015e-4,7.800273753849663e-4,8.036945617408554e-4,2.699984033210921e-4,0.00124279700139041,0.003619984095381276,0.0011899710046051509,7.204950749108526e-4,6.900024384296513e-4,0.0025599801026285475,5.562015159349078e-4,7.700103742718058e-4,0.0014499626276887302,0.0020819591607606487,1.6e-4,6.046746670661546e-5,0,0,0,7.200056072473672e-4,3.3302836230558096e-4,7.199873464438234e-4,3.0999108822655705e-4,6.400171318438147e-4,3.700137055471399e-4,0.006645764889586953,0.005869930180803855,0.001959997437394406,0.0024999978991527157,0.0012999812365546042
ISL,0.0014735578275959105,0.0017100126072634107,0.005867366772837565,0.00190645334710958,0.00367002580803736,0.006259965421189127,0.0074496329672726815,0.0015743346963943746,0.0078833643255790415,0.0010000041713195927,0.0011599924378829043,0.0015100344935716527,0.0015760078481816971,0.0014776000911691453,8.190384930964528e-5,8.067936169524056e-5,7.000012883520095e-5,5.300047421287848e-4,3.599961353071894e-4,0.008410000966173203,0.008149499963500985,0.010521300181112024,0.01618807251775279,0.016579951554567474,0.011440191886536657,0.017999729632299927,0.00644997627477461,0,0.004350078575170247,0.019158824915328884,0.002259914367937109,0.014036702981162066,0,0,0,0,0,0,0,0,0,0,0,0,0,5.900092456626965e-4,3.900011265429615e-4,0.001197638429048236,4.300071587285354e-4,6.499982921747446e-4,4.699993851072987e-4,9.499968177864522e-4,7.800011463580841e-4,8.036945617408554e-4,2.699942364541178e-4,0.0010999906812039885,0.003620031130268199,0.0011899835645695503,7.501846172164353e-4,6.899823170610558e-4,0.0025600642932602255,5.500141756230831e-4,7.700026963341579e-4,0.001447315282651422,0.0018313999799752154,1.600003159407927e-4,5.999990419941849e-5,0,0,0,7.199871120618458e-4,2.4998832590861117e-4,7.200086617583369e-4,3.099990579368818e-4,6.399997465222055e-4,3.903689810585867e-4,0.006690103401037139,0.005869930180803855,0.0019600084638171813,0.0024999978991527157,0.0012999812365546042
ISR,0.001473577235772358,0.0017100070708786456,0.00497988978744722,0.0016252558111716998,0.003669951637923168,0.006259818378252109,0.0074496329672726815,0.0015743346963943746,0.0078833643255790415,0.0010000041713195927,0.0011600032793891734,0.0015099828419903292,0.0015760078481816971,0.0014776000911691453,8.190384930964528e-5,8.067936169524056e-5,7.000044976318238e-5,5.300036834879282e-4,3.599864819195674e-4,0.008409727527374587,0.0081499154277575,0.007281708419395855,0.014334266918147525,0.016579979925175653,0.011439892256943767,0.01799993240731353,0.009837625849077143,0,0.004349983676134509,0.014000076519876038,0.0022600305585422447,0.016269922100801013,0,0,0,0,0,0,0,0,0,0,0,0,0,5.899993258125879e-4,3.9000376078685147e-4,9.23598813367942e-4,4.299976167147737e-4,6.500016285053578e-4,4.6999696171764224e-4,9.499940538117015e-4,7.800090882940273e-4,8.036945617408554e-4,2.7000881065070414e-4,0.0010999783127304272,0.0036200437307633386,0.0011900007582842556,9.739317786559769e-4,6.900030919949878e-4,0.0025600319283386177,5.499872274215647e-4,7.700015778382295e-4,0.0016272856115796882,0.001769753974418721,1.6000161381424997e-4,6.046746670661546e-5,0,0,0,7.200024974342765e-4,2.569431937313928e-4,7.199885182375495e-4,3.100040949311874e-4,6.399988802888854e-4,3.700059512001587e-4,0.006690098956361866,0.00586997664987096,0.0019599679197310716,0.0024999978991527157,0.0012999812365546042
ITA,0.001473572960122466,0.0017100118150106896,0.004979971923256902,0.001625260446659477,0.0036700385858796534,0.0062600374519947944,0.0074496329672726815,0.0015743346963943746,0.007012329849225522,0.0010000041713195927,0.001160005515643047,0.001510003077870114,0.0015760078481816971,0.0014776000911691453,8.190384930964528e-5,8.067936169524056e-5,6.99997717909444e-5,5.299981750159686e-4,3.599985400038933e-4,0.008410034568664184,0.00815018493284018,0.00819435018587493,0.01280528877315883,0.01658028251268387,0.011440499138825838,0.017999888082922338,0.009837625849077143,0,0.004349952839500756,0.019158824915328884,0.0022600251040496796,0.014036702981162066,0,0,0,0,0,0,0,0,0,0,0,0,0,5.899992122607241e-4,3.9000259343254597e-4,0.0019895693815220523,4.300019465345453e-4,6.499973088619176e-4,4.6999244142101283e-4,9.499907045919316e-4,7.799878954351825e-4,8.099630996309963e-4,2.699972776377019e-4,0.0010999955685544625,0.0036199453053783045,0.0011900030416708912,7.493755819418995e-4,6.899943788645307e-4,0.002560004752851711,5.500057904376285e-4,7.699993339106108e-4,0.0014744716092895496,0.0014601204383093164,1.599996736665198e-4,6.0000193633335916e-5,0,0,0,7.200159956783606e-4,2.657571417960542e-4,7.200037175872858e-4,3.099932215123239e-4,6.400027866796711e-4,3.6999956640506443e-4,0.006690387092816392,0.005870078415187783,0.0019600408341840458,0.0024999519738737874,0.0012999812365546042
JAM,0.001473552706463702,0.0017100661272066015,0.004980046719875414,0.0016252220248667852,0.0036700093647380225,0.006260012166683565,0.0074496329672726815,0.0015743346963943746,0.0078833643255790415,0.001,0.0011600091588434879,0.0015099912205108288,0.0017800413443249225,0.0012100003169337715,8.190384930964528e-5,8.067936169524056e-5,6.999987334637866e-5,5.299950183936235e-4,3.599962148351426e-4,0.00841005828775508,0.008149931710073942,0.009396251443528738,0.014517331534700159,0.01658028251268387,0.011439931171133592,0.01799932409597837,0.009837625849077143,0,0.004350003581247487,0.014000073000693506,0.0022600284702704674,0.014036702981162066,0,0,0,0,0,0,0,0,0,0,0,0,0,5.900061496217267e-4,3.8999701754227406e-4,7.100797061511109e-4,4.299996716192455e-4,6.500036806550433e-4,4.699859101879107e-4,9.500085853754262e-4,7.800060965667823e-4,8.10020113366246e-4,2.7000467945718297e-4,0.0010999570590199915,0.0034189603580440228,0.0011899863376999115,9.586019562445926e-4,6.900016356286656e-4,0.0025600410537119397,5.499985478202782e-4,7.700019646916836e-4,0.0016272856115796882,0.0015416841768649944,1.599980791394545e-4,6.000121669302835e-5,0,0,0,7.200044215920332e-4,4.453572420547423e-4,7.199936943710135e-4,3.099990394774758e-4,6.400034171483897e-4,3.7000105880081465e-4,0.006689890115519582,0.005869925893153412,0.0019600042890842804,0.0024999978991527157,0.0012999812365546042
JOR,0.0038854207860073496,0.001710005494037247,0.004980046719875414,0.003140027566491398,0.0036700093647380225,0.006259976640062293,0.0074496329672726815,0.0015743346963943746,0.00811015573403257,0.0010000041713195927,0.0011600037868901955,0.0015099839468273861,0.0015760078481816971,0.0014776000911691453,8.190384930964528e-5,8.067936169524056e-5,7.000004501726412e-5,5.300111527932678e-4,3.600085165921465e-4,0.008409567445833656,0.008150055763966338,0.007083403467429726,0.012008540762010415,0.01658028251268387,0.011439912400766493,0.01800005407451468,0.009837625849077143,0,0.004349910394265233,0.014,0.0022599614721687117,0.016269911090313526,0,0,0,0,0,0,0,0,0,0,0,0,0,5.899994768992916e-4,3.900177795561528e-4,8.651039919526424e-4,4.3001679499557813e-4,6.499846295727022e-4,0.00046999525053431494,9.500000000000001e-4,7.800190843929609e-4,8.036945617408554e-4,2.700006717270102e-4,0.0010999914799352474,0.0036199699993478118,0.001190025278860032,7.876941751562783e-4,6.900008169267218e-4,0.002559975590220832,5.500043020621217e-4,7.69992322647165e-4,0.0026909618820726623,0.0021808917027505803,1.599986426414198e-4,5.999910976586843e-5,0,0,0,7.199743026195863e-4,3.16869358577131e-4,7.20038198312908e-4,3.1001029159519726e-4,6.399992338779185e-4,3.7001858352260996e-4,0.006689951819948114,0.005869925893153412,0.0019600084638171813,0.0024999978991527157,0.0012999812365546042
JPN,0.0014736146818920234,0.002100035126941353,0.004980032206119162,0.0016252513993073876,0.0036701098660437276,0.006259799985400394,0.005596166160870897,0.0015743346963943746,0.010055208887357388,0.001,0.0011599905655750914,0.0015099748480729876,0.0017800252361105803,0.001580711864791094,8.190384930964528e-5,8.999927001970946e-5,8.999907488393998e-5,2.899995476640327e-4,3.599961353071894e-4,0.008370161519463203,0.008150114477220692,0.008021620056463091,0.011495760043239359,0.016579926016292157,0.011439953707825159,0.017999888082922338,0.009837625849077143,0,0.004350019052203037,0.013999324095978372,0.0025099766400622932,0.014036702981162066,0,0,0,0,0,0,0,0,0,0,0,0,0,5.899964963317655e-4,3.9000748137787457e-4,7.703862161846953e-4,4.2999787058725495e-4,3.699921932118118e-4,4.6999297259311317e-4,9.499885242139085e-4,7.799947406482151e-4,8.036945617408554e-4,2.6999518566584336e-4,0.0010999960240149498,0.0036199261992619926,0.001189994160015573,8.009439698347819e-4,6.899997844626295e-4,0.002560011121752294,5.500055934668307e-4,7.70004439893805e-4,0.0019023504416811503,0.0014347782074906118,1.6000116631677164e-4,6.046746670661546e-5,0,0,0,7.200003916274501e-4,2.499837122060338e-4,7.199980486535709e-4,3.099923744720788e-4,5.50019696318579e-4,3.7999697944863327e-4,0.006689873892808887,0.005870044469079502,0.0019599855678022323,0.002499894714676774,0.0013000036869077905
KAZ,0.0014735992838829242,0.0017099941478639705,0.004980063874947927,0.0016252646831780094,0.003669951637923168,0.0062600057753393005,0.005596015911297648,0.0015743346963943746,0.008426130078076756,0.0010000041713195927,0.001160021641624237,0.0014044272264436331,0.0015760078481816971,0.0014776000911691453,8.190384930964528e-5,8.067936169524056e-5,6.999943926379249e-5,5.299875570302779e-4,3.599963500319372e-4,0.008361515780327705,0.008149945743316562,0.010521300181112024,0.013416594488761847,0.01657947245474012,0.011439490719369626,0.01799932409597837,0.009837625849077143,0,0.004350191275050012,0.019158824915328884,0.0022600433287806717,0.014036702981162066,0,0,0,0,0,0,0,0,0,0,0,0,0,5.899961130448833e-4,3.8999539445934076e-4,6.829920005242678e-4,4.300023997653563e-4,6.499961939560021e-4,4.699850786241727e-4,9.499825571254143e-4,7.799979485075392e-4,8.036945617408554e-4,2.6999642467475754e-4,0.0010999914799352474,0.003620076476722732,0.0011899889121188886,0.0010479364742884798,6.899901970195449e-4,0.0025600123973965466,5.499839442951546e-4,7.699831257187692e-4,0.0014437497412486096,0.0017325011778886593,1.600010714955399e-4,6.000212622701018e-5,0,0,0,7.192602609225729e-4,2.5183138492310803e-4,7.200099862688803e-4,3.100033084664724e-4,6.400058918839299e-4,3.699977000919963e-4,0.006690026462268454,0.005869925893153412,0.0019600349132458737,0.0024999978991527157,0.0012999812365546042
KEN,0.0018205908267691052,0.0018000028404652681,0.004980107311019455,0.0018954440300412282,0.0036700093647380225,0.006259828149950574,0.005268726111356379,0.0022411129233269006,0.008088458031258145,9.999861263336064e-4,8.899992883502943e-4,0.001300004676612262,0.0015670284363063116,0.0010473630711203257,9.000049897709696e-5,1e-4,9.999929536609255e-5,5.300029199922134e-4,3.99990478306408e-4,0.00474679210455804,0.008149910379664331,0.010060192740855779,0.012798770855456105,0.015026711351494838,0.008600288600288601,0.017999888082922338,0.009837625849077143,0,0.004199912261460846,0.040820210658045676,0.002260504685136855,0.014036702981162066,0,0,0,0,0,0,0,0,0,0,0,0,0,0.0014566723629019728,4.4000048231123545e-4,4.7956163731310787e-4,5.100026567481403e-4,3.6999692591454045e-4,4.999931132322356e-4,9.500090432266232e-4,7.99990588899607e-4,8.000255253977708e-4,3e-4,0.001954935820482039,0.001199977079990832,0.0011900486181069597,9.66608312669457e-4,8.999958658894539e-4,0.0016000045210000453,0.001,4.999905678173929e-4,0.0014101296016538127,0.004089215422584384,1.4094285986029358e-4,1e-4,0,0,0,7.000122439816011e-4,1.094342872020554e-4,5.999960973325268e-4,2.9999519738737874e-4,6.999907204058276e-4,3.8999424728729845e-4,0.00669002671805878,0.005869930180803855,0.001959997437394406,0.0024999978991527157,0.0012999812365546042
KGZ,0.0014735792182527063,0.0017099967686025673,0.004980107311019454,0.0016252553889295493,0.0036699435468172084,0.006260010735373054,0.0074496329672726815,0.0015743346963943746,0.005704368651382319,0.0010000041713195927,0.0011600224451932613,0.0014044272264436331,0.0015760078481816971,0.0014776000911691453,8.190384930964528e-5,8.067936169524056e-5,7e-5,5.299975827894609e-4,3.600067385444744e-4,0.008410044895426506,0.008149896308585649,0.010521300181112024,0.012848407069899294,0.016222898493544795,0.01143995619905098,0.017999888082922338,0.009837625849077143,0,0.006692861131828454,0.019158824915328884,0.002260060224473036,0.016270004679457183,0,0,0,0,0,0,0,0,0,0,0,0,0,5.899962897128044e-4,3.8999285907758986e-4,7.92689117642084e-4,4.2999955960716955e-4,6.49997335748921e-4,4.6999070279949036e-4,9.499990188190507e-4,7.80009189934319e-4,8.036945617408554e-4,2.700025306653919e-4,0.0011000122689350563,0.0036199261992619926,0.001189987890655193,7.606664824363582e-4,6.899882144209536e-4,0.0025600073572238737,5.499942176477391e-4,7.700022266755735e-4,0.0014401784831845701,0.0020094145844568277,1.599990603490803e-4,6.000091249201569e-5,0,0,0,7.188175228378743e-4,2.557087508285008e-4,7.199849099311516e-4,3.1000864470271826e-4,6.400090313840596e-4,3.6999590457663557e-4,0.006689831374552888,0.005869930180803855,0.0019600084638171813,0.0024999978991527157,0.0012999812365546042
KHM,0.00147357265415,0.00136666006555,0.00501573031925,0.00171898755456,0.00366997138202,0.00625993599531,0.00744963296727,0.00157433469639,0.00815757546828,0.00100000112754,0.0011599887859,0.00113481064449,0.00164401452899,0.00155562987859,8.73013454137e-05,8.37857621341e-05,9.00002505902e-05,0.000290004734604,0.000361401658267,0.0125872678895,0.00840492736145,0.0114581039819,0.0153625738569,0.0149934780854,0.0114400534994,0.0179999028577,0.00983762584908,0,0.00591194128613,0.0157195680371,0.0023435175002,0.0140367029812,0,0,0,0,0,0,0,0,0,0,0,0,0,0.000589458008999,0.000364622202678,0.000671510206651,0.000430001118503,0.00039414109459,0.000477590101097,0.000949998825856,0.000780001433313,0.000803694561741,0.000270000146793,0.00110000054459,0.00341896035804,0.00119000171569,0.000826625299694,0.000689999753449,0.00255996872463,0.000549995376955,0.00182997692259,0.00161590144114,0.00144697105379,0.000159820235734,6.03119920916e-05,0,0,0,0.000713750110058,0.000269683983274,0.000719984913015,0.000315466580626,0.000550002251964,0.000379992289145,0.006660530436,0.00587000382516,0.00196001976506,0.00250000468283,0.00129998123655
KIR,0.00147357265415,0.00136666006555,0.00501573031925,0.00171898755456,0.00366997138202,0.00625993599531,0.00744963296727,0.00157433469639,0.00815757546828,0.00100000112754,0.0011599887859,0.00113481064449,0.00164401452899,0.00155562987859,8.73013454137e-05,8.37857621341e-05,9.00002505902e-05,0.000290004734604,0.000361401658267,0.0125872678895,0.00840492736145,0.0114581039819,0.0153625738569,0.0149934780854,0.0114400534994,0.0179999028577,0.00983762584908,0,0.00591194128613,0.0157195680371,0.0023435175002,0.0140367029812,0,0,0,0,0,0,0,0,0,0,0,0,0,0.000589458008999,0.000364622202678,0.000671510206651,0.000430001118503,0.00039414109459,0.000477590101097,0.000949998825856,0.000780001433313,0.000803694561741,0.000270000146793,0.00110000054459,0.00341896035804,0.00119000171569,0.000826625299694,0.000689999753449,0.00255996872463,0.000549995376955,0.00182997692259,0.00161590144114,0.00144697105379,0.000159820235734,6.03119920916e-05,0,0,0,0.000713750110058,0.000269683983274,0.000719984913015,0.000315466580626,0.000550002251964,0.000379992289145,0.006660530436,0.00587000382516,0.00196001976506,0.00250000468283,0.00129998123655
KOR,0.0014735702511540025,0.0020999876712217732,0.004980105882739798,0.0016252536794174326,0.0036701098660437276,0.006259997265157376,0.005595884839417225,0.0015743346963943746,0.008878547388540325,0.001,0.0011599826820390296,0.0015099472037785775,0.0015760078481816971,0.001956000456325702,8.190384930964528e-5,8.067936169524056e-5,8.999930623005411e-5,2.90010059922145e-4,3.599967556168383e-4,0.008369886057066683,0.008150018250395425,0.013260154190210453,0.009122040994665733,0.01657999487883796,0.011439823263855538,0.01799993240731353,0.009837625849077143,0,0.004349950163547794,0.014000247463499134,0.0025099917875718585,0.01220021726414306,0,0,0,0,0,0,0,0,0,0,0,0,0,5.90020638582008e-4,3.899999284482574e-4,9.664742443274458e-4,4.2999873238300473e-4,3.700007612087996e-4,4.700071241985277e-4,9.499990188190507e-4,7.799975059234319e-4,8.036945617408554e-4,2.7000467945718297e-4,0.0011,0.0034189603580440228,0.0011899960717559252,8.312493430658321e-4,6.90004626467802e-4,0.002560011406979646,5.499952693765409e-4,7.700017936462718e-4,0.0014516881037566725,0.0013189117014052426,1.5999999999999999e-4,5.9999999999999995e-5,0,0,0,7.149440074294537e-4,2.504486365027204e-4,7.199772641151952e-4,3.100024024985985e-4,5.500159463893916e-4,3.8000214454214025e-4,0.006690077895543353,0.005869964713088942,0.0019599728012078834,0.0024999999999999996,0.0013000079121501477
KWT,0.0038853553402238795,0.0017100160032803879,0.0049800164248562815,0.0031399822432672387,0.0036700093647380225,0.006259997265157376,0.0074496329672726815,0.0015743346963943746,0.008100133846411242,0.0010000041713195927,0.0011600055759643138,0.0015099998364703766,0.0015760078481816971,0.0014776000911691453,9.000011060601033e-5,8.067936169524056e-5,6.999941070850877e-5,5.299994540590708e-4,3.600059727245578e-4,0.008409567445833656,0.008149922438178666,0.008089024076641109,0.01696008262954925,0.016222898493544795,0.011439912400766491,0.01799977959003747,0.009837625849077143,0,0.004350030921459493,0.013999810390595375,0.0022599138019920397,0.016270662969852245,0,0,0,0,0,0,0,0,0,0,0,0,0,5.899987470907828e-4,3.900013895536445e-4,7.348513255932499e-4,4.299919831286105e-4,6.499943656530208e-4,4.699956811523153e-4,9.500032706102959e-4,7.800127223672377e-4,8.036945617408554e-4,2.700000531527557e-4,0.0010999825915394884,0.0036200095007951753,0.0011899779964296092,0.0011744711528224464,6.899947585616312e-4,0.002559996274143219,5.562015159349078e-4,7.699966117060558e-4,0.0014499924891092084,0.002299125495179012,1.5999952993160508e-4,5.9999087507984304e-5,0,0,0,7.199913644214163e-4,2.664525867166826e-4,7.199981292676084e-4,3.0998550199347596e-4,6.399990390044086e-4,3.7000640888698995e-4,0.006689983367214932,0.0058701663334325945,0.0019600203458799595,0.0024999978991527157,0.0012999812365546042
LAO,0.001473555950592111,0.0010000105718873718,0.005867366772837565,0.0016252528083042957,0.0036700093647380225,0.006259997265157376,0.0074496329672726815,0.0015743346963943746,0.008099767981438515,0.001000001455690951,0.0011599958909562515,0.0010000047070120358,0.0015760078481816971,0.0014776000911691453,8.99997385210752e-5,8.067936169524056e-5,9.00006731538755e-5,2.9000247134193866e-4,3.6421227449699435e-4,0.014700287888134895,0.008915359682685213,0.010589870435806833,0.014517331534700159,0.014200253582817842,0.011440018076267947,0.017999888082922338,0.009837625849077143,0,0.006692861131828454,0.013999806195290546,0.002260504685136855,0.014036702981162066,0,0,0,0,0,0,0,0,0,0,0,0,0,5.883746413477337e-4,3.1385153917022087e-4,7.062856170425906e-4,4.2998333596150655e-4,3.699832633124979e-4,4.8001147823235223e-4,9.499940538117015e-4,7.800035986325196e-4,8.036945617408554e-4,2.699989861097029e-4,0.0011,0.0034189603580440228,0.0011900048180105995,9.147712567039648e-4,6.900033689347792e-4,0.0025599301334949293,5.499993391575582e-4,0.002359922882274973,0.0016272856115796882,0.001147075877236829,1.5945781708254732e-4,6.046746670661546e-5,0,0,0,7.174960271514624e-4,2.500035445909542e-4,7.199839921645857e-4,0.00032640595358267895,5.499969067700493e-4,3.799969772538351e-4,0.006645764889586953,0.005869930180803855,0.0019600084638171813,0.0024999978991527157,0.0012999812365546042
LBN,0.0038854705731792226,0.0017100084737783636,0.004980011819098272,0.0031399448054838424,0.0036700093647380225,0.006260037310406359,0.0074496329672726815,0.0015743346963943746,0.0078833643255790415,0.001,0.0011599773392813979,0.0015099600405558537,0.0015760078481816971,0.0015516717849625617,8.190384930964528e-5,8.067936169524056e-5,6.999993998118839e-5,5.30006156612495e-4,3.600020277805941e-4,0.008410176189692078,0.008149804647337035,0.007229518776135479,0.013193470065334138,0.01657947245474012,0.011439877195974757,0.017999888082922338,0.009837625849077143,0,0.004349965667200732,0.014000088664272731,0.0022599510569757636,0.016270004679457183,0,0,0,0,0,0,0,0,0,0,0,0,0,5.89988293447895e-4,3.8999459107416857e-4,7.38411238720978e-4,4.2999991438869245e-4,6.500205146239963e-4,4.7002106627775075e-4,9.499940538117015e-4,7.800147858978521e-4,8.036945617408554e-4,2.6998997384712506e-4,0.00110002023165242,0.0036200549450549446,0.0011899838910299546,7.606233265438898e-4,6.89983934657598e-4,0.0025600766478305927,5.499858717151738e-4,7.70004257197406e-4,0.0016272856115796882,0.001843359087203437,1.5999946181583337e-4,5.9999999999999995e-5,0,0,0,7.200045643158239e-4,3.009830499789631e-4,7.200102501681668e-4,3.099983569884863e-4,6.400090166808596e-4,3.699978132516947e-4,0.006690002632775664,0.005869925893153412,0.00196006196629638,0.0024999978991527157,0.0012999812365546042
LBR,0.00182059280223,0.00179999856222,0.00559431229071,0.00185280357227,0.00367002358181,0.00625999807527,0.00543661079604,0.00224109498817,0.00805003864726,0.000999999797709,0.000890001617936,0.00132410089559,0.00157047770433,0.0015281098341,8.37725536149e-05,8.06793616952e-05,9.99993467241e-05,0.000527083252812,0.000388988072972,0.0061371290727,0.00832665235112,0.00991465619826,0.0135207751552,0.0154867469868,0.00876564229523,0.0179998880829,0.00983762584908,0,0.0047752666233,0.032488570175,0.00226039723203,0.0146658506847,0,0,0,0,0,0,0,0,0,0,0,0,0,0.0014566675788,0.000410891231624,0.000793635957497,0.00050401603641,0.000392290855919,0.000491616261207,0.000949995195226,0.000798650973991,0.000801991142,0.000297717972032,0.00184542584169,0.00239482426191,0.00116680449526,0.000839535577945,0.000899994888836,0.0016000062796,0.000965863079952,0.000499998799568,0.00151749234815,0.0036357022308,0.000150911426829,6.65493949056e-05,0,0,0,0.000698386757759,0.000137801292059,0.000599995947539,0.000312186797677,0.000700000474352,0.000390029693622,0.00666621530457,0.00586996601865,0.00195999913377,0.00249999455117,0.00129998123655
LCA,0.001473594785644285,0.0017100021585980884,0.005867366772837565,0.0016253120345164108,0.0036700093647380225,0.006259925835323355,0.0074496329672726815,0.0015743346963943746,0.0078833643255790415,0.0010000276327060708,0.001159999021775966,0.001510018277752871,0.00177992224167041,0.0013441829006353887,8.190384930964528e-5,8.067936169524056e-5,6.999902992371293e-5,5.299819035058124e-4,3.6000292002774024e-4,0.008410069831582653,0.00814996071755925,0.007788003599281418,0.014517331534700159,0.016579797426772513,0.011439926999898611,0.017999877104584,0.009837625849077143,0,0.004349956915122791,0.019158824915328884,0.0022599689752714662,0.016270004679457183,0,0,0,0,0,0,0,0,0,0,0,0,0,5.900041999160017e-4,3.89998288730633e-4,9.569077013569928e-4,4.299993842490918e-4,6.499860784164832e-4,4.6999813735664294e-4,9.499905045261758e-4,7.7999254228008e-4,8.100107642626481e-4,2.699977913759728e-4,0.0010999749310604161,0.003620051742843631,0.0011899910962132718,0.0010235655221127729,6.900014075916108e-4,0.0025599885736050276,5.49987040632927e-4,7.700011090346597e-4,0.0016272856115796882,0.0017237910000621342,1.5945781708254732e-4,6.000121669302835e-5,0,0,0,7.199887989273801e-4,2.4870550105299185e-4,7.199971705453774e-4,3.099993842743673e-4,6.4e-4,3.69998048018739e-4,0.006690002632775664,0.005869925893153412,0.0019600323267945047,0.0024999978991527157,0.0012999812365546042
LKA,0.001648276831477549,0.0012260174777147458,0.005867366772837565,0.00190645334710958,0.0036700093647380225,0.00626017447165748,0.009594401172206371,0.0015743346963943746,0.006493427684766066,0.001,9.967833044725464e-4,0.0014044272264436331,0.0015760078481816971,0.0014776000911691453,7.000122701537274e-5,6.999756671262877e-5,8.999956788756434e-5,5.299919878928158e-4,3.6421227449699435e-4,0.01,0.009999999999999998,0.018468298443395863,0.0199947815588541,0.016222898493544795,0.01,0.017999888082922338,0.009837625849077143,0,0.009999968229190385,0.02,0.0022600284702704674,0.01,0,0,0,0,0,0,0,0,0,0,0,0,0,5.883746413477337e-4,3.1385153917022087e-4,0.0015900099014214252,4.300084838201431e-4,4.424288306043768e-4,4.7274964267277606e-4,9.499940538117015e-4,7.824084164502013e-4,8.099993283030698e-4,2.7e-4,0.0010999897270828338,0.0036200188516535307,0.0011397343299678335,5.811077069207305e-6,6.899754299754299e-4,0.0017999691071980228,5.500143406183674e-4,7.700010503833899e-4,0.0016272856115796882,0.002579138081571108,1.600020713582932e-4,6.046746670661546e-5,0,0,0,7.198855875367045e-4,2.988063868327156e-4,8.999947764312578e-4,0.0011000382033509797,5.805367116498083e-4,5e-4,0.006689995596857547,0.005869925893153412,0.0019600084638171813,0.002500050694514854,0.0012999812365546042
LSO,0.00182058615151,0.00180000374947,0.00536028913767,0.00182822297252,0.00367001499579,0.00625999731792,0.00573614878929,0.00209822966354,0.00802224360861,0.000999996282219,0.000889999915247,0.0012999891842,0.00157023150937,0.00158169934343,8.59516084878e-05,8.48194984748e-05,9.99996278985e-05,0.000530004103521,0.000382104681999,0.00526326583342,0.00836864501864,0.0102114149284,0.0162438107541,0.0152831868661,0.00860001964449,0.0179998839749,0.00983762584908,0,0.00473416860944,0.0315366034264,0.00226029263538,0.0151077781569,0,0,0,0,0,0,0,0,0,0,0,0,0,0.00145666115734,0.000430988737417,0.000837951183242,0.000509999687403,0.000401038777807,0.000496107588319,0.000950003263691,0.00079874050059,0.000801848139809,0.000299999251781,0.00195498228792,0.00183398502155,0.00118999547501,0.000770730670658,0.000899998742689,0.00160000083204,0.000968299059034,0.000500000154555,0.00148958475524,0.00339754517909,0.000148876451272,9.43524952438e-05,0,0,0,0.000698282373946,0.000122566624025,0.000599998320364,0.00030188583332,0.00070000024016,0.00039000094314,0.00668363407806,0.00586994118136,0.00196000075703,0.00249999789915,0.00129998123655
LTU,0.0014735962160772316,0.0017099823132470402,0.0049798753928433585,0.0016251983324518558,0.0036698686942107273,0.006260022498264762,0.0074496329672726815,0.0015743346963943746,0.0050950124454858465,0.0010000041713195927,0.0011600095271325193,0.0014044272264436331,0.0015760078481816971,0.0014776000911691453,8.190384930964528e-5,8.067936169524056e-5,6.999966051973258e-5,5.299987423032976e-4,3.600020277805941e-4,0.008361515780327705,0.008149794991134753,0.010521300181112024,0.013096328505288276,0.016579797426772513,0.01143999304771009,0.017999888082922338,0.009837625849077143,0,0.004350097031256452,0.019158824915328884,0.0022599562008273175,0.014036702981162066,0,0,0,0,0,0,0,0,0,0,0,0,0,5.900144841100792e-4,3.899960763621112e-4,7.717112056409003e-4,4.300013645740522e-4,6.500067449075948e-4,4.6998642518955065e-4,9.499980375995918e-4,7.800003374616138e-4,8.099787000580908e-4,2.699997287252801e-4,0.0011000456829602559,0.0036199453053783045,0.0011900141438413456,6.86051690315966e-4,6.9e-4,0.0025599664585034313,5.499958259866483e-4,7.699908580834502e-4,0.003816319785832385,0.0013490881050649145,1.5999966234467856e-4,6.000139256881305e-5,0,0,0,7.110843229687394e-4,2.5043133674046165e-4,7.200007859627061e-4,3.099983175540295e-4,6.399946427481127e-4,3.6999127191938427e-4,0.006690057928695899,0.00586997664987096,0.0019600004069134595,0.002499961978921114,0.0012999812365546042
LUX,0.001473566537841773,0.001710046051509466,0.0049799441096515405,0.0016252444377460862,0.003670010578074326,0.0062599872512464965,0.0074496329672726815,0.0015743346963943746,0.004555427827163698,0.0010000041713195927,0.0011599690844195313,0.0015099774183142082,0.0015760078481816971,0.0014776000911691453,8.190384930964528e-5,8.067936169524056e-5,7.000117841881004e-5,5.299963116230777e-4,3.600089651639344e-4,0.008410000966173203,0.008915359682685213,0.010521300181112024,0.014517331534700159,0.01657947245474012,0.011439521132929412,0.017999888082922338,0.00644997627477461,0,0.004349945406332865,0.019158824915328884,0.002259964376441732,0.014036702981162066,0,0,0,0,0,0,0,0,0,0,0,0,0,5.900038475551001e-4,3.899987555178144e-4,0.0010989931279499388,4.3000059468273675e-4,6.499890698436988e-4,4.699860154621494e-4,9.500162179695101e-4,7.799931858918335e-4,8.099989096063678e-4,2.6999529586802174e-4,0.001100008758429989,0.003619986247994499,0.0011900200581276353,7.064622256295366e-4,6.899947834255794e-4,0.0025598859315589355,5.500001348403087e-4,7.699910216932087e-4,0.001585470817518204,0.0034808136212684574,1.6e-4,6.000028627456594e-5,0,0,0,7.064439494441124e-4,2.530433492872097e-4,7.200023097355353e-4,3.1000696678179154e-4,6.399972299488694e-4,3.70014616830236e-4,0.006690108832259272,0.005869840506532019,0.0019600028723251468,0.0024999662038852014,0.0012999812365546042
LVA,0.0014735929310288264,0.0017099759894663466,0.0049799503325332764,0.0016252320965069776,0.0036701002962141265,0.006259992668793237,0.0074496329672726815,0.0015743346963943746,0.005735613413253661,0.0010000041713195927,0.0011600036987300325,0.0014044272264436331,0.0015760078481816971,0.0014776000911691453,8.190384930964528e-5,8.067936169524056e-5,6.999959290476309e-5,5.300143023669177e-4,3.599864819195674e-4,0.008361515780327705,0.008915359682685213,0.010521300181112024,0.012454845854776698,0.01657947245474012,0.011440324449594438,0.017999888082922338,0.009837625849077143,0,0.004350108340708639,0.013999895713838773,0.002260057302091919,0.01627047262517548,0,0,0,0,0,0,0,0,0,0,0,0,0,5.900026355090925e-4,3.9000609384521635e-4,8.098631532534484e-4,4.300006702562613e-4,6.500076557954372e-4,4.6999999999999993e-4,9.500037981414427e-4,7.800212382020301e-4,8.100006684938833e-4,2.700003111678128e-4,0.0010999656475437995,0.003619954875908749,0.0011899953029591358,8.367892806670468e-4,6.900039984006396e-4,0.0025600494297556833,5.499951308713577e-4,7.700053111445517e-4,0.0016272856115796882,0.002184318182221652,1.6000038912019924e-4,5.999933851184064e-5,0,0,0,7.198149161520609e-4,2.509475295829589e-4,7.19990823421452e-4,3.100051699273489e-4,6.399996244960032e-4,3.700011201971547e-4,0.006690016153081511,0.0058699715742553445,0.0019599816007359705,0.0025000456246007845,0.0012999812365546042
MAR,0.0017679848860936275,0.0017100620513444459,0.004980024226738193,0.0016252391670000144,0.003670093685363183,0.006260107816711591,0.0055959613329566536,3.922002609578118e-4,0.0078833643255790415,0.0010000041713195927,0.0011599711715559351,0.0015100009217439397,0.0015760078481816971,0.0014776000911691453,8.190384930964528e-5,8.067936169524056e-5,7.000023289936418e-5,5.300083428928981e-4,3.6e-4,0.008409927995487274,0.008149742629854937,0.008123670130988254,0.01072742227134496,0.016222898493544795,0.011439938679417455,0.017999888082922338,0.009837625849077143,0,0.00435007428725184,0.014,0.002259979882166978,0.014036702981162066,0,0,0,0,0,0,0,0,0,0,0,0,0,5.899927493627839e-4,3.8999630153932485e-4,9.304921764284383e-4,4.299990587054062e-4,6.499773939777556e-4,4.700108459869848e-4,9.500029715915845e-4,7.79972123395345e-4,8.036945617408554e-4,2.7000784156873474e-4,0.0010999577345731193,0.003619930180894954,0.0011900025134298092,7.587207004112268e-4,6.89995584122467e-4,0.002560015654324062,5.5e-4,7.699870619147226e-4,0.0020124516831118247,0.002119755160888135,1.6000045565352106e-4,5.9999999999999995e-5,0,0,0,7.199949613770555e-4,2.6364072766922077e-4,7.199900969088208e-4,3.100051921079959e-4,6.400012905203217e-4,3.699861687413555e-4,0.006690052586017545,0.005869953630833369,0.0019600084638171813,0.0024999978991527157,0.0012999812365546042
MDA,0.0014736235012394812,0.001710069893864872,0.00498014856557377,0.0016252749455664493,0.0036700794951900774,0.006260234783466509,0.0074496329672726815,0.0015743346963943746,0.0078833643255790415,0.0010000041713195927,0.0011599598332628369,0.0014044272264436331,0.0015760078481816971,0.0014776000911691453,8.190384930964528e-5,8.067936169524056e-5,7.000009808056337e-5,5.3000051228196e-4,3.6000673854447445e-4,0.008361515780327705,0.008149937376990516,0.010521300181112024,0.011125236222162499,0.016222898493544795,0.011440133301594858,0.017999888082922338,0.009837625849077143,0,0.0043498982241875475,0.01399981750159686,0.0022600876028670033,0.014036702981162066,0,0,0,0,0,0,0,0,0,0,0,0,0,5.899940007277806e-4,3.900013317486362e-4,8.418123883502316e-4,4.2999676160809287e-4,6.500084132592967e-4,4.700020255215718e-4,9.499980375995917e-4,7.799925205684366e-4,8.036945617408554e-4,2.7000080308384194e-4,0.0011000178922884237,0.003619918576900708,0.0011900121399071582,7.765370705686686e-4,6.899863760217983e-4,0.002559996524459119,5.500008842931844e-4,7.700009939296667e-4,0.0014489504597889331,0.0012546607422596295,1.599986490594076e-4,6.000097333073779e-5,0,0,0,7.199024644547586e-4,2.7490017539276787e-4,7.199921536458798e-4,3.1000185908161375e-4,6.4e-4,3.6999867015381885e-4,0.0066900266043735,0.005869925893153412,0.0019600084638171813,0.0024999978991527157,0.0012999812365546042
MDG,0.0018205966489579079,0.0018000075541578407,0.005867366772837565,0.0018954610447764462,0.0036701098660437276,0.006259997265157376,0.0074496329672726815,0.0022410651889858894,0.008100168499467897,9.999883303232432e-4,8.899956867436542e-4,0.0012999957000246682,0.0015760078481816971,0.0019999685279746965,9.000472111688136e-5,8.067936169524056e-5,1.0000197564035443e-4,5.29987590335061e-4,3.9999999999999996e-4,0.004746932711764555,0.00815018493284018,0.010705739344104901,0.02128333853287292,0.01502682775486367,0.00859995828553551,0.017999888082922338,0.009837625849077143,0,0.004200000000000001,0.019158824915328884,0.002260504685136855,0.014036702981162066,0,0,0,0,0,0,0,0,0,0,0,0,0,0.0014566714194092112,4.4000431429650004e-4,0.0011981360236011122,5.100025660764691e-4,3.7001285549967297e-4,5e-4,9.500047344001514e-4,7.999898991174353e-4,8.036945617408554e-4,3.0000858295425284e-4,0.001954992481462917,0.0034189603580440228,0.0011899964776329694,7.379109739615397e-4,8.999764690063197e-4,0.0015999842915488532,0.001,4.999914379163314e-4,0.0014091449414796692,0.004107850079667313,1.5945781708254732e-4,6.046746670661546e-5,0,0,0,6.827110229764545e-4,1.000162865674595e-4,5.999785107983239e-4,3.0000369439929075e-4,7.000042960862654e-4,3.8999314990295695e-4,0.006689951819948114,0.005869925893153412,0.001959997437394406,0.002499954375399215,0.0012999812365546042
MDV,0.003885344519014582,0.0017100345684099676,0.004980107311019454,0.0031400182500253473,0.0036700093647380225,0.006259885630855335,0.007312450834572797,0.0015743346963943746,0.0078833643255790415,0.001,0.0011600085390198588,0.001510028653295129,0.001780027890620263,0.001223752692582595,8.190384930964528e-5,8.067936169524056e-5,7.000012981618029e-5,5.299976155976596e-4,3.599962148351426e-4,0.0084099826626517,0.008150013687380235,0.010039596718651669,0.010827590801736807,0.01657995912010901,0.011440191886536657,0.01799993240731353,0.009837625849077143,0,0.004350012630031919,0.01399981750159686,0.0022599949070537307,0.014036702981162066,0,0,0,0,0,0,0,0,0,0,0,0,0,5.900050464929288e-4,3.899995184530572e-4,8.863714560132981e-4,4.300060137609e-4,6.499888991087571e-4,4.699863780838505e-4,9.499849049008754e-4,7.799851223034175e-4,8.036945617408554e-4,2.7000100009311217e-4,0.0011000178659632382,0.003619981173003725,0.001189983762071618,6.874653653304699e-4,6.899990420538366e-4,0.0025600452105114437,5.500173822353554e-4,7.699844132709865e-4,0.0015667146604930462,0.0018313999799752154,1.5945781708254732e-4,6.046746670661546e-5,0,0,0,7.198763488498063e-4,2.422689069494038e-4,7.200024252713272e-4,3.099986278186891e-4,6.399786655636618e-4,3.7000176328567936e-4,0.00668979965955218,0.005869982994372935,0.0019600460528362944,0.0024999978991527157,0.0012999812365546042
MEX,0.0014735186408116707,0.0017100343380389163,0.005867366772837565,0.0031400143378211244,0.0036701098660437276,0.006260200756094382,0.0074496329672726815,0.0015743346963943746,0.008092248965774053,0.001,0.0011600145963776413,0.0015100628611984185,0.0015760078481816971,0.0013470938335781821,9e-5,9.000042115311723e-5,8.999954324226937e-5,5.300062288611662e-4,3.600016846124689e-4,0.008410106767122753,0.00814996349984357,0.0074353748650132865,0.01271039077070294,0.016579797426772513,0.011440128568315538,0.01799932409597837,0.009837625849077143,0,0.004350191275050012,0.014000066363606197,0.0022600235849056607,0.014036702981162066,0,0,0,0,0,0,0,0,0,0,0,0,0,5.900149907276199e-4,3.900006667492166e-4,8.120717434698107e-4,4.3000450856627595e-4,3.7000289294302705e-4,4.6999318622569316e-4,9.500138338098313e-4,7.800040385106279e-4,8.036945617408554e-4,2.6999806767811027e-4,0.001100003603733468,0.003619981149858624,0.001189985086853326,0.0011290958665876745,6.900136052237639e-4,0.001040011958742339,5.500018704718994e-4,7.699963966069672e-4,0.0015945927875615801,0.0018050111665567049,1.599894291754757e-4,6.000121669302835e-5,0,0,0,7.200073225324256e-4,2.55163983296729e-4,7.200215575316626e-4,3.100018590816137e-4,6.399966917541973e-4,3.8000174390722416e-4,0.0057001295896328295,0.005870020613028105,0.001959964363271897,0.0024999999999999996,0.0012999812365546042
MKD,0.0014735682523359744,0.0017099942229924902,0.005867366772837565,0.001625242654174236,0.0036699294898382417,0.006259968366681046,0.0074496329672726815,0.0015743346963943746,0.0078833643255790415,0.0010000041713195927,0.0011600315703188247,0.0014044272264436331,0.0015760078481816971,0.0014776000911691453,8.190384930964528e-5,8.067936169524056e-5,7.000047089692724e-5,5.299985482900931e-4,3.599864819195674e-4,0.008410164439617064,0.008149910379664331,0.0081891951953578,0.013383650227487163,0.016579436677914745,0.01143999628028084,0.017999888082922338,0.009837625849077143,0,0.004349976602714085,0.013999971923125517,0.0022599864735751633,0.016269952685488483,0,0,0,0,0,0,0,0,0,0,0,0,0,5.899963244884791e-4,3.899984192755099e-4,8.858549253710056e-4,4.299974708355727e-4,6.500060277275468e-4,4.6999615929648906e-4,9.499825571254143e-4,7.800019960933601e-4,8.099705729617448e-4,2.700007729767334e-4,0.0011000093350343842,0.003620076476722732,0.001189997508198954,6.762498838746024e-4,6.89999919632883e-4,0.002559976387249115,5.500003229786381e-4,7.700032229063829e-4,0.0016272856115796882,0.00250288879110788,1.5999870350162605e-4,5.9999756667315555e-5,0,0,0,7.199757680992489e-4,2.696701917765176e-4,7.200094972398647e-4,3.0999866595517606e-4,6.400140072370725e-4,3.699897871003221e-4,0.00669018882616313,0.005869982994372934,0.0019600084638171813,0.0024999978991527157,0.0012999812365546042
MLI,0.001820588142888561,0.0017999698368018902,0.005867366772837565,0.0017610454713386408,0.0036700093647380225,0.006259997265157376,0.005268829758832428,0.0022410833277770235,0.00809981515711645,0.001,8.900300806878999e-4,0.0013000041215018752,0.0015670328187577815,0.0014776000911691453,8.190384930964528e-5,8.067936169524056e-5,9.999801630596497e-5,5.299822713525915e-4,3.9999999999999996e-4,0.008361515780327705,0.00814996349984357,0.009666702723221711,0.010213003767915136,0.015026954177897575,0.008600067385444745,0.017999888082922338,0.009837625849077143,0,0.004199978942196329,0.04081941783009398,0.002260504685136855,0.01539980732177264,0,0,0,0,0,0,0,0,0,0,0,0,0,0.001456697591517755,4.400007698377567e-4,3.204063564917023e-4,5.100089724946629e-4,3.700008880731772e-4,4.7274964267277606e-4,9.499940538117015e-4,8.00006981625235e-4,8.036945617408554e-4,2.9999688036187803e-4,0.001954991849230647,0.0034189603580440228,0.0011900486181069597,4.784793331582163e-4,8.999944238263704e-4,0.0016000213549730391,0.001,5.000097853102922e-4,0.0014037840279502395,0.0036956600910277183,1.5945781708254732e-4,6.046746670661546e-5,0,0,0,7.0001220703125e-4,1.900503820622309e-4,6.000023677605721e-4,0.00032640595358267895,7e-4,3.8999495058789584e-4,0.00669002671805878,0.005869930180803855,0.001959997437394406,0.0024999978991527157,0.0012999812365546042
MLT,0.0014735785875057016,0.001709977753975447,0.004980107311019455,0.0016252282198442782,0.003669987698214213,0.006260050782903089,0.0074496329672726815,0.0015743346963943746,0.0078833643255790415,0.0010000041713195927,0.0011599840311185179,0.0015100546386526224,0.0015760078481816971,0.0014776000911691453,8.190384930964528e-5,8.067936169524056e-5,6.999977934132625e-5,5.299881098319708e-4,3.600075920167024e-4,0.008410009978467518,0.008149742629854937,0.008167231188765374,0.014689786390758894,0.016579979925175653,0.011439940164547495,0.01799993240731353,0.009837625849077143,0,0.004350139633179863,0.014000121667452436,0.002260023974032621,0.014036702981162066,0,0,0,0,0,0,0,0,0,0,0,0,0,5.89998929995691e-4,3.9000609384521635e-4,0.001382788566009335,4.300037977948419e-4,6.499986875607003e-4,4.700021808248109e-4,9.500071214926648e-4,7.800052925019847e-4,8.036945617408554e-4,0.00026999990553829006,0.001100009355412106,0.003620093591825041,0.0011899941600155735,7.292730668333517e-4,6.89998711129225e-4,0.002559997697377889,5.499962887074863e-4,7.699974011005774e-4,0.0017071858626094888,0.001180927805745903,1.5945781708254732e-4,5.999889392766287e-5,0,0,0,7.196329271760767e-4,2.660544136118084e-4,7.200049387288947e-4,3.0999883100183144e-4,6.399865952924784e-4,3.6999956640506443e-4,0.006689880852492028,0.005869948343968398,0.001959987161656146,0.002500050694514854,0.0012999812365546042
MMR,0.00147357265415,0.00136666006555,0.00501573031925,0.00171898755456,0.00366997138202,0.00625993599531,0.00744963296727,0.00157433469639,0.00815757546828,0.00100000112754,0.0011599887859,0.00113481064449,0.00164401452899,0.00155562987859,8.73013454137e-05,8.37857621341e-05,9.00002505902e-05,0.000290004734604,0.000361401658267,0.0125872678895,0.00840492736145,0.0114581039819,0.0153625738569,0.0149934780854,0.0114400534994,0.0179999028577,0.00983762584908,0,0.00591194128613,0.0157195680371,0.0023435175002,0.0140367029812,0,0,0,0,0,0,0,0,0,0,0,0,0,0.000589458008999,0.000364622202678,0.000671510206651,0.000430001118503,0.00039414109459,0.000477590101097,0.000949998825856,0.000780001433313,0.000803694561741,0.000270000146793,0.00110000054459,0.00341896035804,0.00119000171569,0.000826625299694,0.000689999753449,0.00255996872463,0.000549995376955,0.00182997692259,0.00161590144114,0.00144697105379,0.000159820235734,6.03119920916e-05,0,0,0,0.000713750110058,0.000269683983274,0.000719984913015,0.000315466580626,0.000550002251964,0.000379992289145,0.006660530436,0.00587000382516,0.00196001976506,0.00250000468283,0.00129998123655
MNE,0.0014735685807401523,0.0017099508847473592,0.004979925175654713,0.0016252815195682657,0.0036699422866947437,0.00626017447165748,0.0074496329672726815,0.0015743346963943746,0.0078833643255790415,0.0010000041713195927,0.0011600476316377371,0.0015099868194261381,0.0015760078481816971,0.0014776000911691453,8.190384930964528e-5,8.067936169524056e-5,6.999970549690035e-5,5.299948087068852e-4,3.600053229915212e-4,0.008409953812431502,0.008150126957257723,0.010521300181112024,0.012801721683828805,0.016222898493544795,0.01144000941952196,0.017999932407313526,0.009837625849077143,0,0.004349901294143452,0.01399990875079843,0.0022599989718280894,0.014036702981162066,0,0,0,0,0,0,0,0,0,0,0,0,0,5.900030631074852e-4,3.9000289178380736e-4,7.841856916760713e-4,4.29992668287361e-4,6.500009031302495e-4,4.700020255215718e-4,9.499569254331387e-4,7.800138660689694e-4,8.036945617408554e-4,2.699965619814945e-4,0.0010999174236168455,0.00361996122735477,0.0011900056719454772,6.684331307640312e-4,6.899713166821652e-4,0.0025600109036390895,5.500027477056658e-4,7.699968615964013e-4,0.0016272856115796882,0.0012979167919196777,1.5999953409276215e-4,5.999926999306494e-5,0,0,0,7.20007632289039e-4,2.5812226845715067e-4,7.200124438913825e-4,3.0999866595517606e-4,6.400144563969557e-4,3.699913830245583e-4,0.006689819935406804,0.0058699018387944136,0.001960038240917782,0.0024999978991527157,0.0012999812365546042
MNG,0.0014735838665034964,0.0020999840674381888,0.004979902051376825,0.00190645334710958,0.0036698954165789283,0.006259799985400394,0.0074496329672726815,0.0015743346963943746,0.008139370031975447,0.001,0.0011599826842179847,0.0014044272264436331,0.0015760078481816971,0.0014776000911691453,8.190384930964528e-5,8.067936169524056e-5,9.000077154540545e-5,2.9000770183839535e-4,3.5998978027593253e-4,0.008361515780327705,0.008149499963500985,0.013419482309847658,0.010074753730329228,0.016579979925175653,0.011440083108715185,0.017999888082922338,0.009837625849077143,0,0.006692861131828454,0.019158824915328884,0.002510019345183779,0.014036702981162066,0,0,0,0,0,0,0,0,0,0,0,0,0,5.90002819931695e-4,3.9001202902487286e-4,5.376863073453451e-4,4.3001259953201736e-4,4.424288306043768e-4,4.7274964267277606e-4,9.500014016988589e-4,7.799956956849241e-4,8.036945617408554e-4,2.699971230499383e-4,0.0011000122689350563,0.0034189603580440228,0.001190006169031462,6.698869131784811e-4,6.899960390583292e-4,0.002559969757018601,5.499817489701205e-4,7.699907378820623e-4,0.0014406522703742047,0.0022942341691973346,1.6000357635518318e-4,6.046746670661546e-5,0,0,0,7.200069348127601e-4,3.0904526905779447e-4,7.199728376198964e-4,3.099990394774758e-4,5.499969067700492e-4,3.7998753117206985e-4,0.006645764889586953,0.005869930180803855,0.001959997437394406,0.0024999978991527157,0.0012999812365546042
MOZ,0.0018205823820514918,0.0018000000000000002,0.004979925175654713,0.001895462878062797,0.0036700093647380225,0.006259997265157376,0.005268866143346929,0.0022411075033424914,0.008099921675376535,0.0010000061579261746,8.89992384231024e-4,0.0012999921116983513,0.0015760078481816971,0.001,8.999759557585958e-5,8.067936169524056e-5,9.999967784646806e-5,5.299822713525915e-4,3.9999999999999996e-4,0.004746875,0.008915359682685213,0.010373589955768413,0.020682719725079804,0.015026360613188417,0.008599975253650086,0.017999888082922338,0.009837625849077143,0,0.004199942806634431,0.019158824915328884,0.002260504685136855,0.01539983361930016,0,0,0,0,0,0,0,0,0,0,0,0,0,0.0014566515552409682,4.4000757634842283e-4,7.605736489750396e-4,5.099999999999999e-4,3.70004508751076e-4,4.999999999999999e-4,9.499940538117015e-4,8.000224854611052e-4,8.036945617408554e-4,2.9999594452104797e-4,0.0019549989156365214,0.0034189603580440228,0.0011900048180105995,7.775830075284982e-4,8.999658197561809e-4,0.0015999889667347052,0.001,4.999835607430544e-4,0.0016272856115796882,0.002322680309847495,1.5945781708254732e-4,6.046746670661546e-5,0,0,0,7.000163318634657e-4,1.1114595970736372e-4,6.000057548988578e-4,3e-4,7e-4,3.900065602449158e-4,0.00669018882616313,0.005869982994372934,0.001959997437394406,0.0024999978991527157,0.0012999812365546042
MRT,0.0018205605889557558,0.0018000103901873639,0.004979978744189542,0.0017609499940327007,0.0036700093647380225,0.006259997265157376,0.0052689525319591715,0.002241115306786153,0.0078833643255790415,0.0010000041713195927,8.899908052016288e-4,0.0012999521759923481,0.0015670242867248292,0.0014776000911691453,8.190384930964528e-5,8.067936169524056e-5,1.0000010328241855e-4,5.299875570302779e-4,3.6421227449699435e-4,0.004746881792925477,0.0081499324075212,0.01023910952887602,0.014517331534700159,0.016222898493544795,0.008599963500319371,0.017999888082922338,0.009837625849077143,0,0.006692861131828454,0.019158824915328884,0.002260504685136855,0.015400474737199051,0,0,0,0,0,0,0,0,0,0,0,0,0,0.0014566322662005443,4.4001048424087544e-4,7.384001895686773e-4,5.099846112066624e-4,4.424288306043768e-4,4.999862268438813e-4,9.500032706102959e-4,7.999752045623605e-4,8.036945617408554e-4,2.9999549387166546e-4,0.001955030715095127,0.001200010520640181,0.0011900208051976494,5.854978822429342e-4,9.000044031526573e-4,0.0016000015243553883,5.562015159349078e-4,5e-4,0.0014710230816491153,0.003469052395089465,1.4094305163539765e-4,9.999999999999999e-5,0,0,0,7.005085677413187e-4,2.4406358411748535e-4,5.999958081824279e-4,2.9999842537043164e-4,7.000131978355549e-4,3.9000073469987515e-4,0.00669018882616313,0.005869925893153412,0.001959997437394406,0.0024999978991527157,0.0012999812365546042
MUS,0.001820587146389437,0.0017999808302746347,0.004980090697931645,0.0018954684303449823,0.0036700093647380225,0.006259986751922998,0.0074496329672726815,0.0015743346963943746,0.0078833643255790415,0.001,8.899967982436079e-4,0.0013,0.0015760078481816971,0.0014776000911691453,8.190384930964528e-5,8.067936169524056e-5,1.000003783689021e-4,5.29987590335061e-4,3.9999188904209584e-4,0.004746870095265905,0.008150058377447037,0.007645519328367682,0.013781217278054739,0.015026690391459074,0.008600169465748366,0.01799981074175713,0.009837625849077143,0,0.004200027171451861,0.040820210658045676,0.0022600235849056607,0.015400093589143658,0,0,0,0,0,0,0,0,0,0,0,0,0,0.0014566667411512336,4.4001567485864643e-4,9.869829802303287e-4,5.10001437762841e-4,3.7001028325698795e-4,5e-4,9.499999999999999e-4,7.999943463297079e-4,8.036945617408554e-4,3.0000038080296113e-4,0.00195502703094953,0.0011999811249528123,0.0011899808376676705,7.074207053586836e-4,9.00005364519071e-4,0.0015999514530970719,0.001,4.999969788702182e-4,0.001404036310357807,0.004019377232173075,1.4093901944894652e-4,9.999999999999999e-5,0,0,0,6.999914511960641e-4,1.0819100930263538e-4,6.000175623463294e-4,2.999941252496769e-4,7.000221603919927e-4,3.90009662401546e-4,0.006689831374552887,0.00587016928576246,0.001960084639799942,0.0024999999999999996,0.0012999812365546042
MWI,0.0018206272514962698,0.0017999738185626392,0.005867366772837565,0.0018954656342226235,0.0036700093647380225,0.006259997265157376,0.00526884714110652,0.0022410828647141086,0.0078833643255790415,9.999861327860404e-4,8.900115957671803e-4,0.0014044272264436331,0.0015760078481816971,0.0014776000911691453,8.190384930964528e-5,8.067936169524056e-5,9.999879272253142e-5,5.300029199922134e-4,3.6421227449699435e-4,0.004746888064674006,0.00814996349984357,0.009405718704461401,0.014517331534700159,0.01502664696135071,0.00859992362151523,0.017999888082922338,0.009837625849077143,0,0.004199901733698322,0.019158824915328884,0.002260504685136855,0.014036702981162066,0,0,0,0,0,0,0,0,0,0,0,0,0,0.0014566711982909302,4.399990438570806e-4,2.580596855795099e-4,5.100175881318346e-4,4.424288306043768e-4,4.999999999999999e-4,9.499974418882277e-4,8.000102840100783e-4,7.999991409174571e-4,2.9999365602994356e-4,0.00124279700139041,0.0034189603580440228,0.001189996574169236,5.981757984652897e-4,9.000029128193179e-4,0.0015999900877236458,0.001,5.000198404825206e-4,0.0016272856115796882,0.003184471355437125,1.5945781708254732e-4,6.046746670661546e-5,0,0,0,7.000037683234728e-4,1.0018169812153342e-4,5.999926027295928e-4,0.00032640595358267895,6.999979378466996e-4,3.9001586973021456e-4,0.006645764889586953,0.005869930180803855,0.001959997437394406,0.0024999978991527157,0.0012999812365546042
MYS,0.0014735816334521484,0.001000005023773868,0.004199868603547705,0.0016252615318433352,0.0036700093647380225,0.006259976640062293,0.0074496329672726815,0.0015743346963943746,0.008114260752126047,0.001,0.001160013985749655,0.001,0.0015760078481816971,0.0013966243571506727,9.000063812137069e-5,8.067936169524056e-5,8.999601532352778e-5,2.9001157931833057e-4,3.599963500319372e-4,0.01469981319155051,0.00814976736723889,0.007321331914722847,0.018306094516388417,0.014200200748243451,0.011440078873948522,0.017999888082922338,0.009837625849077143,0,0.004349960156660619,0.014000073000693506,0.002260060224473036,0.01627047262517548,0,0,0,0,0,0,0,0,0,0,0,0,0,5.900026271166201e-4,3.900025278310215e-4,9.684898225884674e-4,4.300010278850531e-4,3.7000172421900715e-4,4.799966427931961e-4,9.500007971811673e-4,7.800252274979727e-4,8.036945617408554e-4,2.6999965631408315e-4,0.0011000193211824565,0.0020599188350441636,0.00118998872404873,0.00104029669964763,6.899962713574452e-4,0.0025599731363331094,5.500010004869036e-4,0.0023599555289696137,0.0016272856115796882,0.001334848280949695,1.5999914882750988e-4,6e-5,0,0,0,7.171704788048791e-4,2.732465560792309e-4,7.199989849519121e-4,3.0999703352121034e-4,5.500006364643135e-4,3.7999830758916073e-4,0.0066898608349900595,0.00586990455802337,0.0019600540522725024,0.002500018250173377,0.0012999812365546042
NAM,0.0018205827536348974,0.00180001320418384,0.005867366772837565,0.0018954750029577376,0.003669951637923168,0.0062598777260698965,0.005268754829993853,0.002241125600748081,0.008100033568311514,0.001,8.900014860029949e-4,0.001299932409597837,0.0015760078481816971,9.99997819138225e-4,8.190384930964528e-5,8.067936169524056e-5,1.0000066243152114e-4,5.299875903350609e-4,3.6421227449699435e-4,0.004746783465644675,0.008149499963500985,0.010589930151816864,0.014517331534700159,0.016222898493544795,0.00859995828553551,0.017999888082922338,0.009837625849077143,0,0.004199969259145404,0.019158824915328884,0.0022600284702704674,0.01540009358914366,0,0,0,0,0,0,0,0,0,0,0,0,0,0.001456669415747895,4.3999658065382776e-4,5.283784872217434e-4,5.09994259172277e-4,3.700050348242007e-4,5.000172170379807e-4,9.499986917501765e-4,7.999719521316379e-4,8.036945617408554e-4,2.999980152298033e-4,0.0019550073953910015,0.001200005730002292,0.001190030348033835,7.531814505356797e-4,9.000182189922872e-4,0.0015999618168248953,9.999999999999998e-4,5.000028942387284e-4,0.001602540699783457,0.0034318619656491063,1.4094217695245876e-4,6.046746670661546e-5,0,0,0,6.818520897598674e-4,1.0087594213516578e-4,6.000131604922024e-4,3.0000000000000003e-4,7.000056980520802e-4,3.899960325937681e-4,0.00669002671805878,0.005870063124965086,0.0019600084638171813,0.0024999978991527157,0.0012999812365546042
NER,0.0018205918618988892,0.0018000155922208991,0.004980035615135327,0.001760982604539332,0.0036700093647380225,0.006259997265157376,0.005268932607191641,0.002241071873961637,0.008099744629713083,0.001,8.899783705839943e-4,0.0013000031783364588,0.0015670237904058363,0.0014776000911691453,8.190384930964528e-5,8.067936169524056e-5,9.999773760774642e-5,5.299936125558901e-4,3.6421227449699435e-4,0.004746783465644675,0.008149890502068293,0.009669944073149101,0.0014981581364644123,0.016222898493544795,0.008599881550373995,0.017999888082922338,0.009837625849077143,0,0.0042000141803743615,0.04082012249694536,0.002260504685136855,0.014036702981162066,0,0,0,0,0,0,0,0,0,0,0,0,0,0.0014566686164760685,4.4001050486283986e-4,6.236657314251813e-4,5.099979049791661e-4,4.424288306043768e-4,5.000153045607591e-4,9.499940538117015e-4,8e-4,8.036945617408554e-4,2.999918890420959e-4,0.0019550187869028447,0.0012000000000000001,0.0011397343299678335,6.657638652597132e-4,8.999717853907723e-4,0.00160002667081546,9.999999999999998e-4,5.000055325034578e-4,0.001401152282450769,0.004059694601835935,1.4093956649522408e-4,6.046746670661546e-5,0,0,0,6.999879809756014e-4,2.2264093886378337e-4,6e-4,0.00032640595358267895,6.999768017321373e-4,3.8999535247509037e-4,0.006645764889586953,0.005869930180803855,0.001959997437394406,0.0024999978991527157,0.0012999812365546042
NGA,0.0018205972241899901,0.0018000540113084662,0.004980107311019454,0.0017610012764446153,0.0036700093647380225,0.006259976640062293,0.005268792912700893,0.002241083312895414,0.008108305926498178,0.001000002798189012,8.900060972229921e-4,0.0012999913466114773,0.001567012645874086,0.0020000475938567104,9.000076573587218e-5,1e-4,1.0000165909015495e-4,5.30011135857461e-4,3.6421227449699435e-4,0.008361515780327705,0.008915359682685213,0.009696341743136728,0.02143141713964302,0.01502737510571687,0.008600059727245578,0.017999888082922338,0.009837625849077143,0,0.0041998440241762525,0.040821987808884186,0.002260504685136855,0.015399903184165233,0,0,0,0,0,0,0,0,0,0,0,0,0,0.0014566582545924057,4.3999299502916486e-4,7.708890974312439e-4,5.100048883819456e-4,4.424288306043768e-4,4.7274964267277606e-4,9.499961091900931e-4,7.824084164502013e-4,7.999877035321604e-4,3.0000000000000003e-4,0.0019549820150554383,0.0011999866301223344,0.0011899637091728195,5.624611428383271e-4,9.000000000000001e-4,0.0015999934268905907,0.001,5.000157207986166e-4,0.0013999840431402893,0.0033113103164980487,1.4093883844440636e-4,6.046746670661546e-5,0,0,0,6.99996962234502e-4,1.0006043180155979e-4,5.999840344855113e-4,3.0000251775013845e-4,7.000053239631581e-4,3.900069729976677e-4,0.006689951819948114,0.005869925893153412,0.0019600084638171813,0.0024999978991527157,0.0012999812365546042
NIC,0.0014735751886561473,0.0017099924943875069,0.005867366772837565,0.003139998774475912,0.0036700093647380225,0.006260045464732814,0.0074496329672726815,0.002840068705568014,0.008099981439089278,0.0010000249010184514,0.0011600284946502,0.0014044272264436331,0.0015760078481816971,0.0014776000911691453,8.190384930964528e-5,8.999821953173684e-5,9.00004046780786e-5,5.299980470459887e-4,3.599963500319372e-4,0.0084099919031004,0.008149941600155733,0.010521300181112024,0.014517331534700159,0.016222898493544795,0.01143998116132577,0.017999888082922338,0.009837625849077143,0,0.00434993054032317,0.014000168463611861,0.0022599459814585006,0.014036702981162066,0,0,0,0,0,0,0,0,0,0,0,0,0,5.899816176470589e-4,3.900006273132175e-4,7.49145372400233e-4,4.300074688085414e-4,4.424288306043768e-4,4.699967861897985e-4,9.499986917501766e-4,7.799951088285644e-4,8.100013968431345e-4,2.70000074550646e-4,0.0010999782364856947,0.0034189603580440228,0.0011900048180105995,6.983281961276416e-4,6.899949438271529e-4,0.001040038926734325,5.500018868636553e-4,7.699866508454464e-4,0.0014425262869807176,0.0025563544224478027,1.6000096220923236e-4,6.046746670661546e-5,0,0,0,7.199955279391841e-4,2.4999858959166155e-4,7.200015433289606e-4,3.1000560313775716e-4,6.400122961055928e-4,3.8000396746677245e-4,0.005700018638170974,0.005869930180803855,0.0019599795702455215,0.002500018250173377,0.0012999812365546042
NLD,0.0014736074695924,0.001710044520906227,0.0049799454516284295,0.0016252438865474589,0.0036699697078605535,0.006259976640062293,0.0074496329672726815,0.0015743346963943746,0.006039682120056146,0.0010000041713195927,0.0011599862537041653,0.0015100532737583779,0.0015760078481816971,0.0014776000911691453,8.190384930964528e-5,8.067936169524056e-5,7.000002484120262e-5,5.300059417706476e-4,3.599864819195674e-4,0.00840994257348647,0.008149742629854937,0.007455050019891519,0.01865986233888974,0.016222898493544795,0.011440106182944365,0.017999888082922338,0.009837625849077143,0,0.004350054214460994,0.014000168463611861,0.0022600549240449127,0.014036702981162066,0,0,0,0,0,0,0,0,0,0,0,0,0,5.89993818340275e-4,3.9000347618811144e-4,0.0020464903490845163,4.300017606667058e-4,6.500116296280634e-4,4.6999769632746096e-4,9.499940538117015e-4,7.799664613648832e-4,8.10005969093361e-4,2.7000139231182074e-4,0.001100013861429478,0.003619926199261992,0.0011899956033414605,9.471290609124213e-4,6.90021185803363e-4,0.002560003821899484,5.500048124576799e-4,7.69998792595826e-4,0.005789002914495184,0.002388863336026376,1.5999403341288783e-4,5.9999756667315555e-5,0,0,0,7.199987293205748e-4,2.53421201767239e-4,7.199988867861517e-4,3.1000059000531e-4,6.399795567863743e-4,3.700059512001587e-4,0.0066900045348464235,0.005870037527157811,0.0019600460528362944,0.0024999978991527157,0.0012999812365546042
NOR,0.0014735873463786002,0.0017100328808051562,0.004980053985619759,0.00190645334710958,0.0036700012391992524,0.0062599891466759835,0.0074496329672726815,0.0015743346963943746,0.0078833643255790415,0.0010000041713195927,0.0011600203786178841,0.0015100546386526224,0.0015760078481816971,0.0014776000911691453,8.190384930964528e-5,8.067936169524056e-5,6.999953174358279e-5,5.300115062522383e-4,3.599962148351426e-4,0.008410044895426506,0.008149944726108336,0.008224111125343965,0.012029312420194815,0.016579609051829022,0.011439851024208567,0.017999888082922338,0.009837625849077143,0,0.004349927821261605,0.014000417144644905,0.002259914367937109,0.014036702981162066,0,0,0,0,0,0,0,0,0,0,0,0,0,5.899979513102976e-4,3.9001126549004884e-4,0.0010375263585373266,4.2999639656763174e-4,6.499825296995108e-4,4.699875385321703e-4,9.499949683002918e-4,7.799851156574171e-4,8.036945617408554e-4,2.6999976338641364e-4,0.00110002023165242,0.003619954875908749,0.0011899756666583047,8.249891783318772e-4,6.90014290336497e-4,0.0025600196651462594,5.500031704687904e-4,7.69990756493898e-4,0.0014533974433544017,0.001492983295390741,1.599957351530014e-4,6.0002027780594136e-5,0,0,0,7.200066408472706e-4,2.5388065383260324e-4,7.200007734251131e-4,3.1000516286355166e-4,6.399928089507413e-4,3.699996599372017e-4,0.006690028822074874,0.005870002027761905,0.001959940564635958,0.0024999978991527157,0.0012999812365546042
NPL,0.0038853182343249943,0.0020999804306519117,0.004980105882739798,0.0031399614803594624,0.003669951637923168,0.00626017447165748,0.007312378910144274,0.0015743346963943746,0.01045910786305607,0.001,0.0011599943781400322,0.0014044272264436331,0.0015760078481816971,0.001213914515776008,9.000046853769386e-5,9.00016846361186e-5,9.00004573937703e-5,2.899929027679205e-4,3.5998978027593253e-4,0.008370007300031285,0.008150430828147438,0.008191056849660368,0.014808435030178719,0.01658028251268387,0.011439912400766493,0.01799993240731353,0.009837625849077143,0,0.0043499753580549284,0.014000145999610667,0.002260504685136855,0.014036702981162066,0,0,0,0,0,0,0,0,0,0,0,0,0,5.89993849774046e-4,3.900034515488826e-4,7.36871848576868e-4,4.299990297855826e-4,3.700022578460149e-4,4.7274964267277606e-4,9.500067668155365e-4,7.800012562024999e-4,8.036945617408554e-4,2.6999550892091613e-4,0.0011000178922884237,0.003619986247994499,0.0011900269541778976,8.712062656202181e-4,6.89999756467809e-4,0.0025600835945663535,5.5e-4,7.700208839449347e-4,0.0016272856115796882,0.0016755127071291188,1.6000081747767262e-4,6.046746670661546e-5,0,0,0,7.172703836873066e-4,4.027159901479128e-4,7.200158332233804e-4,3.0999903947747574e-4,5.500123731749567e-4,3.8001647999511706e-4,0.006645764889586953,0.005869930180803855,0.001959997437394406,0.0024999978991527157,0.0012999812365546042
NZL,0.001473572356611312,0.0017100158218759627,0.004980011819098273,0.0016253158664716054,0.0036701098660437276,0.006259928093942667,0.0074496329672726815,0.0015743346963943746,0.008099960069213364,9.999999999999998e-4,0.0011599702994802411,0.0015100068648677193,0.0015760078481816971,0.0014776000911691453,8.190384930964528e-5,8.067936169524056e-5,7.000027284054289e-5,5.299998730432796e-4,3.599911759987165e-4,0.008410044007248254,0.008150014740359103,0.008631751354139799,0.01661860600558929,0.016579821779187435,0.011439954196287992,0.018000193124758593,0.009837625849077143,0,0.004349902056807051,0.013999756668795816,0.0022600480114553646,0.016270004679457183,0,0,0,0,0,0,0,0,0,0,0,0,0,5.900048777988031e-4,3.1385153917022087e-4,0.0010731432560740358,4.300149003538834e-4,6.500192933134888e-4,4.700068166325836e-4,9.500132146947406e-4,7.800061036752845e-4,8.036945617408554e-4,2.7000135169637896e-4,0.0010999964888873284,0.0036201057165231006,0.0011899899668818311,0.0010526280935500136,6.89995064799854e-4,0.0025600144531514645,5.500107810501629e-4,7.700060275712777e-4,0.0014085203622669128,0.0019025157283681236,1.600013139093731e-4,5.9999087507984304e-5,0,0,0,7.137737281700835e-4,2.4999534729787306e-4,7.200215575316626e-4,3.1000195663387825e-4,6.400053331555614e-4,3.7000105797714767e-4,0.006689986616376689,0.005869969328004461,0.0019599715774514448,0.0024999834090984503,0.0012999812365546042
OMN,0.00292064458562,0.00170999208805,0.0053349494138,0.00253409015113,0.00366999348607,0.00625997273829,0.00742220398559,0.00177746992993,0.0079487451838,0.00100000333706,0.00115999861991,0.00151000726987,0.00157600784818,0.00137056322169,8.35231015689e-05,8.06793616952e-05,6.99999834297e-05,0.000529999417473,0.000360002455311,0.00840984256186,0.00814993487067,0.00796100347665,0.0155831151823,0.0165084894642,0.0114398452873,0.0179999740917,0.00983762584908,0,0.00435001440318,0.0150317991434,0.0022599843163,0.0153767942167,0,0,0,0,0,0,0,0,0,0,0,0,0,0.000590000086001,0.00039000146429,0.00096144620812,0.000429998171541,0.000650001757879,0.000469998461385,0.000950001969908,0.000780004417686,0.000803694561741,0.000270001606001,0.00109999994593,0.00362002909481,0.00119000167289,0.000966393484577,0.000689999984094,0.00256000250933,0.000553717612787,0.000769997832996,0.0018063290918,0.00188755311517,0.000159893511217,6.00932721269e-05,0,0,0,0.000719010476108,0.000291284170526,0.000719992583643,0.00030999637409,0.000639998545796,0.000370002477071,0.00668996845709,0.00586998862272,0.00196000598878,0.00250000845823,0.00129998123655
PAK,0.0038854463502355895,0.00210001351851743,0.004979925175654713,0.0031401038846439245,0.0036700093647380225,0.006259997265157376,0.007312565636731623,0.0025900388750630297,0.0078833643255790415,0.001,0.0011600037957352205,0.0015099942062572422,0.0015760078481816971,0.001209991896674329,8.999971395062788e-5,8.999918890420958e-5,9.0000364126279e-5,2.9000389332295114e-4,3.599963500319372e-4,0.008370125995858632,0.008149987267634327,0.007567874074013125,0.01208554030447086,0.016222898493544795,0.011439695027982805,0.017999888082922338,0.009837625849077143,0,0.004350044545233659,0.019158824915328884,0.002260504685136855,0.012200018971132261,0,0,0,0,0,0,0,0,0,0,0,0,0,5.900004289820256e-4,3.899998372899006e-4,9.481446962193512e-4,4.300009776801375e-4,3.699921932118118e-4,4.7274964267277606e-4,9.499980375995917e-4,7.800035644270183e-4,8.036945617408554e-4,2.699998778446918e-4,0.0010999957058815109,0.003619984276981822,0.0011899332591768631,0.0010120302497300768,6.900006744654861e-4,0.002559975590220832,5.562015159349078e-4,7.699964450764308e-4,0.001451479397506562,0.0022452181181084646,1.6e-4,5.999926999306493e-5,0,0,0,7.186351737751336e-4,3.863114005420441e-4,7.200048160857263e-4,3.099990394774758e-4,5.499942002087924e-4,3.903689810585867e-4,0.00669002671805878,0.005869982994372934,0.0019600084638171813,0.0024999978991527157,0.0012999812365546042
PAN,0.0014736336277436238,0.0017100052101403952,0.005867366772837565,0.003139971297585781,0.0036701098660437276,0.006259913482335977,0.0074496329672726815,0.0015743346963943746,0.008100065402223676,9.999807732979562e-4,0.0011599990810372027,0.0015099868194261381,0.0017800227777368107,0.002559782599322186,8.190384930964528e-5,9.000046319885127e-5,8.999948515205627e-5,5.300092043038054e-4,3.5998978027593253e-4,0.008409970470094091,0.00815019026170692,0.008753096210489024,0.01149704180182498,0.01657981942176544,0.011440191886536657,0.018000337971047147,0.009837625849077143,0,0.00434993152025044,0.019158824915328884,0.0022600126090851777,0.014036702981162066,0,0,0,0,0,0,0,0,0,0,0,0,0,5.899864460359774e-4,3.900138759701743e-4,0.0011157763129972264,4.299809515656101e-4,3.699965897949614e-4,4.699933099838653e-4,9.500000000000001e-4,7.800105764145956e-4,8.100126272004754e-4,2.699987089032513e-4,0.0010999854601851404,0.0036199261992619926,0.0011899872839448028,9.0100340810652e-4,6.899895291850733e-4,0.0022911323870903237,5.499917988612133e-4,7.699990599736793e-4,0.007796184672497543,0.00251947812462485,1.5999999999999999e-4,5.9999756667315555e-5,0,0,0,7.200049888534224e-4,2.4985225014033586e-4,7.199963782878355e-4,3.099932084990783e-4,6.400025577082934e-4,3.7998830702413766e-4,0.005700026673030758,0.005869971574255345,0.0019599955918007494,0.0025000182501733765,0.0012999812365546042
PER,0.0014736166013773959,0.0017100350393474638,0.004200024209242344,0.0016252409052075264,0.0036700093647380225,0.00626017447165748,0.0074496329672726815,0.0015743346963943746,0.006264266151599787,9.999954563560277e-4,0.0011600052099995978,0.0015100179947895682,0.0015760078481816971,0.0013852874190410666,8.190384930964528e-5,8.999999999999999e-5,9.000019146384554e-5,5.3e-4,3.5998978027593253e-4,0.008410009173774715,0.008150051903693533,0.008245978552258587,0.016740749377141515,0.01657975180217173,0.011440268323961724,0.01799932409597837,0.009837625849077143,0,0.004350025068939584,0.01399981750159686,0.0022600167177486766,0.012199999999999999,0,0,0,0,0,0,0,0,0,0,0,0,0,5.900031374362192e-4,3.8998982805740415e-4,0.0012134922758294988,4.3000687219138056e-4,3.6999764488487115e-4,4.699963072378139e-4,9.500226142017187e-4,7.799877288066264e-4,8.100039657476903e-4,2.6999680551118764e-4,0.0011000179627880565,0.003620008280326697,0.0011900081691003778,0.0010615028602596064,6.900015218383808e-4,0.0010400021306061576,5.499982877298723e-4,7.700106883496989e-4,6.630486888061363e-4,0.0023672407074528928,1.600022388895108e-4,6.046746670661546e-5,0,0,0,7.200189876148967e-4,2.536887925037508e-4,7.200050677815787e-4,3.10001298026999e-4,6.40003224197603e-4,3.79991421831439e-4,0.005700039943253034,0.005869979785651627,0.001959995938673977,0.0025000456246007845,0.0012999812365546042
PHL,0.001473578145358038,9.99985557334769e-4,0.004199922133540978,0.0016252565082686195,0.0036700093647380225,0.006260010735373054,0.0074496329672726815,0.0015743346963943746,0.008233588391433497,0.0010000019269344976,0.0011599877825290165,0.001,0.001780027890620263,0.0017116894534210446,9.000044841038519e-5,8.9998563011927e-5,8.9999307071337e-5,2.9000403063280934e-4,3.6000292002774024e-4,0.0147,0.008149922438178666,0.010364959199949305,0.021495636305692328,0.014200200748243451,0.011440059313334094,0.01799993240731353,0.009837625849077143,0,0.0043501015947293884,0.014000073000693506,0.0022600284702704674,0.014036702981162066,0,0,0,0,0,0,0,0,0,0,0,0,0,5.899965657165148e-4,3.900030398383135e-4,7.705586955645692e-4,4.3000742001658585e-4,3.700111898545319e-4,4.8000918238512457e-4,9.500010220559677e-4,7.800050056210663e-4,8.036945617408554e-4,2.7000433122022286e-4,0.0010999893648301188,0.0034189603580440228,0.0011899941600155735,8.952177292003457e-4,6.899998523527589e-4,0.0025600062833804585,5.500050427371978e-4,0.00236001714760889,0.0017797664414618078,8.996031149394868e-4,1.5999931376417507e-4,6.000104286161226e-5,0,0,0,7.03747368208708e-4,2.500031361726149e-4,7.199979092619694e-4,3.099947488184841e-4,5.500129423510706e-4,3.799923590090222e-4,0.006690061528835124,0.005870151113880666,0.001960053393978346,0.0025000182501733765,0.0012999812365546042
POL,0.0014735702324573362,0.0017099885937754606,0.004980009168509072,0.00190645334710958,0.003669944547832952,0.006259957706903045,0.0074496329672726815,0.0015743346963943746,0.0045416728405258235,0.0010000041713195927,0.0011599908368190187,0.0015100333741709265,0.0015760078481816971,0.0014776000911691453,8.190384930964528e-5,8.067936169524056e-5,7.000040546366425e-5,5.299725180350394e-4,3.5998938182300823e-4,0.008409946389871107,0.00814985709858476,0.01048017916517872,0.013368357187564201,0.01658028251268387,0.01143999304771009,0.017999888082922338,0.009837625849077143,0,0.004349910394265233,0.019158824915328884,0.0022600480114553646,0.01627047262517548,0,0,0,0,0,0,0,0,0,0,0,0,0,5.899933207017352e-4,3.9000689848448915e-4,8.489610425074978e-4,4.2999927280366505e-4,6.500025134469411e-4,4.699874784786352e-4,9.499807618314735e-4,7.799882189139982e-4,8.036945617408554e-4,2.700007073636556e-4,0.0011000180429422022,0.0036200280767430975,0.0011899560885362103,7.973503761320632e-4,6.899968210236304e-4,0.0025599629286376276,5.500011754314673e-4,7.700041382383838e-4,0.0014269821917029383,0.001690843023495886,1.6000112104481377e-4,6.000199517636772e-5,0,0,0,7.199876264210281e-4,2.503405356052107e-4,7.200011871902175e-4,3.1000150473993075e-4,6.40003376626509e-4,3.903689810585867e-4,0.006690061528835123,0.005869925893153412,0.0019600599541527066,0.0025000182501733765,0.0012999812365546042
PRT,0.001473571076990814,0.0017100057854987256,0.004980044345898004,0.0016252766166707647,0.0036700310472608305,0.006259935186764454,0.0074496329672726815,0.0015743346963943746,0.005045737220966626,0.0010000041713195927,0.0011600167019644892,0.0015099723352790372,0.0017799941643014405,0.0014776000911691453,8.190384930964528e-5,8.067936169524056e-5,6.999945753675189e-5,5.300004573937703e-4,3.600020277805941e-4,0.00840997779721456,0.008150015398478403,0.007750283161283823,0.00991768821331422,0.01658028251268387,0.011439988924130293,0.017999888082922338,0.009837625849077143,0,0.004350006814774431,0.019158824915328884,0.0022600235849056607,0.014036702981162066,0,0,0,0,0,0,0,0,0,0,0,0,0,5.90000977285102e-4,3.8999889350805364e-4,8.30390925696131e-4,4.3000427734664836e-4,6.499890698436988e-4,4.700008311663639e-4,9.500154186874491e-4,7.800212442957242e-4,8.100104821802934e-4,2.7000212481533345e-4,0.0010999999999999998,0.0036200280767430975,0.0011900122432791295,8.57257603267169e-4,6.899923558376954e-4,0.0025599042304647527,5.500047859551921e-4,7.700063733102342e-4,0.0016994571677527248,0.0012351433634896773,1.5999801314634833e-4,5.999903947747576e-5,0,0,0,7.198451544499791e-4,2.703638208788337e-4,7.199772849542709e-4,3.100009346667913e-4,6.4e-4,3.7000535281337576e-4,0.006689800534649393,0.005869971860310025,0.0019600708896109127,0.0024999519738737874,0.0012999812365546042
PRY,0.0014735750428783868,0.0017100284926899903,0.004199994785691939,0.001625277300998468,0.0036700093647380225,0.006260037310406359,0.0074496329672726815,0.0015743346963943746,0.008100037893141341,0.0010000086249277661,0.0011599949106986657,0.001509994668344827,0.0015760078481816971,0.0014776000911691453,8.190384930964528e-5,8.067936169524056e-5,9.0000609075824e-5,5.299988593589597e-4,3.600016846124689e-4,0.008409972299168976,0.008149886234357225,0.008237111002641167,0.014517331534700159,0.016222898493544795,0.011440190438405077,0.017999718369358587,0.009837625849077143,0,0.004349964904071127,0.013999855921621363,0.0022600284702704674,0.014036702981162066,0,0,0,0,0,0,0,0,0,0,0,0,0,5.900127132424682e-4,3.9000307933764446e-4,6.25375903719777e-4,4.299971301637586e-4,3.699904754927101e-4,4.6999621232617284e-4,9.499940538117015e-4,7.799741462889151e-4,8.036945617408554e-4,2.7000153209744143e-4,0.0011000260710871644,0.0034189603580440228,0.0011899900544082374,0.0010308838675926173,6.899899936997369e-4,0.0010400529625951673,5.499985326750689e-4,7.699985103530464e-4,0.0014750966814152731,0.0022903076002995407,1.5999858876658196e-4,5.9999999999999995e-5,0,0,0,7.192638736009296e-4,2.4997657981441296e-4,7.200111822710175e-4,0.00032640595358267895,6.39999010170498e-4,3.7999267578125e-4,0.005699824800467199,0.005869930180803855,0.0019600599541527066,0.0024999978991527157,0.0012999812365546042
ROU,0.0014735989280650638,0.0017099969194290675,0.004979909824249303,0.0016253005371733153,0.003669994632313473,0.006260151473674605,0.0074496329672726815,0.0015743346963943746,0.004722549197757515,0.0010000041713195927,0.0011600113898621405,0.0015100121666835648,0.0015760078481816971,0.0014776000911691453,8.190384930964528e-5,8.067936169524056e-5,7.000035540391655e-5,5.29995320542817e-4,3.600010428616123e-4,0.008410035400954285,0.008150093857545103,0.009257490415243413,0.013433230390264042,0.016222898493544795,0.01143999304771009,0.017999888082922338,0.009837625849077143,0,0.004349976602714085,0.01399991889042096,0.002260010735373054,0.016270004679457183,0,0,0,0,0,0,0,0,0,0,0,0,0,5.899966589158013e-4,3.8999467019536487e-4,7.551000800853997e-4,4.300009976287133e-4,6.500032293483175e-4,4.6999696171764224e-4,9.499963660149722e-4,7.800212539851222e-4,8.099772135416667e-4,2.700003467767105e-4,0.0011000063148588629,0.0036200280767430975,0.0011900117255485506,6.526330508214775e-4,6.89997334202186e-4,0.0025599655140561015,5.499914130138301e-4,7.699841236442931e-4,0.0019908802480572527,0.0019748667407589984,1.600039424403706e-4,6.000027036891839e-5,0,0,0,7.163299421280547e-4,2.804029730621367e-4,7.199942452253354e-4,3.0999985222621206e-4,6.400058918839298e-4,3.699940878115568e-4,0.006689957242673897,0.005869925893153412,0.0019600599541527066,0.0025000182501733765,0.0012999812365546042
RUS,0.0014735923334536106,0.0017100243582537007,0.0049799454516284295,0.0016252739325139176,0.0036700131873874686,0.006259990350527574,0.005595918268532417,3.9219547804602174e-4,0.008475151422511798,0.0010000041713195927,0.0011600087158945866,0.0014044272264436331,0.0015760078481816971,0.0014776000911691453,8.190384930964528e-5,8.067936169524056e-5,6.999965140010395e-5,5.299975570851715e-4,3.5999365230500674e-4,0.008361515780327705,0.008149992941983101,0.010117696502964615,0.015678113421364825,0.016579979925175653,0.011440083428138036,0.017999888082922338,0.009837625849077143,0,0.004350003988194943,0.014000486677211339,0.002259942943446887,0.014036702981162066,0,0,0,0,0,0,0,0,0,0,0,0,0,5.900058381437731e-4,3.8999799184272666e-4,8.297669539136259e-4,4.3000079372119846e-4,6.500135758892207e-4,4.6999139167862265e-4,9.499980375995918e-4,7.799745825403549e-4,8.036945617408554e-4,2.699920141553012e-4,0.0010999656475437995,0.0036199289479715794,0.0011899808376676702,7.882350983040599e-4,6.899982558784823e-4,0.0025599731363331094,5.499926428227618e-4,7.700048321452235e-4,0.0015018955577922356,0.001367923798572922,1.5999857886415716e-4,5.999968534659073e-5,0,0,0,7.190516130558711e-4,2.5167575245170124e-4,7.200015767896562e-4,3.099984927583892e-4,6.4e-4,3.6999127191938427e-4,0.006689876687405943,0.005869851258581236,0.0019599520043350922,0.0024999978991527157,0.0012999812365546042
RWA,0.0018205675188771896,0.0017999888407387434,0.005867366772837565,0.0018954805533025454,0.003670093685363183,0.006259997265157376,0.00526888767623672,0.002241098503112711,0.008099905853685552,0.0010000182170144998,8.899965788106542e-4,0.0013000054762526217,0.0015670077013884987,0.0019999102629229284,8.190384930964528e-5,8.067936169524056e-5,1.0000140926450485e-4,4.921727335449764e-4,3.9999999999999996e-4,0.004746881424158603,0.008150053256436234,0.010521300181112024,0.014517331534700159,0.015026277793820387,0.008599791432696936,0.017999888082922338,0.009837625849077143,0,0.006692861131828454,0.019158824915328884,0.002260504685136855,0.014036702981162066,0,0,0,0,0,0,0,0,0,0,0,0,0,0.0014566588540177977,4.4000119997600047e-4,9.061710346032378e-4,5.09979633401222e-4,3.699979789814066e-4,4.7274964267277606e-4,9.500009303883442e-4,8.000063621325869e-4,8.00009693297046e-4,2.999903864641415e-4,0.001954995981784088,0.0034189603580440228,0.0011397343299678335,0.002021201666905987,9.000041133643207e-4,0.0015999889667347052,0.001,5e-4,0.0014139760920165233,0.004057796784235504,1.4094191522762953e-4,9.999999999999999e-5,0,0,0,7.000094591915988e-4,1.1835497305151804e-4,5.999703908409001e-4,3e-4,6.999950508524906e-4,3.9001660823030073e-4,0.006645764889586953,0.005869930180803855,0.001959997437394406,0.0024999978991527157,0.0012999812365546042
SAU,0.0038853548524606083,0.0017099889981245912,0.005867366772837565,0.003139984481347268,0.0036700093647380225,0.00626,0.007312488058846007,0.002590010864062598,0.007993499095875434,0.0010000041713195927,0.001159998961776055,0.0015099868194261383,0.0015760078481816971,0.001209996567112942,8.190384930964528e-5,8.067936169524056e-5,6.999987413798824e-5,5.300029199922134e-4,3.600062571696736e-4,0.008409927995487274,0.008150093857545103,0.008970075297197391,0.014687572047720344,0.016579979925175653,0.011439521132929412,0.018000337971047147,0.009837625849077143,0,0.00434993054032317,0.019158824915328884,0.0022598994559603334,0.01626998005073517,0,0,0,0,0,0,0,0,0,0,0,0,0,5.900044416303618e-4,3.899954257704189e-4,6.610213081788648e-4,4.2999697000303e-4,6.500135758892207e-4,4.6999435285043317e-4,9.500021330148032e-4,7.799935229250032e-4,8.036945617408554e-4,2.700002745539479e-4,0.001100029469961689,0.0036200273005304595,0.0011900212105093804,9.211034030255748e-4,6.900074757039621e-4,0.0025599743712003816,5.562015159349078e-4,7.69994246260069e-4,0.00198994409918491,0.0022301692338017065,1.6000263400500463e-4,6e-5,0,0,0,7.199989614525816e-4,2.661636359386687e-4,7.199785561115082e-4,3.099960909141677e-4,6.400041071978643e-4,3.6999081266182244e-4,0.006689988146520571,0.005869925893153412,0.0019600084638171813,0.0024999978991527157,0.0012999812365546042
SDN,0.0018206172458723336,0.0018000165909703642,0.0049799250091249955,0.0021476293061163626,0.0036700093647380225,0.006259997265157376,0.005268968880603004,0.002241092013182667,0.008100010868121385,0.001,8.900162222158977e-4,0.0012999939106077213,0.001567027597772303,0.0014776000911691453,9.000238720458343e-5,8.067936169524056e-5,9.999954030245034e-5,5.299785867237686e-4,4.000024333268444e-4,0.004746932981851364,0.008150074520181282,0.008745543792691489,0.014517331534700159,0.016222898493544795,0.00859997539319622,0.017999888082922338,0.009837625849077143,0,0.004199978942196329,0.04081957693902945,0.002260060224473036,0.015399876247196227,0,0,0,0,0,0,0,0,0,0,0,0,0,0.001456679033693152,4.399986544383656e-4,7.496644496225333e-4,5.099950971652701e-4,3.7000171778672726e-4,5e-4,9.499940538117015e-4,8.000082574394368e-4,8.036945617408554e-4,3e-4,0.001955017466622003,0.001199991350634467,0.0011899929713582848,5.995421900100283e-4,9.000218628792602e-4,0.0015999949029868498,5.562015159349078e-4,5e-4,0.0019667859204405493,0.0032345121268784033,1.4094735868257932e-4,6.046746670661546e-5,0,0,0,6.999775517419547e-4,1.5486491273237135e-4,6.000216262975779e-4,3e-4,7.000168719419606e-4,3.9000859617800704e-4,0.006645764889586953,0.005869930180803855,0.0019600084638171813,0.0024999978991527157,0.0012999812365546042
SEN,0.0018206021085021749,0.001799985364706835,0.005867366772837565,0.0017609403971678708,0.0036700093647380225,0.006259997265157376,0.005268820274173363,0.0022410891826871904,0.008099944442819966,0.001,8.9002828041294e-4,0.001300019573302016,0.0015760078481816971,0.0014776000911691453,8.190384930964528e-5,8.067936169524056e-5,9.99997555257297e-5,5.299786745406824e-4,3.99990478306408e-4,0.008361515780327705,0.008149922438178666,0.00964987469716141,0.014364554812127995,0.015026261906881512,0.008599995840439249,0.017999888082922338,0.009837625849077143,0,0.004200021432781439,0.040819539937187,0.0022599523067938485,0.01540009358914366,0,0,0,0,0,0,0,0,0,0,0,0,0,0.0014566647697487377,4.4000346264669874e-4,4.5031867489094994e-4,5.100036294347155e-4,4.424288306043768e-4,5.000172170379807e-4,9.499940538117015e-4,8.000076296564748e-4,8.036945617408554e-4,2.999939470976333e-4,0.001954994632387349,0.0011999839563613028,0.0011899941600155735,6.306805827442755e-4,9.00001219199961e-4,0.001600003229296175,0.001,5e-4,0.001741216014034225,0.003582125630047152,1.4093761175590884e-4,9.999999999999999e-5,0,0,0,7.000163484157453e-4,1.3005502564900442e-4,5.999933943257259e-4,3.000066549834734e-4,6.999829979288386e-4,3.899961104628549e-4,0.006689831374552888,0.005869930180803855,0.001960047330688383,0.0024999978991527157,0.0012999812365546042
SLB,0.00147357265415,0.00136666006555,0.00501573031925,0.00171898755456,0.00366997138202,0.00625993599531,0.00744963296727,0.00157433469639,0.00815757546828,0.00100000112754,0.0011599887859,0.00113481064449,0.00164401452899,0.00155562987859,8.73013454137e-05,8.37857621341e-05,9.00002505902e-05,0.000290004734604,0.000361401658267,0.0125872678895,0.00840492736145,0.0114581039819,0.0153625738569,0.0149934780854,0.0114400534994,0.0179999028577,0.00983762584908,0,0.00591194128613,0.0157195680371,0.0023435175002,0.0140367029812,0,0,0,0,0,0,0,0,0,0,0,0,0,0.000589458008999,0.000364622202678,0.000671510206651,0.000430001118503,0.00039414109459,0.000477590101097,0.000949998825856,0.000780001433313,0.000803694561741,0.000270000146793,0.00110000054459,0.00341896035804,0.00119000171569,0.000826625299694,0.000689999753449,0.00255996872463,0.000549995376955,0.00182997692259,0.00161590144114,0.00144697105379,0.000159820235734,6.03119920916e-05,0,0,0,0.000713750110058,0.000269683983274,0.000719984913015,0.000315466580626,0.000550002251964,0.000379992289145,0.006660530436,0.00587000382516,0.00196001976506,0.00250000468283,0.00129998123655
SLE,0.00182059280223,0.00179999856222,0.00559431229071,0.00185280357227,0.00367002358181,0.00625999807527,0.00543661079604,0.00224109498817,0.00805003864726,0.000999999797709,0.000890001617936,0.00132410089559,0.00157047770433,0.0015281098341,8.37725536149e-05,8.06793616952e-05,9.99993467241e-05,0.000527083252812,0.000388988072972,0.0061371290727,0.00832665235112,0.00991465619826,0.0135207751552,0.0154867469868,0.00876564229523,0.0179998880829,0.00983762584908,0,0.0047752666233,0.032488570175,0.00226039723203,0.0146658506847,0,0,0,0,0,0,0,0,0,0,0,0,0,0.0014566675788,0.000410891231624,0.000793635957497,0.00050401603641,0.000392290855919,0.000491616261207,0.000949995195226,0.000798650973991,0.000801991142,0.000297717972032,0.00184542584169,0.00239482426191,0.00116680449526,0.000839535577945,0.000899994888836,0.0016000062796,0.000965863079952,0.000499998799568,0.00151749234815,0.0036357022308,0.000150911426829,6.65493949056e-05,0,0,0,0.000698386757759,0.000137801292059,0.000599995947539,0.000312186797677,0.000700000474352,0.000390029693622,0.00666621530457,0.00586996601865,0.00195999913377,0.00249999455117,0.00129998123655
SLV,0.0014735874918055008,0.0017100135239286288,0.005867366772837565,0.0031399821586794415,0.0036700093647380225,0.006259986751922998,0.0074496329672726815,0.0028399404532171804,0.008100083377080567,0.0010000311487665088,0.001159987606647069,0.0015099774183142082,0.0015760078481816971,0.002569868336100924,8.190384930964528e-5,8.067936169524056e-5,8.999962276268368e-5,5.299962341762985e-4,3.599963500319372e-4,0.008409979360263276,0.008149922438178666,0.010521300181112024,0.019677048875399564,0.016580059552396505,0.01144008638389123,0.01799981074175713,0.009837625849077143,0,0.004350023929169658,0.014000069524107487,0.0022599459814585006,0.014036702981162066,0,0,0,0,0,0,0,0,0,0,0,0,0,5.90001134061653e-4,3.900027283324928e-4,5.752873209312875e-4,4.2999190624096027e-4,3.7000553403431104e-4,4.699882928172991e-4,9.499980375995918e-4,7.800061709348965e-4,8.09980509602586e-4,2.699896770387848e-4,0.001099941062557885,0.0036200188516535307,0.0011899747821085696,8.877182015017789e-4,6.899981756422174e-4,0.0010399916587502027,5.499966779615973e-4,7.700112490901471e-4,0.0016272856115796882,0.0024164889708580602,1.6000081406707911e-4,5.999926999306493e-5,0,0,0,7.20017720891123e-4,2.4998992299668906e-4,7.2001813087193e-4,3.0999903947747574e-4,6.400058918839299e-4,3.7999666611101857e-4,0.005700053676865271,0.005869925893153412,0.0019599735508044965,0.0024999978991527157,0.0012999812365546042
SRB,0.0014735933419510459,0.0017100158252080248,0.004980170568209735,0.001625254700163314,0.003669953012250378,0.006260151473674605,0.0074496329672726815,0.0015743346963943746,0.0046111152797857725,0.0010000041713195927,0.001159998967677237,0.0014044272264436331,0.0015760078481816971,0.0014776000911691453,8.190384930964528e-5,8.067936169524056e-5,6.99995426062297e-5,5.300102657693624e-4,3.6000044242404133e-4,0.008410367535750786,0.008150011508993457,0.008398527679073212,0.01399445699744178,0.016222898493544795,0.011439868975198877,0.017999888082922338,0.009837625849077143,0,0.004349962396590624,0.01399990875079843,0.0022600126090851777,0.016269752708685793,0,0,0,0,0,0,0,0,0,0,0,0,0,5.900089235731982e-4,3.899989362456563e-4,8.078544993816019e-4,4.2999805049225064e-4,6.500176548005007e-4,4.6999868126071473e-4,9.50002559595925e-4,7.800050883032629e-4,8.036945617408554e-4,2.7000322893122375e-4,0.0011000115433452615,0.003619918576900708,0.0011900196121159292,6.922346837925115e-4,6.900048436743176e-4,0.0025600655090912473,5.500060577955473e-4,7.700073229417304e-4,0.0016272856115796882,9.00001702388451e-4,1.6000124807588303e-4,5.999863126197646e-5,0,0,0,7.200077298366565e-4,2.5282595011291866e-4,7.199932092128347e-4,3.100069856793573e-4,6.399967006227575e-4,3.6999773294037636e-4,0.006689831374552888,0.005869805656501817,0.0019600599541527066,0.0024999978991527157,0.0012999812365546042
STP,0.00182058615151,0.00180000374947,0.00536028913767,0.00182822297252,0.00367001499579,0.00625999731792,0.00573614878929,0.00209822966354,0.00802224360861,0.000999996282219,0.000889999915247,0.0012999891842,0.00157023150937,0.00158169934343,8.59516084878e-05,8.48194984748e-05,9.99996278985e-05,0.000530004103521,0.000382104681999,0.00526326583342,0.00836864501864,0.0102114149284,0.0162438107541,0.0152831868661,0.00860001964449,0.0179998839749,0.00983762584908,0,0.00473416860944,0.0315366034264,0.00226029263538,0.0151077781569,0,0,0,0,0,0,0,0,0,0,0,0,0,0.00145666115734,0.000430988737417,0.000837951183242,0.000509999687403,0.000401038777807,0.000496107588319,0.000950003263691,0.00079874050059,0.000801848139809,0.000299999251781,0.00195498228792,0.00183398502155,0.00118999547501,0.000770730670658,0.000899998742689,0.00160000083204,0.000968299059034,0.000500000154555,0.00148958475524,0.00339754517909,0.000148876451272,9.43524952438e-05,0,0,0,0.000698282373946,0.000122566624025,0.000599998320364,0.00030188583332,0.00070000024016,0.00039000094314,0.00668363407806,0.00586994118136,0.00196000075703,0.00249999789915,0.00129998123655
SUR,0.0014736004551115483,0.001710007754655449,0.004200018249840313,0.0016252556149153612,0.0036700093647380225,0.006260102546276179,0.0074496329672726815,0.0015743346963943746,0.0078833643255790415,0.0010000348177291877,0.0011600013591111411,0.0015100137689322817,0.0015760078481816971,0.0011895292133108418,9.000146498681512e-5,8.067936169524056e-5,8.999870148778022e-5,5.300012717792191e-4,3.600073001581701e-4,0.008410091250670961,0.008150026838432635,0.010521300181112024,0.014517331534700159,0.016580442441362236,0.011439775081385023,0.017999888082922338,0.009837625849077143,0,0.00435002458979747,0.019158824915328884,0.002260504685136855,0.014036702981162066,0,0,0,0,0,0,0,0,0,0,0,0,0,5.899870148607705e-4,3.900000952009215e-4,0.0011660076575583892,4.300070109838747e-4,3.700118413262285e-4,4.7000450404637717e-4,9.499982214212031e-4,7.800006974878812e-4,8.100120351609512e-4,2.700057146017291e-4,0.001099941062557885,0.0034189603580440228,0.0011900322247598784,5.610147978694007e-4,6.900058673968316e-4,0.0010399546905571,5.499979141462601e-4,7.700074267878899e-4,0.0016272856115796882,0.0018313999799752154,1.5945781708254732e-4,5.9999999999999995e-5,0,0,0,7.199924012240191e-4,2.49246529492123e-4,7.199955713020372e-4,3.0999903947747574e-4,6.399948779921728e-4,3.8000775586910474e-4,0.005699977576799462,0.005869930180803855,0.001960078995627028,0.0024999978991527157,0.0012999812365546042
SVK,0.0014735963957094866,0.0017100205315387245,0.00498017975587739,0.0016253076852949218,0.003669985775248934,0.006259986751922998,0.0074496329672726815,0.0015743346963943746,0.0050004694296330926,0.0010000041713195927,0.0011600244692661487,0.0014044272264436331,0.0015760078481816971,0.0014776000911691453,8.190384930964528e-5,8.067936169524056e-5,6.999996849828158e-5,5.300061927279681e-4,3.6000342192312075e-4,0.00840998338619544,0.008149804647337035,0.008582951477823871,0.013255322764386235,0.016579797426772513,0.01143995619905098,0.017999888082922338,0.00644997627477461,0,0.0043500332159286045,0.013999452504790583,0.002259990641085634,0.016269540142662013,0,0,0,0,0,0,0,0,0,0,0,0,0,5.899952843739329e-4,3.8999995432934935e-4,8.82103823987963e-4,4.299989216778692e-4,6.499836885602436e-4,4.6998058536942746e-4,9.499825571254143e-4,7.799773024378332e-4,8.100019818986588e-4,2.6999956434435807e-4,0.0011000232747585244,0.0036199453053783045,0.0011899770971623772,7.645876400101586e-4,6.900027240533914e-4,0.002560011406979646,5.499955380308503e-4,7.700048386078835e-4,0.0033596457608875193,0.0027232088717720425,1.6000524177696242e-4,6.000000000000001e-5,0,0,0,7.130026100723118e-4,2.5878654895383784e-4,7.199797019882825e-4,3.1000493738498133e-4,6.399983280038457e-4,3.700141068594604e-4,0.006689883201648918,0.005869925893153412,0.0019600084638171813,0.0025000182501733765,0.0012999812365546042
SVN,0.0014735709313670265,0.0017100361228743622,0.0049799441096515405,0.0016252560207213923,0.00367,0.0062600374864358295,0.0074496329672726815,0.0015743346963943746,0.005017237653467884,0.0010000041713195927,0.001159958552441237,0.0014044272264436331,0.0015760078481816971,0.0012119451476638326,8.190384930964528e-5,8.067936169524056e-5,6.999986174232324e-5,5.300035245553983e-4,3.600130356851882e-4,0.008410056322960258,0.00815006468305304,0.010521300181112024,0.013896632308248582,0.016579979925175653,0.01144000941952196,0.018,0.009837625849077143,0,0.004349954421148587,0.013999562011825681,0.00225992986473914,0.016269536733738887,0,0,0,0,0,0,0,0,0,0,0,0,0,5.900068681318681e-4,3.90000785308009e-4,9.24332092886897e-4,4.2999851671277756e-4,6.499649450806263e-4,4.6999615929648906e-4,9.500103284445364e-4,7.800207736251899e-4,8.036945617408554e-4,2.6999458738581893e-4,0.0011000146060030672,0.003620064176842856,0.0011899603555368082,7.055128296083231e-4,6.900140398417326e-4,0.00256001611847076,5.499972884402334e-4,7.700091659028415e-4,0.0016319197770369965,0.0015325610351600025,1.6000201374380144e-4,5.999795803767421e-5,0,0,0,7.200052781473704e-4,2.5104129481769285e-4,7.200124438913825e-4,3.0999754761710125e-4,6.400030085932946e-4,3.700035423308537e-4,0.006689941917669089,0.0058699087078651685,0.001960044809559373,0.002499954375399215,0.0012999812365546042
SWE,0.0014735655755069527,0.0017099835104541373,0.004980022029761776,0.001625217267417011,0.003670158156291925,0.006259841332086513,0.0074496329672726815,0.0015743346963943746,0.004514010842847314,0.0010000041713195927,0.0011599612401161463,0.0015099695843190267,0.0015760078481816971,0.0014776000911691453,8.190384930964528e-5,8.067936169524056e-5,7.000019945349741e-5,5.300010503650019e-4,3.599971558589306e-4,0.008409960390953456,0.008150021554821096,0.007873169883935912,0.015099012172241686,0.016580188679245284,0.011439997460881708,0.017999888082922338,0.00644997627477461,0,0.004349929808142255,0.014000066363606197,0.0022600287789983505,0.014036702981162066,0,0,0,0,0,0,0,0,0,0,0,0,0,5.899990556237606e-4,3.8999937761918595e-4,0.0010424798540740847,4.300043150136055e-4,6.499985157479146e-4,4.700024816974811e-4,9.499947436661176e-4,7.799797591001095e-4,8.10029200359389e-4,2.700007810262685e-4,0.0010999816491313922,0.003620024448009779,0.001189993561157084,8.425670671313873e-4,6.900095309596452e-4,0.0025600370726349036,5.499951619536032e-4,7.699825045568675e-4,0.0015508098530000328,0.001906311406819528,1.5999559038336103e-4,6.0001176593965095e-5,0,0,0,7.199837797400563e-4,2.5076495596709563e-4,7.199963782878356e-4,3.1000013032881957e-4,6.400039971293345e-4,3.700116121540545e-4,0.006690077676202837,0.005869982994372934,0.001960044809559373,0.0025000456246007845,0.0012999812365546042
SWZ,0.0018206043141414602,0.0018000058902643745,0.004980107311019454,0.0018954873823805694,0.003669987698214213,0.006259968975271466,0.0074496329672726815,0.0022410793520277962,0.008233276461071968,0.0010000041713195927,8.899951094800542e-4,0.0013000062586055825,0.0015760078481816971,0.001,8.190384930964528e-5,8.067936169524056e-5,1.0000016441446256e-4,5.300044232564998e-4,3.6421227449699435e-4,0.004746701846965699,0.008915359682685213,0.011138361594766371,0.008666741770579682,0.01502710448406851,0.0086000235488049,0.017999729632299927,0.009837625849077143,0,0.006692861131828454,0.019158824915328884,0.0022600284702704674,0.01539989013448353,0,0,0,0,0,0,0,0,0,0,0,0,0,0.0014566728845175512,4.3999468811655785e-4,9.188230607139457e-4,5.100048264044173e-4,3.6999526365645726e-4,5e-4,9.499981131363447e-4,8e-4,8.036945617408554e-4,2.999978729589268e-4,0.0019550062622586666,0.001200005730002292,0.00118992633884133,6.630927215827613e-4,9.000152648450619e-4,0.0016,0.001,4.999945410675488e-4,0.0016272856115796882,0.004049234220297029,1.5945781708254732e-4,1e-4,0,0,0,7.005065278032827e-4,1.0059409914937376e-4,6.000054763762818e-4,0.00032640595358267895,7.000048521312986e-4,3.89997432845574e-4,0.006645764889586953,0.005869930180803855,0.001959997437394406,0.0024999978991527157,0.0012999812365546042
TCD,0.00182059280223,0.00179999856222,0.00559431229071,0.00185280357227,0.00367002358181,0.00625999807527,0.00543661079604,0.00224109498817,0.00805003864726,0.000999999797709,0.000890001617936,0.00132410089559,0.00157047770433,0.0015281098341,8.37725536149e-05,8.06793616952e-05,9.99993467241e-05,0.000527083252812,0.000388988072972,0.0061371290727,0.00832665235112,0.00991465619826,0.0135207751552,0.0154867469868,0.00876564229523,0.0179998880829,0.00983762584908,0,0.0047752666233,0.032488570175,0.00226039723203,0.0146658506847,0,0,0,0,0,0,0,0,0,0,0,0,0,0.0014566675788,0.000410891231624,0.000793635957497,0.00050401603641,0.000392290855919,0.000491616261207,0.000949995195226,0.000798650973991,0.000801991142,0.000297717972032,0.00184542584169,0.00239482426191,0.00116680449526,0.000839535577945,0.000899994888836,0.0016000062796,0.000965863079952,0.000499998799568,0.00151749234815,0.0036357022308,0.000150911426829,6.65493949056e-05,0,0,0,0.000698386757759,0.000137801292059,0.000599995947539,0.000312186797677,0.000700000474352,0.000390029693622,0.00666621530457,0.00586996601865,0.00195999913377,0.00249999455117,0.00129998123655
TGO,0.00182059280223,0.00179999856222,0.00559431229071,0.00185280357227,0.00367002358181,0.00625999807527,0.00543661079604,0.00224109498817,0.00805003864726,0.000999999797709,0.000890001617936,0.00132410089559,0.00157047770433,0.0015281098341,8.37725536149e-05,8.06793616952e-05,9.99993467241e-05,0.000527083252812,0.000388988072972,0.0061371290727,0.00832665235112,0.00991465619826,0.0135207751552,0.0154867469868,0.00876564229523,0.0179998880829,0.00983762584908,0,0.0047752666233,0.032488570175,0.00226039723203,0.0146658506847,0,0,0,0,0,0,0,0,0,0,0,0,0,0.0014566675788,0.000410891231624,0.000793635957497,0.00050401603641,0.000392290855919,0.000491616261207,0.000949995195226,0.000798650973991,0.000801991142,0.000297717972032,0.00184542584169,0.00239482426191,0.00116680449526,0.000839535577945,0.000899994888836,0.0016000062796,0.000965863079952,0.000499998799568,0.00151749234815,0.0036357022308,0.000150911426829,6.65493949056e-05,0,0,0,0.000698386757759,0.000137801292059,0.000599995947539,0.000312186797677,0.000700000474352,0.000390029693622,0.00666621530457,0.00586996601865,0.00195999913377,0.00249999455117,0.00129998123655
THA,0.0014735670166540467,9.999964174177334e-4,0.005867366772837565,0.0016252453791403031,0.0036700093647380225,0.0062598777260698965,0.0074496329672726815,0.0015743346963943746,0.0078833643255790415,0.001000010073976568,0.00116,0.001,0.0015760078481816971,0.0019205348922438836,9.000184672206832e-5,8.067936169524056e-5,8.99996216635454e-5,2.9000690539607375e-4,3.600073001581701e-4,0.0147002822201317,0.008149890502068293,0.01051648642237065,0.01824257535652144,0.014199999999999999,0.011440490157736932,0.017999888082922338,0.009837625849077143,0,0.004350002207310613,0.01399990875079843,0.0022600284702704674,0.01627047262517548,0,0,0,0,0,0,0,0,0,0,0,0,0,5.900075784181438e-4,3.89996360422191e-4,9.837448266507914e-4,4.300011066258017e-4,0.00037000670241286863,4.8000763431625156e-4,9.499980375995917e-4,7.800024411904592e-4,8.036945617408554e-4,2.7000251727127793e-4,0.001099984278126773,0.0034189603580440228,0.0011899970405445399,9.83228343932781e-4,6.900024384296513e-4,0.0025599527329178153,5.499929238607415e-4,0.002360022751738111,0.0016272856115796882,9.700503991725819e-4,1.600022260146917e-4,5.999926999306493e-5,0,0,0,6.799582943941529e-4,2.5000063188917174e-4,7.200040565894225e-4,3.100047551117451e-4,5.499993807359335e-4,3.799969772538351e-4,0.006690053736185745,0.0058698573495968576,0.0019599816007359705,0.002500028294946523,0.0012999812365546042
TJK,0.0014735918284964607,0.0017100265175947827,0.004979997955995503,0.0016252648880279417,0.0036700093647380225,0.006259997265157376,0.0074496329672726815,0.0015743346963943746,0.0048332256929138435,0.0010000041713195927,0.0011599931930848437,0.0014044272264436331,0.0015760078481816971,0.0014776000911691453,8.190384930964528e-5,8.067936169524056e-5,7.000006151688331e-5,5.300102657693624e-4,3.599980270296932e-4,0.00840988813045127,0.008149887808526553,0.010521300181112024,0.01158682212453868,0.016222898493544795,0.011439912400766491,0.017999888082922338,0.009837625849077143,0,0.006692861131828454,0.014000486677211339,0.002260504685136855,0.014036702981162066,0,0,0,0,0,0,0,0,0,0,0,0,0,5.899973578406873e-4,3.899960545242486e-4,0.00067833865401788825,4.2999382525470825e-4,6.500077706978086e-4,4.7274964267277606e-4,9.499940538117015e-4,7.824084164502013e-4,8.036945617408554e-4,2.699984033210921e-4,0.00124279700139041,0.0034189603580440228,0.0011900057152669388,7.437055888739539e-4,6.900028424766332e-4,0.0025599889952111973,5.49997416154204e-4,7.699906415722158e-4,0.0014500110425904218,0.002118943585494463,1.6000085532224265e-4,6.046746670661546e-5,0,0,0,7.199905482041587e-4,2.9597581522225914e-4,7.199971705453774e-4,3.0999903947747574e-4,6.400160122275193e-4,3.699986114141755e-4,0.006645764889586953,0.005869930180803855,0.001959997437394406,0.0024999978991527157,0.0012999812365546042
TKM,0.00221566781423,0.00170999125938,0.0051165410125,0.00209132388135,0.00366997840885,0.00625999807222,0.00716445360153,0.00148340091037,0.00734145490657,0.00100000385045,0.00116000410775,0.00143691658713,0.00157600784818,0.00149624504946,8.19038493096e-05,8.06793616952e-05,6.99999270781e-05,0.000529999806037,0.000359999730171,0.00838766939664,0.00844439180322,0.00930434162099,0.0133634858118,0.0164426022734,0.0114399382686,0.0179998516453,0.00983762584908,0,0.00434997462363,0.015984182796,0.00226000667607,0.014895632792,0,0,0,0,0,0,0,0,0,0,0,0,0,0.000590001358044,0.000390000695061,0.000783312055812,0.000429997496821,0.000650004839686,0.000469999741169,0.000949990520408,0.000780001963217,0.000805147423049,0.000269997654437,0.00109999553001,0.00361997449489,0.00119000296738,0.000763160428213,0.000689996836069,0.0025600042619,0.000550473802505,0.00077000318446,0.00160158269597,0.00167938584388,0.000160001077402,6.00360669846e-05,0,0,0,0.000719480910888,0.000261813810014,0.00072000671276,0.000310002272585,0.000640002161359,0.000369995977696,0.00668996407506,0.00586997933546,0.00196001749568,0.00250000103008,0.00129998123655
TLS,0.00147357265415,0.00136666006555,0.00501573031925,0.00171898755456,0.00366997138202,0.00625993599531,0.00744963296727,0.00157433469639,0.00815757546828,0.00100000112754,0.0011599887859,0.00113481064449,0.00164401452899,0.00155562987859,8.73013454137e-05,8.37857621341e-05,9.00002505902e-05,0.000290004734604,0.000361401658267,0.0125872678895,0.00840492736145,0.0114581039819,0.0153625738569,0.0149934780854,0.0114400534994,0.0179999028577,0.00983762584908,0,0.00591194128613,0.0157195680371,0.0023435175002,0.0140367029812,0,0,0,0,0,0,0,0,0,0,0,0,0,0.000589458008999,0.000364622202678,0.000671510206651,0.000430001118503,0.00039414109459,0.000477590101097,0.000949998825856,0.000780001433313,0.000803694561741,0.000270000146793,0.00110000054459,0.00341896035804,0.00119000171569,0.000826625299694,0.000689999753449,0.00255996872463,0.000549995376955,0.00182997692259,0.00161590144114,0.00144697105379,0.000159820235734,6.03119920916e-05,0,0,0,0.000713750110058,0.000269683983274,0.000719984913015,0.000315466580626,0.000550002251964,0.000379992289145,0.006660530436,0.00587000382516,0.00196001976506,0.00250000468283,0.00129998123655
TTO,0.0014735965958242734,0.0017100060099604567,0.004980006509508532,0.0016252692408720774,0.0036699435468172084,0.006259997265157376,0.0074496329672726815,0.0015743346963943746,0.008100168092909536,0.001,0.0011600063534882995,0.0015099577549788773,0.0017800036075418847,0.0018398429441374227,8.190384930964528e-5,8.067936169524056e-5,7.000144690607616e-5,5.299980329158743e-4,3.599963500319372e-4,0.008409983661834741,0.0081499881712798691,0.0075788512050999745,0.01974371474944054,0.016580196057983103,0.011440033056712923,0.01800011755370735,0.009837625849077143,0,0.004349946767684271,0.01399991889042096,0.0022599689752714662,0.014036702981162066,0,0,0,0,0,0,0,0,0,0,0,0,0,5.899929449847142e-4,3.1385153917022087e-4,8.145071076935018e-4,4.3000275991268645e-4,6.500224517287831e-4,4.700171330668189e-4,9.499990188190506e-4,7.799905038939492e-4,8.099968988126882e-4,2.700049223130591e-4,0.0011000207445705076,0.003619918576900708,0.0011900284868206232,8.226091521697674e-4,6.899982307388707e-4,0.0025600323542793587,5.500041953027864e-4,7.699980329102666e-4,0.0016272856115796882,0.0011502806618300535,1.5999733404425487e-4,5.999933636393801e-5,0,0,0,7.199975585663287e-4,2.499959757255767e-4,7.199984909646509e-4,3.099990394774758e-4,6.40000681703919e-4,3.6999763434924886e-4,0.006690146857923497,0.005870002027761905,0.0019599795702455215,0.0024999978991527157,0.0012999812365546042
TUN,0.0017679750768947837,0.0017100020277805942,0.004980005979520143,0.00190645334710958,0.0036700093647380225,0.006259997265157376,0.005596015911297648,3.9219580076126553e-4,0.006494821449994001,0.0010000041713195927,0.0011599939548478583,0.0014044272264436331,0.0015760078481816971,0.0014776000911691453,8.190384930964528e-5,8.067936169524056e-5,7.00004511352346e-5,5.299753627155762e-4,3.5998783362481944e-4,0.008409866949252325,0.008150026838432635,0.008496648631612124,0.011140541831682437,0.01657972046648269,0.011440191886536657,0.017999888082922338,0.009837625849077143,0,0.004349964904071127,0.013999814408116552,0.0022600653858211293,0.014036702981162066,0,0,0,0,0,0,0,0,0,0,0,0,0,5.90019316960506e-4,3.8999668387256696e-4,8.530767236723689e-4,4.2998866511557727e-4,6.500067449075948e-4,4.70000456683564e-4,9.499859563711263e-4,7.799956409604416e-4,8.036945617408554e-4,2.6999864185793835e-4,0.0010999928431699988,0.003619977442548992,0.0011899763225499205,7.543164325335286e-4,0.00069000810466597195,0.0025599980104286696,5.562015159349078e-4,7.699931963075268e-4,0.0017683527615875662,0.002094008738440898,1.5999876176324911e-4,6.000235488048982e-5,0,0,0,7.199894754387849e-4,2.591989600489686e-4,7.199955713020372e-4,3.0999933757286694e-4,6.399950944656033e-4,3.700066949341665e-4,0.006689951819948114,0.00586985575372137,0.0019599741389443987,0.0024999978991527157,0.0012999812365546042
TUR,0.0038853228348013358,0.0017100111599332613,0.004980107311019454,0.003139938425379027,0.003670024216474222,0.006259776827614975,0.0074496329672726815,0.0015743346963943746,0.0078833643255790415,0.0010000041713195927,0.001159993399859747,0.0014044272264436331,0.0015760078481816971,0.0017199845489342279,8.190384930964528e-5,8.067936169524056e-5,6.999964384271603e-5,5.299936125558901e-4,3.59994252047708e-4,0.008410032554010061,0.008149934935093788,0.0071216341580290395,0.012961611174364323,0.016579807661789445,0.011440220556828331,0.017999888082922338,0.009837625849077143,0,0.004349888938249667,0.013999999999999999,0.002259991529768406,0.016269887693027608,0,0,0,0,0,0,0,0,0,0,0,0,0,5.90006980640556e-4,3.900056447002736e-4,7.084750942297489e-4,4.299932999506312e-4,6.499984599747436e-4,4.6999999999999993e-4,9.499986917501765e-4,7.799956482404003e-4,8.036945617408554e-4,2.7000120462075905e-4,0.0011000027526218723,0.003619896862913622,0.0011900010028376069,7.362749774355399e-4,6.899965135969718e-4,0.0025599954004484563,5.562015159349078e-4,7.700079862539628e-4,0.001924999119341771,0.00201937384124475,1.6000065902201132e-4,6.046746670661546e-5,0,0,0,7.199820983480781e-4,2.701868345951373e-4,7.200099862688803e-4,3.099939015093764e-4,6.399993979167921e-4,3.699986114141755e-4,0.006690148556411285,0.005870126278919716,0.0019600236784765167,0.0025000182501733765,0.0012999812365546042
TZA,0.0018205698418021264,0.001800001476984883,0.005867366772837565,0.0018954676268805328,0.0036700093647380225,0.006259997265157376,0.0052688490727019616,0.0022411036120351256,0.008497948912585722,0.0010000022337683225,8.900004428719755e-4,0.0012999498552308173,0.0015670227063733465,0.0010202199258354415,8.999928946994459e-5,1e-4,9.999889949853817e-5,5.300129409032086e-4,4.000123731749567e-4,0.0047468096475894615,0.008150114477220692,0.009838546587750926,0.021492059966685174,0.015026918514462997,0.00859986871293404,0.018,0.009837625849077143,0,0.004199971883033419,0.019158824915328884,0.002260504685136855,0.015399926465672838,0,0,0,0,0,0,0,0,0,0,0,0,0,0.0014566559352571107,4.399959779457357e-4,0.0011583493639788166,5.099964056072526e-4,3.6998709966907844e-4,4.999862268438813e-4,9.499832479777916e-4,7.999990388670164e-4,7.999980434165861e-4,2.999942063691315e-4,0.0019549441253728685,0.001199977079990832,0.0011900208051976494,5.120980306371311e-4,8.999988646555932e-4,0.0015999924032362217,0.001,4.999860346898304e-4,0.0013998333907253222,0.0039660034547937826,1.409400272239571e-4,9.999999999999999e-5,0,0,0,6.960267827241985e-4,1.0582658465338305e-4,5.99996611433025e-4,2.9999485429066397e-4,7.000195363375879e-4,3.9001190240031734e-4,0.006689945493478684,0.005869925893153412,0.001960078995627028,0.0024999978991527157,0.0012999812365546042
UGA,0.00182059280223,0.00179999856222,0.00559431229071,0.00185280357227,0.00367002358181,0.00625999807527,0.00543661079604,0.00224109498817,0.00805003864726,0.000999999797709,0.000890001617936,0.00132410089559,0.00157047770433,0.0015281098341,8.37725536149e-05,8.06793616952e-05,9.99993467241e-05,0.000527083252812,0.000388988072972,0.0061371290727,0.00832665235112,0.00991465619826,0.0135207751552,0.0154867469868,0.00876564229523,0.0179998880829,0.00983762584908,0,0.0047752666233,0.032488570175,0.00226039723203,0.0146658506847,0,0,0,0,0,0,0,0,0,0,0,0,0,0.0014566675788,0.000410891231624,0.000793635957497,0.00050401603641,0.000392290855919,0.000491616261207,0.000949995195226,0.000798650973991,0.000801991142,0.000297717972032,0.00184542584169,0.00239482426191,0.00116680449526,0.000839535577945,0.000899994888836,0.0016000062796,0.000965863079952,0.000499998799568,0.00151749234815,0.0036357022308,0.000150911426829,6.65493949056e-05,0,0,0,0.000698386757759,0.000137801292059,0.000599995947539,0.000312186797677,0.000700000474352,0.000390029693622,0.00666621530457,0.00586996601865,0.00195999913377,0.00249999455117,0.00129998123655
UKR,0.001473565408000835,0.0017099828234909212,0.004980014839281013,0.001625274564905834,0.0036701809508024245,0.0062599674378100035,0.005596033838847856,0.0015743346963943746,0.011000110938540048,0.0010000041713195927,0.0011600118532715414,0.0014044272264436331,0.0015760078481816971,0.0014776000911691453,8.190384930964528e-5,8.067936169524056e-5,7.000015257780198e-5,5.300006886815192e-4,3.6000442428934853e-4,0.008361515780327705,0.008150033618288349,0.010087752400729927,0.01454463244086321,0.01658028251268387,0.011439775081385023,0.017999888082922338,0.009837625849077143,0,0.004349889698509259,0.019158824915328884,0.002259985399937428,0.014036702981162066,0,0,0,0,0,0,0,0,0,0,0,0,0,5.89997301828122e-4,3.89994228513625e-4,7.582592813924595e-4,4.2999999999999994e-4,6.500019590173569e-4,4.7002164502164503e-4,9.499607535321821e-4,7.799915352872712e-4,8.036945617408554e-4,2.699990363568783e-4,0.0011,0.003619986247994499,0.0011900135382655092,7.828441958552866e-4,6.900019000570017e-4,0.002560026726441935,5.499856024711395e-4,7.700073229417304e-4,0.0014455289129864052,0.001304106525844144,1.6000085340615733e-4,5.999926999306493e-5,0,0,0,7.175384841538539e-4,2.576067429488339e-4,7.199955713020372e-4,3.0999592999593e-4,6.400028841300744e-4,3.69996693850562e-4,0.006689819935406804,0.005870002027761905,0.0019600313479623825,0.0025000182501733765,0.0012999812365546042
URY,0.0014735799215466543,0.001710008443325354,0.004199970800077866,0.0016252555277191279,0.0036700093647380225,0.006259986944569584,0.0074496329672726815,0.0015743346963943746,0.008100576764277148,0.001,0.001159993399057532,0.0015100123609394314,0.0015760078481816971,0.0011850229038040231,8.190384930964528e-5,8.067936169524056e-5,9.000033462636392e-5,5.299760672120806e-4,3.600146004778338e-4,0.008410248997145025,0.008149963499843572,0.007505186739319995,0.012682287857859964,0.01658028251268387,0.011439906898011002,0.017999888082922338,0.009837625849077143,0,0.004350024535427023,0.014000145999610667,0.002260061919504644,0.014036702981162066,0,0,0,0,0,0,0,0,0,0,0,0,0,5.900026460753891e-4,3.8999776735878545e-4,8.123479956284565e-4,4.2999883166295e-4,3.700045487036195e-4,4.699923958736854e-4,9.499990188190507e-4,7.800004288072726e-4,8.036945617408554e-4,2.699946245848452e-4,0.0010999889895125107,0.0036199261992619926,0.001190017333606695,7.785833400500481e-4,6.899994316314401e-4,0.0010399804550505567,5.499793757734085e-4,7.700029338525363e-4,0.0014337505105546393,0.0025162074541178604,1.600026367831246e-4,6.000104286161226e-5,0,0,0,7.199859723873572e-4,2.4999924332677083e-4,7.19997942201587e-4,3.1001263867434347e-4,6.399999999999999e-4,3.799888915337618e-4,0.005699958446109096,0.005870061795186227,0.0019601004214112793,0.0024999978991527157,0.0012999812365546042
USA,0.001473566851114306,0.001709974689481965,0.004979855408156103,0.0016252155933934838,0.003669987698214213,0.006260012166683565,0.0074496329672726815,3.921860566872478e-4,0.010999923318763897,0.001,0.0011599673455673708,0.0015100054932119594,0.0017799984566710394,0.0019191820417872962,8.190384930964528e-5,8.067936169524056e-5,7.000019122469859e-5,5.300048625434443e-4,3.6000478697941596e-4,0.008409962633936304,0.008150162426543052,0.007884068556427528,0.018298437157242525,0.016579979925175653,0.011440002807707156,0.017999893554739476,0.009837625849077143,0,0.004349775784753363,0.014000073000693508,0.002259914367937109,0.016270004679457183,0,0,0,0,0,0,0,0,0,0,0,0,0,5.90000636496722e-4,3.9000107352876853e-4,9.533797769105107e-4,4.299989801439207e-4,6.5e-4,4.699965179711378e-4,9.499980375995918e-4,7.799744999179975e-4,8.099902056807052e-4,2.699881617637699e-4,0.0010999920856558164,0.0036199289479715794,0.0011899944265393657,8.273429606258914e-4,6.900027633479264e-4,0.0025599527329178157,5.499921957791488e-4,7.699991163577834e-4,0.001404263167602034,0.0014831311654895187,1.6000034811062956e-4,6.046746670661546e-5,0,0,0,7.199992947233551e-4,2.504120283804069e-4,7.200007734251131e-4,3.099871177706963e-4,6.399969822139234e-4,3.700059512001587e-4,0.0066900689923233905,0.005870037527157811,0.0019600321722452515,0.0024999978991527157,0.0012999812365546042
UZB,0.0014735755583944001,0.0017100388665883875,0.004979932034625981,0.0016252480893750394,0.0036700093647380225,0.006259885630855335,0.0074496329672726815,0.0015743346963943746,0.00792028849021362,0.0010000041713195927,0.0011600223523513993,0.0014044272264436331,0.0015760078481816971,0.0014776000911691453,8.190384930964528e-5,8.067936169524056e-5,6.999891261009824e-5,4.921727335449764e-4,3.6000292002774024e-4,0.008361515780327705,0.008915359682685213,0.009746943780634057,0.011582212339395158,0.016222898493544795,0.010753273947099462,0.017999888082922338,0.009837625849077143,0,0.006692861131828454,0.014,0.0022600284702704674,0.014036702981162066,0,0,0,0,0,0,0,0,0,0,0,0,0,5.900101612352988e-4,3.9000176602669223e-4,7.036616336355849e-4,4.300080310066693e-4,6.499957372437017e-4,4.7000218082481087e-4,9.499887867234807e-4,7.824084164502013e-4,8.036945617408554e-4,2.6998986143967555e-4,0.0010999999999999998,0.0034189603580440228,0.0011900021643913021,7.676920731476073e-4,6.900014004638147e-4,0.002560049852707908,5.5e-4,7.700052994170641e-4,0.0014449315692945921,0.0018064804847302458,1.5999720357941834e-4,6.046746670661546e-5,0,0,0,7.174489579317186e-4,2.534447952887231e-4,7.199946389081243e-4,0.00032640595358267895,6.4e-4,3.6999127191938427e-4,0.006645764889586953,0.005869930180803855,0.001959997437394406,0.0024999978991527157,0.0012999812365546042
VCT,0.0014735586572939795,0.0017099839804801296,0.005867366772837565,0.0016252524325316687,0.0036700093647380225,0.006260078972691376,0.0074496329672726815,0.0015743346963943746,0.0078833643255790415,0.001,0.0011599796196845738,0.001509970111147253,0.0017800301041306814,0.0012099751588254585,8.190384930964528e-5,8.067936169524056e-5,7.0000434722997855e-05,5.300056882821388e-4,3.6421227449699435e-4,0.008409830580649084,0.008149499963500987,0.010392257383371512,0.014517331534700159,0.01657951582867784,0.0114396061454885,0.017999888082922338,0.009837625849077143,0,0.004349908160587773,0.019158824915328884,0.002260504685136855,0.014036702981162066,0,0,0,0,0,0,0,0,0,0,0,0,0,5.899831116740553e-4,3.8999338770112407e-4,0.0011631336227846672,4.300039001061968e-4,6.499966511129467e-4,4.700005217300569e-4,9.499569254331387e-4,7.799955332782283e-4,8.100075146086235e-4,2.700043452419601e-4,0.001099978218253104,0.0034189603580440228,0.0011900178445898447,0.001169321958780775,6.899888789084222e-4,0.0025599789362822536,5.49990510133069e-4,7.699970750274847e-4,0.0016272856115796882,0.0018313999799752154,1.5945781708254732e-4,6e-5,0,0,0,7.199921365194287e-4,2.494715976428183e-4,7.199936943710135e-4,3.1000749369848086e-4,6.40003078788112e-4,3.6999716035860617e-4,0.006690098956361866,0.0058699715742553445,0.0019599375650364206,0.0024999978991527157,0.0012999812365546042
VEN,0.001473594765294292,0.0017099731605712827,0.004200085168511985,0.0016252442708083736,0.0036700093647380225,0.006260021837466855,0.0074496329672726815,0.0015743346963943746,0.008099860043259355,0.0010000057211838275,0.001160011665800185,0.001510003077870114,0.001779954293176624,0.0020588050741991823,8.190384930964528e-5,8.999968398432563e-5,8.999959476591943e-5,5.299996779422659e-4,3.599963500319372e-4,0.008410181255098232,0.008149890502068293,0.007837304837529074,0.013307026761321396,0.01658028251268387,0.011439912400766493,0.018,0.009837625849077143,0,0.004349873117002322,0.019158824915328884,0.0022600681348095876,0.014036702981162066,0,0,0,0,0,0,0,0,0,0,0,0,0,5.900106757660112e-4,3.8999823061553e-4,6.285084984319702e-4,4.2998649257091406e-4,3.6998548621190134e-4,4.700085061449564e-4,9.499940538117015e-4,7.8e-4,8.100043240188544e-4,2.700014615609471e-4,0.0011000054717566164,0.0034189603580440228,0.0011899961438880627,9.649703198814725e-4,6.899842336735541e-4,0.001039997682972746,5.499975831010426e-4,7.699970065791569e-4,0.0014525322079695813,0.002312466764193069,1.5999999999999999e-4,5.999933636393801e-5,0,0,0,7.200037605537556e-4,2.4999099861620515e-4,7.199938266841577e-4,3.1000321517562894e-4,6.399976206055559e-4,3.800041762372103e-4,0.005699932495015621,0.005870147107620838,0.001960022581387082,0.0024999978991527157,0.0012999812365546042
VNM,0.00147357265415,0.00136666006555,0.00501573031925,0.00171898755456,0.00366997138202,0.00625993599531,0.00744963296727,0.00157433469639,0.00815757546828,0.00100000112754,0.0011599887859,0.00113481064449,0.00164401452899,0.00155562987859,8.73013454137e-05,8.37857621341e-05,9.00002505902e-05,0.000290004734604,0.000361401658267,0.0125872678895,0.00840492736145,0.0114581039819,0.0153625738569,0.0149934780854,0.0114400534994,0.0179999028577,0.00983762584908,0,0.00591194128613,0.0157195680371,0.0023435175002,0.0140367029812,0,0,0,0,0,0,0,0,0,0,0,0,0,0.000589458008999,0.000364622202678,0.000671510206651,0.000430001118503,0.00039414109459,0.000477590101097,0.000949998825856,0.000780001433313,0.000803694561741,0.000270000146793,0.00110000054459,0.00341896035804,0.00119000171569,0.000826625299694,0.000689999753449,0.00255996872463,0.000549995376955,0.00182997692259,0.00161590144114,0.00144697105379,0.000159820235734,6.03119920916e-05,0,0,0,0.000713750110058,0.000269683983274,0.000719984913015,0.000315466580626,0.000550002251964,0.000379992289145,0.006660530436,0.00587000382516,0.00196001976506,0.00250000468283,0.00129998123655
VUT,0.00147357265415,0.00136666006555,0.00501573031925,0.00171898755456,0.00366997138202,0.00625993599531,0.00744963296727,0.00157433469639,0.00815757546828,0.00100000112754,0.0011599887859,0.00113481064449,0.00164401452899,0.00155562987859,8.73013454137e-05,8.37857621341e-05,9.00002505902e-05,0.000290004734604,0.000361401658267,0.0125872678895,0.00840492736145,0.0114581039819,0.0153625738569,0.0149934780854,0.0114400534994,0.0179999028577,0.00983762584908,0,0.00591194128613,0.0157195680371,0.0023435175002,0.0140367029812,0,0,0,0,0,0,0,0,0,0,0,0,0,0.000589458008999,0.000364622202678,0.000671510206651,0.000430001118503,0.00039414109459,0.000477590101097,0.000949998825856,0.000780001433313,0.000803694561741,0.000270000146793,0.00110000054459,0.00341896035804,0.00119000171569,0.000826625299694,0.000689999753449,0.00255996872463,0.000549995376955,0.00182997692259,0.00161590144114,0.00144697105379,0.000159820235734,6.03119920916e-05,0,0,0,0.000713750110058,0.000269683983274,0.000719984913015,0.000315466580626,0.000550002251964,0.000379992289145,0.006660530436,0.00587000382516,0.00196001976506,0.00250000468283,0.00129998123655
WSM,0.00147357710635,0.00136199802445,0.00517895162679,0.00162525335711,0.00367004632912,0.0062599373613,0.00670814725465,0.00133790933088,0.00803758079812,0.00100000630134,0.00116000261274,0.00120400070845,0.00161680510067,0.00175013577286,8.67620588137e-05,8.25433009702e-05,8.59994854121e-05,0.000338000747939,0.00036000167982,0.0121759941814,0.00815002752915,0.00900508355165,0.0154492436726,0.0151518514725,0.0114401059649,0.0179998880829,0.00983762584908,0,0.00434998930911,0.0139999306513,0.0022602316579,0.0153768274927,0,0,0,0,0,0,0,0,0,0,0,0,0,0.000590003334639,0.000389998979272,0.00101646441092,0.000429999629702,0.00038448610069,0.000475998332688,0.000949992085083,0.000780001665486,0.000803694561741,0.000269998220817,0.00110000589765,0.00295577856435,0.00119000520442,0.000876608880259,0.00069000441689,0.00255997638599,0.000550002250731,0.00172400695771,0.00165721569442,0.00133850607507,0.000160001173473,5.99993339824e-05,0,0,0,0.000704414910602,0.000272724316711,0.000719997105547,0.000310000421274,0.000568003042769,0.000377999326329,0.00668993859945,0.00586992285184,0.00196000824071,0.00250001902776,0.00129998080073
YEM,0.0038854777487736286,0.0017099925824922335,0.005867366772837565,0.00313995010259034,0.0036700093647380225,0.006259976640062293,0.007312476183217743,0.00259009873079433,0.006855049897620076,0.0010000041713195927,0.0011600084873164278,0.0015099868194261381,0.0015760078481816971,0.0014776000911691453,8.190384930964528e-5,8.067936169524056e-5,7.000030649870537e-5,5.30005590082536e-4,3.5998938182300823e-4,0.008409872849663425,0.008150015398478403,0.007385830062502444,0.012255029586692074,0.016222898493544795,0.011439926999898611,0.017999888082922338,0.009837625849077143,0,0.004349945406332865,0.014000173807247761,0.0022599459814585006,0.016270004679457183,0,0,0,0,0,0,0,0,0,0,0,0,0,5.900142240348426e-4,3.899934645269043e-4,8.034110987423958e-4,4.299976053442111e-4,6.500125376128386e-4,4.7001549586776856e-4,9.499980375995918e-4,7.799911643037873e-4,8.036945617408554e-4,2.700007913270555e-4,0.001099995705881511,0.0036200461265918685,0.0011899872957721511,0.0016850922621631016,6.900033388981636e-4,0.0025599919843695205,5.500143406183674e-4,7.699832713001499e-4,0.0014500023072308616,0.002048696824630629,1.5945781708254732e-4,5.999854003941893e-5,0,0,0,7.199984050141317e-4,3.471226193416059e-4,7.200093372663031e-4,3.0998914223669924e-4,6.40027700831025e-4,3.903689810585867e-4,0.00669018882616313,0.005869930180803855,0.001959997437394406,0.0024999978991527157,0.0012999812365546042
ZAF,0.0018205977197678679,0.0017999987200464195,0.004979925175654713,0.0018954586295129065,0.003670093685363183,0.006259894459102902,0.005268700858400058,0.002241079641474319,0.00826741689224125,0.0010000041713195927,8.900033502412761e-4,0.0012999832878391176,0.0015760078481816971,0.0014776000911691453,8.190384930964528e-5,8.067936169524056e-5,9.999955703898277e-5,5.299887839096629e-4,4.0000608346514176e-4,0.0047468228423532535,0.008149931710073942,0.009324133434585165,0.017716921785682432,0.01502671135149484,0.008600288600288601,0.017999888082922338,0.009837625849077143,0,0.0042000612588697734,0.019158824915328884,0.0022599689752714662,0.014036702981162066,0,0,0,0,0,0,0,0,0,0,0,0,0,0.0014566747555593397,4.3998856111447426e-4,8.783260368093172e-4,5.099774890367035e-4,3.7000690744029997e-4,5.00012167522449e-4,9.500032706102959e-4,8.000211226699054e-4,8.036945617408554e-4,3.0000000000000003e-4,0.001955002284148013,0.0011999839563613028,0.0011900196121159292,8.895369150550655e-4,9.000150463386565e-4,0.0016,0.001,4.999966932529132e-4,0.001401847200842583,0.0038665296729397964,1.409369070842575e-4,1e-4,0,0,0,6.999756854717867e-4,9.999917520784762e-5,5.999915117562177e-4,2.9999332977588046e-4,7.000017931751753e-4,3.899944457668809e-4,0.006690057928695899,0.005869982994372934,0.001960078995627028,0.0024999978991527157,0.0012999812365546042
ZMB,0.00182058615151,0.00180000374947,0.00536028913767,0.00182822297252,0.00367001499579,0.00625999731792,0.00573614878929,0.00209822966354,0.00802224360861,0.000999996282219,0.000889999915247,0.0012999891842,0.00157023150937,0.00158169934343,8.59516084878e-05,8.48194984748e-05,9.99996278985e-05,0.000530004103521,0.000382104681999,0.00526326583342,0.00836864501864,0.0102114149284,0.0162438107541,0.0152831868661,0.00860001964449,0.0179998839749,0.00983762584908,0,0.00473416860944,0.0315366034264,0.00226029263538,0.0151077781569,0,0,0,0,0,0,0,0,0,0,0,0,0,0.00145666115734,0.000430988737417,0.000837951183242,0.000509999687403,0.000401038777807,0.000496107588319,0.000950003263691,0.00079874050059,0.000801848139809,0.000299999251781,0.00195498228792,0.00183398502155,0.00118999547501,0.000770730670658,0.000899998742689,0.00160000083204,0.000968299059034,0.000500000154555,0.00148958475524,0.00339754517909,0.000148876451272,9.43524952438e-05,0,0,0,0.000698282373946,0.000122566624025,0.000599998320364,0.00030188583332,0.00070000024016,0.00039000094314,0.00668363407806,0.00586994118136,0.00196000075703,0.00249999789915,0.00129998123655
ZWE,0.0018205848968926878,0.0018000050930327312,0.004980011819098273,0.0018954527449409407,0.0036700093647380225,0.00626017447165748,0.005268794897452794,0.0022410987449109875,0.007861019410522906,0.001000002720873727,8.900030646644191e-4,0.0013000072421784472,0.0015760078481816971,0.001,8.190384930964528e-5,8.067936169524056e-5,9.999955397165936e-5,5.30011135857461e-4,3.6421227449699435e-4,0.004746911284657659,0.008150182501151706,0.00960883254364448,0.010802619225306337,0.015027375593137854,0.008600082641782308,0.017999877104584,0.009837625849077143,0,0.004199901733698322,0.019158824915328884,0.002260504685136855,0.014036702981162066,0,0,0,0,0,0,0,0,0,0,0,0,0,0.0014566832648241596,4.4000427205895444e-4,0.0015187948580217625,5.099997908722718e-4,3.6999889782872257e-4,4.999923108862473e-4,9.499940538117015e-4,8.000017902538581e-4,8.036945617408554e-4,3.000023439514333e-4,0.001954996132480135,0.0034189603580440228,0.0011900372973748389,6.497772665157551e-4,8.999764690063197e-4,0.001600027804810232,0.001,5e-4,0.0014165221032481903,0.003912567308793026,1.4094157459938292e-4,1e-4,0,0,0,6.999908533796762e-4,1.0001436314520951e-4,5.999922124445136e-4,3e-4,7.000281214848144e-4,3.9000859617800704e-4,0.006645764889586953,0.005869930180803855,0.0019600084638171813,0.0024999978991527157,0.0012999812365546042
