ISO3,wheat,rice,barley,maize,rye,oats,millet,sorghum,othr_grains,cassava,potato,sweet_potato,yams,othr_roots,sugar_cane,sugar_non,raw_sugar,sweeteners,honey,beans,peas,othr_pulse,nuts,soyabeans,groundnut,seed_sunflower,seed_rape,seed_cotton,coconuts,seed_sesame,preserved_olives,seed_oilcrop,oil_soyabeans,oil_groundnut,oil_sunflower,oil_rape,oil_cotton,oil_palmkernel,oil_palm,oil_coconut,oil_sesame,oil_olive,oil_ricebran,oil_maize,oil_oilcrop,tomato,onion,othr_vegetables,orange,lemon,grapefruit,citrus,banana,plantains,apple,pineapple,dates,grapes,othr_fruits,beef,lamb,pork,poultry,othr_meat,offals,butter,cream,fat_ani,oil_fish_body,oil_fish_liver,eggs,milk,fish_freshw,fish_demrs,fish_pelag,fish_marine,crustaceans,cephalopods,othr_molluscs,fish_aquatic,fish_aquaticplant
AGO,0.2658942969587212,0.20000200825392364,0.21968908271367854,0.21099259990133204,0.3800004285374834,0.559988319889039,0.4057307287022777,0.23959816056045707,0.13444326093193726,0.24000008985654403,0.175,0.5200000439960272,0.2617774305792236,0.17510332288194078,0,0,0,0,0.02,3.9500050414406425,1.6375710537880652,3.4554684472282,0.458751152595093,3.810014038371549,1.1,2.2699971159969725,1.620031390298208,0,0.2700019143641121,0.9699970800077866,0,0.85386554184749075,0,0,0,0,0,0,0,0,0,0,0,0,0,0.21249811690268153,0.16000315432536866,0.5836485476449226,0.20999663927163853,0.08916542148175827,0.101281258699464,0.16999934093455482,0.18999999999999997,0.21856707134894976,0.03,0.1199994097422049,0.16221412355665607,0.019999374296083096,0.2854389309982996,0.07000036216137911,0.017294872884958765,0.02499981893635975,0.14000015042457337,0.08,0.8064190523301878,0.030000552730488614,0.04079406234699368,0,0,0,0.5338923648680435,0.09968275888404882,0.09000433087916847,0.09000073773515307,0.09000370690720376,0.07999868843858614,0.37000401503814284,0.1600055304636372,0.07000179712363817,0.1499997293096449,1.7999986017700382
ALB,0.2622723708741965,0.07,0.22999361255589013,0.44539846626280744,0.3800010895619961,0.559988319889039,0.3043800196845346,0.23959816056045707,0.13444326093193726,0.251493979140505,0.17999990103370297,0.11000095201827875,0.2617774305792236,0.17510332288194078,0,0,0,0,0.020000396746677244,3.9900008434871292,1.6375710537880652,1.9880117933458272,0.722693781695048,3.7500456254334416,2.400015642924184,2.2699971159969725,1.620031390298208,0,0.2599906410856341,1.1288837651272834,0,0.85386554184749075,0,0,0,0,0,0,0,0,0,0,0,0,0,0.15000035960098673,0.19000043883387213,0.29274015015297744,0.2399989994532727,0.08,0.1,0.16999781960898322,0.20000206262117898,0.21856707134894976,0.03000045835816107,0.17999427453599887,0.14999616434152702,0.039999810935193315,0.05946559324464877,0.06999844938656793,0.1800001335461168,0.040000238259750784,0.07000163043944634,0.06757167767340407,0.06746611988271686,0.030000353244551203,0.039999999999999994,0,0,0,0.46999884045805823,0.0301081269006417,0.15000220477996296,0.07999905522225896,0.08000093029746262,0.0800035267148651,0.3699994965513769,0.1600011642798929,0.07000105797714769,0.1499997293096449,1.7999986017700382
ARE,0.42547459856628034,0.07000037786194088,0.21968908271367854,0.19,0.3800004285374834,0.557838066015384,0.3043800196845346,0.23959816056045707,0.13444326093193726,0.2700076370052406,0.17999973186394777,0.11000069129202479,0.2617774305792236,0.140004816955684,0,0,0,0,0.02000033181803099,3.9899891565331886,2.74,5.017668564684796,0.3771413107878036,3.7499391678157195,2.399989022599723,2.2699971159969725,1.620031390298208,0,0.25999737165562503,1.150002703725734,0,0.85386554184749075,0,0,0,0,0,0,0,0,0,0,0,0,0,0.15000072465868575,0.19000010858234884,0.3103009135944194,0.23999963245203498,0.08000063814173128,0.1,0.1699997819593136,0.2000010445282388,0.21856707134894976,0.029999887345522547,0.18000000000000002,0.15,0.04000049962112065,0.1441420810784801,0.07000012475516798,0.17999693110326836,0.03979377377600821,0.07000020449957493,0.07317268130669707,0.08237554794873013,0.03000059612518629,0.03999954375399215,0,0,0,0.48325141172859487,0.026957342683193854,0.15000000000000002,0.08000077513871753,0.08000051339973303,0.0800012446712512,0.37000554426168913,0.1600016591085057,0.0700003111678128,0.1499997293096449,1.7999986017700382
ARG,0.2622724862892157,0.0699994859164474,0.21968908271367854,0.445393756682383,0.3800004285374834,0.5600044242893485,0.3043800196845346,0.23959816056045707,0.13444326093193726,0.2700002205703951,0.1799996778817504,0.11000120975407429,0.2617774305792236,0.17510332288194078,0,0,0,0,0.019999999999999997,4.440077868353814,1.6375710537880652,4.386310826490292,0.7591197660345229,3.724189589825123,2.0361806651518486,2.2699971159969725,1.620031390298208,0,0.2599969290837702,1.1500024333268444,0,0.85386554184749075,0,0,0,0,0,0,0,0,0,0,0,0,0,0.15000026503686661,0.18999952261426478,0.24208443243268427,0.23999927612946426,0.08000040598008668,0.09999999999999999,0.17000101544060256,0.20000176158683744,0.21856707134894976,0.03000129800827841,0.18000438180092018,0.16221412355665607,0.04,0.07540060748856489,0.07000050383677563,0.18000296581893677,0.03999987309483623,0.07000061973429708,0.07000527406778222,0.048425402546696396,0.030000000000000002,0.04000060834651418,0,0,0,0.46999940612483254,0.027991348598943405,0.15000303158915906,0.08999954042005608,0.05,0.08000158696572153,0.3700022461814915,0.15999585234342595,0.07000440833805655,0.1499997293096449,1.7999986017700382
ARM,0.42547476384476696,0.06999952903499271,0.21968908271367854,0.1899941600155733,0.3799981750159686,0.5600036500156429,0.3043800196845346,0.23959816056045707,1.6542596489674845e-5,0.251493979140505,0.17999942732160518,0.2037003350841676,0.2617774305792236,0.17510332288194078,0,0,0,0,0.02,3.374144621944101,1.6375710537880652,3.4554684472282,0.8982751062632434,3.724189589825123,2.4000000000000004,2.2699971159969725,1.620031390298208,0,0.259998440180939,1.1500024333268444,0,0.85386554184749075,0,0,0,0,0,0,0,0,0,0,0,0,0,0.15000018797840503,0.19000070984075906,0.2976843304586002,0.24000039185336847,0.0800007992753237,0.09999999999999999,0.17000619706672176,0.19999386757017798,0.21856707134894976,0.030000182408891823,0.17999944947562554,0.1499983287652918,0.04000091385899809,0.07900964346444948,0.07000125675505843,0.18000654986081543,0.04000035029643836,0.07,0.06757167767340407,0.6588826734118104,0.03000101698362656,0.04000073000693506,0,0,0,0.473280089309764,0.030728716764793603,0.14999756085662713,0.08000000000000002,0.0800020118700332,0.07999711462165476,0.36999401398683074,0.1599991444877756,0.07000105797714769,0.1499997293096449,1.7999986017700382
ATG,0.2622727781830731,0.07000141312552347,0.21968908271367854,0.44538544674970326,0.3800004285374834,0.5600044093870952,0.3043800196845346,0.23959816056045707,0.13444326093193726,0.27000197511356905,0.18000065765676893,0.11000017787580711,0.229997408151364,0.17510332288194078,0,0,0,0,0.02,4.4400173566797685,2.7400021159542955,3.4554684472282,0.5759603338541822,3.749875568238378,2.4000326868598822,2.2699971159969725,1.620031390298208,0,0.26,1.1288837651272834,0,0.85386554184749075,0,0,0,0,0,0,0,0,0,0,0,0,0,0.15000094144819837,0.19000160124565868,0.308931272092936,0.23999989381710263,0.08,0.1,0.16999781960898322,0.19999999999999998,0.22,0.029999853766250226,0.17999624420982346,0.1900011460004584,0.040000241321476414,0.16459513316750488,0.06999832333260508,0.1799953788092732,0.03999981688419298,0.07000038182026447,0.06757167767340407,0.15227660476659163,0.03000010503414577,0.04000060832801046,0,0,0,0.5060064427176721,0.028976917887069954,0.14999547285979448,0.08999966609903502,0.0499996733669983,0.0799977612165205,0.36999270006387436,0.16,0.07000174829541198,0.1499997293096449,1.7999986017700382
AUS,0.26227270957571136,0.06999993265675823,0.21968908271367854,0.44539546164948635,0.38000456256416104,0.5600082420817143,0.3043800196845346,0.23959816056045707,0.13444326093193726,0.269998024886431,0.1800001566419107,0.10999936632659527,0.2617774305792236,0.16649117053045864,0,0,0,0,0.02,3.990023420628403,2.7400118625766123,3.914498267990738,0.38674686390922836,3.7500805152979066,2.4,2.2699971159969725,1.620031390298208,0,0.25999740031846097,1.1288837651272834,0,0.85386554184749075,0,0,0,0,0,0,0,0,0,0,0,0,0,0.14999991931150117,0.19000116497744937,0.3369676851731765,0.23999952597367968,0.08,0.1,0.16999607535321823,0.19999718363409774,0.21856707134894976,0.02999930797444119,0.1800036066091112,0.14999792533989847,0.0399998237427349,0.1531839126834882,0.07000050775597248,0.17999966929303118,0.039998908353822374,0.07000043376309902,0.06757167767340407,0.05288750005632432,0.030000000000000002,0.039999999999999994,0,0,0,0.4699995920062968,0.0280234825690413,0.1500039117508997,0.08000046684251068,0.07999938136038852,0.08,0.3700106522965098,0.16,0.07000098876108236,0.1499954375399215,1.7999986017700382
AUT,0.26227237210698895,0.06999960326119299,0.2299971103980047,0.4453939064238907,0.38000144268917263,0.560003226522011,0.3043800196845346,0.23959816056045707,0.13444326093193726,0.251493979140505,0.17999991652371353,0.11000033796343235,0.2617774305792236,0.17510332288194078,0,0,0,0,0.02,3.990010565747767,2.739923895317232,3.1101260582900636,0.7038335579632615,3.750026681465987,2.3999821953173686,2.269956924204931,1.620031390298208,0,0.2600075886928477,1.150000701921862,0,1.1299564896149743,0,0,0,0,0,0,0,0,0,0,0,0,0,0.14999927785767192,0.18999997593139487,0.3920211609660264,0.23999945482547602,0.08,0.09999999999999999,0.16999476713762426,0.19999805850689473,0.21856707134894976,0.029999946526882846,0.17999935813087714,0.15,0.04000011060601033,0.07615689208611115,0.06999821802468036,0.18,0.03999972794505851,0.07000137921936184,0.07606232112597562,0.18867951118067552,0.029999595447435135,0.03999990531782439,0,0,0,0.47478536107091696,0.028712387928030613,0.15000108825769942,0.08000143900420909,0.07999936222456074,0.08000193535900908,0.3699953707550417,0.15999585234342595,0.06999923336399877,0.15,1.7999986017700382
AZE,0.425474939997026,0.07000067592686472,0.2300032850312078,0.18999886795171297,0.3799883200311466,0.559988319889039,0.3043800196845346,0.23959816056045707,0.026628523437089914,0.251493979140505,0.17999971622944608,0.2037003350841676,0.2617774305792236,0.17510332288194078,0,0,0,0,0.0200005840012848,3.374144621944101,1.6375710537880652,3.4554684472282,0.8858424043386218,3.724189589825123,2.3999721903570066,2.2699971159969725,1.620031390298208,0,0.25999157717414195,1.1288837651272834,0,0.85386554184749075,0,0,0,0,0,0,0,0,0,0,0,0,0,0.15000004283414703,0.1899996110815821,0.20055914927830026,0.2399926212875853,0.07999717074550856,0.1,0.1700007135891154,0.2,0.21856707134894976,0.029999929955802113,0.17999904575599981,0.14999665753058358,0.04000116886532399,0.0860380875430407,0.07000113630188083,0.1799997708760554,0.04000032777750463,0.07000293858360271,0.06757167767340407,0.05600899509227735,0.030000629049506195,0.04000060834651418,0,0,0,0.47071886338570973,0.029283331400566555,0.1500026526606186,0.08000080044825102,0.08000068737970854,0.0799996826102136,0.37000401503814284,0.1599991444877756,0.07000179712363817,0.1499997293096449,1.7999986017700382
BEL,0.26227230234785853,0.06999788343333031,0.2300031285848368,0.44539899695935153,0.37999560246262093,0.5599999999999999,0.3043800196845346,0.23959816056045707,0.13444326093193726,0.251493979140505,0.18000007351461425,0.2037003350841676,0.2617774305792236,0.17510332288194078,0,0,0,0,0.020000579374275785,3.989974693400818,2.7399857712889357,4.401410900534886,0.6661430851846172,3.750091251977126,2.4000425836083528,2.2699971159969725,1.6200313902982078,0,0.2599979278905926,1.1288837651272834,0,0.85386554184749075,0,0,0,0,0,0,0,0,0,0,0,0,0,0.14999976762235845,0.19000067380904254,0.38830903700066016,0.24000103048961138,0.07999949493674083,0.09999999999999999,0.17000274736057144,0.1999981513319653,0.21999953591980695,0.030000214064838295,0.17999814109117948,0.14999764061910156,0.039999570589687714,0.11605348302825196,0.06999816643946459,0.18000186607781546,0.04000078442523693,0.06999919633528892,0.029621840860470462,0.1655601777717748,0.03000024392028685,0.040000471981970286,0,0,0,0.4704531780642569,0.02812080167259607,0.14999929145351226,0.08000031753087987,0.08000061404316725,0.0799975396727765,0.3699969763725109,0.1599996313160175,0.06999987839431858,0.15,1.7999986017700382
BEN,0.2658967667328218,0.19999972566700638,0.21968908271367854,0.25999945657588464,0.3800004285374834,0.559988319889039,0.4057203153885561,0.2549894771366879,0.13444326093193726,0.24000013543278778,0.17500064035244997,0.5199968526595027,0.2631787041233691,0.21999911449570528,0,0,0,0,0.02000019691389185,3.9499997381636893,1.6375710537880652,0.45038411346904705,0.4583131146508193,3.724189589825123,1.0999988769218674,2.2699971159969725,1.620031390298208,0,0.2699993419465222,0.9700125246018966,0,0.5800049547193702,0,0,0,0,0,0,0,0,0,0,0,0,0,0.21250012216694844,0.16,0.6924268980351371,0.21000229147571037,0.11000159855064741,0.11999931131848077,0.17000101544060256,0.19000324044069997,0.21856707134894976,0.030000894614421184,0.11999847184372056,0.2499984573138749,0.020000700795402785,0.1578426381604204,0.06999837543660141,0.01729550598124798,0.02500063035804337,0.1400017589905246,0.08003962060218257,1.1021795149988072,0.03000010503414577,0.10800087600832207,0,0,0,0.469997389715479,0.07828053766978428,0.08999870407568197,0.09000017152364452,0.08999865513067647,0.07999947625469733,0.3699931295087599,0.1599991444877756,0.07000179712363817,0.1499997293096449,1.7999986017700382
BFA,0.2658931130274641,0.1999996435547571,0.21968908271367854,0.2599997570522806,0.3800004285374834,0.557838066015384,0.4057304084658109,0.25498914535864337,0.13444326093193726,0.24000163974747887,0.1749990266692622,0.5199979413410877,0.2631770072854646,0.17510332288194078,0,0,0,0,0.02000019691389185,3.374144621944101,2.7400080300762855,3.9891036100314543,0.3964503024499337,3.8100122555549634,1.1000013406802613,2.2699971159969725,1.620031390298208,0,0.26999368288060643,0.9700046980593401,0,0.85386554184749075,0,0,0,0,0,0,0,0,0,0,0,0,0,0.21250228143821864,0.16037300088311024,0.5743348172879477,0.20999757844120803,0.11000339385711862,0.11999912274930369,0.17000101544060256,0.19000181620050854,0.22000679530051323,0.03,0.11999603646452635,0.24999680674415634,0.020000557934526382,0.23142937781398454,0.06999959101877223,0.017294739771778457,0.02499956763612256,0.14000047947832758,0.07566376949636862,0.7311172678528095,0.029999543899657925,0.04079406234699368,0,0,0,0.4700047967567735,0.062212314988110855,0.0900002204779963,0.0829465752972641,0.09,0.08000156095530465,0.37000401503814284,0.1599991444877756,0.07000179712363817,0.1499997293096449,1.7999986017700382
BGD,0.4254757402140373,0.06999998942764439,0.21968908271367854,0.18999918890420958,0.3800004285374834,0.557838066015384,0.812449487003893,0.23959816056045707,0.13444326093193726,0.2699950754613134,0.17999991519638397,0.10999971032125373,0.2617774305792236,0.17510332288194078,0,0,0,0,0.02000019691389185,4.439969826747129,2.7400059591796193,3.9797436311717203,0.22316893677403002,3.7499179790026247,2.399990266692622,2.2699971159969725,1.620031390298208,0,0.25999368265889866,1.1288837651272834,0,0.85386554184749075,0,0,0,0,0,0,0,0,0,0,0,0,0,0.15,0.18999762601883358,0.35597602828908126,0.23999782738580197,0.08000094032096289,0.10000000000000002,0.17000706454904627,0.19999516686401975,0.21856707134894976,0.029999573105656353,0.17999445214979196,0.16221412355665607,0.040000847744998305,0.2533368233502107,0.06999752413963854,0.04999825790042159,0.03979377377600821,0.06000250166777852,0.06998694747822007,0.051237962807572736,0.030000000000000002,0.04079406234699368,0,0,0,0.5573177047839718,0.015450704287167025,0.1500017843396159,0.08999952761112948,0.08,0.06999925942383174,0.3700038683754071,0.1599991444877756,0.07000179712363817,0.1499997293096449,1.7999986017700382
BGR,0.26227251996974954,0.07000010610417308,0.2300010895619961,0.44539441181314166,0.3799972963229993,0.5599993047589251,0.3043800196845346,0.23959816056045707,0.13444326093193726,0.251493979140505,0.1799992168226495,0.11000092174393954,0.2617774305792236,0.17510332288194078,0,0,0,0,0.02,3.9899626101664745,2.7401188862237977,4.866985482493925,0.5178984136224712,3.7499771876996073,2.399930477100895,2.2699726334531305,1.620031390298208,0,0.2599969290837702,1.1499832709797124,0,0.85386554184749075,0,0,0,0,0,0,0,0,0,0,0,0,0,0.14999923118996417,0.19000170100000896,0.27075291070019697,0.24000188015573956,0.07999870037039444,0.09999999999999999,0.16999607535321823,0.20000303356641236,0.2200010850988796,0.029999866812285232,0.18000399454079424,0.14999665753058358,0.04000017244055112,0.07774011892785612,0.07000014466127562,0.18000048779298064,0.039999839042949376,0.07000024495594874,0.07326732304905108,0.8810445027320815,0.030000731314904196,0.04000066363606198,0,0,0,0.47318687292749767,0.03082661792889104,0.15000173943294487,0.08000086017805685,0.08,0.07999682615250338,0.3699995133346311,0.1600055304636372,0.0699992653001249,0.15000182501733764,1.7999986017700382
BHS,0.2622719636532664,0.07000013832310895,0.23000032017417477,0.445398191330128,0.3799980533385244,0.5599824098504838,0.3043800196845346,0.23959816056045707,0.13444326093193726,0.26999974135478366,0.1799996745915672,0.11000119750918091,0.2617774305792236,0.17510332288194078,0,0,0,0,0.02,3.990067017711824,2.7400476932061513,3.4554684472282,0.5759603338541822,3.7499771876996073,2.399925512104283,2.2699560662385942,1.620031390298208,0,0.2600047977137851,1.1288837651272834,0,1.129971923256902,0,0,0,0,0,0,0,0,0,0,0,0,0,0.14999949429281345,0.18999566872172,0.4095587513937641,0.23999982083548893,0.07999991661246476,0.10000027129385465,0.17000101544060256,0.19999953272228985,0.21999298081422555,0.030000000000000002,0.18,0.1499959890903257,0.03999971372543406,0.18710061815102408,0.06999980492753058,0.18000108611045743,0.039999489216074366,0.06999965376831226,0.06757167767340407,0.05571556383513292,0.02999921570677891,0.03999969583136891,0,0,0,0.4884504887195921,0.027105715824650614,0.14999013028030003,0.08000111043251347,0.08000227861801817,0.079999160334187,0.37000621908964376,0.16000073738155807,0.07000242659548653,0.15,1.7999986017700382
BIH,0.262272494909942,0.06999903947747575,0.23000485740059678,0.44539348483741015,0.38000456256416104,0.5600166857857962,0.3043800196845346,0.23959816056045707,0.6988859246132889,0.251493979140505,0.179999831333883,0.11000076041772279,0.2617774305792236,0.17510332288194078,0,0,0,0,0.019999575587810882,3.989986607963448,2.7400881057268722,5.736985848888963,0.9152908080191375,3.7500465566687775,2.399914120088743,2.2699971159969725,1.620031390298208,0,0.2600058961436413,1.1288837651272834,0,1.129995320542817,0,0,0,0,0,0,0,0,0,0,0,0,0,0.15000040419391608,0.19000009669216117,0.3468235036076927,0.23999768912511163,0.08,0.09999999999999999,0.17000101544060256,0.2,0.21856707134894976,0.029999488697899476,0.1799951333323791,0.14999665753058358,0.0399997151220346,0.0709136354820226,0.07000343418155373,0.17999999999999997,0.039999745062172964,0.06999850499614127,0.06757167767340407,0.046599722704461014,0.030000563666084213,0.040000579374275785,0,0,0,0.4700022138587558,0.02920088792580222,0.1500021011051813,0.08000086017805685,0.08,0.079995422293431,0.3699905102562231,0.1600050276520865,0.07000047021206564,0.1499997293096449,1.7999986017700382
BLR,0.2622723475704862,0.06999974914080727,0.22999789579320504,0.4453890850454558,0.3799999547847869,0.5600009690274599,0.3043800196845346,0.23959816056045707,0.6698284501966147,0.251493979140505,0.17999992643380514,0.2037003350841676,0.2617774305792236,0.17510332288194078,0,0,0,0,0.02,3.374144621944101,1.6375710537880652,3.4554684472282,0.857643847391868,3.7500658513640635,2.3999378737283528,2.2699971159969725,1.620031390298208,0,0.2599956130730423,1.1288837651272834,0,0.85386554184749075,0,0,0,0,0,0,0,0,0,0,0,0,0,0.15000109216806282,0.19000043608087236,0.35654339755613274,0.23999816027911194,0.08,0.09999999999999999,0.17000706454904627,0.19999448975093675,0.22000224618149145,0.030000710826268297,0.1800028344671202,0.15000100274752823,0.04,0.0981055056691921,0.07000052881140822,0.18000168513291487,0.039999604746988666,0.07000006838838219,0.02333285426846795,0.040127838514753586,0.03,0.04000058872012245,0,0,0,0.474116461764708,0.027948162006373792,0.15,0.08000138207449381,0.0799968355682133,0.08,0.36998945575472464,0.1600016591085057,0.07000105797714769,0.1499997293096449,1.7999986017700382
BLZ,0.2622724455180342,0.0699998563933673,0.21968908271367854,0.19000037564328912,0.3800004285374834,0.560012757362061,0.3043800196845346,0.19999478569193868,0.13444326093193726,0.26999652385504475,0.17999947950166,0.10999585234342597,0.2300048295745584,0.17510332288194078,0,0,0,0,0.02,4.439993408585317,2.7399906740416773,3.4554684472282,0.373407445911163,3.7500561545372864,2.399929704081219,2.2699560662385942,1.620031390298208,0,0.26000357669781377,1.150016425156039,0,0.85386554184749075,0,0,0,0,0,0,0,0,0,0,0,0,0,0.15000252020363244,0.18999971108564387,0.317628681835401,0.23999976091382416,0.08916542148175827,0.09999941755828785,0.17000101544060256,0.19999827177989388,0.220001396095586,0.030000819302773336,0.18000000000000002,0.18999679127226055,0.039999999999999994,0.17103959389373372,0.06999938691680462,0.18000370730803095,0.040001298743465696,0.06999980197453393,0.06757167767340407,0.15227660476659163,0.03000010503414577,0.03999969583136891,0,0,0,0.46999913467362775,0.02829540732103517,0.15000282949465227,0.09,0.04999944665168938,0.08000348796651552,0.3699931295087599,0.15999754209168,0.06999921978622142,0.1499997293096449,1.7999986017700382
BOL,0.2622723456718644,0.0700003620756404,0.1900025550242727,0.44539369055308403,0.3800051100485454,0.5599999999999999,0.3043800196845346,0.23959816056045707,1.7865867048816986,0.2700000251169824,0.18000035393949407,0.11000110894602602,0.2617774305792236,0.14000384837406196,0,0,0,0,0.02,4.439996893617494,2.73994373051479,4.337236785560808,1.0044413522710423,3.7500456254334416,2.399929704081219,2.2699971159969725,1.620031390298208,0,0.26000255248548276,1.1288837651272834,0,0.85386554184749075,0,0,0,0,0,0,0,0,0,0,0,0,0,0.14999897890415995,0.1899980075712293,0.7164407815518091,0.23999968626466714,0.08000176636834667,0.09999999999999999,0.16999607535321823,0.20000289502634472,0.22000080796836358,0.030000363728949188,0.17999963013647965,0.16221412355665607,0.040000572540936676,0.1819366418344211,0.0699985044444011,0.18000312410507407,0.04000026993467581,0.06999988950293685,0.002070730377144775,0.04732236342641676,0.03000010503414577,0.04000024333268445,0,0,0,0.46999876173266153,0.03215561607596003,0.14999753961224288,0.0829465752972641,0.05,0.08000051192136887,0.37000159936172317,0.1599991444877756,0.0700010579771477,0.1499997293096449,1.7999986017700382
BRA,0.2622720565165374,0.06999967944950795,0.21968908271367854,0.4453954358385397,0.3799981750159686,0.5599973928346406,0.3043800196845346,0.23959816056045707,0.5649901985179431,0.2700003326207186,0.18000106347691117,0.1099991259505288,0.22999414605590515,0.17510332288194078,0,0,0,0,0.020000365003467534,4.440000890244038,2.739987390914822,4.701835891211422,0.28315185839195656,3.749985515922829,2.4000530926466688,2.269998986109703,1.620031390298208,0,0.2600013478556136,1.1500136873802353,0,0.85386554184749075,0,0,0,0,0,0,0,0,0,0,0,0,0,0.14999984965435537,0.18999844281805442,0.08912840376413621,0.24000023538253445,0.08,0.09999999999999999,0.17000101544060256,0.20000036699671905,0.21856707134894976,0.030000145099973882,0.1799997005494917,0.16221412355665607,0.040000577583966274,0.2919985301682851,0.07000064258563277,0.17999691071980228,0.03999990873330961,0.06999939106335913,0.006125780997522353,0.047171803449093413,0.03000076952674105,0.04079406234699368,0,0,0,0.48579509207672356,0.027913914718905232,0.15000199728369418,0.08999827598945892,0.04999935558706019,0.07999921953249997,0.36999010973484675,0.160004977256702,0.06999832952837018,0.1499997293096449,1.7999986017700382
BRB,0.2622721626832093,0.07000015428731383,0.2300032850312078,0.4453928954819209,0.3800051100485454,0.5599999999999999,0.3043800196845346,0.23959816056045707,0.13444326093193726,0.2699958465126681,0.17999995763510696,0.11000125172111652,0.23000707380334828,0.17510332288194078,0,0,0,0,0.01999977878797934,3.9900354053363505,2.739986155249992,1.0428176597314678,0.4606523627147252,3.750045625433442,2.4000105289018356,2.2699391686380532,1.6200313902982078,0,0.2600006984337623,1.150015642924184,0,0.85386554184749075,0,0,0,0,0,0,0,0,0,0,0,0,0,0.15,0.18999968805348844,0.33976680651930996,0.24,0.07999926060113129,0.09999999999999999,0.17000245078016504,0.20000105200037874,0.2199922372804606,0.029999395782562284,0.1800057496047147,0.15,0.04,0.21413279573284255,0.07000174110272976,0.1799952789752892,0.0400001850361283,0.07000002307033915,0.06757167767340407,0.11817967811116405,0.03000010503414577,0.03999968398432562,0,0,0,0.4699999295855641,0.031564237065277126,0.1500015157792621,0.07999893865421354,0.080000890135078,0.08,0.36999215070643643,0.16000442428934852,0.06999752045623606,0.1499997293096449,1.7999986017700382
BWA,0.2658935327363449,0.2000013369967043,0.21968908271367854,0.21099178705394733,0.380008377213978,0.5600069522899105,0.40572316219739063,0.2549890434395397,0.011718783465592913,0.23999379267535695,0.17499844845776702,0.5199995054218134,0.2617774305792236,0.1400570596348981,0,0,0,0,0.019999999999999997,3.950007345213746,2.7399397755269637,0.5556467300704174,0.47189085955921317,3.8099735377315445,1.100009124920157,2.2699971159969725,1.620031390298208,0,0.26999368288060643,1.1288837651272834,0,0.85386554184749075,0,0,0,0,0,0,0,0,0,0,0,0,0,0.21250231805384626,0.15999972065868684,0.3162266208255477,0.2099989665150889,0.11000159855064742,0.11999846960247926,0.17000063303158827,0.18999841579975707,0.21856707134894976,0.02999929875411982,0.12000204485038511,0.25000501373764117,0.02,0.13663439095632537,0.07000040033628248,0.017295202427230493,0.025000940379913485,0.14000022344621094,0.07836905844731619,0.9265689079961179,0.030000000000000002,0.10799799251756546,0,0,0,0.46999183896564256,0.09655874479613176,0.08999731951393852,0.08999855921621362,0.0900014320492625,0.08000075568654122,0.3699972625239529,0.1599991444877756,0.07000179712363817,0.1499997293096449,1.7999986017700382
CAF,0.2658902757510071,0.20000108469281497,0.21968908271367854,0.2109931370880835,0.3800004285374834,0.557838066015384,0.40573232351735006,0.25498735481255996,0.13444326093193726,0.24000011257093729,0.17500374363581908,0.2037003350841676,0.26317868908560293,0.2200006128824669,0,0,0,0,0.019999790829986614,3.374144621944101,2.739984357347701,0.4500009252234415,0.5759603338541822,3.724189589825123,2.0361806651518486,2.2699971159969725,1.620031390298208,0,0.2043350587018263,0.9700036499983409,0,0.58000033909225,0,0,0,0,0,0,0,0,0,0,0,0,0,0.21250531286894922,0.16037300088311024,0.08051329829465402,0.20999991973093812,0.11000592066311425,0.11999863630165009,0.17000101544060256,0.19000049868302346,0.2200017803097739,0.030000251348702992,0.11999953222939472,0.16221412355665607,0.03901749832775456,0.2849758694150942,0.0700002271259803,0.01729515564592842,0.024999282989646373,0.14000166777851902,0.07645010025900242,0.8847888372215561,0.03000010503414577,0.04079406234699368,0,0,0,0.4822701182319177,0.09999933696235937,0.09000021408233606,0.0829465752972641,0.08999929008245186,0.07999915362723628,0.37000159936172317,0.1599991444877756,0.07000179712363817,0.1499997293096449,1.7999986017700382
CAN,0.26227251944208996,0.06999838860179353,0.23000312858483682,0.44539382959738255,0.3800031285848368,0.5600166857857962,0.3043800196845346,0.23959816056045707,0.0022360198411380838,0.2699989861097029,0.18000016145628603,0.10999866595517609,0.2617774305792236,0.1399981673233758,0,0,0,0,0.019999560246262094,3.990005116834385,2.740017048062422,4.808265856864188,0.5268062700362346,3.7499777441467104,2.3999892251538784,2.2699971159969725,1.6200313902982078,0,0.2600011053998784,1.1499949305485146,0,1.129995320542817,0,0,0,0,0,0,0,0,0,0,0,0,0,0.1500003794691985,0.19000075257757823,0.36125605702081925,0.2399996224268983,0.08000097770825186,0.09999999999999999,0.17000063303158827,0.20000158530108833,0.21856707134894976,0.02999961740061981,0.18000222656933376,0.14999919780519502,0.04,0.11784338682974303,0.06999982689378202,0.17999906384572176,0.039999811776663605,0.06999995341101271,0.010519115030622424,0.043069604117562166,0.03,0.04000008211461557,0,0,0,0.4700006585263567,0.0279914282044802,0.1499973053085422,0.0799996247936365,0.08000027253154553,0.08,0.3699946323134729,0.1600016591085057,0.07000016226653902,0.1499997293096449,1.7999986017700382
CHE,0.26227250905386945,0.07000007525756903,0.22999279019466473,0.44538307417570455,0.380008651922349,0.5600060833032336,0.4691871359470099,0.23959816056045707,0.6343301940527502,0.251493979140505,0.18000016319355805,0.11000394299555005,0.2617774305792236,0.2110127977970016,0,0,0,0,0.02,3.9900427780941112,2.7400241506119984,4.6318980639234395,0.7233170415873629,3.75,2.3999660470248707,2.2699971159969725,1.620031390298208,0,0.25999979355264924,1.1499949305485146,0,1.129995320542817,0,0,0,0,0,0,0,0,0,0,0,0,0,0.15000041248339754,0.1899963950973324,0.4304610625067675,0.23999923754204347,0.07999962475843823,0.1,0.17000274736057144,0.20000115214673742,0.21856707134894976,0.030000270731245095,0.1800020595201318,0.15,0.03999971923125518,0.10473381607770683,0.07000017956437682,0.1799981827543387,0.03999979378892234,0.07000024770080573,0.04974569309522337,0.09039305586709792,0.030000387376685093,0.039999845991544936,0,0,0,0.47000174698644837,0.027963309952267534,0.14999849764129683,0.07999977662117184,0.08000049491475093,0.07999847897178493,0.3700014697956984,0.16000221214467428,0.06999971406513596,0.1499997293096449,1.7999986017700382
CHL,0.26227226162315664,0.06999847916908955,0.1900021159542954,0.4453923984717017,0.3800039459406136,0.5599958285535509,0.3043800196845346,0.23959816056045707,0.17262317027753216,0.2699936993503813,0.18000014449718593,0.11000259976602107,0.2617774305792236,0.17510332288194078,0,0,0,0,0.02,4.4400713032652375,2.739984357347701,4.107274061802034,0.4917408005107227,3.75,2.400010281719103,2.2699971159969725,1.620031390298208,0,0.25999840472202285,1.1499954375399215,0,0.85386554184749075,0,0,0,0,0,0,0,0,0,0,0,0,0,0.15000034917907998,0.19000090830963576,0.3730583543702016,0.2399981768251689,0.0800001846960826,0.1,0.17000706454904627,0.20000227896853884,0.21856707134894976,0.0299998601535514,0.17999935813087714,0.16221412355665607,0.0400003767755548,0.16380899017692038,0.06999899263322426,0.17999691071980228,0.039999406353501646,0.0700001110760252,0.030203369997653294,0.041943874300384015,0.029999682337992373,0.04000060834651418,0,0,0,0.4699980281362653,0.027862305505205753,0.150001061052989,0.09000064609221889,0.05000062998475437,0.08000026449428692,0.37000472760644065,0.16,0.07000339097999322,0.15000000000000002,1.7999986017700382
CHN,0.2622725514809148,0.0699999401186296,0.22999463231347292,0.44539032206660883,0.3800051100485454,0.5600092909048677,0.46919843970748965,0.24451129593582258,0.4734904200457276,0.2699988127745459,0.1800006139416708,0.11000103760579874,0.2617774305792236,0.2189830627495577,0,0,0,0,0.0200005840012848,4.439938356719929,2.740111494558004,4.427970358965848,0.8010978248190019,3.7500116390588194,2.4,2.2699971159969725,1.620031390298208,0,0.2600076572935721,1.1500024333268444,0,0.85386554184749075,0,0,0,0,0,0,0,0,0,0,0,0,0,0.14999979694634374,0.19000065173212627,0.3181154478133433,0.2400005481028789,0.10999635668093632,0.1,0.17000222679953236,0.2000034304434706,0.21856707134894976,0.03000054893780535,0.17999464918734534,0.18999933150611673,0.040000362732829135,0.09963607512152726,0.06999999999999999,0.18000481039044336,0.04000064054830935,0.06999880774173035,0.06836039688941903,0.06030828389943213,0.03000037814331632,0.04000073000693506,0,0,0,0.5060278575054012,0.03241836452008025,0.14999972582758944,0.08000056336441226,0.0799993813603885,0.07999882449747267,0.3700012478682251,0.15999863453266883,0.07000254697204208,0.15,1.799998290401029
CIV,0.26589511121476256,0.20000023248406903,0.21968908271367854,0.25999940381163095,0.3800004285374834,0.5599963500319372,0.4057452000502241,0.2549894743296272,0.13444326093193726,0.24000011085802928,0.1749965566319269,0.5199959035280864,0.2631786515343571,0.2105642886123991,0,0,0,0,0.019999999999999997,3.9500293306102945,2.740053534493247,0.47425130898379664,0.43394386611152697,3.80992791313076,1.100004451236702,2.2699971159969725,1.620031390298208,0,0.2700031725888325,0.9699916571071019,0,0.579995320542817,0,0,0,0,0,0,0,0,0,0,0,0,0,0.21250009891823024,0.16037300088311024,0.4894657425032209,0.2099976007677543,0.08916542148175827,0.1199988808684461,0.16999848208864604,0.19,0.2199999662399395,0.03000025298522566,0.12000197713118264,0.2500096955594338,0.019999788249992063,0.2869506872430936,0.07000069218522877,0.01729521602834946,0.025000526260393643,0.14000127860887354,0.0784558375896125,0.6192964650657055,0.03000010503414577,0.10800087600832207,0,0,0,0.4699957215503821,0.09956277373462732,0.09,0.09000174641983934,0.08999790092359362,0.08000023936042892,0.3699886121412094,0.1599991444877756,0.07000179712363817,0.1499997293096449,1.7999986017700382
CMR,0.2658938584860907,0.2,0.18999315641396092,0.21099332029279788,0.3800004285374834,0.557838066015384,0.405735321413104,0.25498892628066844,0.13444326093193726,0.24000001847464977,0.1749968205519522,0.5199984879857871,0.2631798363702687,0.2180946290452002,0,0,0,0,0.019999999999999997,3.949993279469526,2.739908022483393,4.053289379509266,0.940321866874869,3.8100765916706556,1.0999994859166877,2.2699971159969725,1.620031390298208,0,0.2043350587018263,0.9699745196611804,0,0.5799852931345678,0,0,0,0,0,0,0,0,0,0,0,0,0,0.21250012249257694,0.1599988766096078,0.21186274305302125,0.21000305530094718,0.08916542148175827,0.11999862268438813,0.1699994112914304,0.19000042455033045,0.2200001713873685,0.030000238561000047,0.12000217533173807,0.2500033424694164,0.020000700795402785,0.20424691611935286,0.06999976333041441,0.017295307700455457,0.02499970734562482,0.1399986135662542,0.07960509648073666,0.6533350676994026,0.03000010503414577,0.10800087600832207,0,0,0,0.47000229867443105,0.0799141551249504,0.09000070933724257,0.0899995883474896,0.09000165590329524,0.07999917987411068,0.3699982677983717,0.1599991444877756,0.07000179712363817,0.1499997293096449,1.7999986017700382
COG,0.2658937198067633,0.20000036924622078,0.19000583243965305,0.21099775222050063,0.3800004285374834,0.5600166857857962,0.3043800196845346,0.23959816056045707,0.13444326093193726,0.23999995057214507,0.17500171361985056,0.5200011653992949,0.2631824737311998,0.14614280197340745,0,0,0,0,0.02000019691389185,3.9500189387417786,2.7400161030595815,3.4554684472282,0.5759603338541822,3.724189589825123,1.0999985222621211,2.2699971159969725,1.620031390298208,0,0.270005136106831,0.9700177286474084,0,0.5799939228198117,0,0,0,0,0,0,0,0,0,0,0,0,0,0.21249725074374617,0.16000109309030294,0.6014157166079519,0.20999313543985193,0.10999957028060675,0.12000000000000001,0.17000274736057144,0.19000148397740863,0.2199993571405612,0.029999565475586975,0.11999230473258946,0.16221412355665607,0.02,0.22282318750694757,0.06999903920061491,0.01729534975323803,0.02499885735179853,0.14,0.07999768680954152,0.4016461870530396,0.03000010503414577,0.10799956200116799,0,0,0,0.47000236434566733,0.09752896689982574,0.09000031951263672,0.09000046797856659,0.09000015622314915,0.0800010795638562,0.3699972625239529,0.1599996313160175,0.06999924431345877,0.1499997293096449,1.7999986017700382
COL,0.2622716303952834,0.07000028097517116,0.18999620404706982,0.4453929023248891,0.3800004285374834,0.5600058399844268,0.3043800196845346,0.23959816056045707,0.13444326093193726,0.27000014025120267,0.17999904017575447,0.2037003350841676,0.22999705718863422,0.14003857781981263,0,0,0,0,0.019999999999999997,4.439990525103093,2.739999026669262,4.83010366820456,0.3367586786189578,3.7499363381716324,2.3999395861652317,2.2699971159969725,1.620031390298208,0,0.2600024847035438,1.1288837651272834,0,0.85386554184749075,0,0,0,0,0,0,0,0,0,0,0,0,0,0.15000073291215313,0.1900002639381329,0.32736569589294146,0.2399997841874116,0.0800009540391633,0.101281258699464,0.1699983519816544,0.2000053345424963,0.21999985806787803,0.029998927077000106,0.18000419753278352,0.16221412355665607,0.03999815151421794,0.4597488581776193,0.07000011373502016,0.17999919408458082,0.039999776368901854,0.06999975945926443,0.06799261628971079,0.04778527141516146,0.03000083871508849,0.039999999999999994,0,0,0,0.4700016460527273,0.02799191678360078,0.15000211157565774,0.09000343053173242,0.05,0.07999894202285229,0.3699980907671747,0.15999585234342595,0.07000105797714769,0.1499997293096449,1.7999986017700382
CPV,0.26589432077357983,0.20000029692908516,0.21968908271367854,0.26000031524981576,0.3800051100485454,0.5599936733502043,0.3043800196845346,0.23959816056045707,0.0076571113808929815,0.2400011389845952,0.17500079094930665,0.5199985105511492,0.2617774305792236,0.5080711460890263,0,0,0,0,0.019999270019709466,3.9500050473119077,2.739984357347701,0.7594817711178387,0.5759603338541822,3.809906194108844,1.1000107353730542,2.2699971159969725,1.620031390298208,0,0.2700002286393671,1.1288837651272834,0,0.580003119638122,0,0,0,0,0,0,0,0,0,0,0,0,0,0.2125005136740019,0.15999798137093751,0.3547624320128211,0.21000013176272167,0.10999540652273772,0.1200068870523416,0.17000417536534448,0.19000051846603183,0.21856707134894976,0.029999964046495072,0.11999938830437973,0.25000501373764117,0.019999708003620754,0.1764415881221206,0.07000123400929621,0.017295208004212744,0.024999589439925682,0.13999963448956468,0.06757167767340407,0.2663699420695745,0.03000010503414577,0.10800243335914168,0,0,0,0.4699960005372762,0.06682253119568826,0.0900006366317934,0.09000096052252426,0.09000010059248977,0.08000090167260267,0.3699931295087599,0.1599991491896031,0.06999752045623606,0.1499997293096449,1.7999986017700382
CRI,0.2622720810714987,0.0699997117254562,0.189998212622647,0.18999996497115376,0.3800004285374834,0.5599923157143641,0.3043800196845346,0.23959816056045707,0.13444326093193726,0.27000043597680606,0.18000068949270576,0.11000033796343235,0.23000209073803052,0.17000338885847605,0,0,0,0,0.0200005840012848,4.440003489487918,2.740008030076286,5.222347434119278,0.42220778514736945,3.750019909213984,2.4000629326620517,2.270036693704133,1.620031390298208,0,0.26000107988445237,1.1288837651272834,0,0.85386554184749075,0,0,0,0,0,0,0,0,0,0,0,0,0,0.14999937321927118,0.19000159305428335,0.2361451673091932,0.2399972198410676,0.07999982472130689,0.09999999999999999,0.17000015095023172,0.2000046556018529,0.2199986985496484,0.03000015104485277,0.17999943506268573,0.16221412355665607,0.039999310237795516,0.25236591370271694,0.06999971019112895,0.17999953659723347,0.04000011347388966,0.06999931633280917,0.06757167767340407,0.044782077768038844,0.030000561387750518,0.04079406234699368,0,0,0,0.4700007054864889,0.02800696523761399,0.1499991460436201,0.08999882385227584,0.05,0.08000291184392516,0.3699942917361904,0.16,0.06999744049142566,0.1499997293096449,1.7999986017700382
CUB,0.26227243135261435,0.06999970180682127,0.21968908271367854,0.4453935270822664,0.3800004285374834,0.557838066015384,0.3043800196845346,0.23959816056045707,0.13444326093193726,0.2700005043910039,0.180001441007133,0.11000037309604424,0.2300003393748715,0.1700020770839673,0,0,0,0,0.020000280772686434,4.44000308846342,1.6375710537880652,5.443757952893148,0.5759603338541822,3.749991867220997,2.400081111223766,2.2699971159969725,1.620031390298208,0,0.2599919473896122,1.1288837651272834,0,0.85386554184749075,0,0,0,0,0,0,0,0,0,0,0,0,0,0.15000037431469218,0.19000028261760427,0.31304768436063657,0.23999982478887058,0.08000186968308871,0.09999999999999999,0.17000018689143476,0.20000128593381297,0.22000043733531593,0.02999932407313529,0.18000279290601873,0.16221412355665607,0.04000021365923488,0.28213751984536733,0.07000062297533018,0.18000072976720427,0.0399993987313231,0.07000164488591541,0.06757167767340407,0.0431064051006567,0.029999574232554182,0.04079406234699368,0,0,0,0.47000020916611124,0.02789994806907143,0.14999834858143146,0.09000029106997323,0.049999999999999996,0.08,0.36999385277393576,0.160004977256702,0.06999999999999999,0.1499997293096449,1.7999986017700382
CYP,0.2622723211789632,0.06999971595347318,0.2300031285848368,0.44538219910748233,0.3799981750159686,0.5599824804730272,0.3043800196845346,0.23959816056045707,0.3673170210995777,0.251493979140505,0.17999913973032594,0.11000033796343235,0.2617774305792236,0.2246899160131264,0,0,0,0,0.020000579374275785,3.9899876100860596,2.7400260259624845,4.726800184955095,0.562702393440953,3.7499771876996073,2.400022812820805,2.270038866670422,1.620031390298208,0,0.2599969290837702,1.149995654818806,0,0.85386554184749075,0,0,0,0,0,0,0,0,0,0,0,0,0,0.1500011570105372,0.19000138431722396,0.28458636110834196,0.23999883052903945,0.08000063121018773,0.09999999999999999,0.17000706454904632,0.2,0.21999064108563407,0.029999848220384,0.17999230473258945,0.15000445672519833,0.04,0.10893267892272017,0.07000018471655245,0.1799970768529743,0.04000023925376749,0.0699995670620833,0.07848570292353403,0.089040194242920645,0.029999679733538308,0.04079406234699368,0,0,0,0.4700026018234446,0.03275047388416114,0.15000505261942226,0.08000043463143254,0.07999970887494723,0.08000051192136887,0.36999898610970294,0.15999895326320196,0.07000440833805655,0.14999903947747575,1.7999986017700382
CZE,0.2622723758123041,0.06999983484177842,0.2299908749873264,0.3020739829842732,0.3799989679550028,0.560011953296762,0.3043800196845346,0.23959816056045707,0.7203269654754793,0.251493979140505,0.17999974997481363,0.2037003350841676,0.2617774305792236,0.17510332288194078,0,0,0,0,0.02,3.9901234567901236,2.7399965053293727,2.181356220749644,0.6715216756128923,3.7500618658747835,2.400019729703068,2.2699971159969725,1.620031390298208,0,0.25999133448873485,1.1288837651272834,0,1.130003828646786,0,0,0,0,0,0,0,0,0,0,0,0,0,0.1499992414933479,0.18999817570317287,0.32568174496959956,0.23999975679603092,0.08000041792042796,0.1,0.16999542114558577,0.19999718015960297,0.21999913610643168,0.030000137243868633,0.18000163585800752,0.15,0.03999977217194184,0.08389336211552902,0.06999955847940306,0.17999962927950472,0.0400005580116523,0.06999930227458485,0.0793469317056496,0.7148558436671778,0.02999978418974038,0.04,0,0,0,0.4699992422220685,0.02811560824844404,0.14999882433163253,0.0800009557488292,0.08,0.08,0.3699972625239529,0.1600016591085057,0.06999999999999999,0.15000608346514174,1.7999986017700382
DEU,0.26227258771799666,0.06999927960810681,0.23000283887364312,0.44539566054070545,0.38,0.5600107353730542,0.4692062210498108,0.23959816056045707,0.7180027949650507,0.251493979140505,0.17999986232911602,0.2037003350841676,0.2617774305792236,0.17510332288194078,0,0,0,0,0.02,3.990217907070117,2.740026732469669,3.95245528088338,0.5959709296194793,3.750057937427578,2.399987413863629,2.2699971159969725,1.620031390298208,0,0.2599922012088126,1.1288837651272834,0,1.130003828646786,0,0,0,0,0,0,0,0,0,0,0,0,0,0.15000042332342758,0.18999956740856097,0.37104526603071547,0.2399984587325644,0.08000146993973246,0.09999999999999999,0.1700007135891154,0.2000022148026334,0.22000224618149145,0.029999372529334253,0.18000041731001962,0.1499981768459435,0.04000009501097377,0.09526635836149935,0.07000235925139509,0.18,0.040000429028036986,0.06999894338801034,0.07832823327446449,0.05081364409800601,0.030000133863432525,0.040000341654518955,0,0,0,0.47030360219621997,0.028164866785621884,0.15000100573267627,0.07999929760483247,0.07999892409489484,0.08,0.37000357343407014,0.1599991491896031,0.07000012594934318,0.14999635009854734,1.7999986017700382
DJI,0.2658938474503866,0.20000016426645992,0.1900025550242727,0.2109893550407013,0.3800004285374834,0.557838066015384,0.3043800196845346,0.25499264242169434,0.13444326093193726,0.251493979140505,0.1750002496579686,0.2037003350841676,0.2617774305792236,0.14000126486213005,0,0,0,0,0.019999513334631108,3.950022025969667,2.739997574250671,3.9610891036666787,0.5759603338541822,3.724189589825123,1.0999732929760528,2.2699971159969725,1.620031390298208,0,0.2043350587018263,0.9700440528634362,0,0.579992720844382,0,0,0,0,0,0,0,0,0,0,0,0,0,0.2124998985529594,0.159999514616122,0.5826633924762522,0.21000240241494927,0.11000119549809576,0.11999862268438813,0.17000115433452614,0.19000042455033045,0.21856707134894976,0.030000000000000002,0.12000032531433498,0.24999243226880585,0.019999999999999997,0.21835173432514926,0.07000039300451956,0.017295488734805388,0.02499983129196612,0.14000273991369272,6.600161933805885e-4,0.8126681639528356,0.03000010503414577,0.10800058398423243,0,0,0,0.5060064427176721,0.09961391654277116,0.09000084882437823,0.0899998221241929,0.08999781013905618,0.0800006899882702,0.3699905102562231,0.1599991444877756,0.07000105797714769,0.1499997293096449,1.7999986017700382
DMA,0.2622721059736202,0.06999871234857714,0.19000235846407834,0.4453921924477765,0.3800004285374834,0.5599999999999999,0.3043800196845346,0.23959816056045707,0.13444326093193726,0.27000150967174485,0.1800004068265495,0.10999936894803637,0.22999981115049584,0.2033944940586021,0,0,0,0,0.02000019691389185,4.439990709095133,2.7400310247285335,3.4554684472282,0.5759603338541822,3.750091251977126,2.3999615790990303,2.2699971159969725,1.620031390298208,0,0.2599988499357881,1.1288837651272834,0,0.85386554184749075,0,0,0,0,0,0,0,0,0,0,0,0,0,0.15000116207903685,0.19000246649675243,0.25295409748455994,0.24000023895362207,0.08000055978700105,0.10000004856351549,0.17000101544060256,0.2,0.21999954439059394,0.029999830547726234,0.17999356706336442,0.16221412355665607,0.03999884739511295,0.33171399566334714,0.06999948033050979,0.18000257449958162,0.039999999999999994,0.06999922020920674,0.06757167767340407,0.15227660476659163,0.03000010503414577,0.04000073000693507,0,0,0,0.5060064427176721,0.02812803720832744,0.1499980708387993,0.09000023201317833,0.05000128349462582,0.07999886647018817,0.3700030126764154,0.1600044242893485,0.06999925942383174,0.1499997293096449,1.7999986017700382
DNK,0.2622722391060942,0.06999676582600144,0.23000273747604708,0.4453954426665444,0.3799997767583074,0.5599987066921496,0.3043800196845346,0.23959816056045707,0.13444326093193726,0.251493979140505,0.1799998859120072,0.2037003350841676,0.2617774305792236,0.17510332288194078,0,0,0,0,0.02,3.99006064690027,2.739987833316435,1.547856215942411,0.5348529820670618,3.750091251977126,2.4000417144644905,2.2699971159969725,1.620031390298208,0,0.26000362286024814,1.1288837651272834,0,0.85386554184749075,0,0,0,0,0,0,0,0,0,0,0,0,0,0.15000077581926513,0.19,0.324469697977427,0.24000087935103892,0.08000152971470821,0.09999999999999999,0.16999781960898322,0.20000180621156155,0.2200004882931712,0.030000645709261954,0.17999891563652137,0.15000000000000002,0.04,0.13282019116042135,0.06999954298448541,0.18000096543734312,0.03999874277093286,0.0699997511160184,0.0779834542300871,0.65750964868635,0.02999981521518192,0.04000058283337158,0,0,0,0.4700012799648923,0.028125663551518926,0.14999819396785263,0.07999852795053913,0.07999942806485745,0.08000158696572153,0.36998020361990946,0.1600044242893485,0.07,0.15000608346514174,1.7999986017700382
DOM,0.26227252483005226,0.06999965301386984,0.1899941600155733,0.4453944767606032,0.3800004285374834,0.5600048666980975,0.3043800196845346,0.23959816056045707,0.13444326093193726,0.2699995222093042,0.17999842693094226,0.11000129571442455,0.23000613622417673,0.170003738317757,0,0,0,0,0.02,4.439991619916664,2.740014600062571,4.454691354471199,0.2483106747193735,3.724189589825123,2.0361806651518486,2.2699971159969725,1.620031390298208,0,0.2600013613082172,1.1288837651272834,0,0.85386554184749075,0,0,0,0,0,0,0,0,0,0,0,0,0,0.15000030650777302,0.18999838834618324,0.3264025903475818,0.24,0.07999866790995071,0.1,0.17000101544060256,0.19999999999999998,0.21999992277723934,0.03,0.17999820517806128,0.16221412355665607,0.04000048132460531,0.4615485921303613,0.07000256993675448,0.1799995365972335,0.040000098221213816,0.07000081353726001,0.06757167767340407,0.04486288309242772,0.029999572777374292,0.04079406234699368,0,0,0,0.4699993047347563,0.028032416591779147,0.14999878737904107,0.09000174641983932,0.04999902729412681,0.08000070531809847,0.37000071802972645,0.16000442428934852,0.0700010579771477,0.1499997293096449,1.7999986017700382
DZA,0.28219467139800963,0.06999965727602989,0.2299992100740079,0.4453948824485869,0.3800004285374834,0.557838066015384,0.3043800196845346,0.24450795178789886,5.005910682005308e-4,0.251493979140505,0.18000034697262612,0.2037003350841676,0.2617774305792236,0.17510332288194078,0,0,0,0,0.02,3.9900150914259647,2.7399625135641705,4.99749534607735,0.4539506998475652,3.724189589825123,2.4000112307497927,2.2699971159969725,1.620031390298208,0,0.26000240659406776,1.1499832709797124,0,0.85386554184749075,0,0,0,0,0,0,0,0,0,0,0,0,0,0.14999939929528755,0.18999949270338368,0.32872086680271184,0.24000081043396895,0.08000000000000002,0.09999999999999998,0.1699997819593136,0.19999999999999998,0.21856707134894976,0.02999990940688689,0.18000252599671623,0.1500007760342874,0.039999806408835506,0.06995349800956104,0.07000052336839901,0.18000245940365933,0.03979377377600821,0.06999984470361685,0.07669428941552059,0.09057215686964758,0.02999970953031051,0.04079406234699368,0,0,0,0.4700002636428571,0.03094313152611308,0.15000353681827827,0.07999999999999999,0.07999999999999999,0.08,0.3699940139868308,0.160004977256702,0.07000105797714769,0.1499997293096449,1.7999986017700382
ECU,0.26227197055373314,0.06999968789372618,0.18999532054281704,0.4453970442304924,0.3800004285374834,0.5599966818288653,0.3043800196845346,0.23959816056045707,1.840066559371505,0.26999651773683175,0.1799994320074149,0.11000069129202479,0.2617774305792236,0.1400013019138133,0,0,0,0,0.02,4.439906144086208,2.739987390914822,4.5676854717552855,0.5100143944067448,3.724189589825123,2.3999753937007875,2.2699313934232315,1.620031390298208,0,0.2600070192289931,1.150016425156039,0,0.85386554184749075,0,0,0,0,0,0,0,0,0,0,0,0,0,0.1499994134690957,0.19000298084805126,0.3682633850825839,0.24001021972406744,0.08,0.09999999999999999,0.1700010063399416,0.1999998876120999,0.21999965759873996,0.03000010088475934,0.18,0.16221412355665607,0.039999590650456426,0.25877676725926074,0.0700011677809243,0.1799939649969825,0.04,0.07000026248785993,0.07088438128052248,0.04353377759383182,0.029999292135626812,0.04000024333268445,0,0,0,0.47000140919947847,0.028072935131458494,0.14999487772395323,0.0899998814168317,0.050001141422212084,0.08000198373338623,0.37000491137205876,0.15999585234342595,0.07000105797714769,0.1499997293096449,1.7999986017700382
EGY,0.25999989878965074,0.07000035105028703,0.23000050344862308,0.445393767471323,0.3800004285374834,0.559988319889039,0.3043800196845346,0.24450553226582367,0.13444326093193726,0.26999652385504475,0.18000056229528938,0.11,0.2617774305792236,0.2184275432213963,0,0,0,0,0.020000608346514175,3.989941431117902,2.739985400127749,4.342344324929415,0.5482288351657076,3.7499920652553396,2.400054947211429,2.2699971159969725,1.620031390298208,0,0.25999157717414195,1.1499766027140852,0,0.85386554184749075,0,0,0,0,0,0,0,0,0,0,0,0,0,0.14999980877940497,0.18999974430940922,0.26580298241970396,0.2400009198080667,0.08,0.1,0.16999607535321823,0.2,0.21856707134894976,0.03000028520092405,0.1800079522862823,0.15,0.03999878163930431,0.1989446272670034,0.0699999022416001,0.17999884868894453,0.04000114724946939,0.0700012885192931,0.07679839428091952,0.04584404270485605,0.029999483391021334,0.04000024333268445,0,0,0,0.47000164391799376,0.046777032427594116,0.15000160642570282,0.08000000000000002,0.08000000000000002,0.07999939736043872,0.3700030126764154,0.15999367988623794,0.06999924431345877,0.1499997293096449,1.7999986017700382
ESP,0.2622726855019043,0.06999922257638187,0.22999966818196899,0.44539508170567726,0.37999320940497416,0.5599928781269474,0.3043800196845346,0.23959816056045707,0.13444326093193726,0.251493979140505,0.17999998430866734,0.11000110894602602,0.2617774305792236,0.17510332288194078,0,0,0,0,0.02,3.9900453489658227,2.740007709069169,4.2424444544332784,0.5361047260394765,3.7500456254334416,2.399948471315699,2.2700026198585275,1.620031390298208,0,0.2599906410856341,1.1500182503954253,0,1.129995320542817,0,0,0,0,0,0,0,0,0,0,0,0,0,0.14999977801751888,0.18999998171776247,0.3449454264646161,0.24000026621587447,0.07999999999999999,0.1,0.17000269826084827,0.20000156894739318,0.2200026284662899,0.02999982916787673,0.1799934814492911,0.14999888584352786,0.04,0.09267263398431282,0.07000113630188083,0.17999522965789833,0.03999976277458841,0.06999919051453453,0.07715055676115946,0.07008534755522886,0.029999548532731377,0.04000052518250092,0,0,0,0.4712743943907202,0.031238810943407868,0.15000163553694676,0.07999864236500018,0.07999939348450731,0.07999754601226994,0.37000730003128585,0.15999728242407774,0.07000037450378249,0.15,1.7999986017700382
EST,0.26227281540910025,0.0699998539996788,0.22999643324218288,0.44539341327002774,0.38000115195822226,0.5600066831174173,0.3043800196845346,0.23959816056045707,0.13444326093193726,0.251493979140505,0.18000008538761708,0.11000202778059415,0.2617774305792236,0.17510332288194078,0,0,0,0,0.02,3.989926271990656,2.740002349426908,3.4554684472282,0.5168070091739275,3.75,2.400081111223766,2.2699971159969725,1.620031390298208,0,0.259998440180939,1.1288837651272834,0,0.85386554184749075,0,0,0,0,0,0,0,0,0,0,0,0,0,0.15000097092196593,0.18999951305364063,0.327655834470291,0.2400001302702456,0.0800007778771732,0.09999999999999999,0.17000269826084827,0.19999736576949168,0.21999017336983223,0.029999934429239313,0.1799983452612419,0.15000100274752823,0.03999985076631498,0.09089256276062488,0.07,0.17999810856818613,0.04000105532079553,0.06999943150707474,0.06757167767340407,1.628048546617917,0.03000031956028505,0.04,0,0,0,0.47057009397080396,0.027975453793550407,0.14999835499259748,0.08000052416395849,0.080000899847026,0.0799996826102136,0.37000071802972645,0.15999489513761858,0.06999927036591148,0.1499997293096449,1.7999986017700382
ETH,0.26589452793540985,0.19999999999999998,0.1900001775536656,0.2109928835954999,0.3800004285374834,0.5599820948970458,0.40573165998188637,0.25498901961159565,0.13444326093193726,0.251493979140505,0.17499489066012672,0.5200046508923899,0.2631840346758172,0.14000014103054548,0,0,0,0,0.02,3.9499900905067054,2.740018447753327,4.269214135056191,0.35026119929063243,3.8100086447027186,1.1000317393144308,2.2699971159969725,1.620031390298208,0,0.2043350587018263,0.9699972625239528,0,0.580003119638122,0,0,0,0,0,0,0,0,0,0,0,0,0,0.21250116398174873,0.16000463136144213,0.34130826860562413,0.20999545661063151,0.11000466962409527,0.11999788773300946,0.16999890566863646,0.18999485518869352,0.21856707134894976,0.029999222576381872,0.120003292723082,0.25,0.02,0.2855570418256777,0.07000042444221219,0.017295503468069837,0.024999856597929273,0.1399980820866897,0.08000076772484742,0.7858117473578304,0.029999348088268846,0.04079406234699368,0,0,0,0.46999988935972475,0.09807133340188584,0.09000067907103082,0.0829465752972641,0.09000247463499134,0.07889487089876368,0.37000159936172317,0.1599991444877756,0.07000179712363817,0.1499997293096449,1.7999986017700382
FIN,0.26227251923884476,0.06999951333463111,0.22999771874483765,0.3020739829842732,0.37999941707564794,0.5599986584984126,0.3043800196845346,0.23959816056045707,0.3675048336739932,0.251493979140505,0.18000033558197576,0.11000110894602602,0.2617774305792236,0.17510332288194078,0,0,0,0,0.01999932409597837,3.989962587827356,2.7399953964026174,3.4554684472282,0.4273416897580042,3.749908752463684,2.4000141748467345,2.2699971159969725,1.620031390298208,0,0.260005381438716,1.1499680627794506,0,0.85386554184749075,0,0,0,0,0,0,0,0,0,0,0,0,0,0.15000021420339896,0.1900014367546835,0.3147602842817463,0.2400009198080667,0.08,0.10000000000000002,0.16999593991067805,0.20000092208816084,0.22000719942404606,0.029999787574525937,0.18000366233290604,0.15000445672519833,0.039999831213658195,0.10042769218370598,0.07000098722396025,0.18000159795461806,0.03999934010822225,0.07000018978813319,0.046779116590353935,0.04352424116048853,0.030000129168927123,0.03999989169166784,0,0,0,0.4699979877926085,0.028138308014543374,0.15000094245377263,0.07999864236500016,0.08000133851449988,0.08000396746677246,0.36999875745526845,0.1600016591085057,0.06999871761990255,0.15000182501733764,1.7999986017700382
FJI,0.26227255554498724,0.06999966057517511,0.23000273747604708,0.4453937728778184,0.3800097335442268,0.5600166857857962,0.3043800196845346,0.23959816056045707,2.9818711454786316e-4,0.27000022520662714,0.17999971096281897,0.11000089214024444,0.22999859167552206,0.2200001236898812,0,0,0,0,0.02,3.9901234567901236,2.739997642236611,0.8385320480005035,0.5759603338541822,3.7499473558603453,2.399951334252575,2.2699971159969725,1.620031390298208,0,0.25999933043934337,1.150016425156039,0,1.1299826689774697,0,0,0,0,0,0,0,0,0,0,0,0,0,0.1499987347217653,0.19000107973397692,0.22986710377822225,0.23999792087442082,0.08916542148175827,0.1,0.16999923153769309,0.2,0.21856707134894976,0.030000061198386812,0.18000533085876186,0.15,0.04,0.17845124667742082,0.0700022540739071,0.1800048215577203,0.04000049879043321,0.07000067939079731,0.06757167767340407,0.04195264834334876,0.029999757597304486,0.040000410113396355,0,0,0,0.4699964684884176,0.027990903731928984,0.15000303158915906,0.08000130242250586,0.07999936104569437,0.0800008767699794,0.36999010973484675,0.1600055304636372,0.06999965500983223,0.15000506945148537,1.7999986017700382
FRA,0.2622724530266471,0.07000038624454429,0.2299908749873264,0.44539263478151325,0.3799888915337618,0.5599820948970458,0.3043800196845346,0.23959816056045707,0.6482608067389557,0.251493979140505,0.17999973230658034,0.2037003350841676,0.2617774305792236,0.18522919456547024,0,0,0,0,0.020000629326620514,3.9899736147757254,2.739923895317232,4.262045459097248,0.6563820414359308,3.750091251977126,2.4000069524107484,2.2699971159969725,1.620031390298208,0,0.25999924794123913,1.1288837651272834,0,0.85386554184749075,0,0,0,0,0,0,0,0,0,0,0,0,0,0.15000029406056473,0.1900005752581471,0.3663872164166431,0.24000012336642296,0.08000152971470821,0.09999999999999999,0.16999887867234809,0.2000025347257427,0.2200010209811629,0.030000000000000006,0.1800022192016422,0.14999764061910156,0.04,0.10054534863668872,0.07000124430855806,0.179997753187665,0.04000020565658435,0.06999975070426047,0.06719781291339767,0.18390743524749256,0.030000046385846753,0.03999976677200797,0,0,0,0.47000051983503904,0.02804082732635942,0.15,0.07999945008111303,0.07999982743595717,0.08000122074037903,0.37001525386794504,0.16000100550514065,0.06999932354731786,0.15000000000000002,1.7999986017700382
GAB,0.265893567352,0.19999890369,0.209792417645,0.210992325887,0.380005428591,0.559995237391,0.405727861053,0.254989545632,0.0544949852261,0.243829257272,0.174999436543,0.519991411066,0.261777430579,0.151720146891,0,0,0,0,0.0200002684201,3.94998406029,2.73993482308,1.54054523004,0.50642578059,3.781388041,1.10000368843,2.269997116,1.6200313903,0,0.269996359108,1.12888376513,0,0.762574601513,0,0,0,0,0,0,0,0,0,0,0,0,0,0.212501555256,0.160000083981,0.317348853895,0.209996264286,0.110001700913,0.119999584774,0.17000249318,0.189997697295,0.218567071349,0.0299997000924,0.11999991688,0.250000334276,0.0199999291479,0.133400350481,0.0699999415819,0.0172954391686,0.0250004496456,0.139999914667,0.0767093628215,0.951492266423,0.0299996526941,0.0855964864527,0,0,0,0.488317153226,0.0987400879485,0.0900009248369,0.0900004686305,0.0899991855554,0.079999092218,0.369996935182,0.160002118752,0.0700013043593,0.14999972931,1.79999860177
GBR,0.26227247655819086,0.06999920189417118,0.2300031285848368,0.44539121799807935,0.38000192104504854,0.560001786717035,0.3043800196845346,0.23959816056045707,0.5301244086450543,0.251493979140505,0.18000004826126717,0.2037003350841676,0.2617774305792236,0.17510332288194078,0,0,0,0,0.020000579374275785,3.989871338625787,2.7399865526846607,1.0731294223061973,0.4192386130718518,3.7499391678157195,2.400003989069948,2.2699971159969725,1.620031390298208,0,0.2600092709092113,1.1499832709797124,0,1.129995320542817,0,0,0,0,0,0,0,0,0,0,0,0,0,0.15000053432313729,0.19000034924127332,0.34796427201953956,0.24000051715332946,0.07999896030982767,0.1,0.16999593991067805,0.1999985031172583,0.22000367158731357,0.02999983682841915,0.17999842274403108,0.1499983287652918,0.04,0.11283000457808308,0.07000157846696543,0.18000435678073512,0.040000171932825845,0.06999914095443696,0.07853413561224964,0.07066292446518822,0.02999988329618262,0.039999543748788086,0,0,0,0.47686092536691566,0.02816990482425714,0.15,0.08000053661023315,0.08000072356282334,0.08000396746677246,0.37000301477238473,0.1599991491896031,0.06999812417932845,0.15000182501733764,1.7999986017700382
GEO,0.42547488758149327,0.0700001514531934,0.22999696481520393,0.18999963950602025,0.38001073537305424,0.5599879766403297,0.3043800196845346,0.23959816056045707,0.014971321660414441,0.2700028968713789,0.17999957925064541,0.2037003350841676,0.2617774305792236,0.17510332288194078,0,0,0,0,0.020000588720122454,3.374144621944101,1.6375710537880652,3.4554684472282,1.1299815186186482,3.724189589825123,2.3999615790990303,2.2699971159969725,1.620031390298208,0,0.260005381438716,1.150016425156039,0,1.129995320542817,0,0,0,0,0,0,0,0,0,0,0,0,0,0.14999965912267266,0.18999797221940587,0.24121621519602016,0.2399997793054743,0.07999999999999999,0.1,0.17000101544060256,0.2000020081531016,0.21856707134894976,0.030000664849411607,0.17999828237718996,0.14999665753058358,0.04,0.07818200077409955,0.07000047826294897,0.17999893469692127,0.040000522256845916,0.07,0.06757167767340407,0.04653266180633081,0.030000000000000002,0.04000024333268445,0,0,0,0.47340789986697857,0.028676257700380115,0.15000101052971967,0.08000153686556269,0.08,0.08000233379036727,0.36999401398683074,0.1599991444877756,0.07000203458799593,0.1499997293096449,1.7999986017700382
GHA,0.2658943033365031,0.19999978654963893,0.18999513342525753,0.2600003429913995,0.3800004285374834,0.5599963500319372,0.405735090889763,0.2549872163043307,0.13444326093193726,0.23999995755912631,0.17499859616284513,0.5199972911265045,0.2631786982437929,0.21998960399132655,0,0,0,0,0.02000019691389185,3.950001721703798,2.7400080300762855,0.4588798391244101,0.4600167996640067,3.809906194108844,1.0999993351550086,2.2699971159969725,1.620031390298208,0,0.27000290951411116,1.1288837651272834,0,0.579992720844382,0,0,0,0,0,0,0,0,0,0,0,0,0,0.21249975257160578,0.1599990776822154,0.45709956061570034,0.20999872910974135,0.11,0.11999908176851386,0.17000101544060256,0.19000092985773176,0.2199999058682986,0.02999965038632311,0.12,0.16221412355665607,0.02,0.20955662904820022,0.07,0.017295566374215723,0.024999492385786803,0.14000028732742398,0.07638843062269647,0.6841236072561813,0.029999658900978957,0.10800087600832207,0,0,0,0.47000586429335267,0.09957148737379637,0.0900012861263711,0.08999937221420051,0.08999930523460414,0.08000038706431073,0.3700073000312858,0.15999367988623794,0.07000179712363817,0.1499997293096449,1.7999986017700382
GIN,0.2658938557624388,0.2000000757890397,0.21968908271367854,0.26000023523046706,0.3800004285374834,0.557838066015384,0.4057255187390376,0.2549916771955157,0.13444326093193726,0.23999990280197603,0.17499766027140853,0.519999413936588,0.2631865637766682,0.2200090441223971,0,0,0,0,0.02,3.374144621944101,2.739987390914822,0.45081560684346017,0.45999465383587274,3.724189589825123,1.1000021037573104,2.2699971159969725,1.620031390298208,0,0.26999694819562065,0.9699972625239528,0,0.85386554184749075,0,0,0,0,0,0,0,0,0,0,0,0,0,0.21249875851109615,0.1600008994288627,0.4130076725233971,0.2391558276585044,0.08916542148175827,0.12000306091215183,0.17000067491425522,0.18999962105422713,0.22000006370258535,0.030000000000000002,0.11999677684013127,0.24999598909032572,0.03901749832775456,0.24186965344142908,0.07000053982563632,0.017295418641390205,0.024999999999999998,0.13999926234647586,0.08000140488901378,0.848372485794941,0.03000010503414577,0.04079406234699368,0,0,0,0.469994404029099,0.09058325533628458,0.0899957292333974,0.08999773105430343,0.09000000000000001,0.07999642047488366,0.37000159936172317,0.1599991444877756,0.07000179712363817,0.1499997293096449,1.7999986017700382
GMB,0.2658932273435002,0.19999989245727595,0.21968908271367854,0.26,0.3800004285374834,0.559988319889039,0.40572962744344193,0.2549890632874563,0.13444326093193726,0.2399990217098881,0.17500229561384714,0.5200074351955118,0.2617774305792236,0.17510332288194078,0,0,0,0,0.02000019691389185,3.374144621944101,1.6375710537880652,0.4846581824730835,0.5759603338541822,3.809906194108844,1.0999999999999999,2.2699971159969725,1.620031390298208,0,0.2699961394026603,0.9699890261939978,0,0.85386554184749075,0,0,0,0,0,0,0,0,0,0,0,0,0,0.21249963714476475,0.16037300088311024,0.3152068605659134,0.20999712450877026,0.08916542148175827,0.101281258699464,0.17000101544060256,0.19879298733208495,0.21856707134894976,0.030000640355183673,0.1699781060010008,0.25000445672519833,0.03901749832775456,0.1569182142760018,0.06999971641664067,0.017295377948964852,0.025000000000000005,0.14000398644608333,0.08000197902236296,0.8254351676834901,0.03,0.10799975666139434,0,0,0,0.4699995495292581,0.09945348075228048,0.09,0.08999966935590531,0.09000139760105888,0.079999137522101,0.37000472760644065,0.1599987359373025,0.07000105797714769,0.1499997293096449,1.7999986017700382
GNB,0.2658966616532145,0.2,0.21968908271367854,0.25999899705564194,0.3800004285374834,0.557838066015384,0.4057310671753961,0.25499055191100967,0.13444326093193726,0.24000004679845893,0.17500066850282106,0.2037003350841676,0.2617774305792236,0.14000028215908128,0,0,0,0,0.019999999999999997,3.94993778515139,1.6375710537880652,1.0134371003484344,0.4594589528277304,3.724189589825123,1.0999952597648843,2.2699971159969725,1.620031390298208,0,0.2700011024953144,1.1288837651272834,0,0.5800017658484902,0,0,0,0,0,0,0,0,0,0,0,0,0,0.2125004143600623,0.15999955433741112,0.6650690473684936,0.21000260549138325,0.1100013156740637,0.101281258699464,0.17000101544060256,0.19,0.21999977014400476,0.03000101389029707,0.12000000000000001,0.16221412355665607,0.03901749832775456,0.04906907579149345,0.06999903920061491,0.017295252506147153,0.024999845638039732,0.13999944138759324,0.06757167767340407,0.5886158575406599,0.03000010503414577,0.04079406234699368,0,0,0,0.47000096227867594,0.08228773541083255,0.08999968168748078,0.09000014777378788,0.0900003749390724,0.07999682615250336,0.37000401503814284,0.1600050276520865,0.07000179712363817,0.1499997293096449,1.7999986017700382
GRC,0.2622725310453093,0.07000049659830163,0.22999585234342595,0.4453889323207505,0.3800035147959391,0.5599927000033181,0.3043800196845346,0.23959816056045707,0.32433106857155247,0.251493979140505,0.17999962781696038,0.10999942392994988,0.2617774305792236,0.17510332288194078,0,0,0,0,0.02,3.9900250362366583,2.7401188862237977,4.461476815435663,0.777709434490593,3.7500456254334416,2.399990266692622,2.2699971159969725,1.620031390298208,0,0.2600076572935721,1.15,0,0.85386554184749075,0,0,0,0,0,0,0,0,0,0,0,0,0,0.14999994897006277,0.1900000183344609,0.3578879975514268,0.24000019393563277,0.0799998367999739,0.1,0.17000706454904627,0.2,0.21856707134894976,0.030000230757692887,0.17999904575599981,0.15,0.04000008626285586,0.0658661570960016,0.06999896726221212,0.18000101687282555,0.0399994227817231,0.07000128815173647,0.06423262581586432,0.07270718662955493,0.03,0.04,0,0,0,0.4722134816681532,0.04530353543621213,0.15,0.08000106528416455,0.0800002604811086,0.07999863191736781,0.3700183654729109,0.15999958103776946,0.0699989204361438,0.1499990875079843,1.7999986017700382
GRD,0.2622726883079555,0.0699997658381239,0.22999990013681257,0.44539233533162415,0.3799981750159686,0.5600044242893485,0.3043800196845346,0.23959816056045707,0.13444326093193726,0.2699995426062297,0.18000162357429883,0.11000125172111652,0.23000040711639455,0.140451318839684,0,0,0,0,0.02000019691389185,3.989962587827357,2.7400391900718484,4.579493052355746,0.5759603338541822,3.7500456254334416,2.4000782166601486,2.2699971159969725,1.620031390298208,0,0.25999991653695115,1.1288837651272834,0,0.85386554184749075,0,0,0,0,0,0,0,0,0,0,0,0,0,0.14999735946706502,0.19000066907533789,0.3161047506803817,0.2400018711938217,0.07999999999999999,0.0999993108961107,0.1700005086599354,0.20000087015540974,0.22000362056480813,0.02999975296137551,0.1800019396760741,0.15,0.0400002918131812,0.4480366976347725,0.06999979563893487,0.1800041499515839,0.03999976823820477,0.06999940339840915,0.06757167767340407,0.15227660476659163,0.03000010503414577,0.0399995320542817,0,0,0,0.4700015520720161,0.029294274846447897,0.14999575587810882,0.08000018926668621,0.07999947377422283,0.08000104405930257,0.37000598981731053,0.1600044242893485,0.07000105797714769,0.1499997293096449,1.7999986017700382
GTM,0.26227271060000446,0.06999829438853829,0.1899941600155733,0.18999980703714106,0.3800004285374834,0.557838066015384,0.3043800196845346,0.19999999999999998,0.13444326093193726,0.2700019573302016,0.18000179341490655,0.2037003350841676,0.2617774305792236,0.17510332288194078,0,0,0,0,0.020000365003467534,4.440002362460502,2.7399397755269637,5.397959380905461,0.22828053952261487,3.7500260715403066,2.3999695840620485,2.2700174387952363,1.620031390298208,0,0.26,1.149993801909012,0,0.85386554184749075,0,0,0,0,0,0,0,0,0,0,0,0,0,0.14999957740645892,0.190000783565407,0.36600029934576866,0.2400008470867276,0.0799980186249257,0.09999999999999999,0.16999933479678042,0.20000451732393731,0.21999298081422555,0.030000218040686394,0.18000301977955607,0.16221412355665607,0.04,0.3834024876608645,0.07000092127688977,0.17999919408458082,0.04,0.06999868208397206,0.004733308562102931,0.04405332354751341,0.029999598909032567,0.03999913096376118,0,0,0,0.4700010188444592,0.027889381268094992,0.14999924211419824,0.09000096052252425,0.04999934187145433,0.08000198373338623,0.37000194666147557,0.1599996313160175,0.07000105797714769,0.1499997293096449,1.7999986017700382
GUY,0.2622726383877733,0.06999999999999999,0.1899990875079843,0.4453873109190358,0.3800004285374834,0.560010770703686,0.3043800196845346,0.23959816056045707,0.13444326093193726,0.270002996703626,0.180000695789315,0.2037003350841676,0.22999908399743518,0.15192664632154104,0,0,0,0,0.019999999999999997,4.440091493089352,2.7400017268852483,5.463594338214231,0.49255204574663924,3.750024662128835,2.3999821953173686,2.2699560662385942,1.620031390298208,0,0.25999944472068187,1.1288837651272834,0,0.85386554184749075,0,0,0,0,0,0,0,0,0,0,0,0,0,0.14999946676336026,0.18999901370943878,0.27326242272984974,0.23999799805965785,0.08000062527355718,0.09999999999999999,0.17,0.2,0.219998573422868,0.029999649639128302,0.18000000000000002,0.16221412355665607,0.04000118609892065,0.24430326698938892,0.070000769408325,0.18000264807132138,0.03999948089700997,0.06999925212737247,0.06757167767340407,0.04559793494512935,0.03000010503414577,0.04079406234699368,0,0,0,0.4700082451559709,0.02814454181901962,0.14999621068586588,0.08999894447962845,0.05000133329777873,0.07999981504002071,0.36999435984207557,0.1599991444877756,0.07000179712363817,0.1499997293096449,1.7999986017700382
HND,0.2622718547334661,0.07000013782267735,0.1899990875079843,0.19000016679361514,0.3800004285374834,0.5600032087277396,0.3043800196845346,0.2,0.13444326093193726,0.2699947726084684,0.17999536509919695,0.11000202778059415,0.2617774305792236,0.14154481024801316,0,0,0,0,0.019999999999999997,4.4399963181409445,1.6375710537880652,3.4554684472282,0.38123636983981307,3.75,2.4000168463611864,2.269987720661958,1.620031390298208,0,0.25999590121938726,1.1288837651272834,0,0.85386554184749075,0,0,0,0,0,0,0,0,0,0,0,0,0,0.1499997928208273,0.18999883737453335,0.26818956473382194,0.2399998181061669,0.08,0.1,0.16999607535321823,0.1999989249537058,0.21999941929676836,0.03000102933607823,0.18000000000000002,0.16221412355665607,0.040001327316166714,0.2363641787942875,0.06999999999999999,0.18000247150050974,0.04,0.07000042976067387,0.06757167767340407,0.046583444743350425,0.02999967739854184,0.04000073000693506,0,0,0,0.47000157695219225,0.028177407926816996,0.15,0.0829465752972641,0.0500013902405116,0.08,0.36999545778989035,0.1600016591085057,0.07000160997263047,0.1499997293096449,1.7999986017700382
HRV,0.2622724530266471,0.07000014837455673,0.23000336927223722,0.4453931562190652,0.3799947857825671,0.5599963500319372,0.3043800196845346,0.23959816056045707,0.6746318737417881,0.251493979140505,0.17999983889027624,0.2037003350841676,0.2617774305792236,0.17510332288194078,0,0,0,0,0.020000618658747832,3.9900406716028782,2.740014600062571,5.402188991733922,0.8189123945003324,3.724189589825123,2.400019729703068,2.2699971159969725,1.620031390298208,0,0.26000240659406776,1.1499716116473355,0,1.129988635603984,0,0,0,0,0,0,0,0,0,0,0,0,0,0.15000043668885046,0.19000152429870715,0.3840587573318887,0.23999987592898173,0.08,0.1,0.16999607535321823,0.19999893299758326,0.21856707134894976,0.0299992803626972,0.18,0.15000100274752823,0.04000020629961667,0.06735839342085335,0.06999999999999999,0.18000457692087649,0.040000592461732355,0.06999941553507764,0.002938926484593159,0.41610028616973854,0.029999999999999995,0.03999856866814571,0,0,0,0.4719450655886039,0.028736561694201905,0.15000000000000002,0.08000054420287883,0.08000255110175707,0.07999977000655482,0.37001301298124223,0.16000090291415542,0.06999812417932845,0.1499997293096449,1.7999986017700382
HTI,0.26227375759142946,0.06999994099305319,0.21968908271367854,0.4453931181723559,0.3800004285374834,0.557838066015384,0.3043800196845346,0.2445074460973429,0.13444326093193726,0.27000030546476467,0.17999955145888,0.10999955518631237,0.22999929071111985,0.13999980693676214,0,0,0,0,0.019999999999999997,4.439997930208213,2.7399419328079633,5.035801820406633,0.5759603338541822,3.724189589825123,2.400010281719103,2.2699971159969725,1.620031390298208,0,0.2600024629025306,1.150033618288349,0,0.85386554184749075,0,0,0,0,0,0,0,0,0,0,0,0,0,0.15000160189664563,0.18999650052492123,0.3441064036911475,0.23999643865584697,0.0799987961959793,0.09999999999999999,0.16999913442395914,0.2,0.21999979124843871,0.03,0.18000618729836038,0.16221412355665607,0.03999942042424945,0.5031985483716074,0.06999888771481008,0.18000144812106292,0.03999948089700997,0.06999969756997475,0.03180743906161427,0.04058067457649934,0.03000010503414577,0.04000073000693506,0,0,0,0.4961554880750055,0.022610247836739882,0.15,0.09000096052252425,0.049999999999999996,0.08000396746677246,0.36999708000778664,0.1599991444877756,0.07000179712363817,0.1499997293096449,1.7999986017700382
HUN,0.2622723335412108,0.06999999999999999,0.2300031285848368,0.4453937728778184,0.37998160182794744,0.5599932615501242,0.3043800196845346,0.23959816056045707,0.13444326093193726,0.251493979140505,0.17999985139944571,0.2037003350841676,0.2617774305792236,0.17510332288194078,0,0,0,0,0.019999695835994768,3.989985961628451,2.740011069724304,4.499339733710203,0.7981983085757218,3.724189589825123,2.4000398181637195,2.2699971159969725,1.620031390298208,0,0.26000255248548276,1.1499680627794506,0,1.129995320542817,0,0,0,0,0,0,0,0,0,0,0,0,0,0.14999940027107747,0.1900013204142328,0.3086890733352876,0.24000385672274985,0.08000430593681036,0.1,0.1699975470656773,0.19999999999999998,0.21856707134894976,0.030000417560507132,0.18000609106136745,0.15000100274752823,0.04000023113504642,0.07324817826872186,0.07000032133331906,0.18000066201052597,0.040000387855684445,0.0699988588382974,0.06993650960226676,0.04138738186389485,0.029999559199506302,0.03999989747165092,0,0,0,0.47787721046784637,0.02797535904386636,0.15,0.07999977662117184,0.08000510236622232,0.07999950407895064,0.36999545778989035,0.1600044242893485,0.07000117550252732,0.14999543753992153,1.7999986017700382
IDN,0.2622722069419295,0.07000003292737537,0.21968908271367854,0.44539375026367634,0.3800004285374834,0.5599936733502043,0.4691929273609568,0.23959816056045707,0.13444326093193726,0.26999987222570054,0.17999767144021422,0.11000199640646835,0.2617774305792236,0.1400013091575571,0,0,0,0,0.02000036500346753,4.4400173566797685,2.7400476932061513,3.9781956588475245,0.2357260508675182,3.7500417943716915,2.3999921715985595,2.2699971159969725,1.620031390298208,0,0.2600004679493679,1.1500136873802353,0,0.85386554184749075,0,0,0,0,0,0,0,0,0,0,0,0,0,0.14999616434152702,0.18999852318038785,0.36082076962785825,0.24,0.08000213140086322,0.1,0.17000101544060256,0.2000010234419376,0.21856707134894976,0.029999549387166546,0.18000327546675401,0.1900025068939584,0.04000064888715852,0.2627432581300983,0.07000052336839901,0.05000197199763361,0.03999961242563417,0.060000331150499624,0.06683266910544099,0.0488160761492617,0.03000063832503511,0.03999927001970947,0,0,0,0.5281631601259619,0.02805375511257864,0.15000413842574287,0.08999979209546977,0.08000187467778976,0.07000070846617075,0.3700007263746641,0.15999769571979952,0.07000105797714769,0.1499997293096449,1.7999986017700382
IND,0.3611231128877964,0.08000004123129001,0.23000328503120782,0.19999775384373492,0.3800004285374834,0.3399965933424178,0.1735504295946687,0.20454860910300157,0.13444326093193726,0.26999986161659495,0.07000089929750225,0.11000125172111652,0.2617774305792236,0.17510332288194078,0,0,0,0,0.019999513334631108,1.029997978142658,0.07499949305485147,2.588955384445969,0.26505990075569463,1,0.20000584001284802,2.2699971159969725,1.6200313902982078,0,0.12499873070674249,1.3399518213008248,0,0.85386554184749075,0,0,0,0,0,0,0,0,0,0,0,0,0,0.29999966602878164,0.060001147798140565,0.7621659054037598,0.2399953719103886,0.11000111785967134,0.1,0.17000267594327,0.19999877417931305,0.21856707134894976,0.03000054074514681,0.18000370187561698,0.15,0.020000515304544986,0.30244090589843625,0.07000052336839901,0.040000747440017935,0.04,0.06999968898703075,0.06999916128491152,0.38814965749068414,0.03000010503414577,0.04079406234699368,0,0,0,0.7799893706389617,0.06674340294174978,0.1669979552047173,0.09000123938774245,0.0799997750382435,0.080000396738807,0.36999513338937307,0.1599991444877756,0.07000105797714769,0.1499997293096449,1.7999986017700382
IRL,0.2622725067940651,0.07000046915317851,0.22999805333852444,0.4453957824598148,0.3800106185293337,0.5600013773630385,0.3043800196845346,0.23959816056045707,0.515978339511744,0.251493979140505,0.18000027004037106,0.2037003350841676,0.2617774305792236,0.17510332288194078,0,0,0,0,0.02,3.9900065448321,2.739977677898102,4.739411106869974,0.4944096777065336,3.7500168980573996,2.4000326868598822,2.2700174387952363,1.620031390298208,0,0.26000239680882026,1.1499680627794506,0,1.1299849217490772,0,0,0,0,0,0,0,0,0,0,0,0,0,0.15000078703387917,0.18999893770888318,0.30280273597465995,0.2399997978809259,0.08,0.09999999999999999,0.17000107781448953,0.20000073163861443,0.22000183111056856,0.029999933948493034,0.1799961104628549,0.15000100274752823,0.04000022842262755,0.07986143787182899,0.07000132178784463,0.18000066201052595,0.04000070728860911,0.07000029520136758,0.07306286466728722,0.08388342934598442,0.029999539901999127,0.04,0,0,0,0.4699984707283503,0.02807596050674119,0.1499927452118398,0.08000036280520989,0.08,0.080000396738807,0.3699985686339997,0.16000265454424792,0.07000033061130029,0.1499990875079843,1.7999986017700382
IRN,0.42547512735972065,0.06999955030803899,0.23000456256416105,0.1900048180105996,0.3800004285374834,0.557838066015384,0.3043800196845346,0.23959816056045707,0.13444326093193726,0.251493979140505,0.17999964878896046,0.2037003350841676,0.2617774305792236,0.17510332288194078,0,0,0,0,0.020000598372427,3.9900095013217185,1.6375710537880652,4.48634563771691,0.6903469055517202,3.724189589825123,2.3999428698384486,2.2699971159969725,1.620031390298208,0,0.2599997872951386,1.1288837651272834,0,1.129995320542817,0,0,0,0,0,0,0,0,0,0,0,0,0,0.1500000332806833,0.18999998369952353,0.25548998439403336,0.24000061657551156,0.08000016420226436,0.09999999999999999,0.16999732953533916,0.2000010276752957,0.21856707134894976,0.02999920823708824,0.17999898549254337,0.15000123045120645,0.04000094560225999,0.08141872011753395,0.06999988843394732,0.17999347702008534,0.03979377377600821,0.07000090941959067,0.07999872940578544,0.061798000191091,0.03000057653502451,0.04000073000693506,0,0,0,0.4700092627521729,0.03095217202871103,0.15,0.08000021830247991,0.07999920686851862,0.07999894202285229,0.3699980907671747,0.1599991444877756,0.07000179712363817,0.15000182501733766,1.7999986017700382
IRQ,0.42547484810334446,0.06999953174358278,0.22999950340169836,0.18999905806998543,0.3800004285374834,0.557838066015384,0.3043800196845346,0.23959816056045707,0.13444326093193726,0.251493979140505,0.18000080683314326,0.2037003350841676,0.2617774305792236,0.17510332288194078,0,0,0,0,0.019999999999999997,3.9900364999506754,2.739988528522265,4.760470496598588,0.6836687976812703,3.724189589825123,2.0361806651518486,2.270051050356641,1.620031390298208,0,0.25999368265889866,1.150000730001606,0,0.85386554184749075,0,0,0,0,0,0,0,0,0,0,0,0,0,0.15,0.19000215978480692,0.3241037085862426,0.23999712870576415,0.0799977913365175,0.1,0.17000101544060256,0.19999999999999998,0.21856707134894976,0.03000053222630262,0.1699781060010008,0.15000261207241827,0.04,0.10078331124469875,0.06999999999999999,0.17999790553984713,0.03979377377600821,0.0699984039581837,0.06999999999999999,0.07637202847363539,0.03000030330603579,0.04079406234699368,0,0,0,0.4699983061440245,0.03868268182330898,0.15000263615753676,0.07999702940885237,0.08000095176910081,0.0800007213445863,0.37000159936172317,0.1599991444877756,0.07000179712363817,0.1499997293096449,1.7999986017700382
ISL,0.2622724572429103,0.06999979665704177,0.21968908271367854,0.3020739829842732,0.38000491581664,0.5600006403483495,0.3043800196845346,0.23959816056045707,0.13444326093193726,0.251493979140505,0.17999985139944571,0.11000313577924115,0.2617774305792236,0.17510332288194078,0,0,0,0,0.019999785294843857,3.9899732692080603,2.739908022483393,3.4554684472282,0.3909482942812379,3.749875568238378,2.3999895713838773,2.26996214852199,1.6200313902982078,0,0.2600052383446831,1.1288837651272834,0,0.85386554184749075,0,0,0,0,0,0,0,0,0,0,0,0,0,0.15,0.18999951719587363,0.3215627958008366,0.23999962811799813,0.07999795060969361,0.09999999999999999,0.17000445509896683,0.2000012737312045,0.21856707134894976,0.030000185920834907,0.18000000000000002,0.15,0.03999983314283807,0.09440830623711498,0.0700015894776579,0.17999952471380207,0.04000103095440604,0.06999917937656065,0.05113213135057033,0.15227660476659163,0.030000157970396346,0.04000009580058151,0,0,0,0.4700008768692098,0.028009632181623063,0.15000433087916845,0.08,0.08000076043338367,0.07889487089876368,0.3699980608395939,0.1599991444877756,0.07000105797714769,0.1499997293096449,1.7999986017700382
ISR,0.26227274241818427,0.07000169859095955,0.2299935590066557,0.4453940987255598,0.3799981750159686,0.5599906561158642,0.3043800196845346,0.23959816056045707,0.13444326093193726,0.251493979140505,0.1799994892754566,0.109998440180939,0.2617774305792236,0.17510332288194078,0,0,0,0,0.01999932409597837,3.989941431117902,2.7399626101664736,5.0135177779699385,0.5139264468986552,3.7499771876996073,2.399996096266078,2.269998986109703,1.620031390298208,0,0.2600065295461965,1.150001912996901,0,1.1300063310303063,0,0,0,0,0,0,0,0,0,0,0,0,0,0.14999987198973186,0.1900010503098414,0.2622909416873906,0.2400021184757567,0.07999869719571377,0.09999999999999999,0.17000101544060256,0.20000083378844286,0.21856707134894976,0.030000487020893193,0.17999710836405697,0.1499937328523878,0.04000129991586655,0.1854283658746041,0.0699999767519174,0.18000044344914745,0.039999071085204715,0.06999984304227036,0.06757167767340407,0.05267952342188845,0.03000040345356249,0.04079406234699368,0,0,0,0.46999761963295517,0.02844137278282842,0.14999897484263833,0.07999982195951359,0.0799991602166641,0.08000396746677246,0.37000486670632127,0.15999754209168,0.06999982936027166,0.1499997293096449,1.7999986017700382
ITA,0.2622725936364235,0.06999971869022167,0.22999532054281702,0.44539781591263644,0.38000312858483676,0.5600025391182912,0.3043800196845346,0.23959816056045707,0.5666830759367595,0.251493979140505,0.17999972168773617,0.10999945684645049,0.2617774305792236,0.17510332288194078,0,0,0,0,0.01999951333463111,3.989977018597555,2.7399746934008173,4.417832593218013,0.7783033721620268,3.7500456254334416,2.3999954374878807,2.2699971159969725,1.620031390298208,0,0.2599969290837702,1.1288837651272834,0,0.85386554184749075,0,0,0,0,0,0,0,0,0,0,0,0,0,0.150000437632931,0.1899992826675937,0.3129259547272761,0.24000003835536052,0.08000080734142469,0.09999999999999999,0.17000061969387123,0.19999883609953678,0.21999839563613027,0.029999414819319108,0.17999867056633873,0.1499981768459435,0.04,0.07887007996343548,0.07000107638764308,0.17999841571609632,0.03999977124197024,0.06999965109603423,0.06895661512240728,0.04521362404567615,0.029999836833259907,0.03999980636666409,0,0,0,0.4699993335134017,0.030788724802491233,0.15000154899470244,0.08000057689256818,0.08,0.07999826562025757,0.37000797497086063,0.1600016508460586,0.07000013257851963,0.14999519738737874,1.7999986017700382
JAM,0.26227263898378067,0.06999952050146828,0.22999805333852444,0.44539559607146595,0.3800004285374834,0.5599969583291088,0.3043800196845346,0.23959816056045707,0.13444326093193726,0.27000467945718293,0.18000041631106764,0.10999850303640858,0.22999970799186004,0.14000021128918094,0,0,0,0,0.02000054073783678,3.9900046046203435,2.739956671219329,4.676939181583783,0.5759603338541822,3.7500456254334416,2.4000156429241843,2.2699560662385942,1.620031390298208,0,0.25999856750100553,1.150016425156039,0,0.85386554184749075,0,0,0,0,0,0,0,0,0,0,0,0,0,0.15000071507229382,0.19000063264254793,0.4228351613047611,0.24000005970559174,0.08000045300369764,0.10000046501029998,0.17000269826084827,0.1999992910968858,0.22000076988961706,0.030000519939686998,0.17999904575599981,0.16221412355665607,0.039999598167644465,0.21170379666340766,0.07000023366123793,0.18000186607781546,0.04000029043594435,0.07000028067024053,0.06757167767340407,0.04004554678524,0.030000000000000002,0.04000060834651418,0,0,0,0.4700044215920332,0.0113574868988649,0.15000121262095895,0.08000000000000002,0.07999686761397613,0.08000174390722413,0.3699956456033401,0.1600044242893485,0.07000142969476017,0.1499997293096449,1.7999986017700382
JOR,0.42547491952051986,0.06999911152532969,0.22999805333852444,0.190004594415233,0.3800004285374834,0.5599936733502043,0.3043800196845346,0.23959816056045707,0.0010691518222730127,0.251493979140505,0.18000010234838365,0.10999943673078548,0.2617774305792236,0.17510332288194078,0,0,0,0,0.019999695835994768,3.9899044808573425,2.7399371388015816,5.152873043258711,0.5550607055622618,3.7500456254334416,2.3999756668795813,2.2700210890607253,1.620031390298208,0,0.25999850657108725,1.1500000000000001,0,1.129995320542817,0,0,0,0,0,0,0,0,0,0,0,0,0,0.1500000968705016,0.1899996602632582,0.29568198563108405,0.24000210951635279,0.07999999999999999,0.1,0.16999999999999998,0.2,0.21856707134894976,0.030000167931752537,0.17999488796114851,0.14999836952977236,0.03999983314283807,0.12714865167756534,0.07,0.18000305122239596,0.0400005736082829,0.07000070105003615,0.08,0.08604511787354026,0.03,0.04,0,0,0,0.4699991331257905,0.03957586112442154,0.1500026526606186,0.08,0.08000038306104078,0.08000058995309874,0.3699980907671747,0.1600044242893485,0.07000105797714769,0.1499997293096449,1.7999986017700382
JPN,0.2622726699409845,0.07000032852535079,0.22999999999999998,0.4453926986104114,0.3800051100485454,0.5599824804730272,0.46921374279589056,0.23959816056045707,0.2022690328331823,0.2700028968713789,0.1799990191934501,0.10999671931386792,0.23000420601843002,0.19812365318000916,0,0,0,0,0.019999785294843857,4.440036718903678,2.739987390914822,4.475154841716651,0.5838734305991005,3.749995080870489,2.3999821953173686,2.2699971159969725,1.620031390298208,0,0.26000240659406776,1.1499831023994593,0,0.85386554184749075,0,0,0,0,0,0,0,0,0,0,0,0,0,0.14999946914117662,0.19000038441862596,0.4471864044455445,0.23999870383572044,0.10999888474454454,0.1,0.16999999999999998,0.2000032870948656,0.21856707134894976,0.03000062795662913,0.17999681921195976,0.18999679127226055,0.03999902666926221,0.10173140794041537,0.0700000718457902,0.18000247150050974,0.03999888130663385,0.069999305322738,0.022514171520420158,0.044199806228769546,0.029999999999999995,0.04079406234699368,0,0,0,0.47000055851414774,0.02801253478945508,0.15,0.07999912013139371,0.07999838848302535,0.0799993029496846,0.3699894910674073,0.16000050389891787,0.07000197860775847,0.14999649048922578,1.8000221214467427
KAZ,0.26227251007527724,0.07000021674577887,0.2299994048917895,0.4454030300024581,0.37999817501596855,0.5599999999999999,0.46919639594491597,0.23959816056045707,0.03373954210531243,0.251493979140505,0.18000011693313178,0.2037003350841676,0.2617774305792236,0.17510332288194078,0,0,0,0,0.019999999999999997,3.374144621944101,2.7399625135641705,3.4554684472282,0.5327879929928306,3.75,2.3999742353812628,2.2699391686380537,1.620031390298208,0,0.26000070192678904,1.1288837651272834,0,0.85386554184749075,0,0,0,0,0,0,0,0,0,0,0,0,0,0.149999781631735,0.19000016395128558,0.26371886297131647,0.2400031996871417,0.07999923879120044,0.1,0.16999825571254143,0.19999999999999998,0.21856707134894976,0.02999974933144056,0.17999488796114851,0.15000133700564217,0.039999669018474286,0.07156885028901859,0.06999968002140948,0.17999720058787652,0.040000676029677704,0.07000139723347772,0.005072624358988753,0.18651924818389354,0.029999196378345076,0.040001417484673445,0,0,0,0.472202866348572,0.028155567865172256,0.15,0.07999978655055016,0.08000000000000002,0.07999655013799448,0.3699972625239529,0.1600044242893485,0.07000105797714769,0.1499997293096449,1.7999986017700382
KEN,0.26589450295704004,0.20000071011631707,0.1900025550242727,0.21099267569413102,0.3800004285374834,0.5599878336248194,0.40572571760391685,0.2549896758271105,0.0011439114828808456,0.24000055494665576,0.17499974583939082,0.5200018706449048,0.2631823601932133,0.14992368175345663,0,0,0,0,0.020000317389786394,3.9500044657477154,2.7400032589212975,3.7882520500120456,0.4090107400309805,3.8099346318478946,1.0999915117562178,2.2699971159969725,1.620031390298208,0,0.2699934196095635,0.9700046928772552,0,0.85386554184749075,0,0,0,0,0,0,0,0,0,0,0,0,0,0.21249961162032,0.15999469457641016,0.4949557368411283,0.21000265674814028,0.10999897530484681,0.11999917358786825,0.17000180864532466,0.19000070583252945,0.22001191185229302,0.03,0.11999722966109522,0.25,0.020000219000481802,0.2595282959991294,0.0700023032901614,0.017295311722953115,0.025000551547642684,0.14000188643652142,0.07695141925737457,0.8820960963434047,0.02999989432191658,0.10799959444388119,0,0,0,0.4700032931944633,0.093856053634097,0.08999941459987902,0.08999975986936894,0.08999969068019427,0.080000396738807,0.36999401398683074,0.1599991444877756,0.07000179712363817,0.1499997293096449,1.7999986017700382
KGZ,0.2622724223904567,0.07000014688170147,0.2300032850312078,0.4453950475238431,0.3799883200311466,0.5599999999999999,0.3043800196845346,0.23959816056045707,0.6309186039573607,0.251493979140505,0.18000001931600107,0.2037003350841676,0.2617774305792236,0.17510332288194078,0,0,0,0,0.020000280772686434,3.9900354053363505,2.7399419328079633,3.4554684472282,0.6367937403329997,3.724189589825123,2.400048667721134,2.2699971159969725,1.620031390298208,0,0.2043350587018263,1.1288837651272834,0,1.129995320542817,0,0,0,0,0,0,0,0,0,0,0,0,0,0.14999987874878445,0.19000024623870382,0.25291723758730666,0.23999207292905272,0.0799994671497842,0.1,0.1699994112914304,0.20000270292185854,0.21856707134894976,0.03000028118504355,0.1799955013904793,0.1499959890903257,0.03999948470873162,0.09926293336148176,0.06999868103628001,0.1800016349386387,0.04,0.06999955466488533,0.001457029395610182,0.13989933489124573,0.03000070473818976,0.03999954375399215,0,0,0,0.4734124190213035,0.028952679371185917,0.1499952843534849,0.07999951973873787,0.08,0.08000153578376164,0.3699905102562231,0.1599991444877756,0.07000105797714769,0.1499997293096449,1.7999986017700382
KHM,0.262275108575,0.0700001368803,0.226562881778,0.397620148276,0.379996542213,0.559273515496,0.304380019685,0.23959816056,0.0536704472106,0.27000089181,0.179999816955,0.141234215382,0.251185155825,0.187799023088,0,0,0,0,0.019999943979,4.08471693033,2.3724729506,2.6231784744,0.370343530969,3.75000720442,2.4000155372,2.26999773937,1.6200313903,0,0.222890175962,1.14296834513,0,0.853865541847,0,0,0,0,0,0,0,0,0,0,0,0,0,0.156705710171,0.180123833096,0.345477813502,0.240000929138,0.083054575775,0.100427086233,0.169999207395,0.200001626643,0.218567071349,0.030000162184,0.179997541213,0.162214123557,0.0400002271112,0.153615957503,0.0699998582164,0.0933328361109,0.0400003745106,0.0633333310118,0.0458324721036,0.0584223976664,0.030000376873,0.040529374898,0,0,0,0.488145727552,0.0285682454008,0.14999849753,0.0843158168314,0.0800003318194,0.073332801556,0.37000002338,0.15999994895,0.0700011164965,0.150000427879,1.79999860177
KIR,0.262275108575,0.0700001368803,0.226562881778,0.397620148276,0.379996542213,0.559273515496,0.304380019685,0.23959816056,0.0536704472106,0.27000089181,0.179999816955,0.141234215382,0.251185155825,0.187799023088,0,0,0,0,0.019999943979,4.08471693033,2.3724729506,2.6231784744,0.370343530969,3.75000720442,2.4000155372,2.26999773937,1.6200313903,0,0.222890175962,1.14296834513,0,0.853865541847,0,0,0,0,0,0,0,0,0,0,0,0,0,0.156705710171,0.180123833096,0.345477813502,0.240000929138,0.083054575775,0.100427086233,0.169999207395,0.200001626643,0.218567071349,0.030000162184,0.179997541213,0.162214123557,0.0400002271112,0.153615957503,0.0699998582164,0.0933328361109,0.0400003745106,0.0633333310118,0.0458324721036,0.0584223976664,0.030000376873,0.040529374898,0,0,0,0.488145727552,0.0285682454008,0.14999849753,0.0843158168314,0.0800003318194,0.073332801556,0.37000002338,0.15999994895,0.0700011164965,0.150000427879,1.79999860177
KOR,0.2622722796542396,0.0700001578424894,0.22999901351484658,0.44539249961628324,0.3800051100485454,0.557838066015384,0.4691871359470099,0.23959816056045707,0.08052223257691325,0.2699989861097029,0.1799985568365858,0.1099991344881734,0.2617774305792236,0.24797467694557943,0,0,0,0,0.019999999999999997,4.43996572190307,2.740053534493247,6.171515494877432,0.7061684954544822,3.7499895248958306,2.4000096052252426,2.2699313934232315,1.620031390298208,0,0.2600058961436413,1.1500247463499134,0,1.1300033425252776,0,0,0,0,0,0,0,0,0,0,0,0,0,0.14999859919126643,0.1899999284482574,0.394867221886608,0.23999907809673068,0.10999847758240086,0.1,0.1699994112914304,0.2,0.21856707134894976,0.029999220090469503,0.18,0.16221412355665607,0.04,0.09820084673650757,0.07000066092397171,0.18000213880868357,0.04000066785272364,0.07000144195092442,0.07998203843981253,0.036735016499229674,0.03,0.04,0,0,0,0.4821344180905869,0.027952368076881024,0.14999621068586588,0.07999849254989895,0.08000092220083228,0.07999999999999999,0.37000383092836164,0.15999896468720612,0.069999411049777,0.14999771876996074,1.7999995835710447
KWT,0.4254750580319035,0.06999982914647272,0.23000273747604708,0.1899970405445398,0.3800004285374834,0.557838066015384,0.3043800196845346,0.23959816056045707,0.13444326093193726,0.251493979140505,0.17999909800577277,0.10999983647037662,0.2617774305792236,0.17510332288194078,0,0,0,0,0.02000033181803099,3.9899044808573425,2.739985400127749,4.835900564978629,0.41205646424416353,3.724189589825123,2.4000364996806276,2.2700022040996255,1.620031390298208,0,0.2599969078540507,1.1499810390595375,0,1.1300085401092665,0,0,0,0,0,0,0,0,0,0,0,0,0,0.14999981016527011,0.19000001715498327,0.30895653136220935,0.24000059227545884,0.07999967803731547,0.1,0.16999542114558577,0.1999970753178764,0.21856707134894976,0.02999994684724429,0.17999961314532198,0.15000103269512774,0.03999875451488354,0.1699841038691957,0.06999977853077315,0.17999880240317764,0.03979377377600821,0.06999960939238714,0.06999849782184167,0.09706256072950145,0.029999764965802526,0.039999999999999994,0,0,0,0.4700018106858321,0.026757230760531957,0.15000233841548966,0.07999728162377674,0.07999927925330642,0.08000122074037903,0.36999630382554055,0.1599991491896031,0.07,0.1499997293096449,1.7999986017700382
LAO,0.2622805129139274,0.07000006523079443,0.21968908271367854,0.44539279709544577,0.3800004285374834,0.557838066015384,0.3043800196845346,0.23959816056045707,0.13444326093193726,0.2700001018983666,0.18000179770663996,0.10999816426530602,0.2617774305792236,0.17510332288194078,0,0,0,0,0.02000019691389185,4.440006169031462,1.6375710537880652,0.4500039261876718,0.5759603338541822,3.7500672378683677,2.4000069524107484,2.2699971159969725,1.620031390298208,0,0.2043350587018263,1.1500048451177363,0,0.85386554184749075,0,0,0,0,0,0,0,0,0,0,0,0,0,0.17011615230664137,0.16037300088311024,0.37363349720346056,0.24000051142829137,0.07999795060969361,0.09999999999999999,0.17000101544060256,0.19999929438578046,0.21856707134894976,0.030000000000000002,0.18,0.16221412355665607,0.040000438000963603,0.20643189236738171,0.07000009105229134,0.04999910884559859,0.04000013216848839,0.05999969875888661,0.06757167767340407,0.0436445066480056,0.03000010503414577,0.04079406234699368,0,0,0,0.4772817969209639,0.027991634765348078,0.1499997367132333,0.0829465752972641,0.08000123729198029,0.06999924431345877,0.37000159936172317,0.1599991444877756,0.07000105797714769,0.1499997293096449,1.7999986017700382
LBN,0.425474958327332,0.0699996861563569,0.22999965237946257,0.18999376836107898,0.3800004285374834,0.5599805337010302,0.3043800196845346,0.23959816056045707,0.13444326093193726,0.2699936993503813,0.1800000449023486,0.11000029820480704,0.2617774305792236,0.19359580414754496,0,0,0,0,0.02,3.9900378725506336,2.740026732469669,5.054337722220041,0.4988009234753089,3.75,2.4,2.2699971159969725,1.620031390298208,0,0.25999847409781035,1.150005172082576,0,1.129995320542817,0,0,0,0,0,0,0,0,0,0,0,0,0,0.15000013707906448,0.18999900652382687,0.2842080866905796,0.24000273956184132,0.08000170511160488,0.1,0.17000101544060256,0.20000078232263768,0.21856707134894976,0.029998885983013895,0.180001011582621,0.15,0.04,0.11075525993500494,0.07000060057354773,0.1800011731810805,0.039999999999999994,0.0700008618865914,0.06757167767340407,0.054361147520246005,0.030001076368333244,0.04,0,0,0,0.4699993827542147,0.028090543560805457,0.15000160158877607,0.08000075831300632,0.08000050092671443,0.08000062478523008,0.37000071802972645,0.16000442428934852,0.06999924431345877,0.1499997293096449,1.7999986017700382
LBR,0.265894084417,0.200000294184,0.21055377066,0.226542628629,0.380001504423,0.558168395458,0.397934263122,0.25498969681,0.134443260932,0.24088436612,0.174999604667,0.447009541639,0.262640441662,0.180816930932,0,0,0,0,0.0200000070631,3.72851004579,2.4855886799,2.58237287651,0.476652992631,3.77698126118,1.17202112443,2.269997116,1.6200313903,0,0.254845008328,1.03110594766,0,0.727462622788,0,0,0,0,0,0,0,0,0,0,0,0,0,0.212500833369,0.16008703618,0.364168563576,0.212241521653,0.103590211116,0.114240683436,0.170000624404,0.190676364839,0.219229087633,0.0299999124698,0.127688741046,0.202730594106,0.0287773328932,0.217020049132,0.0699999789937,0.0172952134915,0.0261378670329,0.140000078465,0.0745939563543,0.73607768753,0.030000047419,0.051133322388,0,0,0,0.474938897029,0.0842124685473,0.0899990343551,0.0867447597332,0.0900001468955,0.0799148483799,0.370001010614,0.160000207719,0.0700016834088,0.149999399174,1.79999860177
LCA,0.2622724136058668,0.07000137365332915,0.21968908271367854,0.445396270994915,0.3800004285374834,0.5600015531869454,0.3043800196845346,0.23959816056045707,0.13444326093193726,0.2699991710188179,0.1800002096194359,0.11000103458978513,0.23000666057404856,0.15811280581354448,0,0,0,0,0.02000036500346753,3.990024059620914,2.739999345292654,4.437174585333672,0.5759603338541822,3.7499771876996073,2.400081111223766,2.2700012289541602,1.620031390298208,0,0.2599992819187132,1.1288837651272834,0,1.129995320542817,0,0,0,0,0,0,0,0,0,0,0,0,0,0.1499991600167997,0.18999697236958152,0.3035141664786575,0.239999178998789,0.07999848128179816,0.09999733908091855,0.17000063303158827,0.19999905598482023,0.22000209305107044,0.030000259838120852,0.18,0.15000139093665676,0.039998952495679044,0.2243023874627166,0.06999953080279642,0.17999746080111728,0.03999983004108757,0.06999995034173165,0.06757167767340407,0.10516061820250867,0.03000010503414577,0.04000060834651418,0,0,0,0.4699979427841239,0.02941580780017253,0.15000353681827827,0.08000123145126531,0.08,0.07999999999999999,0.37000071802972645,0.1600016591085057,0.0699992653001249,0.1499997293096449,1.7999986017700382
LKA,0.2613893061343153,0.08000014774609968,0.21968908271367854,0.1999942968761139,0.3800004285374834,0.3400043800416104,0.17354052595048972,0.23959816056045707,0.07530786108201064,0.27000045835816106,0.07000277405893067,0.1100009625565502,0.2617774305792236,0.17510332288194078,0,0,0,0,0.02000019691389185,1.0300174329919374,0.075,0.6051242961112056,0.2502964767216679,3.724189589825123,0.20000365003467535,2.2699971159969725,1.620031390298208,0,0.1250001323783734,1.3399541634835754,0,0.12,0,0,0,0,0,0,0,0,0,0,0,0,0,0.3000022942094155,0.06000054512911989,0.3416280612161503,0.23999515210277544,0.1100013900472616,0.101281258699464,0.17000101544060256,0.19879298733208495,0.16000044779795355,0.03,0.17999863027771118,0.15000100274752823,0.02,0.3061971925328846,0.06999999999999999,0.039998970239934095,0.04000114724946939,0.06999988329073445,0.06757167767340407,0.043563919883029274,0.030000517839573297,0.04079406234699368,0,0,0,0.7796282106500504,0.07408004315230503,0.16699749268700376,0.09000163728647055,0.07999922830326395,0.08,0.3700030126764154,0.1600016591085057,0.07000105797714769,0.15000101389029707,1.7999986017700382
LSO,0.265894310605,0.200000256867,0.20272492838,0.235496276492,0.380000983378,0.559378438567,0.384012934816,0.251690936672,0.0831733777141,0.241642271372,0.175000530461,0.520000401631,0.262679996045,0.203024482191,0,0,0,0,0.0200001358468,3.86773612573,2.42501812799,2.47137651228,0.528299574712,3.79159510661,1.10000118965,2.26999484988,1.6200313903,0,0.255928004409,1.03809225478,0,0.638683449927,0,0,0,0,0,0,0,0,0,0,0,0,0,0.212500024431,0.160026314209,0.477946380072,0.209999187288,0.101070011523,0.117325762545,0.170000618398,0.19062803917,0.219284281363,0.0299999251781,0.119999039902,0.224919687326,0.0199999970465,0.201038326666,0.0700002112422,0.0172953785246,0.0260566590962,0.140000189825,0.0687826661048,0.70242919568,0.0300001236772,0.0983995078109,0,0,0,0.475416471414,0.0901546748333,0.0900004535791,0.0894964694277,0.0900004987891,0.0800004872797,0.369996568357,0.160000179283,0.0700010722664,0.14999972931,1.79999860177
LTU,0.26227229922633505,0.07000011265447745,0.23000128650456708,0.44538546495348913,0.3799997908310804,0.5600033508053901,0.3043800196845346,0.23959816056045707,0.6286378813883761,0.251493979140505,0.17999979952927564,0.2037003350841676,0.2617774305792236,0.17510332288194078,0,0,0,0,0.02,3.374144621944101,2.7399919658687946,3.4554684472282,0.5901720365496123,3.7499771876996073,2.3999739289128357,2.2699971159969725,1.620031390298208,0,0.26000247739378174,1.1288837651272834,0,0.85386554184749075,0,0,0,0,0,0,0,0,0,0,0,0,0,0.14999901691560547,0.18999878231927592,0.38926630876139107,0.24000048161437137,0.08000134898151895,0.1,0.17000274736057144,0.1999966253838626,0.22000258181114052,0.030000271274719905,0.18000609106136745,0.1499981768459435,0.03999969583136891,0.10463509180755631,0.06999999999999999,0.1799986759935565,0.0399996964353926,0.07000096101009555,0.07467309611397724,0.04112673598440466,0.030000675310642898,0.039999706827618296,0,0,0,0.4958792107900955,0.027955601083427314,0.1500009824533826,0.08000030589926738,0.08000031513246396,0.07999682615250336,0.36999010973484675,0.15999754209168,0.07000030518509476,0.15000076042157773,1.7999986017700382
LUX,0.26227228242067463,0.06999999999999999,0.2300058932000076,0.44539289011133926,0.37999697769304985,0.5600020956855074,0.3043800196845346,0.23959816056045707,0.710195218539609,0.251493979140505,0.17999993651831528,0.10999585234342597,0.2617774305792236,0.17510332288194078,0,0,0,0,0.02000064036885246,3.9899732692080603,1.6375710537880652,3.4554684472282,0.5759603338541822,3.75,2.3999562011825684,2.2699971159969725,1.6200313902982078,0,0.259998440180939,1.1288837651272834,0,0.85386554184749075,0,0,0,0,0,0,0,0,0,0,0,0,0,0.1500001702458009,0.19000314780788125,0.33596129588412,0.23999996002132862,0.08000054650781505,0.1,0.16999999999999998,0.20000148132786227,0.2200032711808963,0.03000017191179987,0.17999824831400224,0.15,0.039999590650456426,0.0853227955186314,0.06999950215264866,0.18,0.04000037755286414,0.06999983329403836,0.07237844514366598,1.1343362736663665,0.03,0.03999971372543406,0,0,0,0.5093125367340186,0.02832737240226587,0.14999711283058093,0.07999940708240072,0.08000023083759422,0.08000104405930257,0.37000294141241274,0.15999839705057306,0.06999976063957106,0.150000675922296,1.7999986017700382
LVA,0.2622725334181247,0.06999941909999226,0.23000052452896397,0.4453913820610976,0.3799993702725024,0.5600028076962072,0.3043800196845346,0.23959816056045707,0.43605415035166173,0.251493979140505,0.1799999579689769,0.2037003350841676,0.2617774305792236,0.17510332288194078,0,0,0,0,0.01999932409597837,3.374144621944101,1.6375710537880652,3.4554684472282,0.5725906323652421,3.75,2.400057937427578,2.2699971159969725,1.620031390298208,0,0.2600024414807581,1.150015642924184,0,1.129995320542817,0,0,0,0,0,0,0,0,0,0,0,0,0,0.1500006275021649,0.19000189119334301,0.3519868990997231,0.2400008936750151,0.08000000000000002,0.09999999999999999,0.17000481097916087,0.20000297037790632,0.22000133698776655,0.030000207445208538,0.1799954196725066,0.1500025068939584,0.04,0.13375699617810732,0.06999999999999999,0.17999382128053962,0.03999989179714128,0.06999922545808622,0.06757167767340407,1.6022830934849492,0.029999221759601537,0.040001133979701765,0,0,0,0.4705295343679259,0.02809622995148819,0.15,0.08000054420287883,0.0800011265119903,0.0799988798028453,0.3699987574552684,0.16000265454424792,0.06999770009199632,0.1499990875079843,1.7999986017700382
MAR,0.28219478572260764,0.0700024333860567,0.2299997742850479,0.4453940170898979,0.3800097335442268,0.5600011230907458,0.4692100770147272,0.2445073213163872,0.13444326093193726,0.251493979140505,0.18000053386007528,0.11000092174393954,0.2617774305792236,0.17510332288194078,0,0,0,0,0.020000214707461085,3.9901118226764436,2.739962564342536,4.124044646700695,0.4862968470734928,3.724189589825123,2.4000073000693507,2.2699971159969725,1.620031390298208,0,0.260005381438716,1.1499949305485146,0,0.85386554184749075,0,0,0,0,0,0,0,0,0,0,0,0,0,0.1500007713443847,0.19000044636594354,0.29860609764751983,0.2400003137648646,0.07999819151822044,0.1,0.17000475454653513,0.19999872709567784,0.21856707134894976,0.030000578907758937,0.1799943646097492,0.14999682640431608,0.039999744396968545,0.12591056971659878,0.06999950934694078,0.1799980432094922,0.04,0.0699996010282073,0.07304099196035226,0.08002358871325486,0.030000227826760525,0.039999999999999994,0,0,0,0.4699965359624721,0.0282449279786854,0.15,0.08,0.08000016131504022,0.07999927203901872,0.37000142124371743,0.1599991491896031,0.07000105797714769,0.1499997293096449,1.7999986017700382
MDA,0.26227246665205145,0.06999999999999999,0.2300076844262295,0.44539399335084284,0.3799993813603885,0.5599782973266252,0.3043800196845346,0.23959816056045707,0.13444326093193726,0.251493979140505,0.17999961253951288,0.2037003350841676,0.2617774305792236,0.17510332288194078,0,0,0,0,0.02,3.374144621944101,2.740025049203793,3.4554684472282,0.49946856771430054,3.724189589825123,2.399984130762517,2.2699971159969725,1.620031390298208,0,0.2599915771741419,1.1499954375399215,0,0.85386554184749075,0,0,0,0,0,0,0,0,0,0,0,0,0,0.1499998360854585,0.19000032665532585,0.2354199445247213,0.23999568214412387,0.07999887823209378,0.09999999999999999,0.17000274736057144,0.19999999999999998,0.21856707134894976,0.03,0.18000153362472202,0.15000100274752823,0.040001445944276924,0.06777876549340196,0.07,0.18000115851362702,0.03999952837696828,0.06999841707497542,0.07169175470320206,0.17110854324572644,0.03,0.03999902666926222,0,0,0,0.47034153134097784,0.03177927298138567,0.14999910836884994,0.08000247877548491,0.08,0.07999911343587925,0.36999545778989035,0.1600016591085057,0.07000105797714769,0.1499997293096449,1.7999986017700382
MDG,0.2658967513891911,0.19999985880078805,0.21968908271367854,0.2109916770858195,0.3800051100485454,0.557838066015384,0.3043800196845346,0.2549924948667357,0.13444326093193726,0.2399999450838741,0.17499613434572786,0.5200005431547787,0.2617774305792236,0.2199973248778492,0,0,0,0,0.019999999999999997,3.9500140877538996,2.7399746934008173,2.0596173032258847,0.4615436377815188,3.809906194108844,1.1000104286161227,2.2699971159969725,1.620031390298208,0,0.26999999999999996,1.1288837651272834,0,0.85386554184749075,0,0,0,0,0,0,0,0,0,0,0,0,0,0.21250059630134158,0.16000107857412502,0.36327699518570755,0.20999743392353093,0.11000022553508197,0.12000135633067342,0.16999968437332322,0.19000075756619236,0.21856707134894976,0.030000858295425283,0.12000103703959762,0.16221412355665607,0.02,0.24864584222536032,0.07000050423557885,0.017295004712535342,0.02499946089319216,0.14000034248334675,0.07721155885865187,0.9208564543048278,0.03000010503414577,0.04079406234699368,0,0,0,0.5219103974246904,0.09999353147432834,0.08999677661974859,0.09000295551943255,0.08999871117412038,0.07999771663431898,0.3699980907671747,0.1600016591085057,0.07000179712363817,0.14999543753992153,1.7999986017700382
MDV,0.42547437093791207,0.0700003147785676,0.2300032850312078,0.18999797221940587,0.3800004285374834,0.5600133836233119,0.8125050404891754,0.23959816056045707,0.13444326093193726,0.270004679457183,0.1800002307843205,0.11,0.23000060631783184,0.14209538674619163,0,0,0,0,0.02000054073783678,3.989962587827356,2.7400310247285335,1.8750522108632015,0.3311607668169237,3.75,2.3999895713838773,2.269998986109703,1.620031390298208,0,0.2600026025520319,1.1499954375399215,0,0.85386554184749075,0,0,0,0,0,0,0,0,0,0,0,0,0,0.14999915489352866,0.19000058855737453,0.3774155381602796,0.2399999115623397,0.07999936566335755,0.10000000000000002,0.1700010063399416,0.19999927070114792,0.21856707134894976,0.030000034485969385,0.18000483431946446,0.14999795358736137,0.039998718058285615,0.11442622280835224,0.06999999999999999,0.18,0.04,0.06999777332442664,0.07026830417066678,0.15227660476659163,0.03000010503414577,0.04079406234699368,0,0,0,0.4703346046742159,0.0365002519222765,0.15000303158915906,0.08000045739377029,0.07999978230167001,0.08000061036811978,0.3700013094146916,0.160004977256702,0.0700003111678128,0.1499997293096449,1.7999986017700382
MEX,0.2622730517033212,0.06999872822078086,0.21968908271367854,0.19000007877923694,0.3800051100485454,0.5600182505540348,0.3043800196845346,0.23959816056045707,0.0015998997678881275,0.2699936993503813,0.18000151744520035,0.1100007604177228,0.2617774305792236,0.1430225637548499,0,0,0,0,0.020000561537489647,4.439989850291804,2.7401188862237977,4.885002085696734,0.5404368894368365,3.7499771876996073,2.4000326868598822,2.2699560662385942,1.620031390298208,0,0.260000701926789,1.149998340909845,0,0.85386554184749075,0,0,0,0,0,0,0,0,0,0,0,0,0,0.14999840524174257,0.18999971425033577,0.3307390571774945,0.2399999336975548,0.07999891514636483,0.09999999999999999,0.17000368901595497,0.20000152396627463,0.21856707134894976,0.030000175665626336,0.17999447427534926,0.19,0.03999873973408389,0.4370038756535429,0.07000068226785837,0.17999900343813843,0.04000024939625324,0.0699993182769938,0.00546198483868172,0.04049341932046624,0.02999911909795631,0.04000060834651418,0,0,0,0.47000028841638697,0.027588696436177566,0.15,0.09000020656462374,0.04999917293854934,0.08000174390722414,0.37001295896328296,0.1600006703423774,0.06999832952837017,0.14999771876996076,1.7999986017700382
MKD,0.26227250991594264,0.07000026259125046,0.21968908271367854,0.4453933188081567,0.3799917046868519,0.5599982303038347,0.3043800196845346,0.23959816056045707,0.13444326093193726,0.251493979140505,0.17999988156900762,0.2037003350841676,0.2617774305792236,0.17510332288194078,0,0,0,0,0.01999932409597837,3.990003536335851,2.7400032589212975,6.0657025683718455,0.8141308477306688,3.7498794848839614,2.3999860510531454,2.2699971159969725,1.620031390298208,0,0.26,1.150000701921862,0,1.1299849217490772,0,0,0,0,0,0,0,0,0,0,0,0,0,0.1499995981051021,0.19000049235680838,0.29172299657308287,0.24000189687332046,0.08,0.1,0.16999825571254143,0.19999429687611386,0.21999653799549937,0.029999227023266597,0.18000124467125123,0.15000133700564217,0.04000037144860311,0.07326713947887649,0.07000056256981893,0.18000000000000002,0.040000258382910554,0.07000152663986565,0.06757167767340407,1.9641315452162766,0.029999891958468836,0.04000024333268445,0,0,0,0.4700029121924065,0.029883851617441483,0.14999703211254228,0.07999599786552827,0.08000175090463406,0.07999842878466494,0.36999708000778664,0.160004977256702,0.07000105797714769,0.1499997293096449,1.7999986017700382
MLI,0.26589352477300576,0.19999974652774696,0.21968908271367854,0.25999973093270107,0.3800004285374834,0.557838066015384,0.4057303550769778,0.2549888298090263,0.13444326093193726,0.24000099319660326,0.1749979473475999,0.5200016486007502,0.2631756487393206,0.17510332288194078,0,0,0,0,0.019999999999999997,3.374144621944101,2.740014600062571,4.119543147327427,0.39304749676393275,3.810085354896676,1.1000112309074574,2.2699971159969725,1.620031390298208,0,0.2699961394026603,0.9699972625239528,0,0.5799821084503165,0,0,0,0,0,0,0,0,0,0,0,0,0,0.212503998903158,0.16000115475663504,0.0535264968773591,0.21000278456730917,0.10999970397560759,0.101281258699464,0.17000101544060256,0.19000056725705036,0.21856707134894976,0.029999688036187803,0.11999920480298994,0.16221412355665607,0.020000219000481802,0.2485889898191984,0.06999956629760658,0.017295392664566762,0.024999698104093714,0.1400003914124117,0.07236935374183973,0.6822364632322067,0.03000010503414577,0.04079406234699368,0,0,0,0.47000732421874997,0.053547756994619694,0.09000094710422883,0.0829465752972641,0.09000000000000001,0.07999951910360914,0.36999401398683074,0.1599991444877756,0.07000179712363817,0.1499997293096449,1.7999986017700382
MLT,0.26227249516782364,0.06999999999999999,0.23000328503120782,0.4453975323601411,0.3800035147959391,0.5600049372266892,0.3043800196845346,0.23959816056045707,0.13444326093193726,0.251493979140505,0.18000033601854823,0.11000394299555005,0.2617774305792236,0.17510332288194078,0,0,0,0,0.0200005840012848,3.990021532482538,2.739962564342536,4.300402085456882,0.49708303310766044,3.7499771876996073,2.3999700822737475,2.2699313934232315,1.620031390298208,0,0.26000452864367124,1.1500007604215778,0,0.85386554184749075,0,0,0,0,0,0,0,0,0,0,0,0,0,0.15000014459517685,0.18999958409958467,0.451219461073656,0.2400003249450132,0.08000104995143975,0.10000000000000002,0.1699979426798968,0.2000018250006844,0.21856707134894976,0.030000094461709946,0.18000280662363177,0.15000477509311433,0.04,0.08608619981645503,0.06999961682220202,0.17999884868894453,0.040000828567630965,0.07000079096938949,0.07597689329805979,0.11760474603997871,0.03000010503414577,0.04000055303616857,0,0,0,0.4710587292959922,0.030599870692282285,0.15000154335277957,0.08000038966605619,0.08000052913319165,0.07999826562025757,0.3699949655982548,0.16,0.0699998811264458,0.15000101389029707,1.7999986017700382
MMR,0.262275108575,0.0700001368803,0.226562881778,0.397620148276,0.379996542213,0.559273515496,0.304380019685,0.23959816056,0.0536704472106,0.27000089181,0.179999816955,0.141234215382,0.251185155825,0.187799023088,0,0,0,0,0.019999943979,4.08471693033,2.3724729506,2.6231784744,0.370343530969,3.75000720442,2.4000155372,2.26999773937,1.6200313903,0,0.222890175962,1.14296834513,0,0.853865541847,0,0,0,0,0,0,0,0,0,0,0,0,0,0.156705710171,0.180123833096,0.345477813502,0.240000929138,0.083054575775,0.100427086233,0.169999207395,0.200001626643,0.218567071349,0.030000162184,0.179997541213,0.162214123557,0.0400002271112,0.153615957503,0.0699998582164,0.0933328361109,0.0400003745106,0.0633333310118,0.0458324721036,0.0584223976664,0.030000376873,0.040529374898,0,0,0,0.488145727552,0.0285682454008,0.14999849753,0.0843158168314,0.0800003318194,0.073332801556,0.37000002338,0.15999994895,0.0700011164965,0.150000427879,1.79999860177
MNE,0.2622724039240988,0.06999932718831998,0.22999361255589013,0.4453873284324141,0.380003119638122,0.559988319889039,0.3043800196845346,0.23959816056045707,0.13444326093193726,0.251493979140505,0.1800000409910824,0.11000202778059415,0.2617774305792236,0.17510332288194078,0,0,0,0,0.020000380213680086,3.9899894316580555,2.740019748906757,3.4554684472282,0.8136823488098969,3.724189589825123,2.400035323207347,2.269987720661958,1.620031390298208,0,0.2599956130730423,1.1499680627794506,0,0.85386554184749075,0,0,0,0,0,0,0,0,0,0,0,0,0,0.14999981322515335,0.19000077584443612,0.3937820845062433,0.23999957904042266,0.07999927749580045,0.09999999999999999,0.16999138508662776,0.1999990502692487,0.21856707134894976,0.030000448437196372,0.1799981649692632,0.14999665753058358,0.040000720247044735,0.06241058150151313,0.06999908318162171,0.18,0.04,0.0699989538654671,0.06757167767340407,0.0400003006072266,0.029999767046381066,0.04000073000693507,0,0,0,0.46999781157649484,0.02980051543583029,0.15000222212346115,0.07999599786552827,0.08000127556443726,0.0800014361625736,0.36999513338937307,0.15999585234342595,0.07,0.1499997293096449,1.7999986017700382
MNG,0.2622724716841829,0.07000043452441303,0.2299990759563851,0.3020739829842732,0.3799887695655226,0.5599824804730272,0.3043800196845346,0.23959816056045707,0.0040841701696973055,0.27000243864588647,0.17999968940301317,0.2037003350841676,0.2617774305792236,0.17510332288194078,0,0,0,0,0.019999270019709466,3.374144621944101,2.739908022483393,6.361293891222075,0.2800846971058068,3.7499771876996073,2.4000168463611864,2.2699971159969725,1.620031390298208,0,0.2043350587018263,1.1288837651272834,0,0.85386554184749075,0,0,0,0,0,0,0,0,0,0,0,0,0,0.14999947779042686,0.1900003880330604,0.3633141121478068,0.23999965715559135,0.08916542148175827,0.101281258699464,0.16999803762159738,0.20000538039384483,0.21856707134894976,0.0300000928048407,0.1799955013904793,0.16221412355665607,0.039999999999999994,0.051676985124274696,0.06999845006630273,0.180000184909533,0.03999947854200344,0.0699991579892784,0.005153268747226741,0.09081928401148028,0.030000510907883308,0.04079406234699368,0,0,0,0.47000693481276007,0.029721506379793133,0.14999575587810882,0.08000000000000002,0.08000123729198029,0.07999886647018817,0.37000159936172317,0.1599991444877756,0.07000179712363817,0.1499997293096449,1.7999986017700382
MOZ,0.26589311270340726,0.19999999999999998,0.1899990875079843,0.21099247909800078,0.3800004285374834,0.557838066015384,0.40574368002640776,0.2549905969469462,0.13444326093193726,0.24000004105284115,0.17500170271257592,0.5200000643942992,0.2617774305792236,0.13999921238136495,0,0,0,0,0.019999999999999997,3.95,1.6375710537880652,1.3117148815751956,0.4549697824782811,3.8099197015167494,1.1000371195248702,2.2699971159969725,1.620031390298208,0,0.27000467945718293,1.1288837651272834,0,0.579992720844382,0,0,0,0,0,0,0,0,0,0,0,0,0,0.21249810404974973,0.16000579367820572,0.3217671343367071,0.20999751861042182,0.11000122965938436,0.12000072492660116,0.17000101544060256,0.19000214633946913,0.21856707134894976,0.029999594452104796,0.11999927709101425,0.16221412355665607,0.019999999999999997,0.05518696099218646,0.07000113934146064,0.017295195012964084,0.024999999999999998,0.14,0.06757167767340407,0.4326158702768953,0.03000010503414577,0.04079406234699368,0,0,0,0.4699983668136534,0.08996822267563694,0.09000086323482866,0.09000096052252425,0.09000441891294741,0.08000062478523008,0.36999708000778664,0.160004977256702,0.07000179712363817,0.1499997293096449,1.7999986017700382
MRT,0.26589378473095593,0.2000003582823229,0.19000332792992025,0.2599952261606397,0.3800004285374834,0.557838066015384,0.40573707830173983,0.2549888884873889,0.13444326093193726,0.251493979140505,0.17500328385656114,0.5199904351984695,0.26318674840839423,0.17510332288194078,0,0,0,0,0.02000019691389185,3.950015692747626,2.73999016836672,1.7622517985996584,0.5759603338541822,3.724189589825123,1.100009124920157,2.2699971159969725,1.620031390298208,0,0.2043350587018263,1.1288837651272834,0,0.5800067819599865,0,0,0,0,0,0,0,0,0,0,0,0,0,0.2125006983853331,0.1599993447349453,0.2828425484164877,0.20999366343803746,0.08916542148175827,0.11999862268438813,0.1699997819593136,0.1899909083395322,0.21856707134894976,0.029999549387166546,0.12000059640961411,0.25000328770005653,0.020000365003467534,0.131570742291787,0.07000044031526573,0.017295336234689755,0.03979377377600821,0.13999463519313304,0.0042086788632486275,0.5645438497953944,0.03,0.10799982823771899,0,0,0,0.47000382381760386,0.06100734054451767,0.0900004191817572,0.08999952761112948,0.09000098983766662,0.08000146939975021,0.36999708000778664,0.1600016591085057,0.07000179712363817,0.1499997293096449,1.7999986017700382
MUS,0.2658941599310838,0.20000014095386298,0.1900011060723371,0.21099543199843063,0.3800004285374834,0.5600016222135104,0.3043800196845346,0.23959816056045707,0.13444326093193726,0.24000604549232976,0.17500114348442575,0.5199939649969825,0.2617774305792236,0.17510332288194078,0,0,0,0,0.019999594452104794,3.95003102529474,2.7400106553010124,3.46859228396492,0.47141474793056876,3.809882288529975,1.1000065179133987,2.2700174387952363,1.620031390298208,0,0.26999365999456565,0.9700177286474084,0,0.5800187178287318,0,0,0,0,0,0,0,0,0,0,0,0,0,0.21249888273149803,0.15999863155995944,0.2969258005102959,0.21000323496639234,0.11000280452463307,0.12,0.16999999999999998,0.18999865725330561,0.21856707134894976,0.030000038080296113,0.11999746017923878,0.25,0.02,0.11727618559514438,0.0700005364519071,0.01729483416819295,0.024999999999999998,0.140000664648552,0.07886465368661306,0.7999130879292364,0.02999949351701783,0.10800115874855157,0,0,0,0.4699989554482471,0.09684967585089142,0.09000117082308863,0.08999970626248384,0.09000196981262157,0.08000175680028108,0.36999051025622315,0.16000539556215015,0.07000192363181687,0.15,1.7999986017700382
MWI,0.26589639098739637,0.2000030801691013,0.21968908271367854,0.21099239468901573,0.3800004285374834,0.557838066015384,0.40571841971496486,0.25499169721716386,0.13444326093193726,0.23999987199494804,0.17499990883830835,0.2037003350841676,0.2617774305792236,0.17510332288194078,0,0,0,0,0.02000019691389185,3.9500026534739874,2.740014600062571,4.721535910789693,0.5759603338541822,3.809955663039098,1.1000044064510444,2.2699971159969725,1.620031390298208,0,0.26999368288060643,1.1288837651272834,0,0.85386554184749075,0,0,0,0,0,0,0,0,0,0,0,0,0,0.21249951446882887,0.15999856578562083,0.49679548891099884,0.2100022941041523,0.08916542148175827,0.11999999999999998,0.17000017054078484,0.18999922869924413,0.22000030067888995,0.029999365602994356,0.1699781060010008,0.16221412355665607,0.02,0.24966621800145217,0.06999796102647753,0.01729518758983,0.025,0.13999841276139838,0.06757167767340407,0.6656398325233276,0.03000010503414577,0.04079406234699368,0,0,0,0.4700229867731846,0.09993011697302027,0.09000073972704072,0.0829465752972641,0.09000061864599014,0.0800006899882702,0.37000159936172317,0.1599991444877756,0.07000179712363817,0.1499997293096449,1.7999986017700382
MYS,0.26227262448515226,0.06999989495745548,0.22999489013796628,0.4453916622670656,0.3800004285374834,0.5600058399844267,0.3043800196845346,0.23959816056045707,0.001478907169376098,0.2700013068478829,0.18000037799323393,0.10999942392994988,0.2617774305792236,0.2063628405733669,0,0,0,0,0.019999999999999997,4.439948268429372,2.739932616717472,5.089694486505745,0.35270228392716974,3.7499771876996073,2.400012586268381,2.2699971159969725,1.620031390298208,0,0.25999898272324984,1.150016425156039,0,0.869989081266573,0,0,0,0,0,0,0,0,0,0,0,0,0,0.15000238828783646,0.18999934316201805,0.3374520751754251,0.24000381785876856,0.07999905951690518,0.1,0.17000685575803956,0.20000112622758803,0.21856707134894976,0.0300003436859169,0.18000257615766088,0.18999761279541658,0.04000088438833492,0.22457954126951393,0.069999780668085,0.049999328408327735,0.04000013339825382,0.05999963746442619,0.06757167767340407,0.04816194607266724,0.03000063837936758,0.04,0,0,0,0.4782218627870045,0.03363605032130657,0.1499987311898901,0.08999989770762794,0.08000038187858807,0.07000071601997045,0.36999875745526845,0.15999910801891,0.07000098876108236,0.15000182501733766,1.7999986017700382
NAM,0.26589283774108446,0.1999962273760457,0.21968908271367854,0.21099281245202842,0.3799981750159686,0.5599963500319372,0.4057310466705082,0.25499264242169434,0.13444326093193726,0.24,0.17499971423019328,0.5199814126394052,0.2617774305792236,0.14000005815631397,0,0,0,0,0.02000019691389185,3.9499498129391366,2.739908022483393,0.45026991572749703,0.5759603338541822,3.724189589825123,1.1000104286161227,2.2699971159969725,1.620031390298208,0,0.26999692591454044,1.1288837651272834,0,0.579992720844382,0,0,0,0,0,0,0,0,0,0,0,0,0,0.21250217032728538,0.16000097695604917,0.3128446727473105,0.20999251952751247,0.11000251741210038,0.11999931131848077,0.17000706454904627,0.1899962602842184,0.21856707134894976,0.029999801522980332,0.11999618302399924,0.25,0.019999569531434967,0.14797540671836015,0.07000141703273347,0.017295242723501743,0.02500040855681391,0.14000011576954913,0.07548502855900546,0.5990886631536065,0.029999759771302283,0.04079406234699368,0,0,0,0.5249597903471206,0.09966165651485162,0.09000460617227085,0.09000151263046437,0.08999666256949587,0.07999969481490524,0.3699940139868308,0.16000223451203843,0.07000105797714769,0.1499997293096449,1.7999986017700382
NER,0.26589395807644883,0.19999858252537278,0.189999004545907,0.26000492461001434,0.3800004285374834,0.557838066015384,0.40573019223832585,0.2549894271913531,0.13444326093193726,0.23999851444700293,0.175,0.5200076280075009,0.2631741953245085,0.17510332288194078,0,0,0,0,0.02000019691389185,3.9499498129391366,2.739962689593641,4.098020911298088,0.3409612095009785,3.724189589825123,1.100002193511593,2.2699971159969725,1.620031390298208,0,0.27000141803743616,0.9699983656697253,0,0.85386554184749075,0,0,0,0,0,0,0,0,0,0,0,0,0,0.21250060372538812,0.15999947909771042,0.5027362295203875,0.21000023278009264,0.08916542148175827,0.12000306091215183,0.17000101544060256,0.19000129617627998,0.21856707134894976,0.029999188904209585,0.12,0.2500025068939584,0.03901749832775456,0.1859812753176398,0.0699997030041134,0.01729491254195097,0.024999999999999998,0.13999999999999999,0.07761539676048133,0.8635850162170142,0.02999954077883909,0.04079406234699368,0,0,0,0.46999536409058906,0.05836852173738579,0.08999770589584767,0.0829465752972641,0.08999381379523663,0.07999977329146782,0.37000159936172317,0.1599991444877756,0.07000179712363817,0.1499997293096449,1.7999986017700382
NGA,0.2658933798973653,0.20000048440635396,0.1900025550242727,0.2599996952473829,0.3800004285374834,0.5599936733502043,0.4057314055519429,0.2549890349571756,8.709413971967775e-4,0.23999997201810985,0.17500138573249818,0.5200001442231421,0.2631788816524461,0.22001178807168334,0,0,0,0,0.02000019691389185,3.374144621944101,1.6375710537880652,4.023566679038239,0.45946492331324995,3.8100212175616126,1.0999933636393802,2.2699971159969725,1.620031390298208,0,0.2699844024176252,0.9699967149687923,0,0.5799806368330465,0,0,0,0,0,0,0,0,0,0,0,0,0,0.2125007336111274,0.15999892231217921,0.5870720377667024,0.2100048883819456,0.08916542148175827,0.101281258699464,0.1700004589160403,0.19879298733208495,0.22000088807823284,0.030000000000000002,0.11999851670560314,0.2500033424694164,0.019999374296083096,0.20371279188459246,0.07,0.01729549413349985,0.025000581372815012,0.14000314415972331,0.08000269597395193,0.574446277487362,0.03,0.04079406234699368,0,0,0,0.46999965239781927,0.09997675646118076,0.09000026609190813,0.08999949644997231,0.09000053239631581,0.07999951910360914,0.3699980907671747,0.1600044242893485,0.07000105797714769,0.1499997293096449,1.7999986017700382
NIC,0.26227312828373,0.07000028417686499,0.21968908271367854,0.19000015725751568,0.3800004285374834,0.5600006403483495,0.3043800196845346,0.2,0.13444326093193726,0.2700017430712916,0.18000296231511978,0.2037003350841676,0.2617774305792236,0.17510332288194078,0,0,0,0,0.019999999999999997,4.440001608413464,2.739926026863928,3.4554684472282,0.5759603338541822,3.724189589825123,2.3999882258286074,2.2699971159969725,1.620031390298208,0,0.2599912261460847,1.1500168463611862,0,0.85386554184749075,0,0,0,0,0,0,0,0,0,0,0,0,0,0.14999387254901964,0.19000271835727578,0.4294812473134403,0.23999975512103147,0.08916542148175827,0.1,0.17000183154975276,0.2,0.21999720631373096,0.029999925449354016,0.180001004469891,0.16221412355665607,0.0399997079993576,0.10650344257785414,0.06999963003613313,0.18000370730803095,0.03999962262726895,0.06999962919015128,3.7343852190946877e-5,0.04948365057141562,0.029999278343075697,0.04079406234699368,0,0,0,0.4700001863746857,0.0279914092770425,0.15,0.09000240134475307,0.05000096063324943,0.08000198373338623,0.3699987574552684,0.1599991444877756,0.06999927036591148,0.15000182501733766,1.7999986017700382
NLD,0.26227233288028323,0.070000116242575,0.22999358254452112,0.44539708210832224,0.3800006534513902,0.5600058399844267,0.3043800196845346,0.23959816056045707,0.4271978145489265,0.251493979140505,0.17999976156500436,0.11000171850833476,0.2617774305792236,0.17510332288194078,0,0,0,0,0.01999932409597837,3.9900476932061517,2.739962564342536,4.856946021211152,0.33411499638252024,3.724189589825123,2.4000294952623236,2.2699971159969725,1.620031390298208,0,0.26000684814244135,1.1500168463611862,0,0.85386554184749075,0,0,0,0,0,0,0,0,0,0,0,0,0,0.1499994933065799,0.1899985102050951,0.3102148131078266,0.24,0.08000126868669782,0.1,0.17000101544060256,0.20000309111844392,0.21999867353480868,0.030000154701313415,0.18000160500762377,0.15,0.03999960030376914,0.14204750902605948,0.06999909756212855,0.18000191094974202,0.0400008105191882,0.0700015789131505,0.07991620470816557,0.10661395813739767,0.029999005568814636,0.04000024333268445,0,0,0,0.4699996117368423,0.027740135069220427,0.14999721696537904,0.07999999999999999,0.08000190169429075,0.07999999999999999,0.3699992257579277,0.16,0.0700003111678128,0.1499997293096449,1.7999986017700382
NOR,0.2622722029506997,0.06999992299577247,0.22999785013018653,0.3020739829842732,0.3800004506179098,0.5600017841080575,0.3043800196845346,0.23959816056045707,0.13444326093193726,0.251493979140505,0.18000001753753692,0.11000394299555005,0.2617774305792236,0.17510332288194078,0,0,0,0,0.02000054073783678,3.990217907070117,2.7399839896313805,4.24260821484482,0.6365737296092073,3.7499391678157195,2.399925512104283,2.2699971159969725,1.620031390298208,0,0.2600023838849378,1.1500026071540306,0,0.85386554184749075,0,0,0,0,0,0,0,0,0,0,0,0,0,0.15000111073538086,0.19000125172111654,0.3567359137375645,0.24000047517789475,0.08000087351502445,0.1,0.1700010063399416,0.2000007594052338,0.21856707134894976,0.030000236613586355,0.180001011582621,0.1500025068939584,0.04,0.13449852850231342,0.06999905629853322,0.17999981791531242,0.03999912202402727,0.0699994641445738,0.0710146198668437,0.05346430669456913,0.030000000000000002,0.04,0,0,0,0.47000576217448437,0.027683477137464958,0.15,0.08000105007394272,0.07999936549565363,0.07999977329146782,0.36999354259524675,0.1599996313160175,0.06999702823179792,0.1499997293096449,1.7999986017700382
NPL,0.4254746529816123,0.07000018938078795,0.22999901351484658,0.19000036646592477,0.3799981750159686,0.559988319889039,0.812495908808758,0.23959816056045707,0.24404888255450766,0.2700028968713789,0.17999990932483922,0.2037003350841676,0.2617774305792236,0.14056939145667194,0,0,0,0,0.019999270019709466,4.440018076267946,2.740067017711824,4.978804040763552,0.3169214356918358,3.7500456254334416,2.399945250479058,2.269998986109703,1.620031390298208,0,0.2599949222658642,1.1500024333268444,0,0.85386554184749075,0,0,0,0,0,0,0,0,0,0,0,0,0,0.15000133700564217,0.19000129433083096,0.41150247887070934,0.24000119411005216,0.1100022578460149,0.101281258699464,0.16999593991067805,0.2,0.21856707134894976,0.03000040827991671,0.18000000000000002,0.1900011460004584,0.04,0.2104601195588907,0.07000008117739696,0.1800009086365908,0.04,0.06999957379704215,0.06757167767340407,0.044512899718970864,0.030000408738836318,0.04079406234699368,0,0,0,0.4765452016444058,0.04913778559158073,0.1499978009411972,0.08000192104504851,0.08000494926998267,0.08000122074037903,0.37000159936172317,0.1599991444877756,0.07000179712363817,0.1499997293096449,1.7999986017700382
NZL,0.26227212008949213,0.0699974413467915,0.23000312858483682,0.4453916744247905,0.3800051100485454,0.5599923446022611,0.3043800196845346,0.23959816056045707,0.13444326093193726,0.2700045398534276,0.17999981666345827,0.1099998239777508,0.2617774305792236,0.17510332288194078,0,0,0,0,0.01999959890903257,3.9900077659849855,2.739994103856359,4.698475338893188,0.3775151432311205,3.7500629310778835,2.399995228779999,2.270036693704133,1.620031390298208,0,0.2600024485798237,1.1499832709797124,0,1.129995320542817,0,0,0,0,0,0,0,0,0,0,0,0,0,0.1499989561130966,0.16037300088311024,0.36406877681669436,0.24000046563605887,0.0800011024750565,0.1,0.17000088097964935,0.19999999999999998,0.21856707134894976,0.030000150188486552,0.1800007022225343,0.14999999999999997,0.04000017757731272,0.20737616941003714,0.07000006760548146,0.18000045166098327,0.03999917296053545,0.0699992222488674,0.07307707701221279,0.0608526955853579,0.030000164238671637,0.039999999999999994,0,0,0,0.48799219004230393,0.027991345284754724,0.15,0.08000053362742134,0.07999733342221925,0.08000026449428692,0.37000851685119845,0.15999628218235892,0.06999842096952472,0.14999834090984504,1.7999986017700382
OMN,0.360193949322,0.0700003654588,0.225875549388,0.292157763854,0.380000595085,0.559134345075,0.406005806921,0.232587291845,0.109660817577,0.255196710713,0.180000146322,0.11000064978,0.261777430579,0.161061583965,0,0,0,0,0.0200001143467,3.98996050293,2.73997982063,4.6982585664,0.449154261135,3.74481206415,2.3999895804,2.26999371326,1.6200313903,0,0.259999312769,1.14577403627,0,1.01954726993,0,0,0,0,0,0,0,0,0,0,0,0,0,0.150000015779,0.190000140735,0.302482479311,0.23999972563,0.0800005557008,0.1,0.169999088207,0.199999936165,0.218567071349,0.0300001066683,0.180000410826,0.149999850532,0.0400000845435,0.14618553044,0.0700000239671,0.179998528314,0.0398762441962,0.0700001375286,0.071344137397,0.0880429586785,0.0300004373162,0.0401588318274,0,0,0,0.472860841103,0.0283383677125,0.149999677827,0.0799989835486,0.0799999990805,0.0800004385722,0.370000740831,0.160000554936,0.0700002159263,0.149999986226,1.79999860177
PAK,0.42547506268973184,0.06999947101453534,0.22999361255589013,0.19000060164851695,0.3800004285374834,0.557838066015384,0.8124839554656035,0.20454572564073367,0.13444326093193726,0.26999652385504475,0.17999918662816708,0.11000144843568944,0.2617774305792236,0.1399990077560403,0,0,0,0,0.019999999999999997,4.440037904046608,2.7399626517273576,5.5931832377165165,0.37543695910714675,3.724189589825123,2.399951334252575,2.2699971159969725,1.620031390298208,0,0.26000107988445237,1.1288837651272834,0,1.130015493091346,0,0,0,0,0,0,0,0,0,0,0,0,0,0.15000428982025651,0.19000065084039763,0.3358390252516255,0.2400032205933943,0.10999888474454454,0.101281258699464,0.17000274736057144,0.19999999999999998,0.21856707134894976,0.030000122155308263,0.1799951333323791,0.18999181761298914,0.03999860956618465,0.3087151026059872,0.0699997751781713,0.1800011442083985,0.03979377377600821,0.06999907835314872,0.07998427769237583,0.07664641399042016,0.03000039207998432,0.04000073000693506,0,0,0,0.47326273158617954,0.04774239293426899,0.14999698994642105,0.08000192104504851,0.08000038665274717,0.07889487089876368,0.36999401398683074,0.160004977256702,0.07000105797714769,0.1499997293096449,1.7999986017700382
PAN,0.26227286378876014,0.0699998027341053,0.21968908271367854,0.19000027306736572,0.3800051100485454,0.5599990987743332,0.3043800196845346,0.23959816056045707,0.13444326093193726,0.2700005768010613,0.18000183792559463,0.11000202778059415,0.229997787773763,0.16977380326144134,0,0,0,0,0.019999270019709466,4.43995891491352,2.739923895317232,5.084761832644935,0.5600141294716487,3.749975986936894,2.4000417144644905,2.270038866670422,1.620031390298208,0,0.2600029348464097,1.1288837651272834,0,0.85386554184749075,0,0,0,0,0,0,0,0,0,0,0,0,0,0.14999856680138735,0.19000167731507603,0.3100845710994666,0.24000171221882155,0.07999914744874036,0.09999999999999999,0.16999999999999998,0.2,0.22000148555299712,0.030000151893735144,0.18000290796297197,0.18999679127226055,0.0399990580699854,0.25511917711467563,0.06999956629760658,0.1380051928782361,0.04,0.07000062668421382,0.030023323819671953,0.049052300160022974,0.029999068641147434,0.04000024333268445,0,0,0,0.4700050022835734,0.028152494801393826,0.14999547285979448,0.08999708935674784,0.049999999999999996,0.07999749436231521,0.3699970519281794,0.16000265454424795,0.07,0.15000182501733764,1.7999986017700382
PER,0.262272813276079,0.06999991794063826,0.18999599616376625,0.44539371582347087,0.3800004285374834,0.559988319889039,0.3043800196845346,0.23959816056045707,1.5353670528765275,0.2699999848545201,0.18000008403225157,0.10999650847366584,0.2617774305792236,0.14386787976560464,0,0,0,0,0.019999270019709466,4.439989850291804,2.7399959816495327,4.737922487002281,0.47742522396681714,3.7499771876996078,2.400019729703068,2.2699560662385942,1.620031390298208,0,0.26000250689395843,1.1499954375399215,0,1.13,0,0,0,0,0,0,0,0,0,0,0,0,0,0.15000247692333096,0.18999963233942424,0.43638839049385114,0.24000067873495115,0.08000054348810667,0.09999999999999999,0.17000064612004911,0.200003408664826,0.21999985312045592,0.029999722218364142,0.17999872522149277,0.1899996236215138,0.040000510568773615,0.42398547180331947,0.07,0.17999893469692127,0.04000034245402555,0.06999870141545715,0.0363694578036833,0.04579651301647958,0.0300003731482518,0.04079406234699368,0,0,0,0.47000280498856434,0.02767559973112553,0.15000211157565774,0.08999870197300103,0.04999974810956226,0.07999999999999999,0.36999848491109183,0.1600003814027995,0.06999999999999999,0.1499990875079843,1.7999986017700382
PHL,0.2622723411279541,0.06999991088568262,0.23000048666536888,0.44539366474872244,0.3800004285374834,0.5599999999999999,0.3043800196845346,0.23959816056045707,0.022483910530241055,0.27000013488541486,0.1799979637548361,0.11000414679659962,0.23000060631783184,0.21319042350016673,0,0,0,0,0.02000036500346753,4.44,2.7399397755269637,1.0582376057871092,0.25498556194648114,3.7499771876996073,2.400022812820805,2.269998986109703,1.620031390298208,0,0.2600004104837551,1.150016425156039,0,0.85386554184749075,0,0,0,0,0,0,0,0,0,0,0,0,0,0.15000150041511484,0.18999811037077813,0.2994858311533575,0.24000261882938323,0.0800003552334772,0.1,0.1699985691216451,0.2000002051484044,0.21856707134894976,0.030000393747292988,0.17999712224814982,0.16221412355665607,0.040000243332684454,0.20273899501638626,0.07000103353068847,0.049999214577442656,0.04000151282115933,0.060001136287336075,0.06477246989015342,0.04080340233968671,0.030000514676868702,0.04,0,0,0,0.5171484509224811,0.027991595057391957,0.15,0.0900008751969193,0.07999852087416338,0.07000029388426837,0.3699968714151632,0.16000155787505843,0.07000049438868838,0.15000182501733764,1.7999986017700382
POL,0.2622722031550805,0.06999837053935148,0.23000191494176836,0.3020739829842732,0.38000016521181923,0.5600069522899105,0.3043800196845346,0.23959816056045707,0.5729850127797019,0.251493979140505,0.18000008484426835,0.10999957754214017,0.2617774305792236,0.17510332288194078,0,0,0,0,0.019999999999999997,3.9900384015816885,2.7400227264901345,1.4070094122432624,0.6064529793713116,3.7500456254334416,2.399930477100895,2.2699971159969725,1.620031390298208,0,0.25999850657108725,1.1288837651272834,0,1.129995320542817,0,0,0,0,0,0,0,0,0,0,0,0,0,0.14999965921947628,0.18999935326707912,0.37168351279251977,0.23999903040488674,0.08000050268938823,0.1,0.1699961523662947,0.19999999999999998,0.21856707134894976,0.029999292636344342,0.18000240572562698,0.14999665753058358,0.03999955419833716,0.12432704115427376,0.07000105965878986,0.18,0.04000049256175773,0.06999989389132348,0.07097591868449812,0.04002656740566678,0.03000009342040115,0.0399997652733685,0,0,0,0.46999836737499673,0.027962426554589203,0.15000148398777194,0.07999949842002307,0.08000072356282335,0.07889487089876368,0.3699968714151632,0.1600044242893485,0.07000264503614882,0.15000182501733764,1.7999986017700382
PRT,0.26227261115807093,0.07000006701349876,0.2300017056114617,0.44539458574373747,0.3800006676830286,0.5599863551083063,0.3043800196845346,0.23959816056045707,0.6354411673492883,0.251493979140505,0.17999964855585743,0.10999985515852899,0.22999814318682196,0.17510332288194078,0,0,0,0,0.02,3.99000874655184,2.740016653169235,4.644018989813759,0.7789319061694663,3.7500456254334416,2.3999395861652317,2.2699971159969725,1.620031390298208,0,0.2599972740902276,1.1288837651272834,0,0.85386554184749075,0,0,0,0,0,0,0,0,0,0,0,0,0,0.15,0.19000047421083413,0.5065327999154852,0.23999930165769007,0.08000054650781505,0.1,0.1700008410193154,0.20000182354469737,0.22000224618149145,0.030000050192488192,0.18000230123115865,0.14999665753058358,0.04000017244055112,0.11702138771467444,0.07000034922568904,0.17999845533007666,0.03999932433573757,0.06999986187872557,0.07796506711207801,0.05360473894495807,0.02999983442886236,0.040000960522524255,0,0,0,0.47044596901804164,0.03113810446911645,0.14999701117819356,0.08000124622238838,0.08,0.07999937025724992,0.370003084515731,0.16000097594300494,0.07000080556376037,0.14999519738737874,1.7999986017700382
PRY,0.26227260420485954,0.06999726416794005,0.18999634998435705,0.44539357363010534,0.3800004285374834,0.5599805337010302,0.3043800196845346,0.23959816056045707,0.13444326093193726,0.2699999137507223,0.18000222656933376,0.10999816451215354,0.2617774305792236,0.17510332288194078,0,0,0,0,0.020000561537489647,4.439986964314812,2.739998103905954,4.232327594500432,0.5759603338541822,3.724189589825123,2.4000396746677244,2.269942969795114,1.620031390298208,0,0.2599964904071128,1.1499855921621362,0,0.85386554184749075,0,0,0,0,0,0,0,0,0,0,0,0,0,0.1499985217159921,0.1899951326598524,0.15617296966808988,0.2399995105705635,0.07999853469118616,0.1,0.17000101544060256,0.19999999999999998,0.21856707134894976,0.030000383024360353,0.18000347614495524,0.16221412355665607,0.040000292517404785,0.38264418896060626,0.06999962939628655,0.1800066203243959,0.039999277624649256,0.07000037241173841,1.6573956903925016e-4,0.04626429943547682,0.029999294383290995,0.039999999999999994,0,0,0,0.47176588101852535,0.028018981003692857,0.15,0.0829465752972641,0.04999876271312266,0.079998779296875,0.36999708000778664,0.1599991444877756,0.07000264503614882,0.1499997293096449,1.7999986017700382
ROU,0.2622726336326511,0.06999990664936567,0.22999723951783577,0.44539412380276894,0.38001073537305424,0.5599963500319372,0.3043800196845346,0.23959816056045707,0.663921927134999,0.251493979140505,0.18000000980194678,0.10999949305485146,0.2617774305792236,0.17510332288194078,0,0,0,0,0.02,3.990039358824952,2.739988528522265,3.027652324261595,0.8575829928933769,3.724189589825123,2.399930477100895,2.2699971159969725,1.620031390298208,0,0.26,1.1499716116473355,0,1.129995320542817,0,0,0,0,0,0,0,0,0,0,0,0,0,0.1500003374832524,0.19000038799344085,0.3461359778511277,0.23999877214927595,0.0800006458696635,0.09999999999999999,0.16999781960898322,0.2,0.21999511718750003,0.029999653223289523,0.17999873702822744,0.14999665753058358,0.039999894838129595,0.06333751437751578,0.06999990126674764,0.18000431074298734,0.03999919181306637,0.07000133896975841,0.04953769257476196,0.7887337951815776,0.030000657073395096,0.039999729631081615,0,0,0,0.4806261376279707,0.034114546876555664,0.14999820163291733,0.08000029554757576,0.0799995090096725,0.0799996888321872,0.3700073000312858,0.1600016591085057,0.07000264503614882,0.15000182501733764,1.7999986017700382
RUS,0.2622725068783546,0.06999962525763538,0.22999358254452112,0.445400656076878,0.38000089821214955,0.5600050345073525,0.4692024161138818,0.24450197940774193,0.4688461317996828,0.251493979140505,0.17999981659941253,0.2037003350841676,0.2617774305792236,0.17510332288194078,0,0,0,0,0.019999206538125845,3.374144621944101,2.7400028232067597,1.3571819161379914,0.5734641719976185,3.7499771876996073,2.3999810390595373,2.2699971159969725,1.620031390298208,0,0.25999840472202285,1.1500182503954253,0,0.85386554184749075,0,0,0,0,0,0,0,0,0,0,0,0,0,0.14999991587689088,0.18999937677877723,0.328772935878956,0.23999794566278054,0.08000271517784414,0.09999999999999999,0.17000274736057144,0.2000012645502311,0.21856707134894976,0.02999976512221474,0.1799954196725066,0.15,0.04000060832801046,0.09292723778972553,0.06999873154798712,0.17999664204163868,0.040000598550012596,0.06999885423360683,0.05837023789285264,0.04295805803736354,0.030000177641980354,0.040000314653409266,0,0,0,0.47277533628035906,0.027852332379101598,0.15000525596552086,0.08000027404392925,0.08,0.07999682615250336,0.37000516610139034,0.15999237223493518,0.07000012902060458,0.1499997293096449,1.7999986017700382
RWA,0.2658935853327003,0.20000185987687616,0.21968908271367854,0.2109948741716739,0.3800097335442268,0.557838066015384,0.40573089516003297,0.2549873027098267,0.13444326093193726,0.24000005752741418,0.1750001705721184,0.5200000568961312,0.2631794929450784,0.2199935473703753,0,0,0,0,0.019999999999999997,3.9499978474023525,2.740004676174889,3.4554684472282,0.5759603338541822,3.8100144383482526,1.0999919781806515,2.2699971159969725,1.620031390298208,0,0.2043350587018263,1.1288837651272834,0,0.85386554184749075,0,0,0,0,0,0,0,0,0,0,0,0,0,0.2125002381905143,0.1600017999640007,0.22905067131704498,0.20999367933141372,0.1099989894907033,0.101281258699464,0.17000055823300647,0.18999872757348266,0.21999992964542464,0.02999903864641415,0.12000178587373873,0.16221412355665607,0.03901749832775456,0.3330524523806918,0.07000123400929621,0.017295195012964084,0.025000785792865,0.13999895386546712,0.07578821680188934,0.8926599027356129,0.030000523286237573,0.10799874856606528,0,0,0,0.4699959044256916,0.08720658032995748,0.08999605211212001,0.09000096052252425,0.09000024745737546,0.08000276803838346,0.37000159936172317,0.1599991444877756,0.07000179712363817,0.1499997293096449,1.7999986017700382
SAU,0.425474852427691,0.06999992169483696,0.21968908271367854,0.1900001476404594,0.3800004285374834,0.56,0.8125089558654949,0.20454381698218613,0.01053104415874363,0.251493979140505,0.1800020764478898,0.11000033796343237,0.2617774305792236,0.13999313422588397,0,0,0,0,0.02,3.989945913660948,2.739988528522265,4.323803838934476,0.4455640506359778,3.7499771876996073,2.3999562011825684,2.270038866670422,1.620031390298208,0,0.2599912261460847,1.1288837651272834,0,1.1299903947984138,0,0,0,0,0,0,0,0,0,0,0,0,0,0.14999952748613174,0.18999994352802987,0.17964454883604883,0.23999596000404,0.08000271517784414,0.1,0.17000127980888186,0.1999989021906785,0.21856707134894976,0.03000011766597767,0.18000252599671618,0.1499997120197209,0.03999986866557659,0.14528690155997218,0.07000062297533018,0.1799976159256169,0.03979377377600821,0.07000023973916378,0.0700009368851691,0.0904924152523623,0.030001317002502307,0.04,0,0,0,0.46999463417167187,0.02893602164360509,0.1499955325232309,0.07999664935500084,0.08000051339973303,0.07999749436231521,0.37000202376478075,0.16000442428934852,0.07000105797714769,0.1499997293096449,1.7999986017700382
SDN,0.2658941126854539,0.19999999999999998,0.189999004545907,0.11909308156850741,0.3800004285374834,0.557838066015384,0.40573125335670945,0.25498889761576093,0.13444326093193726,0.2400026334847587,0.17500071150069726,0.5200036536353672,0.2631829568745989,0.17510332288194078,0,0,0,0,0.019999513334631108,3.9500152083544564,2.7399701919274873,3.1477172331604097,0.5759603338541822,3.724189589825123,1.1000061517009454,2.2699971159969725,1.620031390298208,0,0.2699961394026603,0.9699709664039817,0,0.5799752494392452,0,0,0,0,0,0,0,0,0,0,0,0,0,0.2125002098477345,0.15999951070486024,0.37759834569023576,0.20999732572651097,0.10999561010058596,0.12000000000000001,0.17000101544060256,0.1900002408419836,0.21856707134894976,0.03,0.12000047853758915,0.24999909902442366,0.01999956070989281,0.2503196674101597,0.0700000809736269,0.01729543987223487,0.03979377377600821,0.14,0.0719038520306582,0.447275035145427,0.030000925154963456,0.04079406234699368,0,0,0,0.47000559744334103,0.07313990407827,0.08999783737024222,0.09,0.09000056239806535,0.08000396746677246,0.37000159936172317,0.1599991444877756,0.07000105797714769,0.1499997293096449,1.7999986017700382
SEN,0.26589384121352483,0.20000010379640543,0.21968908271367854,0.25999947769367965,0.3800004285374834,0.557838066015384,0.4057308989860058,0.2549901002746376,0.13444326093193726,0.24000182573371676,0.1750013412119958,0.5200039146604032,0.2617774305792236,0.17510332288194078,0,0,0,0,0.020000317389786394,3.374144621944101,2.739985400127749,4.122771511404347,0.4177546499473397,3.809935012908395,1.1000062393411254,2.2699971159969725,1.620031390298208,0,0.269999464180464,0.9699940582293524,0,0.5800187178287319,0,0,0,0,0,0,0,0,0,0,0,0,0,0.21250059570698504,0.1600007773288507,0.2534445373808359,0.20999682424462388,0.08916542148175827,0.11999931131848077,0.17000101544060256,0.19000133518988307,0.21856707134894976,0.029999394709763334,0.12000055052437447,0.2499959890903257,0.02,0.22939156124982213,0.0700003657599883,0.017296110312757337,0.02500032966308433,0.14000273336066693,0.03239593376091837,0.6742380629776163,0.030000000000000002,0.10799956200116799,0,0,0,0.46998942638024765,0.09143898561483207,0.08999900914885887,0.09000199649504204,0.089998918050017,0.08,0.3699905102562231,0.1599991444877756,0.07000069603953504,0.1499997293096449,1.7999986017700382
SLB,0.262275108575,0.0700001368803,0.226562881778,0.397620148276,0.379996542213,0.559273515496,0.304380019685,0.23959816056,0.0536704472106,0.27000089181,0.179999816955,0.141234215382,0.251185155825,0.187799023088,0,0,0,0,0.019999943979,4.08471693033,2.3724729506,2.6231784744,0.370343530969,3.75000720442,2.4000155372,2.26999773937,1.6200313903,0,0.222890175962,1.14296834513,0,0.853865541847,0,0,0,0,0,0,0,0,0,0,0,0,0,0.156705710171,0.180123833096,0.345477813502,0.240000929138,0.083054575775,0.100427086233,0.169999207395,0.200001626643,0.218567071349,0.030000162184,0.179997541213,0.162214123557,0.0400002271112,0.153615957503,0.0699998582164,0.0933328361109,0.0400003745106,0.0633333310118,0.0458324721036,0.0584223976664,0.030000376873,0.040529374898,0,0,0,0.488145727552,0.0285682454008,0.14999849753,0.0843158168314,0.0800003318194,0.073332801556,0.37000002338,0.15999994895,0.0700011164965,0.150000427879,1.79999860177
SLE,0.265894084417,0.200000294184,0.21055377066,0.226542628629,0.380001504423,0.558168395458,0.397934263122,0.25498969681,0.134443260932,0.24088436612,0.174999604667,0.447009541639,0.262640441662,0.180816930932,0,0,0,0,0.0200000070631,3.72851004579,2.4855886799,2.58237287651,0.476652992631,3.77698126118,1.17202112443,2.269997116,1.6200313903,0,0.254845008328,1.03110594766,0,0.727462622788,0,0,0,0,0,0,0,0,0,0,0,0,0,0.212500833369,0.16008703618,0.364168563576,0.212241521653,0.103590211116,0.114240683436,0.170000624404,0.190676364839,0.219229087633,0.0299999124698,0.127688741046,0.202730594106,0.0287773328932,0.217020049132,0.0699999789937,0.0172952134915,0.0261378670329,0.140000078465,0.0745939563543,0.73607768753,0.030000047419,0.051133322388,0,0,0,0.474938897029,0.0842124685473,0.0899990343551,0.0867447597332,0.0900001468955,0.0799148483799,0.370001010614,0.160000207719,0.0700016834088,0.149999399174,1.79999860177
SLV,0.26227209342193963,0.07000087251152443,0.21968908271367854,0.19000003510096794,0.3800004285374834,0.5600016222135104,0.3043800196845346,0.2,0.13444326093193726,0.2699975080986793,0.17999833747704583,0.10999585234342597,0.2617774305792236,0.17000012611908802,0,0,0,0,0.019999999999999997,4.4399997146580175,2.7399397755269637,3.4554684472282,0.28400804989228845,3.749975986936894,2.4000425836083528,2.2700174387952363,1.620031390298208,0,0.26000039881949427,1.149998261897313,0,0.85386554184749075,0,0,0,0,0,0,0,0,0,0,0,0,0,0.15000077827760497,0.18999942126280456,0.2963349915625951,0.23999894810351827,0.08,0.1,0.17000274736057144,0.19999800937583978,0.2199978608100399,0.029999262645627488,0.17999494821924727,0.19000060164851695,0.0399995575808521,0.372535297852787,0.06999973937745962,0.17999953659723347,0.0399995570615463,0.06999959036926634,0.06757167767340407,0.04783126496448243,0.030000407033539563,0.04000073000693506,0,0,0,0.4699979450416088,0.028003465604479125,0.15,0.09000096052252425,0.05000147297098247,0.08,0.37000536768652714,0.1600044242893485,0.0699977959003747,0.1499997293096449,1.7999986017700382
SRB,0.2622721364718859,0.0700010209811629,0.23000035096339452,0.4453934745775674,0.37999244839738217,0.5599963500319372,0.3043800196845346,0.23959816056045707,0.6928795538938741,0.251493979140505,0.18000022121202064,0.2037003350841676,0.2617774305792236,0.17510332288194078,0,0,0,0,0.01999977878797934,3.9900028431575953,2.7399953964026174,6.300117743559018,0.9146507021599595,3.724189589825123,2.4,2.2699971159969725,1.620031390298208,0,0.26001504136375037,1.1499908750798429,0,1.1299809222130233,0,0,0,0,0,0,0,0,0,0,0,0,0,0.1499991686111927,0.1899998227076094,0.3307363417714544,0.23999902524612532,0.08000192597823645,0.1,0.16999982936027166,0.2000021201263595,0.21856707134894976,0.02999935421375525,0.18,0.15000100274752823,0.039999999999999994,0.0831093934859219,0.0700004687426759,0.17999925557850854,0.04000025066740196,0.07000209226906581,0.06757167767340407,0.0399993190446196,0.029999583974705663,0.0399990875079843,0,0,0,0.4700017097616527,0.028556913297752267,0.15000282949465224,0.08,0.07999752546706809,0.08000000000000002,0.3699905102562231,0.15999367988623794,0.07000264503614882,0.1499997293096449,1.7999986017700382
STP,0.265894310605,0.200000256867,0.20272492838,0.235496276492,0.380000983378,0.559378438567,0.384012934816,0.251690936672,0.0831733777141,0.241642271372,0.175000530461,0.520000401631,0.262679996045,0.203024482191,0,0,0,0,0.0200001358468,3.86773612573,2.42501812799,2.47137651228,0.528299574712,3.79159510661,1.10000118965,2.26999484988,1.6200313903,0,0.255928004409,1.03809225478,0,0.638683449927,0,0,0,0,0,0,0,0,0,0,0,0,0,0.212500024431,0.160026314209,0.477946380072,0.209999187288,0.101070011523,0.117325762545,0.170000618398,0.19062803917,0.219284281363,0.0299999251781,0.119999039902,0.224919687326,0.0199999970465,0.201038326666,0.0700002112422,0.0172953785246,0.0260566590962,0.140000189825,0.0687826661048,0.70242919568,0.0300001236772,0.0983995078109,0,0,0,0.475416471414,0.0901546748333,0.0900004535791,0.0894964694277,0.0900004987891,0.0800004872797,0.369996568357,0.160000179283,0.0700010722664,0.14999972931,1.79999860177
SUR,0.26227232891034613,0.07000010622815683,0.18999908750798428,0.4453881040325022,0.3800004285374834,0.5600069522899105,0.3043800196845346,0.23959816056045707,0.13444326093193726,0.26999756275895687,0.17999858861535326,0.11000125172111652,0.2617774305792236,0.22998773194295352,0,0,0,0,0.020000608346514175,4.440042941492218,2.7400161030595815,3.4554684472282,0.5759603338541822,3.7499603262767,2.400019729703068,2.2699971159969725,1.620031390298208,0,0.26000357669781377,1.1288837651272834,0,0.85386554184749075,0,0,0,0,0,0,0,0,0,0,0,0,0,0.14999855720675226,0.19000199921935246,0.29986521672838196,0.24000077185143573,0.08000197355437141,0.1,0.16999656141432587,0.2,0.21999969531238098,0.029999815658008737,0.17999494821924727,0.16221412355665607,0.0399993742765072,0.0861389143894598,0.07000083819954737,0.17999691071980226,0.03999972188616801,0.06999949840866103,0.06757167767340407,0.15227660476659163,0.03000010503414577,0.039999999999999994,0,0,0,0.46999242824669324,0.02881970927397248,0.14999753961224288,0.09000096052252425,0.04999959984313851,0.08000178981594726,0.3700077235468521,0.1599991444877756,0.0700010579771477,0.1499997293096449,1.7999986017700382
SVK,0.26227263852371024,0.07000114064104027,0.2300051022410613,0.445405232929164,0.38000060530855606,0.5600016222135104,0.3043800196845346,0.23959816056045707,0.6535179492461396,0.251493979140505,0.17999954686544167,0.2037003350841676,0.2617774305792236,0.17510332288194078,0,0,0,0,0.02,3.9899561999697934,2.740026732469669,3.4955828943879506,0.5833540097097182,3.7499771876996073,2.400048667721134,2.2699971159969725,1.6200313902982078,0,0.25999924794123913,1.1500136873802353,0,1.1300020235746446,0,0,0,0,0,0,0,0,0,0,0,0,0,0.15000027101299235,0.1899990409163359,0.3289460973682985,0.23999856223715896,0.07999945628534146,0.09999999999999999,0.16999825571254143,0.19999712689086496,0.22000726696174935,0.030000039605058357,0.18000116373792624,0.1499981768459435,0.03999974121087432,0.10613603298646226,0.06999956988630662,0.18000213880868357,0.040000727135713274,0.06999852738020938,0.07781197718008594,2.38959496938761,0.03000043681474687,0.04000000000000001,0,0,0,0.49032698643618156,0.029201019625207367,0.14999769340775937,0.080003590825441,0.07999874600288419,0.0800035267148651,0.3699931295087599,0.1600044242893485,0.07000105797714769,0.15000182501733764,1.7999986017700382
SVN,0.26227255069064,0.07000009431559885,0.2300058932000076,0.44539397224292393,0.38,0.5599980270296931,0.3043800196845346,0.23959816056045707,0.6045860701667982,0.251493979140505,0.18000016638181482,0.2037003350841676,0.2617774305792236,0.1402824540082281,0,0,0,0,0.02,3.9899625562442966,2.7399741267787836,3.4554684472282,0.7391155379057379,3.7499771876996078,2.400035323207347,2.27,1.620031390298208,0,0.26,1.1499379516753048,0,1.129995320542817,0,0,0,0,0,0,0,0,0,0,0,0,0,0.15,0.1899996634394247,0.41136456791564063,0.24000232166695687,0.08,0.1,0.17000103284445361,0.19999903825809304,0.21856707134894976,0.030000390601023375,0.18000073030015337,0.15000445672519833,0.04000050116782544,0.06461401548591765,0.06999957455025052,0.18000302221326753,0.03999938021491048,0.07000061106018943,0.030654111335774264,0.045884547137928416,0.029999748282024816,0.04000000000000001,0,0,0,0.4700005498070177,0.028020501998669848,0.15000222212346115,0.08000081746096623,0.08000037607416181,0.08,0.37001301298124223,0.15999824438202245,0.07000248941996515,0.14999543753992153,1.7999986017700382
SWE,0.2622725506408107,0.07000134967813111,0.22999503250469752,0.445402886044003,0.38000025194152437,0.5599831075985642,0.3043800196845346,0.23959816056045707,0.5994021865575094,0.251493979140505,0.17999996664381768,0.10999493071983778,0.2617774305792236,0.17510332288194078,0,0,0,0,0.02,3.9899693131277627,2.739962638310102,4.970681554945501,0.4602714443041433,3.75,2.399974608817088,2.2699971159969725,1.6200313902982078,0,0.26,1.149998340909845,0,0.85386554184749075,0,0,0,0,0,0,0,0,0,0,0,0,0,0.1500006745544568,0.18999730301647236,0.3625736878370414,0.23999988258466382,0.07999970314958292,0.1,0.17000035042225883,0.19999917045492252,0.22000224618149145,0.030000086780696503,0.18000061169562026,0.15,0.04000031796755141,0.13909811827360008,0.06999930780740007,0.18000137306055197,0.04000006047557997,0.07000007320269093,0.07364382582489513,0.06344446664797973,0.03000009186701331,0.039999079187331664,0,0,0,0.4699988114464696,0.02824667349764589,0.14999547285979448,0.079999739342360765,0.08000072675078808,0.08000193535900908,0.3700020993568334,0.160004977256702,0.07000248941996515,0.1499990875079843,1.7999986017700382
SWZ,0.26589344599959797,0.19999999999999998,0.1900025550242727,0.21099245267877412,0.3800035147959391,0.5599963500319372,0.3043800196845346,0.2549873905130532,0.013788576631688754,0.251493979140505,0.17500109340893094,0.5199962448366503,0.2617774305792236,0.14000020896021395,0,0,0,0,0.02000019691389185,3.9499560246262098,1.6375710537880652,2.3186523876939678,0.4296259970523219,3.810038797939789,1.1000039248008164,2.26996214852199,1.620031390298208,0,0.2043350587018263,1.1288837651272834,0,0.5799881996297125,0,0,0,0,0,0,0,0,0,0,0,0,0,0.21250211972189248,0.16000151768098345,0.458331980090147,0.20999951293166433,0.10999763182822861,0.12000025938991492,0.16999886788180685,0.19,0.21856707134894976,0.029999787295892682,0.1199990547534088,0.25,0.019999004578936892,0.13636265804737338,0.07000021806921516,0.01729532916513424,0.025000212449543233,0.13999978164270196,0.06757167767340407,0.8948467985585323,0.03000010503414577,0.10799874856606528,0,0,0,0.46999593378630083,0.09977198651619845,0.09000013690940704,0.0829465752972641,0.09000097042625974,0.07999953324464981,0.37000159936172317,0.1599991444877756,0.07000179712363817,0.1499997293096449,1.7999986017700382
TCD,0.265894084417,0.200000294184,0.21055377066,0.226542628629,0.380001504423,0.558168395458,0.397934263122,0.25498969681,0.134443260932,0.24088436612,0.174999604667,0.447009541639,0.262640441662,0.180816930932,0,0,0,0,0.0200000070631,3.72851004579,2.4855886799,2.58237287651,0.476652992631,3.77698126118,1.17202112443,2.269997116,1.6200313903,0,0.254845008328,1.03110594766,0,0.727462622788,0,0,0,0,0,0,0,0,0,0,0,0,0,0.212500833369,0.16008703618,0.364168563576,0.212241521653,0.103590211116,0.114240683436,0.170000624404,0.190676364839,0.219229087633,0.0299999124698,0.127688741046,0.202730594106,0.0287773328932,0.217020049132,0.0699999789937,0.0172952134915,0.0261378670329,0.140000078465,0.0745939563543,0.73607768753,0.030000047419,0.051133322388,0,0,0,0.474938897029,0.0842124685473,0.0899990343551,0.0867447597332,0.0900001468955,0.0799148483799,0.370001010614,0.160000207719,0.0700016834088,0.149999399174,1.79999860177
TGO,0.265894084417,0.200000294184,0.21055377066,0.226542628629,0.380001504423,0.558168395458,0.397934263122,0.25498969681,0.134443260932,0.24088436612,0.174999604667,0.447009541639,0.262640441662,0.180816930932,0,0,0,0,0.0200000070631,3.72851004579,2.4855886799,2.58237287651,0.476652992631,3.77698126118,1.17202112443,2.269997116,1.6200313903,0,0.254845008328,1.03110594766,0,0.727462622788,0,0,0,0,0,0,0,0,0,0,0,0,0,0.212500833369,0.16008703618,0.364168563576,0.212241521653,0.103590211116,0.114240683436,0.170000624404,0.190676364839,0.219229087633,0.0299999124698,0.127688741046,0.202730594106,0.0287773328932,0.217020049132,0.0699999789937,0.0172952134915,0.0261378670329,0.140000078465,0.0745939563543,0.73607768753,0.030000047419,0.051133322388,0,0,0,0.474938897029,0.0842124685473,0.0899990343551,0.0867447597332,0.0900001468955,0.0799148483799,0.370001010614,0.160000207719,0.0700016834088,0.149999399174,1.79999860177
THA,0.26227184986951135,0.07000007490853831,0.21968908271367854,0.4453954631168842,0.3800004285374834,0.5599963500319372,0.3043800196845346,0.23959816056045707,0.13444326093193726,0.26999936198148405,0.18,0.11000144843568944,0.2617774305792236,0.16269341127886086,0,0,0,0,0.020000608346514175,4.440075258701787,2.739962689593641,0.5678065253449354,0.3360841874137874,3.75,2.4000782166601486,2.2699971159969725,1.620031390298208,0,0.2599991170757549,1.1499680627794506,0,0.869989081266573,0,0,0,0,0,0,0,0,0,0,0,0,0,0.15000092419733463,0.18999636042219104,0.3262530895363723,0.23999826789004952,0.08,0.09999999999999999,0.17000274736057144,0.2000008417898135,0.21856707134894976,0.030000279696808657,0.18000177725523436,0.16221412355665607,0.04,0.31267076192384075,0.06999999999999999,0.049999999999999996,0.04000008845174073,0.060000658108127165,0.06757167767340407,0.04189540504176065,0.030000371002448616,0.04000073000693506,0,0,0,0.5861206812380568,0.02799016274937506,0.15000253536838903,0.09000095102234902,0.08000272476189298,0.06999924431345877,0.36999898610970294,0.15999844945213973,0.06999770009199632,0.15000282949465224,1.7999986017700382
TJK,0.2622723930625838,0.07000030715360753,0.2300016060035332,0.4453963781515072,0.3800004285374834,0.557838066015384,0.3043800196845346,0.23959816056045707,0.3731780577567737,0.251493979140505,0.17999966523368086,0.2037003350841676,0.2617774305792236,0.17510332288194078,0,0,0,0,0.02,3.9899744027303754,2.739985041136874,3.4554684472282,0.5335758444794434,3.724189589825123,2.399945250479058,2.2699971159969725,1.620031390298208,0,0.2043350587018263,1.1500182503954253,0,0.85386554184749075,0,0,0,0,0,0,0,0,0,0,0,0,0,0.15000037138785519,0.19000001236826256,0.21942728525414382,0.23999691262735412,0.08000044403987479,0.101281258699464,0.17000101544060256,0.19879298733208495,0.21856707134894976,0.03000053222630262,0.1699781060010008,0.16221412355665607,0.039999179872008774,0.08443661810331479,0.07000016720450784,0.1799970768529743,0.04,0.0699993067831271,0.06999983011399351,0.0809862548936452,0.030000427661121327,0.04079406234699368,0,0,0,0.4699905482041588,0.024054089176120654,0.15000353681827827,0.08,0.0800029113140944,0.080000396738807,0.37000159936172317,0.1599991444877756,0.07000179712363817,0.1499997293096449,1.7999986017700382
TKM,0.312488556443,0.0699998383969,0.228412777429,0.366811220163,0.379998941971,0.559999218963,0.329736848353,0.239975377395,0.25215479192,0.252917742043,0.179999826979,0.174869821363,0.261777430579,0.17855680538,0,0,0,0,0.0199999651765,3.70575485471,2.3160055406,4.01180427692,0.801994919989,3.74007168524,2.39997996895,2.26999005252,1.6200313903,0,0.25999887341,1.14187253687,0,0.960067095448,0,0,0,0,0,0,0,0,0,0,0,0,0,0.149999957418,0.190000114579,0.298510675456,0.239999368083,0.0799999630638,0.1,0.170000572218,0.199999223314,0.218897737136,0.0300000339557,0.179998629326,0.149998099844,0.0400002814419,0.0784855286537,0.070000457435,0.180000316137,0.0399843219114,0.0700005336637,0.0557899117364,0.318523225994,0.0300001723669,0.0400614822115,0,0,0,0.471514697623,0.0293664234589,0.150001123774,0.0799995001575,0.0799999856065,0.0799991187815,0.369996937402,0.160000588572,0.0700009043935,0.150000051726,1.79999860177
TLS,0.262275108575,0.0700001368803,0.226562881778,0.397620148276,0.379996542213,0.559273515496,0.304380019685,0.23959816056,0.0536704472106,0.27000089181,0.179999816955,0.141234215382,0.251185155825,0.187799023088,0,0,0,0,0.019999943979,4.08471693033,2.3724729506,2.6231784744,0.370343530969,3.75000720442,2.4000155372,2.26999773937,1.6200313903,0,0.222890175962,1.14296834513,0,0.853865541847,0,0,0,0,0,0,0,0,0,0,0,0,0,0.156705710171,0.180123833096,0.345477813502,0.240000929138,0.083054575775,0.100427086233,0.169999207395,0.200001626643,0.218567071349,0.030000162184,0.179997541213,0.162214123557,0.0400002271112,0.153615957503,0.0699998582164,0.0933328361109,0.0400003745106,0.0633333310118,0.0458324721036,0.0584223976664,0.030000376873,0.040529374898,0,0,0,0.488145727552,0.0285682454008,0.14999849753,0.0843158168314,0.0800003318194,0.073332801556,0.37000002338,0.15999994895,0.0700011164965,0.150000427879,1.79999860177
TTO,0.26227220416741354,0.07000072732005527,0.22999953503510484,0.44539198127850604,0.3799883200311466,0.557838066015384,0.3043800196845346,0.23959816056045707,0.13444326093193726,0.2700060350030175,0.18000031246663767,0.10999999999999999,0.23000201597928846,0.18516099865793118,0,0,0,0,0.019999999999999997,3.990023290576007,2.740004731488053,5.234751308996119,0.29291901786074187,3.750130357701533,2.400020660445577,2.2700208657830543,1.620031390298208,0,0.25999653370967346,1.1499716116473355,0,0.85386554184749075,0,0,0,0,0,0,0,0,0,0,0,0,0,0.1499997694439449,0.16037300088311024,0.3317950270829693,0.2399994981976934,0.07999999999999999,0.09999999999999999,0.16999941129143034,0.20000218301288522,0.21999601275917063,0.029999357959166202,0.17999904255828425,0.15000100274752823,0.03999977480774211,0.14345331606151146,0.07000013609700996,0.1800043813086632,0.04000030511292992,0.06999952960897678,0.06757167767340407,0.04079033412241253,0.02999933351106372,0.04000066363606198,0,0,0,0.46999755856632863,0.02799124317885485,0.15,0.08000192104504851,0.08000051127793921,0.08000039427512518,0.3700136612021858,0.1599996313160175,0.06999927036591148,0.1499997293096449,1.7999986017700382
TUN,0.28219472737823875,0.06999898610970294,0.22999975085332736,0.3020739829842732,0.3800004285374834,0.557838066015384,0.46919639594491597,0.24450456350018418,0.33194305594433554,0.251493979140505,0.18000083603167918,0.2037003350841676,0.2617774305792236,0.17510332288194078,0,0,0,0,0.019999239601551214,3.9900506299305305,2.7400161030595815,3.6124336817775906,0.4560821264240225,3.749955488293421,2.4000417144644905,2.2699971159969725,1.620031390298208,0,0.2599964904071128,1.1499891738067989,0,0.85386554184749075,0,0,0,0,0,0,0,0,0,0,0,0,0,0.15000006708830924,0.19000070342097067,0.2832736930611139,0.2400012633307716,0.08,0.09999543316436042,0.16999906375807508,0.20000726506593047,0.21856707134894976,0.030000226357010277,0.17999427453599887,0.15,0.04000013414985881,0.087539916270977,0.06999999999999999,0.17999817622628056,0.03979377377600821,0.0699982360797292,0.06492645018040522,0.07753286131292109,0.029999380881624568,0.040001569920326545,0,0,0,0.4699980552752091,0.028558779171134974,0.15000000000000002,0.07999801271860095,0.08000109011875481,0.07999950407895064,0.3699980907671747,0.15999815659707822,0.07000117550252732,0.1499997293096449,1.7999986017700382
TUR,0.4254748417516492,0.06999819525831746,0.2300032850312078,0.18999993879262328,0.37999976602440366,0.5600166857857962,0.3043800196845346,0.23959816056045707,0.13444326093193726,0.251493979140505,0.1800000750015938,0.2037003350841676,0.2617774305792236,0.2199985953576571,0,0,0,0,0.0199997126023854,3.989999506757423,2.7400260259624845,5.105659563787039,0.849592016215859,3.7499920652553396,2.400031064342018,2.2699971159969725,1.620031390298208,0,0.25999111505997335,1.1499441340782124,0,1.1299914209951645,0,0,0,0,0,0,0,0,0,0,0,0,0,0.15000019189299024,0.18999989213948523,0.2655859022802678,0.2400006171098103,0.07999969199494872,0.09999999999999999,0.17000706454904627,0.19999770960021068,0.21856707134894976,0.030000595387271727,0.17999944947562554,0.1499928377023349,0.04000050848104001,0.08757408484708738,0.07000199223030183,0.18000344966365778,0.03979377377600821,0.07000072602308753,0.024652391616133657,0.07053095269125503,0.030000329511005668,0.04079406234699368,0,0,0,0.46999919137389246,0.03074222374244211,0.15,0.07999695075468821,0.07999879583358419,0.080000396738807,0.37000401503814284,0.1600055304636372,0.07000012594934318,0.15000182501733764,1.7999986017700382
TZA,0.26589479753143075,0.20000036924622078,0.21968908271367854,0.21099267564139285,0.3800004285374834,0.557838066015384,0.4057254479321029,0.2549918175692298,0.04117304522790727,0.23999997766231676,0.17500086113995247,0.5200001346168299,0.26318643748084225,0.14423849907309444,0,0,0,0,0.020000618658747832,3.9499989433419977,2.739987390914822,3.77372535305474,0.4580644879828667,3.80992791313076,1.1000045271402057,2.2699962448366504,1.620031390298208,0,0.2700032133676093,1.1288837651272834,0,0.5800020054816499,0,0,0,0,0,0,0,0,0,0,0,0,0,0.21249963080012998,0.16000067034237736,0.8217368234392479,0.21000039937697193,0.10999775646418757,0.11999862268438813,0.16999952137079402,0.19000037243903112,0.21999823907492738,0.029999420636913153,0.1199968834869329,0.25,0.020000365003467534,0.17018055739937193,0.06999965939667799,0.017295172256618682,0.024999156459830616,0.13999944138759324,0.08000475919484944,0.8383542239414834,0.030000000000000002,0.10800087600832207,0,0,0,0.48194738089053685,0.09475609281117153,0.0900003388566975,0.09000017152364452,0.09000065121125292,0.08000198373338623,0.3699873467004088,0.1600044242893485,0.0700010579771477,0.1499997293096449,1.7999986017700382
UGA,0.265894084417,0.200000294184,0.21055377066,0.226542628629,0.380001504423,0.558168395458,0.397934263122,0.25498969681,0.134443260932,0.24088436612,0.174999604667,0.447009541639,0.262640441662,0.180816930932,0,0,0,0,0.0200000070631,3.72851004579,2.4855886799,2.58237287651,0.476652992631,3.77698126118,1.17202112443,2.269997116,1.6200313903,0,0.254845008328,1.03110594766,0,0.727462622788,0,0,0,0,0,0,0,0,0,0,0,0,0,0.212500833369,0.16008703618,0.364168563576,0.212241521653,0.103590211116,0.114240683436,0.170000624404,0.190676364839,0.219229087633,0.0299999124698,0.127688741046,0.202730594106,0.0287773328932,0.217020049132,0.0699999789937,0.0172952134915,0.0261378670329,0.140000078465,0.0745939563543,0.73607768753,0.030000047419,0.051133322388,0,0,0,0.474938897029,0.0842124685473,0.0899990343551,0.0867447597332,0.0900001468955,0.0799148483799,0.370001010614,0.160000207719,0.0700016834088,0.149999399174,1.79999860177
UKR,0.26227220931952017,0.0700004089645019,0.22999688853785213,0.4453964773369356,0.38000028825297083,0.560001514520465,0.4691930460929017,0.23959816056045707,0.3,0.251493979140505,0.18000014625070648,0.2037003350841676,0.2617774305792236,0.17510332288194078,0,0,0,0,0.02,3.374144621944101,2.7399865526846603,2.8725197212783877,0.902509333493712,3.7500456254334416,2.400019729703068,2.2699971159969725,1.620031390298208,0,0.25999732602446685,1.1288837651272834,0,0.85386554184749075,0,0,0,0,0,0,0,0,0,0,0,0,0,0.14999977883837065,0.18999981382302014,0.32152033066663493,0.23999999999999996,0.08000235082082828,0.09999999999999999,0.16999607535321823,0.2,0.21856707134894976,0.029999587010090714,0.17999538266189544,0.15,0.04000026545618646,0.0875229335594346,0.07000038001140034,0.1799939649969825,0.03999895290699196,0.06999947693273355,0.044007018345701636,0.040946760080550995,0.02999935994538201,0.04000073000693506,0,0,0,0.47713092651375605,0.0280426286462017,0.15,0.07999918599918601,0.07999855793496287,0.0799977959003747,0.36999513338937307,0.1599996313160175,0.0700019592476489,0.15000182501733764,1.7999986017700382
URY,0.2622722314003144,0.07000062055620641,0.1899990266692622,0.44539454701175696,0.3800004285374834,0.5600044131032391,0.3043800196845346,0.23959816056045707,6.73847401818396e-5,0.2700039618132325,0.179999449921461,0.11000072711408419,0.2617774305792236,0.25,0,0,0,0,0.020000663658083357,4.44002746557768,2.740014600062572,4.817202935978432,0.5558543463309629,3.7500456254334416,2.4000211595429537,2.2699971159969725,1.620031390298208,0,0.26001152098312386,1.1500024333268444,0,0.85386554184749075,0,0,0,0,0,0,0,0,0,0,0,0,0,0.1500012027615405,0.18999776735878546,0.24787245843506694,0.2400001354593681,0.08000055698411666,0.09999999999999999,0.1699994112914304,0.2000010720181814,0.21856707134894976,0.029999136093992976,0.17999394423188086,0.18999679127226055,0.04000149106294149,0.06233542355366081,0.07000076606197193,0.1800026795495204,0.03999982813144507,0.07000026671386694,0.025755846250494336,0.04776616011122746,0.030001318391562296,0.04,0,0,0,0.4700000375069857,0.02799284306441286,0.15000064306200403,0.09000140429714927,0.050002361275088544,0.07999682615250338,0.3699980907671747,0.15999422924330953,0.07000268985923071,0.1499997293096449,1.7999986017700382
USA,0.26227260584588336,0.06999970682797643,0.22999227907629677,0.44539338578710397,0.3800035147959391,0.5599969583291089,0.3043800196845346,0.24449657251203266,0.30000255604120335,0.2700028968713789,0.1800001224978716,0.11000078474456564,0.2299984566710394,0.24271268906185922,0,0,0,0,0.020000598372427,3.989990349162357,2.7400080300762855,5.13655050499036,0.4075560036789251,3.7499771876996073,2.400016378291744,2.2699984033210923,1.620031390298208,0,0.2599922012088126,1.1500164251560392,0,1.129995320542817,0,0,0,0,0,0,0,0,0,0,0,0,0,0.15,0.18999868790928284,0.3778105203653691,0.2399997925716449,0.07999856569133677,0.09999999999999998,0.17000274736057144,0.2000010580946889,0.22,0.030000381878588066,0.17999479914525085,0.15,0.0399998788378123,0.17284065911697002,0.06999960027042576,0.17999721958340092,0.04000073934723854,0.07000012303878966,0.07179562046935602,0.05148828192175742,0.03000017405531478,0.04079406234699368,0,0,0,0.4699992947233552,0.02807283848423361,0.15,0.07999864397586277,0.07999962277674043,0.07999999999999999,0.3700077737829171,0.16,0.06999938130297594,0.1499997293096449,1.7999986017700382
UZB,0.2622724125625807,0.06999990897754475,0.23000545401149539,0.44539070147551435,0.3800004285374834,0.5600133836233119,0.3043800196845346,0.23959816056045707,0.017794415407072564,0.251493979140505,0.1800002156175376,0.2037003350841676,0.2617774305792236,0.17510332288194078,0,0,0,0,0.020000365003467534,3.374144621944101,1.6375710537880652,1.7427056571376651,0.6040656253400388,3.724189589825123,2.0361806651518486,2.2699971159969725,1.620031390298208,0,0.2043350587018263,1.1499792617171298,0,0.85386554184749075,0,0,0,0,0,0,0,0,0,0,0,0,0,0.1499998628096044,0.1900005045790549,0.23648213981093202,0.24000139669681206,0.07999914744874036,0.09999999999999998,0.16999887867234809,0.19879298733208495,0.21856707134894976,0.029999324095978372,0.17999642154231524,0.16221412355665607,0.03999993391171596,0.06767937887992394,0.06999945405647903,0.18000226603217764,0.04,0.06999772882125824,0.03472120511210943,0.10341437492307289,0.030000000000000002,0.04079406234699368,0,0,0,0.4773959339626319,0.02769620381631102,0.15000111689414078,0.0829465752972641,0.08000088378258949,0.07999682615250336,0.37000159936172317,0.1599991444877756,0.07000179712363817,0.1499997293096449,1.7999986017700382
VCT,0.26227244415070833,0.06999988598206498,0.21968908271367854,0.4453919588764457,0.3800004285374834,0.5599927000033181,0.3043800196845346,0.23959816056045707,0.13444326093193726,0.26999558108705257,0.18000269394974028,0.10999957038610014,0.23000049351033905,0.13999995281828198,0,0,0,0,0.02000019691389185,3.990023420628403,2.739908022483393,1.759469457572156,0.5759603338541822,3.7498696461824954,2.3999660470248707,2.2699971159969725,1.620031390298208,0,0.2599930027114493,1.1288837651272834,0,0.85386554184749075,0,0,0,0,0,0,0,0,0,0,0,0,0,0.15,0.19,0.3209783058735358,0.23999996070421967,0.08000119071539669,0.1,0.16999138508662776,0.20000092097356117,0.2199985793277229,0.029999650382830804,0.18000020744520853,0.16221412355665607,0.04000162223544044,0.20178904898491865,0.06999871679712563,0.18,0.04,0.0699999456901655,0.06757167767340407,0.15227660476659163,0.03000010503414577,0.04,0,0,0,0.4699956707466345,0.0285600714354171,0.15000121262095895,0.0800054499625315,0.080000384848514,0.08,0.37000486670632127,0.16000265454424792,0.06999739854318418,0.1499997293096449,1.7999986017700382
VEN,0.26227267518671304,0.06999946785067616,0.1900048667721134,0.4453940167058793,0.3800004285374834,0.5599906410856341,0.3043800196845346,0.23959816056045707,0.13444326093193726,0.26999982836448516,0.18000076081305555,0.10999945684645049,0.2300032647730983,0.15872454795494717,0,0,0,0,0.019999999999999997,4.439982579601543,2.7399626895936406,4.789327699157217,0.616979017832264,3.7500456254334416,2.399990875079843,2.269996244836651,1.620031390298208,0,0.25999136115760485,1.1288837651272834,0,0.85386554184749075,0,0,0,0,0,0,0,0,0,0,0,0,0,0.14999950113242938,0.19000168307303242,0.2745559297117379,0.23999930731132896,0.08,0.09999999999999999,0.17000101544060256,0.2,0.2199983731414211,0.03,0.18000255348642094,0.16221412355665607,0.039998898253732165,0.3967823191372484,0.07000057448153041,0.18000405479769455,0.03999967774680567,0.07000019106941552,0.07998128335957116,0.046565608992417344,0.030000000000000002,0.04000066363606198,0,0,0,0.47000139851439415,0.028002085923427265,0.14999614167759856,0.09000080379390725,0.04999940515138897,0.08,0.36999010973484675,0.16000221214467428,0.07000020908691743,0.1499997293096449,1.7999986017700382
VNM,0.262275108575,0.0700001368803,0.226562881778,0.397620148276,0.379996542213,0.559273515496,0.304380019685,0.23959816056,0.0536704472106,0.27000089181,0.179999816955,0.141234215382,0.251185155825,0.187799023088,0,0,0,0,0.019999943979,4.08471693033,2.3724729506,2.6231784744,0.370343530969,3.75000720442,2.4000155372,2.26999773937,1.6200313903,0,0.222890175962,1.14296834513,0,0.853865541847,0,0,0,0,0,0,0,0,0,0,0,0,0,0.156705710171,0.180123833096,0.345477813502,0.240000929138,0.083054575775,0.100427086233,0.169999207395,0.200001626643,0.218567071349,0.030000162184,0.179997541213,0.162214123557,0.0400002271112,0.153615957503,0.0699998582164,0.0933328361109,0.0400003745106,0.0633333310118,0.0458324721036,0.0584223976664,0.030000376873,0.040529374898,0,0,0,0.488145727552,0.0285682454008,0.14999849753,0.0843158168314,0.0800003318194,0.073332801556,0.37000002338,0.15999994895,0.0700011164965,0.150000427879,1.79999860177
VUT,0.262275108575,0.0700001368803,0.226562881778,0.397620148276,0.379996542213,0.559273515496,0.304380019685,0.23959816056,0.0536704472106,0.27000089181,0.179999816955,0.141234215382,0.251185155825,0.187799023088,0,0,0,0,0.019999943979,4.08471693033,2.3724729506,2.6231784744,0.370343530969,3.75000720442,2.4000155372,2.26999773937,1.6200313903,0,0.222890175962,1.14296834513,0,0.853865541847,0,0,0,0,0,0,0,0,0,0,0,0,0,0.156705710171,0.180123833096,0.345477813502,0.240000929138,0.083054575775,0.100427086233,0.169999207395,0.200001626643,0.218567071349,0.030000162184,0.179997541213,0.162214123557,0.0400002271112,0.153615957503,0.0699998582164,0.0933328361109,0.0400003745106,0.0633333310118,0.0458324721036,0.0584223976664,0.030000376873,0.040529374898,0,0,0,0.488145727552,0.0285682454008,0.14999849753,0.0843158168314,0.0800003318194,0.073332801556,0.37000002338,0.15999994895,0.0700011164965,0.150000427879,1.79999860177
WSM,0.262272357664,0.0699999206974,0.225874085071,0.445392994118,0.380003225841,0.560004368011,0.370306285224,0.240580787636,0.148830807239,0.269999915807,0.179999674868,0.110000959704,0.255421662798,0.18960814949,0,0,0,0,0.0200003114703,4.35002053946,2.74001042726,2.98043981553,0.460314136176,3.7499955954,2.40000686176,2.269997116,1.6200313903,0,0.260001111096,1.15000340676,0,0.915538383041,0,0,0,0,0,0,0,0,0,0,0,0,0,0.149999601699,0.189999191646,0.314501697186,0.240000110945,0.0878325938161,0.1,0.170002415379,0.200001284381,0.218567071349,0.0300001565812,0.180001521785,0.17644271495,0.0400003792017,0.215616176624,0.0700005116221,0.102002186471,0.0400001947229,0.0640000227711,0.067581619803,0.0482268719013,0.0300003566895,0.0400002280294,0,0,0,0.513706006029,0.0300178472871,0.15000163248,0.0860005013225,0.0800007447449,0.0740000740134,0.369997965509,0.159999883637,0.0700003897624,0.150001890655,1.7999985395
YEM,0.4254751005687335,0.07000119953095892,0.21968908271367854,0.19000047471108555,0.3800004285374834,0.5599936733502043,0.8124881596568206,0.20454454649980688,0.13230612952467505,0.251493979140505,0.17999882622219612,0.11000202778059415,0.2617774305792236,0.17510332288194078,0,0,0,0,0.019999999999999997,3.9899476439790575,2.740016653169235,4.719522611586837,0.4363755859618828,3.724189589825123,2.400081111223766,2.2699971159969725,1.620031390298208,0,0.259998440180939,1.1499956548188057,0,1.129995320542817,0,0,0,0,0,0,0,0,0,0,0,0,0,0.1500006293820727,0.18999346452690435,0.21482478475372868,0.2400023120814513,0.08000250752256771,0.09999999999999999,0.17000274736057144,0.19999598377444877,0.21856707134894976,0.029999208672944526,0.1799951333323791,0.15000055708444285,0.03999985227642036,0.3113035097693363,0.07000066777963272,0.18000100195380994,0.04000114724946939,0.07000005788477456,0.0800009228923446,0.07388360326961732,0.03000010503414577,0.03999927001970947,0,0,0,0.46999840451582325,0.032773479931650654,0.150001061052989,0.07999749436231521,0.08,0.07889487089876368,0.36999708000778664,0.1599991444877756,0.07000179712363817,0.1499997293096449,1.7999986017700382
ZAF,0.2658943315775526,0.1999991466976131,0.1899990875079843,0.21099237815477614,0.3800097335442268,0.5599824098504838,0.40572937429051964,0.254986951034291,0.017322911280756713,0.251493979140505,0.17500014694040683,0.5199933151356471,0.2617774305792236,0.17510332288194078,0,0,0,0,0.020000608346514175,3.949995022729535,2.739956671219329,3.615719044319863,0.47142614835680063,3.810000995454093,1.0999915117562178,2.2699971159969725,1.620031390298208,0,0.26999846852825565,1.1288837651272834,0,0.85386554184749075,0,0,0,0,0,0,0,0,0,0,0,0,0,0.2125001773879972,0.15999955432913535,0.32297526811133165,0.2099973068147749,0.11000098677718571,0.12000097340179593,0.1699997819593136,0.1899984157997571,0.21856707134894976,0.030000000000000006,0.12000152276534187,0.24999598909032572,0.020000217912399212,0.1155912537674617,0.06999800737677253,0.017295872355185572,0.024999999999999998,0.1399994047855244,0.07627400145831646,1.3288192281184905,0.029999198311108737,0.10799740449347069,0,0,0,0.46999983036375664,0.09999986253464127,0.09000084882437824,0.0900013340448239,0.08999946204744742,0.07999682615250338,0.3699995290349927,0.160004977256702,0.0700010579771477,0.1499997293096449,1.7999986017700382
ZMB,0.265894310605,0.200000256867,0.20272492838,0.235496276492,0.380000983378,0.559378438567,0.384012934816,0.251690936672,0.0831733777141,0.241642271372,0.175000530461,0.520000401631,0.262679996045,0.203024482191,0,0,0,0,0.0200001358468,3.86773612573,2.42501812799,2.47137651228,0.528299574712,3.79159510661,1.10000118965,2.26999484988,1.6200313903,0,0.255928004409,1.03809225478,0,0.638683449927,0,0,0,0,0,0,0,0,0,0,0,0,0,0.212500024431,0.160026314209,0.477946380072,0.209999187288,0.101070011523,0.117325762545,0.170000618398,0.19062803917,0.219284281363,0.0299999251781,0.119999039902,0.224919687326,0.0199999970465,0.201038326666,0.0700002112422,0.0172953785246,0.0260566590962,0.140000189825,0.0687826661048,0.70242919568,0.0300001236772,0.0983995078109,0,0,0,0.475416471414,0.0901546748333,0.0900004535791,0.0894964694277,0.0900004987891,0.0800004872797,0.369996568357,0.160000179283,0.0700010722664,0.14999972931,1.79999860177
ZWE,0.2658942188297492,0.19999915116121147,0.1900093857545104,0.21099247672611715,0.3800004285374834,0.559988319889039,0.4057238235477564,0.2549866300498663,0.024247614421617894,0.2400001088349491,0.17500459699662885,0.5200246234067206,0.2617774305792236,0.1399970199662263,0,0,0,0,0.02000019691389185,3.9499882924948007,2.7400333108898263,1.7028280855111542,0.7430454461766628,3.8100742182747296,1.099996556592404,2.2700012289541602,1.620031390298208,0,0.26999368288060643,1.1288837651272834,0,0.85386554184749075,0,0,0,0,0,0,0,0,0,0,0,0,0,0.21250097472401383,0.15999928799017427,0.4021840166016516,0.20999909377984427,0.10999669348616775,0.11999938487089978,0.17000101544060256,0.1899996419492284,0.21856707134894976,0.03000023439514333,0.12,0.16221412355665607,0.02000035862860422,0.14048938925368565,0.07000050423557885,0.01729551879141758,0.025,0.13999931195816703,0.07976381096530338,0.8721135939419005,0.030000995321986662,0.10800087600832209,0,0,0,0.4699990853379677,0.099995021201832,0.09000077875554864,0.09,0.09000374953130859,0.08000396746677246,0.37000159936172317,0.1599991444877756,0.07000105797714769,0.1499997293096449,1.7999986017700382
