ISO3,wheat,rice,barley,maize,rye,oats,millet,sorghum,othr_grains,cassava,potato,sweet_potato,yams,othr_roots,sugar_cane,sugar_non,raw_sugar,sweeteners,honey,beans,peas,othr_pulse,nuts,soyabeans,groundnut,seed_sunflower,seed_rape,seed_cotton,coconuts,seed_sesame,preserved_olives,seed_oilcrop,oil_soyabeans,oil_groundnut,oil_sunflower,oil_rape,oil_cotton,oil_palmkernel,oil_palm,oil_coconut,oil_sesame,oil_olive,oil_ricebran,oil_maize,oil_oilcrop,tomato,onion,othr_vegetables,orange,lemon,grapefruit,citrus,banana,plantains,apple,pineapple,dates,grapes,othr_fruits,beef,lamb,pork,poultry,othr_meat,offals,butter,cream,fat_ani,oil_fish_body,oil_fish_liver,eggs,milk,fish_freshw,fish_demrs,fish_pelag,fish_marine,crustaceans,cephalopods,othr_molluscs,fish_aquatic,fish_aquaticplant
AGO,0.02349363338995662,0.016999869463494965,0.06046867398299141,0.024884262456832763,0.026282201429106256,0.04720224842136,0.06028824568019144,0.03650857451439528,0.32534201712275734,0.007000049421099215,0.008655087719298245,0.01100010669036586,0.007956132859622657,0.017552856740076787,0.002699241751881012,0.028332973910350324,4.99987824312953e-4,0.0011000109501040258,0.004999839912912625,0.05716993688116316,0.06981893996912422,0.06960698304038397,0.06368929483758788,0.0649995320542817,0.038999511161805445,0.053263646538300936,0.08055489442710195,0,0.024272860698104783,0.11799931866848355,0.03205035926268101,0.10767226330727073,0.001,3e-4,2.9999668181969003e-4,0.013249506953740673,0.005636837100972728,0,9.999999999999999e-5,3.8015499723488213e-4,0.008380336491100008,0.005600000000000001,0.0015378965526206838,3.767780281208235e-4,8.845210731673149e-4,0.006000018830973185,0.002999988734552255,0.014018129321165878,0.001,0.006575856373017483,0.002242866576085852,0.008600144994397943,0.003,0.00918038375485462,0.001,0.005111140624000865,0.009619449702931387,0.007999624577649855,0.007321702144979167,0.020999927567724178,0.023666354901794067,0.013999840663996581,0.009800160954293494,0.020999751717288753,0.04178387125172401,3.0000552730488617e-4,4.265756810186272e-4,0.006292511199161296,0,1.444193344015457e-6,0.023457684527449778,5.025532738991697e-4,0.009000433087916846,0.002,0.010999629309279625,0.031000721358777628,0.016000292002774027,0.053001198267121394,0.065410625226476,0.016016430739081065,0.024999924180160345
ALB,0.012006706831800166,0.016,0.03600009124920157,0.011247878579353696,0.02630039224231859,0.04720224842136,0.0536937535590141,0.03650857451439528,0.32534201712275734,0.007848096411814201,0.0073000014844944545,0.006100057121096725,0.007956132859622657,0.017552856740076787,0.002699241751881012,0.028332973910350324,0.003699908750096197,0.0010999983383920065,0.004199960325332275,0.06739998926470926,0.06981893996912422,0.07847342069309368,0.029818428350571975,0.15700259152461948,0.045799874856606526,0.053263646538300936,0.08055489442710195,0,0.024300421151146466,0.1082110163421041,0.03320044493006132,0.10767226330727073,5.000121669302835e-4,3.000036500346753e-4,3.0000000000000003e-4,0.013249506953740673,0.005636837100972728,0,0.009824964667071738,3.8015499723488213e-4,0.008380336491100008,0.0056001338362331185,0.0015378965526206838,3.767780281208235e-4,8.845210731673149e-4,0.002700028048876966,0.0020999419764102414,0.006637590531054067,0.0014000150082009097,0.005999999999999999,9e-4,0.008600188967221456,0.0026000371271812216,0.00918038375485462,0.0012,0.0028999475165799897,0.010200002191804843,0.0029000178036026297,0.002901724703504867,0.018300057795591556,0.028299757613797983,0.006900002382597508,0.02400006865008195,0.03105144094161057,0.040484044857779074,2.0000353244551203e-4,2.9999087507984304e-4,0.006292511199161296,0,1.444193344015457e-6,0.017500072562073952,3.6849302874345793e-4,0.007000066143398889,0.003399940164076401,0.010200013954461941,0.004600158702168929,0.005899914413734078,0.053000931423914314,0.039499576809140916,0.016016430739081065,0.024999924180160345
ARE,0.034039166543428,0.016000273223249557,0.06046867398299141,0.0271,0.026282201429106256,0.04971397177680565,0.0536937535590141,0.03650857451439528,0.32534201712275734,0.002700076370052406,0.007300004022040784,0.0060999608267852615,0.007956132859622657,0.02220038535645472,0.002699241751881012,0.028332973910350324,0.0036999743226811366,0.0010999854000389333,0.00419998672727876,0.0673998915653319,0.0482,0.05738553459535965,0.053338767981993294,0.15699570119231082,0.045800458306461574,0.053263646538300936,0.08055489442710195,0,0.024299816788936217,0.06359974044232954,0.03320120389344262,0.10767226330727073,4.999999999999999e-4,3.0000365003467536e-4,3.000009102245524e-4,0.013249506953740673,0.005636837100972728,0,9.999999999999999e-5,3.8015499723488213e-4,0.008380336491100008,0.005599820948970457,0.0015378965526206838,3.767780281208235e-4,8.845210731673149e-4,0.002700078263138062,0.002100009772411397,0.00868106816133852,0.001399990198720933,0.006000021271391042,8.999843480982939e-4,0.008599960752676451,0.002599987465661134,0.00918038375485462,0.001199995493820902,0.0029000000000000002,0.010199952250208904,0.002899967524627158,0.0034138665565516067,0.01830033559140187,0.028300138100352923,0.012082690491759068,0.023999485829640167,0.04307490209686214,0.04061911578079852,2.000059612518629e-4,2.999954375399215e-4,0.006292511199161296,0,1.444193344015457e-6,0.018368500056763472,5.42678644042734e-4,0.007,0.0034000167946722135,0.010200097545949277,0.004599993776643744,0.005900018480872297,0.05300022121446742,0.039499642157015284,0.016016430739081065,0.024999924180160345
ARG,0.01922739021434783,0.011400036453197366,0.06046867398299141,0.032806732336599295,0.026282201429106256,0.04200125354864875,0.0536937535590141,0.03650857451439528,0.32534201712275734,0.00499988971480248,0.010000026843187468,0.013500279395583823,0.007956132859622657,0.017552856740076787,0.002699241751881012,0.028332973910350324,0.0010000238100907164,0.014999695326305525,0.007999908750798429,0.06400413675629639,0.06981893996912422,0.07271458607305782,0.02679657384270094,0.0830022659424391,0.038306591973577706,0.053263646538300936,0.08055489442710195,0,0.020799973677860885,0.09499951333463111,0.017000036500346753,0.10767226330727073,0.0036573991607255327,0.006739283990202944,6.743309524489462e-4,0.013249506953740673,0.005636837100972728,0,1e-4,3.8015499723488213e-4,0.008380336491100008,0.0040000243332684446,0.0015378965526206838,3.767780281208235e-4,8.845210731673149e-4,0.010000017669124442,0.0059999849246609935,0.00856748075533579,0.004499986427427455,0.005000050747510834,0.003999925548151732,0.008856062489655349,0.01000008807934187,0.00918038375485462,0.008000057689256818,0.004200029212006135,0.009619449702931387,0.007999798620550773,0.0038587196335456066,0.02499967777880628,0.02200007414547342,0.010700008883361464,0.015000016308797291,0.034451695885539174,0.0506745377074815,0.002,0.001,0.006292511199161296,0,1.444193344015457e-6,0.021000085781968627,0.002174316111165022,0.01300006063178318,0.011000045957994394,0.01,0.011000052898857384,0.011000112309074574,0.014999999999999998,0.030000629762579507,0.016016430739081065,0.024999924180160345
ARM,0.03403921480663169,0.015999858710497812,0.06046867398299141,0.027099961066770487,0.02629984487635733,0.04719991657107101,0.0536937535590141,0.03650857451439528,0.07629747077303625,0.007848096411814201,0.007299997577129868,0.008586790741556658,0.007956132859622657,0.017552856740076787,0.002699241751881012,0.028332973910350324,0.0037000488351847903,0.0010999963861081999,0.0042000435824798435,0.056385282881607914,0.06981893996912422,0.06960698304038397,0.03670238788461898,0.0830022659424391,0.04579925342181668,0.053263646538300936,0.08055489442710195,0,0.02430003119638122,0.06359986373369671,0.033200084231214684,0.10767226330727073,5e-4,0.006739283990202944,3.0000147475224163e-4,0.013249506953740673,0.005636837100972728,0,0.009824964667071738,4.0000235482503654e-4,0.008380336491100008,0.005599936733502044,0.0015378965526206838,3.767780281208235e-4,8.845210731673149e-4,0.0026999808262026855,0.0020999929015924094,0.00781533437628046,0.0013999941221994729,0.00600002664251079,8.99996375366982e-4,0.0086001514838532,0.0025999969337850886,0.00918038375485462,0.001200007296355673,0.0028998871425032343,0.010199879671101008,0.0029000009791346412,0.003060568676370122,0.018300099144010165,0.028300311118388734,0.006899964094615067,0.024,0.03105144094161057,0.04563624866232124,2.0000203396725312e-4,3.000036500346753e-4,0.006292511199161296,0,1.444193344015457e-6,0.01771468977585658,3.481114539891286e-4,0.006999853651397629,0.00339996157909903,0.010200181068302987,0.004600014426891726,0.005900018980041757,0.027995305972564985,0.03949957680914092,0.016016430739081065,0.024999924180160345
ATG,0.019227574474268122,0.011400131661939015,0.06046867398299141,0.0328066771791192,0.026282201429106256,0.04199941208172064,0.0536937535590141,0.03650857451439528,0.32534201712275734,0.0050001975113569035,0.009999999999999998,0.01350006225653249,0.0069999352037840995,0.017552856740076787,0.002699241751881012,0.028332973910350324,9.999972852349358e-4,0.015000220409962533,0.007999915117562177,0.06400020419623258,0.054998942022852305,0.06960698304038397,0.037958091754519134,0.0839997345455752,0.03400032686859883,0.053263646538300936,0.08055489442710195,0,0.02079971923256902,0.1082110163421041,0.016999627560521414,0.10767226330727073,0.0036573991607255327,0.006739283990202944,6.743309524489462e-4,0.013249506953740673,0.005636837100972728,0,0.009824964667071738,3.8015499723488213e-4,0.008380336491100008,0.003999922342160441,0.0015378965526206838,3.767780281208235e-4,0.001999958045772063,0.010000062763213226,0.006000253990690689,0.009458240986114046,0.004500031191226107,0.004999942827739981,0.003999929727165721,0.004000048453133707,0.01,0.006,0.007999961004333393,0.004200016692400784,0.01199977079990832,0.00799992760355708,0.006180494355455262,0.025000127020257192,0.021999435187800058,0.01069991439336022,0.014999662235919888,0.03105144094161057,0.04503434254802888,7.664629436760258e-4,0.001,0.006292511199161296,0,1.444193344015457e-6,0.0202429623617337,0.0021665345730072457,0.012999683100185613,0.010999922089774839,0.010000195979801015,0.011000176519466652,0.010999863126197645,0.014999910801891,0.029999750243512573,0.016016430739081065,0.024999924180160345
AUS,0.012006497264431272,0.016000080811890124,0.06046867398299141,0.011247918285777729,0.026300520892741718,0.04720063581773225,0.0536937535590141,0.03650857451439528,0.32534201712275734,0.0026999802488643096,0.007300002545431049,0.006100057030606425,0.007956132859622657,0.020177176295938272,0.002699241751881012,0.028332973910350324,0.0037000476815346366,0.0010999907442060743,0.004199980789549515,0.06739970191927487,0.04820008212553039,0.047770415026655376,0.04570537523686658,0.1570005367686527,0.04580087990875021,0.053263646538300936,0.08055489442710195,0,0.024299548305332593,0.1082110163421041,0.03319924204771372,0.10767226330727073,5.000100274752823e-4,3e-4,3.000048666536889e-4,0.013249506953740673,0.005636837100972728,0,1.000023297894647e-4,3.9999999999999996e-4,0.008380336491100008,0.0056001375370292004,0.0015378965526206838,3.767780281208235e-4,8.845210731673149e-4,0.002699998547607021,0.002099988350225506,0.007086082027338551,0.0014000071103948046,0.005999999999999999,9.000034434075963e-4,0.008599555206698065,0.002599998591817049,0.00918038375485462,0.0012000011533759315,0.0029000518450059735,0.01019999723378653,0.0029000048470747904,0.0032586140152684614,0.01829984259564853,0.028299835473283012,0.006899948146806563,0.023999857113332093,0.03819925842334354,0.04130347994178318,2.0000000000000004e-4,2.9999087507984304e-4,0.006292511199161296,0,1.444193344015457e-6,0.017500189167860898,3.0087575643043054e-4,0.0070000782350179945,0.003400014005275321,0.01019997525441554,0.004599836734693878,0.005900119055078639,0.05299964998249912,0.03949935730529646,0.014999543753992152,0.024999924180160345
AUT,0.012006628519695051,0.016000476086568405,0.03599987833254757,0.011247835532467903,0.026299935078987233,0.047199983867389946,0.0536937535590141,0.03650857451439528,0.32534201712275734,0.007848096411814201,0.007300001252144298,0.006100070972320795,0.007956132859622657,0.017552856740076787,0.002699241751881012,0.028332973910350324,0.00370002758566858,0.0011000128664395855,0.004200019043387184,0.06739986552684661,0.04819911470062903,0.07171152030931645,0.03649761304796231,0.15700014941620954,0.045798094898958426,0.05249977087343048,0.08055489442710195,0,0.024300891671409596,0.06359973607737986,0.03320018507094386,0.05729907232575322,5e-4,3.000060834651417e-4,3.0000239083830763e-4,0.013249506953740673,0.005636837100972728,0,1e-4,4.000123727922299e-4,0.008380336491100008,0.005599863551083063,0.0015378965526206838,3.767780281208235e-4,8.845210731673149e-4,0.002699987001438095,0.0021000098681281123,0.007638591051768188,0.00140000817761786,0.006000000000000001,9.00005644933672e-4,0.008599686028257458,0.0025999990292534473,0.00918038375485462,0.0012000131391087865,0.002899996790654386,0.01019997707999083,0.0028999789848580372,0.003055883622646832,0.018300144043005003,0.028299774451507075,0.00689999345367797,0.023999916047517104,0.03610198644477563,0.048427652656767316,1.999973029829009e-4,3.00000473410878e-4,0.006292511199161296,0,1.444193344015457e-6,0.01781364189056185,3.2038840122570984e-4,0.0070001088257699426,0.0034000431701262726,0.010199942600210466,0.004600154828720727,0.0058999133500302675,0.05300013825521913,0.03949938669119902,0.015,0.024999924180160345
AZE,0.034039191178010186,0.016000033796343238,0.03600029200277403,0.027099863811160623,0.026299396534942572,0.047202248421360005,0.0536937535590141,0.03650857451439528,0.07148023725788671,0.007848096411814201,0.007300335322204573,0.008586790741556658,0.007956132859622657,0.017552856740076787,0.002699241751881012,0.028332973910350324,0.0036999580432130652,0.0010999732929760527,0.004199991239980727,0.056385282881607914,0.06981893996912422,0.06960698304038397,0.03687970639913775,0.0830022659424391,0.04580074390795008,0.053263646538300936,0.08055489442710195,0,0.024299150698392648,0.1082110163421041,0.03319936734528348,0.10767226330727073,4.999913096376119e-4,0.006739283990202944,3.0000152084315543e-4,0.013249506953740673,0.005636837100972728,0,0.009824964667071738,4.0000730006935063e-4,0.008380336491100008,0.005599805337010301,0.0015378965526206838,3.767780281208235e-4,8.845210731673149e-4,0.002700007624478173,0.002100008210499933,0.004663428062605599,0.001400003074463506,0.005999905691516952,9.000295159386068e-4,0.00860005708712923,0.0026000318102292613,0.00918038375485462,0.0011999971982320846,0.0028999475165799897,0.010199879671101008,0.0028999873372923235,0.007344415953350086,0.018299894768564952,0.028300244017001,0.006900044249963125,0.024,0.03105144094161057,0.04365021291499899,2e-4,3.000060834651417e-4,0.006292511199161296,0,1.444193344015457e-6,0.01754726429494053,3.2323497291459865e-4,0.007000371372486604,0.0034000640358600813,0.01020002749518834,0.004599930174246993,0.0058999160492024675,0.027995305972564985,0.065410625226476,0.016016430739081065,0.024999924180160345
BEL,0.012006816983984703,0.015999948165714213,0.036000104286161225,0.011248117743200023,0.02629947229551451,0.04720128824476651,0.0536937535590141,0.03650857451439528,0.32534201712275734,0.007848096411814201,0.007300001194612482,0.008586790741556658,0.007956132859622657,0.017552856740076787,0.002699241751881012,0.028332973910350324,0.0036999859615411143,0.0010999898961832834,0.004200057937427578,0.0673982869379015,0.048198212131522776,0.06268028934845997,0.04582582527203462,0.1570020683781482,0.04580019162623759,0.053263646538300936,0.09210132496258715,0,0.024300145047658518,0.1082110163421041,0.03320002085723225,0.10767226330727073,5e-4,2.999954375399215e-4,2.999981565800874e-4,0.013249506953740673,0.005636837100972728,0,9.999746086559093e-5,4.0001258653241036e-4,0.008380336491100008,0.0056000112309074574,0.0015378965526206838,3.767780281208235e-4,8.845210731673149e-4,0.002699995817202452,0.0021000606428138264,0.008406338633346201,0.0013999845426558293,0.005999898987348165,9.000030608184629e-4,0.008600023548804897,0.0025999667239753757,0.006000092816038612,0.0012000085625935317,0.0028999597236422222,0.010199839562098904,0.002900022544041395,0.003169437986142411,0.018300129943637944,0.028300314123098934,0.006900000490265773,0.02399993972514667,0.04713761995471373,0.03318392555498858,2e-4,2.9999960668169144e-4,0.006292511199161296,0,1.444193344015457e-6,0.01752972554293997,3.03592249769438e-4,0.007000014170929755,0.0033999618962944145,0.01020002456172669,0.004599889285274942,0.005899961124789425,0.053000165907792135,0.039499957438011504,0.015,0.024999924180160345
BEN,0.023493407927156425,0.016999729782001285,0.06046867398299141,0.030573040729637443,0.026282201429106256,0.04720224842136,0.060289384591398085,0.03789016590592287,0.32534201712275734,0.007000028317764718,0.00865500371404421,0.011000067443010656,0.007999867748010366,0.009000044275214733,0.002699241751881012,0.028332973910350324,5e-4,0.0011000104286161226,0.0069636497108592765,0.05716934001539597,0.06981893996912422,0.33197929582343616,0.06356730576375941,0.0830022659424391,0.039000011230781326,0.053263646538300936,0.08055489442710195,0,0.024273399284915217,0.11799964215423152,0.03320010949904188,0.04766715296319744,0.001,2.999955667863634e-4,3.000036500346753e-4,0.013249506953740673,0.005636837100972728,0,1e-4,4.000000000000001e-4,0.008380336491100008,0.005599883198890389,0.0015378965526206838,3.767780281208235e-4,8.845210731673149e-4,0.006000058640135263,0.0030000000000000005,0.011732920069457711,0.001,0.005857089572121277,0.003,0.008856062489655349,0.0030000324044069993,0.00918038375485462,0.001,0.005111046022973282,0.003,0.007999929920459723,0.016747696005107553,0.020999512630980422,0.023666882207134393,0.014000252143217347,0.009799891683215064,0.021291334428000658,0.043789963802497445,7.664629436760258e-4,5.000182501733767e-4,0.006292511199161296,0,1.444193344015457e-6,0.018000000000000002,5.720339646880043e-4,0.0089998704075682,0.001999965695271093,0.011000134486932352,0.03100048446440496,0.015999656475437996,0.027995305972564985,0.065410625226476,0.016016430739081065,0.024999924180160345
BFA,0.02349371724769408,0.016999942968761138,0.06046867398299141,0.030572656696940655,0.026282201429106256,0.04971397177680565,0.06028816002514056,0.037890058579293916,0.48801937485809427,0.0070001639747478885,0.008655051586529102,0.011000315232145959,0.007999636861576172,0.017552856740076787,0.002699241751881012,0.028332973910350324,5.000026526183996e-4,0.0010999956199903638,0.0069636497108592765,0.056385282881607914,0.17900135051282987,0.09453632016158431,0.0320091359507991,0.0649997335748921,0.039000388797275735,0.053263646538300936,0.08055489442710195,0,0.0242717765143539,0.118000795056196,0.03320035040332883,0.10767226330727073,0.001,3.0000651805501237e-4,6.743309524489462e-4,0.013249506953740673,0.005636837100972728,0,1e-4,3.99990478306408e-4,0.008380336491100008,0.005499761669444974,0.0015378965526206838,3.767780281208235e-4,8.845210731673149e-4,0.006,0.0052278829906749124,0.008423396479215027,0.001,0.005857288308162226,0.002999978068732592,0.008856062489655349,0.00300013621503814,0.009000017882369772,9.999999999999998e-4,0.005110879904875148,0.0029999680674415636,0.008000083690178957,0.006161322343048892,0.02099955012064946,0.023666852212635682,0.013999942351483009,0.00980005753739931,0.021933511753469612,0.03910863350850972,2.999954389965792e-4,4.265756810186272e-4,0.006292511199161296,0,1.444193344015457e-6,0.018000216627725257,6.72049272076788e-4,0.00900002204779963,0.005595015618155528,0.011,0.031000572350278373,0.016000292002774027,0.027995305972564985,0.065410625226476,0.016016430739081065,0.024999924180160345
BGD,0.034039473769328796,0.015999991542115507,0.06046867398299141,0.02709952145348366,0.026282201429106256,0.04971397177680565,0.03091056037806857,0.03650857451439528,0.32534201712275734,0.01,0.014000016960723205,0.006999797224877611,0.007956132859622657,0.017552856740076787,0.0037000862359866525,0.0037000618305841997,0.003699979314440522,0.0037000667216138786,0.0069636497108592765,0.06400014599961067,0.06200029795898098,0.06103493719584329,0.03523487506227721,0.06599819553805773,0.045800077866459024,0.053263646538300936,0.08055489442710195,0,0.02430070543642298,0.1082110163421041,0.03205035926268101,0.10767226330727073,5e-4,2.9999594452104797e-4,6.743309524489462e-4,0.013249506953740673,0.005636837100972728,0,1e-4,4.000060832801046e-4,0.008380336491100008,0.005499761669444974,6.99990875079843e-4,3.767780281208235e-4,8.845210731673149e-4,0.002700021110407431,0.0020999841734588905,0.01121691170422307,0.0013999782738580197,0.0060000313440320965,0.0011000074451848268,0.008600041863994348,0.002599985500592059,0.00918038375485462,0.0012000000000000001,0.00289997226074896,0.009619449702931387,0.0028999943483666783,0.0037448486060155787,0.018299579103738552,0.015699801400648063,0.012082690491759068,0.009000166777851901,0.02782844860309162,0.043465656541439905,2e-4,4.265756810186272e-4,0.006292511199161296,0,1.444193344015457e-6,0.0238222706828404,4.651635917430197e-4,0.007000219218867096,0.003399940164076401,0.01100006312732782,0.004599930174246993,0.005900021213671587,0.027995305972564985,0.065410625226476,0.016016430739081065,0.024999924180160345
BGR,0.012006635094802189,0.0159994482583,0.03600021791239922,0.011247946761478078,0.026299567411679887,0.04719991657107102,0.0536937535590141,0.03650857451439528,0.32534201712275734,0.007848096411814201,0.007299996084113248,0.006100193566227302,0.007956132859622657,0.017552856740076787,0.002699241751881012,0.028332973910350324,0.0036999998599386813,0.001099998118567854,0.004199946585952106,0.06739962610166474,0.04820106371884451,0.06060064626169351,0.03267692590521566,0.15699425130030112,0.045799078821586854,0.052500906722938445,0.08055489442710195,0,0.024299721424027722,0.06360069349393194,0.03320034802538039,0.10767226330727073,5.000000000000001e-4,2.999923960155121e-4,3.0000083908103846e-4,0.013249506953740673,0.005636837100972728,0,0.009824964667071738,3.8015499723488213e-4,0.008380336491100008,0.005600036500156429,0.0015378965526206838,3.767780281208235e-4,8.845210731673149e-4,0.002700060845822835,0.0021000188005264146,0.006221595033345267,0.0014000109675751475,0.006000064981480278,8.999958262030968e-4,0.008599882260596546,0.0025999180937068666,0.006000054254943981,0.0012000213100343624,0.002900036616623947,0.010199879671101008,0.0029000189684606228,0.0036251076621320374,0.018299651366325748,0.028299309772932366,0.006900027563894919,0.02399996733920683,0.03311777037928366,0.036771778435837926,2.0000731314904197e-4,2.9999668181969003e-4,0.006292511199161296,0,1.444193344015457e-6,0.01770868642866914,3.8603306552207353e-4,0.007000173943294487,0.003399997132739811,0.010200111669458403,0.0045999365230500674,0.0058999659334241774,0.053001198267121394,0.03950040408493131,0.015000182501733765,0.024999924180160345
BHS,0.012006829652746683,0.016000006916155447,0.0360003842090097,0.01124799665025484,0.02629988320031146,0.047198768689533856,0.0536937535590141,0.03650857451439528,0.32534201712275734,0.0026999974135478366,0.007299995842003359,0.006100111767523552,0.007956132859622657,0.017552856740076787,0.002699241751881012,0.028332973910350324,0.0037000262161706915,0.0010999977953010517,0.0042001251433934714,0.06740067017711825,0.04819933813509831,0.06960698304038397,0.037958091754519134,0.15699881376037958,0.04579888268156424,0.05249814126394052,0.08055489442710195,0,0.024300420321446824,0.1082110163421041,0.03320010949904188,0.0572993682732803,4.999913096376119e-4,0.006739283990202944,6.743309524489462e-4,0.013249506953740673,0.005636837100972728,0,0.009824964667071738,4.000024333268444e-4,0.008380336491100008,0.005599928781269474,0.0015378965526206838,3.767780281208235e-4,8.845210731673149e-4,0.0027000268586705742,0.002100024881811396,0.007413197703732801,0.0014000026874676664,0.005999941628725338,9.000037981139652e-4,0.008856062489655349,0.0025999331792874486,0.006000038995476524,0.0011999873164853982,0.002900084198708953,0.010199743301780844,0.0028999613529335985,0.00398314344564467,0.01830013850145329,0.02830041815252611,0.006899924659370969,0.024000151082918295,0.03105144094161057,0.03430343289252754,2.0000261431073698e-4,3.0000152084315543e-4,0.006292511199161296,0,1.444193344015457e-6,0.018708517684319782,5.058467169771981e-4,0.006999703908409,0.003399866748098384,0.010200233558346861,0.004600109156555691,0.005899991115586223,0.052999299487519816,0.039501091967968936,0.015,0.024999924180160345
BIH,0.012006738942825763,0.016,0.03600027756574839,0.011247802608946688,0.026300330785901677,0.04720043800187715,0.0536937535590141,0.03650857451439528,0.027152189313775617,0.007848096411814201,0.007299999286412582,0.006100070972320794,0.007956132859622657,0.017552856740076787,0.002699241751881012,0.028332973910350324,0.0036999222336502524,0.0011000174895632931,0.004199940582293523,0.06739958160826981,0.048201384518565135,0.05292565701586957,0.03261797234585018,0.15700026071734516,0.04579904100765762,0.053263646538300936,0.08055489442710195,0,0.024300534864458885,0.1082110163421041,0.03319949942642612,0.05729995320542817,5e-4,0.006739283990202944,2.999985311829852e-4,0.013249506953740673,0.005636837100972728,0,1.0000000000000002e-4,3.8015499723488213e-4,0.008380336491100008,0.005600025391182911,0.0015378965526206838,3.767780281208235e-4,8.845210731673149e-4,0.002700015359368811,0.002099992586934311,0.0057996960058265875,0.0013999902232216263,0.006,9.000012753312673e-4,0.008856062489655349,0.0025999808190275246,0.00918038375485462,0.0012000027889205482,0.002899961352933599,0.010199879671101008,0.0028999864682966434,0.0022944761522855203,0.01830014746779613,0.028299529885829414,0.006899892288768077,0.024000064648815513,0.03105144094161057,0.03867621005729589,2.000056366608421e-4,3.0000579374275777e-4,0.006292511199161296,0,1.444193344015457e-6,0.01749997087027953,3.212694509865568e-4,0.007000042022103626,0.003399997132739811,0.010199924556771031,0.004599984740978103,0.005899846704138989,0.05300150829562594,0.03950016457422297,0.016016430739081065,0.024999924180160345
BLR,0.012006949344041382,0.015999799312645814,0.03599974102070216,0.011247926455188264,0.026299428705782345,0.04719971252185359,0.0536937535590141,0.03650857451439528,0.028834145268879292,0.007848096411814201,0.007299868421605761,0.008586790741556658,0.007956132859622657,0.017552856740076787,0.002699241751881012,0.028332973910350324,0.0036999855225768544,0.0010999951006810053,0.004200020857232246,0.056385282881607914,0.06981893996912422,0.06960698304038397,0.034467575025593,0.15700094073377233,0.04579871087986332,0.053263646538300936,0.08055489442710195,0,0.024299627111208595,0.1082110163421041,0.033200006083372625,0.10767226330727073,5.000110607233713e-4,0.006739283990202944,3.0000082954507746e-4,0.013249506953740673,0.005636837100972728,0,0.009824964667071738,3.9999087507984303e-4,0.008380336491100008,0.005599824804730273,0.0015378965526206838,3.767780281208235e-4,8.845210731673149e-4,0.0027000032765041883,0.002100004819841221,0.0074515920699057886,0.001400027595813321,0.005999999999999999,9.000233453951208e-4,0.008600041863994348,0.0026000110204981264,0.0060001123090745725,0.0011999900100092022,0.0029000850340136055,0.010199947857128532,0.0029000270929287458,0.002555807864661563,0.018300047593026742,0.028300543455365042,0.00689996475660649,0.023999762920275104,0.036391491807990804,0.03447927080212114,2e-4,3.000058872012245e-4,0.006292511199161296,0,1.444193344015457e-6,0.01776990391374612,3.0047915239279015e-4,0.006999927604430609,0.003400041462234814,0.01019975475653653,0.004599906651108519,0.005899910779463054,0.05300022121446742,0.03950010579771477,0.016016430739081065,0.024999924180160345
BLZ,0.01922746619882865,0.01139997319342856,0.06046867398299141,0.023999849742684348,0.026282201429106256,0.04200007087423367,0.0536937535590141,0.059400093857545105,0.32534201712275734,0.005,0.009999888464641431,0.01349970044702521,0.006999956094776742,0.017552856740076787,0.002699241751881012,0.028332973910350324,0.0010000042560616958,0.014999846639879766,0.008000000000000002,0.06399851693169646,0.05499983920761513,0.06960698304038397,0.015422336569556076,0.08400157232704403,0.03400024333202655,0.08100033795201081,0.08055489442710195,0,0.020800286135825102,0.09499945249479869,0.017000036500346753,0.10767226330727073,0.0036573991607255327,0.006739283990202944,6.743309524489462e-4,0.013249506953740673,0.005636837100972728,0,0.009824964667071738,3.8015499723488213e-4,0.008380336491100008,0.004,0.0015378965526206838,3.767780281208235e-4,0.001999962273760457,0.010000168013575497,0.0059999807390429235,0.010257954559014994,0.004500015632557652,0.006575856373017483,0.003999976702331515,0.008856062489655349,0.010000345644021223,0.006000031024346355,0.008000081930277333,0.004199981362407977,0.011999839563613028,0.007999805333852443,0.008167753306625487,0.025000306541597694,0.022000556096204642,0.010699842346973748,0.014999988998585217,0.03105144094161057,0.04503434254802888,7.664629436760258e-4,0.001,0.006292511199161296,0,0.001,0.020999740402088324,0.002171905819860088,0.01300011317978609,0.011,0.01,0.011000174398325775,0.010999656475437995,0.015,0.029999219786221425,0.016016430739081065,0.024999924180160345
BOL,0.01922693315668748,0.011399951537568133,0.041201591415118435,0.03280726230031115,0.027000401503814282,0.04200188146754468,0.0536937535590141,0.03650857451439528,0.05420670981705233,0.005000037675473518,0.010000265454620533,0.01349999207895696,0.007956132859622657,0.010999935860432302,0.002699241751881012,0.028332973910350324,9.999957819729962e-4,0.015,0.007999791427677547,0.0640003550151436,0.05499885940232683,0.07243716816612834,0.023611425323516164,0.08400189801803117,0.03400024333202655,0.053263646538300936,0.08055489442710195,0,0.020800204198838622,0.1082110163421041,0.017000437998832003,0.10767226330727073,0.0036573991607255327,0.006739283990202944,6.743309524489462e-4,0.013249506953740673,0.005636837100972728,0,0.009824964667071738,3.8015499723488213e-4,0.008380336491100008,0.004,0.0015378965526206838,3.767780281208235e-4,0.0019999999999999996,0.009999931926943997,0.006000056926536304,0.013070726688627802,0.004499945096316747,0.005,0.004000153045607591,0.003999901883830455,0.01,0.006000062841983833,0.008000036372894918,0.004199985205459185,0.009619449702931387,0.007999828237718998,0.004787251628064027,0.025000162560391188,0.022000208273671603,0.01070021054904713,0.014999976322057898,0.01908296625693949,0.049875904621797494,7.664629436760258e-4,0.001,0.006292511199161296,0,1.444193344015457e-6,0.021000571483656923,0.0020493470237724497,0.012999458714693435,0.005595015618155528,0.01,0.011000038394102666,0.014914354349504392,0.027995305972564985,0.030000705318098463,0.016016430739081065,0.024999924180160345
BRA,0.019227517678657005,0.011399843998760538,0.06046867398299141,0.0328068141708667,0.027000638744410985,0.042001433940947706,0.0536937535590141,0.03650857451439528,0.024279757967118,0.004999994960292142,0.009999974679121164,0.01350013110742068,0.006999853651397629,0.017552856740076787,0.0037000593941793705,0.04200087479826851,9.999953925755964e-4,0.0149995067574233,0.008000146001387013,0.06399964390238475,0.05500049772704648,0.07002350185424172,0.007719746701815484,0.08399992275158842,0.03400119458455004,0.08099969583291088,0.08055489442710195,0,0.02080000414724804,0.09499954375399215,0.01699930107944397,0.10767226330727073,0.0036573991607255327,0.006739283990202944,6.743309524489462e-4,0.013249506953740673,0.005636837100972728,0,1e-4,3.8015499723488213e-4,0.008380336491100008,0.003999955757595868,6.999726252395291e-4,3.767780281208235e-4,8.845210731673149e-4,0.009999939861742144,0.006000044490912731,0.006514976907167172,0.004500009667496951,0.005000064981480278,0.003999913915551156,0.008856062489655349,0.00999992660065619,0.00918038375485462,0.00800008705998433,0.004200017967030499,0.009619449702931387,0.008000019252798876,0.004513454213456056,0.02499987642583985,0.021999536607970344,0.010700106782027765,0.014999667209045114,0.036976058386297535,0.0514887092248806,0.0020000769526741053,4.265756810186272e-4,0.006292511199161296,0,1.444193344015457e-6,0.022052859647381826,0.002176255277052672,0.013000119837021649,0.010999926113833955,0.01,0.010999908945458329,0.010999858710497811,0.014999516100042859,0.029998886352246783,0.016016430739081065,0.024999924180160345
BRB,0.012007039715612284,0.016000035265671734,0.03600029200277403,0.011247782473186979,0.026300324853086105,0.04720225776105361,0.0536937535590141,0.03650857451439528,0.07629971965470342,0.0026999584651266817,0.007300000635473396,0.006099949931155338,0.005400141476066965,0.017552856740076787,0.002699241751881012,0.028332973910350324,0.0037000122713042685,0.0010999873593730248,0.004200042030283926,0.06740154031463298,0.04820018249897737,0.08271861413533087,0.036140118196734454,0.15700259152461948,0.04580072298459271,0.052498310239945924,0.09210132496258715,0,0.02430025667440764,0.06359891542392324,0.033198740761018336,0.10767226330727073,4.999966452184298e-4,0.006739283990202944,3.000037245335022e-4,0.013249506953740673,0.005636837100972728,0,0.009824964667071738,3.8015499723488213e-4,0.008380336491100008,0.005599938309685379,0.0015378965526206838,3.767780281208235e-4,8.845210731673149e-4,0.002700023559901048,0.0020999892551757126,0.007266181255886971,0.0013999522851981868,0.005999852120226257,9.000080862222324e-4,0.008599787599052364,0.002600018936006817,0.0059999353106705055,0.0011999926151202058,0.0028999568779646398,0.010199999999999999,0.002900012396181976,0.0037886641023008086,0.018299930826459115,0.028300058391621426,0.006899997224458075,0.024000073825085302,0.03105144094161057,0.029549783013150113,7.664629436760258e-4,2.9999367968651245e-4,0.006292511199161296,0,1.444193344015457e-6,0.01749986503899786,3.974179252961925e-4,0.006999969684414758,0.0034000212269157293,0.010200113492222445,0.004599942620599205,0.005899843014128729,0.053000774250635985,0.03949913215968262,0.016016430739081065,0.024999924180160345
BWA,0.023493097346908322,0.016999913095214224,0.06046867398299141,0.024883804857777143,0.0090001196744854,0.047197358129834006,0.06028713886182154,0.0378897781735941,0.4736615187856159,0.007,0.008655019756304434,0.010999913448817341,0.007956132859622657,0.025998589044059144,0.002699241751881012,0.028332973910350324,4.999971606396511e-4,0.0011000096746673234,0.00499990875079843,0.0571694936322647,0.17899443379870425,0.3251063624540885,0.03807321864525639,0.0649990875079843,0.03899945250479058,0.053263646538300936,0.08055489442710195,0,0.024271776514353898,0.1082110163421041,0.033198773633111904,0.10767226330727073,0.001,3.0000629326620517e-4,2.9999898044493384e-4,0.013249506953740673,0.005636837100972728,0,1e-4,4.0000730006935063e-4,0.008380336491100008,0.005599927000033181,0.0015378965526206838,3.767780281208235e-4,8.845210731673149e-4,0.006000050575720282,0.002999986032934341,0.010667716762681094,0.001,0.0058572671888598785,0.003,0.008600367158321201,0.0029999471933252362,0.00918038375485462,0.001,0.0051111035375911665,0.003000020054950565,0.008,0.005814421884677787,0.02100004003362825,0.023666682468948517,0.014000376151965395,0.009800015641234765,0.02106242885010326,0.04445297031454429,3.0000000000000003e-4,5e-4,0.006292511199161296,0,1.444193344015457e-6,0.017999505385681472,5.098031621663846e-4,0.008999731951393851,0.002,0.011000143204926248,0.030999773294037636,0.015999817501596857,0.027995305972564985,0.065410625226476,0.016016430739081065,0.024999924180160345
CAF,0.023493853571917692,0.0169998481430059,0.06046867398299141,0.02488367080710113,0.026282201429106256,0.04971397177680565,0.06028815874126663,0.037890005868718046,0.32534201712275734,0.006999942307394644,0.008655286013776579,0.008586790741556658,0.007999768917323808,0.009000017741334567,0.002699241751881012,0.028332973910350324,5.000034369221674e-4,0.0011000109501040258,0.005,0.056385282881607914,0.17899539410793427,0.33199792749949114,0.037958091754519134,0.0830022659424391,0.038306591973577706,0.053263646538300936,0.08055489442710195,0,0.020550355272908497,0.11799946909115042,0.03205035926268101,0.0476661975890541,0.001,2.999983276053818e-4,6.743309524489462e-4,0.013249506953740673,0.005636837100972728,0,1e-4,3.8015499723488213e-4,0.008380336491100008,0.0056001338362331185,0.0015378965526206838,3.767780281208235e-4,8.845210731673149e-4,0.005999999999999999,0.0052278829906749124,0.011994140404287609,9.999919730938104e-4,0.0058573120189461215,0.002999931815082504,0.008856062489655349,0.003000031734374221,0.009000207702806955,0.004078658003100605,0.0051110955187576015,0.009619449702931387,0.003427910237071163,0.0073030333468744,0.02100006813779409,0.023666733573616552,0.013999913958757566,0.009800283522348232,0.02419531706909516,0.04357866241618695,7.664629436760258e-4,4.265756810186272e-4,0.006292511199161296,0,1.444193344015457e-6,0.01904771249311813,4.999966848117968e-4,0.009000021408233607,0.005595015618155528,0.010999665324584445,0.030999460437363128,0.014914354349504392,0.027995305972564985,0.065410625226476,0.016016430739081065,0.024999924180160345
CAN,0.012006923918286649,0.016000059959003034,0.0359995828553551,0.01124796077477039,0.02629992699968714,0.047200438001877155,0.0536937535590141,0.03650857451439528,0.075896353839798,0.0026999898610970295,0.007300308071013443,0.0060999199573105655,0.007956132859622657,0.02219921194905159,0.002699241751881012,0.028332973910350324,0.0037000110540996224,0.0011000138641526337,0.004199956024626209,0.06739894252089373,0.048200118025047534,0.06314002947667449,0.04354912553941409,0.15699724027419212,0.045799830296173585,0.053263646538300936,0.09210132496258715,0,0.02430000552699939,0.063599310554598,0.0332,0.057299953205428175,5e-4,3e-4,3.0000629326620517e-4,0.013249506953740673,0.005636837100972728,0,1e-4,3.999971923125518e-4,0.008380336491100008,0.005600025391182911,0.0015378965526206838,3.767780281208235e-4,8.845210731673149e-4,0.002699923347221906,0.002099984112251127,0.007341071466435986,0.0013999702661182418,0.006000032590275062,9.000059626736628e-4,0.008600367158321201,0.0026000126824087064,0.00918038375485462,0.0012000038259938018,0.0028999475165799897,0.010199906945402622,0.002900020747366237,0.0035267921875376126,0.018299923833264092,0.028299475753604194,0.006900032233246358,0.023999540321992023,0.036653354943249776,0.04321179469911973,2e-4,2.9999753656153254e-4,0.006292511199161296,0,1.444193344015457e-6,0.017499818038769873,3.000024857792711e-4,0.007,0.0033999324628545703,0.010200038154416375,0.004599999999999999,0.005900161030595813,0.05300022121446742,0.03950054359290571,0.016016430739081065,0.024999924180160345
CHE,0.012006633499170812,0.015999759175779105,0.03599945926459986,0.011248001095119873,0.026300221705510194,0.04719882896412752,0.03833487064770565,0.03650857451439528,0.032030157431245355,0.007848096411814201,0.007299997552096629,0.0061003774010026475,0.007956132859622657,0.01677701772382431,0.002699241751881012,0.028332973910350324,0.0036999906567614697,0.0010999999999999998,0.0042000201379449225,0.0673995882790942,0.04819968165102366,0.061621298650569464,0.04036506497676933,0.15700247079964064,0.045799168152109326,0.053263646538300936,0.08055489442710195,0,0.024299885421720326,0.063599310554598,0.033199963038255405,0.05729995320542817,4.999842673295364e-4,3.0000000000000003e-4,3.00001798032952e-4,0.013249506953740673,0.005636837100972728,0,9.999999999999999e-5,3.999955488293421e-4,0.008380336491100008,0.005600044242893485,0.0015378965526206838,3.767780281208235e-4,8.845210731673149e-4,0.00269995132695909,0.0020999459264599857,0.008562516773411206,0.001399994108279427,0.005999924951687649,9.000049724031625e-4,0.008600023548804897,0.002599991934972838,0.00918038375485462,0.0011999891707501964,0.0028999759722651286,0.010199932121810496,0.002899990173093931,0.003103671223264415,0.018300004189835458,0.028299663809552657,0.0068999945010379295,0.02400008492599054,0.037629671062457855,0.040568558694856476,2.0000258251123392e-4,3.000007700422753e-4,0.006292511199161296,0,1.444193344015457e-6,0.017499896012711406,3.024797456237703e-4,0.006999939905651874,0.003400049143342194,0.010199945559377397,0.004599842827084442,0.005899759933369261,0.05300077425063599,0.03949904211820548,0.016016430739081065,0.024999924180160345
CHL,0.019227303712152144,0.01139996958338179,0.0412002750740584,0.032806340863815536,0.02700009864851534,0.04200020857232245,0.0536937535590141,0.03650857451439528,0.10380929634499814,0.0050001086318899775,0.009999927751407041,0.013500584947354738,0.007956132859622657,0.017552856740076787,0.002699241751881012,0.028332973910350324,9.999645631114877e-4,0.014999720091809887,0.007999791427677547,0.06400033953935827,0.05499956548188059,0.05250202068296659,0.0365899038781424,0.08399965933424178,0.034000102817191034,0.053263646538300936,0.08055489442710195,0,0.02079923426657095,0.09499954375399215,0.016999949655137694,0.10767226330727073,0.0036573991607255327,0.006739283990202944,6.743309524489462e-4,0.013249506953740673,0.005636837100972728,0,0.009824964667071738,3.8015499723488213e-4,0.008380336491100008,0.004000060834651418,0.0015378965526206838,3.767780281208235e-4,0.0019999513334631107,0.009999790492552011,0.006000083843966379,0.010317369630159681,0.004500051276792124,0.005,0.003999862268438813,0.003999973835003532,0.010000113948426943,0.00918038375485462,0.008000149169545171,0.004200070605603517,0.009619449702931387,0.008000075355110959,0.004763686834267207,0.02499991876074389,0.021999536607970344,0.010699983427368588,0.015000023802005399,0.10963159537547261,0.05404221811865418,0.0019999682337992378,0.001,0.006292511199161296,0,1.444193344015457e-6,0.02100379820759421,0.002177550307781843,0.01300002122105978,0.010999935390778112,0.009999999999999998,0.011000052898857384,0.01100002780944965,0.014999999999999998,0.030000678195998644,0.05500055303616856,0.024999924180160345
CHN,0.03520206720537608,0.015999841544681405,0.064,0.022678989831028642,0.026300324853086105,0.13599893818230083,0.04061238815386119,0.015557718397923671,0.04595396586709429,0.025000593612727055,0.008000014167884711,0.007999940708240073,0.007956132859622657,0.01398748480953152,4.999944696994835e-4,5e-4,0.0020000218235781938,0.0011000099545409295,0.013000014600032118,0.05399870224673534,0.049001858242633395,0.042262418188320675,0.018446305666825372,0.08200042831736455,0.03399974564415618,0.053263646538300936,0.08055489442710195,0,0.017999957459480152,0.140999124002336,0.03205035926268101,0.10767226330727073,0.020000324443579263,0.02900011060723371,0.01,0.037000331821701135,0.01999927001970947,0,0.031000099545409294,4.0001684636118605e-4,0.02200107353730542,0.0040000243332684446,0.003999954375399214,0.003000052143080613,0.006000091249201569,0.004000021659056666,0.006000082947725158,0.013141251709939688,0.0019999931487140136,0.007999817834046815,0.003,0.01,0.003999982847782647,0.00918038375485462,0.005999890212438931,0.005999866229683633,0.010199879671101008,0.004000036273282914,0.006935255056946691,0.03300053533190578,0.13699991982682594,0.015999935945169064,0.0220002561147394,0.027474903879396145,0.050417127443487614,0.008,0.01,0.019999633168870712,0,1.444193344015457e-6,0.021726338862612462,0.002778983981741466,0.008999983549655366,0.008000056336441227,0.013999969068019424,0.011999529798989068,0.02,0.013999453813067523,0.07300013714464841,0.015000000000000001,0.02499989315006432
CIV,0.023493796236705024,0.016999816337585467,0.06046867398299141,0.03057287077948317,0.026282201429106256,0.04720017033184293,0.06028966202457705,0.03789113595487245,0.4879800724637681,0.006999892705264529,0.008654790872779027,0.010999795176404321,0.008000008887417528,0.011006019731077631,0.014000046086134985,0.028332973910350324,4.999908567248788e-4,0.0010999585234342595,0.004999999999999999,0.057168618419623264,0.1790059617958389,0.33029095251666424,0.059218268668475384,0.06499954375399215,0.03900025223674644,0.053263646538300936,0.08055489442710195,0,0.024273080583756344,0.11799979142767755,0.03320035040332883,0.04766612072999532,0.001,2.999969583599477e-4,3.0000365003467536e-4,0.013249506953740673,0.005636837100972728,0,1.0000164971583645e-4,4.0001684636118605e-4,0.008380336491100008,0.005599883198890389,0.0015378965526206838,3.767780281208235e-4,8.845210731673149e-4,0.005999984173083163,0.0052278829906749124,0.010244066970940893,0.001,0.006575856373017483,0.0030000000000000005,0.008599979761181946,0.0030000463392029658,0.008999588127261924,0.001,0.005111213629024285,0.003,0.008000021175000795,0.007312337956357418,0.020999861562954247,0.023667030121302987,0.01400010525207873,0.009799897711290117,0.022374434868445706,0.03743775552956831,7.664629436760258e-4,5.000182501733767e-4,0.006292511199161296,0,1.444193344015457e-6,0.017999366949505435,5.034873429956919e-4,0.009,0.0020000000000000005,0.010999743446216998,0.030999569151227913,0.01599994160072415,0.027995305972564985,0.065410625226476,0.016016430739081065,0.024999924180160345
CMR,0.02349369305810658,0.01700010978709748,0.1490000760398449,0.024884375366416092,0.026282201429106256,0.04971397177680565,0.060288725277898074,0.03788966548738746,0.32534201712275734,0.007000044801025713,0.008654881512569419,0.010999903399091952,0.007999965259080408,0.009404881362746984,0.013999936342224205,0.028332973910350324,4.999947757581246e-4,0.0011000099545409295,0.0049999087507984295,0.05716931256440508,0.17899846704138989,0.09035527283632634,0.03188453008952931,0.065001196744854,0.03899990232417065,0.053263646538300936,0.08055489442710195,0,0.020550355272908497,0.1179946284691137,0.03320035040332883,0.047666956347349417,0.001,2.999905603977219e-4,6.743309524489462e-4,0.013249506953740673,0.005636837100972728,0,9.99986200425027e-5,3.9999999999999996e-4,0.008380336491100008,0.005599883198890389,0.0015378965526206838,3.767780281208235e-4,8.845210731673149e-4,0.006000025629216099,0.0029999789364301465,0.006726613162697047,0.001,0.006575856373017483,0.002999931134219407,0.008600051021409368,0.0030000270168392103,0.009000040398451146,0.001,0.005111050685229497,0.0029999331506116718,0.007999929920459723,0.014278538714706532,0.020999692329538733,0.023666719627158137,0.013999707345624817,0.00980000693216873,0.021075071214018144,0.037791136995210785,7.664629436760258e-4,5.000182501733767e-4,0.006292511199161296,0,1.444193344015457e-6,0.017999715402213297,5.711622786682231e-4,0.009000070933724257,0.001999945112998614,0.010999834409670475,0.031000758616447625,0.016000098982950184,0.027995305972564985,0.065410625226476,0.016016430739081065,0.024999924180160345
COG,0.023493315357824965,0.016999911380907017,0.14900001881432146,0.024884337559740743,0.026282201429106256,0.04720043800187715,0.0536937535590141,0.03650857451439528,0.32534201712275734,0.007000043425901113,0.00865515114127082,0.011000203944876613,0.008,0.025883914916187117,0.013999775040773859,0.028332973910350324,5.000040525535139e-4,0.0010999988593719703,0.0069636497108592765,0.0571691746151992,0.17900161030595813,0.06960698304038397,0.037958091754519134,0.0830022659424391,0.03900045809874244,0.053263646538300936,0.08055489442710195,0,0.024273240883410378,0.11799979142767755,0.03205035926268101,0.04766636280765725,0.001,3.000055303616856e-4,3.000048666536889e-4,0.013249506953740673,0.005636837100972728,0,9.999899725247178e-5,3.8015499723488213e-4,0.008380336491100008,0.005599963500319372,0.0015378965526206838,3.767780281208235e-4,8.845210731673149e-4,0.005999976848368389,0.0029999863363712135,0.011420406827317823,0.001,0.005857075329809633,0.0030000559910414335,0.008600023548804897,0.002999962173124878,0.00900003214297194,0.001,0.005110888803385918,0.009619449702931387,0.007999896941746323,0.011038509306677423,0.02099995196003075,0.023667137792812622,0.013999954294071942,0.009799948373773876,0.020999958934409674,0.032421658148536245,7.664629436760258e-4,5e-4,0.006292511199161296,0,1.444193344015457e-6,0.0180003546518501,5.197766138701332e-4,0.009000031951263672,0.0020000233989283293,0.010999671931386793,0.03100021591277124,0.01599963500319372,0.053000165907792135,0.04099851381646893,0.016016430739081065,0.024999924180160345
COL,0.01922706144579053,0.011399965480193256,0.04120068911145502,0.03280599075180608,0.026282201429106256,0.04199922133540977,0.0536937535590141,0.03650857451439528,0.12799770039421815,0.0049999553746173375,0.009999946676430805,0.008586790741556658,0.006999967302095936,0.011007648716993387,0.002699241751881012,0.041999396744246985,0.0010000023910917484,0.01499964904892258,0.007999908750798429,0.06399969852600752,0.055000486665368886,0.0662170074252768,0.023403014567745444,0.08399881164587047,0.03400040275889846,0.053263646538300936,0.08055489442710195,0,0.020800074541106314,0.1082110163421041,0.016999908750798428,0.10767226330727073,0.0036573991607255327,0.006739283990202944,6.743309524489462e-4,0.013249506953740673,0.005636837100972728,0,9.999891044987524e-5,3.8015499723488213e-4,0.008380336491100008,0.004000060834651418,0.0015378965526206838,3.767780281208235e-4,8.845210731673149e-4,0.00999985341756937,0.006000193554630794,0.009568217281385865,0.0045000161859441255,0.005000119254895413,0.002242866576085852,0.004000126231192429,0.009999999999999998,0.0059999776963808316,0.007999892707700011,0.004200020210343032,0.009619449702931387,0.007999938383807265,0.004758168588050727,0.025000094779183458,0.021999476154977535,0.010700077152728858,0.014999879729632213,0.025019907548780806,0.051113044310117005,0.0020000838715088488,0.001,0.006292511199161296,0,1.444193344015457e-6,0.02100018757345032,0.0021743194995290527,0.013000126694539465,0.011000343053173243,0.009999999999999998,0.011000317393144308,0.010999988769218675,0.015000000000000001,0.030000264494286923,0.016016430739081065,0.024999924180160345
CPV,0.02349331057047981,0.016999932448633123,0.06046867398299141,0.030573321196215426,0.009000255502427272,0.04720045746544676,0.0536937535590141,0.03650857451439528,0.4788070006041202,0.007000199322304166,0.008655032577806148,0.011000111708663805,0.007956132859622657,0.01903688033650512,0.002699241751881012,0.028332973910350324,4.999982255723417e-4,0.0010999952597648844,0.0049998540039418934,0.05716744855726574,0.17899973928912835,0.3082423038924201,0.037958091754519134,0.06499981749826622,0.03899946323134729,0.053263646538300936,0.08055489442710195,0,0.024272355214120765,0.1082110163421041,0.03319983777755248,0.04766651068476056,9.999659672945702e-4,0.006739283990202944,3.000036500346753e-4,0.013249506953740673,0.005636837100972728,0,9.999999999999999e-5,3.8015499723488213e-4,0.008380336491100008,0.005599938309685379,0.0015378965526206838,3.767780281208235e-4,8.845210731673149e-4,0.005999969179559884,0.003000007209389509,0.008436952034151709,0.001000013176272169,0.005857142857142857,0.0030000860881542702,0.008600417536534448,0.0030000172822010614,0.00918038375485462,0.0010000107860514782,0.005111022755077074,0.003000020054950565,0.007999824802172453,0.008861085866585284,0.02100078153922093,0.023667193259610322,0.014000098534417839,0.009799943955066583,0.03105144094161057,0.029238169710550613,7.664629436760258e-4,5.000055303616856e-4,0.006292511199161296,0,1.444193344015457e-6,0.01799579245146992,5.635288718779903e-4,0.00900006366317934,0.002,0.010999788755771494,0.030999954916369865,0.015999656475437996,0.05299910664908326,0.04099842962228284,0.016016430739081065,0.024999924180160345
CRI,0.019227287278535263,0.011400149459263481,0.04119998871130093,0.024000014011538503,0.026282201429106256,0.04200010977550908,0.0536937535590141,0.03650857451439528,0.12800275245140202,0.005,0.009999942542274522,0.013499949305485145,0.006999999999999998,0.03000052136284247,0.002699241751881012,0.04199960540593864,9.999992889146777e-4,0.01499977044212846,0.00800008760019272,0.06400069789758353,0.05499872248786364,0.06943481276005549,0.020146699032448485,0.08400095564227124,0.03400062932662051,0.08100135187331016,0.08055489442710195,0,0.020799924408088335,0.1082110163421041,0.017000036500346753,0.10767226330727073,0.0036573991607255327,0.006739283990202944,6.743309524489462e-4,0.013249506953740673,0.005636837100972728,0,1.0000224270560004e-4,3.8015499723488213e-4,0.008380336491100008,0.004000026071540307,0.0015378965526206838,3.767780281208235e-4,8.845210731673149e-4,0.010000017908020823,0.005999840694571668,0.008838893896689796,0.004500150591942173,0.005,0.004,0.004000030190046342,0.01,0.0060000689003127305,0.008000090626911661,0.0042000115960817135,0.009619449702931387,0.008000034488110224,0.008057983758875644,0.025,0.02200004634027665,0.01070002042530014,0.01499993163328092,0.03105144094161057,0.05372411364141108,0.001999971930612474,4.265756810186272e-4,0.006292511199161296,0,1.444193344015457e-6,0.021400442073719134,0.002174208329077196,0.012999948762617206,0.010999921590151722,0.01,0.011000218388294387,0.011000483006937737,0.014999910801891,0.029999146830475217,0.016016430739081065,0.024999924180160345
CUB,0.01922731448038455,0.011400154601694195,0.06046867398299141,0.032806528684185106,0.026282201429106256,0.04971397177680565,0.0536937535590141,0.03650857451439528,0.32534201712275734,0.005000009340574147,0.009999934499675773,0.013500013991101659,0.0069999061728296475,0.029999855087165066,0.002699241751881012,0.028332973910350324,0.0010000039093194266,0.015,0.008000056154537288,0.06399904538403405,0.06981893996912422,0.07171819115202067,0.037958091754519134,0.0840018477673895,0.03399979722194059,0.053263646538300936,0.08055489442710195,0,0.020799892631861498,0.1082110163421041,0.016999726252395292,0.10767226330727073,0.0036573991607255327,0.006739283990202944,6.743309524489462e-4,0.013249506953740673,0.005636837100972728,0,0.009824964667071738,3.8015499723488213e-4,0.008380336491100008,0.004,0.0015378965526206838,3.767780281208235e-4,0.0020000214707461086,0.01000002495431281,0.005999971738239575,0.01586712774644648,0.004499859831096471,0.005000093484154436,0.004000024121960633,0.004000037378286953,0.01000006429669065,0.006000021866765797,0.00799993240731353,0.00419994879672299,0.009619449702931387,0.008000042731846978,0.0068862693955870306,0.025,0.02199992702327957,0.010699876739921234,0.015000016784550157,0.03820113344969509,0.05229647069134136,0.001999971615503612,4.265756810186272e-4,0.006292511199161296,0,1.444193344015457e-6,0.02107247684028889,0.002176619289966168,0.01299996697162863,0.011000116427989289,0.01,0.011000339097999322,0.010999692638696788,0.014999516100042859,0.03,0.016016430739081065,0.024999924180160345
CYP,0.012006910515427616,0.016000340855832185,0.035999582855355095,0.011247679195626737,0.02629984487635733,0.04719906562522812,0.0536937535590141,0.03650857451439528,0.041989823978189206,0.007848096411814201,0.007300002662739467,0.006100070972320795,0.007956132859622657,0.006798348072751543,0.002699241751881012,0.028332973910350324,0.003700060041220912,0.0011000063478181139,0.004200057937427578,0.06740113183538157,0.048200399911130856,0.0640857611353717,0.04081228727448091,0.15699790126836388,0.045799589369225506,0.052500985748887515,0.08055489442710195,0,0.024299721424027722,0.06359896874366328,0.03319997345443169,0.10767226330727073,4.999945522493762e-4,3.000048666536889e-4,2.9999636213712315e-4,0.013249506953740673,0.005636837100972728,0,0.009824964667071738,3.8015499723488213e-4,0.008380336491100008,0.0055999754209168,0.0015378965526206838,3.767780281208235e-4,8.845210731673149e-4,0.002700041862744892,0.0021000092287814932,0.005504804710739381,0.0014000029236774015,0.006000178842886525,9.000010387344059e-4,0.00860004186399435,0.0026000067333266,0.006,0.0012,0.0028998845709888414,0.010200552633924593,0.002900034885073065,0.003298872179173601,0.01829986885124776,0.028300361954381716,0.006899929121071379,0.02399991341241666,0.044841859066669466,0.03351725381312387,1.9999679733538305e-4,4.265756810186272e-4,0.006292511199161296,0,1.444193344015457e-6,0.01750013551163774,4.482442035493667e-4,0.007000043308166476,0.0034001216968011123,0.010200002911250526,0.004599997440393156,0.005899827638649499,0.0529997732070271,0.03950122803703004,0.014999903947747577,0.024999924180160345
CZE,0.012006918125543312,0.015999702715201163,0.03599918888776235,0.02233637458898241,0.026299946677675146,0.047200580588699866,0.0536937535590141,0.03650857451439528,0.025733028590277707,0.007848096411814201,0.00730000007353682,0.008586790741556658,0.007956132859622657,0.017552856740076787,0.002699241751881012,0.028332973910350324,0.00369994697895295,0.0010999990829137665,0.004200035784576847,0.06740096618357488,0.048199273885103,0.07679616858483687,0.040128414861872304,0.15700321702548875,0.04580003945940613,0.053263646538300936,0.08055489442710195,0,0.0242998266897747,0.1082110163421041,0.03320042030748811,0.057297826179435914,4.99990135148466e-4,3.000052143080613e-4,2.999944975330607e-4,0.013249506953740673,0.005636837100972728,0,9.999999999999999e-5,3.8015499723488213e-4,0.008380336491100008,0.005599820948970457,0.0015378965526206838,3.767780281208235e-4,8.845210731673149e-4,0.0027000106190931297,0.002099999532231583,0.006842196914164959,0.0014000036480595365,0.0060000835840855905,9.000038908991867e-4,0.008599960752676451,0.002600033838084764,0.005999740831929507,0.0011999917653678822,0.002900008179290038,0.01019997707999083,0.0029000233523759624,0.003417322267096671,0.01830014570179699,0.028298949007395872,0.006899940901493189,0.024000009967505932,0.03926089734209364,0.0341693029380775,1.9999856126493587e-4,3.000055981638023e-4,0.006292511199161296,0,1.444193344015457e-6,0.01749979408208382,3.0651313381925186e-4,0.0069999294598979515,0.003399980885023416,0.0102,0.004600070846617074,0.005899990875079843,0.05300022121446742,0.03950063478628862,0.015000608346514175,0.024999924180160345
DEU,0.012006872077168418,0.015999903947747574,0.03599962148351426,0.011248009473783368,0.0263,0.047199856861692605,0.038335496803516306,0.03650857451439528,0.025903110760477098,0.007848096411814201,0.00729999862329116,0.008586790741556658,0.007956132859622657,0.017552856740076787,0.002699241751881012,0.028332973910350324,0.0036999522235817675,0.0011000033114897656,0.004200035784576847,0.067401540314633,0.04820018507094386,0.0618084482850489,0.04378846327365467,0.15700463499420628,0.04580095025329599,0.053263646538300936,0.08055489442710195,0,0.024299083642035483,0.1082110163421041,0.033199824800467195,0.057297826179435914,5e-4,3.000060834651417e-4,3.000050344862307e-4,0.013249506953740673,0.005636837100972728,0,9.999999999999999e-5,3.8015499723488213e-4,0.008380336491100008,0.005600223055865355,0.0015378965526206838,3.767780281208235e-4,8.845210731673149e-4,0.0026999568210103885,0.0021000151407003656,0.007354190772742136,0.0014000102751162372,0.005999926503013377,8.999815122943243e-4,0.00860005708712923,0.0026000121814144833,0.0060001123090745725,0.0011999958168622284,0.002900095981304511,0.010199817684594348,0.002900019952304491,0.0035211140955674833,0.018300087147857653,0.02829963138493944,0.006899950661775748,0.023999820696147207,0.04718481508534282,0.04348664816401589,1.9999866136567474e-4,3.0000113884839653e-4,0.006292511199161296,0,1.444193344015457e-6,0.017519867522883616,3.0333138985676487e-4,0.007000100573267626,0.0033999438083865984,0.010200118349561568,0.004600125287116308,0.00590004594415233,0.053001233675075504,0.03950023300628488,0.014999635009854732,0.024999924180160345
DJI,0.023493533608875017,0.016999935936080634,0.1490017155162974,0.024883866552110785,0.026282201429106256,0.04971397177680565,0.0536937535590141,0.03789140746002866,0.4879943739325542,0.007848096411814201,0.008655142454836874,0.008586790741556658,0.007956132859622657,0.026000189729319508,0.002699241751881012,0.028332973910350324,5.000054011817785e-4,0.0010999456395123087,0.005,0.05716892869878962,0.1790013493230643,0.06289275389791953,0.037958091754519134,0.0830022659424391,0.0389993768361079,0.053263646538300936,0.08055489442710195,0,0.020550355272908497,0.11800503461296413,0.03205035926268101,0.04766651068476057,0.001,3.000036500346753e-4,3.0000651805501237e-4,0.013249506953740673,0.005636837100972728,0,9.999956076970716e-5,4.0000260715403066e-4,0.008380336491100008,0.005599824804730273,0.0015378965526206838,3.767780281208235e-4,8.845210731673149e-4,0.005999983768473506,0.0030000364037908477,0.007126627638806621,9.999999999999998e-4,0.005857257527368367,0.002999931134219407,0.008600023086690523,0.0030000141516776813,0.00918038375485462,0.001,0.005111176173978107,0.0029999243226880583,0.00800008760019272,0.007694350415374613,0.020999803497740225,0.023666418826621478,0.014000067483213549,0.009799986300431537,0.03812262720256694,0.041068079730488496,7.664629436760258e-4,4.999854003941894e-4,0.006292511199161296,0,1.444193344015457e-6,0.0202429623617337,5.031022224194689e-4,0.009000084882437824,0.0020000355751614222,0.010999671520858425,0.03100048299178914,0.01599970800788379,0.027995305972564985,0.0410003173931443,0.016016430739081065,0.024999924180160345
DMA,0.019226964393119602,0.011400172347190443,0.041200121292438316,0.03280658222461419,0.026282201429106256,0.04200188146754468,0.0536937535590141,0.03650857451439528,0.32534201712275734,0.004999967181049026,0.00999979658672525,0.013500305008449082,0.006999994252406394,0.025145516274263778,0.003699946006970009,0.028332973910350324,0.0010000271619253498,0.014999710318456578,0.0069636497108592765,0.06400106181769917,0.05499954375399215,0.06960698304038397,0.037958091754519134,0.08400048667721134,0.0339996157909903,0.053263646538300936,0.08055489442710195,0,0.020800061336757967,0.1082110163421041,0.017000208572322453,0.10767226330727073,0.0036573991607255327,0.006739283990202944,6.743309524489462e-4,0.013249506953740673,0.005636837100972728,0,0.009824964667071738,3.8015499723488213e-4,0.008380336491100008,0.004000073000693507,0.0015378965526206838,3.767780281208235e-4,0.002000027239049902,0.010000077471935792,0.006000014948465166,0.007151734125001994,0.004499974611177653,0.004999947519968653,0.003999982517134422,0.008856062489655349,0.01,0.006000091121881211,0.007999841844544484,0.004199903505950466,0.009619449702931387,0.007999654218533886,0.005987227289559959,0.025,0.022000386174937242,0.0107,0.01500001856644746,0.03105144094161057,0.04503434254802888,7.664629436760258e-4,0.001,0.006292511199161296,0,1.444193344015457e-6,0.0202429623617337,0.002173259023938248,0.012999845667103943,0.011000208811860514,0.009999889986174928,0.01099996221567294,0.010999976825566036,0.015,0.02999968261021361,0.016016430739081065,0.024999924180160345
DNK,0.012006713433722551,0.01599992079573881,0.035999635003193725,0.011247902434551373,0.026300103807387065,0.04719855149520758,0.0536937535590141,0.03650857451439528,0.32534201712275734,0.007848096411814201,0.007300001711319892,0.008586790741556658,0.007956132859622657,0.017552856740076787,0.002699241751881012,0.028332973910350324,0.0036999938945455287,0.001100001623666564,0.00419995320542817,0.06739948337825696,0.04819983777755247,0.07957863239606151,0.040590098525633084,0.1570020683781482,0.04580039628741266,0.053263646538300936,0.08055489442710195,0,0.024300335114572955,0.1082110163421041,0.033199963038255405,0.10767226330727073,5e-4,2.999927001970947e-4,3.0000651805501237e-4,0.013249506953740673,0.005636837100972728,0,1.0000000000000002e-4,3.8015499723488213e-4,0.008380336491100008,0.005600167294019239,0.0015378965526206838,3.767780281208235e-4,8.845210731673149e-4,0.0027000449975173786,0.0021000000000000003,0.00733868157237433,0.0014000067949853008,0.006000050990490274,8.999963753669941e-4,0.008599898248419217,0.0025999963875768767,0.005999902341365756,0.0012000009933988646,0.002899949396370997,0.010199788103526564,0.0029000068723799054,0.0037420110281299566,0.01829998933630466,0.02830034755744352,0.006899987427709329,0.023999203571258877,0.06087752738947417,0.048973417714605845,1.9999260860727684e-4,2.9999890718742826e-4,0.006292511199161296,0,1.444193344015457e-6,0.017499893336258964,3.035447668105516e-4,0.006999819396785263,0.0033999558385161745,0.010199986654846673,0.004600084638171815,0.005900028280542986,0.05300077425063599,0.03950095602294455,0.015000608346514175,0.024999924180160345
DOM,0.0192274901379315,0.01140034004640755,0.041199873467004086,0.03280694075789236,0.026282201429106256,0.04199960458077959,0.0536937535590141,0.03650857451439528,0.32534201712275734,0.005000079631782638,0.009999803366367783,0.01350004858929092,0.007000068180268631,0.030000747663551403,0.002699241751881012,0.028332973910350324,9.999953354619174e-4,0.015000076042157773,0.007999913096376118,0.06400055867222235,0.05500052143080613,0.058715490647119166,0.003966219353742443,0.0830022659424391,0.038306591973577706,0.053263646538300936,0.08055489442710195,0,0.020799938741130227,0.1082110163421041,0.017000033181803098,0.10767226330727073,0.0036573991607255327,0.006739283990202944,6.743309524489462e-4,0.013249506953740673,0.005636837100972728,0,1.0000140926450486e-4,3.8015499723488213e-4,0.008380336491100008,0.004000000000000001,0.0015378965526206838,3.767780281208235e-4,0.0020000280772686434,0.009999969349222697,0.0060000311932996795,0.010142403496186852,0.004499847110386301,0.004999866790995071,0.003999943084803643,0.008856062489655349,0.010000065312946985,0.005999951092251597,0.008000060530855604,0.004199883336573984,0.009619449702931387,0.008000096264921064,0.004812991990792723,0.02499984329653936,0.022000046340276653,0.010700219033306813,0.015,0.03105144094161057,0.0529292710171838,0.0019999715184916196,4.265756810186272e-4,0.006292511199161296,0,1.444193344015457e-6,0.021000219275961473,0.0021740165074379254,0.01300002425241918,0.011000116427989289,0.01,0.011000141063619693,0.010999976065675786,0.015,0.030000705318098467,0.016016430739081065,0.024999924180160345
DZA,0.014696368986338977,0.01600006854479402,0.03599883417819096,0.011248166717324778,0.026282201429106256,0.04971397177680565,0.0536937535590141,0.012326374265487437,0.07620861073674237,0.007848096411814201,0.007300002338293784,0.008586790741556658,0.007956132859622657,0.017552856740076787,0.002699241751881012,0.028332973910350324,0.003699952784031422,0.0010999662047989185,0.0042001251433934714,0.06740076510020004,0.04819966459504784,0.05672986181112662,0.039582804238823564,0.0830022659424391,0.045800401499305095,0.053263646538300936,0.08055489442710195,0,0.024299580851533203,0.06360069349393194,0.03319954277401086,0.10767226330727073,4.999976692258567e-4,2.999929809784516e-4,3.0000000000000003e-4,0.013249506953740673,0.005636837100972728,0,9.999999999999999e-5,3.9999999999999996e-4,0.008380336491100008,0.005599963500319372,0.0015378965526206838,3.767780281208235e-4,8.845210731673149e-4,0.00270008186747081,0.002100067075885937,0.007176373019862375,0.0014000062624443055,0.006,9.000034434075961e-4,0.008599960752676451,0.0026000487448208627,0.00918038375485462,0.0011999963762754757,0.002900054729928851,0.01019997294966198,0.002899995644198799,0.0029658266700088145,0.0182995760715968,0.02829996958106,0.012082690491759068,0.02400027953348966,0.03231231331508248,0.04492741180919716,2.000029046968949e-4,4.265756810186272e-4,0.006292511199161296,0,1.444193344015457e-6,0.01749973644444617,3.9294225470006596e-4,0.006999929263634436,0.0034000234274335246,0.010199916960763961,0.004599955918007494,0.005900018980041756,0.05299948844861673,0.03950010579771477,0.016016430739081065,0.024999924180160345
ECU,0.01922693012833571,0.011400092317750469,0.04119981282171268,0.0328064660298607,0.026282201429106256,0.0419997511371649,0.0536937535590141,0.03650857451439528,0.051999508988243,0.005000075701373223,0.010000025817844777,0.013500011521533746,0.007956132859622657,0.01099986980861867,0.002699241751881012,0.028332973910350324,9.999938586632766e-4,0.014999842673295363,0.007999791427677547,0.06399930477100894,0.05500049772704648,0.06632585182485608,0.028000548358352185,0.0830022659424391,0.033999343832020995,0.08099969583291088,0.08055489442710195,0,0.020799083805899843,0.09499945249479869,0.017000437998832003,0.10767226330727073,0.0036573991607255327,0.006739283990202944,6.743309524489462e-4,0.013249506953740673,0.005636837100972728,0,9.999959399271624e-5,3.8015499723488213e-4,0.008380336491100008,0.004,0.0015378965526206838,3.767780281208235e-4,8.845210731673149e-4,0.010000000000000002,0.006000074521201281,0.012029219776139043,0.004500085164367228,0.004999897530484681,0.004000114780911934,0.003999949683002918,0.01000027535035523,0.006000068480252007,0.008000060530855602,0.0042,0.009619449702931387,0.008000122804863072,0.006644020204838228,0.025,0.021999741357013537,0.010699897718496252,0.01499986875607003,0.03489705698566015,0.053727277377591975,0.002,0.001,0.006292511199161296,0,1.444193344015457e-6,0.02107884690489081,0.0021719818148800206,0.012999897554479067,0.011000011858316831,0.01,0.010999801626661376,0.011000133946510693,0.015000000000000001,0.030000264494286923,0.016016430739081065,0.024999924180160345
EGY,0.01169991637494892,0.015999578739655563,0.036000352414036145,0.011247607375480246,0.026282201429106256,0.04720224842136,0.0536937535590141,0.012326425550258964,0.32534201712275734,0.002699965238550448,0.007299998594261776,0.006099945877683565,0.007956132859622657,0.005827833460891932,0.003699961762331648,0.028332973910350324,0.003700000127222093,0.0010999903947747577,0.004200085168511985,0.06740089975384093,0.048197828269002645,0.06597131662670218,0.04223951575616082,0.15700003173897864,0.045802425526904514,0.053263646538300936,0.08055489442710195,0,0.024299150698392648,0.06359850257370145,0.03319997312891404,0.10767226330727073,5e-4,2.99996826102136e-4,3.000065964511093e-4,0.013249506953740673,0.005636837100972728,0,0.009824964667071738,3.9999188904209584e-4,0.008380336491100008,0.00559988319889039,0.0015378965526206838,3.767780281208235e-4,8.845210731673149e-4,0.0026999923086827326,0.0021000064906073045,0.00545311962652481,0.0014000053655470557,0.006000000000000001,8.999380207974657e-4,0.008599555206698065,0.0026000047055501963,0.00918038375485462,0.001200011408036962,0.0029000397614314115,0.010199895342752487,0.002900003045901739,0.002881438009925118,0.01829988366750413,0.028299801398842934,0.006900131933688981,0.02400015858698992,0.031791315662044926,0.043305765700207194,2e-4,3.000048666536889e-4,0.006292511199161296,0,1.444193344015457e-6,0.017500402928252713,8.238097082285294e-4,0.007000160642570281,0.003400111172873819,0.010200040700040701,0.004599947771238023,0.005899979143009431,0.05299810396587139,0.039499735509710573,0.016016430739081065,0.024999924180160345
ESP,0.012006932427749173,0.016000155484723624,0.03599893818230082,0.011247857014431758,0.026299550123079538,0.04719932342206,0.0536937535590141,0.03650857451439528,0.32534201712275734,0.007848096411814201,0.00730000023536999,0.0060999952473741745,0.007956132859622657,0.017552856740076787,0.002699241751881012,0.028332973910350324,0.0036999569118941903,0.0010999456395123087,0.00419995320542817,0.06740036131696346,0.04819977502104261,0.06094683024509214,0.03843672243650841,0.15700259152461948,0.0458004122294744,0.052501964893895726,0.08055489442710195,0,0.02430042115114647,0.06360262805694124,0.033200227735359036,0.05729995320542817,4.999966818196901e-4,3.000036500346753e-4,2.999992192501679e-4,0.013249506953740673,0.005636837100972728,0,0.009824964667071738,4e-4,0.008380336491100008,0.005599972371397489,0.0015378965526206838,3.767780281208235e-4,8.845210731673149e-4,0.002700017314633529,0.002100080624667492,0.006811831513883777,0.001399996006761883,0.006,9.000034434075961e-4,0.008599970564427111,0.0025999811726312816,0.00599995220970382,0.0011999931667150692,0.0028999402466185023,0.010199879671101008,0.0028999618466234263,0.002842360456286321,0.018299894768564952,0.02830005451819545,0.00690005693409878,0.0239991138264378,0.03674171866537043,0.0331158919889493,2e-4,2.999973740874954e-4,0.006292511199161296,0,1.444193344015457e-6,0.017583501223385624,3.97866803859098e-4,0.007000098132216806,0.0033999932118250007,0.010200074298147854,0.004599836400817996,0.005900163381652587,0.05299952442421361,0.03949985019848701,0.015,0.024999924180160345
EST,0.012006898809146703,0.01600017520038544,0.035999286648436574,0.011248038466181144,0.026300912820228388,0.04719951675920214,0.0536937535590141,0.03650857451439528,0.32534201712275734,0.007848096411814201,0.007299787384833452,0.006100070972320794,0.007956132859622657,0.017552856740076787,0.002699241751881012,0.028332973910350324,0.003700029461392185,0.0011000352414036148,0.004200020857232246,0.0673983502445434,0.04820017117253184,0.06960698304038397,0.041452644919523496,0.156998248004672,0.045799452499239585,0.053263646538300936,0.08055489442710195,0,0.02429964124161597,0.1082110163421041,0.033199502281211116,0.10767226330727073,5e-4,0.006739283990202944,3.0000561545372867e-4,0.013249506953740673,0.005636837100972728,0,0.009824964667071738,3.999954374878809e-4,0.008380336491100008,0.0056,0.0015378965526206838,3.767780281208235e-4,8.845210731673149e-4,0.002700026107012861,0.0020999909567104686,0.00783703741427051,0.0014000143297270187,0.006000155575434639,9.000110485029278e-4,0.008599970564427111,0.0025999855117322043,0.005999789429353548,0.00120001049132171,0.002899971042071733,0.010199947857128532,0.0028999835842946466,0.003672956602957206,0.01829981024667932,0.028299602799319087,0.006900039134812835,0.023999976063455778,0.03105144094161057,0.04858787270379856,1.999968043971495e-4,2.9999553790549283e-4,0.006292511199161296,0,1.444193344015457e-6,0.017537570769456952,3.002291001646775e-4,0.006999835499259747,0.0033999895167208306,0.01019999100152974,0.004599930174246993,0.005899930590459778,0.052999815657747334,0.03950056546641859,0.016016430739081065,0.024999924180160345
ETH,0.02349328642428445,0.017000049659830162,0.1490004996867446,0.02488366103015393,0.026282201429106256,0.04719854004545142,0.06028809246560573,0.03789071284011693,0.4879993814389011,0.007848096411814201,0.008654966278356836,0.011000058136154874,0.00799996989946421,0.025999862495218184,0.002699241751881012,0.028332973910350324,4.999999999999999e-4,0.0010999343017738521,0.004999917046868519,0.057169518398625885,0.1789959151403347,0.0915298783043788,0.033642536205704864,0.06499951973873787,0.03900021159542954,0.053263646538300936,0.08055489442710195,0,0.020550355272908497,0.11799981750159685,0.03205035926268101,0.04766495086569958,0.001,3.000048666536889e-4,2.9999087507984304e-4,0.013249506953740673,0.005636837100972728,0,1e-4,3.8015499723488213e-4,0.008380336491100008,0.005499761669444974,0.0015378965526206838,3.767780281208235e-4,8.845210731673149e-4,0.006000093118539901,0.0030000534387858704,0.006970829699318529,0.001,0.005857459724492179,0.0029999471933252367,0.008599803020354563,0.0030000302635959206,0.00918038375485462,0.001,0.005111184282735155,0.003000030755982038,0.008,0.007217387618924012,0.02099998585192626,0.02366688591246113,0.01400005736082829,0.009799578059071732,0.020999961613757626,0.0402811127471094,2.9999348088268846e-4,4.265756810186272e-4,0.006292511199161296,0,1.444193344015457e-6,0.018000066384165164,5.108395717791173e-4,0.009000067907103084,0.005595015618155528,0.011000371195248701,0.013137257183059733,0.014914354349504392,0.027995305972564985,0.065410625226476,0.016016430739081065,0.024999924180160345
FIN,0.01200664335829311,0.01599993511128415,0.03599977974088087,0.02233637458898241,0.026301098364000387,0.04720017439520637,0.0536937535590141,0.03650857451439528,0.03355201130898262,0.007848096411814201,0.00729963749851359,0.0060999952473741745,0.007956132859622657,0.017552856740076787,0.002699241751881012,0.028332973910350324,0.0036999905927887007,0.00110000348727725,0.004199864819195674,0.06740031024728534,0.04819966459504784,0.06960698304038397,0.044925352630578286,0.1569968610847507,0.04579892979907155,0.053263646538300936,0.08055489442710195,0,0.02430070543642298,0.06360069349393192,0.03320021470746108,0.10767226330727073,0.0036573991607255327,0.006739283990202944,3.0000000000000003e-4,0.013249506953740673,0.005636837100972728,0,9.999999999999999e-5,3.8015499723488213e-4,0.008380336491100008,0.005599886446589342,0.0015378965526206838,3.767780281208235e-4,8.845210731673149e-4,0.0027000338441370386,0.002099973138934178,0.005907369252274578,0.0014000053655470557,0.005999999999999999,9.000034434075961e-4,0.008600081201786439,0.0026000119871460907,0.0060001439884809216,0.0011999915029810375,0.0028999572727827624,0.01020010696140476,0.002900002531795127,0.003914561048611204,0.01830006842483311,0.028300575263662513,0.006899993401082223,0.023999974694915573,0.04259635037691564,0.043127702150824274,1.999987083107288e-4,2.999978338333568e-4,0.006292511199161296,0,1.444193344015457e-6,0.017499944105350235,3.0372715035049025e-4,0.006999918320673037,0.003399857448325018,0.010199898774840947,0.004600079349335449,0.005899975149105368,0.05300022121446742,0.03950051295203899,0.015000182501733765,0.024999924180160345
FJI,0.012006909879842272,0.01600032837378409,0.03599963500319372,0.011248090066954368,0.026300644847305026,0.047200438001877155,0.0536937535590141,0.03650857451439528,0.07624472989993186,0.0026999772291077064,0.007299995303145809,0.006100140118497216,0.005399964151740561,0.00549995891728946,0.002699241751881012,0.028332973910350324,0.0036999772228005416,0.0010999915117562177,0.004199980789549515,0.06740096618357488,0.04819812467127337,0.08327316209869495,0.037958091754519134,0.15700588210520403,0.04579852380566145,0.053263646538300936,0.08055489442710195,0,0.024299472163015704,0.06360185421761506,0.03320010949904188,0.057298671288272665,5e-4,3.000036500346753e-4,6.743309524489462e-4,0.013249506953740673,0.005636837100972728,0,0.009824964667071738,3.9999770439493585e-4,0.008380336491100008,0.005599805337010301,0.0015378965526206838,3.767780281208235e-4,8.845210731673149e-4,0.0026999772249917758,0.002099995039060106,0.006411998708622802,0.0013999940596412022,0.006575856373017483,8.999977885402154e-4,0.008599861676784754,0.002599902209183447,0.00918038375485462,0.0011999779685807482,0.002899987166451129,0.010199929746501963,0.002899968444304197,0.003337571800491015,0.018299765311128494,0.028299865174960043,0.006900017457665163,0.023998894232909223,0.03105144094161057,0.040096844317472825,1.9999838398202988e-4,2.999979494330183e-4,0.006292511199161296,0,1.444193344015457e-6,0.01750007158469424,2.999952886938996e-4,0.006999939368216819,0.0033999739515498824,0.010199992697665078,0.004599973696900618,0.005899935634782336,0.053001198267121394,0.03950022424360906,0.015000506945148536,0.024999924180160345
FRA,0.012006753265428194,0.016000180247454004,0.03599918888776235,0.011248048373612865,0.026299293818932,0.04719854004545142,0.0536937535590141,0.03650857451439528,0.028358979730181866,0.007848096411814201,0.007299999553844301,0.008586790741556658,0.007956132859622657,0.018746298496765307,0.002699241751881012,0.028332973910350324,0.0037000363419939643,0.0011000014658672803,0.004200125865324103,0.06740105540897097,0.04819911470062903,0.0652559828055281,0.04054953597316077,0.1570020683781482,0.04579900580526298,0.053263646538300936,0.08055489442710195,0,0.02430027199458518,0.1082110163421041,0.033201448871551964,0.10767226330727073,5.00004562501711e-4,3.000014038437241e-4,3.000005839995795e-4,0.013249506953740673,0.005636837100972728,0,9.999999999999999e-5,4.000029083717481e-4,0.008380336491100008,0.0055999835027735955,0.0015378965526206838,3.767780281208235e-4,8.845210731673149e-4,0.0027000641052031074,0.0020999798659648516,0.009104797128897448,0.0014000032897712787,0.006000050990490274,9.000013372380684e-4,0.008600022426553038,0.0025999949305485145,0.006000051049058144,0.0011999807108067707,0.002899941745956892,0.010199839562098904,0.002899970405445398,0.003339333504052994,0.018299969781077875,0.028300005617030836,0.006899949785517321,0.023999950140852093,0.033869155452796,0.03536929264139208,2.0000185543387003e-4,3.000011661399601e-4,0.006292511199161296,0,1.444193344015457e-6,0.01750012329420797,3.263114990201792e-4,0.006999883986233032,0.003399965171803825,0.010200260571704674,0.004600054933317057,0.005899978208760078,0.05300017596339961,0.03950010146790232,0.015000000000000001,0.024999924180160345
GAB,0.023493531587,0.0170000721974,0.0899793897363,0.0248839842993,0.00900017170083,0.0471985629411,0.060287598283,0.0378899935455,0.474253536807,0.00728276464106,0.00865502226526,0.0109997836045,0.00795613285962,0.0231837721288,0.00269924175188,0.0283329739104,0.000500001265002,0.00109997942445,0.00565456004365,0.057168682325,0.178998308663,0.239107661904,0.0427045412603,0.0710003958471,0.0389997019025,0.0532636465383,0.0805548944271,0,0.0242722646257,0.108211016342,0.0331997445118,0.0876703457664,0.000999995265891,0.00244643171671,0.000299997051757,0.0132495069537,0.00563683710097,0,0.00334165488902,0.000400001723628,0.0083803364911,0.00559998554753,0.00153789655262,0.000376778028121,0.000884521073167,0.00599996399133,0.00299999003569,0.0091740924885,0.000999994918518,0.00585731846114,0.00300000811168,0.00860012325833,0.00299997435944,0.00918038375485,0.0009999977947,0.00511113056378,0.00299997421528,0.00800001434895,0.00920538635769,0.0209998664123,0.0236667740553,0.0140003113722,0.00979998299307,0.0227914109292,0.0411387765794,0.000299996526941,0.000475525227006,0.00629251119916,0,1.44419334402e-06,0.0195636422802,0.000504169921677,0.00900009248369,0.002,0.0109999598458,0.0309998145731,0.016000028965,0.0446652480296,0.0491366752354,0.0160164307391,0.0249999241802
GBR,0.01200659033417654,0.015999893585889487,0.03600010428616123,0.0112479076667846,0.0263000672365767,0.04719995916075348,0.0536937535590141,0.03650857451439528,0.03572542210212235,0.007848096411814201,0.007299999276080992,0.008586790741556658,0.007956132859622657,0.017552856740076787,0.002699241751881012,0.028332973910350324,0.0036999612878673553,0.0010999931134219407,0.004200057937427578,0.06739894150926179,0.048199020267025265,0.08164012836557893,0.046872036940439454,0.15699570119231082,0.04580050661188344,0.053263646538300936,0.08055489442710195,0,0.02430037745844646,0.06360069349393194,0.03320021470746108,0.05729995320542817,4.999955269679104e-4,3e-4,3.000034272397011e-4,0.013249506953740673,0.005636837100972728,0,1e-4,3.999954375399215e-4,0.008380336491100008,0.0056001242573680745,0.0015378965526206838,3.767780281208235e-4,8.845210731673149e-4,0.0026999348125772544,0.0020999877765554334,0.008103850980469054,0.0014000633512828633,0.006000051984508616,9.00002145416318e-4,0.008600081201786439,0.002600010478179192,0.006000021597572433,0.0011999934731367658,0.00289998225587035,0.010199879671101008,0.0029000120661223506,0.003690599009169143,0.0182999224492317,0.028300261406844107,0.00690009413322215,0.023999118544552715,0.10056959896886132,0.043504261296858755,1.9999533184730475e-4,2.9999657811591063e-4,0.006292511199161296,0,1.444193344015457e-6,0.01794964278565914,3.041268598485465e-4,0.007000153405604418,0.0033999624372836787,0.0102000651206541,0.004600079349335449,0.005899909556828459,0.053001233675075504,0.039501031701369343,0.015000182501733765,0.024999924180160345
GEO,0.03403901528882294,0.01599951534978115,0.036000404691306144,0.02710013492774671,0.02629951690821256,0.047200274819649606,0.0536937535590141,0.03650857451439528,0.07359221007474322,0.002700028968713789,0.007300001302319431,0.008586790741556658,0.007956132859622657,0.017552856740076787,0.002699241751881012,0.028332973910350324,0.003699952662132197,0.001099993652204272,0.004200047097609796,0.056385282881607914,0.06981893996912422,0.06960698304038397,0.04699290304196795,0.0830022659424391,0.04579963500144079,0.053263646538300936,0.08055489442710195,0,0.02430070543642298,0.06360185421761506,0.03319949942642612,0.05729995320542817,0.0036573991607255327,0.006739283990202944,3.0000458162158855e-4,0.013249506953740673,0.005636837100972728,0,0.009824964667071738,4.0000608346514176e-4,0.008380336491100008,0.005599936733502044,0.0015378965526206838,3.767780281208235e-4,8.845210731673149e-4,0.002699975684083983,0.002100020277805941,0.005485078343650192,0.001399975723602176,0.006,8.999885220185944e-4,0.008856062489655349,0.002599955820631765,0.00918038375485462,0.0012000132969882322,0.0028999198442688653,0.010199879671101008,0.0029000672696016146,0.0028051291786401716,0.018300253479362955,0.02830030893789283,0.00690005744825305,0.023999999999999997,0.03105144094161057,0.03660670019042385,2.0000000000000004e-4,3.000048666536889e-4,0.006292511199161296,0,1.444193344015457e-6,0.017723083230127057,3.1644378586695476e-4,0.007000141474160755,0.0034000461059668806,0.010199986160127327,0.0046001925377053,0.005900018980041757,0.027995305972564985,0.03950071210579858,0.016016430739081065,0.024999924180160345
GHA,0.02349368583298853,0.017000254005929652,0.14899829669884015,0.030573395872098508,0.026282201429106256,0.04719864951181677,0.06028793147959726,0.03788998146757877,0.32534201712275734,0.006999914764578705,0.008654936827328031,0.010999961301807205,0.007999933693522315,0.009002159532684842,0.013999629263470094,0.028332973910350324,4.999947757581246e-4,0.00110004786979416,0.0069636497108592765,0.05717089631899728,0.17900135051282987,0.3313366902660776,0.06399832003359933,0.06499981749826622,0.038999807194952496,0.053263646538300936,0.08055489442710195,0,0.024272621472214144,0.1082110163421041,0.03205035926268101,0.04766677065460407,0.001,3.000072134458631e-4,3.000036500346753e-4,0.013249506953740673,0.005636837100972728,0,9.999999999999999e-5,4e-4,0.008380336491100008,0.005599963500319372,0.0015378965526206838,3.767780281208235e-4,8.845210731673149e-4,0.005999973607637949,0.0030000115289723073,0.007062244256594264,0.0010000090777875616,0.005857142857142857,0.002999862265277076,0.008856062489655349,0.003,0.008999846394178211,0.001,0.005111186845020022,0.009619449702931387,0.007999805333852443,0.00960565800545635,0.021000545553737045,0.023666918330686522,0.014,0.009800020112919677,0.024253514668655593,0.03858444454864223,2.9999658900978953e-4,5.000182501733767e-4,0.006292511199161296,0,1.444193344015457e-6,0.0179999310083135,5.034279662007071e-4,0.009000128612637109,0.002,0.010999948647775088,0.030999980646784466,0.016,0.05299810396587139,0.065410625226476,0.016016430739081065,0.024999924180160345
GIN,0.02349367484427916,0.01699986054816697,0.06046867398299141,0.030572903802500495,0.026282201429106256,0.04971397177680565,0.06028767793435073,0.03789062029962095,0.32534201712275734,0.007000201685899725,0.008655124005615349,0.011000117212682414,0.008,0.008999978466375244,0.002699241751881012,0.028332973910350324,5.000122392029831e-4,0.0010999897182808966,0.005,0.056385282881607914,0.1789992368185287,0.3319474433542445,0.06399893076717456,0.0830022659424391,0.03900050490175453,0.053263646538300936,0.08055489442710195,0,0.024272526131075,0.11799981750159685,0.03205035926268101,0.10767226330727073,9.999999999999998e-4,3.000005839995795e-4,6.743309524489462e-4,0.013249506953740673,0.005636837100972728,0,9.999801630596496e-5,4.000060832801046e-4,0.008380336491100008,0.005499761669444974,0.0015378965526206838,3.767780281208235e-4,8.845210731673149e-4,0.005999977929086154,0.002999970019037911,0.017736953020075993,0.0021277702373228478,0.006575856373017483,0.003000076522803796,0.008600043767166853,0.003,0.009000060517456101,0.001,0.0051111257618377875,0.002999959890903257,0.003427910237071163,0.008328244069818302,0.021000566816918136,0.02366649113568545,0.013999862334801761,0.009800095894958139,0.02100028097780275,0.04221937616020997,7.664629436760258e-4,4.265756810186272e-4,0.006292511199161296,0,1.444193344015457e-6,0.018000223838836038,5.295479071329189e-4,0.00899957292333974,0.002,0.011,0.030999284094976733,0.014914354349504392,0.027995305972564985,0.065410625226476,0.016016430739081065,0.024999924180160345
GMB,0.023494083757156843,0.0169998161019419,0.06046867398299141,0.03057291666666667,0.026282201429106256,0.04720224842136,0.06028836080545506,0.03788934436876205,0.4880086612409468,0.006999991847582401,0.008655076367420649,0.011000033796343235,0.007956132859622657,0.017552856740076787,0.002699241751881012,0.028332973910350324,5.000049400629222e-4,0.0011000104286161226,0.0069636497108592765,0.056385282881607914,0.06981893996912422,0.32943042906789666,0.037958091754519134,0.06499981749826622,0.038999913711277936,0.053263646538300936,0.08055489442710195,0,0.024272628364861545,0.1179994274535999,0.03320035040332883,0.10767226330727073,0.001,2.999976247218945e-4,2.999915117562177e-4,0.013249506953740673,0.005636837100972728,0,9.99991501729398e-5,3.8015499723488213e-4,0.008380336491100008,0.005599936733502044,0.0015378965526206838,3.767780281208235e-4,8.845210731673149e-4,0.005999980647720785,0.0052278829906749124,0.009811150631471291,0.001,0.006575856373017483,0.002242866576085852,0.008856062489655349,0.003164352857640448,0.00918038375485462,0.001,0.0051619276753505925,0.003000044567251983,0.003427910237071163,0.012557944405538684,0.020999914924992202,0.023666947520462205,0.013999906982512715,0.00980001328815361,0.02100039580447259,0.04158020591272396,3e-4,5.000121669302835e-4,0.006292511199161296,0,1.444193344015457e-6,0.017991418532366327,5.043934670599886e-4,0.009000000000000001,0.002000066128818939,0.010999942451721104,0.03100004312389495,0.016000166856697903,0.052998988749842,0.0410003173931443,0.016016430739081065,0.024999924180160345
GNB,0.023493572448210275,0.017000089763920888,0.06046867398299141,0.030572967783994442,0.026282201429106256,0.04971397177680565,0.06028766331367788,0.03789009020250998,0.4879933097049102,0.006999996490115581,0.008654972323983207,0.008586790741556658,0.007956132859622657,0.025999548545469934,0.002699241751881012,0.028332973910350324,4.999919532645606e-4,0.0010999656475437992,0.004999999999999999,0.05716715055993364,0.06981893996912422,0.29422951582047696,0.06386350323942334,0.0830022659424391,0.03900028441410694,0.053263646538300936,0.08055489442710195,0,0.02427253684171842,0.1082110163421041,0.03205035926268101,0.047666431220201304,0.001,3.0000236501667336e-4,3.000107353730542e-4,0.013249506953740673,0.005636837100972728,0,1.0000089024205681e-4,4e-4,0.008380336491100008,0.005599963500319372,0.0015378965526206838,3.767780281208235e-4,8.845210731673149e-4,0.005999933702390029,0.002999977716870557,0.017766620617075145,0.001,0.005857161652486624,0.002242866576085852,0.008856062489655349,0.0030000000000000005,0.009000011492799762,0.001,0.005111111111111111,0.009619449702931387,0.003427910237071163,0.00294189318835945,0.020999871893415324,0.023666540571212407,0.014000012348956823,0.009800016758372204,0.03105144094161057,0.036158543251638295,7.664629436760258e-4,4.265756810186272e-4,0.006292511199161296,0,1.444193344015457e-6,0.01799990377213241,5.734295990550387e-4,0.008999968168748077,0.001999970445242423,0.01100014997562896,0.030998968499563597,0.016000292002774027,0.05300150829562594,0.065410625226476,0.016016430739081065,0.024999924180160345
GRC,0.012006623590188253,0.01599990068033967,0.03599917046868519,0.011247766361402727,0.026300136536303788,0.047199455818429166,0.0536937535590141,0.03650857451439528,0.048124671450560395,0.007848096411814201,0.007299998139084802,0.006100005760700501,0.007956132859622657,0.017552856740076787,0.002699241751881012,0.028332973910350324,0.003699953761728687,0.0011000112309074573,0.004200103546466476,0.06740018447753326,0.04820106371884451,0.06177717162795471,0.03396054902223241,0.15700259152461948,0.04580007786645902,0.053263646538300936,0.08055489442710195,0,0.024299144935551114,0.0635971855760774,0.033200190911367056,0.10767226330727073,5e-4,3.000048666536889e-4,2.9999899448980414e-4,0.013249506953740673,0.005636837100972728,0,0.009824964667071738,3.8015499723488213e-4,0.008380336491100008,0.005599898486756004,0.0015378965526206838,3.767780281208235e-4,8.845210731673149e-4,0.0026999939784674077,0.0021000291517928355,0.0064770017496057755,0.0013999728490114132,0.006000048960007834,8.999843480982939e-4,0.008600041863994348,0.0026000073683822714,0.00918038375485462,0.0011999976924230713,0.0028999952287799995,0.010199743301780844,0.0028999415569151542,0.0028847296880812998,0.018300113601156666,0.028299933903266343,0.006899922977436177,0.02399982824643514,0.049955933362262006,0.03941889168673518,2.0000000000000004e-4,3e-4,0.006292511199161296,0,1.444193344015457e-6,0.017645093326652813,6.939354434511426e-4,0.007000196643943366,0.0034000319585249365,0.010199919250856332,0.004600041042478966,0.005900183654729109,0.053000816976349584,0.03950124149843463,0.01499990875079843,0.024999924180160345
GRD,0.01200685611898955,0.015999988291906193,0.03600017975373738,0.011247962791761577,0.02629984487635733,0.04719979353316373,0.0536937535590141,0.03650857451439528,0.32534201712275734,0.002699995426062297,0.0072999959410642535,0.006100012517211165,0.005399991857672108,0.02216561951237946,0.002699241751881012,0.028332973910350324,0.003699976343492489,0.0011000019623618987,0.0069636497108592765,0.06739970191927487,0.04819994620970531,0.0533134596410164,0.037958091754519134,0.15700259152461948,0.045801068961022026,0.053263646538300936,0.08055489442710195,0,0.024299849349196875,0.1082110163421041,0.03205035926268101,0.10767226330727073,5.000000000000001e-4,0.006739283990202944,3e-4,0.013249506953740673,0.005636837100972728,0,0.009824964667071738,4e-4,0.008380336491100008,0.005600092909048678,0.0015378965526206838,3.767780281208235e-4,8.845210731673149e-4,0.0026999826479264274,0.002099976582363174,0.007706483672393234,0.0013999931956588303,0.006,9.000041346233357e-4,0.008599849945319055,0.0025999808565809854,0.006,0.0011999901184550203,0.0029001066821840757,0.010200102616726527,0.0029000393947794622,0.0034573711132564596,0.01829951157705434,0.028300594826393695,0.006900128048391863,0.024000033298693442,0.03105144094161057,0.04503434254802888,7.664629436760258e-4,3.0000000000000003e-4,0.006292511199161296,0,1.444193344015457e-6,0.017499922396399192,3.355235583119826e-4,0.0069998302351243534,0.0033999867513319643,0.010199900017102338,0.004600125287116308,0.005899970050913446,0.05300077425063599,0.03950010579771477,0.016016430739081065,0.024999924180160345
GTM,0.019227808638781898,0.011400307010063107,0.041199873467004086,0.023999862781966978,0.026282201429106256,0.04971397177680565,0.0536937535590141,0.05939750827331127,0.12800175391586077,0.00500019573302016,0.009999918481140613,0.008586790741556658,0.007956132859622657,0.017552856740076787,0.002699241751881012,0.028332973910350324,0.0010000203128031598,0.014999580466521228,0.008000146001387013,0.06399905501579894,0.054999543753992144,0.03735771261347046,0.004176077172223854,0.0840004171446449,0.0339989354421717,0.08099982426020305,0.08055489442710195,0,0.020799719232569024,0.09500020660303293,0.016999726252395292,0.10767226330727073,0.0036573991607255327,0.006739283990202944,6.743309524489462e-4,0.013249506953740673,0.005636837100972728,0,1e-4,3.8015499723488213e-4,0.008380336491100008,0.004000066363606198,0.0015378965526206838,3.767780281208235e-4,0.0019999513334631107,0.010000042259354108,0.005999806413252397,0.009690667455716218,0.004500148240177323,0.005,0.003999972452928943,0.003999999999999999,0.010000000000000002,0.005999941506785213,0.007999912783725444,0.004200030197795561,0.009619449702931387,0.008,0.00560558277034029,0.025,0.021999476154977535,0.010699961242456122,0.014999965317999265,0.04952898233956985,0.054995307243266615,0.0020000200545483714,9.999999999999998e-4,0.006292511199161296,0,1.444193344015457e-6,0.02102802289910665,0.0021767889996418825,0.01299986358055568,0.010999903947747573,0.01,0.010999801626661376,0.010999610667704886,0.01499990782900437,0.030000264494286923,0.016016430739081065,0.024999924180160345
GUY,0.01922734435808855,0.0114,0.041199014508623046,0.032806135514499395,0.026282201429106256,0.0420009573958832,0.0536937535590141,0.03650857451439528,0.1279956613575384,0.004999999999999999,0.010000038654961943,0.008586790741556658,0.006999786266068212,0.012938040055335031,0.002699241751881012,0.028332973910350324,9.999968325127783e-4,0.015000133536308522,0.008000132727212396,0.06399892933618845,0.054999725268255924,0.073811241747768,0.03202650345350567,0.08400019729703068,0.03400100893201579,0.08100033795201081,0.08055489442710195,0,0.02080000605759256,0.1082110163421041,0.017000036500346753,0.10767226330727073,0.0036573991607255327,0.006739283990202944,6.743309524489462e-4,0.013249506953740673,0.005636837100972728,0,1e-4,3.8015499723488213e-4,0.008380336491100008,0.004,0.0015378965526206838,3.767780281208235e-4,0.002,0.010000053323663976,0.0060001972581122396,0.011160358318223637,0.004500130896099296,0.005,0.004000043293791671,0.004,0.01,0.005999979620326686,0.008000140144348678,0.004199939289689366,0.009619449702931387,0.007999940695053968,0.003940681892736226,0.024999871765279166,0.022000617883308322,0.0107000103820598,0.015000048774301795,0.03105144094161057,0.04791385730809377,7.664629436760258e-4,4.265756810186272e-4,0.006292511199161296,0,1.444193344015457e-6,0.021000068709633092,0.0021730851332948673,0.012999621068586587,0.011000105552037153,0.009999999999999998,0.011000032367996375,0.010999919426315365,0.027995305972564985,0.065410625226476,0.016016430739081065,0.024999924180160345
HND,0.019227549983267377,0.011400002756453547,0.041199014508623046,0.024000211271912514,0.026282201429106256,0.0419982351997433,0.0536937535590141,0.05939949852413749,0.12799798454820288,0.005,0.01,0.013499949305485147,0.007956132859622657,0.011322210368753154,0.002699241751881012,0.04200094900901558,9.99966670780273e-4,0.015000187371182314,0.007999908750798429,0.06400062308384018,0.06981893996912422,0.06960698304038397,0.016357419741816707,0.08399965933424178,0.034001572327044025,0.08099969583291088,0.08055489442710195,0,0.0207997745670663,0.1082110163421041,0.017000208572322453,0.10767226330727073,0.0036573991607255327,0.006739283990202944,6.743309524489462e-4,0.013249506953740673,0.005636837100972728,0,9.999844680702354e-5,3.8015499723488213e-4,0.008380336491100008,0.003999927001970946,0.0015378965526206838,3.767780281208235e-4,8.845210731673149e-4,0.009999917128330923,0.006000051672242963,0.008915839464047715,0.004500053431313478,0.004999796623957698,0.003999862268438813,0.003999934589220304,0.010000080628472064,0.005999825789030515,0.008,0.004199934340118189,0.009619449702931387,0.008000398194850013,0.007987587740663847,0.024999999999999998,0.021999443912385307,0.010700416088765603,0.014999911519861265,0.03105144094161057,0.05201461629136326,0.001999967739854184,9.999999999999998e-4,0.006292511199161296,0,1.444193344015457e-6,0.02100064879530392,0.0021728455876408163,0.013,0.005595015618155528,0.009999999999999998,0.011,0.010999935111284147,0.015000276518084282,0.0300006899882702,0.016016430739081065,0.024999924180160345
HRV,0.012006753265428194,0.01600071219787231,0.03600067385444744,0.011247933220964764,0.026299643695142087,0.04719864951181677,0.0536937535590141,0.03650857451439528,0.02810364911009798,0.007848096411814201,0.00729999666272715,0.008586790741556658,0.007956132859622657,0.017552856740076787,0.002699241751881012,0.028332973910350324,0.003700000099400911,0.0011000091490867767,0.00420007423904974,0.06740014600062573,0.04820002085723225,0.06570485788761447,0.03660799145873842,0.0830022659424391,0.04580003945940613,0.053263646538300936,0.08055489442710195,0,0.024299580851533203,0.0635980209262714,0.03319994830037482,0.05729995320542817,5e-4,0.006739283990202944,3.0000114780253203e-4,0.013249506953740673,0.005636837100972728,0,1e-4,3.8015499723488213e-4,0.008380336491100008,0.00560015368852459,0.0015378965526206838,3.767780281208235e-4,8.845210731673149e-4,0.00270004716239585,0.0021000217097088586,0.00960176226952047,0.0013999863521879923,0.006,8.9996120271581e-4,0.008599555206698065,0.002600018139041085,0.00918038375485462,0.0012000031983880122,0.0029000393236335033,0.010199947857128532,0.0029000568613318446,0.0026455437656496515,0.018299701577376724,0.02830081812460667,0.006900024775672444,0.024000077928656317,0.037794971591367646,0.03784637218638023,1.9999999999999998e-4,2.9999284334072853e-4,0.006292511199161296,0,1.444193344015457e-6,0.01762729138904324,3.1834927029485036e-4,0.0070003512469265896,0.003399907485510598,0.010199942600210465,0.004599983900458838,0.005899958739327768,0.053001060924132634,0.039501031701369343,0.016016430739081065,0.024999924180160345
HTI,0.019227274231573728,0.01140014212244616,0.06046867398299141,0.032807133383695286,0.026282201429106256,0.04971397177680565,0.0536937535590141,0.01516152675198737,0.12799523147228295,0.004999949089205894,0.01,0.01349995193142408,0.007000021443617308,0.010999777977276456,0.0037000647009890007,0.04199896584238221,0.0010000043686436235,0.015000182501733766,0.007999908750798429,0.06400035027245625,0.054998755703027785,0.05995116430327372,0.037958091754519134,0.0830022659424391,0.03399907464528069,0.053263646538300936,0.08055489442710195,0,0.020800135459639182,0.09499951973873788,0.03205035926268101,0.10767226330727073,0.0036573991607255327,0.006739283990202944,6.743309524489462e-4,0.013249506953740673,0.005636837100972728,0,9.999999999999999e-5,3.8015499723488213e-4,0.008380336491100008,0.004000073000693507,0.0015378965526206838,3.767780281208235e-4,0.001999939418722644,0.009999954231524411,0.005999975003749437,0.014564186874374066,0.004500012719086261,0.005,0.004,0.004,0.01,0.005999867790677851,0.007999892669314156,0.0042000707119812615,0.009619449702931387,0.00799988408484989,0.004409786564798852,0.024999999999999998,0.02199985518789371,0.0107000103820598,0.01499977317748106,0.037198796494135086,0.05541844002389227,7.664629436760258e-4,9.999999999999998e-4,0.006292511199161296,0,1.444193344015457e-6,0.02274375558795338,0.0023016531715239915,0.012999966046448458,0.010999903947747575,0.009999999999999998,0.011000297560007935,0.011000097333073779,0.027995305972564985,0.065410625226476,0.016016430739081065,0.024999924180160345
HUN,0.012006969785816132,0.015999472921333507,0.036000104286161225,0.011248090066954368,0.02629959345974658,0.04720003369224938,0.0536937535590141,0.03650857451439528,0.32534201712275734,0.007848096411814201,0.007300002229008314,0.008586790741556658,0.007956132859622657,0.017552856740076787,0.002699241751881012,0.028332973910350324,0.0036999379654202268,0.0010999975113647675,0.004199896584238221,0.06739822180627046,0.04819967389190564,0.06417007755341113,0.03633718879788969,0.0830022659424391,0.045799736757695414,0.053263646538300936,0.08055489442710195,0,0.024300299917044223,0.06360069349393192,0.03320031146583609,0.057299953205428175,5.000000000000001e-4,0.006739283990202944,3.0000351807115886e-4,0.013249506953740673,0.005636837100972728,0,9.999999999999999e-5,3.8015499723488213e-4,0.008380336491100008,0.005600048666980975,0.0015378965526206838,3.767780281208235e-4,8.845210731673149e-4,0.002699979609216634,0.002100024521978609,0.007885806187865727,0.0013999903581931254,0.006000322945260778,9.00015651901706e-4,0.008599987735328387,0.0026000169736060427,0.00918038375485462,0.0012000036536544375,0.0029000304553068374,0.010199947857128532,0.002899993643786223,0.0030695801387502814,0.018299932520003,0.028300287974578796,0.0068999526261985435,0.024000912929362093,0.03586962605380068,0.02214773043224091,1.9999999999999998e-4,3.000030758504727e-4,0.006292511199161296,0,1.444193344015457e-6,0.018016009865186634,3.020343090581289e-4,0.006999826177646445,0.003400049143342194,0.010200267874226673,0.004599915693421607,0.005900006488871586,0.05300077425063599,0.03949923592335723,0.01499954375399215,0.024999924180160345
IDN,0.012006745302890877,0.015999960487149543,0.06046867398299141,0.01124801683437547,0.026282201429106256,0.04720045746544676,0.038335156895990104,0.03650857451439528,0.32534201712275734,0.010000164281242185,0.014000465711957153,0.006999971479907595,0.007956132859622657,0.007000065457877855,0.002699241751881012,0.028332973910350324,0.003700064870917641,0.0037000392145033335,0.02000036500346753,0.06400020419623258,0.061999951333463116,0.06243754739058614,0.018007714290721035,0.06600167177486765,0.04580006262721152,0.053263646538300936,0.08055489442710195,0,0.024300220716118516,0.06359978100191623,0.03205035926268101,0.10767226330727073,4.999902925815909e-4,2.999969583599477e-4,3.000048666536889e-4,0.013249506953740673,0.005636837100972728,0,9.999838137938848e-5,3.999999999999999e-4,0.008380336491100008,0.005499761669444974,0.0015378965526206838,3.767780281208235e-4,8.845210731673149e-4,0.0026999747942443204,0.002100037488497847,0.007673661126666291,0.0014000316605983854,0.005999893429956839,0.0010999931134219407,0.008856062489655349,0.0026000542424226922,0.00918038375485462,0.0011999819754866619,0.00289993449066492,0.010200050137879169,0.002900038933229511,0.003823247835787386,0.01830009943999581,0.015700059159929006,0.006899986434897195,0.008999842703512678,0.03430797051657079,0.03642728979664723,1.9999999999999998e-4,2.999927001970947e-4,0.006292511199161296,0,1.444193344015457e-6,0.02171128185383941,4.0430475724593373e-4,0.0070000091965016515,0.003400070687540282,0.011000192675217282,0.004600070846617074,0.005900050846226484,0.05299959675096492,0.03950010579771476,0.016016430739081065,0.024999924180160345
IND,0.048386222101148575,0.010000134001692544,0.020000365003467534,0.01999977538437349,0.026282201429106256,0.03800004866653689,0.049075748259186015,0.03724538777398646,0.32534201712275734,0.010000276766810123,0.0070435283322610445,0.008586790741556658,0.007956132859622657,0.017552856740076787,5e-4,0.030000558669621404,4.999918120631963e-4,0.0037000912501267366,0.01,0.03999978717291137,0.07000101389029707,0.05105516166467605,0.05884970955965793,0.09999999999999999,0.0200005840012848,0.053263646538300936,0.08000146001387014,0,0.016999644597887897,0.08999927001970946,0.03205035926268101,0.10767226330727073,5e-4,3.0000561545372867e-4,3.000055303616856e-4,0.013249506953740673,0.005636837100972728,0,1e-4,3.9999999999999996e-4,0.008380336491100008,0.005499761669444974,6.999841307625169e-4,3.767780281208235e-4,8.845210731673149e-4,0.010000100191365508,0.00999987246687327,0.020288762784064843,0.0021277702373228478,0.01,0.002242866576085852,0.0085999464811346,0.003164352857640448,0.00918038375485462,0.01,0.02,0.01,0.003427910237071163,0.004026985372142423,0.009999999999999998,0.020000747440017938,0.02,0.02399993779740615,0.027799770751209145,0.04251070037038638,7.664629436760258e-4,4.265756810186272e-4,0.006292511199161296,0,1.444193344015457e-6,0.020000342882614135,7.891215853582892e-4,0.01,0.02,0.029999775038243498,0.019999603261192996,0.049997787904260495,0.027995305972564985,0.0799989420228523,0.016016430739081065,0.024999924180160345
IRL,0.01200689041123197,0.016,0.03599985400038933,0.011247793228396807,0.026300769843376693,0.04720050962432423,0.0536937535590141,0.03650857451439528,0.02801147170486839,0.007848096411814201,0.007299731309830819,0.008586790741556658,0.007956132859622657,0.017552856740076787,0.002699241751881012,0.028332973910350324,0.0036999910726811286,0.00110000198663895,0.004199965238550448,0.06739918441323063,0.04820065759705589,0.05943685504014571,0.03999935488837634,0.15700323090857474,0.045799738505120945,0.052500236572803595,0.08055489442710195,0,0.02430021742480012,0.06360069349393192,0.03320067506574042,0.05729735350699319,5e-4,0.006739283990202944,3.0000345427120634e-4,0.013249506953740673,0.005636837100972728,0,0.009824964667071738,4e-4,0.008380336491100008,0.005599869432327369,0.0015378965526206838,3.767780281208235e-4,8.845210731673149e-4,0.0027000508948575204,0.0020999861085007803,0.006986221170633447,0.0014000355152087387,0.006,8.999932482614273e-4,0.008599844646049438,0.002599987562143555,0.005999938962981048,0.0012000237785425075,0.0028999611046285493,0.010199947857128532,0.002899996573660587,0.003747497222621418,0.018300012092952622,0.028300949985104764,0.006899954026240407,0.024000139549737405,0.045246895361772656,0.03557454686712235,2.0000460098000875e-4,3e-4,0.006292511199161296,0,1.444193344015457e-6,0.017500104268521565,3.021175399265899e-4,0.006999782356355195,0.0034000290244167904,0.010199948360444102,0.00459998809783579,0.005900090653180019,0.053000188030217554,0.039498132046153336,0.01499990875079843,0.024999924180160345
IRN,0.034039161048065515,0.016000289801485983,0.03600034219231208,0.027100579621275166,0.026282201429106256,0.04971397177680565,0.0536937535590141,0.03650857451439528,0.32534201712275734,0.007848096411814201,0.007300001277131053,0.008586790741556658,0.007956132859622657,0.017552856740076787,0.002699241751881012,0.028332973910350324,0.003699991238964961,0.001100010950104026,0.0042000957395883195,0.06740011853134026,0.06981893996912422,0.05633059099805242,0.03635540964931427,0.0830022659424391,0.04579934617704002,0.053263646538300936,0.08055489442710195,0,0.024300466887170705,0.1082110163421041,0.03320010949904188,0.05729995320542817,4.999973891293791e-4,0.006739283990202944,2.999950340169837e-4,0.013249506953740673,0.005636837100972728,0,0.009824964667071738,4.000060832801046e-4,0.008380336491100008,0.005600166857857963,0.0015378965526206838,3.767780281208235e-4,8.845210731673149e-4,0.0026999952741429724,0.002099990382718887,0.006679536196640619,0.0014000047644471348,0.006000032840452869,9.000059769290539e-4,0.00860000890154887,0.0026000184981553225,0.00918038375485462,0.001200002753957954,0.002899969564776301,0.010200132888730297,0.0029000439311049958,0.003263654540012076,0.01830017962134482,0.028300220150572118,0.012082690491759068,0.02399980480750249,0.03190038541357842,0.043889449699447074,2e-4,3.000036500346753e-4,0.006292511199161296,0,1.444193344015457e-6,0.017500647284139397,3.811484412569684e-4,0.006999955904400741,0.0034000611246943766,0.010200067416175917,0.00460003173931443,0.005899978661515482,0.027995305972564985,0.065410625226476,0.015000182501733766,0.024999924180160345
IRQ,0.03403924280635329,0.01599996157896064,0.036000066213106884,0.027099326520039553,0.026282201429106256,0.04971397177680565,0.0536937535590141,0.03650857451439528,0.32534201712275734,0.007848096411814201,0.007300006234619743,0.008586790741556658,0.007956132859622657,0.017552856740076787,0.002699241751881012,0.028332973910350324,0.003700089404026374,0.0011000112309074573,0.004200018249840313,0.0673996251356417,0.04819976014182918,0.06399087309147226,0.033570660759592835,0.0830022659424391,0.038306591973577706,0.05250004446895178,0.08055489442710195,0,0.02430070543642298,0.06360065992145182,0.033199255121042826,0.10767226330727073,4.999928988368295e-4,3e-4,3.0000058870972493e-4,0.013249506953740673,0.005636837100972728,0,9.999857049599024e-5,4.0000730006935063e-4,0.008380336491100008,0.005599936733502044,0.0015378965526206838,3.767780281208235e-4,8.845210731673149e-4,0.002700014749573316,0.0020999980365592665,0.0058635589498812184,0.0013999712870576412,0.005999834350238812,8.999885220185944e-4,0.008856062489655349,0.0026000342192312076,0.00918038375485462,0.00119995742189579,0.0051619276753505925,0.010199852563023503,0.0029000170561146173,0.0034570771902975687,0.01830017069007559,0.028298774740810557,0.012082690491759068,0.02400007980209081,0.027800016609916118,0.04441793558346783,1.9999999999999998e-4,4.265756810186272e-4,0.006292511199161296,0,1.444193344015457e-6,0.01749986858013983,5.474501497700184e-4,0.007000052723150736,0.003399841568472126,0.010200109453446595,0.004600014426891726,0.014914354349504392,0.027995305972564985,0.065410625226476,0.016016430739081065,0.024999924180160345
ISL,0.0120064617661466,0.016000040668591647,0.06046867398299141,0.02233637458898241,0.026299619024210394,0.04720007684180194,0.0536937535590141,0.03650857451439528,0.32534201712275734,0.007848096411814201,0.007300002229008314,0.006100135883767116,0.007956132859622657,0.017552856740076787,0.002699241751881012,0.028332973910350324,0.0037000478672323525,0.0010999942519651096,0.00419995491191721,0.06740024261682645,0.04819840864296664,0.06960698304038397,0.049661610313567896,0.15699970136377212,0.04580039628741266,0.052498648161499635,0.09210132496258715,0,0.024300680984808802,0.1082110163421041,0.033199270021758966,0.10767226330727073,5e-4,2.9999594452104797e-4,3.0000000000000003e-4,0.013249506953740673,0.005636837100972728,0,0.009824964667071738,4.000057937427578e-4,0.008380336491100008,0.0055997511406055585,0.0015378965526206838,3.767780281208235e-4,8.845210731673149e-4,0.0027000054386251155,0.0021000370149830212,0.00657113433165527,0.0014000055782300274,0.005999931686989786,9.000184467810367e-4,0.008600038186562572,0.0026000038211936136,0.00918038375485462,0.0011999950421110691,0.0029000093187960116,0.010199952107279694,0.0029000191885736213,0.0035959092156667848,0.018299854960163717,0.028298972301616623,0.0068999487386559215,0.023999718643392225,0.03060344440754934,0.04503434254802888,1.999984202960365e-4,2.999995209970925e-4,0.006292511199161296,0,1.444193344015457e-6,0.017500244707686474,3.0049190451794005e-4,0.007000086617583368,0.0034000188412623643,0.0101999464528159,0.013137257183059733,0.005899989365894547,0.027995305972564985,0.03950010579771477,0.016016430739081065,0.024999924180160345
ISR,0.01200667460288612,0.015999936796615457,0.035998711801331136,0.011247890451709871,0.02629984487635733,0.04719829474114521,0.0536937535590141,0.03650857451439528,0.32534201712275734,0.007848096411814201,0.00730000094080837,0.00610006239276244,0.007956132859622657,0.017552856740076787,0.002699241751881012,0.028332973910350324,0.003700051780427921,0.0011000066972507785,0.004199864819195674,0.06740089975384093,0.048199056351820535,0.053636149142015546,0.04410602783963802,0.15699881376037958,0.04580055823395077,0.052499239582277195,0.08055489442710195,0,0.024299706170421154,0.06360026016757853,0.03320129024956143,0.057298576894492005,4.999933088884725e-4,0.006739283990202944,2.9999535035104847e-4,0.013249506953740673,0.005636837100972728,0,1e-4,3.999969583136891e-4,0.008380336491100008,0.0055999937872763415,0.0015378965526206838,3.767780281208235e-4,8.845210731673149e-4,0.0026999925754044485,0.0021000098254791615,0.005644173088240226,0.0013999947038106082,0.006,8.99989872392141e-4,0.008856062489655349,0.0026000025013653287,0.00918038375485462,0.0011999973435224006,0.002899949396370997,0.010199991643803183,0.0029000039719651476,0.0041908586437859495,0.01829996071074038,0.02830092459147247,0.006899979099417106,0.02399966295392795,0.03105144094161057,0.04192873607892022,2.0000403453562495e-4,4.265756810186272e-4,0.006292511199161296,0,1.444193344015457e-6,0.017499990244397357,3.1549318934778015e-4,0.006999979496852766,0.0034000391689070096,0.010200008397833358,0.004600079349335449,0.005900070296869085,0.052999877104583995,0.03949968431650256,0.016016430739081065,0.024999924180160345
ITA,0.012006663152185482,0.016000196916844827,0.036,0.01124804992199688,0.026299926999687143,0.047199035135049354,0.0536937535590141,0.03650857451439528,0.024294496788744006,0.007848096411814201,0.007300004174683957,0.006099976463346189,0.007956132859622657,0.017552856740076787,0.002699241751881012,0.028332973910350324,0.003699939994442438,0.0010999863126197643,0.0042000437998832,0.06739923910314594,0.048199824800467195,0.06232971558552829,0.03930621689796057,0.15700259152461948,0.04579963728028653,0.053263646538300936,0.08055489442710195,0,0.024299721424027722,0.1082110163421041,0.033200105701261806,0.10767226330727073,4.999816352016456e-4,3.0000000000000003e-4,3.000028077005868e-4,0.013249506953740673,0.005636837100972728,0,9.999999999999999e-5,4.0001258653241036e-4,0.008380336491100008,0.005599912123779933,0.0015378965526206838,3.767780281208235e-4,8.845210731673149e-4,0.0027000201311148256,0.0021000182092072374,0.006113127541452503,0.0013999706581492195,0.005999959632928765,8.999748047367095e-4,0.008599904980273078,0.002599979049791662,0.005999919781806514,0.001200002035411064,0.0028999379597624744,0.010199817684594348,0.0029000304167089122,0.0029373984679187943,0.018300084915025175,0.028300063371356148,0.006900057046533673,0.024000152249003245,0.03282946048135554,0.035308238583094995,1.9999347333039632e-4,2.999961273332817e-4,0.006292511199161296,0,1.444193344015457e-6,0.0175001841607706,3.558050152405056e-4,0.007000216859258342,0.003400060573719659,0.010199944266406578,0.004600008671898713,0.005900128826452364,0.05300041271151465,0.039500444138040755,0.014999519738737874,0.024999924180160345
JAM,0.01200676021672899,0.01600072070082343,0.03599985400038933,0.011247649148469336,0.026282201429106256,0.04720039541721586,0.0536937535590141,0.03650857451439528,0.32534201712275734,0.0027000467945718296,0.007300014570887367,0.00609992434265092,0.0054000360479014185,0.022200154241102082,0.002699241751881012,0.028332973910350324,0.0037000272305285887,0.0010999770079705702,0.004199910778256931,0.06740041104659651,0.048199736259595914,0.06116997710705621,0.037958091754519134,0.15700259152461948,0.045799874856606526,0.05249814126394052,0.08055489442710195,0,0.024300141597015996,0.06360185421761506,0.03320035040332883,0.10767226330727073,5.000033424917608e-4,0.006739283990202944,6.743309524489462e-4,0.013249506953740673,0.005636837100972728,0,0.009824964667071738,4.0000173397374765e-4,0.008380336491100008,0.005600166857857963,0.0015378965526206838,3.767780281208235e-4,8.845210731673149e-4,0.0027000057205783506,0.00210001174907589,0.007460116272264652,0.00140000656761509,0.006000033975277323,8.999809345777009e-4,0.008599970564427111,0.0026000085068373707,0.005999846022076585,0.0011999861349416801,0.0028999475165799897,0.009619449702931387,0.0028999839267057786,0.004826916202431486,0.018300348155244527,0.028300314123098934,0.0069000319479538795,0.023999550927615146,0.03105144094161057,0.038773031446612864,2e-4,3.000060834651417e-4,0.006292511199161296,0,1.444193344015457e-6,0.017499999933698662,4.891949235651937e-4,0.006999975747580822,0.0034000576313514552,0.010200187943161432,0.004599991280463879,0.005899951333213802,0.05300077425063599,0.03949889198656087,0.016016430739081065,0.024999924180160345
JOR,0.03403917706424099,0.015999978241436646,0.03599985400038933,0.027100668742661697,0.026282201429106256,0.04720045746544676,0.0536937535590141,0.03650857451439528,0.07610804658668618,0.007848096411814201,0.007299998464774245,0.00609992395865604,0.007956132859622657,0.017552856740076787,0.002699241751881012,0.028332973910350324,0.0036999689380877564,0.0011000202778059416,0.004199896584238221,0.06739846237477673,0.048200344722701,0.052239732368288175,0.0389723000325637,0.15700259152461948,0.04580101590777747,0.052500946304006924,0.08055489442710195,0,0.02429958183990442,0.06360370799536501,0.03319983777755248,0.057299017313991576,4.999962136988377e-4,0.006739283990202944,2.999988375742499e-4,0.013249506953740673,0.005636837100972728,0,9.999779789037897e-5,3.9999999999999996e-4,0.008380336491100008,0.005600079061799974,0.0015378965526206838,3.767780281208235e-4,8.845210731673149e-4,0.0026999746199285876,0.0020999882979566725,0.005339210861772199,0.0013999886410657925,0.006,8.999643790073617e-4,0.008599686028257458,0.002600004438230921,0.00918038375485462,0.0011999983206824748,0.002900059640453267,0.010199895649905432,0.00289997747428314,0.0034270036052853167,0.018299975492198348,0.028300087722643884,0.006899934035047466,0.023999849530723944,0.05327278141751043,0.04476810738776488,1.9999999999999998e-4,3.0000000000000003e-4,0.006292511199161296,0,1.444193344015457e-6,0.017500073409388188,5.079634901602817e-4,0.007000371372486604,0.0034000686106346488,0.010199957863285515,0.004600159287336657,0.005899978661515482,0.05300077425063599,0.03949957680914092,0.016016430739081065,0.024999924180160345
JPN,0.035202485800910226,0.016000026955926217,0.06399892646269457,0.02267877614651968,0.026300324853086105,0.1359953281261406,0.04061391541609823,0.03650857451439528,0.05353127130261512,0.025000482811896485,0.008000112092177134,0.008000187467778976,0.008000229419187092,0.013788173783295991,0.002699241751881012,4.999854003941894e-4,0.001999995794927,0.0011000114823745551,0.013000397204538867,0.054000830546630824,0.04899956863655971,0.03298839750729284,0.026952856294623826,0.08200188894573215,0.033999821953173685,0.053263646538300936,0.08055489442710195,0,0.018000320879209032,0.14099357891179454,0.03299956200116799,0.10767226330727073,0.02,0.02900025550242727,0.01,0.036999881407820935,0.020000608346514175,0,0.03099949070537306,3.999972963108161e-4,0.008380336491100008,0.004000026071540307,0.0040000598372427,0.003,0.006000081109579041,0.003999844281411801,0.005999887631478562,0.00857862160783522,0.0019999814833674347,0.007999975216545434,0.003000140548137737,0.009999999999999998,0.003999983564525673,0.00918038375485462,0.006000125591325825,0.005999761440896982,0.010199743301780844,0.003999902666926221,0.006709043722287245,0.03300020835279157,0.13700145200654945,0.016000111869336617,0.022000126854108716,0.047138841195339544,0.04902056552890229,0.007999766736645672,4.265756810186272e-4,0.019999311342194064,0,1.444193344015457e-6,0.019987857323889476,0.0030019006796995888,0.008999934955119032,0.007999912013139371,0.014000053717232485,0.011999721179873836,0.020000750638042335,0.013999571685919804,0.07299898741838243,0.01499964904892258,0.02500018434538952
KAZ,0.012006953246906643,0.0160001733966231,0.0360000793477614,0.011247967707574144,0.02629984487635733,0.04720069304071614,0.038335995656758645,0.03650857451439528,0.07019426550973798,0.007848096411814201,0.007300225366124381,0.008586790741556658,0.007956132859622657,0.017552856740076787,0.002699241751881012,0.028332973910350324,0.0036999461432433243,0.0010999585234342595,0.004199972625239529,0.056385282881607914,0.04819966459504784,0.06960698304038397,0.03937306899064932,0.156998248004672,0.04579983038292665,0.052498310239945924,0.08055489442710195,0,0.024300003509633947,0.1082110163421041,0.033199500777092265,0.10767226330727073,5.000076042157772e-4,0.006739283990202944,2.999904877087608e-4,0.013249506953740673,0.005636837100972728,0,0.009824964667071738,3.8015499723488213e-4,0.008380336491100008,0.0056001338362331185,0.0015378965526206838,3.767780281208235e-4,8.845210731673149e-4,0.002699992575478991,0.00210006692193385,0.005280043140144473,0.001400040884891255,0.0060000380604399795,8.999885220185944e-4,0.008599773242630386,0.0026000615447738227,0.00918038375485462,0.001200003166339698,0.002900059640453267,0.010200016044067705,0.0029000049647228856,0.0047476774607355665,0.018299866481660865,0.02830005698803251,0.0068998969054741505,0.02399981370220297,0.03784978486526393,0.03985646056133573,2.0000267873884975e-4,3.000035437116836e-4,0.006292511199161296,0,1.444193344015457e-6,0.017644148376742077,3.057278300033698e-4,0.006999750343277992,0.003400036286406472,0.010200029459419651,0.00459993100275989,0.005899990875079843,0.05300077425063599,0.03949957680914092,0.016016430739081065,0.024999924180160345
KEN,0.02349397033316733,0.016999829572083906,0.1490017155162974,0.02488424200181857,0.026282201429106256,0.04719869211466809,0.06028708133971292,0.037888998258499285,0.48662292185550227,0.0070000971156647575,0.008654982056260993,0.011000015588707541,0.008000161684755149,0.02581192046342226,0.014000133060559188,4.999862268438813e-4,5.000082207289203e-4,0.0010999975666731556,0.005,0.057170502247759686,0.17899951116180546,0.10422495929963423,0.05081241094683615,0.06499983409098449,0.03899923605805959,0.053263646538300936,0.08055489442710195,0,0.024272428164071068,0.11800109500469289,0.03205035926268101,0.10767226330727073,0.001,0.006739283990202944,3.000048666536889e-4,0.013249506953740673,0.005636837100972728,0,1.0000323007849091e-4,3.999927001970947e-4,0.008380336491100008,0.005599963500319372,0.0015378965526206838,3.767780281208235e-4,8.845210731673149e-4,0.006,0.0029999758844382277,0.008135717986292583,0.001,0.005857157495645045,0.0030000137735355288,0.00860010851871948,0.0030000235277509828,0.009000255253977709,0.001,0.005110813556191708,0.0029999999999999996,0.00799997809995182,0.008379838589102002,0.021000100399827547,0.023667435236674354,0.014000044123811416,0.009800037728730428,0.020085765020805172,0.043168920736242754,2.999989432191658e-4,5e-4,0.006292511199161296,0,1.444193344015457e-6,0.018000187747928914,5.149449176522064e-4,0.008999941459987903,0.0020000480261262127,0.010999876272077701,0.03099918668544564,0.01600017520038544,0.027995305972564985,0.065410625226476,0.016016430739081065,0.024999924180160345
KGZ,0.012006731460424944,0.015999823741958227,0.03600029200277403,0.011247985693351531,0.026299396534942572,0.04720128824476651,0.0536937535590141,0.03650857451439528,0.025436710827087164,0.007848096411814201,0.007299999710259984,0.008586790741556658,0.007956132859622657,0.017552856740076787,0.002699241751881012,0.028332973910350324,0.0037,0.0011000000000000003,0.004200078616352201,0.06740154031463298,0.04819908751555371,0.06960698304038397,0.03977488758745193,0.0830022659424391,0.04580119235916778,0.053263646538300936,0.08055489442710195,0,0.020550355272908497,0.1082110163421041,0.03320010949904188,0.05729995320542817,5.0000730001606e-4,0.006739283990202944,2.99998545814126e-4,0.013249506953740673,0.005636837100972728,0,0.009824964667071738,3.9999999999999996e-4,0.008380336491100008,0.005599883198890389,0.0015378965526206838,3.767780281208235e-4,8.845210731673149e-4,0.0027000220677212286,0.002099997537612962,0.0064906719971340975,0.0013999867882150876,0.006000159855064741,9.000034434075961e-4,0.008600051021409368,0.0026000216233748683,0.00918038375485462,0.0011999896177830073,0.002899967282839849,0.010199743301780844,0.002899930435678767,0.0037679808975560206,0.01829998340658546,0.02829976599940733,0.006899965305886434,0.024,0.038087624614995756,0.043889747738031025,1.9999999999999998e-4,2.999954375399215e-4,0.006292511199161296,0,1.444193344015457e-6,0.017723766887628358,3.1751976972848814e-4,0.006999811374139395,0.0034000096052252426,0.010200045156920298,0.004600184294051397,0.005899846704138989,0.027995305972564985,0.03950010579771477,0.016016430739081065,0.024999924180160345
KHM,0.0197385236805,0.0159999723494,0.049822644916,0.0149441170232,0.0262877575986,0.0776368627159,0.053693753559,0.0365085745144,0.0617197653808,0.0150001960213,0.0120000288791,0.00752886278001,0.00930416941546,0.0142758603952,0.00336640894371,0.020121968237,0.00313333759083,0.00283329426028,0.0133211679094,0.061461281147,0.0602722256723,0.0763128874258,0.02814852844,0.0713331988664,0.0418676820818,0.0530088442196,0.0805548944271,0,0.021800449616,0.0784710386819,0.0326836720896,0.107672263307,0.00700009657123,0.00244642931922,0.00365810727584,0.0211666218642,0.00563683710097,0,0.0136419537278,0.000386771442268,0.0083803364911,0.00503326605682,0.00125860876247,0.000376778028121,0.00258966381727,0.00376322377224,0.00444269117725,0.00657224042207,0.00160000998167,0.00619195303557,0.00148096117344,0.00915201674166,0.00306670555873,0.00918038375485,0.0028000106823,0.00393334786512,0.00961944970293,0.00326668110441,0.00404064927389,0.0231997478603,0.0561333784443,0.00993326399555,0.0133332826112,0.0377254170737,0.0429373011028,0.00298883915521,0.000384383787346,0.0108617406173,0,1.44419334402e-06,0.0196472259275,0.00124069782526,0.00766646748307,0.00566497895014,0.0119999286526,0.00706662146661,0.0119095660901,0.0363306194151,0.0481371328163,0.0156776813266,0.0249999241802
KIR,0.0197385236805,0.0159999723494,0.049822644916,0.0149441170232,0.0262877575986,0.0776368627159,0.053693753559,0.0365085745144,0.0617197653808,0.0150001960213,0.0120000288791,0.00752886278001,0.00930416941546,0.0142758603952,0.00336640894371,0.020121968237,0.00313333759083,0.00283329426028,0.0133211679094,0.061461281147,0.0602722256723,0.0763128874258,0.02814852844,0.0713331988664,0.0418676820818,0.0530088442196,0.0805548944271,0,0.021800449616,0.0784710386819,0.0326836720896,0.107672263307,0.00700009657123,0.00244642931922,0.00365810727584,0.0211666218642,0.00563683710097,0,0.0136419537278,0.000386771442268,0.0083803364911,0.00503326605682,0.00125860876247,0.000376778028121,0.00258966381727,0.00376322377224,0.00444269117725,0.00657224042207,0.00160000998167,0.00619195303557,0.00148096117344,0.00915201674166,0.00306670555873,0.00918038375485,0.0028000106823,0.00393334786512,0.00961944970293,0.00326668110441,0.00404064927389,0.0231997478603,0.0561333784443,0.00993326399555,0.0133332826112,0.0377254170737,0.0429373011028,0.00298883915521,0.000384383787346,0.0108617406173,0,1.44419334402e-06,0.0196472259275,0.00124069782526,0.00766646748307,0.00566497895014,0.0119999286526,0.00706662146661,0.0119095660901,0.0363306194151,0.0481371328163,0.0156776813266,0.0249999241802
KOR,0.03520210722771634,0.016000109209938617,0.0639998684686462,0.02267909340518785,0.026300324853086105,0.04971397177680565,0.040611790595993784,0.03650857451439528,0.042978530174690895,0.024999637896322476,0.007999935859403813,0.007999925813272005,0.007956132859622657,0.035576337850252646,0.002699241751881012,0.028332973910350324,0.0019999845828900915,0.001100008747758387,0.012999432232946709,0.05400069825753007,0.04900109502372552,0.09882862200123207,0.022618981673630474,0.08199911543564795,0.034000096052252425,0.029000642130521476,0.08055489442710195,0,0.018000084230623447,0.14100470180648356,0.03299936125558901,0.19700217264143058,0.020000081838418227,0.029000389332295113,0.009999999999999998,0.036999935683046055,0.019999999999999997,0,0.03099961846623426,3.9998793399897433e-4,0.022000391083300742,0.004000026071540307,0.003999922342160441,0.0029999999999999996,0.005999919781806514,0.004000009338724891,0.006000042931045586,0.014189648136962742,0.002,0.007999923879120043,0.003,0.01,0.004,0.00918038375485462,0.00599997400301565,0.006,0.009619449702931387,0.004,0.006796309072877526,0.03299993390760283,0.1370013902256443,0.016000081626444,0.02199995076265136,0.02405261275259179,0.048370009631758824,0.008,0.01,0.020000392472379756,0,1.444193344015457e-6,0.020576060533298402,0.003004381474101053,0.008999621068586587,0.007999849254989895,0.01400016138514565,0.011999785545785974,0.02,0.01400001725521323,0.07299770309413031,0.014999771876996077,0.025000312321716355
KWT,0.03403899016148865,0.015999863317178183,0.035999635003193725,0.027099907734623885,0.026282201429106256,0.04971397177680565,0.0536937535590141,0.03650857451439528,0.07630165634933914,0.007848096411814201,0.007300003279979009,0.006099982011741427,0.007956132859622657,0.017552856740076787,0.0036999922575792765,0.028332973910350324,0.0037000289835202827,0.0010999929807594818,0.00419998672727876,0.06739846237477673,0.048200109499041875,0.058459082796073605,0.0522590446156394,0.0830022659424391,0.04579979925175654,0.052501653074718976,0.08055489442710195,0,0.024299938157081015,0.06359973454683353,0.03320066813766935,0.057300623544964256,5e-4,3.000013518445919e-4,3.0000651805501237e-4,0.013249506953740673,0.005636837100972728,0,1.0000238044228618e-4,3.8015499723488213e-4,0.008380336491100008,0.005599925763246621,0.0015378965526206838,3.767780281208235e-4,8.845210731673149e-4,0.002699981396196471,0.0020999415015070656,0.005783599343862371,0.001399991115868117,0.006000096588805358,9.00001167256131e-4,0.008599960752676451,0.002599969290837702,0.00918038375485462,0.0011999766127874898,0.0029000560939283163,0.010200136315756862,0.0028999045128077386,0.0036161141784074712,0.01830000221469227,0.02829987824432306,0.012082690491759068,0.023999658445436202,0.0277999098693105,0.04516842315070882,2e-4,3e-4,0.006292511199161296,0,1.444193344015457e-6,0.01749993035823723,3.1753800585463386e-4,0.007000046768309794,0.0033998731424429145,0.010200007207466937,0.004600054933317057,0.0058999260765108105,0.053001233675075504,0.03950152594099695,0.016016430739081065,0.024999924180160345
LAO,0.012006783300849616,0.01599998920317885,0.06046867398299141,0.011247837422939154,0.026282201429106256,0.04971397177680565,0.0536937535590141,0.03650857451439528,0.0762985305491106,0.010000014556909511,0.014000282496757707,0.006999797598482459,0.007956132859622657,0.017552856740076787,0.0036999267859010566,0.028332973910350324,0.0036999528792287153,0.0036999790886451346,0.0069636497108592765,0.06399856055932553,0.06981893996912422,0.06500039261876718,0.037958091754519134,0.0660006915895032,0.04580074390795009,0.053263646538300936,0.08055489442710195,0,0.020550355272908497,0.06360024548596531,0.03205035926268101,0.10767226330727073,5.000107353730542e-4,3.000039674667724e-4,6.743309524489462e-4,0.013249506953740673,0.005636837100972728,0,0.009824964667071738,3.8015499723488213e-4,0.008380336491100008,0.005499761669444974,7.000331821701139e-4,3.767780281208235e-4,8.845210731673149e-4,0.004589636757878397,0.0052278829906749124,0.006796133733831067,0.0013999923285756297,0.005999931686989786,0.0011000245962121831,0.008856062489655349,0.002600011995441732,0.00918038375485462,0.0011999898610970294,0.0029,0.009619449702931387,0.002900004380009636,0.0035581420724067146,0.018299689511686562,0.01569982355142852,0.006899855936347656,0.008999879503554645,0.03105144094161057,0.03096091172648206,7.664629436760258e-4,4.265756810186272e-4,0.006292511199161296,0,1.444193344015457e-6,0.018027394334791266,3.000035445909542e-4,0.006999741978968653,0.005595015618155528,0.010999938135400985,0.00459986397642258,0.014914354349504392,0.027995305972564985,0.03950010579771477,0.016016430739081065,0.024999924180160345
LBN,0.034039146467922214,0.016000062768728618,0.035999582855355095,0.027099617199323422,0.026282201429106256,0.047197664044123615,0.0536937535590141,0.03650857451439528,0.32534201712275734,0.002699936993503813,0.007299999326464771,0.006100077533249835,0.007956132859622657,0.011012214899416858,0.002699241751881012,0.028332973910350324,0.0036999882534611566,0.0010999814324385072,0.004200040555611883,0.06739941818980186,0.04820018507094386,0.05523180270016566,0.042806534904931255,0.156998248004672,0.04579907896981067,0.053263646538300936,0.08055489442710195,0,0.024299992370489056,0.06360036056804244,0.03319968477374221,0.05729995320542817,4.99995414568832e-4,3.0000376293508937e-4,3.0000402204078346e-4,0.013249506953740673,0.005636837100972728,0,0.009824964667071738,3.8015499723488213e-4,0.008380336491100008,0.0056000210073000375,0.0015378965526206838,3.767780281208235e-4,8.845210731673149e-4,0.002700018916910896,0.0021000099347617315,0.005320031028680907,0.0014000017122261508,0.005999861459682104,9.00016204829039e-4,0.008856062489655349,0.0026000101701942895,0.00918038375485462,0.0012000084877484656,0.0028999544787820545,0.0102,0.0029000224302114562,0.0033676796717735887,0.018299851358046935,0.028301038265256245,0.006899971743430347,0.02400014625954278,0.03105144094161057,0.04348085154321109,2e-4,3.000039674667724e-4,0.006292511199161296,0,1.444193344015457e-6,0.017499845430507775,3.871682283883329e-4,0.007000064063551042,0.0034000227493901896,0.01020012022241146,0.004599981256443098,0.005899930590459778,0.053000774250635985,0.039499735509710573,0.016016430739081065,0.024999924180160345
LBR,0.0234935835656,0.0170000069447,0.0877089470715,0.0266890439249,0.0236234583,0.0493272675394,0.0597810250796,0.0378901209337,0.450464881852,0.00706526065607,0.00865495083037,0.0104431552988,0.00798308232832,0.0168706908994,0.00530708242485,0.0283329739104,0.000500002525839,0.00123102550052,0.00560417247252,0.0568673709294,0.153804137789,0.185597380971,0.0454228163497,0.0719236757786,0.0389468358578,0.0532636465383,0.0805548944271,0,0.0234135002554,0.114234900091,0.0323157233025,0.0799767855559,0.00120441532006,0.000299999491089,0.000443972904277,0.0132495069537,0.00563683710097,0,9.9999850517e-05,0.000390840641829,0.0083803364911,0.00554600529903,0.00153789655262,0.000376778028121,0.000884521073167,0.00600004608876,0.00351412219866,0.0094602437437,0.00108675093926,0.00607833053062,0.00276702933299,0.00875755454491,0.00301266118221,0.00909714315297,0.00123681984639,0.00511890637821,0.00656431904602,0.00588980945806,0.00760333003996,0.0209999483862,0.0236666296004,0.0138525301837,0.00980000791241,0.024205459222,0.0394445488188,0.000551172262909,0.00043787266601,0.00629251119916,0,1.44419334402e-06,0.0184211294251,0.000557070074054,0.00899990343551,0.00365924363285,0.0109999661674,0.0296259516565,0.0154155383074,0.0356890738817,0.0616551932521,0.0159382086633,0.0249999241802
LCA,0.012006919649093764,0.015999921505524047,0.06046867398299141,0.011248138065642815,0.026282201429106256,0.04719940978896073,0.0536937535590141,0.03650857451439528,0.32534201712275734,0.0026999917101881788,0.007299996855708461,0.006099941373245508,0.005400021685589926,0.01832037359956294,0.002699241751881012,0.028332973910350324,0.0036999686644422374,0.001099990798392786,0.004200094900901558,0.06739980048119242,0.04819955479900485,0.06680778371165803,0.037958091754519134,0.15699790126836388,0.045799452499239585,0.05249969276146,0.08055489442710195,0,0.024299870745368376,0.1082110163421041,0.03319950117103142,0.05729995320542817,0.0036573991607255327,0.006739283990202944,3.000036500346753e-4,0.013249506953740673,0.005636837100972728,0,0.009824964667071738,3.9999839561039003e-4,0.008380336491100008,0.005600011230907458,0.0015378965526206838,3.767780281208235e-4,8.845210731673149e-4,0.0027000419991600167,0.002099990785472639,0.006425017691686595,0.0013999936558997334,0.0059999493760599385,8.999893563236741e-4,0.008600367158321201,0.0026000538088652467,0.006000029900729578,0.0011999974016187916,0.0028999749310604163,0.01020001669123988,0.0029000157125648146,0.0038859474053997284,0.01829962933420917,0.02829937154827652,0.006899906947495443,0.02399984109354128,0.03105144094161057,0.028238725713168805,7.664629436760258e-4,3.000060834651417e-4,0.006292511199161296,0,1.444193344015457e-6,0.017499787655951362,3.3883287290405726e-4,0.006999929263634436,0.003400036943537959,0.010200087527352297,0.004600039039625219,0.005899930590459778,0.05300022121446742,0.03950040408493131,0.016016430739081065,0.024999924180160345
LKA,0.030252568078302157,0.01000006044158623,0.06046867398299141,0.01999942968761139,0.026282201429106256,0.03800051100485455,0.04907380273000694,0.03650857451439528,0.09605463422347849,0.01,0.0070435283322610445,0.008586790741556658,0.007956132859622657,0.017552856740076787,5.000087643955196e-4,0.029999594452104796,4.999945985945543e-4,0.0036999910976586842,0.0069636497108592765,0.04000054478099804,0.06999954375399214,0.068811849603107475,0.059995248613536944,0.0830022659424391,0.020000365003467534,0.053263646538300936,0.08055489442710195,0,0.016999501198289035,0.09000084882437824,0.03320035040332883,0.08,5e-4,2.999927001970947e-4,3e-4,0.013249506953740673,0.005636837100972728,0,0.009824964667071738,3.999966968355684e-4,0.008380336491100008,0.005499761669444974,7.000000000000001e-4,3.767780281208235e-4,8.845210731673149e-4,0.010000000000000002,0.010000090854853315,0.010448902638354669,0.0021277702373228478,0.009999999999999998,0.002242866576085852,0.008856062489655349,0.003164352857640448,0.06000044779795357,0.009999999999999998,0.019999657569427797,0.01,0.003427910237071163,0.004190255329876213,0.009999999999999998,0.019999485119967048,0.020000573624734695,0.024000093367412437,0.03105144094161057,0.042868969968858264,2.00005178395733e-4,4.265756810186272e-4,0.006292511199161296,0,1.444193344015457e-6,0.0200028843272211,7.891215853582892e-4,0.01,0.02000054576215685,0.03000003215403067,0.02,0.04999884127830178,0.05300022121446742,0.07999894202285229,0.015000101389029708,0.024999924180160345
LSO,0.0234935585737,0.0169999420099,0.111057915433,0.0277285975306,0.0238133270016,0.0479186470904,0.0588753770372,0.037594102628,0.409251256734,0.00712117204804,0.00865498935909,0.0109999889983,0.0079843640454,0.0177660410399,0.00834959608568,0.0223687651005,0.000499998529309,0.00110000503352,0.00598180531253,0.0570571211161,0.147805555074,0.189373224461,0.0497216418828,0.0688576271876,0.0389999846705,0.0530999906826,0.0805548944271,0,0.0234750155046,0.113804404083,0.0325431560038,0.0605247569652,0.000999996649463,0.00121989749877,0.000380214147013,0.0132495069537,0.00563683710097,0,0.000100000227004,0.000392913702343,0.0083803364911,0.00558561916984,0.00153789655262,0.000376778028121,0.000884521073167,0.00599996817137,0.00315913609358,0.0105834926957,0.000999996926835,0.00616511419175,0.00289182166826,0.0086732128163,0.00301174530319,0.00909015949375,0.00100000026399,0.0051110718056,0.00489125814717,0.00799990864015,0.00948800447794,0.0210000379959,0.0236667977105,0.0138630653723,0.00980001293197,0.0249173874742,0.0385189571261,0.000499913476772,0.000489519028103,0.00629251119916,0,1.44419334402e-06,0.0184605319644,0.000536859741761,0.00900004535791,0.00225677839767,0.0109999636984,0.0310001577224,0.0158448798525,0.0404976775938,0.0549487051382,0.0160164307391,0.0249999241802
LTU,0.01200680221310076,0.016000315432536865,0.03600007351454669,0.011248016675481443,0.026300377026977562,0.04719968406692037,0.0536937535590141,0.03650857451439528,0.02676365022040776,0.007848096411814201,0.007299998233948381,0.008586790741556658,0.007956132859622657,0.017552856740076787,0.002699241751881012,0.028332973910350324,0.003699983728359596,0.0011000029435454736,0.004199989861097029,0.056385282881607914,0.04819993905141844,0.06960698304038397,0.03893285426155979,0.15699790126836388,0.04579820978534804,0.053263646538300936,0.08055489442710195,0,0.024301168504067057,0.1082110163421041,0.033199772893178686,0.10767226330727073,5e-4,0.006739283990202944,3.000052143080613e-4,0.013249506953740673,0.005636837100972728,0,0.009824964667071738,4.0001684636118605e-4,0.008380336491100008,0.005600062571696736,0.0015378965526206838,3.767780281208235e-4,8.845210731673149e-4,0.0027000085200647524,0.002099991882128506,0.007657556425064374,0.0014000128430499033,0.005999932550924053,8.999768234943548e-4,0.008600023548804897,0.002599973003070901,0.006000064545278513,0.0011999837235168054,0.0029000304553068374,0.010199817684594348,0.0028999437288032485,0.003447099790513901,0.018299823633156968,0.028300637729770282,0.006900023526257074,0.024000118278165606,0.07179015550719355,0.03331455202442318,1.9999324689357108e-4,2.9999963353452287e-4,0.006292511199161296,0,1.444193344015457e-6,0.019195424168879524,3.00423803204569e-4,0.006999980350932348,0.0033999174071978095,0.010200050027278654,0.0045999365230500674,0.005900014128950219,0.052999877104583995,0.039500106814783165,0.015000076042157773,0.024999924180160345
LUX,0.012006638891304227,0.01600034112229234,0.03599984791741916,0.011248054859554265,0.026299882594999244,0.04720007684180194,0.0536937535590141,0.03650857451439528,0.026079048495547243,0.007848096411814201,0.007299996984619975,0.006099820268215126,0.007956132859622657,0.017552856740076787,0.002699241751881012,0.028332973910350324,0.003699924953328413,0.0011000104468479302,0.004200115266393443,0.06740024261682645,0.06981893996912422,0.06960698304038397,0.037958091754519134,0.156998248004672,0.04579896342798745,0.053263646538300936,0.09210132496258715,0,0.02430003119638122,0.1082110163421041,0.03319998832014483,0.10767226330727073,5.000056154537287e-4,2.9999570594297487e-4,3.0000212210597795e-4,0.013249506953740673,0.005636837100972728,0,0.009824964667071738,3.8015499723488213e-4,0.008380336491100008,0.005599925763246621,0.0015378965526206838,3.767780281208235e-4,8.845210731673149e-4,0.0026999281562720256,0.0021000270857887454,0.0077956903345900485,0.001400003098347032,0.0060001093015630115,8.999973614079528e-4,0.00860006487187804,0.0026000266639015215,0.00599989096063679,0.0012000068764719948,0.002900041289741376,0.01019997707999083,0.002900036841458922,0.0034726916933382353,0.01830000281391981,0.028300855513307983,0.006900048272830486,0.0240008954491654,0.03480972258535661,0.04628227197118445,2e-4,3.000014313728297e-4,0.006292511199161296,0,1.444193344015457e-6,0.020076011636349266,3.120169769020576e-4,0.006999942256611618,0.003399937743652076,0.010200020775383479,0.004600125287116308,0.00589993849774046,0.05299911837781518,0.039500454784814974,0.015000067592229598,0.024999924180160345
LVA,0.012006671007174455,0.015999922546665633,0.036000774132401964,0.011248070231475431,0.026300811137457403,0.04719971299105437,0.0536937535590141,0.03650857451439528,0.036844415165067645,0.007848096411814201,0.007299737936570983,0.008586790741556658,0.007956132859622657,0.017552856740076787,0.002699241751881012,0.028332973910350324,0.003699976007365825,0.0011000008267264114,0.004199864819195674,0.056385282881607914,0.06981893996912422,0.06960698304038397,0.03675412652476777,0.156998248004672,0.04580069524913094,0.053263646538300936,0.08055489442710195,0,0.024300057985168003,0.06359891542392324,0.03320067506574042,0.057299953205428175,5e-4,0.006739283990202944,2.999907595638514e-4,0.013249506953740673,0.005636837100972728,0,0.009824964667071738,3.8015499723488213e-4,0.008380336491100008,0.005600113765642776,0.0015378965526206838,3.767780281208235e-4,8.845210731673149e-4,0.002700016315056287,0.002099995096906148,0.006563901562777499,0.0013999865948747738,0.006,9e-4,0.00860000506418859,0.00259997178140989,0.006,0.001200018670068768,0.002899977098362533,0.010200050137879169,0.0028999530295913574,0.003405307791587294,0.018300679728108754,0.028299822361815514,0.006899961046970862,0.024000011064884485,0.03105144094161057,0.045185060894604195,2.000077824039846e-4,3.0000850484776325e-4,0.006292511199161296,0,1.444193344015457e-6,0.01753458088066599,3.065158691841765e-4,0.006999964705467123,0.003399907485510598,0.010200096692279169,0.004599902916246593,0.005899913021868788,0.053000188030217554,0.03949977000919963,0.01499990875079843,0.024999924180160345
MAR,0.014696360087854785,0.016000121669302838,0.035999653903740096,0.01124795774274547,0.026300644847305026,0.04720069631626236,0.03833515531917507,0.012326632194461893,0.32534201712275734,0.007848096411814201,0.007300002669300376,0.006100193566227302,0.007956132859622657,0.017552856740076787,0.002699241751881012,0.028332973910350324,0.0037000256189300604,0.0011000104286161226,0.004200107353730542,0.06739887845505524,0.04819840898455779,0.06522231105098088,0.03686456964099379,0.0830022659424391,0.0458006351060335,0.053263646538300936,0.08055489442710195,0,0.02430070543642298,0.063599310554598,0.03320017243856876,0.10767226330727073,5e-4,3.0000000000000003e-4,2.99990135148466e-4,0.013249506953740673,0.005636837100972728,0,0.009824964667071738,3.9999999999999996e-4,0.008380336491100008,0.005600044075313692,0.0015378965526206838,3.767780281208235e-4,8.845210731673149e-4,0.002700048166171578,0.0020999923480123964,0.007131743384926048,0.001400003137648646,0.0059998191518220445,9.00013557483731e-4,0.008600083204564365,0.0025999707232005906,0.00918038375485462,0.0011999968423213147,0.0028999013806706112,0.010199936528086323,0.002899986793843375,0.003555067042169969,0.0183003778028556,0.02829963799375606,0.0069,0.024000148189522997,0.032807771252942854,0.04453762166665134,2.000022782676053e-4,2.9999087507984304e-4,0.006292511199161296,0,1.444193344015457e-6,0.017500078741868017,3.250138639858001e-4,0.0070000707363655655,0.0034000519210799583,0.010199949992337535,0.004599985440780374,0.005899970283085907,0.05299910664908326,0.03950010579771477,0.016016430739081065,0.024999924180160345
MDA,0.01200695627244979,0.016000517732332385,0.03600089651639344,0.01124787207988248,0.02629991648365245,0.047199861892078525,0.0536937535590141,0.03650857451439528,0.32534201712275734,0.007848096411814201,0.007299997739813825,0.008586790741556658,0.007956132859622657,0.017552856740076787,0.002699241751881012,0.028332973910350324,0.0037000191957674037,0.0010999974385901999,0.004200078616352201,0.056385282881607914,0.04820182501341921,0.06960698304038397,0.034754627759453954,0.0830022659424391,0.04579941283821313,0.053263646538300936,0.08055489442710195,0,0.02429915069839264,0.06359886850990053,0.03320082293602336,0.10767226330727073,4.999932407770402e-4,0.006739283990202944,3.0000145273877577e-4,0.013249506953740673,0.005636837100972728,0,0.009824964667071738,3.8015499723488213e-4,0.008380336491100008,0.005599936733502044,0.0015378965526206838,3.767780281208235e-4,8.845210731673149e-4,0.0027000003278290835,0.0020999917079801895,0.006214830115576366,0.0014000030841827685,0.005999775646418756,8.999932482614273e-4,0.008600023548804897,0.0025999439042632758,0.00918038375485462,0.0012000080308384193,0.0029000843493597116,0.010199947857128532,0.002899991866563442,0.002849898763943043,0.018299727520435967,0.028300170880759985,0.006900139718323144,0.024000088349303696,0.03264308274729177,0.028861558805653748,1.9999999999999998e-4,3.000048666536889e-4,0.006292511199161296,0,1.444193344015457e-6,0.01752220596757389,3.730460013669492e-4,0.007000017832623,0.003400012393877425,0.010199948360444102,0.004599937940511548,0.005900006488871586,0.05300022121446742,0.03949957680914092,0.016016430739081065,0.024999924180160345
MDG,0.023493384425137594,0.017000032122820724,0.06046867398299141,0.024884002531251986,0.009000255502427272,0.04971397177680565,0.0536937535590141,0.03788912149059814,0.48800549840368923,0.007000089925156184,0.00865499645987451,0.011000015842014379,0.007956132859622657,0.0090002124361708,0.014000134889053753,0.028332973910350324,4.999851826973417e-4,0.0010999343017738521,0.0049999087507984295,0.05716938603007095,0.17900038933229512,0.22424731312511512,0.06329958318883969,0.06499981749826622,0.0390004171446449,0.053263646538300936,0.08055489442710195,0,0.02427259615384615,0.1082110163421041,0.03205035926268101,0.10767226330727073,9.999999999999998e-4,2.9999668181969003e-4,3e-4,0.013249506953740673,0.005636837100972728,0,9.999999999999999e-5,3.9999206538125846e-4,0.008380336491100008,0.005599883198890389,0.0015378965526206838,3.767780281208235e-4,8.845210731673149e-4,0.006000116610040124,0.0030000539287062503,0.009735703619855766,0.001,0.0058571460790726,0.0029999773944887763,0.008599880061862828,0.0029999936869483973,0.00918038375485462,0.001,0.005111222496845671,0.009619449702931387,0.008,0.0069096775127659524,0.020999731074357937,0.02366635249764373,0.013999956871455372,0.009799989725499598,0.020196037890373594,0.04452171682622256,7.664629436760258e-4,4.265756810186272e-4,0.006292511199161296,0,1.444193344015457e-6,0.02243420198045073,5.00057218559274e-4,0.008999677661974858,0.002000036943992907,0.01099969927396142,0.030999543326863797,0.016000494154378323,0.05300022121446742,0.065410625226476,0.01499954375399215,0.024999924180160345
MDV,0.03403918296479969,0.01600005150922015,0.03600029200277403,0.02710027375038021,0.026282201429106256,0.047200997688283244,0.03091165096678235,0.03650857451439528,0.32534201712275734,0.0027000467945718296,0.007299996538235192,0.0060999559180074945,0.0054000485054265445,0.021855426138078702,0.002699241751881012,0.028332973910350324,0.0036999774985287497,0.0010999981658443535,0.004199910778256931,0.06740122273930102,0.04819965325303403,0.07555631254861413,0.037155591555135745,0.15700068133151643,0.04580039628741266,0.052499239582277195,0.08055489442710195,0,0.024300181413185754,0.06359886850990053,0.03319921908157203,0.10767226330727073,5e-4,0.006739283990202944,3.000048666536889e-4,0.013249506953740673,0.005636837100972728,0,0.009824964667071738,3.9999787172911367e-4,0.008380336491100008,0.005599886446589342,0.0015378965526206838,3.767780281208235e-4,8.845210731673149e-4,0.0026999944464431882,0.0021000797227716415,0.007535457509874792,0.0013999902718573678,0.0060000317168321235,8.99954593612835e-4,0.008600181141189493,0.0025999868726206627,0.00918038375485462,0.0012000082766326521,0.002899961115256482,0.010200139156059428,0.0028999658148876166,0.0035597013682358374,0.018299645559919534,0.02830008476970896,0.006899878324352511,0.024,0.029913181829633848,0.04503434254802888,7.664629436760258e-4,4.265756810186272e-4,0.006292511199161296,0,1.444193344015457e-6,0.01752177007511544,5.319795249257012e-4,0.006999939368216819,0.003400036591501624,0.010200255251291904,0.00459997151615441,0.005899960717559251,0.05299948844861674,0.039499642157015284,0.016016430739081065,0.024999924180160345
MEX,0.019227325181938856,0.011400228920259442,0.06046867398299141,0.023999936976610448,0.027000401503814282,0.04200104288880198,0.0536937535590141,0.03650857451439528,0.12777511351568113,0.0050001086318899775,0.009999963870352372,0.013499949305485147,0.007956132859622657,0.012915169322333974,0.0037000754147812976,0.04200019653812138,0.0010000050750858958,0.01499991267951636,0.007999943846251035,0.06400171764292546,0.05500052143080613,0.06796390529635002,0.017292337861095963,0.08399854001277489,0.03399978208760079,0.08100033795201081,0.08055489442710195,0,0.020800196539500927,0.0949995022729535,0.017000224618149148,0.10767226330727073,0.0036573991607255327,0.006739283990202944,6.743309524489462e-4,0.013249506953740673,0.005636837100972728,0,1e-4,3.8015499723488213e-4,0.008380336491100008,0.004000073000693507,0.0015378965526206838,3.767780281208235e-4,0.0020000561537489646,0.01000004556452164,0.005999790450246222,0.011904349933395918,0.004499946958043813,0.004999819191060806,0.003999947586351486,0.004000046112699438,0.009999885702529403,0.00918038375485462,0.007999812623331909,0.0042000312323567214,0.012,0.00799995799113613,0.004734584098203604,0.02499989966649142,0.022000099656186156,0.010699930584709515,0.015000048694500443,0.03901453446771116,0.05543894944538919,0.001999911909795631,0.001,0.006292511199161296,0,1.444193344015457e-6,0.021018350075391386,0.002184535959316191,0.01299986526542711,0.01099956621429014,0.01,0.011000130793041811,0.011000431965442764,0.015000083792797173,0.03,0.05500045624600784,0.024999924180160345
MKD,0.012006776959897061,0.01599968489049945,0.06046867398299141,0.011248055359225533,0.02629946080464538,0.04720000884848082,0.0536937535590141,0.03650857451439528,0.32534201712275734,0.007848096411814201,0.007300001776464886,0.008586790741556658,0.007956132859622657,0.017552856740076787,0.002699241751881012,0.028332973910350324,0.0037000452280071972,0.00109998133515834,0.004199864819195674,0.06739877238626892,0.0481994459833795,0.07687912588722086,0.03497429702435229,0.15699332001928243,0.04579904217231599,0.053263646538300936,0.08055489442710195,0,0.02429995320542817,0.06359973607737986,0.03319985829459694,0.05729735350699319,5e-4,0.006739283990202944,2.9999425573469155e-4,0.013249506953740673,0.005636837100972728,0,0.009824964667071738,4.0000730006935063e-4,0.008380336491100008,0.005599963500319372,0.0015378965526206838,3.767780281208235e-4,8.845210731673149e-4,0.0027000029959437844,0.0021000054418384086,0.005455834826394459,0.0014000110650943694,0.006,8.999960268584368e-4,0.008599773242630386,0.002600054179676918,0.005999999999999999,0.0011999948468217774,0.002899990664965616,0.010200016044067705,0.0028999301986166633,0.0024873877375647213,0.018300396209886764,0.028299881936245577,0.0069001156263524726,0.02400013570132139,0.03105144094161057,0.05075309445007748,1.9999567833875345e-4,3.000048666536889e-4,0.006292511199161296,0,1.444193344015457e-6,0.017500157074809747,3.5030858587412164e-4,0.0070000593577491535,0.0033999466382070432,0.010200186763160967,0.004599890014926546,0.005899844267081954,0.05299948844861673,0.03949957680914092,0.016016430739081065,0.024999924180160345
MLI,0.02349351220585001,0.01699975032983077,0.06046867398299141,0.030573289275287928,0.026282201429106256,0.04971397177680565,0.06028868915190887,0.03788980190885349,0.4879852125693161,0.007000049659830163,0.008654728937920327,0.011000013738339583,0.008000147196820549,0.017552856740076787,0.002699241751881012,0.028332973910350324,5.000099184701752e-4,0.0011000104286161226,0.00499990875079843,0.056385282881607914,0.17900198143706328,0.08595611718338429,0.047060897146965174,0.0650016846361186,0.03900044923629829,0.053263646538300936,0.08055489442710195,0,0.024272628364861545,0.11799981750159685,0.03205035926268101,0.04766515276630883,0.001,3.000019010322605e-4,6.743309524489462e-4,0.013249506953740673,0.005636837100972728,0,9.999999999999999e-5,3.8015499723488213e-4,0.008380336491100008,0.005499761669444974,0.0015378965526206838,3.767780281208235e-4,8.845210731673149e-4,0.006000000000000001,0.0029999615081121654,0.0027408211043720094,0.001,0.005857138628222966,0.002242866576085852,0.008856062489655349,0.0030000043635157714,0.00918038375485462,0.001,0.005111128782155779,0.009619449702931387,0.00799997809995182,0.007081163919893519,0.020999869889281975,0.0236666488708558,0.013999818862456225,0.00979998825762765,0.02264410540113371,0.03725645055568803,7.664629436760258e-4,4.265756810186272e-4,0.006292511199161296,0,1.444193344015457e-6,0.01800048828125,6.383230722187868e-4,0.009000094710422884,0.005595015618155528,0.011000000000000001,0.030999783596624107,0.01600017520038544,0.027995305972564985,0.065410625226476,0.016016430739081065,0.024999924180160345
MLT,0.012006928228150096,0.01599983521463294,0.03600029200277403,0.011247983887474312,0.026300136536303788,0.047199887149104246,0.0536937535590141,0.03650857451439528,0.32534201712275734,0.007848096411814201,0.007300002960163401,0.0061003774010026475,0.007956132859622657,0.017552856740076787,0.002699241751881012,0.028332973910350324,0.0036999894236014992,0.0011000095244240028,0.004199991239980727,0.06739929625544877,0.04819840898455779,0.06631413382976928,0.04462413260146416,0.15699425130030112,0.04579805534779357,0.052499239582277195,0.08055489442710195,0,0.02430070193976904,0.06360013991757031,0.03319999461257694,0.10767226330727073,5e-4,0.006739283990202944,3.000101389029707e-4,0.013249506953740673,0.005636837100972728,0,0.009824964667071738,3.999954375399215e-4,0.008380336491100008,0.005599938309685379,0.0015378965526206838,3.767780281208235e-4,8.845210731673149e-4,0.0027000257379414853,0.0020999354450224857,0.006998782040711569,0.0014000052803564646,0.005999947502428013,9.000034434075961e-4,0.008600125549278092,0.0025999872249952093,0.00918038375485462,0.0012000100759157275,0.002899990644587894,0.01020055391080126,0.0029000389332295116,0.0032773695920562894,0.018299874944700478,0.028299801398842934,0.00690006956515735,0.024000271189504967,0.03673161655635399,0.026667017347276167,7.664629436760258e-4,3.000055303616856e-4,0.006292511199161296,0,1.444193344015457e-6,0.017569360003634717,3.5954676171009656e-4,0.007000030867055591,0.0034000311732844952,0.010199924157575865,0.004600008671898713,0.005899899311965095,0.05299908842297174,0.03950049332524993,0.015000101389029708,0.024999924180160345
MMR,0.0197385236805,0.0159999723494,0.049822644916,0.0149441170232,0.0262877575986,0.0776368627159,0.053693753559,0.0365085745144,0.0617197653808,0.0150001960213,0.0120000288791,0.00752886278001,0.00930416941546,0.0142758603952,0.00336640894371,0.020121968237,0.00313333759083,0.00283329426028,0.0133211679094,0.061461281147,0.0602722256723,0.0763128874258,0.02814852844,0.0713331988664,0.0418676820818,0.0530088442196,0.0805548944271,0,0.021800449616,0.0784710386819,0.0326836720896,0.107672263307,0.00700009657123,0.00244642931922,0.00365810727584,0.0211666218642,0.00563683710097,0,0.0136419537278,0.000386771442268,0.0083803364911,0.00503326605682,0.00125860876247,0.000376778028121,0.00258966381727,0.00376322377224,0.00444269117725,0.00657224042207,0.00160000998167,0.00619195303557,0.00148096117344,0.00915201674166,0.00306670555873,0.00918038375485,0.0028000106823,0.00393334786512,0.00961944970293,0.00326668110441,0.00404064927389,0.0231997478603,0.0561333784443,0.00993326399555,0.0133332826112,0.0377254170737,0.0429373011028,0.00298883915521,0.000384383787346,0.0108617406173,0,1.44419334402e-06,0.0196472259275,0.00124069782526,0.00766646748307,0.00566497895014,0.0119999286526,0.00706662146661,0.0119095660901,0.0363306194151,0.0481371328163,0.0156776813266,0.0249999241802
MNE,0.012006749714626036,0.015999966359416,0.035999635003193725,0.011247928440912762,0.026299797223522076,0.04720224842136,0.0536937535590141,0.03650857451439528,0.32534201712275734,0.007848096411814201,0.007299999385133765,0.006100070972320794,0.007956132859622657,0.017552856740076787,0.002699241751881012,0.028332973910350324,0.0037000633181664237,0.0011000041584001696,0.004200220523934451,0.06739960075152654,0.04819967555367471,0.06960698304038397,0.03322362695309114,0.0830022659424391,0.04580065936653715,0.05250036612705172,0.08055489442710195,0,0.024299627111208595,0.06360069349393192,0.03319967098498869,0.10767226330727073,5.000182501733767e-4,0.006739283990202944,2.999984728044655e-4,0.013249506953740673,0.005636837100972728,0,0.009824964667071738,3.8015499723488213e-4,0.008380336491100008,0.00559984631639612,0.0015378965526206838,3.767780281208235e-4,8.845210731673149e-4,0.0027000171832858924,0.002099999294686876,0.0061457843088461,0.0014000063143936603,0.006000036125209977,9.000067517385726e-4,0.008599693691968986,0.002599982904846476,0.00918038375485462,0.0012000366223710371,0.0028998990733094775,0.010199879671101008,0.0028998946638697076,0.002535000669969097,0.018299694830454086,0.028300395256916997,0.006900038467879321,0.024,0.03105144094161057,0.032143028918415195,2e-4,3.0000365003467536e-4,0.006292511199161296,0,1.444193344015457e-6,0.017500014045625456,3.318062859001811e-4,0.007000133327407671,0.0033999466382070432,0.01020005102257749,0.004600028723251472,0.005900101756404017,0.05299875570302778,0.03950095602294455,0.016016430739081065,0.024999924180160345
MNG,0.035202070860686135,0.015999913095117394,0.06399926076510812,0.02233637458898241,0.02629886993753071,0.1359953281261406,0.0536937535590141,0.03650857451439528,0.03635423255233472,0.025000554237701464,0.00800000776492467,0.008586790741556658,0.007956132859622657,0.017552856740076787,0.002699241751881012,0.028332973910350324,0.0019999940650353427,0.0011000066972507785,0.012999489013796627,0.056385282881607914,0.04899846704138988,0.09900449123615285,0.04419050725278676,0.08199927000638743,0.034001572327044025,0.053263646538300936,0.08055489442710195,0,0.020550355272908497,0.1082110163421041,0.03300032850312078,0.10767226330727073,0.02000027137410277,0.006739283990202944,0.01,0.037000851685119844,0.005636837100972728,0,0.031000896516393442,3.8015499723488213e-4,0.008380336491100008,0.004000073000693507,0.0015378965526206838,3.767780281208235e-4,0.005999949305485147,0.004000020888382926,0.006000155213224166,0.0068271507276015395,0.0020000114281469544,0.006575856373017483,0.002242866576085852,0.01,0.004000053803938448,0.00918038375485462,0.00600001856096814,0.006000020448225093,0.009619449702931387,0.004,0.003961486366745162,0.03300015499336973,0.1370005002830143,0.01599989570840069,0.022000056134048106,0.0495829019375832,0.07232245643825465,0.008000051090788331,4.265756810186272e-4,0.020000199453497416,0,1.444193344015457e-6,0.02000021671289875,0.0031220836588421496,0.008999660470248706,0.008,0.01399995875693399,0.011999829970528226,0.014914354349504392,0.027995305972564985,0.065410625226476,0.016016430739081065,0.024999924180160345
MOZ,0.023493569511437065,0.017,0.1490008212428141,0.024884011737134795,0.026282201429106256,0.04971397177680565,0.06028963471815506,0.037890263432408214,0.4880009244873589,0.006999919946959729,0.008654733231376967,0.010999995170427561,0.007956132859622657,0.026000603840953547,0.013999519115171917,0.028332973910350324,5.000144969089369e-4,0.0011000104286161226,0.00499990875079843,0.05716875,0.06981893996912422,0.27422135042297446,0.06274429533183727,0.06499716116473356,0.039000866122246965,0.053263646538300936,0.08055489442710195,0,0.024272084438205166,0.1082110163421041,0.03205035926268101,0.04766547080538658,0.001,3.0000000000000003e-4,3.0000000000000003e-4,0.013249506953740673,0.005636837100972728,0,9.999999999999999e-5,4e-4,0.008380336491100008,0.005599936733502044,0.0015378965526206838,3.767780281208235e-4,8.845210731673149e-4,0.006000190999432619,0.0030000111416888567,0.007775592130881653,9.999999999999998e-4,0.005857277534123048,0.0029999275073398814,0.008856062489655349,0.0030000204413282773,0.00918038375485462,0.001,0.00511096652931396,0.009619449702931387,0.00800008760019272,0.0047685917333405185,0.020999772131707874,0.023666354057483314,0.014000459911083857,0.009800098635541673,0.03105144094161057,0.03303238239610379,7.664629436760258e-4,4.265756810186272e-4,0.006292511199161296,0,1.444193344015457e-6,0.018000000000000002,5.18572387044594e-4,0.009000086323482865,0.0019999999999999996,0.011000441891294743,0.031000281153353536,0.016000097333073778,0.05299948844861673,0.065410625226476,0.016016430739081065,0.024999924180160345
MRT,0.023493681379756767,0.01699960051520998,0.1489946431063542,0.030572462903289972,0.026282201429106256,0.04971397177680565,0.06028922519359542,0.03789048384765484,0.32534201712275734,0.007848096411814201,0.00865493235255484,0.01099952175992348,0.008000471586889886,0.017552856740076787,0.002699241751881012,0.028332973910350324,5.000005164120928e-4,0.0010999585234342595,0.0069636497108592765,0.05716926081346554,0.17899717340543195,0.2432523772679127,0.037958091754519134,0.0830022659424391,0.03899990875079843,0.053263646538300936,0.08055489442710195,0,0.020550355272908497,0.1082110163421041,0.03205035926268101,0.04766700576466599,9.999871251818568e-4,3e-4,6.743309524489462e-4,0.013249506953740673,0.005636837100972728,0,9.999999999999999e-5,3.8015499723488213e-4,0.008380336491100008,0.005599936733502044,0.0015378965526206838,3.767780281208235e-4,8.845210731673149e-4,0.005999968073813344,0.003000021842168491,0.008173646285145086,9.999999999999998e-4,0.006575856373017483,0.002999931134219407,0.008599960752676451,0.002999917348541202,0.00918038375485462,0.0010000000000000002,0.005111081290630404,0.0030000263016004523,0.008000146001387013,0.010348215257347224,0.021000396283739158,0.02366676066858227,0.012082690491759068,0.009800026824034334,0.03805615487664234,0.033754794190804786,3e-4,4.999999999999999e-4,0.006292511199161296,0,1.444193344015457e-6,0.01798702291900676,7.092680504552816e-4,0.00900004191817572,0.001999937014817264,0.011000065989177774,0.030999926530012493,0.016000097333073778,0.05300022121446742,0.065410625226476,0.016016430739081065,0.024999924180160345
MUS,0.023493573677099637,0.016999740644892115,0.14900176971573942,0.02488453885603789,0.026282201429106256,0.04719965392778446,0.0536937535590141,0.03650857451439528,0.32534201712275734,0.006999924431345878,0.008655033618442116,0.011,0.007956132859622657,0.017552856740076787,0.002699241751881012,0.028332973910350324,5.000018918445105e-4,0.0010999343017738521,0.005,0.05717049311968463,0.17899772157925165,0.0723733385985095,0.04262608038073789,0.0649990875079843,0.03900102113976579,0.052500236572803595,0.08055489442710195,0,0.02427316366271171,0.11799979142767755,0.033201370170709794,0.04766495086569957,0.0010000058728872289,3.000036500346753e-4,2.9999617802748e-4,0.013249506953740673,0.005636837100972728,0,9.999999999999999e-5,3.9999999999999996e-4,0.008380336491100008,0.00559990681059253,0.0015378965526206838,3.767780281208235e-4,8.845210731673149e-4,0.0060000111726850195,0.0029999937798179978,0.011159282509185476,9.999640559289747e-4,0.005857249696176498,0.0029999999999999996,0.0086,0.0029999787987364046,0.00918038375485462,9.999885759111662e-4,0.0051111171583034,0.002999952812382031,0.008,0.007621029891208916,0.02099994635480929,0.023666615177527196,0.013999930260129715,0.00979994078585628,0.021011252784252768,0.040945229370228535,2.9999493517017826e-4,5.000057937427578e-4,0.006292511199161296,0,1.444193344015457e-6,0.017999882683977297,5.252027319553296e-4,0.009000117082308863,0.002000058747503231,0.011000172358604387,0.031001668960267036,0.01599970800788379,0.05300128144601066,0.04100125036068096,0.015,0.024999924180160345
MWI,0.023494038557907777,0.01700022331225984,0.06046867398299141,0.02488384856102221,0.026282201429106256,0.04971397177680565,0.06028722867984062,0.03789077227913394,0.32534201712275734,0.006999742923187368,0.008654891007081441,0.008586790741556658,0.007956132859622657,0.017552856740076787,0.002699241751881012,0.028332973910350324,5.000140849038002e-4,0.0010999975666731556,0.0069636497108592765,0.05716880222184222,0.17900198143706328,0.06424377637960309,0.037958091754519134,0.06499843253168525,0.03900002937634029,0.053263646538300936,0.08055489442710195,0,0.0242717765143539,0.1082110163421041,0.03205035926268101,0.10767226330727073,0.001,3.0000000000000003e-4,3.000052143080613e-4,0.013249506953740673,0.005636837100972728,0,9.999999999999999e-5,4.000024333268444e-4,0.008380336491100008,0.005499761669444974,0.0015378965526206838,3.767780281208235e-4,8.845210731673149e-4,0.005999999999999999,0.00300001792767974,0.005691051209506632,0.001,0.006575856373017483,0.0029999999999999996,0.00860003069734127,0.0029999314399328115,0.00899996348899193,0.001,0.0051619276753505925,0.009619449702931387,0.008,0.006909647251978439,0.02099967958987504,0.023666303216533676,0.013999799438427598,0.00980000793619301,0.03105144094161057,0.038481347223851846,7.664629436760258e-4,4.265756810186272e-4,0.006292511199161296,0,1.444193344015457e-6,0.018000150732938914,5.005590191881141e-4,0.009000073972704073,0.005595015618155528,0.010999525704740888,0.03100048299178914,0.014914354349504392,0.027995305972564985,0.065410625226476,0.016016430739081065,0.024999924180160345
MYS,0.01200661504037392,0.01599980635635272,0.024999635009854734,0.011248020179503725,0.026282201429106256,0.04719972746739342,0.0536937535590141,0.03650857451439528,0.07603186034247268,0.01,0.013999924401353215,0.0069999423929949876,0.007956132859622657,0.029926961374329795,0.003700146767915258,0.028332973910350324,0.0036999818242827586,0.003700095655238383,0.019999999999999997,0.06399770081908321,0.06200064174554789,0.056841493769435335,0.010514297476639022,0.06599963500319371,0.04579933292777579,0.053263646538300936,0.08055489442710195,0,0.024300198368966276,0.06360185421761506,0.03299936125558901,0.049000155981906095,4.999900273251291e-4,2.999927001970947e-4,2.9999087507984304e-4,0.013249506953740673,0.005636837100972728,0,9.999889393989669e-5,4.000000000000001e-4,0.008380336491100008,0.005599936733502044,0.0015378965526206838,3.767780281208235e-4,8.845210731673149e-4,0.0027000191063026916,0.0021000901659411595,0.007782370438741999,0.0013999794422989383,0.005999968650563506,0.0011000167860340199,0.00859999043382599,0.002600009009820704,0.00918038375485462,0.0012000366598311357,0.0028999806788175438,0.01019972945014721,0.0028999093501956706,0.0033705956877641157,0.01829995832693615,0.01569979852249832,0.006900024678676957,0.00899994561966393,0.03105144094161057,0.0347435624423744,2.0000425586245052e-4,3.000107353730542e-4,0.006292511199161296,0,1.444193344015457e-6,0.018095391682138834,4.571118618039993e-4,0.007000025376202197,0.003399993862457676,0.01100001272928627,0.00460003775378026,0.005899913021868788,0.052999286415128,0.03949935730529646,0.015000182501733766,0.024999924180160345
NAM,0.023494153798150723,0.017000386693955313,0.06046867398299141,0.024884208220849656,0.008999908750798431,0.04719956200383247,0.06028757373870914,0.03789140746002866,0.4880093991272239,0.0070001975113569035,0.008655110135683503,0.010999493071983777,0.007956132859622657,0.02599987060220136,0.002699241751881012,0.028332973910350324,5.000033121576057e-4,0.0010999343017738521,0.0069636497108592765,0.05716762478328314,0.17899846704138989,0.3319882923107472,0.037958091754519134,0.0830022659424391,0.0390004171446449,0.053263646538300936,0.08055489442710195,0,0.024272466441233733,0.1082110163421041,0.03320035040332883,0.04766651068476057,0.001,0.006739283990202944,2.999942063691315e-4,0.013249506953740673,0.005636837100972728,0,0.009824964667071738,3.999954374878809e-4,0.008380336491100008,0.005599936733502044,0.0015378965526206838,3.767780281208235e-4,8.845210731673149e-4,0.005999869780362879,0.002999987788049385,0.006223810837701456,9.999999999999998e-4,0.005857178820172862,0.003,0.008600041863994348,0.0029999532535527297,0.00918038375485462,9.999933840993444e-4,0.00511105014552221,0.00299994269997708,0.008000043046856503,0.016316360350091697,0.020999750332327916,0.023666626169359738,0.014000098053635337,0.009799892334319304,0.02551078311592486,0.03515394825025954,2.9999759771302283e-4,4.265756810186272e-4,0.006292511199161296,0,1.444193344015457e-6,0.022691319673286473,5.027038535577594e-4,0.009000460617227084,0.002,0.010999682537098389,0.03100070192571795,0.01600017520038544,0.053000949667616336,0.04099925941599661,0.016016430739081065,0.024999924180160345
NER,0.02349321824907522,0.017000127572716447,0.1489973565163531,0.030573137700786488,0.026282201429106256,0.04971397177680565,0.06028838705480951,0.03789047737013117,0.4879975965149467,0.007000000000000001,0.008655010814708002,0.011000063566729175,0.007999954116864346,0.017552856740076787,0.002699241751881012,0.028332973910350324,4.99996229346244e-4,0.001099990875079843,0.0069636497108592765,0.05716762478328314,0.1789966745072593,0.08735042153233655,0.03408727194259511,0.0830022659424391,0.039000197416043346,0.053263646538300936,0.08055489442710195,0,0.02427325581395349,0.11799864584062945,0.03205035926268101,0.10767226330727073,0.001,2.999966818196901e-4,6.743309524489462e-4,0.013249506953740673,0.005636837100972728,0,1e-4,3.8015499723488213e-4,0.008380336491100008,0.005499761669444974,0.0015378965526206838,3.767780281208235e-4,8.845210731673149e-4,0.0060002253908115685,0.002999963102754488,0.007755340961475001,9.999999999999998e-4,0.006575856373017483,0.003000076522803796,0.008856062489655349,0.0030001296176279976,0.00918038375485462,0.001,0.005111111111111111,0.003,0.003427910237071163,0.014005616749806738,0.02099983665226237,0.023667014868979618,0.013999999999999999,0.009800276625172891,0.021515465787324918,0.04259613887888624,2.999954077883909e-4,4.265756810186272e-4,0.006292511199161296,0,1.444193344015457e-6,0.017999347538675502,6.81022886399932e-4,0.008999770589584767,0.005595015618155528,0.010999845344880917,0.031000124689692692,0.014914354349504392,0.027995305972564985,0.065410625226476,0.016016430739081065,0.024999924180160345
NGA,0.02349355359248989,0.017000240992161093,0.1490017155162974,0.030572548118680043,0.026282201429106256,0.04720045746544676,0.06028891384945401,0.037889759054791874,0.4866326807195674,0.007000019587323085,0.008655063466548417,0.01099989904380057,0.007999976320171577,0.009000751626928087,0.014000204196232581,5e-4,5.000082954507748e-4,0.00110003711952487,0.0069636497108592765,0.056385282881607914,0.06981893996912422,0.09238501667410844,0.06385470147546257,0.06499992581272164,0.03900023227262169,0.053263646538300936,0.08055489442710195,0,0.024271787872879702,0.11800197101872467,0.03205035926268101,0.04766566265060241,0.001,3.0000573295878004e-4,6.743309524489462e-4,0.013249506953740673,0.005636837100972728,0,1.0000068097161028e-4,3.9999999999999996e-4,0.008380336491100008,0.005599883198890389,0.0015378965526206838,3.767780281208235e-4,8.845210731673149e-4,0.005999960874073205,0.00300001347109776,0.008697524109163803,0.001,0.006575856373017483,0.002242866576085852,0.00860008659546152,0.003164352857640448,0.008999989752943466,0.001,0.005111154373864353,0.0029999331506116718,0.007999624577649855,0.012055994396723113,0.021,0.023666480428566734,0.014000232549126005,0.009800031441597233,0.021001030357227026,0.03468399886042151,3e-4,4.265756810186272e-4,0.006292511199161296,0,1.444193344015457e-6,0.018000197697653403,5.001801164352961e-4,0.009000026609190814,0.001999974822498615,0.011000372677421072,0.03100098583760129,0.016000494154378323,0.05300077425063599,0.040999259415996615,0.016016430739081065,0.024999924180160345
NIC,0.019226414853288444,0.011399671357813777,0.06046867398299141,0.024000208230641466,0.026282201429106256,0.04200044824384465,0.0536937535590141,0.05939930340187986,0.12800222730928662,0.005,0.009999929468687623,0.008586790741556658,0.007956132859622657,0.017552856740076787,0.002699241751881012,0.04199946585952105,0.0010000483639654898,0.015000033671620885,0.007999908750798429,0.0640002339510494,0.0550004866653689,0.06960698304038397,0.037958091754519134,0.0830022659424391,0.03399988225828607,0.053263646538300936,0.08055489442710195,0,0.020799883015281132,0.09500224618149146,0.016999781005912838,0.10767226330727073,0.0036573991607255327,0.006739283990202944,6.743309524489462e-4,0.013249506953740673,0.005636837100972728,0,9.999999999999999e-5,3.8015499723488213e-4,0.008380336491100008,0.004000060834651418,0.0015378965526206838,3.767780281208235e-4,0.002,0.010000000000000002,0.005999937268678251,0.011273847816701033,0.004499957146180501,0.006575856373017483,0.004000045911574308,0.0040001046599858715,0.009999510882856444,0.006,0.008000029820258393,0.00420002343763079,0.009619449702931387,0.00800008760019272,0.007490596332263121,0.024999691696777616,0.022000556096204642,0.01069983772972565,0.014999876396717095,0.03822782167072822,0.05030426676720175,0.00200002405523081,4.265756810186272e-4,0.006292511199161296,0,1.444193344015457e-6,0.02100102342108395,0.0021743151873660667,0.012999845667103943,0.011000160089650204,0.009999999999999998,0.010999801626661376,0.01099993787276342,0.027995305972564985,0.0300007296340885,0.05499872248786364,0.024999924180160345
NLD,0.012006948868351458,0.015999628023759982,0.03599911759987165,0.011247967240212852,0.026300018203288728,0.04719924080202453,0.0536937535590141,0.03650857451439528,0.046647949927084605,0.007848096411814201,0.007300257561628967,0.006100189035916824,0.007956132859622657,0.017552856740076787,0.002699241751881012,0.028332973910350324,0.0037000143250935065,0.0010999915117562177,0.004199864819195674,0.06739950360132373,0.04819840898455779,0.060064623177015115,0.05760006835682996,0.0830022659424391,0.04579876857279799,0.053263646538300936,0.08055489442710195,0,0.02430063345317583,0.06360062893081761,0.03319949942642612,0.10767226330727073,5e-4,2.99998545814126e-4,3e-4,0.013249506953740673,0.005636837100972728,0,1.0000475262582577e-4,3.99995755788044e-4,0.008380336491100008,0.005599824098504838,0.0015378965526206838,3.767780281208235e-4,8.845210731673149e-4,0.0027000678969182905,0.00210003145122577,0.00883488965853416,0.0014000039125926795,0.006000042289556594,8.999963626223068e-4,0.008856062489655349,0.0026000170011514414,0.006000044215506379,0.0012000061880525366,0.002900029911505716,0.010199743301780844,0.0028999960030376914,0.002828816894436562,0.018300150836044228,0.028300210204471623,0.006900051164023755,0.023999944273653512,0.10637720844324629,0.04341148286064057,1.9999005568814638e-4,3.000048666536889e-4,0.006292511199161296,0,1.444193344015457e-6,0.017499902934210575,3.045403555854392e-4,0.0069998886786151624,0.0033999645996813967,0.010200212752048778,0.004600277722674072,0.005899945803054938,0.05300019751135691,0.03949964215701528,0.016016430739081065,0.024999924180160345
NOR,0.012006733669413844,0.015999938396617973,0.035999808900461026,0.02233637458898241,0.026300314305992094,0.04720006541729544,0.0536937535590141,0.03650857451439528,0.32534201712275734,0.007848096411814201,0.007299999736936947,0.0061003774010026475,0.007956132859622657,0.017552856740076787,0.002699241751881012,0.028332973910350324,0.0036999460904791463,0.0010999900939550266,0.004199910778256931,0.067401540314633,0.04819978652841841,0.06687246297873073,0.03451498985159743,0.15699570119231082,0.04579888268156424,0.053263646538300936,0.08055489442710195,0,0.024299733799515277,0.06360021900093857,0.033199270021758966,0.10767226330727073,5e-4,2.9999549387166546e-4,2.9999339367113695e-4,0.013249506953740673,0.005636837100972728,0,9.999999999999999e-5,4.000132731616672e-4,0.008380336491100008,0.005599938309685379,0.0015378965526206838,3.767780281208235e-4,8.845210731673149e-4,0.002700074295855476,0.0021000125172111654,0.007890891671608204,0.0013999928723315792,0.006000174703004892,8.999803239981637e-4,0.008599979873201167,0.0026000136692942086,0.00918038375485462,0.001199985803184819,0.0028999544787820545,0.010200050137879169,0.0028999824398565086,0.0034351083037493222,0.018300056622088005,0.028300512568395563,0.006899915616753733,0.023999959810843033,0.03165361508259643,0.03427320847857217,2e-4,3.0000000000000003e-4,0.006292511199161296,0,1.444193344015457e-6,0.017500355235650425,3.044465271920919e-4,0.006999883986233032,0.0033999060767195693,0.010199974619826144,0.004600029472109183,0.005900020474697998,0.053000165907792135,0.039498959881129274,0.016016430739081065,0.024999924180160345
NPL,0.04970901585017138,0.01600015150463036,0.0639998684686462,0.02400026059799095,0.02629984487635733,0.13600029200277403,0.049077290596843674,0.03650857451439528,0.05715074142584225,0.025000724217844727,0.008000139898819475,0.008586790741556658,0.007956132859622657,0.01311863331786229,5.000046853769385e-4,5e-4,0.002,0.0011000101389029707,0.012999489013796627,0.05399937428303264,0.0490007180469124,0.15865096771487391,0.030885525085313507,0.08200167901595065,0.033999452504790584,0.028999966203656764,0.08055489442710195,0,0.018000567511462236,0.140999124002336,0.03205035926268101,0.10767226330727073,0.020000339535515416,0.028999908750798428,0.01,0.03699941462070865,0.005636837100972728,0,0.03099981519127703,3.999927001970947e-4,0.008380336491100008,0.005499761669444974,0.0039999543748788086,3.767780281208235e-4,0.005999967117161552,0.004000053480225686,0.006000086288722064,0.009114175313584999,0.0019999850736243476,0.007999999999999998,0.002242866576085852,0.01,0.004,0.00918038375485462,0.006000081655983342,0.006,0.01019997707999083,0.004,0.0034259901209430406,0.0330002354144512,0.13699968197719323,0.01600034764470711,0.02200017048118314,0.03105144094161057,0.053430570091302795,0.00799993868917455,4.265756810186272e-4,0.02,0,1.444193344015457e-6,0.020313035000688484,0.001858444730564625,0.00899986805647183,0.00800019210450485,0.014000247463499132,0.012000183111056856,0.014914354349504392,0.027995305972564985,0.065410625226476,0.016016430739081065,0.024999924180160345
NZL,0.012006476178177742,0.015999937339105097,0.0359995828553551,0.011248060469034002,0.026300324853086105,0.04719962816639554,0.0536937535590141,0.03650857451439528,0.07629974710501797,0.0027000453985342758,0.007300002750048126,0.006100051046452271,0.007956132859622657,0.017552856740076787,0.002699241751881012,0.028332973910350324,0.003700020917774955,0.001100016504373659,0.00419982351997433,0.06740098369143152,0.04819957042382041,0.06293242197575445,0.05058811104689488,0.15700045310376076,0.045798940789159796,0.05250096562379297,0.08055489442710195,0,0.02430011426705844,0.06360069349393194,0.03319950023163421,0.05729995320542817,5.000076042157772e-4,2.999927001970947e-4,3e-4,0.013249506953740673,0.005636837100972728,0,9.999999999999999e-5,3.8015499723488213e-4,0.008380336491100008,0.005599932874643397,0.0015378965526206838,3.767780281208235e-4,8.845210731673149e-4,0.0027000609250356347,0.0052278829906749124,0.008439844637880752,0.0014000124169615696,0.006000220495011301,9.000052435635258e-4,0.00860012333715091,0.0025999912804638794,0.00918038375485462,0.001200006007539462,0.002900038622239388,0.010200665622552858,0.002900015094071581,0.0041222514291745106,0.01829945171954542,0.02830107721144509,0.0068998721042542325,0.024000103700151015,0.03189218137740711,0.04340778337404904,1.9999999999999998e-4,3e-4,0.006292511199161296,0,1.444193344015457e-6,0.018678858878403298,2.99998355552899e-4,0.007000134734572891,0.0034000071150322845,0.010200326655778141,0.004600084638171815,0.005900109502372551,0.05299749047309229,0.03949944733933365,0.014999834090984503,0.024999924180160345
OMN,0.0252261816129,0.0159999221984,0.0457871973547,0.020759201724,0.02628931714,0.0482052250888,0.0491371293279,0.035492362685,0.225480278965,0.00681849240346,0.00730000466312,0.00610005692458,0.00795613285962,0.0194117499207,0.00289939185302,0.0283329739104,0.00370000887916,0.0010999960005,0.00419997007419,0.0673998174989,0.0481994669954,0.0592240362759,0.0480554395368,0.142197056699,0.0457995669136,0.0526529529053,0.0805548944271,0,0.0242998702949,0.0725221782833,0.0332003944804,0.0774484897647,0.000500002463914,0.0028757131365,0.000300003223855,0.0132495069537,0.00563683710097,0,0.0020449934095,0.000392061938079,0.0083803364911,0.00559989995163,0.00153789655262,0.000376778028121,0.000884521073167,0.00270000444321,0.00209997829239,0.0062693506591,0.00139998817976,0.00600005380019,0.000899993837936,0.0086512281657,0.00259998863789,0.00918038375485,0.00119999527766,0.00290001017296,0.0102001330445,0.00289998206918,0.00357853283973,0.0183000147571,0.0283000900572,0.010009624028,0.0239998732211,0.0348116151158,0.0398626635964,0.000313295026894,0.000325315329784,0.00629251119916,0,1.44419334402e-06,0.0176874609324,0.000374628101231,0.00699993994682,0.00339998312081,0.010200001301,0.00459999727859,0.00589998225502,0.0530002389335,0.0395002903075,0.0158131648691,0.0249999241802
PAK,0.04970874746996888,0.01600004702093019,0.06399990875079843,0.024000010027475285,0.026282201429106256,0.04971397177680565,0.04907338035706382,0.05815340739656359,0.32534201712275734,0.024999565481880596,0.00799985088183063,0.008000434530706835,0.007956132859622657,0.0129998842382047,5e-4,5e-4,0.002000072825255799,0.0010999854000389333,0.01299990875079843,0.05399922788053206,0.048998387233681356,0.05989864619907793,0.02833598090068363,0.0830022659424391,0.03399951334252575,0.053263646538300936,0.08055489442710195,0,0.01800005399422262,0.1082110163421041,0.03205035926268101,0.19700256110285513,0.02000034762053742,0.028999604586793196,0.01,0.03699974113383381,0.019999277221639983,0,0.031000178532463153,3.9999999999999996e-4,0.021999708000778665,0.004000073000693507,0.0040000243332684446,3.767780281208235e-4,8.845210731673149e-4,0.004000042898202565,0.005999934915960233,0.01200620902436575,0.0019999884978807343,0.007999975216545434,0.002242866576085852,0.01,0.004,0.00918038375485462,0.006000024431061652,0.006000028627456595,0.010199906945402622,0.003999860956618465,0.003319614526326935,0.03300009742279244,0.13699988557916015,0.012082690491759068,0.02199971033956103,0.029011959317580657,0.06623203780499566,0.008,0.01,0.01999971032125373,0,1.444193344015457e-6,0.02015626786600583,0.00191011891305089,0.009000060201071578,0.00800019210450485,0.013999922669450564,0.013137257183059733,0.020000584001284804,0.013999917045721632,0.07300042319085907,0.016016430739081065,0.024999924180160345
PAN,0.019227648007060942,0.011400228132205282,0.06046867398299141,0.023999587364869582,0.027000401503814282,0.041999369142033165,0.0536937535590141,0.03650857451439528,0.12800196206671027,0.005,0.00999984683953378,0.013499949305485147,0.007000057354013552,0.029856900164710546,0.002699241751881012,0.04200009263977025,9.999972902739803e-4,0.014999841305106803,0.007999854003941893,0.06399919297151557,0.05499883513240661,0.05035341869562085,0.030057101549451338,0.08400009605225243,0.034000417144644905,0.08100039429955501,0.08055489442710195,0,0.020799745646644493,0.1082110163421041,0.017000033181803098,0.10767226330727073,0.0036573991607255327,0.006739283990202944,6.743309524489462e-4,0.013249506953740673,0.005636837100972728,0,1.0000000000000002e-4,3.8015499723488213e-4,0.008380336491100008,0.003999904783064081,0.0015378965526206838,3.767780281208235e-4,0.002,0.010000040948531791,0.005999832268492399,0.010756589753887597,0.004500139117779253,0.004999999999999999,0.004000039353036086,0.0039999215070643645,0.01,0.00600014855529971,0.00799986329563837,0.004199906298970904,0.011999839563613028,0.007999968602332846,0.0059144921835772605,0.024999845106288065,0.06567785167450176,0.010699908615882091,0.015000078335526728,0.10995387086092386,0.05056874366498392,0.0019999999999999996,0.001,0.006292511199161296,0,1.444193344015457e-6,0.0210429980609548,0.002173079516609061,0.012999683100185613,0.010999805957116523,0.009999840143231664,0.01099974943623152,0.010999957884688275,0.015000387121036157,0.03,0.05499872248786363,0.024999924180160345
PER,0.01922749089810716,0.011399686533238144,0.04120040597037161,0.03280571505522331,0.026282201429106256,0.04200094900901558,0.0536937535590141,0.03650857451439528,0.06458039296424421,0.004999977281780138,0.009999837937800527,0.013500120860526951,0.007956132859622657,0.013449265735095254,0.002699241751881012,0.04200057937427579,9.99998259419586e-4,0.015,0.007999854003941893,0.06399976577596471,0.05499949770619161,0.06857072449623856,0.01323266853590242,0.08399945250479057,0.034000197297030674,0.08100033795201081,0.08055489442710195,0,0.020800325896214594,0.09499954375399215,0.01700027862914461,0.048999999999999995,0.0036573991607255327,0.006739283990202944,6.743309524489462e-4,0.013249506953740673,0.005636837100972728,0,1e-4,3.8015499723488213e-4,0.008380336491100008,0.0040000243332684446,0.0015378965526206838,3.767780281208235e-4,0.0019999594452104795,0.010000165128222065,0.00599997548929495,0.011623570938776598,0.004500012726280335,0.005,0.004,0.004000129224009821,0.01,0.006000029375908818,0.008000111112654341,0.004199989569994032,0.012000075275697242,0.008000102113754723,0.00456361098868226,0.02499923908080962,0.022000106530307872,0.01069997602821821,0.015000149836678021,0.02473983313010505,0.04999824016693274,0.00200003731482518,4.265756810186272e-4,0.006292511199161296,0,1.444193344015457e-6,0.021000194191515987,0.0021818265253432446,0.013000126694539465,0.011000129802699895,0.010000050378087547,0.011,0.010999958679393414,0.015000190701399747,0.03,0.054999543753992144,0.024999924180160345
PHL,0.012006716879939146,0.016000014749955983,0.025,0.011248139057659035,0.026282201429106256,0.04720128824476651,0.0536937535590141,0.03650857451439528,0.07250653304101752,0.010000019269344977,0.013999796375483608,0.006999999999999999,0.012000242527132724,0.007721867705459726,0.003700058293350074,0.0036999568903578104,0.0037000658282229843,0.0036998969949393165,0.02000036500346753,0.064,0.06199927000638744,0.06493377842252301,0.002296986312681813,0.06599963500319371,0.04580073001026577,0.052499239582277195,0.08055489442710195,0,0.024300638302239188,0.06360185421761506,0.03300032850312078,0.10767226330727073,5.000076042157772e-4,3e-4,2.9999087507984304e-4,0.013249506953740673,0.005636837100972728,0,9.999999999999999e-5,4.000043323332864e-4,0.008380336491100008,0.005599963500319372,0.0015378965526206838,3.767780281208235e-4,8.845210731673149e-4,0.002700013670448824,0.0021000353278506703,0.006093436804768618,0.0014000261882938325,0.006000071046695441,0.0010999923480123964,0.008599987735328387,0.0026000508768042802,0.00918038375485462,0.0012000236248375794,0.0029000231471344473,0.009619449702931387,0.0029000389332295116,0.004602319382513825,0.01829939907572827,0.01569981149858624,0.006900040341897583,0.008999912195978576,0.032541908342053026,0.02552853514357554,2.000034311791247e-4,3e-4,0.006292511199161296,0,1.444193344015457e-6,0.020914066734730275,3.000062723452299e-4,0.006999999999999998,0.0033999212322772623,0.010999889065562254,0.004600170452875657,0.005899989571383877,0.05300124630004674,0.039500667424729324,0.015000182501733765,0.024999924180160345
POL,0.012006669454777574,0.016,0.035999744674430886,0.02233637458898241,0.026300541540741823,0.047200254917296715,0.0536937535590141,0.03650857451439528,0.02864293129311723,0.007848096411814201,0.007300000848442684,0.0060998690380634525,0.007956132859622657,0.017552856740076787,0.002699241751881012,0.028332973910350324,0.0036999800578075338,0.0010999656475437992,0.004200152636294256,0.06740047906923691,0.04820081953100788,0.07314661512572287,0.03927246420642805,0.15700259152461948,0.045799078821586854,0.053263646538300936,0.08055489442710195,0,0.02429958183990442,0.1082110163421041,0.03319950023163421,0.057299953205428175,5.000107353730542e-4,3.000052143080613e-4,2.9999104303820147e-4,0.013249506953740673,0.005636837100972728,0,9.999553790549283e-5,4.000066363606198e-4,0.008380336491100008,0.005599928781269474,0.0015378965526206838,3.767780281208235e-4,8.845210731673149e-4,0.0027000040893662845,0.002099995688447194,0.007058576828560335,0.0014000145439266984,0.006000100537877646,9.00023477852559e-4,0.00859946133128126,0.002600005355039092,0.00918038375485462,0.0011999952842422956,0.002900042100198472,0.010199879671101008,0.0029000512671912265,0.005580092952592898,0.018300042386351596,0.02829935125115848,0.006900006604805387,0.023999925723926445,0.03198844576966083,0.04282956981124781,2.0000373681604587e-4,2.999982395502638e-4,0.006292511199161296,0,1.444193344015457e-6,0.017500021481907938,3.003216710923464e-4,0.00699997032024456,0.0033999598736018455,0.010200065120654103,0.013137257183059733,0.005899989571383876,0.05300077425063599,0.03950185152530418,0.015000182501733765,0.024999924180160345
PRT,0.01200695120862141,0.015999919583801498,0.03599863551083063,0.011248132246411075,0.02630003449695648,0.04720109159133549,0.0536937535590141,0.03650857451439528,0.032111862145961866,0.007848096411814201,0.007299996903944458,0.00609999855158529,0.005399877980848298,0.017552856740076787,0.002699241751881012,0.028332973910350324,0.0037000643206422765,0.0011000320175639207,0.004199989861097029,0.06740059207427841,0.04820065928300122,0.059703506161261174,0.032066185160871605,0.15700259152461948,0.04579997986205507,0.053263646538300936,0.08055489442710195,0,0.02430012266593976,0.1082110163421041,0.033201370170709794,0.10767226330727073,5e-4,2.9999594452104797e-4,3.000026411008108e-4,0.013249506953740673,0.005636837100972728,0,1e-4,3.8015499723488213e-4,0.008380336491100008,0.005600093709734098,0.0015378965526206838,3.767780281208235e-4,8.845210731673149e-4,0.00270002931855306,0.0020999636438360494,0.007182909140451276,0.0014000017458557748,0.0060001093015630115,8.999988126194801e-4,0.00859998317961369,0.0026000100294958353,0.005999925127283617,0.0012000020076995276,0.002900011506155793,0.010199879671101008,0.0029000189684606228,0.0027221021463636834,0.0183002021628711,0.028300283833098416,0.006899939753269933,0.023999558011921836,0.03693291564894178,0.027429965209376954,1.9999337715449444e-4,2.999951973873788e-4,0.006292511199161296,0,1.444193344015457e-6,0.017529005379852355,3.6484766355329495e-4,0.006999820670691613,0.0034000062311119418,0.010200149142431022,0.004599955918007494,0.005900164507505654,0.05300021145431774,0.03949947638355576,0.014999519738737874,0.024999924180160345
PRY,0.01922659261117534,0.011399745100525147,0.04119955156950673,0.03280696897550892,0.026282201429106256,0.04199854002757726,0.0536937535590141,0.03650857451439528,0.12800303145130731,0.005000043124638831,0.01,0.013499576089711654,0.007956132859622657,0.017552856740076787,0.002699241751881012,0.028332973910350324,9.999985144492098e-4,0.015000285160260064,0.007999943846251035,0.064,0.05500094804702313,0.07297139522707828,0.037958091754519134,0.0830022659424391,0.03400079349335449,0.0809969724706048,0.08055489442710195,0,0.020799602246139446,0.09500048026126214,0.017000036500346753,0.10767226330727073,0.0036573991607255327,0.006739283990202944,6.743309524489462e-4,0.013249506953740673,0.005636837100972728,0,1e-4,3.8015499723488213e-4,0.008380336491100008,0.004,0.0015378965526206838,3.767780281208235e-4,0.002,0.009999999999999998,0.00600003973338896,0.007373710177106551,0.004499969966830033,0.005,0.003999963926915932,0.008856062489655349,0.01,0.00918038375485462,0.00800022981461621,0.004199965238550448,0.009619449702931387,0.007999912244778565,0.004427055839567709,0.024999814698143275,0.022000993048659385,0.010699959140644224,0.014999813794130791,0.038595462084809254,0.052083177917621765,0.0019999294383290997,0.001,0.006292511199161296,0,1.444193344015457e-6,0.02111772837599318,0.002174128723087392,0.01299989834299075,0.005595015618155528,0.009999999999999998,0.010999755859374998,0.011000097333073779,0.027995305972564985,0.03000088167871627,0.016016430739081065,0.024999924180160345
ROU,0.012006883096423938,0.016000298722029814,0.035999754623807625,0.01124804278502839,0.026299516908212563,0.04719864951181677,0.0536937535590141,0.03650857451439528,0.028769665941795156,0.007848096411814201,0.007299999852970799,0.006100070972320794,0.007956132859622657,0.017552856740076787,0.002699241751881012,0.028332973910350324,0.0036999324732558555,0.001099993315061167,0.004200020857232246,0.06740033861782362,0.04819976014182918,0.06925360843806994,0.03425612587587517,0.0830022659424391,0.045799078821586854,0.053263646538300936,0.08055489442710195,0,0.02429995320542817,0.0635980209262714,0.03320021470746108,0.05729995320542817,5.000125865324103e-4,0.006739283990202944,2.999984047220228e-4,0.013249506953740673,0.005636837100972728,0,1e-4,3.8015499723488213e-4,0.008380336491100008,0.0055999367335020445,0.0015378965526206838,3.767780281208235e-4,8.845210731673149e-4,0.002700034760774997,0.0021000655504707995,0.006041162922124418,0.001399980047425734,0.005999806239100949,8.99989872392141e-4,0.008599898248419217,0.0026,0.005999837239583334,0.0012000034677671048,0.002899993685141137,0.010199879671101008,0.0028999963193345355,0.0023938395314118018,0.018300208327162504,0.028300027711919206,0.006900097992665703,0.02400007651255762,0.04396321220062814,0.04160564181324454,2.0000657073395095e-4,3.000013518445919e-4,0.006292511199161296,0,1.444193344015457e-6,0.018196095444685464,4.0242233006251236e-4,0.0069999640326583465,0.0033999793116696957,0.010200078558452398,0.004599993776643744,0.005900093857545104,0.05300022121446742,0.03950185152530418,0.015000182501733765,0.024999924180160345
RUS,0.012006745861711245,0.016,0.03599911759987165,0.011248451685790898,0.026300060016902722,0.04720060414088229,0.038335834987653125,0.012326275384350044,0.02345281540783767,0.007848096411814201,0.007300216718360887,0.008586790741556658,0.007956132859622657,0.017552856740076787,0.002699241751881012,0.028332973910350324,0.003699991760366093,0.0011000301771831756,0.00419995239228755,0.056385282881607914,0.0482002056907782,0.07954605956887759,0.04684949852407727,0.15699425130030112,0.045799677664012134,0.053263646538300936,0.08055489442710195,0,0.02429927414852038,0.06360262805694124,0.03319936230911227,0.10767226330727073,5.000055303616856e-4,0.006739283990202944,3.0000151830314437e-4,0.013249506953740673,0.005636837100972728,0,0.009824964667071738,3.8015499723488213e-4,0.008380336491100008,0.005599963500319372,0.0015378965526206838,3.767780281208235e-4,8.845210731673149e-4,0.0027000153104058604,0.0021000016157587255,0.007148260766032058,0.0013999841255760315,0.006000203638338311,8.99971305595409e-4,0.008600023548804897,0.0025999785026460712,0.00918038375485462,0.0011999906048885897,0.002899977098362533,0.01019997707999083,0.00289996045867932,0.004899953515514446,0.018300195024496983,0.028299529885829414,0.006900034666021564,0.024000069742302194,0.030493296584284,0.03334023894238152,2.0000710567921412e-4,2.999905603977219e-4,0.006292511199161296,0,1.444193344015457e-6,0.01768171251422021,3.0170910663806556e-4,0.007000026279827604,0.003399926008139105,0.010200302833657799,0.0045999365230500674,0.005899912400889468,0.052998665141113656,0.039499658095397835,0.016016430739081065,0.024999924180160345
RWA,0.02349356452063971,0.017000204586456378,0.06046867398299141,0.02488399295957272,0.00900048667721134,0.04971397177680565,0.06028854934628149,0.037890071111968314,0.48800465193553744,0.007000127519101498,0.008654829286550437,0.011000155753158979,0.007999887570970825,0.009001617726703007,0.002699241751881012,0.028332973910350324,4.999999999999999e-4,0.0028034715063767705,0.004999999999999999,0.05716895738932957,0.17900657262359393,0.06960698304038397,0.037958091754519134,0.06500028876696505,0.038999278036258626,0.053263646538300936,0.08055489442710195,0,0.020550355272908497,0.1082110163421041,0.03205035926268101,0.10767226330727073,0.001,2.999965237946258e-4,3.000048666536889e-4,0.013249506953740673,0.005636837100972728,0,9.999999999999999e-5,3.8015499723488213e-4,0.008380336491100008,0.005599883198890389,0.0015378965526206838,3.767780281208235e-4,8.845210731673149e-4,0.006000114331446865,0.002999940001199976,0.009635346213517892,0.001,0.005856911883589329,0.002242866576085852,0.008599951619806107,0.002999968189337066,0.00899991362021584,0.001,0.005111081346548799,0.009619449702931387,0.003427910237071163,0.0077184644393082655,0.02100078153922093,0.023666354057483314,0.014000471475719001,0.009799926770582699,0.019744657913237294,0.04366674992539346,3.000052328623757e-4,5e-4,0.006292511199161296,0,1.444193344015457e-6,0.01800005885719217,5.293382028842752e-4,0.008999605211212002,0.002,0.010999975254262453,0.03100110721535338,0.014914354349504392,0.027995305972564985,0.065410625226476,0.016016430739081065,0.024999924180160345
SAU,0.03403914852855616,0.015999702440380407,0.06046867398299141,0.027100226546082688,0.026282201429106256,0.0472,0.03091063240351548,0.03142751536736158,0.07507368710791004,0.007848096411814201,0.0073000121126126916,0.006099901990604616,0.007956132859622657,0.02219979402677652,0.002699241751881012,0.028332973910350324,0.003699999885579989,0.0010999854000389333,0.004200020857232246,0.0674005375452102,0.04819976014182918,0.060325281016044716,0.045949224645196476,0.15699425130030112,0.04579896342798745,0.052500985748887515,0.08055489442710195,0,0.02429918841851283,0.1082110163421041,0.033198815508573794,0.05729872176932739,5.000190106840044e-4,2.999927001970947e-4,3.000032017417475e-4,0.013249506953740673,0.005636837100972728,0,1e-4,4.0000730006935063e-4,0.008380336491100008,0.005599820948970457,0.0015378965526206838,3.767780281208235e-4,8.845210731673149e-4,0.002699944243363543,0.0020999949175226876,0.004239130661331199,0.0013999596000404,0.006000203638338311,8.9999035852513e-4,0.008600031284217111,0.0025999967065720355,0.00918038375485462,0.0011999968622405956,0.002900054729928851,0.010200031101870144,0.0028999954032951805,0.003394455227851849,0.018299900323947172,0.02829970795088807,0.012082690491759068,0.02400028768699655,0.0354002061147372,0.04493002562441922,2.000021950041705e-4,3.0000000000000003e-4,0.006292511199161296,0,1.444193344015457e-6,0.017499523999099924,3.3788390519820494e-4,0.006999642601858471,0.0033999553247333445,0.010199969196016017,0.004599849661738912,0.0058999971089074565,0.053000774250635985,0.03950010579771477,0.016016430739081065,0.024999924180160345
SDN,0.023493110589360912,0.017000145170990688,0.1489995686365597,0.014216511471858923,0.026282201429106256,0.04971397177680565,0.06028897023871992,0.037890232385624466,0.4880028015601791,0.0070000658371189685,0.008654694481600592,0.010999878212154427,0.008000041407010208,0.017552856740076787,0.013999999999999999,0.028332973910350324,4.999977015122517e-4,0.0011000097333073776,0.005,0.05716921829058096,0.17899747543875658,0.13346847673605006,0.037958091754519134,0.0830022659424391,0.03899973342629237,0.053263646538300936,0.08055489442710195,0,0.024272628364861545,0.1180008295313148,0.03320010949904188,0.04766416582875706,0.0036573991607255327,2.999913096376119e-4,2.99989790188371e-4,0.013249506953740673,0.005636837100972728,0,1e-4,4.0000730006935063e-4,0.008380336491100008,0.005499761669444974,0.0015378965526206838,3.767780281208235e-4,8.845210731673149e-4,0.0059999664243624825,0.0029999908257161297,0.006946222577056095,0.0010000000000000002,0.005857175576890043,0.003,0.008856062489655349,0.0029999965594002345,0.00918038375485462,9.999999999999998e-4,0.00511102072067761,0.0029999963960976946,0.007999912141978562,0.006940303939842584,0.02099970039758051,0.02366670631010228,0.012082690491759068,0.00979976985040276,0.02828691285008288,0.030297814841606728,3.0000925154963454e-4,4.265756810186272e-4,0.006292511199161296,0,1.444193344015457e-6,0.018000893487950923,5.837816744941359e-4,0.008999783737024222,0.002,0.010999943760193465,0.031000462871123454,0.014914354349504392,0.027995305972564985,0.0410003173931443,0.016016430739081065,0.024999924180160345
SEN,0.023493975903614458,0.01699977528078225,0.06046867398299141,0.030573354082207942,0.026282201429106256,0.04971397177680565,0.06028879721226944,0.03789018756253859,0.48799672505044006,0.006999863069971245,0.008655032610611669,0.011,0.007956132859622657,0.017552856740076787,0.002699241751881012,0.028332973910350324,4.999987776286485e-4,0.001099983595800525,0.005,0.056385282881607914,0.1789989962587827,0.08597936012943182,0.053293319204631075,0.06499955488293421,0.0390000415956075,0.053263646538300936,0.08055489442710195,0,0.024272624979906766,0.11799932094049742,0.03320031146583609,0.04766495086569958,0.001,2.999996983472445e-4,2.9999087507984304e-4,0.013249506953740673,0.005636837100972728,0,9.999999999999999e-5,3.9999999999999996e-4,0.008380336491100008,0.005599963500319372,0.0015378965526206838,3.767780281208235e-4,8.845210731673149e-4,0.005999960753422161,0.002999959366900984,0.005313612892676865,9.999999999999998e-4,0.006575856373017483,0.003,0.008856062489655349,0.002999980925858813,0.00918038375485462,0.001,0.005111068292548653,0.002999959890903257,0.007999805333852443,0.008591318389026376,0.020999500128015998,0.023665897017744984,0.014000131865233731,0.009799917999179992,0.03437642322467903,0.03736762235109208,3.0000000000000003e-4,5e-4,0.006292511199161296,0,1.444193344015457e-6,0.017999657264624654,5.44093978341702e-4,0.008999900914885887,0.0020000221832782447,0.010999953630715013,0.030999611046285486,0.01599970800788379,0.027995305972564985,0.04100020881186051,0.016016430739081065,0.024999924180160345
SLB,0.0197385236805,0.0159999723494,0.049822644916,0.0149441170232,0.0262877575986,0.0776368627159,0.053693753559,0.0365085745144,0.0617197653808,0.0150001960213,0.0120000288791,0.00752886278001,0.00930416941546,0.0142758603952,0.00336640894371,0.020121968237,0.00313333759083,0.00283329426028,0.0133211679094,0.061461281147,0.0602722256723,0.0763128874258,0.02814852844,0.0713331988664,0.0418676820818,0.0530088442196,0.0805548944271,0,0.021800449616,0.0784710386819,0.0326836720896,0.107672263307,0.00700009657123,0.00244642931922,0.00365810727584,0.0211666218642,0.00563683710097,0,0.0136419537278,0.000386771442268,0.0083803364911,0.00503326605682,0.00125860876247,0.000376778028121,0.00258966381727,0.00376322377224,0.00444269117725,0.00657224042207,0.00160000998167,0.00619195303557,0.00148096117344,0.00915201674166,0.00306670555873,0.00918038375485,0.0028000106823,0.00393334786512,0.00961944970293,0.00326668110441,0.00404064927389,0.0231997478603,0.0561333784443,0.00993326399555,0.0133332826112,0.0377254170737,0.0429373011028,0.00298883915521,0.000384383787346,0.0108617406173,0,1.44419334402e-06,0.0196472259275,0.00124069782526,0.00766646748307,0.00566497895014,0.0119999286526,0.00706662146661,0.0119095660901,0.0363306194151,0.0481371328163,0.0156776813266,0.0249999241802
SLE,0.0234935835656,0.0170000069447,0.0877089470715,0.0266890439249,0.0236234583,0.0493272675394,0.0597810250796,0.0378901209337,0.450464881852,0.00706526065607,0.00865495083037,0.0104431552988,0.00798308232832,0.0168706908994,0.00530708242485,0.0283329739104,0.000500002525839,0.00123102550052,0.00560417247252,0.0568673709294,0.153804137789,0.185597380971,0.0454228163497,0.0719236757786,0.0389468358578,0.0532636465383,0.0805548944271,0,0.0234135002554,0.114234900091,0.0323157233025,0.0799767855559,0.00120441532006,0.000299999491089,0.000443972904277,0.0132495069537,0.00563683710097,0,9.9999850517e-05,0.000390840641829,0.0083803364911,0.00554600529903,0.00153789655262,0.000376778028121,0.000884521073167,0.00600004608876,0.00351412219866,0.0094602437437,0.00108675093926,0.00607833053062,0.00276702933299,0.00875755454491,0.00301266118221,0.00909714315297,0.00123681984639,0.00511890637821,0.00656431904602,0.00588980945806,0.00760333003996,0.0209999483862,0.0236666296004,0.0138525301837,0.00980000791241,0.024205459222,0.0394445488188,0.000551172262909,0.00043787266601,0.00629251119916,0,1.44419334402e-06,0.0184211294251,0.000557070074054,0.00899990343551,0.00365924363285,0.0109999661674,0.0296259516565,0.0154155383074,0.0356890738817,0.0616551932521,0.0159382086633,0.0249999241802
SLV,0.01922699060472835,0.011400090159524192,0.06046867398299141,0.02400003610385273,0.026282201429106256,0.041999107782569316,0.0536937535590141,0.05939901858080167,0.12800080289040547,0.005,0.010000075569225188,0.01349970044702521,0.007956132859622657,0.029997922544033634,0.002699241751881012,0.028332973910350324,9.999549155402453e-4,0.014999855160626864,0.00799981750159686,0.06399982879481059,0.054999543753992144,0.06960698304038397,0.007426596765457571,0.0839976947459418,0.0339999695831369,0.08099982426020305,0.08055489442710195,0,0.02080043072505384,0.09500121667188098,0.016999781005912838,0.10767226330727073,0.0036573991607255327,0.006739283990202944,6.743309524489462e-4,0.013249506953740673,0.005636837100972728,0,0.009824964667071738,3.8015499723488213e-4,0.008380336491100008,0.004,0.0015378965526206838,3.767780281208235e-4,0.002,0.009999977763497002,0.006000016535348441,0.008661260132172399,0.004500071587399449,0.005000079057633015,0.003999862268438813,0.004000156992032654,0.00999990046879199,0.005999833618558661,0.007999557587376492,0.00419988212511577,0.011999879670296613,0.00799982303234084,0.004618891695547156,0.02499978281454969,0.02200004634027665,0.010699842756848937,0.015000047265084651,0.03105144094161057,0.051285238037264314,0.002,9.999999999999998e-4,0.006292511199161296,0,1.444193344015457e-6,0.02101174121642418,0.002174261210920243,0.013000659304433823,0.010999903947747575,0.010000000000000002,0.010999833305550927,0.011000107353730542,0.015,0.03,0.016016430739081065,0.024999924180160345
SRB,0.012006699968160941,0.016000051049058144,0.036001825009651496,0.011247933083745583,0.026299714717234433,0.04719864951181677,0.0536937535590141,0.03650857451439528,0.026970904978359907,0.007848096411814201,0.00729999668181969,0.008586790741556658,0.007956132859622657,0.017552856740076787,0.002699241751881012,0.028332973910350324,0.003700054233832764,0.001100034219231208,0.004200042030283926,0.06739974027371155,0.04819966459504784,0.0816322630463022,0.03435893365183608,0.0830022659424391,0.04579971923256902,0.053263646538300936,0.08055489442710195,0,0.02430032589621459,0.06359841226389269,0.03319839400073,0.05729815341420396,4.99990875079843e-4,0.006739283990202944,2.9999780120713724e-4,0.013249506953740673,0.005636837100972728,0,0.009824964667071738,3.9998957138387734e-4,0.008380336491100008,0.00559988319889039,0.0015378965526206838,3.767780281208235e-4,8.845210731673149e-4,0.0026999813399401027,0.002099984043684845,0.00633312905986577,0.0013999902524612536,0.0060000641992745485,8.999956042023825e-4,0.00859990102895756,0.002600016961010876,0.00918038375485462,0.0012000000000000001,0.00289991919658317,0.010199947857128532,0.0028999782087600783,0.002834703648237668,0.018299714066967704,0.028299182997413134,0.006900038017889297,0.02399989538654671,0.03105144094161057,0.02130028429887132,2.000020801264717e-4,3.0000456246007844e-4,0.006292511199161296,0,1.444193344015457e-6,0.01749981849247545,3.094317172687504e-4,0.007000169769679136,0.003399930143206427,0.01020002474532932,0.00459986397642258,0.005899846704138989,0.05299810396587139,0.03950185152530418,0.016016430739081065,0.024999924180160345
STP,0.0234935585737,0.0169999420099,0.111057915433,0.0277285975306,0.0238133270016,0.0479186470904,0.0588753770372,0.037594102628,0.409251256734,0.00712117204804,0.00865498935909,0.0109999889983,0.0079843640454,0.0177660410399,0.00834959608568,0.0223687651005,0.000499998529309,0.00110000503352,0.00598180531253,0.0570571211161,0.147805555074,0.189373224461,0.0497216418828,0.0688576271876,0.0389999846705,0.0530999906826,0.0805548944271,0,0.0234750155046,0.113804404083,0.0325431560038,0.0605247569652,0.000999996649463,0.00121989749877,0.000380214147013,0.0132495069537,0.00563683710097,0,0.000100000227004,0.000392913702343,0.0083803364911,0.00558561916984,0.00153789655262,0.000376778028121,0.000884521073167,0.00599996817137,0.00315913609358,0.0105834926957,0.000999996926835,0.00616511419175,0.00289182166826,0.0086732128163,0.00301174530319,0.00909015949375,0.00100000026399,0.0051110718056,0.00489125814717,0.00799990864015,0.00948800447794,0.0210000379959,0.0236667977105,0.0138630653723,0.00980001293197,0.0249173874742,0.0385189571261,0.000499913476772,0.000489519028103,0.00629251119916,0,1.44419334402e-06,0.0184605319644,0.000536859741761,0.00900004535791,0.00225677839767,0.0109999636984,0.0310001577224,0.0158448798525,0.0404976775938,0.0549487051382,0.0160164307391,0.0249999241802
SUR,0.01922739433263119,0.011399874650774935,0.041199014508623046,0.032806805570251965,0.026282201429106256,0.041999652385504474,0.0536937535590141,0.03650857451439528,0.32534201712275734,0.005000034817729188,0.009999921589741848,0.013499812241832517,0.007956132859622657,0.029815703113019475,0.0037000439496044537,0.028332973910350324,0.0010000118046565435,0.015000635889609563,0.008000365007908504,0.06399892646269457,0.055,0.06960698304038397,0.037958091754519134,0.08400038086774367,0.034000197297030674,0.053263646538300936,0.08055489442710195,0,0.020800286135825102,0.1082110163421041,0.03205035926268101,0.10767226330727073,0.0036573991607255327,0.006739283990202944,6.743309524489462e-4,0.013249506953740673,0.005636837100972728,0,0.009824964667071738,3.8015499723488213e-4,0.008380336491100008,0.003999918890420959,0.0015378965526206838,3.767780281208235e-4,0.001999977878797934,0.01,0.006000038080368618,0.016257176302424285,0.004499893870427585,0.00500009867771857,0.004000029058363724,0.00400002371438396,0.010000116247980192,0.005999908593714295,0.007999889394805244,0.00419988212511577,0.009619449702931387,0.008000187717047837,0.0036317571507016606,0.025000139699924564,0.021999279167953866,0.010699734401290448,0.015000008090182888,0.03105144094161057,0.04503434254802888,7.664629436760258e-4,0.001,0.006292511199161296,0,1.444193344015457e-6,0.021171994997562556,0.002167759640636217,0.012999458714693435,0.010999903947747573,0.009999919968627702,0.011000208811860514,0.011000074744001795,0.027995305972564985,0.030000705318098463,0.016016430739081065,0.024999924180160345
SVK,0.012006893097564494,0.01600034219231208,0.03600062796813062,0.011248467904498535,0.026300051451227265,0.04719965392778446,0.0536937535590141,0.03650857451439528,0.030065413137691437,0.007848096411814201,0.007299997734327208,0.008586790741556658,0.007956132859622657,0.017552856740076787,0.002699241751881012,0.028332973910350324,0.003699981834009045,0.0010999940070374505,0.004200068438462416,0.0674004430347883,0.04820018507094386,0.06962065673074237,0.03924927923328022,0.15699790126836388,0.04580119235916778,0.053263646538300936,0.09210132496258715,0,0.02430027199458518,0.06359978100191623,0.03319981282171268,0.0573000455304295,5e-4,3e-4,3.0000206215330047e-4,0.013249506953740673,0.005636837100972728,0,0.009824964667071738,3.8015499723488213e-4,0.008380336491100008,0.005599932615501243,0.0015378965526206838,3.767780281208235e-4,8.845210731673149e-4,0.002699994037714168,0.002099982188446239,0.006966818766166967,0.0013999856223715897,0.0059998912570682905,8.999963368621561e-4,0.008599773242630386,0.0026000201117639455,0.006000033031644315,0.0011999936631906627,0.0029000349121377864,0.010199817684594348,0.0028999909423806014,0.0032823557741680715,0.018299903941275144,0.028300360032795065,0.006900022144587631,0.023999845725545747,0.06426059296797432,0.05299653592319244,2.0000291209831245e-4,3.0000000000000003e-4,0.006292511199161296,0,1.444193344015457e-6,0.018831748748448934,3.2935986825544615e-4,0.007000046131844812,0.0034000628394452175,0.010200012539971158,0.004600158702168929,0.005899948471315699,0.05300077425063599,0.03949957680914092,0.015000182501733765,0.024999924180160345
SVN,0.012006995455571799,0.015999698190083657,0.03599984791741916,0.01124797398360425,0.0263,0.047200355134655224,0.0536937535590141,0.03650857451439528,0.029585266078006666,0.007848096411814201,0.007300002125989856,0.008586790741556658,0.007956132859622657,0.02217864276312287,0.002699241751881012,0.028332973910350324,0.0036999729409975487,0.0011000197136149393,0.0042000977676389115,0.06739876026556747,0.04819811495102568,0.06960698304038397,0.037401526411049324,0.15699425130030112,0.04580065936653715,0.0525,0.08055489442710195,0,0.024299908842297175,0.06359807285203299,0.033199026694339086,0.057299953205428175,5.000195186696074e-4,2.999927001970947e-4,2.9999663076560237e-4,0.013249506953740673,0.005636837100972728,0,1.0000000000000002e-4,3.8015499723488213e-4,0.008380336491100008,0.005599983595800525,0.0015378965526206838,3.767780281208235e-4,8.845210731673149e-4,0.0026999999999999997,0.002100025802977439,0.0075551068664035945,0.0014000296657444488,0.006,8.999960268584368e-4,0.00859997934311093,0.0026000211583219524,0.00918038375485462,0.0012000379440994134,0.0029000219090046008,0.01020010696140476,0.002899986739934618,0.003103263815744644,0.018299902801095693,0.02830000503702211,0.006900067401628485,0.024,0.038290116035484635,0.03716726828427131,2.0000251717975178e-4,3.0000000000000003e-4,0.006292511199161296,0,1.444193344015457e-6,0.017500137451754435,3.019953621122217e-4,0.007000133327407671,0.003399983650780675,0.010199883417009835,0.004600070846617074,0.005899958739327768,0.05299771769662921,0.03950149365197909,0.01499954375399215,0.024999924180160345
SWE,0.012006874778315938,0.0160001408359789,0.03599922247899614,0.01124759326725419,0.02630017572921325,0.047199179511930256,0.0536937535590141,0.03650857451439528,0.028575725838626307,0.007848096411814201,0.007300000500342734,0.00609978033119297,0.007956132859622657,0.017552856740076787,0.002699241751881012,0.028332973910350324,0.0036999621038354908,0.0011000078777375138,0.004199990519529769,0.0674002676652292,0.04819945394453226,0.05709669415723476,0.045854833082745065,0.15700247079964064,0.045799346177040026,0.053263646538300936,0.09210132496258715,0,0.024299485259709874,0.06359956200019909,0.033200084231214684,0.10767226330727073,5.000123731749566e-4,0.006739283990202944,2.999935398430182e-4,0.013249506953740673,0.005636837100972728,0,9.999999999999999e-5,3.8015499723488213e-4,0.008380336491100008,0.005599932874643397,0.0015378965526206838,3.767780281208235e-4,8.845210731673149e-4,0.0027000728518813324,0.0021000165968217085,0.0076079950807435735,0.0013999821920073425,0.0059999406299165855,8.999875915125946e-4,0.008600063076006588,0.002600001659090155,0.0060001123090745725,0.0012000034712278602,0.002899987766087595,0.010199977079990832,0.0029000230526474774,0.0034708041631654903,0.018299974974575233,0.02830015103666072,0.006899961295628826,0.023999868235156326,0.03479059985451874,0.043941716800968436,2.0000367468053245e-4,3.0000588296982545e-4,0.006292511199161296,0,1.444193344015457e-6,0.017499947563814837,3.0516240965880475e-4,0.006999977364298973,0.0034000182460347454,0.010199947310567866,0.004600154828720727,0.00589995610435712,0.05299948844861673,0.03950149365197909,0.01499990875079843,0.024999924180160345
SWZ,0.02349324460135287,0.01700008835396562,0.1490017155162974,0.024884008924208535,0.008999905370878565,0.04719956200383247,0.0536937535590141,0.037890881561069525,0.46658280218177317,0.007848096411814201,0.008655027494264573,0.011000125172111654,0.007956132859622657,0.025999874623871617,0.002699241751881012,0.028332973910350324,5.000008220723128e-4,0.0011000147441883323,0.0069636497108592765,0.05716798592788039,0.06981893996912422,0.20316667451955353,0.035781206583752743,0.06499939166993363,0.03900074571215511,0.052498648161499635,0.08055489442710195,0,0.020550355272908497,0.1082110163421041,0.03320035040332883,0.04766535777501984,0.001,2.9999087507984304e-4,3.000025524529072e-4,0.013249506953740673,0.005636837100972728,0,9.999999999999999e-5,4.0000730006935063e-4,0.008380336491100008,0.005499761669444974,0.0015378965526206838,3.767780281208235e-4,8.845210731673149e-4,0.005999872816686451,0.003000075884049173,0.010847932389965608,9.999955721060392e-4,0.005856883485948847,0.002999974061008508,0.008599947167817652,0.0030000000000000005,0.00918038375485462,9.999929098630895e-4,0.005111083353869941,0.00299994269997708,0.007999701373681068,0.009370862600202928,0.02100006542076455,0.02366678926075763,0.014,0.009799984714989137,0.03105144094161057,0.04377871105125218,7.664629436760258e-4,5e-4,0.006292511199161296,0,1.444193344015457e-6,0.017987399109805256,5.018286991461061e-4,0.009000013690940705,0.005595015618155528,0.011000024260656494,0.030999556582417327,0.014914354349504392,0.027995305972564985,0.065410625226476,0.016016430739081065,0.024999924180160345
TCD,0.0234935835656,0.0170000069447,0.0877089470715,0.0266890439249,0.0236234583,0.0493272675394,0.0597810250796,0.0378901209337,0.450464881852,0.00706526065607,0.00865495083037,0.0104431552988,0.00798308232832,0.0168706908994,0.00530708242485,0.0283329739104,0.000500002525839,0.00123102550052,0.00560417247252,0.0568673709294,0.153804137789,0.185597380971,0.0454228163497,0.0719236757786,0.0389468358578,0.0532636465383,0.0805548944271,0,0.0234135002554,0.114234900091,0.0323157233025,0.0799767855559,0.00120441532006,0.000299999491089,0.000443972904277,0.0132495069537,0.00563683710097,0,9.9999850517e-05,0.000390840641829,0.0083803364911,0.00554600529903,0.00153789655262,0.000376778028121,0.000884521073167,0.00600004608876,0.00351412219866,0.0094602437437,0.00108675093926,0.00607833053062,0.00276702933299,0.00875755454491,0.00301266118221,0.00909714315297,0.00123681984639,0.00511890637821,0.00656431904602,0.00588980945806,0.00760333003996,0.0209999483862,0.0236666296004,0.0138525301837,0.00980000791241,0.024205459222,0.0394445488188,0.000551172262909,0.00043787266601,0.00629251119916,0,1.44419334402e-06,0.0184211294251,0.000557070074054,0.00899990343551,0.00365924363285,0.0109999661674,0.0296259516565,0.0154155383074,0.0356890738817,0.0616551932521,0.0159382086633,0.0249999241802
TGO,0.0234935835656,0.0170000069447,0.0877089470715,0.0266890439249,0.0236234583,0.0493272675394,0.0597810250796,0.0378901209337,0.450464881852,0.00706526065607,0.00865495083037,0.0104431552988,0.00798308232832,0.0168706908994,0.00530708242485,0.0283329739104,0.000500002525839,0.00123102550052,0.00560417247252,0.0568673709294,0.153804137789,0.185597380971,0.0454228163497,0.0719236757786,0.0389468358578,0.0532636465383,0.0805548944271,0,0.0234135002554,0.114234900091,0.0323157233025,0.0799767855559,0.00120441532006,0.000299999491089,0.000443972904277,0.0132495069537,0.00563683710097,0,9.9999850517e-05,0.000390840641829,0.0083803364911,0.00554600529903,0.00153789655262,0.000376778028121,0.000884521073167,0.00600004608876,0.00351412219866,0.0094602437437,0.00108675093926,0.00607833053062,0.00276702933299,0.00875755454491,0.00301266118221,0.00909714315297,0.00123681984639,0.00511890637821,0.00656431904602,0.00588980945806,0.00760333003996,0.0209999483862,0.0236666296004,0.0138525301837,0.00980000791241,0.024205459222,0.0394445488188,0.000551172262909,0.00043787266601,0.00629251119916,0,1.44419334402e-06,0.0184211294251,0.000557070074054,0.00899990343551,0.00365924363285,0.0109999661674,0.0296259516565,0.0154155383074,0.0356890738817,0.0616551932521,0.0159382086633,0.0249999241802
THA,0.012006908889122326,0.016000138092261917,0.06046867398299141,0.011247965017632935,0.026282201429106256,0.04719956200383247,0.0536937535590141,0.03650857451439528,0.32534201712275734,0.01000010073976568,0.013999999999999999,0.007000289687137891,0.007956132859622657,0.006574508594567054,0.0037000184672206834,0.028332973910350324,0.0037000359419631875,0.003699911216336194,0.020000608346514175,0.064,0.062000162219158085,0.06493395263512637,0.0100172266529858,0.066,0.045801068961022026,0.053263646538300936,0.08055489442710195,0,0.02430028253575843,0.06360069349393192,0.03300032850312078,0.049000155981906095,5.000047036246131e-4,3.0000503448623066e-4,2.9999039477475746e-4,0.013249506953740673,0.005636837100972728,0,9.999999999999999e-5,3.999862268438813e-4,0.008380336491100008,0.0056001338362331185,7.000034762053743e-4,3.767780281208235e-4,8.845210731673149e-4,0.0026999500933439307,0.00209998440180939,0.009583845336458577,0.0013999778674839661,0.006,0.0010999936380697904,0.008600023548804897,0.0025999941074713053,0.00918038375485462,0.0012000111878723463,0.0029000020506791163,0.009619449702931387,0.0029000690539607377,0.0033452271682814483,0.01830017069007559,0.015700085729511804,0.0069001202943673925,0.009000098716219075,0.03105144094161057,0.02703310915571798,2.0000371002448618e-4,3.000036500346753e-4,0.006292511199161296,0,1.444193344015457e-6,0.02590873585984685,2.999957031536325e-4,0.0070000507073677805,0.0033999999999999994,0.01099998761471867,0.00459986397642258,0.005900030416708913,0.05300031010957205,0.039500919963201465,0.015000282949465225,0.024999924180160345
TJK,0.012006761529922293,0.016000143338350176,0.03600002920006424,0.01124774735111972,0.026282201429106256,0.04971397177680565,0.0536937535590141,0.03650857451439528,0.031240974436254662,0.007848096411814201,0.007299998047196471,0.008586790741556658,0.007956132859622657,0.017552856740076787,0.002699241751881012,0.028332973910350324,0.0037000354747360412,0.001100034219231208,0.004199960540593864,0.06739903299203641,0.04820044876589379,0.06960698304038397,0.039111798030135626,0.0830022659424391,0.04579979925175654,0.053263646538300936,0.08055489442710195,0,0.020550355272908497,0.06360262805694124,0.03205035926268101,0.10767226330727073,5e-4,0.006739283990202944,3.000047526258258e-4,0.013249506953740673,0.005636837100972728,0,0.009824964667071738,3.8015499723488213e-4,0.008380336491100008,0.005499761669444974,0.0015378965526206838,3.767780281208235e-4,8.845210731673149e-4,0.0026999897072508706,0.002100007297274901,0.005857735765158548,0.0013999948543789234,0.006000088807974957,0.002242866576085852,0.008856062489655349,0.003164352857640448,0.00918038375485462,0.00119995742189579,0.0051619276753505925,0.009619449702931387,0.0028999213189708417,0.0033800560069241494,0.01830053338237999,0.028300361954381716,0.006899901813859749,0.02399916813975252,0.027800146101965583,0.044274612859653804,1.9999999999999998e-4,4.265756810186272e-4,0.006292511199161296,0,1.444193344015457e-6,0.01749976370510397,3.438223656323648e-4,0.006999929263634436,0.00339996157909903,0.010200152843989957,0.00459998809783579,0.014914354349504392,0.027995305972564985,0.065410625226476,0.016016430739081065,0.024999924180160345
TKM,0.0187859621368,0.0159998836096,0.0397645631824,0.01612557205,0.0262997986162,0.0472005690226,0.0513310092149,0.0346483976582,0.155744948015,0.00745209122388,0.00730004909855,0.007821654562,0.00795613285962,0.0166257044596,0.00269924175188,0.0283329739104,0.0036999891938,0.00109999782054,0.00420000241551,0.0623161055904,0.0565150926471,0.0694398629745,0.0365920759258,0.128538094235,0.0457996735368,0.0530873883441,0.0805548944271,0,0.0242999075563,0.0807582671762,0.0331996923208,0.0882979594612,0.000742879689065,0.00574862461064,0.000299999339997,0.0132495069537,0.00563683710097,0,0.00832881655308,0.000390841217164,0.0083803364911,0.00559996026737,0.00153789655262,0.000376778028121,0.000884521073167,0.00270000774837,0.00210000623956,0.00613319431795,0.00140000393236,0.00600003321079,0.000899999466974,0.00863935794316,0.00259999792606,0.00844646185481,0.00120000409723,0.00289996291074,0.0101999240927,0.0028999931753,0.00348886301551,0.0182999922073,0.0282999186636,0.00729867438154,0.0239999754837,0.032458044923,0.0383003290997,0.000200001751077,0.000309738207867,0.00629251119916,0,1.44419334402e-06,0.0175992023298,0.000332336211802,0.00700003581788,0.0033999860062,0.0102000373931,0.00459998169957,0.00589993876099,0.0472297509919,0.041493309052,0.0158600848564,0.0249999241802
TLS,0.0197385236805,0.0159999723494,0.049822644916,0.0149441170232,0.0262877575986,0.0776368627159,0.053693753559,0.0365085745144,0.0617197653808,0.0150001960213,0.0120000288791,0.00752886278001,0.00930416941546,0.0142758603952,0.00336640894371,0.020121968237,0.00313333759083,0.00283329426028,0.0133211679094,0.061461281147,0.0602722256723,0.0763128874258,0.02814852844,0.0713331988664,0.0418676820818,0.0530088442196,0.0805548944271,0,0.021800449616,0.0784710386819,0.0326836720896,0.107672263307,0.00700009657123,0.00244642931922,0.00365810727584,0.0211666218642,0.00563683710097,0,0.0136419537278,0.000386771442268,0.0083803364911,0.00503326605682,0.00125860876247,0.000376778028121,0.00258966381727,0.00376322377224,0.00444269117725,0.00657224042207,0.00160000998167,0.00619195303557,0.00148096117344,0.00915201674166,0.00306670555873,0.00918038375485,0.0028000106823,0.00393334786512,0.00961944970293,0.00326668110441,0.00404064927389,0.0231997478603,0.0561333784443,0.00993326399555,0.0133332826112,0.0377254170737,0.0429373011028,0.00298883915521,0.000384383787346,0.0108617406173,0,1.44419334402e-06,0.0196472259275,0.00124069782526,0.00766646748307,0.00566497895014,0.0119999286526,0.00706662146661,0.0119095660901,0.0363306194151,0.0481371328163,0.0156776813266,0.0249999241802
TTO,0.012006967337682074,0.016000084216006398,0.035999907007020965,0.011247844879050553,0.026299396534942572,0.04971397177680565,0.0536937535590141,0.03650857451439528,0.07630272004889975,0.0027000603500301748,0.007300001822722053,0.006100181050090525,0.00539995968041423,0.010999685386188453,0.002699241751881012,0.028332973910350324,0.003700020361438447,0.0011000152995431992,0.004199972625239529,0.06740014600062572,0.04820034472270101,0.05356654100405952,0.06043445710913635,0.15700020857232244,0.04580076443648634,0.052499485702530345,0.08055489442710195,0,0.02429993315011513,0.0635980209262714,0.03320010949904188,0.10767226330727073,4.99995356224053e-4,3.000014038437241e-4,2.9999039477475746e-4,0.013249506953740673,0.005636837100972728,0,0.009824964667071738,3.9999587569339903e-4,0.008380336491100008,0.005600025391182911,0.0015378965526206838,3.767780281208235e-4,8.845210731673149e-4,0.0026999958499910087,0.0052278829906749124,0.007091986313668891,0.001399986618605157,0.005999999999999999,8.999899217254006e-4,0.00859995290331443,0.002600022921635295,0.00600002215133794,0.0012000010700680564,0.00290001117015335,0.010199947857128532,0.0029000258971096575,0.003598529757378076,0.018299603957701048,0.028299883726808552,0.006900052631980412,0.023999563819233006,0.03105144094161057,0.027923298637514957,2e-4,3e-4,0.006292511199161296,0,1.444193344015457e-6,0.017500143352945592,3.000016097097693e-4,0.00700003772588373,0.0034000096052252426,0.010199994887220608,0.0046000078855025035,0.005900187841530055,0.053000165907792135,0.03950056546641859,0.016016430739081065,0.024999924180160345
TUN,0.014696351946908612,0.015999949305485147,0.035999825597329144,0.02233637458898241,0.026282201429106256,0.04971397177680565,0.038335995656758645,0.01232652560062211,0.0532906786099892,0.007848096411814201,0.007300003537057105,0.008586790741556658,0.007956132859622657,0.017552856740076787,0.002699241751881012,0.028332973910350324,0.0037000433299655563,0.0011000091249201568,0.004199908752186145,0.06740256681973389,0.04819914117015566,0.06803146504176079,0.0386440342471707,0.15699724027419212,0.04580039628741266,0.053263646538300936,0.08055489442710195,0,0.024299836218998595,0.06359924525967398,0.03319897890635497,0.10767226330727073,4.999927579264496e-4,0.006739283990202944,3.0000000000000003e-4,0.013249506953740673,0.005636837100972728,0,1e-4,3.99990478306408e-4,0.008380336491100008,0.005600023472800892,0.0015378965526206838,3.767780281208235e-4,8.845210731673149e-4,0.0026999913679708783,0.002100013063532312,0.006411981364305892,0.0014000161425598591,0.005999999999999999,8.999954331643605e-4,0.008599943825484506,0.002599985469868139,0.00918038375485462,0.0011999939638130594,0.0028999475165799897,0.01020019737769632,0.002899984572766237,0.00343428852245393,0.018300335764733125,0.02829999419708362,0.012082690491759068,0.023999815208352582,0.02961485468458824,0.0444581013720908,1.9999380881624565e-4,3.000039248008164e-4,0.006292511199161296,0,1.444193344015457e-6,0.01750008579836424,3.200570310095907e-4,0.006999926188367287,0.0033999072602013776,0.010200104923930151,0.004599915693421607,0.005899978661515482,0.05299783400156689,0.03949923592335723,0.016016430739081065,0.024999924180160345
TUR,0.034039130540357655,0.01599995580224451,0.03600029200277403,0.02710058616264432,0.02630002690719358,0.04720043800187715,0.0536937535590141,0.03650857451439528,0.32534201712275734,0.007848096411814201,0.007299998874976093,0.008586790741556658,0.007956132859622657,0.005499877093794993,0.002699241751881012,0.028332973910350324,0.0036999829290129405,0.0010999908750798431,0.00420002873976146,0.06740036499950676,0.048200399911130856,0.0550191479534469,0.036761662938061414,0.15700003173897864,0.04580048926338679,0.053263646538300936,0.08055489442710195,0,0.024299422478898266,0.06359851024208565,0.03319996433586697,0.057299953205428175,5e-4,0.006739283990202944,3.000011071785768e-4,0.013249506953740673,0.005636837100972728,0,1.0000385222851421e-4,4.0000235482503654e-4,0.008380336491100008,0.0055999937872763415,0.0015378965526206838,3.767780281208235e-4,8.845210731673149e-4,0.0027000196583707773,0.0021000442228110605,0.005294159609408683,0.0014000017631708864,0.006000092401515385,9e-4,0.008600041863994348,0.0025999473208048463,0.00918038375485462,0.001199996123059626,0.0028998871425032343,0.010199828104856036,0.0029000368648754013,0.003263265978656857,0.01829988046618189,0.028299890760650835,0.012082690491759068,0.02399990319692166,0.03569071282993232,0.044206705204256236,1.9999670488994332e-4,4.265756810186272e-4,0.006292511199161296,0,1.444193344015457e-6,0.017500108707691173,3.573223173218535e-4,0.006999750343277992,0.003399984753773441,0.010199891625022578,0.00459998809783579,0.0058999160492024675,0.053001198267121394,0.03950023300628488,0.015000182501733765,0.024999924180160345
TZA,0.023493472646299206,0.016999911380907017,0.06046867398299141,0.024884133284231492,0.026282201429106256,0.04971397177680565,0.06028851767030401,0.037890376819654945,0.42404597139395955,0.00700007148058632,0.008654948602246838,0.010999989903737748,0.008000047157577043,0.025920252811149274,0.013999928946994457,5.000121669302835e-4,4.999944974926908e-4,0.0011000099545409295,0.005000123731749567,0.05716821693490685,0.1789992368185287,0.1149629926117255,0.0636808281113667,0.06499954375399215,0.039000181085608224,0.05250018775816748,0.08055489442710195,0,0.02427297557840617,0.1082110163421041,0.03205035926268101,0.047666956347349417,0.001,3.000048666536889e-4,2.999948591404483e-4,0.013249506953740673,0.005636837100972728,0,9.999999999999999e-5,4e-4,0.008380336491100008,0.005499761669444974,0.0015378965526206838,3.767780281208235e-4,8.845210731673149e-4,0.0059999409280207935,0.0029999497243216973,0.024199537698824766,9.999600623028077e-4,0.0058570306803522355,0.002999931134219407,0.00860000957258412,0.003000056466562784,0.008999794558741525,0.001,0.005111081430034282,0.0029999999999999996,0.008000146001387013,0.0046351916775834515,0.021000465491206755,0.023666578037755917,0.013999898775179672,0.009800016758372204,0.02101428708118995,0.042008181717408014,3.0000000000000003e-4,5.000182501733767e-4,0.006292511199161296,0,1.444193344015457e-6,0.019020046306076323,5.097119243831191e-4,0.00900003388566975,0.001999965695271093,0.011000260484501173,0.031000793493354488,0.015999854000389332,0.05300077425063599,0.04100014106361969,0.016016430739081065,0.024999924180160345
UGA,0.0234935835656,0.0170000069447,0.0877089470715,0.0266890439249,0.0236234583,0.0493272675394,0.0597810250796,0.0378901209337,0.450464881852,0.00706526065607,0.00865495083037,0.0104431552988,0.00798308232832,0.0168706908994,0.00530708242485,0.0283329739104,0.000500002525839,0.00123102550052,0.00560417247252,0.0568673709294,0.153804137789,0.185597380971,0.0454228163497,0.0719236757786,0.0389468358578,0.0532636465383,0.0805548944271,0,0.0234135002554,0.114234900091,0.0323157233025,0.0799767855559,0.00120441532006,0.000299999491089,0.000443972904277,0.0132495069537,0.00563683710097,0,9.9999850517e-05,0.000390840641829,0.0083803364911,0.00554600529903,0.00153789655262,0.000376778028121,0.000884521073167,0.00600004608876,0.00351412219866,0.0094602437437,0.00108675093926,0.00607833053062,0.00276702933299,0.00875755454491,0.00301266118221,0.00909714315297,0.00123681984639,0.00511890637821,0.00656431904602,0.00588980945806,0.00760333003996,0.0209999483862,0.0236666296004,0.0138525301837,0.00980000791241,0.024205459222,0.0394445488188,0.000551172262909,0.00043787266601,0.00629251119916,0,1.44419334402e-06,0.0184211294251,0.000557070074054,0.00899990343551,0.00365924363285,0.0109999661674,0.0296259516565,0.0154155383074,0.0356890738817,0.0616551932521,0.0159382086633,0.0249999241802
UKR,0.012006906569939893,0.015999713724848683,0.03599961705081257,0.01124801209395265,0.02630020105644714,0.04720003029040929,0.038335262322662246,0.03650857451439528,0.022000221877080096,0.007848096411814201,0.007299999547319243,0.008586790741556658,0.007956132859622657,0.017552856740076787,0.002699241751881012,0.028332973910350324,0.003700011697631484,0.0010999965565924037,0.004200033182170114,0.056385282881607914,0.048199020267025265,0.056469757811908806,0.03610394483714737,0.15700259152461948,0.04580003945940613,0.053263646538300936,0.08055489442710195,0,0.024299752657263186,0.1082110163421041,0.033200542288038384,0.10767226330727073,4.999920653812585e-4,3.000036500346753e-4,2.999990461686183e-4,0.013249506953740673,0.005636837100972728,0,0.009824964667071738,3.8015499723488213e-4,0.008380336491100008,0.005599805337010301,0.0015378965526206838,3.767780281208235e-4,8.845210731673149e-4,0.0027000296356583316,0.002100076332561733,0.006459964219051954,0.0013999999999999998,0.006000078360694276,9.000295159386068e-4,0.008599555206698065,0.0025999365146545336,0.00918038375485462,0.0012000110130642473,0.0029000346300357845,0.01019997707999083,0.002899976108943219,0.0034133976137858705,0.018299828994869843,0.028299853435641002,0.00690001570639512,0.02399989538654671,0.03478926394424148,0.03207521997129551,2.000021335153933e-4,3.000036500346753e-4,0.006292511199161296,0,1.444193344015457e-6,0.017967218988731527,3.1309384132066474e-4,0.007,0.0034000000000000002,0.010199726007642945,0.004600011020498127,0.005900101756404017,0.053000165907792135,0.03950039184952978,0.015000182501733765,0.024999924180160345
URY,0.01922734082412255,0.011399993606390602,0.04120011679968853,0.03280662944625865,0.026282201429106256,0.041999871284488864,0.0536937535590141,0.03650857451439528,0.12797448551615867,0.004999936099786573,0.009999969440081167,0.01349989093288737,0.007956132859622657,0.034000199163513246,0.002699241751881012,0.028332973910350324,0.0010000051480979065,0.015000050068593975,0.008000398194850013,0.06400202377940804,0.05500052143080614,0.0674463201713211,0.029878204266538155,0.08400189801803117,0.034000211595429534,0.053263646538300936,0.08055489442710195,0,0.020800068272492585,0.09499951333463111,0.017000162946064854,0.10767226330727073,0.0036573991607255327,0.006739283990202944,6.743309524489462e-4,0.013249506953740673,0.005636837100972728,0,0.009824964667071738,3.8015499723488213e-4,0.008380336491100008,0.004,0.0015378965526206838,3.767780281208235e-4,0.0020000392472379756,0.01,0.006,0.009903487068470803,0.004499960208810615,0.005000046415343056,0.003999913915551156,0.004000078494475951,0.009999785596363714,0.00918038375485462,0.008000009598955634,0.004199950452806298,0.011999839563613028,0.007999925446852926,0.004426532777121694,0.02500080312948671,0.02199988966560798,0.010700106558504056,0.01499998787664241,0.035489948790402154,0.04919080075036458,0.0020000263678312457,0.001,0.006292511199161296,0,1.444193344015457e-6,0.021208512585469044,0.0021743268156380956,0.013000141473640888,0.011000140429714927,0.009999999999999998,0.010999761961437753,0.010999988769218675,0.015000360672293156,0.030000896619743565,0.016016430739081065,0.024999924180160345
USA,0.01200695025129035,0.015999863186389,0.03599915771741419,0.011247835319882871,0.026300136536303788,0.04719997296292541,0.0536937535590141,0.012325951674850504,0.022000102241648133,0.002700028968713789,0.0072999981625319265,0.00609997645766303,0.00540010803302724,0.014245705980967447,0.002699241751881012,0.028332973910350324,0.003699958886689805,0.0010999988864404326,0.0042000957395883195,0.06739996535596743,0.048198707887724936,0.058444050137808845,0.05450166549647102,0.15699425130030112,0.04580072298459271,0.05249986694342434,0.08055489442710195,0,0.024299083642035483,0.06360185421761506,0.033199270021758966,0.05729995320542817,5.000015712449603e-4,3.000048666536889e-4,2.999927001970947e-4,0.013249506953740673,0.005636837100972728,0,0.009824964667071738,4.000066363606198e-4,0.008380336491100008,0.0056000793493354495,0.0015378965526206838,3.767780281208235e-4,8.845210731673149e-4,0.0027000190949016613,0.002099981312647362,0.0069009102707987815,0.0014000031114253266,0.006,8.999883932371261e-4,0.008600023548804897,0.0026000031742840664,0.005999999999999999,0.001199989816570985,0.002900041832962113,0.01019997707999083,0.002900016962706279,0.0033905445809456567,0.018300662682115925,0.028300006951041498,0.006899958103656482,0.024000393724126903,0.032546740141001465,0.03590784404172267,2.0000696221259112e-4,4.265756810186272e-4,0.006292511199161296,0,1.444193344015457e-6,0.017499970613473134,3.013575921649813e-4,0.006999883986233032,0.0034000045200804577,0.010200116939210472,0.004600277722674072,0.0059000583033718785,0.05300019751135691,0.039500711501577676,0.016016430739081065,0.024999924180160345
UZB,0.012006637817786337,0.015999927182035807,0.035999272798467284,0.011247945685265512,0.026282201429106256,0.047200997688283244,0.0536937535590141,0.03650857451439528,0.07422999952912371,0.007848096411814201,0.00730000125776897,0.008586790741556658,0.007956132859622657,0.017552856740076787,0.002699241751881012,0.028332973910350324,0.0037000253724310418,0.0028034715063767705,0.004200094900901559,0.056385282881607914,0.06981893996912422,0.07827224025058682,0.03607611807212277,0.0830022659424391,0.038306591973577706,0.053263646538300936,0.08055489442710195,0,0.020550355272908497,0.06359850684363334,0.03320035040332883,0.10767226330727073,5e-4,0.006739283990202944,3.000060497287705e-4,0.013249506953740673,0.005636837100972728,0,0.009824964667071738,4.000073000693507e-4,0.008380336491100008,0.005499761669444974,0.0015378965526206838,3.767780281208235e-4,8.845210731673149e-4,0.0026999984451755166,0.002100058026591316,0.005939341407125242,0.0014000139669681205,0.005999936058655526,9.000034434075961e-4,0.008600022426553038,0.003164352857640448,0.00918038375485462,0.0011999324095978371,0.002899982107711576,0.009619449702931387,0.002899953903421886,0.003748802939984968,0.01830002682244255,0.028300475866757307,0.006900095602294455,0.02399954576425165,0.03315670861755412,0.04350077694242214,2.0000000000000004e-4,4.265756810186272e-4,0.006292511199161296,0,1.444193344015457e-6,0.017984569331871997,3.0327188542153587e-4,0.007000022337882815,0.005595015618155528,0.010199734865223154,0.0045999365230500674,0.014914354349504392,0.027995305972564985,0.065410625226476,0.016016430739081065,0.024999924180160345
VCT,0.0120071035530671,0.01599956673184692,0.06046867398299141,0.01124793464292271,0.026282201429106256,0.047199455818429166,0.0536937535590141,0.03650857451439528,0.32534201712275734,0.0026999558108705256,0.007300018154878685,0.006100026390568133,0.005399990129793219,0.022200177875076967,0.002699241751881012,0.028332973910350324,0.003699994315160797,0.001099971558589306,0.0069636497108592765,0.06739970191927487,0.04819840864296664,0.07616707148618627,0.037958091754519134,0.15699813780260707,0.045799168152109326,0.053263646538300936,0.08055489442710195,0,0.02430027114493134,0.1082110163421041,0.03205035926268101,0.10767226330727073,5.00004585431168e-4,2.999927001970947e-4,6.743309524489462e-4,0.013249506953740673,0.005636837100972728,0,0.009824964667071738,4.000026545618645e-4,0.008380336491100008,0.005600036500156429,0.0015378965526206838,3.767780281208235e-4,8.845210731673149e-4,0.0026999683343888535,0.0021,0.010495502116060748,0.001400010413381785,0.006000014883942459,9.000104346011374e-4,0.008599693691968986,0.002599908363130666,0.006000097203892642,0.001200010987968175,0.002899980292705189,0.009619449702931387,0.0029000162223544045,0.003132664028294092,0.018300076992172464,0.028299806915920662,0.006900187688479302,0.02400029172139676,0.03105144094161057,0.04503434254802888,7.664629436760258e-4,2.9999039477475746e-4,0.006292511199161296,0,1.444193344015457e-6,0.01749996465772794,3.155068151164449e-4,0.006999975747580821,0.0034000953743443013,0.010200409863667414,0.004599975660216624,0.005900070296869085,0.053000188030217554,0.03949791883454735,0.016016430739081065,0.024999924180160345
VEN,0.019226884992855024,0.01140000300186798,0.04120087601898041,0.03280702434987262,0.026282201429106256,0.0419996880361878,0.0536937535590141,0.03650857451439528,0.12799861860879364,0.005000028605919137,0.010000126802175926,0.013499900421849257,0.007,0.022858054193116574,0.002699241751881012,0.042000063203134874,9.999633359641387e-4,0.015000375734023253,0.008,0.06399991704572164,0.05499878335631437,0.06463504845731471,0.03322886698164838,0.08400189801803117,0.033999908750798426,0.08099887345099512,0.08055489442710195,0,0.020799632849198207,0.1082110163421041,0.01700024333860567,0.10767226330727073,0.0036573991607255327,0.006739283990202944,6.743309524489462e-4,0.013249506953740673,0.005636837100972728,0,1e-4,3.8015499723488213e-4,0.008380336491100008,0.004000066363606198,0.0015378965526206838,3.767780281208235e-4,8.845210731673149e-4,0.01000004988675706,0.005999939581993707,0.009032942145921593,0.0044998787794825615,0.005,0.003999941336931335,0.008856062489655349,0.01,0.0060001113113764505,0.00799985384390529,0.0041999987840540855,0.009619449702931387,0.008000055087313393,0.004606607233323788,0.024999840421797107,0.022000173777044052,0.010699611684900828,0.015000222914318104,0.022235261193806727,0.05197175870807638,0.002,0.001,0.006292511199161296,0,1.444193344015457e-6,0.02111309584781544,0.0021742229718208113,0.013000231499344086,0.010999919620609276,0.01,0.011000208811860514,0.010999858710497811,0.015000110607233713,0.029999790913082566,0.016016430739081065,0.024999924180160345
VNM,0.0197385236805,0.0159999723494,0.049822644916,0.0149441170232,0.0262877575986,0.0776368627159,0.053693753559,0.0365085745144,0.0617197653808,0.0150001960213,0.0120000288791,0.00752886278001,0.00930416941546,0.0142758603952,0.00336640894371,0.020121968237,0.00313333759083,0.00283329426028,0.0133211679094,0.061461281147,0.0602722256723,0.0763128874258,0.02814852844,0.0713331988664,0.0418676820818,0.0530088442196,0.0805548944271,0,0.021800449616,0.0784710386819,0.0326836720896,0.107672263307,0.00700009657123,0.00244642931922,0.00365810727584,0.0211666218642,0.00563683710097,0,0.0136419537278,0.000386771442268,0.0083803364911,0.00503326605682,0.00125860876247,0.000376778028121,0.00258966381727,0.00376322377224,0.00444269117725,0.00657224042207,0.00160000998167,0.00619195303557,0.00148096117344,0.00915201674166,0.00306670555873,0.00918038375485,0.0028000106823,0.00393334786512,0.00961944970293,0.00326668110441,0.00404064927389,0.0231997478603,0.0561333784443,0.00993326399555,0.0133332826112,0.0377254170737,0.0429373011028,0.00298883915521,0.000384383787346,0.0108617406173,0,1.44419334402e-06,0.0196472259275,0.00124069782526,0.00766646748307,0.00566497895014,0.0119999286526,0.00706662146661,0.0119095660901,0.0363306194151,0.0481371328163,0.0156776813266,0.0249999241802
VUT,0.0197385236805,0.0159999723494,0.049822644916,0.0149441170232,0.0262877575986,0.0776368627159,0.053693753559,0.0365085745144,0.0617197653808,0.0150001960213,0.0120000288791,0.00752886278001,0.00930416941546,0.0142758603952,0.00336640894371,0.020121968237,0.00313333759083,0.00283329426028,0.0133211679094,0.061461281147,0.0602722256723,0.0763128874258,0.02814852844,0.0713331988664,0.0418676820818,0.0530088442196,0.0805548944271,0,0.021800449616,0.0784710386819,0.0326836720896,0.107672263307,0.00700009657123,0.00244642931922,0.00365810727584,0.0211666218642,0.00563683710097,0,0.0136419537278,0.000386771442268,0.0083803364911,0.00503326605682,0.00125860876247,0.000376778028121,0.00258966381727,0.00376322377224,0.00444269117725,0.00657224042207,0.00160000998167,0.00619195303557,0.00148096117344,0.00915201674166,0.00306670555873,0.00918038375485,0.0028000106823,0.00393334786512,0.00961944970293,0.00326668110441,0.00404064927389,0.0231997478603,0.0561333784443,0.00993326399555,0.0133332826112,0.0377254170737,0.0429373011028,0.00298883915521,0.000384383787346,0.0108617406173,0,1.44419334402e-06,0.0196472259275,0.00124069782526,0.00766646748307,0.00566497895014,0.0119999286526,0.00706662146661,0.0119095660901,0.0363306194151,0.0481371328163,0.0156776813266,0.0249999241802
WSM,0.0166458492635,0.0160000149708,0.0491873235958,0.0135342163859,0.0262895147975,0.0649598246242,0.0480057611454,0.0323184032911,0.169782918071,0.0115401671726,0.0114600799169,0.00702005687736,0.00744489911805,0.0125977958307,0.00265972864172,0.0227663791283,0.00336001633671,0.00266000951047,0.0154401937479,0.0626795146891,0.0566401476424,0.0619497148164,0.0189887271683,0.0874015234401,0.0434397467932,0.0532636465383,0.0805548944271,0,0.0230400262487,0.0790806613867,0.0326601035566,0.0741287019733,0.00440006189342,0.00604002179006,0.00231486341779,0.0179996719273,0.00850932368472,0,0.00822501229756,0.00040000015552,0.0111044839003,0.00525993238189,0.00186272950189,0.000901432851113,0.00190763510837,0.00295998857559,0.00288003800861,0.00891862546409,0.00151999523575,0.00651510725752,0.00144000026521,0.00893118762981,0.00287998848334,0.00918038375485,0.00215997960084,0.00351995412326,0.0100838077417,0.00312000441099,0.00416237950985,0.02124010582,0.0424799456827,0.00872001696216,0.0145998074774,0.0309874394442,0.0377435866311,0.00176000126997,0.00224000100701,0.0090339355931,0,1.44419334402e-06,0.0209883639686,0.000848078318528,0.00740000163959,0.0043200189676,0.011440030957,0.00607989521454,0.00871998598392,0.0451999690712,0.0462001488909,0.0152034806271,0.0249999179741
YEM,0.034039111464205095,0.016000029376268383,0.06046867398299141,0.027100728417787955,0.026282201429106256,0.04720045746544676,0.03091151589055713,0.03142664666006686,0.06060976329983666,0.007848096411814201,0.007299995034016984,0.006100070972320794,0.007956132859622657,0.017552856740076787,0.002699241751881012,0.028332973910350324,0.0036999724151165164,0.0010999967117161552,0.004200152636294256,0.06739865370231864,0.04820065928300122,0.05401328848527422,0.04031714642961753,0.0830022659424391,0.045799452499239585,0.053263646538300936,0.08055489442710195,0,0.02429964124161597,0.06359954810115581,0.033198773633111904,0.05729995320542817,4.99990875079843e-4,3.000036500346753e-4,3.0000561545372867e-4,0.013249506953740673,0.005636837100972728,0,1.000019623618988e-4,3.999927001970947e-4,0.008380336491100008,0.005599963500319372,0.0015378965526206838,3.767780281208235e-4,8.845210731673149e-4,0.002700017622698035,0.0021000653547309563,0.005429576409234659,0.0013999653187782301,0.006,9.00051652892562e-4,0.008600023548804897,0.0025999437728422828,0.00918038375485462,0.0012000079132705546,0.002899961352933599,0.010199993314986685,0.002900035453659113,0.002272006020448125,0.01829983305509182,0.028300185361454837,0.006900131933688981,0.024000185231278615,0.03199975389537477,0.044322064783308066,7.664629436760258e-4,2.999927001970947e-4,0.006292511199161296,0,1.444193344015457e-6,0.017499999975084578,5.019416414348855e-4,0.006999978778940221,0.003399899774492608,0.010199907663896585,0.013137257183059733,0.005899844267081954,0.027995305972564985,0.065410625226476,0.016016430739081065,0.024999924180160345
ZAF,0.02349334361591577,0.016999916803017278,0.1490008212428141,0.024883939819237068,0.00900048667721134,0.047198768689533856,0.060288082248469044,0.03788879500288788,0.4610896925088962,0.007848096411814201,0.008654936903789299,0.010999944292797059,0.007956132859622657,0.017552856740076787,0.002699241751881012,0.028332973910350324,5.000033222076291e-4,0.0010999942969032186,0.005000121669302835,0.057168928559577926,0.1790020251495314,0.06022833094826778,0.05208231338107712,0.0649998340909845,0.03899923605805959,0.053263646538300936,0.08055489442710195,0,0.0242725509214355,0.1082110163421041,0.03320010949904188,0.10767226330727073,9.99985797673659e-4,3.000048666536889e-4,2.9999796845690764e-4,0.013249506953740673,0.005636837100972728,0,9.999999999999999e-5,4.000024333268444e-4,0.008380336491100008,0.005600092909048678,0.0015378965526206838,3.767780281208235e-4,8.845210731673149e-4,0.005999971617920445,0.002999996286076128,0.010630749865117898,9.999847555553297e-4,0.005857509374383264,0.003000024335044898,0.008599960752676451,0.0030000226314320414,0.00918038375485462,0.001,0.005111238008222933,0.002999959890903257,0.008,0.005485376838305133,0.020999808870833282,0.023667013527575446,0.014000459911083857,0.009800041003663875,0.02180102082151827,0.04380941117336606,2.999919831110874e-4,5e-4,0.006292511199161296,0,1.444193344015457e-6,0.01800010178174601,5.000027493071746e-4,0.009000084882437823,0.002,0.01100005379525526,0.030998968499563597,0.016000094193001458,0.05299948844861673,0.04100014106361969,0.016016430739081065,0.024999924180160345
ZMB,0.0234935585737,0.0169999420099,0.111057915433,0.0277285975306,0.0238133270016,0.0479186470904,0.0588753770372,0.037594102628,0.409251256734,0.00712117204804,0.00865498935909,0.0109999889983,0.0079843640454,0.0177660410399,0.00834959608568,0.0223687651005,0.000499998529309,0.00110000503352,0.00598180531253,0.0570571211161,0.147805555074,0.189373224461,0.0497216418828,0.0688576271876,0.0389999846705,0.0530999906826,0.0805548944271,0,0.0234750155046,0.113804404083,0.0325431560038,0.0605247569652,0.000999996649463,0.00121989749877,0.000380214147013,0.0132495069537,0.00563683710097,0,0.000100000227004,0.000392913702343,0.0083803364911,0.00558561916984,0.00153789655262,0.000376778028121,0.000884521073167,0.00599996817137,0.00315913609358,0.0105834926957,0.000999996926835,0.00616511419175,0.00289182166826,0.0086732128163,0.00301174530319,0.00909015949375,0.00100000026399,0.0051110718056,0.00489125814717,0.00799990864015,0.00948800447794,0.0210000379959,0.0236667977105,0.0138630653723,0.00980001293197,0.0249173874742,0.0385189571261,0.000499913476772,0.000489519028103,0.00629251119916,0,1.44419334402e-06,0.0184605319644,0.000536859741761,0.00900004535791,0.00225677839767,0.0109999636984,0.0310001577224,0.0158448798525,0.0404976775938,0.0549487051382,0.0160164307391,0.0249999241802
ZWE,0.023493079202565686,0.017000118837430397,0.1490005909549136,0.024884012154168758,0.026282201429106256,0.04720224842136,0.06028753352478732,0.037890077328900776,0.45879731727517853,0.00699999183737882,0.008654980079681273,0.011000144843568944,0.007956132859622657,0.025999304658786134,0.002699241751881012,0.028332973910350324,4.999977698582968e-4,0.00110003711952487,0.0069636497108592765,0.05716843656598212,0.17899996456288317,0.27583528052963546,0.03244852538035696,0.06500182503954252,0.03900003443407596,0.05250092171562001,0.08055489442710195,0,0.0242717765143539,0.1082110163421041,0.03205035926268101,0.10767226330727073,0.001,3.0000000000000003e-4,2.999958988940684e-4,0.013249506953740673,0.005636837100972728,0,1e-4,3.8015499723488213e-4,0.008380336491100008,0.005599883198890389,0.0015378965526206838,3.767780281208235e-4,8.845210731673149e-4,0.005999844044157782,0.0030000534007369305,0.013159593734880518,9.999790872271754e-4,0.0058569381681913375,0.0029999846217724944,0.008856062489655349,0.00300001790253858,0.00918038375485462,9.999999999999998e-4,0.005111173616482666,0.009619449702931387,0.008000286902883375,0.004285113781266516,0.020999731074357937,0.02366699105611937,0.013999959173675188,0.009800295857988165,0.02121281636434711,0.043456170871413555,3.0000995321986665e-4,5.000182501733767e-4,0.006292511199161296,0,1.444193344015457e-6,0.01800009146620324,5.000383860335134e-4,0.009000077875554863,0.002,0.011000187476565431,0.031000462871123454,0.014914354349504392,0.027995305972564985,0.0410003173931443,0.016016430739081065,0.024999924180160345
