ISO3,wheat,rice,barley,maize,rye,oats,millet,sorghum,othr_grains,cassava,potato,sweet_potato,yams,othr_roots,sugar_cane,sugar_non,raw_sugar,sweeteners,honey,beans,peas,othr_pulse,nuts,soyabeans,groundnut,seed_sunflower,seed_rape,seed_cotton,coconuts,seed_sesame,preserved_olives,seed_oilcrop,oil_soyabeans,oil_groundnut,oil_sunflower,oil_rape,oil_cotton,oil_palmkernel,oil_palm,oil_coconut,oil_sesame,oil_olive,oil_ricebran,oil_maize,oil_oilcrop,tomato,onion,othr_vegetables,orange,lemon,grapefruit,citrus,banana,plantains,apple,pineapple,dates,grapes,othr_fruits,beef,lamb,pork,poultry,othr_meat,offals,butter,cream,fat_ani,oil_fish_body,oil_fish_liver,eggs,milk,fish_freshw,fish_demrs,fish_pelag,fish_marine,crustaceans,cephalopods,othr_molluscs,fish_aquatic,fish_aquaticplant
AGO,0.6986436149054953,0.3499984938095573,0.8576872397319335,0.821987173162309,1.100001310629518,1.7700113151074934,1.168739493429098,1.3997954018336283,1.8158274135025485,0.20999991014345595,0.2733333333333333,0.16000035196821727,0.12739297058753332,0.7299442067679023,0.015708951849309972,0.00888466412734302,0.0071185728801959796,0.08000146001387012,0.02,1.8583597168726937,0.7009750391510209,1.4690535751025358,2.655762635574074,2.4919045390734675,1.9263972625061108,3.2499874036775838,3.700040150381429,0,0.38000765745644827,3.5100739731360715,0.03999993537990197,4.287229714955316,0,0,0,0,0,0,0,0,0,0,0,0,0,0.12999962338053633,0.09800038302522335,0.2347266184521151,0.10000000000000002,0.07987996664102098,0.08011729439778292,0.2,0.29,0.3700000539241367,0.04,0.11666445319993506,0.4304586057445289,0.06999749718433239,0.16539471899377325,0.2200039837751702,0.2199982994643313,0.15829307685065147,0.2299991726648465,0.2500041380451875,0.163937612925133,0.020000552730488615,0.06999957368764619,0,0,0,0.13064872747800724,0.11019236546750144,0.3300043308791684,0.3099963113242346,0.32999711684995264,0.3000065578070693,0.40000730006935065,0.30000921743939535,0.2199993181046083,0.19999986528350944,1.209998821621472
ALB,0.2345184074936551,0.22999999999999998,0.7899899625878273,0.3100721250803788,1.1000217912399217,1.7700113151074934,1.2595641682059227,1.3997954018336283,1.8158274135025485,0.20999964717606887,0.21999960413481187,0.25,0.12739297058753332,0.7299442067679023,0.015708951849309972,0.00888466412734302,0.0071185728801959796,0.18999933535680263,0.020000396746677244,1.8199998466387037,0.7009750391510209,2.179203469683017,1.5316857008193188,2.8000146001387014,1.6799979142767754,3.2499874036775838,3.700040150381429,0,0.32000467945718297,3.4607270574104385,0.0400003937434171,4.287229714955316,0,0,0,0,0,0,0,0,0,0,0,0,0,0.10999978423940796,0.10000048759319125,0.1856875438671791,0.10000107201435071,0.08,0.08,0.2,0.2699971123303494,0.3700000539241367,0.04999954164183894,0.11999618302399924,0.42999923286830544,0.0699996691365883,0.09884157006091705,0.16999891926942615,0.22000387283738757,0.13000047651950158,0.1999991418739756,0.2536867586466888,0.16778542424456155,0.0200003532445512,0.0699990875079843,0,0,0,0.11999738921657921,0.10889298588824844,0.3000044095599259,0.28000062985182733,0.3199990697025374,0.30000881678716274,0.37999798620550773,0.3000058213994644,0.22000634786288614,0.19999986528350944,1.209998821621472
ARE,1.2772013667816027,0.23000020346412203,0.8576872397319335,1.27,1.100001310629518,1.7699982019124638,1.2595641682059227,1.3997954018336283,1.8158274135025485,0.20999657651489217,0.220001161922893,0.24999423923312672,0.12739297058753332,0.17000481695568398,0.015708951849309972,0.00888466412734302,0.0071185728801959796,0.18999902666926222,0.02000033181803099,1.819998450933313,0.49,0.7010958669606767,2.562546482390346,2.799943223294671,1.6799950601698752,3.2499874036775838,3.700040150381429,0,0.32000092765095584,3.450035148434543,0.04000128073770492,4.287229714955316,0,0,0,0,0,0,0,0,0,0,0,0,0,0.10999956520478854,0.09999891417651147,0.21068899355425103,0.10000061257994168,0.08000063814173128,0.0799968696196588,0.2,0.2700001044528239,0.3700000539241367,0.04999887345522548,0.12,0.42999880625522263,0.07000024981056033,0.12868097591045338,0.17000386741020745,0.21999693110326834,0.13038939149838633,0.2000005842844998,0.2893731720616666,0.16797646884231496,0.020000596125186287,0.06999726252395291,0,0,0,0.12183190443553982,0.1366487233516179,0.30000000000000004,0.279999483240855,0.32000205359893213,0.30000000000000004,0.3800036961744594,0.29999446963831433,0.21999564365062077,0.19999986528350944,1.209998821621472
ARG,0.23451816960862124,0.23000098143223677,0.8576872397319335,0.31007133717771196,1.100001310629518,1.7700106920325922,1.2595641682059227,1.3997954018336283,1.8158274135025485,0.21000066171118514,0.22000005368637496,0.24999855981657823,0.12739297058753332,0.7299442067679023,0.015708951849309972,0.00888466412734302,0.01999959434660261,0.19000060934738894,0.019999999999999997,1.8200511011071907,0.7009750391510209,1.7838596163638407,2.029906886370562,2.763904848138176,1.7355791338613975,3.2499874036775838,3.700040150381429,0,0.319989471144355,3.449970800077866,0.04000073000693506,4.287229714955316,0,0,0,0,0,0,0,0,0,0,0,0,0,0.11000090112534654,0.09999974874434989,0.17270844422634024,0.10000045241908484,0.08000040598008668,0.08000037225924134,0.1999978152445725,0.2699984145718463,0.3700000539241367,0.049999278884289775,0.12000292120061345,0.4304586057445289,0.06999949655137694,0.08645549034301066,0.17000038666543246,0.2200007414547342,0.13000164976712902,0.1800001957055675,0.22828457412425798,0.16822708575615344,0.02,0.0700024333860567,0,0,0,0.11999907619418398,0.034897144360886694,0.30000000000000004,0.2849993106300841,0.31999433931748344,0.29998942022852304,0.3800033692722372,0.2999930872390433,0.22000755715095408,0.19999986528350944,1.209998821621472
ARM,1.2772015219360102,0.2299957613149343,0.8576872397319335,1.2699532801245863,1.100009124920157,1.769996871415163,1.2595641682059227,1.3997954018336283,1.839969687713536,0.20999964717606887,0.21999991189563153,0.22984559386580863,0.12739297058753332,0.7299442067679023,0.015708951849309972,0.00888466412734302,0.0071185728801959796,0.19000036138918003,0.02,1.6886973699762509,0.7009750391510209,1.4690535751025358,1.9064208617199663,2.763904848138176,1.6799668187474075,3.2499874036775838,3.700040150381429,0,0.319996880361878,3.449970800077866,0.03999929807321097,4.287229714955316,0,0,0,0,0,0,0,0,0,0,0,0,0,0.10999979322375446,0.1,0.20789359755787004,0.10000097963342117,0.0800007992753237,0.08000048328440078,0.20000688562969085,0.26999555398837904,0.3700000539241367,0.05000030401481971,0.12000055052437447,0.42999197807340067,0.06999833547111063,0.09793233458511151,0.17000055855780374,0.21999345013918453,0.13000376568671237,0.19999999999999998,0.2536867586466888,0.1663877809125401,0.020000203396725313,0.07000036500346753,0,0,0,0.12045261386472064,0.10558300253359296,0.29999512171325426,0.2800019210450485,0.3200030178050498,0.3,0.37999503598907913,0.29999679743864066,0.22000634786288617,0.19999986528350944,1.209998821621472
ATG,0.23451864543255768,0.2300016888573329,0.8576872397319335,0.31005829095870024,1.100001310629518,1.7700014697956983,1.2595641682059227,1.3997954018336283,1.8158274135025485,0.21000197511356902,0.21999934234323107,0.25000444689517776,0.20999805611352299,0.7299442067679023,0.015708951849309972,0.00888466412734302,0.019999674228192293,0.19000220409962532,0.02,1.8200010209811628,0.4900021159542954,1.4690535751025358,2.089006840383541,2.8000132727212397,1.6799956417520159,3.2499874036775838,3.700040150381429,0,0.32,3.4607270574104385,0.039999255121042826,4.287229714955316,0,0,0,0,0,0,0,0,0,0,0,0,0,0.1099988074989487,0.1000005521536754,0.17075921369809752,0.1000003981858652,0.08,0.07999859454331441,0.1999975773433147,0.26999915131969787,0.36999532054281703,0.05000219350624662,0.1199974961398823,0.5400011460004585,0.07000012066073821,0.15995486817531693,0.16999883141363384,0.21999435187800057,0.12999848929459212,0.1799998629363153,0.2536867586466888,0.1532605411070756,0.020000138205992737,0.07000030416400524,0,0,0,0.12118491486593617,0.03960383188657335,0.30000226357010273,0.2849956036372945,0.3200023517576122,0.30000129160585354,0.38000729993612553,0.2999910801891,0.22000049951297485,0.19999986528350944,1.209998821621472
AUS,0.23451851548791847,0.23000074077565946,0.8576872397319335,0.3100665294514523,1.100034219231208,1.7700459201695513,1.2595641682059227,1.3997954018336283,1.8158274135025485,0.20999407465929293,0.21999964755570087,0.24999683163297634,0.12739297058753332,0.2855949319017452,0.015708951849309972,0.00888466412734302,0.0071185728801959796,0.19000132800521544,0.02,1.8199957417039268,0.49000045625294664,1.7103545571117271,2.647881046130701,2.8000000000000003,1.6800065178425942,3.2499874036775838,3.700040150381429,0,0.319994800636922,3.4607270574104385,0.03999906809145129,4.287229714955316,0,0,0,0,0,0,0,0,0,0,0,0,0,0.1099994029051087,0.10000166425349909,0.1784228323875022,0.09999881493419922,0.08,0.08000068868151923,0.19999345892203038,0.2699979581347209,0.3700000539241367,0.050000288343982846,0.11999864752158329,0.4300078837083858,0.0700005728361116,0.1174935954559488,0.1699998730610069,0.21999867717212473,0.1300001736709828,0.20000051030952826,0.23999946262561125,0.16539208485596743,0.02,0.06999908750798431,0,0,0,0.12000162964641395,0.10005837931153802,0.3000039117508997,0.2800004668425107,0.3199913390454391,0.29999673469387755,0.3800050128454164,0.3,0.21999934082594508,0.19999999999999998,1.209998821621472
AUT,0.23451857361717224,0.2299994048917895,0.7900019770961021,0.31006908518135307,1.1000014426891727,1.7700094779084072,1.2595641682059227,1.3997954018336283,1.8158274135025485,0.20999964717606887,0.2200000834762865,0.25000844908580894,0.12739297058753332,0.7299442067679023,0.015708951849309972,0.00888466412734302,0.0071185728801959796,0.19000345362325713,0.02,1.8199980789549517,0.4899899044808573,2.1226256253398446,1.8754721238133492,2.8000170761382317,1.6799608296982107,3.249931262029145,3.700040150381429,0,0.3200151773856953,3.4499459520166216,0.04,3.469912158279288,0,0,0,0,0,0,0,0,0,0,0,0,0,0.11000084593815573,0.10000024068605153,0.1943803793212706,0.10000090862420667,0.08,0.08,0.19999476713762426,0.26999859241749874,0.3700000539241367,0.04999965624424686,0.12000064186912289,0.43000802200320876,0.0700025439382376,0.09252347264350395,0.17000044549382992,0.22,0.12999975345020928,0.19999880067881576,0.25274904317225444,0.17640152287616653,0.01999973029829009,0.06999853242627808,0,0,0,0.12066015264817362,0.10221196280933237,0.30001088257699426,0.2800014390042091,0.32000382665263566,0.3000096767950454,0.38000166178024136,0.2999965436195216,0.2199938669119902,0.2,1.209998821621472
AZE,1.2772011411832804,0.2300010138902971,0.7900135051282987,1.270000377349429,1.0999854000389333,1.7700113151074937,1.2595641682059227,1.3997954018336283,1.881720994523472,0.20999964717606887,0.21999987838404833,0.22984559386580863,0.12739297058753332,0.7299442067679023,0.015708951849309972,0.00888466412734302,0.0071185728801959796,0.18999821953173684,0.0200005840012848,1.6886973699762509,0.7009750391510209,1.4690535751025358,1.8400314092600605,2.763904848138176,1.6800152953036467,3.2499874036775838,3.700040150381429,0,0.31999017336983226,3.4607270574104385,0.03999918890420959,4.287229714955316,0,0,0,0,0,0,0,0,0,0,0,0,0,0.10999980296292362,0.09999956786842457,0.15080528717809996,0.09999999999999999,0.07999717074550856,0.08000295159386069,0.19999524273923075,0.27000068164776986,0.3700000539241367,0.05000105066296833,0.11999856863399971,0.4300020054816499,0.0699987986661948,0.09936691861293763,0.17000064225758482,0.21999908350422162,0.12999983611124769,0.19999999999999998,0.2536867586466888,0.16995425938902697,0.02,0.0700024333860567,0,0,0,0.12010106609593571,0.10268579122865919,0.3000053053212372,0.2800048026895061,0.3199993126202914,0.299996826102136,0.3800051100485454,0.29999679743864066,0.2199993181046083,0.19999986528350944,1.209998821621472
BEL,0.23451848318259283,0.2300016846142881,0.7900198143706331,0.31007147390559464,1.0999999999999999,1.770005367686527,1.2595641682059227,1.3997954018336283,1.8158274135025485,0.20999964717606887,0.21999983459211794,0.22984559386580863,0.12739297058753332,0.7299442067679023,0.015708951849309972,0.00888466412734302,0.0071185728801959796,0.19000227335876127,0.020000579374275785,1.8199824800467197,0.48999350428407934,1.3897791936446224,2.1129151548217635,2.8000365007908505,1.6800754338205102,3.2499874036775838,3.7000401503814286,0,0.3200113966017406,3.4607270574104385,0.04,4.287229714955316,0,0,0,0,0,0,0,0,0,0,0,0,0,0.11000060418186804,0.09999999999999999,0.21706364823135382,0.10000257622402844,0.07999949493674083,0.08000061216369257,0.20000392480081636,0.26999796646516183,0.3699879339149805,0.04999970809340233,0.11999876072745298,0.4299971687429219,0.06999924853195351,0.10538136618200777,0.16999896363969738,0.220001244051877,0.13000050660796553,0.19999949770955558,0.2906054812330743,0.14341788292147226,0.02,0.06999885937690513,0,0,0,0.12006174422428957,0.10045901852388432,0.2999985829070245,0.2799987298764805,0.3200085966043413,0.2999938491819412,0.3799965444257267,0.2999981565800874,0.21999683825228314,0.2,1.209998821621472
BEN,0.6986451219702772,0.3500002057497452,0.8576872397319335,0.8184492487161604,1.100001310629518,1.7700113151074934,1.1687501392075195,1.3987242736491103,1.8158274135025485,0.2099999261275703,0.2733280397530801,0.15999730227957376,0.12375011537608471,0.22018728415832817,0.015708951849309972,0.00888466412734302,0.0071185728801959796,0.08000052143080613,0.02000019691389185,1.8583570295194256,0.7009750391510209,2.8298061296908754,2.6504453722526824,2.763904848138176,1.9264046899742815,3.2499874036775838,3.700040150381429,0,0.38000394832086687,3.5100375738056893,0.039999999999999994,5.100057805059319,0,0,0,0,0,0,0,0,0,0,0,0,0,0.1299993158650886,0.0980005672149745,0.2008298750423459,0.10000000000000002,0.1599989342995684,0.09000034434075961,0.1999978152445725,0.29000324044069997,0.3700000539241367,0.03999970179519294,0.11666518095917276,0.23999876585109992,0.06999894880689583,0.1791706727968651,0.2200064982535943,0.22000215540467724,0.1582955118507312,0.23000189785819758,0.24976347987839173,0.1646473577334512,0.020000138205992737,0.07000036500346753,0,0,0,0.12000000000000001,0.11770143033949021,0.3299909285297739,0.3099946827670194,0.32999955171022544,0.30000130936325664,0.3999957059429749,0.29999679743864066,0.2199993181046083,0.19999986528350944,1.209998821621472
BFA,0.6986451602890739,0.3500007128904858,0.8576872397319335,0.8184497968783533,1.100001310629518,1.7699982019124638,1.1687375748922302,1.398726471292294,1.8400817376825855,0.2100024596212183,0.27333073778469924,0.1600028306560045,0.12374698330319789,0.7299442067679023,0.015708951849309972,0.00888466412734302,0.0071185728801959796,0.080000876001927207,0.02000019691389185,1.6886973699762509,0.490017155162974,2.049780505923129,1.4428021674091611,2.4919006767197738,1.926400005362721,3.2499874036775838,3.700040150381429,0,0.3799887695655226,3.5100285497452206,0.04000073000693506,4.287229714955316,0,0,0,0,0,0,0,0,0,0,0,0,0,0.12999634969885016,0.11223275215716395,0.17353641443948756,0.1,0.1600033938571186,0.08999934206197777,0.1999978152445725,0.2900018162005085,0.3700041129450475,0.04,0.11665675782798256,0.2399955294418189,0.0699998605163684,0.09199780964700074,0.21999918203754448,0.2199972168104648,0.15828841553051048,0.23000095895665518,0.24946637884772344,0.15839345612767017,0.019999543899657923,0.06999957368764619,0,0,0,0.11999938106364214,0.13454767042331087,0.33000044095599257,0.2834282371618454,0.3300021630975557,0.30001560955304646,0.40000730006935065,0.29999679743864066,0.2199993181046083,0.19999986528350944,1.209998821621472
BGD,1.2772002647972724,0.22999990484879942,0.8576872397319335,1.270013788628437,1.100001310629518,1.7699982019124638,1.1443422359597006,1.3997954018336283,1.8158274135025485,0.20999681353379102,0.21999966078553587,0.24999565481880595,0.12739297058753332,0.7299442067679023,0.015708951849309972,0.00888466412734302,0.02000026691044487,0.19000353232073472,0.02000019691389185,1.8299834533774577,0.48999354422207875,1.141059023564214,2.513658536936969,2.7999507874015745,1.679968853416391,3.2499874036775838,3.700040150381429,0,0.3200084231214684,3.4607270574104385,0.03999993537990197,4.287229714955316,0,0,0,0,0,0,0,0,0,0,0,0,0,0.10999841671944269,0.09999901084118065,0.2645400531772547,0.1,0.06000031344032097,0.08000037225924134,0.20000523299929351,0.27000314153838717,0.3700000539241367,0.049997865528281754,0.12,0.4304586057445289,0.0699997174183339,0.14024316279977705,0.16999752413963853,0.21999581896101184,0.13038939149838633,0.20000416944629754,0.23012714983165503,0.16017517361527334,0.02,0.06999957368764619,0,0,0,0.13204306937440372,0.11722086433531403,0.2999984705660435,0.28000062985182733,0.3200050501862256,0.299996826102136,0.4000024957260691,0.29999679743864066,0.2199993181046083,0.19999986528350944,1.209998821621472
BGR,0.23451865735546829,0.23000201597928846,0.7899869252560471,0.3100717419485603,1.099990987743331,1.7700837765495185,1.2595641682059227,1.3997954018336283,1.8158274135025485,0.20999964717606887,0.21999921682264947,0.2500046087196977,0.12739297058753332,0.7299442067679023,0.015708951849309972,0.00888466412734302,0.0071185728801959796,0.19000583243965305,0.02,1.8199724027419213,0.4900146000625717,0.5962377011659237,1.7165697171177103,2.799981750159686,1.6800208568697315,3.2499587853209797,3.700040150381429,0,0.319989471144355,3.4498281473370445,0.0399995755788044,4.287229714955316,0,0,0,0,0,0,0,0,0,0,0,0,0,0.10999914332596007,0.10000089526316261,0.17133706405679,0.10000078339822481,0.07999870037039444,0.0799991652406194,0.19999509419152275,0.2700025785314505,0.3699915904836828,0.05,0.12000099863519856,0.4299953205428171,0.06999965511889776,0.11191095032255244,0.17000593111230056,0.21999951220701933,0.13000098586193506,0.20000108869310557,0.28724579891629753,0.14935317699958528,0.020000731314904197,0.07000033181803099,0,0,0,0.1204404644672666,0.11176545901320595,0.30000347886588974,0.28000229380815167,0.32,0.29999206538125844,0.3800004866653689,0.30000921743939535,0.2199985306002498,0.20000365003467532,1.209998821621472
BHS,0.23451890476672674,0.2300002074846634,0.7899977587807767,0.3100800377327615,1.1000097333073777,1.7699648197009674,1.2595641682059227,1.3997954018336283,1.8158274135025485,0.2099940511600238,0.21999960227858215,0.25,0.12739297058753332,0.7299442067679023,0.015708951849309972,0.00888466412734302,0.0071185728801959796,0.19000095536954428,0.02,1.8200095739588318,0.48999902666926215,1.4690535751025358,2.089006840383541,2.799981750159686,1.679925512104283,3.2498817167962146,3.700040150381429,0,0.31999707965247864,3.4607270574104385,0.039999999999999994,3.469992980814226,0,0,0,0,0,0,0,0,0,0,0,0,0,0.11000030342431191,0.09999723535428934,0.2015352331620152,0.10000011197781944,0.07999991661246476,0.08000048832893839,0.1999978152445725,0.27000007009165655,0.36998908126657304,0.04999841456067476,0.12,0.43000962618321836,0.06999985686271702,0.12675833511398893,0.1700017556522248,0.2200097749941169,0.12999961691205578,0.20000020983738653,0.2536867586466888,0.15487357984140795,0.0200002614310737,0.06999984791568446,0,0,0,0.12254476585864314,0.12260730564516596,0.2999901302803,0.27999555826994615,0.3199977213819818,0.30000419832906505,0.38000118458850357,0.3000036869077904,0.22000485319097304,0.2,1.209998821621472
BIH,0.23451820221264705,0.23000672365766978,0.7899937547706614,0.31007153122464426,1.1000057032052013,1.769996871415163,1.2595641682059227,1.3997954018336283,1.337550107533597,0.20999964717606887,0.21999964969344935,0.25,0.12739297058753332,0.7299442067679023,0.015708951849309972,0.00888466412734302,0.0071185728801959796,0.18999749062787533,0.019999575587810882,1.8199952733988638,0.49001258653241037,1.0390377495364147,1.7815100230377565,2.8000297962680176,1.6799541973806627,3.2499874036775838,3.700040150381429,0,0.3200061769123861,3.4607270574104385,0.039998957138387733,3.469957884885353,0,0,0,0,0,0,0,0,0,0,0,0,0,0.11000036377452446,0.10000064461440779,0.16071141614055087,0.09999866680294903,0.08,0.08000025506625345,0.1999978152445725,0.2699977622198779,0.3700000539241367,0.05000069723013708,0.12000057254913186,0.4299953205428171,0.07000021365847404,0.08459289327862508,0.169998720599029,0.21999999999999997,0.12999917145206213,0.19999919188980608,0.2536867586466888,0.15957676879595672,0.02000056366608421,0.06999999999999999,0,0,0,0.12000279645316524,0.10229411379069454,0.3000042022103626,0.28000229380815167,0.31999622783855153,0.3,0.37999124023651365,0.3000050276520865,0.22000047021206565,0.19999986528350944,1.209998821621472
BLR,0.23451837863526834,0.23000025085919276,0.7900001618620612,0.3100632952449795,1.0999990956957377,1.7700013324127573,1.2595641682059227,1.3997954018336283,1.3659328413757619,0.20999964717606887,0.21999996847163078,0.22984559386580863,0.12739297058753332,0.7299442067679023,0.015708951849309972,0.00888466412734302,0.0071185728801959796,0.19000048993189944,0.02,1.6886973699762509,0.7009750391510209,1.4690535751025358,1.8951461607738767,2.8000376293508933,1.6799720431777587,3.2499874036775838,3.700040150381429,0,0.31999122614608466,3.4607270574104385,0.03999969583136891,4.287229714955316,0,0,0,0,0,0,0,0,0,0,0,0,0,0.11000043686722512,0.10000022951624861,0.19876480751951595,0.10000197112952293,0.08,0.07999883273024395,0.20000523299929351,0.2700022040996253,0.37000224618149147,0.049999903942396166,0.12000425170068027,0.42999819505444925,0.06999909690237514,0.0874401555655121,0.16999876610671413,0.22000252769937229,0.13000036231526038,0.19999954407745213,0.2545889623455016,0.15119409702629483,0.02,0.06999882255975509,0,0,0,0.12056711955926719,0.10009605131752254,0.3000072395569391,0.28000483726072833,0.3200031644317867,0.2999953325554259,0.37999026685051507,0.29999446963831433,0.2200010579771477,0.19999986528350944,1.209998821621472
BLZ,0.23451833096033267,0.23000038295102057,0.8576872397319335,1.2699998747855703,1.100001310629518,1.7700131117332294,1.2595641682059227,1.6500026071540308,1.8158274135025485,0.20999826192752236,0.21999977692928285,0.24999769574634775,0.20999868284330228,0.7299442067679023,0.015708951849309972,0.00888466412734302,0.02000008512123392,0.1899978529583167,0.02,1.8199967042926588,0.48999871366092107,1.4690535751025358,2.2919171712152084,2.800033692722372,1.6799372744109335,3.2498817167962146,3.700040150381429,0,0.32000268252336034,3.4500492754681167,0.04000073000693507,4.287229714955316,0,0,0,0,0,0,0,0,0,0,0,0,0,0.10999848787782052,0.10000288914356155,0.17575088825231205,0.10000009195622149,0.07987996664102098,0.07999953404663028,0.1999978152445725,0.2699998271779894,0.3700041107258921,0.049999999999999996,0.12,0.5399887694529119,0.07000194666147556,0.12434490528500963,0.16999570841763229,0.22000556096204643,0.13000061329552545,0.18000074809620514,0.2536867586466888,0.1532605411070756,0.020000138205992737,0.06999984791568446,0,0,0,0.1199976924630073,0.036347733524816184,0.300011317978609,0.285008576329331,0.32000132803594555,0.3000087199162888,0.37999541967250655,0.3,0.22000468128267145,0.19999986528350944,1.209998821621472
BOL,0.23451865424469426,0.23000019496380633,1.3299996349965324,0.3100723891601291,1.100010950104026,1.7700094073377233,1.2595641682059227,1.3997954018336283,1.9662392378727267,0.21000057769059396,0.21999994101008433,0.2500039605215215,0.12739297058753332,0.16999551023026105,0.015708951849309972,0.00888466412734302,0.020000478043060432,0.19000579374275783,0.02,1.8199962279640993,0.48998555242947306,1.7607108695953535,1.0205933088818275,2.8000146001387014,1.6799372744109335,3.2499874036775838,3.700040150381429,0,0.3200051049709655,3.4607270574104385,0.04000024333268445,4.287229714955316,0,0,0,0,0,0,0,0,0,0,0,0,0,0.10999925119638396,0.10000284632681523,0.24241933740331095,0.09999921566166782,0.08000176636834667,0.08000459136822774,0.2,0.2700046320421516,0.370000134661394,0.05,0.12000036986352036,0.4304586057445289,0.06999885491812664,0.1317980167125111,0.16999915468596583,0.22000208273671604,0.13000053986935162,0.1799997158646948,0.23870719190054673,0.169772804929097,0.020000138205992737,0.0699995133346311,0,0,0,0.11999721421768744,0.06815706720489619,0.29999507922448576,0.2834282371618454,0.32000482843950867,0.2999987201965778,0.3819993484968433,0.29999679743864066,0.22000634786288617,0.19999986528350944,1.209998821621472
BRA,0.2345184613103755,0.23000032055049205,0.8576872397319335,0.3100705748292068,1.099990875079843,1.7700045625393794,1.2595641682059227,1.3997954018336283,1.6874935516565415,0.2099995867439556,0.22000045577581906,0.25,0.2099956095419289,0.7299442067679023,0.015708951849309972,0.019999698345424654,0.019999907851511924,0.18999704054453978,0.020000365003467534,1.8199993323169714,0.48999568636559704,1.1550230840701525,2.9563075979207647,2.7999942063691314,1.680050438014335,3.249991550914191,3.700040150381429,0,0.32000165889921667,3.4499498129391366,0.039999223421604405,4.287229714955316,0,0,0,0,0,0,0,0,0,0,0,0,0,0.11000039089867604,0.09999777545436343,0.14864889019925126,0.09999974780442739,0.08,0.08000043042224421,0.1999978152445725,0.26999948620459335,0.3700000539241367,0.05,0.11999730494542515,0.4304586057445289,0.07000028879198314,0.18141815463072053,0.17000014828899218,0.21999536607970344,0.1300002738000712,0.1800002549037101,0.2361733141225897,0.1662138139742431,0.02000076952674105,0.06999957368764619,0,0,0,0.12065854822627671,0.03541105119616181,0.30001198370216503,0.28500357116469227,0.3199961335223611,0.2999986992208333,0.37999811613997087,0.3000041477139183,0.2199983295283702,0.19999986528350944,1.209998821621472
BRB,0.23451839877959602,0.23000050694403118,0.7900135051282987,0.31007105815352587,1.100010950104026,1.7700094073377233,1.2595641682059227,1.3997954018336283,1.8400088822272183,0.20999712450877026,0.21999983054042774,0.25,0.2100070738033483,0.7299442067679023,0.015708951849309972,0.00888466412734302,0.0071185728801959796,0.19000442421944128,0.01999977878797934,1.8200167901595066,0.48999402158522387,2.528950827806381,2.0033203961956016,2.8000146001387014,1.6800091250482576,3.2499155119972962,3.7000401503814286,0,0.320004889036336,3.4499947856919384,0.0399990875079843,4.287229714955316,0,0,0,0,0,0,0,0,0,0,0,0,0,0.11000117799505241,0.09999965339276493,0.20476699777255442,0.1000006816400259,0.07999926060113129,0.08000046206984185,0.2,0.2700011572004166,0.3699906200472232,0.05000067135270857,0.12000000000000001,0.43,0.0699987603818024,0.1321204200094358,0.16999750598798166,0.21999975152501522,0.12999713194001128,0.20000023070339157,0.2536867586466888,0.14043393147416994,0.020000138205992737,0.06999905195297687,0,0,0,0.1200019246612479,0.10649362394862982,0.3000030315585242,0.28000955211207806,0.3200007788681933,0.2999959014713718,0.3799921507064364,0.30000553036168565,0.21999338788329617,0.19999986528350944,1.209998821621472
BWA,0.698643295416498,0.34999899725247174,0.8576872397319335,0.8219868549119105,1.1000478697941598,1.7699661075866864,1.1687209729059365,1.3987250547828023,1.824525310163915,0.20999379267535692,0.2733351951840129,0.15999604337450696,0.12739297058753332,1.4098319241767852,0.015708951849309972,0.00888466412734302,0.0071185728801959796,0.07999982409695776,0.019999999999999997,1.8583616783248393,0.48999908750798427,2.777015647537702,1.9429892443150902,2.4918788210603156,1.9263618943334244,3.2499874036775838,3.700040150381429,0,0.3799887695655225,3.4607270574104385,0.03999927001970947,4.287229714955316,0,0,0,0,0,0,0,0,0,0,0,0,0,0.1299964596995802,0.09799991619760605,0.16414847354134282,0.1,0.1600007104669544,0.08999885220185944,0.20000633031588275,0.28999665557726495,0.3700000539241367,0.040000233748626726,0.11666893872265012,0.23999759340593227,0.06999704054453981,0.09154331299228356,0.22000080067256497,0.22000331847918841,0.15829415083693815,0.23000435720111279,0.2494024838822244,0.16727986812392928,0.02,0.06999726252395291,0,0,0,0.11999999999999998,0.11113578567743171,0.32999463902787707,0.3100086447027183,0.33000143204926247,0.2999962215672939,0.39999999999999997,0.29999679743864066,0.2199993181046083,0.19999986528350944,1.209998821621472
CAF,0.6986432049265876,0.34999783061437,0.8576872397319335,0.821987408541773,1.100001310629518,1.7699982019124638,1.1687472487781754,1.3987266148474342,1.8158274135025485,0.20999995778589853,0.2733378256963162,0.22984559386580863,0.12375015850215344,0.22018770331972629,0.015708951849309972,0.00888466412734302,0.0071185728801959796,0.08000146001387012,0.019999790829986614,1.6886973699762509,0.4899973928912835,2.829999444865935,2.089006840383541,2.763904848138176,1.7355791338613975,3.2499874036775838,3.700040150381429,0,0.3229491836744078,3.5100043136344024,0.03999993537990197,5.099981349926248,0,0,0,0,0,0,0,0,0,0,0,0,0,0.13000236127508855,0.11223275215716395,0.14007697830508445,0.09999919730938105,0.16000592066311425,0.08999727260330015,0.1999978152445725,0.2900000453348203,0.37000029671829565,0.049882205785608466,0.11666666666666667,0.4304586057445289,0.10168616081466594,0.1639668651405409,0.2200007138245095,0.21999877822091513,0.15828720566724983,0.23000333555703803,0.239352702815607,0.16630366340416008,0.020000138205992737,0.06999957368764619,0,0,0,0.12204597362812274,0.11000015470878283,0.32999721692963113,0.2834282371618454,0.3300001014167926,0.299996826102136,0.3819993484968433,0.29999679743864066,0.2199993181046083,0.19999986528350944,1.209998821621472
CAN,0.23451861762489223,0.22999898819182385,0.790002433343762,0.3100726459905001,1.1000104286161225,1.7699968714151633,1.2595641682059227,1.3997954018336283,1.8435080037862108,0.2100056488173694,0.2199997143465709,0.2499966648879402,0.12739297058753332,0.1699990836616879,0.015708951849309972,0.00888466412734302,0.0071185728801959796,0.1900002132946559,0.019999560246262094,1.8199897663312297,0.49000065569470846,0.5238346149832126,2.265674692053735,2.799964390634737,1.679987070184654,3.2499874036775838,3.7000401503814286,0,0.3200022107997569,3.45006590286931,0.04,3.469973483075963,0,0,0,0,0,0,0,0,0,0,0,0,0,0.11000053125687788,0.10000083619730911,0.19191933834664032,0.10000023598318855,0.08000097770825186,0.08000119253473258,0.20000633031588275,0.2700005548553809,0.3700000539241367,0.05,0.1199993638373332,0.4299924593688332,0.07000161368404066,0.10161616581469828,0.16999896136269216,0.21999625538288708,0.12999880007623046,0.20000031059324866,0.23719699607521583,0.1659601712444081,0.02,0.06999860405153513,0,0,0,0.1200008318227663,0.09999996547528789,0.3,0.279997748761819,0.3200065407570926,0.3,0.3800053676865271,0.29999446963831433,0.2200009735992341,0.19999986528350944,1.209998821621472
CHE,0.23451834583200654,0.23000218246950188,0.7899918889689979,0.3100682583238444,1.1000108149029364,1.7699941067999925,1.1842634690527722,1.3997954018336283,1.3677111009880933,0.20999964717606887,0.2200000699400963,0.25000844927617866,0.12739297058753332,0.47988173146019963,0.015708951849309972,0.00888466412734302,0.0071185728801959796,0.18999868230333375,0.02,1.8200400040880087,0.490010428673363,1.1312068921866125,1.9919834729091228,2.8000336927223723,1.6799932094049743,3.2499874036775838,3.700040150381429,0,0.32000371605231376,3.45006590286931,0.03999953797819257,3.469957884885353,0,0,0,0,0,0,0,0,0,0,0,0,0,0.10999942252324345,0.1,0.20043990898364175,0.09999982671410079,0.07999962475843823,0.0800009944806325,0.20000392480081636,0.26999982717798937,0.3700000539241367,0.04999972926875491,0.1199996567466447,0.4299929036438246,0.06999985961562759,0.10141393326785603,0.16999958101645407,0.2199957597601236,0.13000061863323298,0.20000070771658784,0.2624623772877249,0.15895713766986713,0.020000258251123393,0.06999992299577247,0,0,0,0.12000008318983088,0.10035081733085421,0.299990985847781,0.2800053610918757,0.32001187795402236,0.29999746495297486,0.3800009798637989,0.3000110607233713,0.21999828439081576,0.19999986528350944,1.209998821621472
CHL,0.23451841765771214,0.2299988370116567,1.329983072365637,0.3100717928844916,1.100029594554602,1.7700073000312857,1.2595641682059227,1.3997954018336283,1.7123256396254574,0.21000282442913942,0.21999985550281406,0.25000649941505265,0.12739297058753332,0.7299442067679023,0.015708951849309972,0.00888466412734302,0.02000009664605958,0.1900016794491407,0.02,1.8200158451700525,0.4899973928912835,1.358423672466912,2.5524467251573357,2.800029199922134,1.6799814929056138,3.2499874036775838,3.700040150381429,0,0.3199968094440456,3.4499498129391366,0.03999899310275387,4.287229714955316,0,0,0,0,0,0,0,0,0,0,0,0,0,0.10999839377623208,0.10000139739943964,0.19292536888963693,0.09999999999999999,0.0800001846960826,0.07999449073755252,0.20000523299929351,0.2700007976389886,0.3700000539241367,0.04999976692258566,0.12000064186912289,0.4304586057445289,0.0700001883877774,0.1165588751810193,0.1700012673323953,0.21999536607970344,0.13000116255772592,0.18000028562406478,0.618117054994612,0.15963254338968488,0.019999682337992375,0.0700024333860567,0,0,0,0.11999931422751711,0.035767964195951456,0.300002122105978,0.2849912777550449,0.31999445613416155,0.3000026449428692,0.380002224755972,0.3,0.22000000000000003,0.2,1.209998821621472
CHN,0.23451844042820888,0.23000019806914823,1.330005367686527,0.3100680488913284,1.100010950104026,1.7699837409164814,1.1842495757177256,0.457264201026367,1.8704520359198686,0.2100011872254541,0.22000009445256474,0.24999947060928635,0.12739297058753332,0.32796450648289205,0.019999778787979337,0.0199995290349927,0.02000021823578194,0.189999004545907,0.0200005840012848,1.8199772893178685,0.490018582426334,1.9050162126089876,1.1193156167752327,2.8000037244988225,1.6800076306753147,3.2499874036775838,3.700040150381429,0,0.31998979027523716,3.4499708000778666,0.03999993537990197,4.287229714955316,0,0,0,0,0,0,0,0,0,0,0,0,0,0.10999958035577707,0.09999940751624886,0.22979812307926994,0.10000137025719727,0.06000091082976591,0.08,0.19999443300116906,0.27000162946064854,0.3700000539241367,0.04999945106219465,0.11999866229683631,0.540009358914366,0.07000018136641457,0.09854737563358242,0.16999464668094216,0.21999518960955664,0.12999927938315198,0.19999911684572622,0.21053814816865743,0.14324958697806686,0.020000378143316313,0.07000036500346753,0,0,0,0.12150085566829716,0.11994175883734619,0.2999994516551789,0.28000338018647364,0.3199913390454391,0.29999412248736335,0.38000083191215006,0.2999931726633441,0.21999960815814737,0.19999999999999998,1.209998589580849
CIV,0.6986448819233124,0.35000011624203453,0.8576872397319335,0.8184490490795514,1.100001310629518,1.7699911792438483,1.1687529684079505,1.3987134156311314,1.839945652173913,0.20999994853020068,0.2733299664845507,0.15999795176404322,0.12374995695157134,0.3605839439105676,0.02000023043067493,0.00888466412734302,0.0071185728801959796,0.07999834093737038,0.019999999999999997,1.8583657418471768,0.4900109502372551,2.8170693271101532,2.7259698932484757,2.4918331964595306,1.926406219861418,3.2499874036775838,3.700040150381429,0,0.38000475888324875,3.510011471477735,0.04000073000693506,5.099964904071128,0,0,0,0,0,0,0,0,0,0,0,0,0,0.13000229490294143,0.11223275215716395,0.18388939057792134,0.09999999999999999,0.07987996664102098,0.09000055956577696,0.19999999999999998,0.2900046339202966,0.370000135040242,0.039999494029548666,0.11666721586977295,0.24000387822377353,0.07000031762501191,0.17940117743131295,0.2199972312590849,0.2200013629548862,0.15829386380381014,0.22999936069556323,0.24830685245501607,0.15805804927446115,0.020000138205992737,0.07000036500346753,0,0,0,0.12000000000000001,0.11026128072273539,0.33000326477309827,0.30998952148096404,0.3299981341543054,0.3000023936042893,0.40000583992758487,0.29999679743864066,0.2199993181046083,0.19999986528350944,1.209998821621472
CMR,0.6986437338069115,0.3499995777419328,1.329936886928751,0.8219873850500373,1.100001310629518,1.7699982019124638,1.168739301697292,1.3987258032041878,1.8158274135025485,0.209999958432038,0.2733307897748951,0.16000050400473764,0.12375005066384105,0.24852732443575598,0.019999681711121015,0.00888466412734302,0.0071185728801959796,0.08000132727212396,0.019999999999999997,1.8583580997326723,0.4899846704138988,2.037576487695146,1.2274632485533863,2.4919219722355197,1.9263935513389299,3.2499874036775838,3.700040150381429,0,0.3229491836744078,3.509882239515185,0.04000073000693506,5.099973260244669,0,0,0,0,0,0,0,0,0,0,0,0,0,0.12999967586579636,0.0979982587448921,0.12559462350283895,0.10000000000000002,0.07987996664102098,0.08999380207974658,0.20000392472379758,0.2900000385954846,0.3699996204993983,0.039999522877999905,0.11666304111376984,0.24000267397553315,0.06999894880689583,0.22085712287167542,0.21999621328663055,0.22000052960491473,0.15828797190517999,0.22999202800596166,0.2499804550322224,0.15764766747472359,0.020000138205992737,0.07000036500346753,0,0,0,0.12000175137099511,0.12027248489496414,0.3300073298181732,0.31000178382754506,0.3300016559032952,0.3000020503147233,0.3999901017049813,0.29999679743864066,0.2199993181046083,0.19999986528350944,1.209998821621472
COG,0.6986439725873498,0.34999926150755845,1.3299843841131869,0.8219889575104204,1.100001310629518,1.769996871415163,1.2595641682059227,1.3997954018336283,1.8158274135025485,0.21000006708066024,0.2733326478853931,0.16000058269964748,0.12375111599478059,1.391735092034789,0.019999718800967327,0.00888466412734302,0.0071185728801959796,0.08000022812560596,0.02000019691389185,1.858372645570056,0.4900161030595813,1.4690535751025358,2.089006840383541,2.763904848138176,1.9264086536330185,3.2499874036775838,3.700040150381429,0,0.3800034240712207,3.510011471477735,0.03999993537990197,5.099908842297174,0,0,0,0,0,0,0,0,0,0,0,0,0,0.12999641149710026,0.09799964474565155,0.20742942451736154,0.1,0.16000171887757295,0.09,0.20000392480081636,0.29000119300144617,0.3700009642891582,0.03999942063411596,0.11666025394382455,0.4304586057445289,0.0699997423543658,0.15271068290428,0.21999903920061492,0.22000046340276655,0.1582910553498789,0.22999999999999998,0.25000074554441026,0.15139923830047605,0.020000138205992737,0.0699995133346311,0,0,0,0.12000236434566734,0.11148579444786928,0.3300033016305795,0.3100007019678499,0.32999796909906115,0.30000000000000004,0.39999999999999997,0.2999981565800874,0.21999798483589006,0.19999986528350944,1.209998821621472
COL,0.23451825868333398,0.2299995852271283,1.3299851081846585,0.3100727686069196,1.100001310629518,1.7700019466614758,1.2595641682059227,1.3997954018336283,1.839972076215506,0.2099994007448614,0.2200006043337842,0.22984559386580863,0.20999901906287807,0.17005724874267714,0.015708951849309972,0.020000365609547283,0.02000028693100983,0.18999087527198705,0.019999999999999997,1.8199984926300379,0.4899990266692622,0.5849354282983901,2.8492557790826467,2.7999320940497414,1.680008055177969,3.2499874036775838,3.700040150381429,0,0.3199987576482281,3.4607270574104385,0.039999999999999994,4.287229714955316,0,0,0,0,0,0,0,0,0,0,0,0,0,0.11000131924187567,0.10000175958755267,0.16924364067381895,0.10000215812588348,0.0800009540391633,0.08011729439778292,0.1999992987155976,0.2699945320939413,0.36999980737783444,0.05,0.12000279835518902,0.4304586057445289,0.06999907575710897,0.210081052392764,0.16999973461828632,0.21999476154977535,0.12999675734907695,0.1799990378370577,0.1996469806638111,0.16714558184307604,0.020000838715088485,0.06999908750798431,0,0,0,0.12000107184828752,0.03489936999558405,0.3000042231513155,0.2850085763293311,0.3199985571026621,0.3,0.3800047169281567,0.2999930872390432,0.22000634786288617,0.19999986528350944,1.209998821621472
CPV,0.6986426309117765,0.3499999628838643,0.8576872397319335,0.8184505865616885,1.100010950104026,1.7700019466614756,1.2595641682059227,1.3997954018336283,1.8283447940694781,0.21000028474614882,0.27333346981086076,0.15999872332955653,0.12739297058753332,0.3157435753559049,0.015708951849309972,0.00888466412734302,0.0071185728801959796,0.0799985779294653,0.019999270019709466,1.8583618019434807,0.4900060832536716,2.656518832265138,2.089006840383541,2.4919151731941453,1.9264197530864198,3.2499874036775838,3.700040150381429,0,0.3799986281637972,3.4607270574104385,0.04,5.099984401809389,0,0,0,0,0,0,0,0,0,0,0,0,0,0.1299993322237975,0.09800083628918305,0.1541444649860632,0.10000131762721691,0.16,0.0900051652892562,0.20000835073068893,0.2899996543559788,0.3700000539241367,0.039998274231763484,0.11666564717396624,0.23999759340593227,0.07000029199637925,0.11252205479892648,0.22000329069145658,0.21998946814112694,0.15829085014088076,0.23000048734724707,0.2536867586466888,0.14702073505439794,0.020000138205992737,0.07000331821701139,0,0,0,0.11999935433182292,0.11932559597813755,0.3300087006345097,0.30999903947747576,0.3300037219221213,0.2999954916369866,0.3999957059429749,0.2999957459480155,0.21999338788329617,0.19999986528350944,1.209998821621472
CRI,0.23451826506809315,0.23000021435799411,1.3300063028569815,1.270002346932699,1.100001310629518,1.7700203084691806,1.2595641682059227,1.3997954018336283,1.8400137622570103,0.2100027611864382,0.21999988508454904,0.25000844908580894,0.2099937277859084,0.2399963504601027,0.015708951849309972,0.019999342343231065,0.019999985778293553,0.18999816353702767,0.0200005840012848,1.820001744743959,0.4900171551629741,0.6474081137309293,2.1506789120176575,2.800018581933052,1.6800503461296412,3.2500482811896485,3.700040150381429,0,0.31999676034664293,3.4607270574104385,0.04000073000693507,4.287229714955316,0,0,0,0,0,0,0,0,0,0,0,0,0,0.11000001790802083,0.09999900434107294,0.17976799829108897,0.1,0.07999982472130689,0.08,0.19999396199073166,0.2700016294606485,0.3699985071598908,0.04999962238786808,0.12000011893417142,0.4304586057445289,0.07000051732165337,0.15253329749130698,0.16999826114677372,0.2200004634027665,0.1300013616866759,0.18000136733438163,0.2536867586466888,0.1607842287575407,0.01999971930612474,0.06999957368764619,0,0,0,0.11999797231035611,0.034975567903550914,0.29999487626172056,0.2850001960246207,0.3200010759051052,0.3,0.37999473083340657,0.2999910801891,0.2199897619657026,0.19999986528350944,1.209998821621472
CUB,0.2345185541910801,0.22999983943444222,0.8576872397319335,0.3100724052653736,1.100001310629518,1.7699982019124638,1.2595641682059227,1.3997954018336283,1.8158274135025485,0.21000039230411416,0.2199992139961093,0.25,0.20999918150766286,0.23999980678288674,0.015708951849309972,0.00888466412734302,0.02000007818638853,0.18999902666926222,0.020000280772686434,1.8200010762827066,0.7009750391510209,0.7400247256454134,2.089006840383541,2.7999921925321574,1.6799959444388117,3.2499874036775838,3.700040150381429,0,0.3199973157965374,3.4607270574104385,0.039999999999999994,4.287229714955316,0,0,0,0,0,0,0,0,0,0,0,0,0,0.11000027449744093,0.10000070654401064,0.23105419942713998,0.10000175211129411,0.08000186968308871,0.08000048243921266,0.19999252434260936,0.27000109304374104,0.369999890666171,0.05,0.1200018619373458,0.4304586057445289,0.07000010682961745,0.17052852671635899,0.16999958468311321,0.21999927023279572,0.13000030063433846,0.18000087279660817,0.24000689551145304,0.1636819220281524,0.01999971615503612,0.06999957368764619,0,0,0,0.11999913289558041,0.03554023052240876,0.2999966971628629,0.2850011642798929,0.3200028443433122,0.3000067819599864,0.3799907791609036,0.3000041477139183,0.21999576809140922,0.19999986528350944,1.209998821621472
CYP,0.23451855394282436,0.22999957393020978,0.7900067786004796,0.31007053768838655,1.100009124920157,1.769983210453318,1.2595641682059227,1.3997954018336283,1.4212524723024216,0.20999964717606887,0.21999963131299682,0.25000844908580894,0.12739297058753332,0.380060070081762,0.015708951849309972,0.00888466412734302,0.0071185728801959796,0.19000077584443612,0.020000579374275785,1.8200113853263236,0.4900022217285047,1.0772655100712205,2.1983476233733352,2.7998905009581163,1.680021672179765,3.250098574888751,3.700040150381429,0,0.3200004387023185,3.4499579965817904,0.04000037922240446,4.287229714955316,0,0,0,0,0,0,0,0,0,0,0,0,0,0.11000014725588657,0.10000153813024887,0.17892860246658915,0.09999853816129929,0.08000063121018773,0.0800002077468812,0.20000523299929354,0.26999966333367,0.36999532054281703,0.04999924110192001,0.11999230473258946,0.43000267403511905,0.07000038761192295,0.11462830795154721,0.17000387904760145,0.2200012036487753,0.13000002990672094,0.2,0.31179779254610945,0.15086873212995655,0.019999679733538306,0.06999957368764619,0,0,0,0.11999989159068983,0.11871060713091527,0.29999566918335235,0.28001130041724615,0.3200046580008442,0.2999987201965778,0.38000101389029706,0.29999476631600985,0.22000755715095408,0.2,1.209998821621472
CZE,0.2345182919699163,0.2299993393671137,0.7900030416708912,0.7620138773498206,1.0999982799250048,1.770005763196653,1.2595641682059227,1.3997954018336283,1.3121686747962025,0.20999964717606887,0.22000010295154734,0.22984559386580863,0.12739297058753332,0.7299442067679023,0.015708951849309972,0.00888466412734302,0.0071185728801959796,0.1900019258810906,0.02,1.8200107353730544,0.48999165162016817,2.0101875556098046,2.104528728449866,2.8000494926998267,1.6799842162375456,3.2499874036775838,3.700040150381429,0,0.31999133448873485,3.4607270574104385,0.04000055303616857,3.469987663249245,0,0,0,0,0,0,0,0,0,0,0,0,0,0.10999863468802622,0.09999953223158278,0.18550314793115924,0.09999939199007729,0.08000041792042796,0.08000077817983735,0.1999978195931361,0.2699997180159603,0.3699969763725109,0.050001372438686305,0.11999836414199248,0.4300022920009168,0.07000017087104364,0.09981465110357156,0.17000309064417854,0.2200040779254481,0.13000022827749413,0.20000049837529651,0.31730407356116824,0.14459147719004675,0.019999856126493586,0.07000055981638023,0,0,0,0.1199997364250673,0.10066047485714913,0.3000070540102048,0.28000095574882916,0.32,0.3000070846617074,0.3799981750159686,0.29999446963831433,0.21999576809140922,0.20000608346514176,1.209998821621472
DEU,0.23451826663508332,0.22999711843242726,0.7899909426412339,0.3100690348134625,1.1,1.7700125246018965,1.1842441368798002,1.3997954018336283,1.3002018778019329,0.20999964717606887,0.22000013767088397,0.22984559386580863,0.12739297058753332,0.7299442067679023,0.015708951849309972,0.00888466412734302,0.0071185728801959796,0.18999856502110155,0.02,1.8200167901595066,0.4900010281719104,1.6876776775835534,2.2237143849518026,2.8000579374275785,1.6799974827727258,3.2499874036775838,3.700040150381429,0,0.3199844024176252,3.4607270574104385,0.039999999999999994,3.469987663249245,0,0,0,0,0,0,0,0,0,0,0,0,0,0.1100005926527986,0.09999891852140246,0.183705509348344,0.09999999999999999,0.08000146993973246,0.07999630245886485,0.19999524273923075,0.2700010520312508,0.37000224618149147,0.049998954215557084,0.11999958268998039,0.43000911577028256,0.06999933492318362,0.10464720215348955,0.17000091481176544,0.22,0.1299997854859815,0.20000064037090284,0.31781242754059646,0.16580645208166042,0.019999866136567474,0.06999931669096211,0,0,0,0.12004264796411852,0.10039583959753921,0.30001005732676256,0.27999227365315726,0.3200010759051052,0.30000417623721026,0.3799989790188371,0.3,0.2199957177223321,0.1999927001970947,1.209998821621472
DJI,0.6986439224606787,0.35000008213323,1.3299996349965324,0.821966332221753,1.100001310629518,1.7699982019124638,1.2595641682059227,1.3987372510927636,1.8399919627607917,0.20999964717606887,0.27333220155054244,0.22984559386580863,0.12739297058753332,1.41000505944852,0.015708951849309972,0.00888466412734302,0.0071185728801959796,0.07999534052962647,0.019999513334631108,1.8583730150405906,0.4899975742506708,1.725114784077699,2.089006840383541,2.763904848138176,1.9263776373186148,3.2499874036775838,3.700040150381429,0,0.3229491836744078,3.5100692259282567,0.03999993537990197,5.09998440180939,0,0,0,0,0,0,0,0,0,0,0,0,0,0.12999991884236753,0.09800021842274509,0.11513178298588715,0.1,0.1600003415708845,0.08999380207974658,0.2,0.289996179047026,0.3700000539241367,0.04000000000000001,0.11666747995250411,0.23999545936128353,0.07000131400289081,0.2603409084790437,0.2200039300451955,0.21999550429685474,0.15828862570435603,0.23000205493526957,0.23981268552311152,0.16119455362156093,0.020000138205992737,0.0699978100591284,0,0,0,0.12118491486593617,0.11023301624459313,0.3299974535268653,0.31000195663387825,0.32999562027811236,0.300003449941351,0.3999927001970947,0.29999679743864066,0.2200010579771477,0.19999986528350944,1.209998821621472
DMA,0.2345183572364782,0.22999930664923385,1.330005278467223,0.3100710915303453,1.100001310629518,1.7700094073377233,1.2595641682059227,1.3997954018336283,1.8158274135025485,0.21000190349915654,0.220001627306198,0.2500017529221212,0.20999982757219185,0.29950904125765737,0.015708951849309972,0.00888466412734302,0.019999606620391488,0.19000212433131844,0.02000019691389185,1.819988718186946,0.48998996258782734,1.4690535751025358,2.089006840383541,2.8000365007908505,1.6799538949188362,3.2499874036775838,3.700040150381429,0,0.32000153341894927,3.4607270574104385,0.04,4.287229714955316,0,0,0,0,0,0,0,0,0,0,0,0,0,0.11000240163000953,0.09999775773022505,0.14985908538310586,0.1000002986920276,0.08000055978700105,0.08000013597784338,0.1999978152445725,0.2700004049074786,0.3700003986582303,0.05000028242045628,0.11999839176584111,0.4304586057445289,0.06999769479022591,0.18230868278368,0.17000337785168634,0.22000386174937248,0.12999999999999998,0.17999985146842035,0.2536867586466888,0.1532605411070756,0.020000138205992737,0.07000036500346754,0,0,0,0.12118491486593617,0.03555024094709422,0.3000038583224014,0.2850049882833345,0.32000088011060057,0.2999886647018817,0.3799911937150935,0.30000553036168565,0.2200040202706277,0.19999986528350944,1.209998821621472
DNK,0.23451820030619472,0.23000257413848865,0.7899990875079843,0.3100637293108982,1.100001116208463,1.769999568897383,1.2595641682059227,1.3997954018336283,1.8158274135025485,0.20999964717606887,0.21999995110514595,0.22984559386580863,0.12739297058753332,0.7299442067679023,0.015708951849309972,0.00888466412734302,0.0071185728801959796,0.19000146129990744,0.02,1.8200247079964063,0.4900030416708912,2.45401850174025,2.3588364863099285,2.8000365007908505,1.6800500573573887,3.2499874036775838,3.700040150381429,0,0.3200027171451861,3.4607270574104385,0.03999953797819257,4.287229714955316,0,0,0,0,0,0,0,0,0,0,0,0,0,0.10999953450844092,0.1,0.18711249525596724,0.10000019985250885,0.08000152971470821,0.07999927507339881,0.2,0.2700015352798273,0.37000415049195534,0.05000024834971614,0.11999927709101425,0.429990918722567,0.07000206171397155,0.11110441626245506,0.17000106636953405,0.22000386174937245,0.13000062861453357,0.20000090503266035,0.3670705091291663,0.16882302266963423,0.019999260860727685,0.06999828792697098,0,0,0,0.12000006095070916,0.10024504813482747,0.3,0.279994847826887,0.3199977122594298,0.29998942022852304,0.3799844457013574,0.30000553036168565,0.220006373486297,0.20000608346514176,1.209998821621472
DOM,0.23451775905456107,0.23000012550562154,1.3300564531827914,0.3100680521827526,1.100001310629518,1.769957264307332,1.2595641682059227,1.3997954018336283,1.8158274135025485,0.20999962838501438,0.22000353940537987,0.2500080982151534,0.2099952273811959,0.24,0.015708951849309972,0.00888466412734302,0.0200003731630466,0.1899989354097912,0.02,1.8199958099583322,0.49000417144644903,1.851991788668744,2.8969456647364975,2.763904848138176,1.7355791338613975,3.2499874036775838,3.700040150381429,0,0.3200010209811629,3.4607270574104385,0.04000066363606198,4.287229714955316,0,0,0,0,0,0,0,0,0,0,0,0,0,0.10999950958756315,0.10000051988832799,0.17348620840715184,0.09999796147181736,0.07999866790995071,0.08,0.1999978152445725,0.26999980406115903,0.3699999871295399,0.05000151327139009,0.11999880345204086,0.4304586057445289,0.06999903735078938,0.22389363597961756,0.16999818223985658,0.22000046340276655,0.13000068754849672,0.17999918646274,0.2536867586466888,0.16263239283909953,0.01999971518491619,0.06999957368764619,0,0,0,0.12000278106097474,0.03509421137973029,0.3000024252419179,0.28500116427989286,0.3200007781646986,0.3000070531809847,0.38000526555132713,0.30000553036168565,0.2200063478628862,0.19999986528350944,1.209998821621472
DZA,0.36180024678918504,0.23000205634382068,0.7899995369399357,0.31007191484715513,1.100001310629518,1.7699982019124638,1.2595641682059227,0.45725287287166844,1.8407655828116445,0.20999964717606887,0.220000256458028,0.22984559386580863,0.12739297058753332,0.7299442067679023,0.015708951849309972,0.00888466412734302,0.0071185728801959796,0.18999662047989185,0.02,1.8200084231214684,0.48999704054453974,0.8529254862484283,2.5139763637869925,2.763904848138176,1.6799797846503728,3.2499874036775838,3.700040150381429,0,0.3199967912079097,3.4498281473370445,0.04000077936248149,4.287229714955316,0,0,0,0,0,0,0,0,0,0,0,0,0,0.10999933064332042,0.09999943633709298,0.18794044958789055,0.1000001841895384,0.08000000000000002,0.08000068868151923,0.2,0.26999756275895687,0.3700000539241367,0.05000135889669667,0.12000168399781082,0.43000059865502166,0.06999772530381713,0.09719453894180617,0.1700031402103941,0.22000012944229785,0.13038939149838633,0.1999984470361685,0.288142759562538,0.18079566116117654,0.020000290469689486,0.06999957368764619,0,0,0,0.1199989457580179,0.11212215422348587,0.2999929263634435,0.28000468548670493,0.3199916960763961,0.30000000000000004,0.3799950359890792,0.3000041477139183,0.2200010579771477,0.19999986528350944,1.209998821621472
ECU,0.23451764645279724,0.23000014783981393,1.329995320542817,0.31007552286517237,1.100001310629518,1.7699954375146898,1.2595641682059227,1.3997954018336283,1.9700482828227723,0.20999560932035308,0.21999901892189844,0.24999423923312672,0.12739297058753332,0.17000065095690664,0.015708951849309972,0.00888466412734302,0.020000081884489644,0.19000031465340927,0.02,1.8199356913183278,0.48999568636559704,0.9999646044481533,1.6000411268764139,2.763904848138176,1.6799540682414698,3.2500253472574268,3.700040150381429,0,0.3200029554648392,3.4500492754681167,0.04000024333268445,4.287229714955316,0,0,0,0,0,0,0,0,0,0,0,0,0,0.1100003519185426,0.09999999999999999,0.18385203470187836,0.09999999999999999,0.08,0.07999942609544032,0.19999999999999998,0.27000012924608513,0.37000051360189007,0.0500005044237967,0.12000000000000001,0.4304586057445289,0.07000081869908716,0.16261066600765461,0.16999970805476894,0.21999741357013536,0.13000187863986473,0.18000104995143973,0.22787961488531291,0.1606335749949234,0.02,0.0699995133346311,0,0,0,0.12000000111091798,0.035256528444972283,0.30000439052232586,0.28500278670445517,0.3200091313776966,0.30000991866693116,0.38000625083716566,0.2999930872390432,0.22000634786288617,0.19999986528350944,1.209998821621472
EGY,0.21999998734870632,0.22999983371302193,0.7899989931027538,0.31007174430934054,1.100001310629518,1.7700113151074934,1.2595641682059227,0.45725067318084983,1.8158274135025485,0.20999826192752238,0.21999943770471062,0.2500090203860725,0.12739297058753332,0.3268560212900543,0.02,0.00888466412734302,0.0071185728801959796,0.18999855921621364,0.020000608346514175,1.8199643493761142,0.4900082124281412,1.6637098722046053,2.295576436232857,2.7999809566128158,1.6800109894422859,3.2499874036775838,3.700040150381429,0,0.31999017336983226,3.4499766027140852,0.039999850716189084,4.287229714955316,0,0,0,0,0,0,0,0,0,0,0,0,0,0.10999985977156362,0.10000059005520949,0.16576337337071428,0.10000038325336112,0.08,0.07999449073755252,0.19999345892203038,0.26999976472249015,0.3700000539241367,0.05000028520092405,0.12,0.43,0.07000091377052176,0.1458904896809517,0.17000185740959792,0.21999827303341682,0.13000057362473472,0.19999801766262598,0.2675924933372269,0.1668163091581043,0.02,0.0699995133346311,0,0,0,0.11999942616575815,0.2211509785143672,0.2999967871485944,0.28,0.32000407000407005,0.29999397360438723,0.3799911937150935,0.29999209985779746,0.21999546588075264,0.19999986528350944,1.209998821621472
ESP,0.2345181085800055,0.23000077742361813,0.7899923681852872,0.3100738681111086,1.0999915117562178,1.7699635004006053,1.2595641682059227,1.3997954018336283,1.8158274135025485,0.20999964717606887,0.2200003295179858,0.2500039605215215,0.12739297058753332,0.7299442067679023,0.015708951849309972,0.00888466412734302,0.0071185728801959796,0.1899976702648132,0.02,1.8200051616709065,0.4899978760727799,1.293608870470769,2.4407190271088175,2.8000146001387014,1.6799639299209892,3.249986900707362,3.700040150381429,0,0.319996880361878,3.4500547511862756,0.040000311966245254,3.4700514740290127,0,0,0,0,0,0,0,0,0,0,0,0,0,0.1100003107754736,0.10000018282237527,0.18485903279229124,0.10000066553968615,0.07999999999999999,0.08000068868151923,0.2000024529644075,0.27000015689473933,0.3699924730283516,0.04999914583938364,0.11999972839372047,0.4299975488557613,0.07000076306753147,0.09987951630504334,0.17000064225758482,0.21999795556767068,0.12999952554917682,0.20000042604498183,0.30272976680290514,0.15040930307510114,0.02,0.07000026259125046,0,0,0,0.12017598981567035,0.11256929624208824,0.3000065421477871,0.2799986423650001,0.31999757393802924,0.2999918200408998,0.38001877150902075,0.29999320606019436,0.22000224702269494,0.2000058872012245,1.209998821621472
EST,0.23451871519158665,0.22999430598747314,0.7900011889192724,0.3100732305959039,1.10000063997679,1.7700107958050586,1.2595641682059227,1.3997954018336283,1.8158274135025485,0.20999964717606887,0.2199999146123829,0.25,0.12739297058753332,0.7299442067679023,0.015708951849309972,0.00888466412734302,0.0071185728801959796,0.19000151034586923,0.02,1.8199868603547704,0.4899981540217154,1.4690535751025358,2.1006358579174,2.800029199922134,1.6799959444388117,3.2499874036775838,3.700040150381429,0,0.319996880361878,3.4607270574104385,0.03999917046868519,4.287229714955316,0,0,0,0,0,0,0,0,0,0,0,0,0,0.1099989859259467,0.09999791308703124,0.20422310332627955,0.09999869729754375,0.0800007778771732,0.08000220970058557,0.2000024529644075,0.270002041528644,0.36998666385905804,0.05000098356141029,0.11999751789186282,0.42999819505444925,0.07000029846737006,0.09800854457556009,0.17,0.2200018914318139,0.13000013191509943,0.19999880317278895,0.2536867586466888,0.16034598257309549,0.01999968043971495,0.06999955379054927,0,0,0,0.12007824104555571,0.10004281334443348,0.29999670998519495,0.2799952825243736,0.3200080986232341,0.299996826102136,0.37999329838921997,0.2999957459480155,0.22000291853635398,0.19999986528350944,1.209998821621472
ETH,0.6986431895897995,0.35000248299150816,1.329998706394722,0.8219879515330896,1.100001310629518,1.7699194270367056,1.1687367921680254,1.3987276464968814,1.8399993067849756,0.20999964717606887,0.2733369098712446,0.160002325446195,0.12374932273794473,1.409999594537182,0.015708951849309972,0.00888466412734302,0.0071185728801959796,0.07999854003941893,0.02,1.8583603091761909,0.4899986823033337,1.5489443952812174,1.3261851522479817,2.491883584670061,1.9264176893779095,3.2499874036775838,3.700040150381429,0,0.3229491836744078,3.5099917875718587,0.03999993537990197,5.09998440180939,0,0,0,0,0,0,0,0,0,0,0,0,0,0.12999813762920198,0.09799782682270793,0.1414506623939101,0.09999999999999999,0.16000466962409526,0.08999841579975709,0.19999726417159117,0.29000090790787764,0.3700000539241367,0.03999922257638187,0.11666666666666667,0.24000123023928155,0.07,0.19611067553539635,0.22000254665327315,0.2200011958861516,0.15829007370866435,0.22999616417337937,0.24999808068788146,0.15979752458516205,0.02000065191173115,0.06999957368764619,0,0,0,0.1200004425611011,0.11154336369396807,0.33000135814206166,0.2834282371618454,0.33000494926998264,0.28493959639753674,0.3819993484968433,0.29999679743864066,0.2199993181046083,0.19999986528350944,1.209998821621472
FIN,0.2345186868043465,0.22999805333852444,0.789998662712491,0.7620138773498206,1.1000006726050218,1.7699995528328043,1.2595641682059227,1.3997954018336283,1.2793437094138904,0.20999964717606887,0.22000024803885165,0.2500039605215215,0.12739297058753332,0.7299442067679023,0.015708951849309972,0.00888466412734302,0.0071185728801959796,0.18999848884652493,0.01999932409597837,1.8199835751437172,0.4899871756930058,1.4690535751025358,2.3073062609973527,2.7999124023651363,1.680002834969347,3.2499874036775838,3.700040150381429,0,0.31999672434165116,3.4499498129391366,0.040000536768652714,4.287229714955316,0,0,0,0,0,0,0,0,0,0,0,0,0,0.1099998714779606,0.09999812597215195,0.1576370464300368,0.10000038325336112,0.08,0.08000068868151923,0.19999999999999998,0.2700012448190171,0.3700143988480922,0.04999964595754323,0.11999938961118231,0.4300071307603173,0.0699999156068291,0.10453393827827914,0.16999996595779449,0.2199984020453819,0.13000032994588887,0.19999873474577878,0.2777997104712818,0.16540358592588877,0.019999870831072877,0.06999967507500351,0,0,0,0.11999910568560379,0.10026935113651618,0.30000188490754526,0.27999864236500016,0.3200011712001874,0.30000495933346555,0.3799950298210735,0.29999446963831433,0.21999230571941525,0.20000365003467532,1.209998821621472
FJI,0.23451826118006766,0.22999978687278436,0.7899990875079842,0.3100703343188617,1.1000121669302836,1.7699968714151633,1.2595641682059227,1.3997954018336283,1.8404620998071393,0.21000017516070998,0.2200006503336573,0.24999868802905229,0.210000384088494,0.3300001855348218,0.015708951849309972,0.00888466412734302,0.0071185728801959796,0.19000084882437826,0.02,1.8200107353730544,0.4899976422366107,2.657095941213724,2.089006840383541,2.799966307750621,1.679982155892611,3.2499874036775838,3.700040150381429,0,0.3199997768131144,3.4500492754681167,0.039999999999999994,3.469901790872328,0,0,0,0,0,0,0,0,0,0,0,0,0,0.10999696333223674,0.10000087545998128,0.20040588774047274,0.09999851491030058,0.07987996664102098,0.07999955770804308,0.2,0.26999155442947953,0.3700000539241367,0.04999969400806595,0.12000355390584125,0.43000995257888885,0.06999954920434566,0.1263715555174235,0.16999695037059628,0.21999696420439835,0.1299972566526174,0.20000093709075492,0.2536867586466888,0.16067802843726398,0.019999838398202987,0.07000020505669818,0,0,0,0.12000458142043123,0.10000034472971468,0.30000000000000004,0.2800045584787705,0.3199997261624405,0.3,0.3799902667231825,0.30000921743939535,0.2200002299934452,0.2,1.209998821621472
FRA,0.23451831658660374,0.23000218871908434,0.7900030416708912,0.3100728734429934,1.0999761961437753,1.7699194270367056,1.2595641682059227,1.3997954018336283,1.363186728462409,0.20999964717606887,0.22000026769341965,0.22984559386580863,0.12739297058753332,0.36736515840233375,0.015708951849309972,0.00888466412734302,0.0071185728801959796,0.19000571688239346,0.020000629326620514,1.8199648197009675,0.4899899044808573,1.468703784322799,2.0013386226130585,2.8000365007908505,1.6800152953036467,3.2499874036775838,3.700040150381429,0,0.32000100274501453,3.4607270574104385,0.04,4.287229714955316,0,0,0,0,0,0,0,0,0,0,0,0,0,0.11000021564441413,0.10000143814536773,0.21367334181715303,0.09999979438929509,0.08000152971470821,0.08000026744761368,0.19999439336174032,0.2699989861097029,0.37000357343407014,0.04999758885084631,0.12000055480041054,0.4299971687429219,0.06999999999999999,0.09867140308419083,0.1700004824869919,0.22000505532775375,0.13000066838389915,0.2,0.2587482289250897,0.15040538005555953,0.020000185543387002,0.06999988338600398,0,0,0,0.12000131958125287,0.10388079113250588,0.2999922657488689,0.2800003666125913,0.3200027610246853,0.3,0.3800029054986562,0.29999245871144514,0.22000270581072853,0.20000347620537423,1.209998821621472
GAB,0.698643604594,0.350001074882,1.01512573898,0.821987576853,1.10002305388,1.76996997999,1.16873159807,1.39872947578,1.84389193862,0.209998471655,0.273333655702,0.159995877221,0.127392970588,1.18325877574,0.0157089518493,0.00888466412734,0.0071185728802,0.0799992012412,0.0200002684201,1.85835358879,0.489991917172,2.43639399876,2.17887970383,2.58255690611,1.92639831133,3.24998740368,3.70004015038,0,0.379994382247,3.46072705741,0.0400000000089,4.55814794391,0,0,0,0,0,0,0,0,0,0,0,0,0,0.129999877245,0.0980000430307,0.16101029401,0.0999994918518,0.160003049514,0.0899999755313,0.200003854438,0.289997362014,0.370000053924,0.0399999897042,0.116667158951,0.239998510226,0.0699992287491,0.13108898122,0.220000125685,0.220004922751,0.158290489171,0.230001504696,0.246530424215,0.160339835025,0.0199999019231,0.0699981343081,0,0,0,0.123054313898,0.110446203764,0.329999338259,0.310001932676,0.329999358581,0.299995078366,0.399999026665,0.300002177144,0.220002241315,0.199999865284,1.20999882162
GBR,0.2345179451090781,0.22999813775306607,0.790019814370633,0.3100815526822002,1.0999903947747576,1.7700048496605236,1.2595641682059227,1.3997954018336283,1.4015583313815405,0.20999964717606887,0.2199999517387328,0.22984559386580863,0.12739297058753332,0.7299442067679023,0.015708951849309972,0.00888466412734302,0.0071185728801959796,0.1899938020797466,0.020000579374275785,1.8199881376037959,0.4900009605225243,2.556309440908493,2.533234661040976,2.799943223294671,1.6799968087440413,3.2499874036775838,3.700040150381429,0,0.3200052976624065,3.4498281473370445,0.040000536768652714,3.469957884885353,0,0,0,0,0,0,0,0,0,0,0,0,0,0.1099993231906928,0.10000087310318334,0.19363612759537982,0.09999935355833812,0.07999896030982767,0.0800004290832636,0.19999999999999998,0.27000022453241124,0.36999881213351615,0.05000022250670115,0.11999960568600777,0.42999197807340067,0.06999959779592164,0.10385767426941656,0.17000089217698047,0.21999762357414449,0.13000055878168398,0.20000074699614176,0.5551027665718331,0.17324130957196981,0.019999533184730474,0.07000034218840893,0,0,0,0.12094758813942183,0.1003305242709093,0.30001022704029456,0.28000321966139896,0.31999565862305995,0.3000066124446208,0.38000344545415393,0.3,0.21999999999999997,0.20000365003467532,1.209998821621472
GEO,1.2772008619946393,0.2299968194829388,0.7900041247383126,1.2700009784836592,1.1000107353730542,1.7699673651666092,1.2595641682059227,1.3997954018336283,1.8634542516701469,0.21000506952491307,0.21999981967884802,0.22984559386580863,0.12739297058753332,0.7299442067679023,0.015708951849309972,0.00888466412734302,0.0071185728801959796,0.19000539562636873,0.020000588720122454,1.6886973699762509,0.7009750391510209,1.4690535751025358,1.629744899935965,2.763904848138176,1.6799538949188362,3.2499874036775838,3.700040150381429,0,0.31999672434165116,3.4500492754681167,0.040000260715403066,3.4700514740290127,0,0,0,0,0,0,0,0,0,0,0,0,0,0.11000111353260263,0.1,0.16088731791605107,0.10000220694525672,0.07999999999999999,0.08000153039752077,0.1999978152445725,0.26999618450910695,0.3700000539241367,0.050000664849411604,0.11999885491812663,0.4299953205428171,0.06999925255998206,0.09335998297624847,0.1700033478406428,0.22000106530307872,0.12999843322946225,0.2,0.2536867586466888,0.15596770597993764,0.02,0.0699995133346311,0,0,0,0.12046680771524242,0.10297096423732027,0.30000606317831807,0.28000537902946937,0.3200055359490692,0.30000875171387725,0.37999503598907913,0.29999679743864066,0.22000406917599188,0.19999986528350944,1.209998821621472
GHA,0.6986427988975917,0.34999989327481945,1.3299943223294672,0.8184503648571012,1.100001310629518,1.7699835751437174,1.1687421221278986,1.398725305417452,1.8158274135025485,0.21000009549196574,0.2733364529714553,0.15999767810843235,0.12374989425260025,0.22033599481910715,0.01999938210578349,0.00888466412734302,0.0071185728801959796,0.080002393489708,0.02000019691389185,1.858372645570056,0.490017155162974,2.8250612067019834,2.6700125997480053,2.4919151731941453,1.9264016594530986,3.2499874036775838,3.700040150381429,0,0.3799946658907963,3.4607270574104385,0.03999993537990197,5.09995840482504,0,0,0,0,0,0,0,0,0,0,0,0,0,0.130000527847241,0.0980020290991261,0.14023666452892256,0.10000090777875616,0.16000326904217063,0.0899981635370277,0.1999978152445725,0.29000092985773174,0.37000005562327803,0.039999300772646226,0.11666695066882508,0.4304586057445289,0.07000194666147556,0.13941318185646184,0.22000545553737044,0.22000208273671604,0.15828934010152285,0.2299984196991682,0.23915871292846821,0.15834707321799268,0.020000000000000004,0.07000036500346753,0,0,0,0.11999724033253993,0.11025574600561164,0.33000165359104855,0.3099943499278046,0.3299984594332527,0.299994194035339,0.4,0.29999209985779746,0.2199993181046083,0.19999986528350944,1.209998821621472
GIN,0.698642834607857,0.3499998484219206,0.8576872397319335,0.8184491255307387,1.100001310629518,1.7699982019124638,1.1687169635719314,1.3987525820748852,1.8158274135025485,0.2100002186955539,0.27333177351427235,0.16000117212682413,0.12375170222423969,0.22018131312043754,0.015708951849309972,0.00888466412734302,0.0071185728801959796,0.0800020563438207,0.02,1.6886973699762509,0.48999568636559704,2.829624973625851,2.6699812884255545,2.763904848138176,1.9264105692767282,3.2499874036775838,3.700040150381429,0,0.379995422293431,3.5099917875718587,0.03999993537990197,4.287229714955316,0,0,0,0,0,0,0,0,0,0,0,0,0,0.12999768255404615,0.09800026982865881,0.3642522201125472,0.10000026795211768,0.07987996664102098,0.09000612182430365,0.19999959096105746,0.28999962105422716,0.37000054147197564,0.04000000000000001,0.11666373652133147,0.23999679127226056,0.10168616081466594,0.27562172186771405,0.22000593808199953,0.21999999999999997,0.15828973935389132,0.22999668055914135,0.25,0.16340771897411202,0.020000138205992737,0.06999957368764619,0,0,0,0.12,0.11429322775345976,0.3299914584667948,0.3099984873695356,0.33000441891294746,0.29999403412480613,0.3819993484968433,0.29999679743864066,0.2199993181046083,0.19999986528350944,1.209998821621472
GMB,0.6986438882365361,0.349999946228638,0.8576872397319335,0.81845,1.100001310629518,1.7700113151074934,1.1687366635271315,1.3987276005216371,1.840065705965803,0.20999812494395212,0.2733341495515901,0.16000033796343235,0.12739297058753332,0.7299442067679023,0.015708951849309972,0.00888466412734302,0.0071185728801959796,0.07999791427677548,0.02000019691389185,1.6886973699762509,0.7009750391510209,2.8161041453940876,2.089006840383541,2.4919151731941453,1.9264043489515918,3.2499874036775838,3.700040150381429,0,0.38000561541431227,3.5099718498019947,0.04000073000693506,4.287229714955316,0,0,0,0,0,0,0,0,0,0,0,0,0,0.13000087085256468,0.11223275215716395,0.21273984079561092,0.09999999999999999,0.07987996664102098,0.08011729439778292,0.1999978152445725,0.2724145707404766,0.3700000539241367,0.04000085380691157,0.11944368183164543,0.24000356538015866,0.10168616081466594,0.14246135994778725,0.21999829849984404,0.22000481463649493,0.15828475753441648,0.23000465085376387,0.2500049475559074,0.16232545516154884,0.02,0.0700024333860567,0,0,0,0.12000281544213705,0.1103275472582965,0.33,0.30999537098267427,0.32999827355163314,0.3,0.3999972190550348,0.29999367968651247,0.2200010579771477,0.19999986528350944,1.209998821621472
GNB,0.6986456025136148,0.3499999002623101,0.8576872397319335,0.8184491614668777,1.100001310629518,1.7699982019124638,1.1687408949011446,1.398722725328009,1.8400302656206444,0.20999989470346744,0.2733374334839693,0.22984559386580863,0.12739297058753332,1.4099997178409187,0.015708951849309972,0.00888466412734302,0.0071185728801959796,0.07999828237718996,0.019999999999999997,1.8583160514309416,0.7009750391510209,2.7061453419343926,2.6637688669405097,2.763904848138176,1.9263841486537734,3.2499874036775838,3.700040150381429,0,0.37999338502811364,3.4607270574104385,0.03999993537990197,5.100035316969803,0,0,0,0,0,0,0,0,0,0,0,0,0,0.12999966851195013,0.09799897497604564,0.272252524129937,0.09999999999999999,0.1600013156740637,0.08011729439778292,0.1999978152445725,0.29,0.3699991955040168,0.04000000000000001,0.11666845589550905,0.4304586057445289,0.10168616081466594,0.08046690118324272,0.2199910325390725,0.2199987390454574,0.15828892854276136,0.2299974862441695,0.2536867586466888,0.1551817719956012,0.020000138205992737,0.06999957368764619,0,0,0,0.12000096227867592,0.1205592790688415,0.3299945886871731,0.30999985222621207,0.33000262457350676,0.29999206538125844,0.40000730006935065,0.3000050276520865,0.2199993181046083,0.19999986528350944,1.209998821621472
GRC,0.23451815190902758,0.22999950340169836,0.7899875570302779,0.3100681259772169,1.0999959444662242,1.7699173773102828,1.2595641682059227,1.3997954018336283,1.5085087692674575,0.20999964717606887,0.21999962781696036,0.2500028803502506,0.12739297058753332,0.7299442067679023,0.015708951849309972,0.00888466412734302,0.0071185728801959796,0.1900016846361186,0.02,1.8200158123599945,0.4900146000625717,0.9868949021453152,1.7319757264766173,2.8000146001387014,1.679968853416391,3.2499874036775838,3.700040150381429,0,0.31998979027523716,3.4499560246262093,0.04000140836254382,4.287229714955316,0,0,0,0,0,0,0,0,0,0,0,0,0,0.11000013267783679,0.09999981665539098,0.17957153547259436,0.1000004848390819,0.0799998367999739,0.08000208692022748,0.20000523299929351,0.2699996315808864,0.3700000539241367,0.05,0.1200009542440002,0.4299935825445211,0.07000015095999775,0.09417986064374549,0.16999896726221211,0.22000043580263953,0.13000037879949422,0.1999992193019779,0.3438946375112061,0.16651958886446772,0.02,0.07,0,0,0,0.12030300312010667,0.1484882828756561,0.3000032773990561,0.28000994265220247,0.3200010419244344,0.300006840413161,0.3800183654729109,0.2999979051888472,0.22000071970923746,0.19999999999999998,1.209998821621472
GRD,0.23451826477494483,0.22999964875718584,0.789997703146689,0.3100654765875928,1.099990875079843,1.7700106920325922,1.2595641682059227,1.3997954018336283,1.8158274135025485,0.21000091478754057,0.21999837642570116,0.25,0.21000081423278913,0.17197215216481648,0.015708951849309972,0.00888466412734302,0.0071185728801959796,0.18999587904001253,0.02000019691389185,1.8199957417039268,0.4899911630230146,1.7230734807468113,2.089006840383541,2.8000146001387014,1.6800286794420545,3.2499874036775838,3.700040150381429,0,0.3200015023348788,3.4607270574104385,0.03999993537990197,4.287229714955316,0,0,0,0,0,0,0,0,0,0,0,0,0,0.10999705769187244,0.10000167268834471,0.18285593195975833,0.09999829891470759,0.07999999999999999,0.08000151602855646,0.1999987283501615,0.2700005220932458,0.37000362056480807,0.05,0.12000775870429639,0.4299961518727553,0.07000014590659061,0.19821440510975763,0.16999775202828357,0.22000276663438925,0.13000098498762971,0.200000277489112,0.2536867586466888,0.1532605411070756,0.020000138205992737,0.07,0,0,0,0.12,0.10236733381864938,0.29999575587810884,0.28000113560011736,0.3200011840079986,0.3000104405930257,0.3800164719976041,0.30000553036168565,0.2200010579771477,0.19999986528350944,1.209998821621472
GTM,0.23451923641989098,0.22999829438853828,1.3300564531827914,1.270000064320953,1.100001310629518,1.7699982019124638,1.2595641682059227,1.649990266692622,1.8400038975908015,0.2100019573302016,0.21999902177368735,0.22984559386580863,0.12739297058753332,0.7299442067679023,0.015708951849309972,0.00888466412734302,0.019999705814574928,0.18999832186608492,0.020000365003467534,1.8200011812302512,0.48999908750798427,2.6789751899469536,2.5255023770598313,2.7999791427677545,1.6799482929054823,3.2499695834966813,3.700040150381429,0,0.32,3.4499814057270357,0.039999999999999994,4.287229714955316,0,0,0,0,0,0,0,0,0,0,0,0,0,0.11000109874320682,0.1000013827624829,0.17047618099778944,0.0999985881887874,0.0799980186249257,0.07999944905857885,0.19999999999999998,0.2700004517323938,0.3699988301357042,0.050001090203431964,0.12,0.4304586057445289,0.07,0.19563790276416318,0.16999861808466535,0.21999476154977535,0.1300038757543879,0.17999958381599118,0.2999632074371977,0.1576390494865543,0.020000200545483713,0.06999913096376117,0,0,0,0.1199987447653765,0.03549496191551952,0.30000151577160356,0.2849966381711651,0.31999526147447116,0.30000991866693116,0.37999805333852443,0.2999981565800874,0.22000634786288617,0.19999986528350944,1.209998821621472
GUY,0.23451824529249599,0.22999999999999998,1.32999361255589,0.3100719881106896,1.100001310629518,1.7700454763044517,1.2595641682059227,1.3997954018336283,1.8399840155277731,0.20999400659274797,0.22000085040916276,0.22984559386580863,0.20999664132392903,0.19385336215945664,0.015708951849309972,0.00888466412734302,0.019999514318625986,0.18999991097579433,0.019999999999999997,1.8200068133151646,0.49000368925484905,1.0026875534157327,1.9492586503822524,2.8000394594061357,1.6799905041692633,3.2498817167962146,3.700040150381429,0,0.319999899040124,3.4607270574104385,0.04000073000693506,4.287229714955316,0,0,0,0,0,0,0,0,0,0,0,0,0,0.1099987202320646,0.10000197258112241,0.21408032999298168,0.10000076997705469,0.08000062527355718,0.08000259762750021,0.2,0.27000429000429005,0.37000315884936363,0.05,0.12,0.4304586057445289,0.07000059304946032,0.1395623603050047,0.170000769408325,0.22000617883308324,0.12999896179401993,0.1799999349675976,0.2536867586466888,0.17373755183795522,0.020000138205992737,0.06999957368764619,0,0,0,0.12000137419266181,0.03562878088197506,0.29999242137173177,0.2850010555203715,0.31999146689421615,0.3000004623999482,0.38000161147369266,0.29999679743864066,0.2199993181046083,0.19999986528350944,1.209998821621472
HND,0.23451921390263228,0.23000078099517163,1.32999361255589,1.2699999444021284,1.100001310629518,1.7699743301780844,1.2595641682059227,1.6499825435617481,1.8399395364460869,0.20999411918452693,0.21999657420375426,0.25,0.12739297058753332,0.1723846974470936,0.015708951849309972,0.02000036500346753,0.02000023420532781,0.19000187371182312,0.019999999999999997,1.8199995751701088,0.7009750391510209,1.4690535751025358,2.254742277370291,2.800029199922134,1.6800314465408805,3.249969020018701,3.700040150381429,0,0.31999692591454043,3.4607270574104385,0.04,4.287229714955316,0,0,0,0,0,0,0,0,0,0,0,0,0,0.10999970994915823,0.09999999999999999,0.19158705258480999,0.1000006821018742,0.08,0.0799944907375525,0.19999345892203038,0.2700005643993044,0.3700008710548474,0.05000102933607823,0.12000000000000001,0.4304586057445289,0.07000265463233343,0.1477196886140999,0.17000183924958617,0.21999443912385305,0.12999801862492572,0.17999893823833515,0.2536867586466888,0.1649502863297398,0.019999677398541842,0.07000036500346753,0,0,0,0.12000354769897033,0.03578546840049655,0.29999380421313504,0.2834282371618454,0.3200055609620464,0.3,0.3800045422101097,0.29999446963831433,0.2200027599530808,0.19999986528350944,1.209998821621472
HRV,0.23451831658660374,0.22999540038874133,0.7899820305480684,0.31007303956978893,1.0999826192752236,1.7699835751437174,1.2595641682059227,1.3997954018336283,1.3277537618406443,0.20999964717606887,0.21999993095297551,0.22984559386580863,0.12739297058753332,0.7299442067679023,0.015708951849309972,0.00888466412734302,0.0071185728801959796,0.1900000481530883,0.020000618658747832,1.8200020857232246,0.49000417144644903,0.9875244041561951,1.9178890469727352,2.763904848138176,1.6799842162375456,3.2499874036775838,3.700040150381429,0,0.3199967912079097,3.449914834942007,0.04,3.4699846246406842,0,0,0,0,0,0,0,0,0,0,0,0,0,0.10999973798668972,0.09999861427390261,0.22304970175071537,0.1000012407101825,0.08,0.07999709020368574,0.19999345892203038,0.26999962654915416,0.3700000539241367,0.05000039979850155,0.11999999999999998,0.42999819505444925,0.07000003868117813,0.08908499547016517,0.17000142106011085,0.22000686538131473,0.1299995691187401,0.19999740237812283,0.23955997893564474,0.15390295939204834,0.02,0.06999785300221857,0,0,0,0.12026596852148581,0.10230099187551625,0.30000585411544317,0.2799923811596963,0.31999744889824294,0.3000034499016778,0.38001079125273746,0.29999322814383417,0.21999999999999997,0.19999986528350944,1.209998821621472
HTI,0.2345171859250255,0.22999980612003193,0.8576872397319335,0.31007232712181443,1.100001310629518,1.7699982019124638,1.2595641682059227,0.45725239410755564,1.839956288495927,0.20999938907047075,0.22000044854112003,0.24999964127928415,0.21000064330851922,0.17000183410075972,0.015708951849309972,0.01999969583599477,0.020000087372872472,0.1900025550242727,0.019999999999999997,1.8199997611778709,0.48998755703027785,1.7735192200987002,2.089006840383541,2.763904848138176,1.6800071972033723,3.2499874036775838,3.700040150381429,0,0.31999261129240814,3.4500048026126215,0.03999993537990197,4.287229714955316,0,0,0,0,0,0,0,0,0,0,0,0,0,0.10999995423152441,0.09999999999999999,0.2504832320672966,0.1,0.0799987961959793,0.08000095210892126,0.19999999999999998,0.27,0.3700017048044172,0.05,0.12000044194988288,0.4304586057445289,0.0700011591515011,0.23189438645563873,0.16999888771481006,0.21999855187893708,0.12999636627906977,0.17999879027989898,0.2354467361444207,0.15638097415922944,0.020000138205992737,0.07000036500346753,0,0,0,0.12108722442831714,0.06633454981554213,0.29999660464484584,0.2849998399129126,0.31998636075795217,0.30000495933346555,0.37999805333852443,0.29999679743864066,0.2199993181046083,0.19999986528350944,1.209998821621472
HUN,0.23451877630502027,0.2300039530899987,0.7900198143706331,0.3100703343188617,1.0999732929760526,1.7699661673662486,1.2595641682059227,1.3997954018336283,1.8158274135025485,0.20999964717606887,0.2199998183771003,0.22984559386580863,0.12739297058753332,0.7299442067679023,0.015708951849309972,0.00888466412734302,0.0071185728801959796,0.189999004545907,0.019999695835994768,1.8199812821712682,0.489999850409131,0.7743250904711542,1.6565623998125674,2.763904848138176,1.679994690911504,3.2499874036775838,3.700040150381429,0,0.3200051049709655,3.4499498129391366,0.03999902666926222,3.470004679457183,0,0,0,0,0,0,0,0,0,0,0,0,0,0.1099998800542155,0.09999937123131772,0.18428932060568437,0.1000048209034373,0.08000430593681036,0.07999999999999999,0.19999693383209666,0.26999915131969787,0.3700000539241367,0.05000026097531696,0.12000152276534187,0.42999819505444925,0.0699992488110991,0.0936365791049161,0.16999603688906503,0.22000264804210387,0.12999952903238318,0.2,0.26333006844603024,0.13171639255050413,0.02,0.07000123034018907,0,0,0,0.1210853683950849,0.1003116528787291,0.2999884118430964,0.2800053610918757,0.32000765354933347,0.30000743881574055,0.3800045422101097,0.30000553036168565,0.21999529798989065,0.19999999999999998,1.209998821621472
IDN,0.23451880052661803,0.22999991219366567,0.8576872397319335,0.31007186058968894,1.100001310629518,1.7700019466614756,1.184224373376542,1.3997954018336283,1.8158274135025485,0.2099997992118151,0.22000232855978574,0.25,0.12739297058753332,0.17000065457877855,0.015708951849309972,0.00888466412734302,0.01999989233042715,0.1899972851497692,0.02000036500346753,1.8300066363775587,0.48999902666926215,1.9257645893091289,2.7157935409004046,2.800027862914461,1.6799945201189914,3.2499874036775838,3.700040150381429,0,0.3199993760675095,3.4499498129391366,0.03999993537990197,4.287229714955316,0,0,0,0,0,0,0,0,0,0,0,0,0,0.10999572598055869,0.1,0.21525242746837564,0.10000316605983853,0.059998934299568395,0.07999449073755252,0.1999978152445725,0.2699993347627406,0.3700000539241367,0.05,0.12000000000000001,0.43000250689395847,0.07000032444357926,0.15202008819347965,0.17000052336839902,0.2200059159929008,0.13000019378718292,0.19999834424750187,0.25929537309102646,0.15257794788630583,0.02,0.0699978100591284,0,0,0,0.12802179011670262,0.06966763143233731,0.29999908034983497,0.2800058213268467,0.3200022912728542,0.3000070846617074,0.39999999999999997,0.2999942392994988,0.2200010579771477,0.19999986528350944,1.209998821621472
IND,1.2570584173281723,0.9099998247670175,0.2100010950104026,1.3900001123078132,1.100001310629518,1.7700019466614756,1.354299270436907,1.5827337921462032,1.8158274135025485,0.2099968171816836,0.29999937258313797,0.2700025034422331,0.12739297058753332,0.7299442067679023,0.020000338249222028,0.00888466412734302,0.0071185728801959796,0.13499949305485145,0.019999513334631108,1.2999904227810117,1,1.32146154693231,3.3804856098433183,1.7499771876996075,1.6800256960565314,3.2499874036775838,3.7000401503814286,0,0.32000152315190905,3.449886853054968,0.03999993537990197,4.287229714955316,0,0,0,0,0,0,0,0,0,0,0,0,0,0.14999983301439082,0.15999987246687328,0.350367214664268,0.1,0.0800014904795618,0.05999803236755374,0.2,0.2699992645075878,0.3700000539241367,0.050000901241911345,0.12000246791707798,0.5399954159981665,0.8200041224363598,0.25187488943057074,0.17000052336839902,0.22000149488003584,0.12999999999999998,0.17999875594812303,0.22999804299812684,0.166887517346633,0.020000138205992737,0.06999957368764619,0,0,0,0.11999862846954344,0.18414230026952308,0.2999904893242665,0.27999938030612875,0.13000539908215603,0.1299994048917895,0.37999380613192935,0.29999679743864066,0.2200010579771477,0.19999986528350944,1.209998821621472
IRL,0.23451816955594393,0.22999765423410742,0.7900038933229512,0.3100739992493502,1.1000132731616672,1.770006198133673,1.2595641682059227,1.3997954018336283,1.422282555997285,0.20999964717606887,0.220000270040371,0.22984559386580863,0.12739297058753332,0.7299442067679023,0.015708951849309972,0.00888466412734302,0.0071185728801959796,0.19000034314672773,0.02,1.819991944822031,0.4900003016500256,1.129571220978899,2.1439622497880806,2.7999405188379547,1.6800228808019178,3.2499695834966813,3.700040150381429,0,0.3200082176302409,3.4499498129391366,0.040001569920326545,3.469973483075963,0,0,0,0,0,0,0,0,0,0,0,0,0,0.11000110184743084,0.09999836570597415,0.1859385340583994,0.09999985562923278,0.08,0.07999999999999999,0.20000148664067524,0.2700002560735151,0.37000640888698993,0.05000033025753483,0.12,0.42999819505444925,0.07000011421131377,0.09198061230884354,0.16999879070473795,0.22000264804210384,0.12999964635569544,0.1999989265404815,0.299772969782278,0.16476084998057705,0.020000460098000876,0.0699980755661043,0,0,0,0.12000148293008449,0.10015534078410249,0.2999927452118398,0.2800039908573087,0.32,0.2999940489178949,0.37999904575599985,0.2999966818196901,0.21999537144179587,0.19999999999999998,1.209998821621472
IRN,1.2772013550755956,0.22999995003422657,0.7900079844872818,1.2699983939964667,1.100001310629518,1.7699982019124638,1.2595641682059227,1.3997954018336283,1.8158274135025485,0.20999964717606887,0.22000019156965794,0.22984559386580863,0.12739297058753332,0.7299442067679023,0.015708951849309972,0.00888466412734302,0.0071185728801959796,0.1900025550242727,0.020000598372427,1.820011100554087,0.7009750391510209,1.0533824142031427,1.5953640741048014,2.763904848138176,1.679944139397594,3.2499874036775838,3.700040150381429,0,0.3200038286875046,3.4607270574104385,0.039999999999999994,3.469957884885353,0,0,0,0,0,0,0,0,0,0,0,0,0,0.10999998003159002,0.10000016300476462,0.18905834374224548,0.10000014013079807,0.08000016420226436,0.08,0.19999554922556526,0.27000113044282525,0.3700000539241367,0.04999982787762788,0.12000101450745664,0.42999963086463805,0.07000017730042375,0.1022202567813187,0.17000435107605458,0.22000108716331912,0.13038939149838633,0.19999911276137494,0.22999872940578545,0.17181158426905613,0.02,0.07000036500346753,0,0,0,0.1199994519306223,0.11212405825323415,0.30000440955992597,0.28000567586447783,0.320008724446295,0.3,0.3800047169281567,0.29999679743864066,0.2199993181046083,0.20000365003467535,1.209998821621472
IRQ,1.2772012832613957,0.2300003481906692,0.789996854877423,1.2699571421843359,1.100001310629518,1.7699982019124638,1.2595641682059227,1.3997954018336283,1.8158274135025485,0.20999964717606887,0.22000139362088378,0.22984559386580863,0.12739297058753332,0.7299442067679023,0.015708951849309972,0.00888466412734302,0.0071185728801959796,0.19000449236298292,0.019999999999999997,1.8199664595047844,0.49000156429241837,0.7216299928927795,2.105635365848351,2.763904848138176,1.7355791338613975,3.2499688717337554,3.700040150381429,0,0.3200084231214684,3.449987589972698,0.039999255121042826,4.287229714955316,0,0,0,0,0,0,0,0,0,0,0,0,0,0.11000021070819023,0.09999803655926646,0.18904118950181092,0.1,0.0799977913365175,0.08000153039752077,0.1999978152445725,0.27000114064104025,0.3700000539241367,0.050000532226302616,0.11944368183164543,0.4299993614934089,0.06999829438853829,0.09631760825742834,0.17000243842965132,0.21999685830977067,0.13038939149838633,0.2,0.219998339008388,0.1763696894564904,0.02,0.06999957368764619,0,0,0,0.12000093454122787,0.1373309604080763,0.3,0.27998811763540943,0.32000856592190735,0.3,0.3819993484968433,0.29999679743864066,0.2199993181046083,0.19999986528350944,1.209998821621472
ISL,0.2345183378669919,0.23000122005774942,0.8576872397319335,0.7620138773498206,1.0999999999999999,1.769994877213204,1.2595641682059227,1.3997954018336283,1.8158274135025485,0.20999964717606887,0.2199998183771003,0.25000522629873523,0.12739297058753332,0.7299442067679023,0.015708951849309972,0.00888466412734302,0.0071185728801959796,0.1900012933078504,0.019999785294843857,1.8199482560573694,0.4899846704138988,1.4690535751025358,2.4232066455638965,2.8000132727212397,1.6799979142767756,3.250045061283345,3.7000401503814286,0,0.3200052383446831,3.4607270574104385,0.03999859619569032,4.287229714955316,0,0,0,0,0,0,0,0,0,0,0,0,0,0.10999891227497688,0.09999678130582422,0.1762948335980921,0.0999990702949954,0.07999795060969361,0.0799975404291951,0.20000212147569849,0.269999172074717,0.3700000539241367,0.050000309868058174,0.12,0.4300047892720306,0.07000075085722866,0.09103595144884216,0.1699996026305855,0.2199991790511127,0.13000048683958063,0.19999999999999998,0.225389717034471,0.1532605411070756,0.01999984202960365,0.0700014849090134,0,0,0,0.12000123373458596,0.10003315719908973,0.3000086617583369,0.27999999999999997,0.31999987326110274,0.28493959639753674,0.38000037532136893,0.29999679743864066,0.22000105797714767,0.19999986528350944,1.209998821621472
ISR,0.2345183138865666,0.2300010665571141,0.7899520503828812,0.31007304432846805,1.100009124920157,1.76996525243087,1.2595641682059227,1.3997954018336283,1.8158274135025485,0.20999964717606887,0.21999997311976088,0.25,0.12739297058753332,0.7299442067679023,0.015708951849309972,0.00888466412734302,0.0071185728801959796,0.1900010045876168,0.01999932409597837,1.8199643493761142,0.48999376836107894,1.1424647086842215,2.3513365601660374,2.799981750159686,1.6799914117853727,3.249991550914191,3.700040150381429,0,0.31999673522690175,3.4499980870030993,0.04000056589893045,3.4699551322634807,0,0,0,0,0,0,0,0,0,0,0,0,0,0.11000007680616088,0.09999966119037373,0.17471054351954876,0.09999735190530414,0.07999869719571377,0.08000050638039294,0.1999978152445725,0.269997373566405,0.3700000539241367,0.04999933588060018,0.11999566254608544,0.42999596117153877,0.07000046941406293,0.12635172653747032,0.16999927930943898,0.21999955655085252,0.12999930331390355,0.19999966956267445,0.2536867586466888,0.16404219010590745,0.020000403453562493,0.06999957368764619,0,0,0,0.1200017169860651,0.102032633834986,0.3000020503147233,0.28000427297167374,0.31999944014444276,0.30000495933346555,0.380008651922349,0.3,0.22000580175076356,0.19999986528350944,1.209998821621472
ITA,0.23451843581932186,0.22999887476088668,0.7899953205428171,0.31007549026793285,1.1000104286161227,1.7699241438410511,1.2595641682059227,1.3997954018336283,1.6836369048300497,0.20999964717606887,0.21999951927881703,0.24999547372042077,0.12739297058753332,0.7299442067679023,0.015708951849309972,0.00888466412734302,0.0071185728801959796,0.18999908750798428,0.01999951333463111,1.819991888916784,0.4899746934008175,1.5128687439771,1.9347283953996242,2.8000146001387014,1.6800310250824104,3.2499874036775838,3.700040150381429,0,0.319989471144355,3.4607270574104385,0.039999669683556845,4.287229714955316,0,0,0,0,0,0,0,0,0,0,0,0,0,0.1099999124734138,0.10000165538247613,0.1745078339621207,0.10000009588840125,0.08000080734142469,0.07999916015789031,0.2,0.27000162946064854,0.3699903738167816,0.04999987278680851,0.11999911371089247,0.43000911577028256,0.07,0.09284963515690904,0.17000047839450802,0.22000158428390365,0.13000032883966778,0.20000126874169372,0.2778883897176235,0.15313995241055753,0.01999934733303963,0.06999941909999226,0,0,0,0.11999915812219156,0.10877561227542726,0.3000030979894049,0.27999480796688636,0.3199944266406577,0.30000000000000004,0.38000736151156367,0.300008254230293,0.22000079547111778,0.2,1.209998821621472
JAM,0.2345185332081894,0.22999946238043414,0.7900038933229512,0.3100707867516456,1.100001310629518,1.769998986109703,1.2595641682059227,1.3997954018336283,1.8158274135025485,0.20999064108563406,0.2199995836889324,0.2500010114618861,0.2100001711771855,0.1699979927527811,0.015708951849309972,0.00888466412734302,0.0071185728801959796,0.1900003832004905,0.02000054073783678,1.8200042676969037,0.4899919935948759,1.8222146613989068,2.089006840383541,2.8000146001387014,1.6799979142767756,3.2498817167962146,3.700040150381429,0,0.3199982369243145,3.4500492754681167,0.04000073000693506,4.287229714955316,0,0,0,0,0,0,0,0,0,0,0,0,0,0.10999957095662372,0.10000271132520538,0.20834959057347696,0.09999940294408272,0.08000045300369764,0.08000037200823998,0.2000024529644075,0.2699999291096886,0.36999932634658506,0.04999913343385501,0.11999618302399924,0.4304586057445289,0.06999919633528892,0.18002581829565498,0.17000023366123795,0.220001244051877,0.1300005808718887,0.19999999999999998,0.2536867586466888,0.1580631346211982,0.02,0.0700024333860567,0,0,0,0.12000000017680358,0.13743290152132448,0.3000024252419179,0.279992315819806,0.32000170857419485,0.3000018684720258,0.3800107579211598,0.30000553036168565,0.22000142969476014,0.19999986528350944,1.209998821621472
JOR,1.2772010737027546,0.230000707153309,0.7900038933229512,1.2699984685282557,1.100001310629518,1.7700019466614756,1.2595641682059227,1.3997954018336283,1.8416645777156748,0.20999964717606887,0.22000040939353466,0.24999295913481848,0.12739297058753332,0.7299442067679023,0.015708951849309972,0.00888466412734302,0.0071185728801959796,0.18999797221940587,0.019999695835994768,1.8199891279024616,0.4899929027679205,0.9362007658643328,2.152005716536501,2.8000146001387014,1.6799890500958117,3.250148704915373,3.700040150381429,0,0.31999701314217444,3.450057937427578,0.04000050694514854,3.4699110903135235,0,0,0,0,0,0,0,0,0,0,0,0,0,0.11000032935970536,0.09999962251473135,0.16123917767488824,0.0999991886475566,0.07999999999999999,0.07999881263357873,0.19999215070643642,0.26999977808845393,0.3700000539241367,0.05000167931752536,0.12,0.4300039131285463,0.06999991657141903,0.11289101507164256,0.17000245078016502,0.22000266981959649,0.12999971319585854,0.1999993160487452,0.37454586063132816,0.17908849635007132,0.02,0.06999910976586843,0,0,0,0.11999766493802667,0.12427930359844093,0.3000053053212372,0.28000686106346484,0.3200091934649787,0.29999115070351906,0.3800047169281567,0.30000553036168565,0.2200010579771477,0.19999986528350944,1.209998821621472
JPN,0.2345189853850611,0.22999975571191864,1.330005367686527,0.3100690629103213,1.100010950104026,1.7699832104533177,1.1843277556588803,1.3997954018336283,2.156892121684283,0.2100038624951719,0.21999957965433575,0.24999609442127135,0.21000267655718274,0.28522613579457295,0.015708951849309972,0.019999270019709466,0.01999995794927,0.1899985038118004,0.019999785294843857,1.8200118025047536,0.48999568636559704,1.6692419645499146,1.811248326438696,2.7999931132186844,1.6799608296982107,3.2499874036775838,3.700040150381429,0,0.3199967912079097,3.449881716796215,0.04000024333268445,4.287229714955316,0,0,0,0,0,0,0,0,0,0,0,0,0,0.11000102632705859,0.0999991128800939,0.20453078096210128,0.09999907416837174,0.059999504330908685,0.08,0.19999999999999998,0.27000197225691935,0.3700000539241367,0.050001046594381884,0.11999920480298995,0.5399887694529119,0.0699995133346311,0.0988580044105934,0.17000150876159412,0.22000061787512745,0.13000055934668306,0.20000060406718437,0.27582600960157344,0.14132807768328093,0.02,0.06999957368764619,0,0,0,0.12000008010561482,0.10003821699153669,0.3000032522440484,0.28000351947442514,0.31999803036814206,0.2999988382494743,0.3799917429815343,0.29999622075811594,0.21999790500354985,0.1999929809784516,1.2100062677432437
KAZ,0.2345180925475894,0.23000195071200988,0.790001190216421,0.3100728390855655,1.100009124920157,1.7700028876696505,1.1842954239358536,1.3997954018336283,1.892872665450341,0.20999964717606887,0.22000024286111985,0.22984559386580863,0.12739297058753332,0.7299442067679023,0.015708951849309972,0.00888466412734302,0.0071185728801959796,0.18999585234342595,0.019999999999999997,1.6886973699762509,0.48999704054453974,1.4690535751025358,1.9573284923803198,2.800029199922134,1.6799604942512696,3.2499155119972962,3.700040150381429,0,0.32000140385357806,3.4607270574104385,0.04000023548250366,4.287229714955316,0,0,0,0,0,0,0,0,0,0,0,0,0,0.10999995632634701,0.09999985095337671,0.1598819159287104,0.0999991111980162,0.07999923879120044,0.08000153039752077,0.19999563928135358,0.2699969227613088,0.3700000539241367,0.050000461757872636,0.12,0.43000775463272456,0.06999707632985619,0.12580769476616857,0.16999880735252623,0.2199988002519471,0.1300005070222583,0.20000143305997714,0.2432093191498179,0.16183860910388828,0.020000267873884973,0.06999893688649492,0,0,0,0.12030219024526133,0.1006499658175312,0.3,0.28000298829229764,0.31998821623214024,0.2999942502299908,0.3799981750159686,0.30000553036168565,0.22000634786288617,0.19999986528350944,1.209998821621472
KEN,0.6986434735742206,0.34999857976736587,1.3299996349965324,0.8219881818425349,1.100001310629518,1.7699794692418829,1.1687169635719317,1.3987259008838475,1.8382134580447362,0.21000013873666395,0.27333346888565824,0.15999937645169837,0.12375149053133652,1.3805205983001896,0.020000665302795935,0.00888466412734302,0.0071185728801959796,0.07999927000194668,0.020000317389786394,1.8583613683051,0.4900114062245397,2.0521690709480107,2.0778843328108443,2.4919534127484484,1.9264069264069263,3.2499874036775838,3.700040150381429,0,0.37999122614608466,3.510011471477735,0.03999993537990197,4.287229714955316,0,0,0,0,0,0,0,0,0,0,0,0,0,0.1300015535187199,0.09799961415101165,0.16068803291292394,0.1,0.15999795060969363,0.08999903585251298,0.19999999999999998,0.29000070583252946,0.37001616608525484,0.04,0.11666358851232801,0.24000114600045838,0.0700002190004818,0.16029720364424146,0.21999964564766744,0.21999864369998645,0.1582897610695612,0.22999434069043576,0.2520293657735019,0.16502941519181857,0.019999577287666312,0.07,0,0,0,0.12000219492153992,0.11219911730831467,0.3299900481979433,0.30999663817116513,0.3299978347613598,0.2999940489178949,0.399997079993576,0.29999679743864066,0.2199993181046083,0.19999986528350944,1.209998821621472
KGZ,0.23451817547760234,0.23000205634382068,0.7900135051282987,0.3100709652606144,1.0999854000389333,1.770005367686527,1.2595641682059227,1.3997954018336283,1.4787431254385008,0.20999964717606887,0.22000007726400436,0.22984559386580863,0.12739297058753332,0.7299442067679023,0.015708951849309972,0.00888466412734302,0.0071185728801959796,0.19000000000000003,0.020000280772686434,1.8200167901595066,0.48998755703027785,1.4690535751025358,1.9644014959608103,2.763904848138176,1.680009733544227,3.2499874036775838,3.700040150381429,0,0.3229491836744078,3.4607270574104385,0.039999999999999994,3.469957884885353,0,0,0,0,0,0,0,0,0,0,0,0,0,0.11000031525316042,0.1,0.17469261380829204,0.09999999999999999,0.0799994671497842,0.08000068868151923,0.20000392472379758,0.2700029732140444,0.3700000539241367,0.049999026667156936,0.12000040896450187,0.43000962618321836,0.0699997423543658,0.10725005595937245,0.1700016593414542,0.22000143057130886,0.12999884352954783,0.2,0.24091017350911612,0.17292492060638742,0.02,0.06999726252395291,0,0,0,0.12046663212756441,0.1020545429482826,0.2999905687069698,0.279992315819806,0.3200045156920298,0.3000153578376164,0.37999124023651365,0.29999679743864066,0.2200010579771477,0.19999986528350944,1.209998821621472
KHM,0.234517434419,0.230000343179,1.17256470078,0.46071850044,1.09998449604,1.76999559335,1.25956416821,1.39979540183,1.84950659842,0.20999904297,0.219998808728,0.243281472371,0.15492905127,0.596619517763,0.0157089518493,0.00888466412734,0.0199999145919,0.189998995592,0.019999943979,1.78289638153,0.560319599024,2.93562895978,2.47475382246,2.80000576354,1.68003231002,3.24998878609,3.70004015038,0,0.321963659547,3.45358618915,0.0400004651313,4.28722971496,0,0,0,0,0,0,0,0,0,0,0,0,0,0.11186502808,0.10407840563,0.181321265033,0.100000140487,0.0666266646593,0.080039517182,0.199996721446,0.270001325097,0.370000053924,0.0500008109202,0.120000887039,0.430458605745,0.0699995457776,0.123743731528,0.170001646296,0.219995819948,0.129999672323,0.199998680385,0.247578279312,0.155620251097,0.0199999901387,0.0700004110328,0,0,0,0.122502111854,0.0618911052397,0.299998409768,0.28113930913,0.320003792487,0.299993982475,0.387999565665,0.300000461418,0.220001114138,0.200001126867,1.20999882162
KIR,0.234517434419,0.230000343179,1.17256470078,0.46071850044,1.09998449604,1.76999559335,1.25956416821,1.39979540183,1.84950659842,0.20999904297,0.219998808728,0.243281472371,0.15492905127,0.596619517763,0.0157089518493,0.00888466412734,0.0199999145919,0.189998995592,0.019999943979,1.78289638153,0.560319599024,2.93562895978,2.47475382246,2.80000576354,1.68003231002,3.24998878609,3.70004015038,0,0.321963659547,3.45358618915,0.0400004651313,4.28722971496,0,0,0,0,0,0,0,0,0,0,0,0,0,0.11186502808,0.10407840563,0.181321265033,0.100000140487,0.0666266646593,0.080039517182,0.199996721446,0.270001325097,0.370000053924,0.0500008109202,0.120000887039,0.430458605745,0.0699995457776,0.123743731528,0.170001646296,0.219995819948,0.129999672323,0.199998680385,0.247578279312,0.155620251097,0.0199999901387,0.0700004110328,0,0,0,0.122502111854,0.0618911052397,0.299998409768,0.28113930913,0.320003792487,0.299993982475,0.387999565665,0.300000461418,0.220001114138,0.200001126867,1.20999882162
KOR,0.23451893062285445,0.2299999701379074,1.3300121666502251,0.3100738441598308,1.100010950104026,1.7699982019124638,1.1842634690527722,1.3997954018336283,1.966148074719978,0.21000564881736936,0.21999823613360486,0.24999690888633358,0.12739297058753332,0.032582863912192055,0.015708951849309972,0.00888466412734302,0.019999845828900915,0.18999912522416132,0.019999999999999997,1.8199765131558068,0.4900109502372551,3.0778824213923808,1.4888940831104656,2.799995344398147,1.6800019210450485,3.2500253472574268,3.700040150381429,0,0.3200061769123861,3.45007423904974,0.039999999999999994,3.470042617197292,0,0,0,0,0,0,0,0,0,0,0,0,0,0.11000084048524014,0.09999928448257359,0.24682463108533015,0.09999884762091338,0.05999847758240086,0.08000000000000002,0.20000392472379758,0.27000041567942806,0.3700000539241367,0.05,0.12000000000000001,0.4304586057445289,0.07000130941469163,0.09634187381386476,0.169998457844066,0.22000142587245572,0.12999938780167,0.1999985932186103,0.20809687694577217,0.14006718791383607,0.02,0.07,0,0,0,0.12050538523553495,0.10008603174952979,0.29999242137173177,0.2799994347062121,0.3199998462998613,0.3,0.3800025539522411,0.2999991372393384,0.21999967875442383,0.19999771876996075,1.2100009577865969
KWT,1.2772014597809722,0.23000017085352728,0.7899990875079843,1.2700009864851534,1.100001310629518,1.7699982019124638,1.2595641682059227,1.3997954018336283,1.8400535385644974,0.20999964717606887,0.2200004919968512,0.2500040882405848,0.12739297058753332,0.7299442067679023,0.019999778787979337,0.00888466412734302,0.0071185728801959796,0.19000304167089122,0.02000033181803099,1.8199891279024616,0.4899854001277489,0.8728333990167274,2.2920218073100918,2.763904848138176,1.6799890500958115,3.2499816325031223,3.700040150381429,0,0.32000618429189853,3.449990519529769,0.039999587569339905,3.469975081598989,0,0,0,0,0,0,0,0,0,0,0,0,0,0.11000011390083793,0.09999982845016735,0.16906324873723874,0.09999936541915122,0.07999967803731547,0.0800002334512262,0.1999978195931361,0.2699993419465222,0.3700000539241367,0.04999973423622147,0.11999845258128786,0.43000185885122993,0.06999833935317806,0.14305164136336815,0.16999977853077314,0.21999853627055044,0.13038939149838633,0.20000018167795947,0.22000000000000003,0.182835039988041,0.02,0.06999908750798431,0,0,0,0.11999972143294892,0.10327818510700124,0.29999532316902067,0.279992750996738,0.3199995195022043,0.30000000000000004,0.3799944557383108,0.3,0.22000339097999322,0.19999986528350944,1.209998821621472
LAO,0.23451539502575539,0.22999995726258296,0.8576872397319335,0.3100709081605302,1.100001310629518,1.7699982019124638,1.2595641682059227,1.3997954018336283,1.8399845320959012,0.20999943228052914,0.22000077044570285,0.24999882324699105,0.12739297058753332,0.7299442067679023,0.015708951849309972,0.00888466412734302,0.02000014958975011,0.18999866927741763,0.02000019691389185,1.8299917746247172,0.7009750391510209,2.829980369061641,2.089006840383541,2.800053790294694,1.6800152953036467,3.2499874036775838,3.700040150381429,0,0.3229491836744078,3.4499822345683002,0.03999993537990197,4.287229714955316,0,0,0,0,0,0,0,0,0,0,0,0,0,0.1155964262980251,0.11223275215716395,0.19259700160079413,0.10000127857072841,0.05999931686989787,0.08000163974747888,0.1999978152445725,0.26999975303502316,0.3700000539241367,0.05,0.12000000000000001,0.4304586057445289,0.06999912399807279,0.12341189262277578,0.17000373314394457,0.21999037553246475,0.13000092517941875,0.19999397517773226,0.2536867586466888,0.14728781365590324,0.020000138205992737,0.06999957368764619,0,0,0,0.12100406811315344,0.034897561321423506,0.2999994734264666,0.2834282371618454,0.32000494916792116,0.2999962215672939,0.3819993484968433,0.29999679743864066,0.2200010579771477,0.19999986528350944,1.209998821621472
LBN,1.27720099115356,0.2300003138436431,0.790002433343762,1.2700080121071844,1.100001310629518,1.7699732338389165,1.2595641682059227,1.3997954018336283,1.8158274135025485,0.21000282442913942,0.21999980542315598,0.25,0.12739297058753332,0.2771867775439081,0.015708951849309972,0.00888466412734302,0.0071185728801959796,0.18999990227599214,0.02,1.8200230528569077,0.4900010281719104,0.7971502772175537,2.38047692181524,2.800029199922134,1.679993177554153,3.2499874036775838,3.700040150381429,0,0.3199969481956207,3.4500155162477277,0.04000055302852245,3.469957884885353,0,0,0,0,0,0,0,0,0,0,0,0,0,0.10999991775256132,0.1000011038624146,0.16101169225171091,0.10000256833922624,0.08000170511160488,0.08000324096580781,0.1999978152445725,0.2699991003289666,0.3700000539241367,0.05000079572641865,0.12000151737393151,0.42999999999999994,0.06999857262290736,0.11293487418295212,0.16999984985661307,0.2200105586297245,0.12999999999999998,0.19999947764449008,0.2536867586466888,0.16899375711794234,0.02,0.07000198373338623,0,0,0,0.12000247930497714,0.11278231186581537,0.3000096095326564,0.2800070775880591,0.31999198517256927,0.3000062478523008,0.37999329838921997,0.30000553036168565,0.21999924431345877,0.19999986528350944,1.209998821621472
LBR,0.698643591168,0.350000617223,1.00301317561,0.820866500175,1.10000288723,1.76999315101,1.17572498957,1.39872788314,1.83442952133,0.209999301127,0.273333071835,0.176118401214,0.12515085567,0.730037708114,0.0166992086195,0.00888466412734,0.0071185728802,0.0882338134471,0.0200000070631,1.79309974874,0.538685110106,2.22365965054,2.07675404825,2.5965130645,1.91172677232,3.24998740368,3.70004015038,0,0.366832960517,3.49104097678,0.040000062601,4.66234136842,0,0,0,0,0,0,0,0,0,0,0,0,0,0.129999464904,0.101284191082,0.169612890789,0.0999999588663,0.135349177109,0.0869597339501,0.199997602608,0.28864774256,0.370000363463,0.0407598888013,0.117092672623,0.342554749036,0.0846243882295,0.146926302802,0.219999187099,0.21999929681,0.156143393132,0.229999104302,0.248381512519,0.15932303758,0.0200001606468,0.069999986898,0,0,0,0.120823667415,0.118212944524,0.329997319607,0.29773574502,0.32999964987,0.29884281168,0.390307680489,0.299997577049,0.219999585777,0.199999875646,1.20999882162
LCA,0.23451843175004491,0.2300005887085696,0.8576872397319335,0.3100724228260311,1.100001310629518,1.769992428213641,1.2595641682059227,1.3997954018336283,1.8158274135025485,0.21000165796236425,0.21999909164911105,0.25000172431630857,0.20999395901423504,0.20638887433673356,0.015708951849309972,0.00888466412734302,0.0071185728801959796,0.1899978529583167,0.02000036500346753,1.8200105627604013,0.48999934529265415,0.6618725824631705,2.089006840383541,2.7998905009581163,1.6799959444388117,3.249969276146,3.700040150381429,0,0.31999497343099237,3.4607270574104385,0.04000060832801046,3.4700514740290127,0,0,0,0,0,0,0,0,0,0,0,0,0,0.10999916001679966,0.09999736727789699,0.16922725738686395,0.0999998134088157,0.07999848128179816,0.08000053218381628,0.19999999999999998,0.270000141602277,0.36999910297811267,0.05,0.12,0.4299941580660417,0.06999947624783952,0.11267137490492962,0.16999953080279642,0.2200057131974862,0.13000157211994,0.20000033105512233,0.2536867586466888,0.13930660267045777,0.020000138205992737,0.0700024333860567,0,0,0,0.12000218966509668,0.10259004564710977,0.2999929263634435,0.28000123145126526,0.32,0.3,0.37999329838921997,0.29999446963831433,0.2199985306002498,0.19999986528350944,1.209998821621472
LKA,0.549847368931098,0.9100001275989043,0.8576872397319335,1.3899938691418225,1.100001310629518,1.7700113151074934,1.354268527801342,1.3997954018336283,1.9479354035302723,0.2100013750744832,0.3000024122251571,0.2700003208521834,0.12739297058753332,0.7299442067679023,0.020000350575820783,0.00888466412734302,0.0071185728801959796,0.13499510371227633,0.02000019691389185,1.3000108956199607,1,0.9268956612097785,3.4889815620201463,2.763904848138176,1.6800014600138702,3.2499874036775838,3.700040150381429,0,0.31999983055568204,3.4499618029029797,0.04000073000693506,3.7299953205428173,0,0,0,0,0,0,0,0,0,0,0,0,0,0.14999541158116916,0.15999842518254254,0.5094269607540816,0.1,0.0800018533963488,0.08011729439778292,0.1999978152445725,0.2724145707404766,0.3699997761010233,0.049999999999999996,0.11999794541656679,0.5399995989009887,0.8199667723908776,0.2927128572458054,0.16999999999999998,0.21999279167953867,0.13000057362473472,0.18000070025559328,0.2536867586466888,0.16955148241307308,0.0200005178395733,0.06999957368764619,0,0,0,0.12001205560557708,0.09450733844309107,0.29998955286251566,0.2800032745729411,0.12999874599280392,0.12999629217649242,0.3799911937150935,0.29999446963831433,0.2200010579771477,0.2,1.209998821621472
LSO,0.698643491596,0.349999768407,1.12757447026,0.820218419782,1.10000161587,1.76999589316,1.18820047102,1.39895440966,1.83235013939,0.209999973851,0.273332457358,0.159999874072,0.125051330197,0.768933325181,0.0178544347179,0.00888466412734,0.0071185728802,0.0800006825104,0.0200001358468,1.83412440292,0.550279495649,2.24268438802,2.25799077909,2.5501840497,1.92640568801,3.24999246812,3.70004015038,0,0.367773260121,3.4888815097,0.0400001368852,4.92583229524,0,0,0,0,0,0,0,0,0,0,0,0,0,0.130000231176,0.0990167397599,0.193031616299,0.0999996926835,0.125662411032,0.088587211596,0.200000234889,0.288744470889,0.370001267344,0.0399994663049,0.116666060271,0.294417310129,0.069999772336,0.145794723586,0.22000072051,0.219999542956,0.15629829765,0.229998971948,0.247536992574,0.158313464171,0.0200000685182,0.0700000789892,0,0,0,0.1209029676,0.114957834482,0.330001252492,0.308100115054,0.330000774743,0.300001358035,0.397426350368,0.299998452304,0.219999896972,0.199999865284,1.20999882162
LTU,0.2345181234255351,0.22999538116642446,0.7899983459226995,0.3100675108110631,1.099998431233103,1.769991144300041,1.2595641682059227,1.3997954018336283,1.3838827963948683,0.20999964717606887,0.2199999140839753,0.22984559386580863,0.12739297058753332,0.7299442067679023,0.015708951849309972,0.00888466412734302,0.0071185728801959796,0.19000050843058183,0.02,1.6886973699762509,0.4899988918439716,1.4690535751025358,2.0027766695458507,2.7998905009581163,1.6799774050577907,3.2499874036775838,3.700040150381429,0,0.319996696808291,3.4607270574104385,0.03999918890420958,4.287229714955316,0,0,0,0,0,0,0,0,0,0,0,0,0,0.1100005898506367,0.09999864702141766,0.20013481768158875,0.09999919730938105,0.08000134898151895,0.07999867562824885,0.20000392480081633,0.2700030371545237,0.3700058090750662,0.05,0.12000152276534187,0.43000911577028256,0.06999984791568445,0.09688233592194218,0.17,0.21999911732903765,0.1300002782675568,0.20000098565138005,0.4263609180926709,0.1493255664616337,0.019999324689357105,0.06999857078463922,0,0,0,0.12356973993754801,0.10008288127911193,0.3000019649067652,0.2800048943882779,0.31999929095195606,0.29999206538125844,0.37999811613997087,0.3,0.21999776197597176,0.20000608337262177,1.209998821621472
LUX,0.2345183496846596,0.2300017056114617,0.7899929661806361,0.31006951639946495,1.10000348727725,1.769989783533151,1.2595641682059227,1.3997954018336283,1.2981930395079213,0.20999964717606887,0.21999974607326103,0.24999769574634775,0.12739297058753332,0.7299442067679023,0.015708951849309972,0.00888466412734302,0.0071185728801959796,0.19000044772205413,0.02000064036885246,1.8199482560573694,0.7009750391510209,1.4690535751025358,2.089006840383541,2.800029199922134,1.6799766406307033,3.2499874036775838,3.7000401503814286,0,0.319996880361878,3.4607270574104385,0.040000583992758486,4.287229714955316,0,0,0,0,0,0,0,0,0,0,0,0,0,0.10999921686931592,0.0999978038549666,0.18438804440497067,0.10000014992001767,0.08000054650781505,0.07999947228159054,0.2,0.27000162946064854,0.3700087231490568,0.04999976557481836,0.12000050048171365,0.4300022920009168,0.07000081869908716,0.08622687421501339,0.1699997186080188,0.22,0.12999954154295068,0.19999952369725243,0.2716364488761867,0.15370655142344683,0.02,0.06999985686271702,0,0,0,0.12542117558737387,0.10125718067051917,0.3000057743388382,0.2800053362583935,0.31999861497443477,0.3000104405930257,0.3800037436157981,0.2999919852528653,0.21999617023313706,0.20000540737836778,1.209998821621472
LVA,0.23451864525685967,0.22999767639996901,0.7900003074824962,0.3100696410509555,1.0999983045798143,1.7700028856877688,1.2595641682059227,1.3997954018336283,1.4833447770334216,0.20999964717606887,0.21999983187590763,0.22984559386580863,0.12739297058753332,0.7299442067679023,0.015708951849309972,0.00888466412734302,0.0071185728801959796,0.189998263874536,0.01999932409597837,1.6886973699762509,0.7009750391510209,1.4690535751025358,1.891628393792484,2.800029199922134,1.6800115874855157,3.2499874036775838,3.700040150381429,0,0.3199865718558305,3.4499947856919384,0.040001569920326545,3.469973483075963,0,0,0,0,0,0,0,0,0,0,0,0,0,0.1100011295038968,0.09999859911604222,0.1779795804934839,0.1000022341875377,0.08000000000000002,0.08,0.1999974679057048,0.2699999257405523,0.36999799451835014,0.05,0.11999885491812665,0.43000752068187514,0.06999999999999999,0.10637900076786098,0.16999866719978676,0.22000102978657674,0.13000032460857616,0.20000055324422414,0.2536867586466888,0.15495090914362916,0.02000077824039846,0.06999962200676609,0,0,0,0.12007259469496406,0.10057738789719674,0.3000035294532877,0.2799923811596963,0.3199998122480016,0.299988798028453,0.3800012425447316,0.2999966818196901,0.21999770009199632,0.19999999999999998,1.209998821621472
MAR,0.3618001752932914,0.23000365007908508,0.7899995109509371,0.3100712802001051,1.1000121669302836,1.7700190925426775,1.1842973480893715,0.45725607693422893,1.8158274135025485,0.20999964717606887,0.2200005338600753,0.2500046087196977,0.12739297058753332,0.7299442067679023,0.015708951849309972,0.00888466412734302,0.0071185728801959796,0.19000156429241838,0.020000214707461085,1.8199887181869463,0.48998596162845104,1.6049381956829223,2.6087833482172487,2.763904848138176,1.68000146001387,3.2499874036775838,3.700040150381429,0,0.31999672434165116,3.45006590286931,0.04,4.287229714955316,0,0,0,0,0,0,0,0,0,0,0,0,0,0.11000056565254877,0.10000031883281682,0.18731828497597858,0.1,0.07999819151822044,0.0800027114967462,0.20000297159158448,0.27000210029213156,0.3700000539241367,0.04999921058032871,0.11999859115243731,0.4299968264043161,0.07000115021364153,0.11894854854195536,0.17000147195917767,0.21999662008912288,0.13,0.19999886008059228,0.7639695241494343,0.1774857231650122,0.02000022782676053,0.06999908750798431,0,0,0,0.12000125976281222,0.1035581296151252,0.3,0.2800051921079959,0.32000064526016087,0.3,0.38000180885564033,0.2999957459480155,0.2200010579771477,0.19999986528350944,1.209998821621472
MDA,0.23451828867265892,0.2300025886616619,0.7900230532786885,0.31007193145469875,1.1000030931980576,1.7700009864851531,1.2595641682059227,1.3997954018336283,1.8158274135025485,0.20999964717606887,0.22000006457674784,0.22984559386580863,0.12739297058753332,0.7299442067679023,0.015708951849309972,0.00888466412734302,0.0071185728801959796,0.18999897543608,0.02,1.6886973699762509,0.48999821077115757,1.4690535751025358,1.9364118783448823,2.763904848138176,1.6799968261525036,3.2499874036775838,3.700040150381429,0,0.3199901733698322,3.4499498129391366,0.040001327316166714,4.287229714955316,0,0,0,0,0,0,0,0,0,0,0,0,0,0.10999977051964188,0.09999924618001724,0.164657753608234,0.09999999999999999,0.07999887823209378,0.07999999999999999,0.20000392480081636,0.26999813014210916,0.3700000539241367,0.049999999999999996,0.12000102241648133,0.42999819505444925,0.0699987649225968,0.0885419665569307,0.17,0.22000173777044052,0.12999994104712104,0.20000073624419748,0.2848097656630839,0.1416650314205796,0.02,0.06999951333463111,0,0,0,0.1200466319577614,0.1086903512507278,0.2999982167376999,0.28000247877548495,0.32,0.3,0.3800045422101097,0.29999446963831433,0.2200010579771477,0.19999986528350944,1.209998821621472
MDG,0.6986397337848095,0.3500000176499015,0.8576872397319335,0.8219890472989395,1.100010950104026,1.7699982019124638,1.2595641682059227,1.3987161825482899,1.8400141894288755,0.2099999519483898,0.27333024080991564,0.15999981894840706,0.12739297058753332,0.22018615702967026,0.02000067444526877,0.00888466412734302,0.0071185728801959796,0.07999854003941895,0.019999999999999997,1.8583668451115494,0.4899746934008175,2.3503558571045176,2.6308921128372136,2.4919151731941453,1.9264000417144647,3.2499874036775838,3.700040150381429,0,0.38,3.4607270574104385,0.03999993537990197,4.287229714955316,0,0,0,0,0,0,0,0,0,0,0,0,0,0.12999899291328984,0.0979992449981125,0.15551668685111425,0.09999999999999999,0.16000135321049191,0.09000045211022448,0.19999999999999998,0.2899994949558718,0.3700000539241367,0.04000085829542528,0.11666695473322157,0.4304586057445289,0.07,0.1061573091006586,0.21999798305768453,0.21999685830977064,0.15829038449097538,0.22999469150812543,0.2518117127155306,0.1677905339551083,0.020000138205992737,0.06999957368764619,0,0,0,0.12865136466765312,0.1100043694522013,0.32999355323949714,0.31000443327914884,0.329995274305108,0.2999942915857975,0.3999955076874699,0.29999446963831433,0.2199993181046083,0.19999999999999998,1.209998821621472
MDV,1.2772006634713542,0.23000011446493365,0.7900135051282987,1.269998986109703,1.100001310629518,1.7700450176420488,1.144346389026607,1.3997954018336283,1.8158274135025485,0.2099906410856341,0.22000092313728203,0.25,0.21000424422482267,0.1758597228942592,0.015708951849309972,0.00888466412734302,0.0071185728801959796,0.19000018341556466,0.02000054073783678,1.8199653253034034,0.48998996258782734,2.209382733008961,2.247762678935535,2.800029199922134,1.6799979142767754,3.249991550914191,3.700040150381429,0,0.31999908145222405,3.4499498129391366,0.039999151175621764,4.287229714955316,0,0,0,0,0,0,0,0,0,0,0,0,0,0.10999905830993192,0.09999946494784134,0.18204718659522526,0.10000088437660293,0.07999936566335755,0.07999848645376116,0.19999999999999998,0.2700010210183929,0.3700000539241367,0.05000120700892842,0.11999621661954957,0.4299922236319732,0.0700004273139048,0.08788623873648758,0.16999712616150972,0.22,0.13000173822353553,0.2,0.2298399950191343,0.1532605411070756,0.020000138205992737,0.06999957368764619,0,0,0,0.12004470494252692,0.11546510693918087,0.30000000000000004,0.27999359648721583,0.32000021769833,0.2999993218132002,0.37999869058530833,0.3000041477139183,0.21999564365062077,0.19999986528350944,1.209998821621472
MEX,0.23451868750541977,0.2300012717792191,0.8576872397319335,1.2699997636622893,1.100010950104026,1.7700430191630816,1.2595641682059227,1.3997954018336283,1.8387960869492221,0.21000282442913942,0.2200006503336573,0.25,0.12739297058753332,0.17705352770557878,0.015708951849309972,0.020000561537489647,0.019999898498282084,0.19000064035021336,0.020000561537489647,1.8199939492124215,0.4900146000625717,0.7745216585004393,2.1245980542149514,2.7998905009581163,1.6800228808019178,3.2498817167962146,3.700040150381429,0,0.32000140385357806,3.4500779772372825,0.0400016846361186,4.287229714955316,0,0,0,0,0,0,0,0,0,0,0,0,0,0.11000186814538729,0.09999809500223837,0.17792116768690713,0.10000066302445235,0.07999891514636483,0.07999895172702971,0.2,0.2700011048755491,0.3700000539241367,0.04999970722395611,0.11999951950220428,0.5399999999999999,0.06999936986704194,0.2084678896476511,0.1700010836018927,0.2200009965618616,0.1300019536039837,0.1800001947780018,0.2463088809781518,0.156318397095766,0.01999911909795631,0.0700024333860567,0,0,0,0.11999887219085201,0.03770990677097967,0.3,0.2849972113775795,0.32000661649160533,0.30000000000000004,0.38000863930885526,0.29999497243216977,0.2200011136477532,0.19999771876996075,1.209998821621472
MKD,0.2345182752914522,0.23000367627750645,0.8576872397319335,0.3100716328751867,1.0999585234342597,1.7700279833206138,1.2595641682059227,1.3997954018336283,1.8158274135025485,0.20999964717606887,0.2199999492438604,0.22984559386580863,0.12739297058753332,0.7299442067679023,0.015708951849309972,0.00888466412734302,0.0071185728801959796,0.1899977187415749,0.01999932409597837,1.820000505190836,0.4900114062245397,1.6300948925859244,1.9892587367845216,2.7999449073755254,1.679987910912726,3.2499874036775838,3.700040150381429,0,0.32,3.4499459520166216,0.039999570589687714,3.469973483075963,0,0,0,0,0,0,0,0,0,0,0,0,0,0.1100000949933395,0.1000002591351623,0.16101875539908767,0.10000079036388353,0.08,0.07999920537168739,0.19999563928135358,0.2700001425780971,0.3699982689977497,0.04999871170544433,0.1199987553287488,0.43000775463272456,0.0699994892581707,0.08417542820002168,0.17000056256981894,0.21999704840613932,0.12999890187263016,0.19999999999999998,0.2536867586466888,0.16156358210097377,0.019999567833875343,0.0699995133346311,0,0,0,0.11999977069621148,0.10625070387373974,0.29999406422508457,0.27999599786552826,0.32000700361853623,0.2999921439233247,0.37999805333852443,0.3000041477139183,0.2200010579771477,0.19999986528350944,1.209998821621472
MLI,0.698643532627478,0.35000019010418976,0.8576872397319335,0.8184499446859727,1.100001310629518,1.7699982019124638,1.1687382753403934,1.3987256101430638,1.8399260628465801,0.20999900680339673,0.2733311935987102,0.15999945046641664,0.12374959367544328,0.7299442067679023,0.015708951849309972,0.00888466412734302,0.0071185728801959796,0.07999791427677547,0.019999999999999997,1.6886973699762509,0.49000417144644903,2.02327097020573,1.8998250640815488,2.4919137466307277,1.9264375561545375,3.2499874036775838,3.700040150381429,0,0.38000561541431227,3.5099917875718587,0.03999993537990197,5.099848609964217,0,0,0,0,0,0,0,0,0,0,0,0,0,0.1300031991225264,0.09800034642699051,0.09847599795103432,0.1,0.15999822385364557,0.08011729439778292,0.1999978152445725,0.28999925820231875,0.3700000539241367,0.04,0.11666335334579142,0.4304586057445289,0.0700002190004818,0.12737630126865596,0.21999863693533497,0.219998932251348,0.1582900615867649,0.22999393310761884,0.24905325874024958,0.15443760921241,0.020000138205992737,0.06999957368764619,0,0,0,0.120001220703125,0.13016014869378215,0.33000662972960176,0.2834282371618454,0.3300044189129474,0.2999951910360913,0.399997079993576,0.29999679743864066,0.2199993181046083,0.19999986528350944,1.209998821621472
MLT,0.23451838173511955,0.2299991760731647,0.7900135051282987,0.3100760596359945,1.0999959444662242,1.7700134010438708,1.2595641682059227,1.3997954018336283,1.8158274135025485,0.20999964717606887,0.22000014400794923,0.25000844927617866,0.12739297058753332,0.7299442067679023,0.015708951849309972,0.00888466412734302,0.0071185728801959796,0.18999996927605162,0.0200005840012848,1.820019956935035,0.48998596162845104,1.7853482206187161,2.337323964777962,2.799981750159686,1.6799700822737473,3.2500253472574268,3.700040150381429,0,0.32000905728734247,3.4500326981278424,0.040000269371153044,4.287229714955316,0,0,0,0,0,0,0,0,0,0,0,0,0,0.11000005783807074,0.10000054247880265,0.18061182201904274,0.09999979690936674,0.08000104995143975,0.08000068868151923,0.1999978899280993,0.2699997262498973,0.3700000539241367,0.049998583074350816,0.12000187108242118,0.43000668513036006,0.07,0.09767571166654256,0.1699985717918439,0.21999827303341682,0.130000535116595,0.2,0.3048574301744809,0.13791796255241193,0.020000138205992737,0.07000331821701139,0,0,0,0.12014565794278347,0.10645829507415673,0.30000308670555914,0.27999454467521334,0.3200021165327666,0.30000000000000004,0.37999664373216985,0.29999392281981163,0.2199992867586748,0.2,1.209998821621472
MMR,0.234517434419,0.230000343179,1.17256470078,0.46071850044,1.09998449604,1.76999559335,1.25956416821,1.39979540183,1.84950659842,0.20999904297,0.219998808728,0.243281472371,0.15492905127,0.596619517763,0.0157089518493,0.00888466412734,0.0199999145919,0.189998995592,0.019999943979,1.78289638153,0.560319599024,2.93562895978,2.47475382246,2.80000576354,1.68003231002,3.24998878609,3.70004015038,0,0.321963659547,3.45358618915,0.0400004651313,4.28722971496,0,0,0,0,0,0,0,0,0,0,0,0,0,0.11186502808,0.10407840563,0.181321265033,0.100000140487,0.0666266646593,0.080039517182,0.199996721446,0.270001325097,0.370000053924,0.0500008109202,0.120000887039,0.430458605745,0.0699995457776,0.123743731528,0.170001646296,0.219995819948,0.129999672323,0.199998680385,0.247578279312,0.155620251097,0.0199999901387,0.0700004110328,0,0,0,0.122502111854,0.0618911052397,0.299998409768,0.28113930913,0.320003792487,0.299993982475,0.387999565665,0.300000461418,0.220001114138,0.200001126867,1.20999882162
MNE,0.2345185038132579,0.23000067281168002,0.7899899625878273,0.3100752135299367,1.09998440180939,1.7700113151074934,1.2595641682059227,1.3997954018336283,1.8158274135025485,0.20999964717606887,0.22000016396432956,0.25,0.12739297058753332,0.7299442067679023,0.015708951849309972,0.00888466412734302,0.0071185728801959796,0.1899999865858059,0.020000380213680086,1.8199956943792077,0.49000211595429544,1.4690535751025358,1.8367359842004423,2.763904848138176,1.6800306134463674,3.249969020018701,3.700040150381429,0,0.31999122614608466,3.4499498129391366,0.04000102817191035,4.287229714955316,0,0,0,0,0,0,0,0,0,0,0,0,0,0.110000112064908,0.09999929468687623,0.16467918917444163,0.1000007015992956,0.07999927749580045,0.08000135034771454,0.19999042787403085,0.26999895529617357,0.3700000539241367,0.04999981315116818,0.11999265987705293,0.4299953205428171,0.06999900966031349,0.0946523388777613,0.1699977734410813,0.22,0.13000054954113316,0.19999999999999998,0.2536867586466888,0.14741026874286056,0.02,0.07000036500346754,0,0,0,0.11999753066398573,0.1034317160819324,0.3000044442469223,0.27999599786552826,0.319996598494834,0.3,0.37999380613192935,0.2999930872390433,0.220006373486297,0.19999986528350944,1.209998821621472
MNG,0.23451840839193425,0.2300010138902971,1.3299990759563851,0.7620138773498206,1.099950866849161,1.7699832104533177,1.2595641682059227,1.3997954018336283,1.8464362963877299,0.20999844813443588,0.21999972822763653,0.22984559386580863,0.12739297058753332,0.7299442067679023,0.015708951849309972,0.00888466412734302,0.019999940650353428,0.1900010045876168,0.019999270019709466,1.6886973699762509,0.4899846704138988,3.313671999698546,2.4453456462650753,2.799981750159686,1.6800314465408805,3.2499874036775838,3.700040150381429,0,0.3229491836744078,3.4607270574104385,0.04000073000693506,4.287229714955316,0,0,0,0,0,0,0,0,0,0,0,0,0,0.1099982244874513,0.1,0.16709343834529153,0.09999914288897842,0.07987996664102098,0.08011729439778292,0.19999439320456391,0.2700043043150759,0.3700000539241367,0.0500004640242035,0.12000040896450187,0.4304586057445289,0.07,0.08447291663263604,0.17000017221485525,0.22000022600054037,0.12999947854200344,0.2,0.23935746684415518,0.17797607363725784,0.01999948909211669,0.06999957368764619,0,0,0,0.12000043342579753,0.1158776800076101,0.29999575587810884,0.279992315819806,0.32000494916792116,0.2999886647018816,0.3819993484968433,0.29999679743864066,0.2199993181046083,0.19999986528350944,1.209998821621472
MOZ,0.6986440318609144,0.35000000000000003,1.329957112875262,0.8219879052054233,1.100001310629518,1.7699982019124638,1.1687518599190263,1.3987261801566195,1.8399866462937045,0.21000006157926174,0.2733318060517501,0.1600005151543934,0.12739297058753332,1.4099686265243703,0.019999519115171917,0.00888466412734302,0.0071185728801959796,0.07999791427677547,0.019999999999999997,1.85835625,0.7009750391510209,2.640545712154092,2.612671362232542,2.491848487306351,1.9264414748824548,3.2499874036775838,3.700040150381429,0,0.379997920241252,3.4607270574104385,0.03999993537990197,5.100088389746789,0,0,0,0,0,0,0,0,0,0,0,0,0,0.12999758441894038,0.09800006685013314,0.13317980600326923,0.1,0.16000327909169162,0.0899996375366994,0.1999978152445725,0.29000112427305524,0.3700000539241367,0.03999918890420959,0.11666666666666667,0.4304586057445289,0.06999912399807279,0.10821512366193507,0.21999544263415746,0.21999779334694103,0.15828606469415912,0.22999835607430544,0.2536867586466888,0.15199634999220543,0.020000138205992737,0.06999957368764619,0,0,0,0.12,0.11278652439248558,0.33001467499208703,0.30999903947747576,0.3300044189129474,0.3000062478523008,0.4,0.3000041477139183,0.2199993181046083,0.19999986528350944,1.209998821621472
MRT,0.698643606810771,0.34999973128825784,1.3299910897360199,0.8184449218283805,1.100001310629518,1.7699982019124638,1.1687359315939236,1.398724886174749,1.8158274135025485,0.20999964717606887,0.27333508472349927,0.16,0.12375029474180618,0.7299442067679023,0.015708951849309972,0.00888466412734302,0.0071185728801959796,0.07999834093737038,0.02000019691389185,1.8583700466132724,0.4899963131375199,2.5314351270066795,2.089006840383541,2.763904848138176,1.9263618943334244,3.2499874036775838,3.700040150381429,0,0.3229491836744078,3.4607270574104385,0.03999993537990197,5.100101729399797,0,0,0,0,0,0,0,0,0,0,0,0,0,0.13000343206506557,0.09800034947469585,0.1599843237554498,0.09999999999999999,0.07987996664102098,0.08999380207974658,0.2,0.2899909083395322,0.3700000539241367,0.03999954938716655,0.11666815769070196,0.2400021041280362,0.07000036500346754,0.13280473251119435,0.21999911936946856,0.2199987805156894,0.13038939149838633,0.23000268240343347,0.2387317265477462,0.14813447805504293,0.020000000000000004,0.06999742356578494,0,0,0,0.12,0.13984776082964198,0.3300008383635144,0.3099973231297337,0.3299953807575558,0.30000000000000004,0.39999999999999997,0.29999446963831433,0.2199993181046083,0.19999986528350944,1.209998821621472
MUS,0.6986439861733461,0.34999971809227404,1.3300243335914168,0.8219880615419107,1.100001310629518,1.7699701242345178,1.2595641682059227,1.3997954018336283,1.8158274135025485,0.21000528980578853,0.27333394319169374,0.16,0.12739297058753332,0.7299442067679023,0.015708951849309972,0.00888466412734302,0.0071185728801959796,0.07999854003941895,0.019999594452104794,1.8583786545972187,0.4899964860177513,1.2019621511736844,2.2575604389883708,2.491787571858746,1.9264127577291592,3.2499695834966813,3.700040150381429,0,0.37999275427950363,3.510011471477735,0.0400016846361186,5.100140383715489,0,0,0,0,0,0,0,0,0,0,0,0,0,0.12999977654629963,0.09799896744978757,0.18074122946115115,0.09999640559289746,0.16000747873235485,0.09,0.19999999999999998,0.28999795054451916,0.3700000539241367,0.03999954303644665,0.11666848082435326,0.2399962249905625,0.06999908750798431,0.1199313824849898,0.21999892709618585,0.21999470397422602,0.15829032707999163,0.23000012084519128,0.2504527778482923,0.16040599501795919,0.02,0.06999999999999999,0,0,0,0.11999721174039923,0.11189388557092428,0.32999648753073413,0.3099958876747738,0.32999901509368923,0.30000292800046846,0.39999270019709476,0.30000674445268766,0.2200057708954506,0.19999999999999998,1.209998821621472
MWI,0.6986469748399724,0.3499996149788624,0.8576872397319335,0.8219876981727723,1.100001310629518,1.7699982019124638,1.1687241756781555,1.3987314524388255,1.8158274135025485,0.20999975465698376,0.27333329079121055,0.22984559386580863,0.12739297058753332,0.7299442067679023,0.015708951849309972,0.00888466412734302,0.0071185728801959796,0.07999927000194666,0.02000019691389185,1.8583575585680674,0.49000417144644903,1.6293912259208125,2.089006840383541,2.491871557167809,1.9264049234746334,3.2499874036775838,3.700040150381429,0,0.3799887695655226,3.4607270574104385,0.03999993537990197,4.287229714955316,0,0,0,0,0,0,0,0,0,0,0,0,0,0.1299980578753156,0.09799867335169925,0.12338045651750854,0.09999999999999999,0.07987996664102098,0.09,0.19999317836860686,0.29000051420050393,0.37000040806420775,0.03999936560299436,0.11944368183164543,0.4304586057445289,0.07,0.08947489966153109,0.2199994174361364,0.21999801754472914,0.15828920978740474,0.2299988095710488,0.2536867586466888,0.15941397573893729,0.020000138205992737,0.06999957368764619,0,0,0,0.12000226099408373,0.11004192531341546,0.32999223286607243,0.2834282371618454,0.3299960819087291,0.300003449941351,0.3819993484968433,0.29999679743864066,0.2199993181046083,0.19999986528350944,1.209998821621472
MYS,0.23451893135157822,0.22999978534784382,1.3299510913205344,0.3100741088363544,1.100001310629518,1.7700019466614754,1.2595641682059227,1.3997954018336283,1.8423062315391616,0.21000065342394145,0.2200015119729357,0.2500028803502506,0.12739297058753332,0.4595935003829741,0.015708951849309972,0.00888466412734302,0.020000279626419107,0.18999899310275387,0.019999999999999997,1.829975571202759,0.4899727258142147,1.0079263392704205,2.5783403130279274,2.799981750159686,1.6800151035220576,3.2499874036775838,3.700040150381429,0,0.3200013563690002,3.4500492754681167,0.039999999999999994,3.469973483075963,0,0,0,0,0,0,0,0,0,0,0,0,0,0.10999856702729813,0.10000059712543814,0.20929956999126068,0.09999853159278131,0.05999968650563506,0.07999944046553267,0.19999681127533042,0.2700018019641409,0.3700000539241367,0.04999942719013851,0.11999742384233915,0.42999124691652746,0.0699993367087488,0.11745584737746226,0.17000416730638473,0.21999999999999997,0.13000326825721853,0.20000030211297817,0.2536867586466888,0.15116747882145276,0.02000042558624505,0.07000107353730542,0,0,0,0.1211343311857146,0.0763575366350571,0.2999974623797802,0.279994680796653,0.319998345192785,0.2999993490727541,0.4000062127236581,0.29999554009455,0.21999934082594508,0.20000365003467535,1.209998821621472
NAM,0.6986441046270939,0.3500051873579371,0.8576872397319335,0.8219881670921573,1.100009124920157,1.769979012683639,1.1687361363518105,1.3987372510927636,1.8400134273246056,0.21000197511356905,0.27333310471748795,0.15999493071983775,0.12739297058753332,1.4100001962775597,0.015708951849309972,0.00888466412734302,0.0071185728801959796,0.07999854003941893,0.02000019691389185,1.8583356145633725,0.4899846704138988,2.8298892414509496,2.089006840383541,2.763904848138176,1.926426113254771,3.2499874036775838,3.700040150381429,0,0.3799979506096936,3.4607270574104385,0.04000073000693506,5.09998440180939,0,0,0,0,0,0,0,0,0,0,0,0,0,0.13000260439274242,0.0980009036843455,0.12696417000272375,0.09999999999999998,0.16000251741210036,0.09000034434075961,0.20000523299929351,0.2899962602842184,0.3700000539241367,0.039999735363973776,0.11666587146333317,0.24000114600045838,0.07000064570284756,0.19017270820937712,0.2199977057565268,0.2200045125570578,0.15829125198150054,0.22999936326747975,0.24065463985247826,0.15125353167667582,0.02000024022869772,0.06999957368764619,0,0,0,0.12916226315024176,0.11020304555913579,0.33000592222149105,0.3099984873695356,0.329998616187352,0.29999694814905237,0.39999707999357603,0.30000558628009605,0.2200010579771477,0.19999986528350944,1.209998821621472
NER,0.6986436498150432,0.34999929126268636,1.3300372742254813,0.8184557002360916,1.100001310629518,1.7699982019124638,1.1687374713948662,1.3987263591406816,1.8400180261379,0.20999777167050435,0.27333093006488823,0.15999745733083304,0.12374681685746404,0.7299442067679023,0.015708951849309972,0.00888466412734302,0.0071185728801959796,0.07999999999999999,0.02000019691389185,1.8583356145633725,0.4899829669884013,2.0269317866051,1.306642411181806,2.763904848138176,1.9264032990414355,3.2499874036775838,3.700040150381429,0,0.38000567214974473,3.5100044360393174,0.03999993537990197,4.287229714955316,0,0,0,0,0,0,0,0,0,0,0,0,0,0.13000220024363673,0.09799908408014081,0.13670968175051848,0.09999999999999999,0.07987996664102098,0.09000612182430365,0.1999978152445725,0.29000648088139985,0.3700000539241367,0.03999918890420959,0.11666845589550902,0.2400025068939584,0.10168616081466594,0.1585917464919283,0.2199997030041134,0.220000889027182,0.15829190567240278,0.23000276625172889,0.2496999186319078,0.1639640854745009,0.02,0.06999957368764619,0,0,0,0.11999965659930291,0.13598438694125972,0.329993117687543,0.2834282371618454,0.32998762759047323,0.30000340062798264,0.3819993484968433,0.29999679743864066,0.2199993181046083,0.19999986528350944,1.209998821621472
NGA,0.6986426388411002,0.3500005449571482,1.3299996349965324,0.81844948901191,1.100001310629518,1.7700019466614756,1.168737173694567,1.3987275311866771,1.8413380421587022,0.20999988807243952,0.2733329638046671,0.16000115378513635,0.12374993762902335,0.22019499129321865,0.019999744754709278,0.00888466412734302,0.0071185728801959796,0.08000494926998267,0.02000019691389185,1.6886973699762509,0.7009750391510209,2.0441290377640695,2.663586533094255,2.491906167930323,1.926402760726018,3.2499874036775838,3.700040150381429,0,0.37998635211542214,3.510019345183779,0.03999993537990197,5.099935456110155,0,0,0,0,0,0,0,0,0,0,0,0,0,0.12999980437036604,0.09799954198267616,0.1692777168057597,0.1,0.07987996664102098,0.08011729439778292,0.19999960094257366,0.2724145707404766,0.3700007172939573,0.04000000000000001,0.1166703749026588,0.24000267397553315,0.06999749718433239,0.15862398503660263,0.22,0.2200019719328228,0.15829231425138562,0.23000157207986166,0.24999926124151578,0.15083182604201864,0.02,0.06999957368764619,0,0,0,0.1200013913362499,0.11001359569767367,0.3300071844815199,0.3099979857998892,0.3300005323963158,0.3000072134458631,0.3999955076874699,0.30000553036168565,0.2200010579771477,0.19999986528350944,1.209998821621472
NIC,0.2345179802403479,0.2300002173117203,0.8576872397319335,1.2700003090923584,1.100001310629518,1.7699868728588353,1.2595641682059227,1.6499833007299969,1.8400049495761925,0.20999651385741674,0.2200012695636228,0.22984559386580863,0.12739297058753332,0.7299442067679023,0.015708951849309972,0.02,0.01999998025960592,0.1900022223269784,0.019999999999999997,1.8200002558839605,0.4899990266692622,1.4690535751025358,2.089006840383541,2.763904848138176,1.6799976451657213,3.2499874036775838,3.700040150381429,0,0.31998976383709876,3.4501347708894876,0.03999927001970947,4.287229714955316,0,0,0,0,0,0,0,0,0,0,0,0,0,0.11000000000000001,0.09999999999999999,0.19449394776005371,0.0999993878025786,0.07987996664102098,0.07999862265277077,0.20000000000000004,0.2700024455857178,0.36999580947059646,0.05000111825968972,0.120000669646594,0.4304586057445289,0.0699998539996788,0.09586652591872417,0.1699983968232436,0.22000556096204643,0.1299992452545379,0.18000037080984868,0.2401503218640564,0.16923400369051922,0.020000240552308098,0.06999957368764619,0,0,0,0.11999925468758538,0.034897065430179,0.2999961416775986,0.2850036020171296,0.32000614805279637,0.30000991866693116,0.3800012425447316,0.29999679743864066,0.22000291853635398,0.20000365003467535,1.209998821621472
NLD,0.23451863585926086,0.22999755890592485,0.789988769452912,0.31007195657257514,1.0999967327430489,1.7700019466614754,1.2595641682059227,1.3997954018336283,1.5248594553426023,0.20999964717606887,0.219999823765438,0.25000859254167385,0.12739297058753332,0.7299442067679023,0.015708951849309972,0.00888466412734302,0.0071185728801959796,0.18999660470248708,0.01999932409597837,1.8200068133151646,0.48998596162845104,0.87799221804985506,2.737959634963545,2.763904848138176,1.6800132728680457,3.2499874036775838,3.700040150381429,0,0.3200079894995149,3.4501347708894876,0.04000069524107484,4.287229714955316,0,0,0,0,0,0,0,0,0,0,0,0,0,0.10999908795184385,0.09999834467232788,0.2249978371162954,0.10000039125926795,0.08000126868669782,0.07999927252446136,0.1999978152445725,0.27000146828126087,0.3699953573718303,0.04999946449545357,0.12000350183481553,0.4299935825445211,0.07000013323207695,0.10747717690499457,0.1700021056883667,0.22000286642461303,0.13000052346030905,0.20000185754488292,0.5829131014941112,0.18092956814103794,0.019999005568814638,0.0699995133346311,0,0,0,0.1199997882200958,0.10074232322751406,0.29998330179227434,0.28000472004248034,0.32000166398250435,0.30000396746677244,0.379998009091814,0.3,0.2199956436506208,0.19999986528350944,1.209998821621472
NOR,0.23451842761073471,0.22999622679285095,0.7900007166232712,0.7620138773498206,1.1000033796343236,1.7699913024732197,1.2595641682059227,1.3997954018336283,1.8158274135025485,0.20999964717606887,0.21999963171172496,0.25000844927617866,0.12739297058753332,0.7299442067679023,0.015708951849309972,0.00888466412734302,0.0071185728801959796,0.18999794259065933,0.02000054073783678,1.8200167901595066,0.4899935196127016,1.8974114982567143,2.0679986739630123,2.799943223294671,1.679925512104283,3.2499874036775838,3.700040150381429,0,0.31999682148674957,3.4500469287725517,0.03999859619569032,4.287229714955316,0,0,0,0,0,0,0,0,0,0,0,0,0,0.10999982721894076,0.1,0.19980782692507568,0.10000019799078948,0.08000087351502445,0.07999606479963271,0.19999999999999998,0.2699989368326726,0.3700000539241367,0.05,0.12000151737393151,0.43000752068187514,0.06999974914080727,0.11028953042703217,0.17000107851596202,0.22000382377843936,0.12999897569469848,0.20000133963856553,0.232628713977351,0.15348835310451428,0.02,0.06999898610970294,0,0,0,0.12000081779576713,0.10079218099271704,0.2999922657488689,0.2799992999507049,0.32000169201159023,0.30000340062798264,0.37999464507898506,0.2999981565800874,0.21999405646359585,0.19999986528350944,1.209998821621472
NPL,1.2772011286382488,0.23000002104230977,1.3300121666502251,1.269999877844692,1.100009124920157,1.7700113151074934,1.1443597991084025,1.3997954018336283,2.222377212400562,0.21000144843568944,0.2199999611392168,0.22984559386580863,0.12739297058753332,0.1692784258615222,0.02,0.020000280772686434,0.02,0.19000101389029708,0.019999270019709466,1.8200020857232244,0.49000718046912395,0.8734992556078834,1.8766386569038578,2.8000146001387014,1.6799890500958115,3.249991550914191,3.700040150381429,0,0.3200017921414597,3.449970800077866,0.03999993537990197,4.287229714955316,0,0,0,0,0,0,0,0,0,0,0,0,0,0.11000080220338529,0.1,0.21737767195409285,0.0999992536812174,0.05999999999999999,0.08011729439778292,0.19999999999999998,0.2699956032912506,0.3700000539241367,0.05000068046652785,0.12000000000000001,0.5400011460004585,0.06999999999999999,0.14883177534139624,0.17000170472533627,0.2200013629548862,0.13000173822353553,0.2,0.2536867586466888,0.14937655370596092,0.019999591261163678,0.06999957368764619,0,0,0,0.1202717996788063,0.24395631439641496,0.30000000000000004,0.27999711843242725,0.320007423904974,0.3,0.3819993484968433,0.29999679743864066,0.2199993181046083,0.19999986528350944,1.209998821621472
NZL,0.23451841952501937,0.23000203647908432,0.790002433343762,0.3100700447754577,1.100010950104026,1.7699963090046615,1.2595641682059227,1.3997954018336283,1.8399973379475576,0.21000064855048964,0.22000018333654173,0.2500044005562303,0.12739297058753332,0.7299442067679023,0.015708951849309972,0.00888466412734302,0.0071185728801959796,0.19000342783145227,0.01999959890903257,1.8200103546466477,0.489997613465669,0.5846169718854785,2.5987852233957778,2.8000553793485374,1.679994274535999,3.2500482811896485,3.700040150381429,0,0.32000081619327453,3.4498281473370445,0.03999971923125518,3.4700514740290127,0,0,0,0,0,0,0,0,0,0,0,0,0,0.10999910795119165,0.11223275215716395,0.1802652390710103,0.0999992239399019,0.0800011024750565,0.07999973782182371,0.19999999999999998,0.270000435976806,0.3700000539241367,0.04999962452878363,0.12000280889013727,0.43001174628034455,0.07000097667521997,0.13501196566711146,0.17000074366029597,0.21999954833901672,0.1299987889779269,0.2000003240629719,0.22958818058456706,0.17080083776559093,0.02,0.06999908750798431,0,0,0,0.1224831326608092,0.10000000984698863,0.3,0.280003201764528,0.32000266657778076,0.3000026449428692,0.3800097335442268,0.2999953527279487,0.21999842096952474,0.19999999999999998,1.209998821621472
OMN,0.860128103191,0.230000099898,0.817067824497,0.886030008247,1.10000180025,1.76999501146,1.23652026846,1.42547243994,1.82229102608,0.209999033044,0.220000284995,0.250001693313,0.127392970588,0.505966800874,0.016567117237,0.00888466412734,0.0071185728802,0.190000413775,0.0200001143467,1.81999875703,0.489993338882,1.15303921713,2.35576685321,2.79275866438,1.67998444899,3.25001690185,3.70004015038,0,0.320000533659,3.4521567021,0.0400000652523,3.79686605771,0,0,0,0,0,0,0,0,0,0,0,0,0,0.1099999722,0.0999999022031,0.179007290597,0.0999994253628,0.0800005557008,0.0799995494383,0.199999842561,0.269999451958,0.370000053924,0.0499993445513,0.119999534042,0.430000558609,0.070000061251,0.123640824517,0.170000216345,0.219998242179,0.130233602585,0.200000087105,0.257582722668,0.166709301705,0.020000271457,0.0699998483873,0,0,0,0.120394900085,0.110651405918,0.299999198543,0.279997540248,0.320001036675,0.299999321442,0.380001730307,0.299998784564,0.220001036223,0.199999892227,1.20999882162
PAK,1.2772016430705158,0.22999994122383727,1.3299799251756548,1.2699997994504943,1.100001310629518,1.7699982019124638,1.1443625843469725,1.5282063794141088,1.8158274135025485,0.20999826192752238,0.22000013556197218,0.2500072421784473,0.12739297058753332,0.17000446509781872,0.020000572098744243,0.01999959445210479,0.020000728252557987,0.18999902666926222,0.019999999999999997,1.8200259712911946,0.48998387233681356,1.0924192958117813,2.422758005223436,2.763904848138176,1.679982155892611,3.2499874036775838,3.700040150381429,0,0.31999676034664287,3.4607270574104385,0.03999993537990197,3.470041420305435,0,0,0,0,0,0,0,0,0,0,0,0,0,0.11000171592810261,0.10000162710099417,0.24412297750754164,0.09999942489403671,0.059999504330908685,0.08011729439778292,0.20000392480081636,0.2699982177864908,0.3700000539241367,0.050000610776541304,0.12000057254913188,0.5400054549246739,0.06999443826473861,0.1878366445006794,0.17000277280255396,0.21999313474960905,0.13038939149838633,0.19999736672328208,0.23012492080969724,0.1714147940977915,0.02,0.07000036500346753,0,0,0,0.12013592875503741,0.23266151053385042,0.3,0.27999711843242725,0.3199938135560453,0.28493959639753674,0.37999503598907913,0.3000041477139183,0.2200010579771477,0.19999986528350944,1.209998821621472
PAN,0.23451771671641608,0.22999984914960994,0.8576872397319335,1.2699999089775447,1.100010950104026,1.7699846791636626,1.2595641682059227,1.3997954018336283,1.8400261608894704,0.2100036530733883,0.21999969367906755,0.25,0.20999762390515286,0.2394763756780297,0.015708951849309972,0.02,0.020000487750683527,0.1899990478306408,0.019999270019709466,1.8199776233011136,0.4899899044808573,1.3659444027318055,1.7418860826063844,2.799995197387379,1.6800500573573887,3.250098574888751,3.700040150381429,0,0.31999608687145376,3.4607270574104385,0.04000066363606198,4.287229714955316,0,0,0,0,0,0,0,0,0,0,0,0,0,0.1100000409485318,0.09999847516811274,0.18728493093390058,0.09999785972647304,0.07999914744874036,0.08000078706072174,0.19999215070643642,0.2699995932148233,0.3700007427764986,0.04999962026566215,0.11999870757201248,0.5399887694529119,0.0699995290349927,0.14237342567026376,0.16999894672275884,0.2199981861662069,0.12999976568174895,0.1799993733157862,0.6197726839194988,0.16857807276899142,0.019999999999999997,0.0699995133346311,0,0,0,0.11999784401309387,0.035665368633252016,0.30000226357010273,0.28499563403512174,0.32000127885414664,0.29999164787438404,0.3799924192438897,0.29999668181969014,0.22000220409962531,0.20000365003467532,1.209998821621472
PER,0.23451872177267793,0.23000008205936176,1.3299999068875294,0.3100717693314701,1.100001310629518,1.7700113151074934,1.2595641682059227,1.3997954018336283,1.9484589982743816,0.20999965165396212,0.2200000360138221,0.25,0.12739297058753332,0.17902303622689852,0.015708951849309972,0.020000579374275785,0.019999268956226144,0.19,0.019999270019709466,1.8199988288798234,0.49000435321300606,1.5199031776609486,2.332164023362051,2.7999817501596858,1.6799842162375456,3.2498817167962146,3.700040150381429,0,0.32000501378791685,3.4499498129391366,0.04,3.53,0,0,0,0,0,0,0,0,0,0,0,0,0,0.11000016512822207,0.10000122553525254,0.23522970514323208,0.10000028280622965,0.08000054348810667,0.07999907680945346,0.20000323060024552,0.2700003408664826,0.3699993635219756,0.049999999999999996,0.11999721866507512,0.5399902141593587,0.07000153170632084,0.20463447629743556,0.1700045655151423,0.22000106530307872,0.13000068490805108,0.17999880130657583,0.2309774828302375,0.1692104634646085,0.020000373148251798,0.06999957368764619,0,0,0,0.11999956846329782,0.03674414970157632,0.3000042231513155,0.285001298026999,0.3200016120988015,0.3,0.37999807170502603,0.3000114420839849,0.22000203066301144,0.19999999999999998,1.209998821621472
PHL,0.23451849983874173,0.23000005838524246,1.3300077866459021,0.3100707158089567,1.100001310629518,1.770005367686527,1.2595641682059227,1.3997954018336283,1.8620989667875762,0.20999924849554588,0.2199959275096722,0.25,0.21000121263566363,0.32997013975202355,0.015708951849309972,0.00888466412734302,0.019999653535668505,0.18999731291146044,0.02000036500346753,1.83,0.4899990875079842,2.663234510584991,2.889908980734849,2.799981750159686,1.6800501882057717,3.249991550914191,3.700040150381429,0,0.3199926112924081,3.4500492754681167,0.04000073000693506,4.287229714955316,0,0,0,0,0,0,0,0,0,0,0,0,0,0.1100004334532554,0.10000246473376768,0.18427335515148768,0.09999999999999999,0.06000071046695441,0.07999961740061982,0.19999795588806443,0.26999991794063827,0.3700000539241367,0.05000196873646494,0.1200022521536219,0.4304586057445289,0.06999951333463111,0.16334638532732998,0.1700010335306885,0.21999685830977064,0.1299986132472706,0.2000020659769747,0.24969061244525972,0.14159686599900528,0.02000034311791247,0.07000208572322453,0,0,0,0.12650183402235857,0.034898074390014425,0.3,0.27999737440924205,0.32000147912583665,0.2999970611573162,0.4,0.3000077893752921,0.22000296633213032,0.20000365003467532,1.209998821621472
POL,0.23451836512852117,0.2299983705393515,0.7900005222568459,0.7620138773498206,1.100000354025327,1.7699661075866864,1.2595641682059227,1.3997954018336283,1.2991129190259763,0.20999964717606887,0.21999991515573164,0.25000211228929914,0.12739297058753332,0.7299442067679023,0.015708951849309972,0.00888466412734302,0.0071185728801959796,0.18999914118859496,0.019999999999999997,1.8200068438462416,0.48999690093316345,2.563082628168896,2.0352204064207364,2.8000146001387014,1.6800208568697315,3.2499874036775838,3.700040150381429,0,0.31999701314217444,3.4607270574104385,0.03999971923125518,3.469973483075963,0,0,0,0,0,0,0,0,0,0,0,0,0,0.11000054524883794,0.10000107788820144,0.19152983260454265,0.0999975760122169,0.08000050268938823,0.08000078259508529,0.19999230473258944,0.27000107100781834,0.3700000539241367,0.0499988210605739,0.12000360858844049,0.4300020054816499,0.06999977709916858,0.13866874084619915,0.17000105965878987,0.21999073215940687,0.13000048136717232,0.19999893891323492,0.2493272140343784,0.16460831194303868,0.02000037368160459,0.07000134967813111,0,0,0,0.11999793773683803,0.1000645163145291,0.3000029679755439,0.280007022119677,0.31999565862306,0.28493959639753674,0.37999791427677543,0.30000553036168565,0.22000529007229763,0.20000365003467532,1.209998821621472
PRT,0.2345186594364682,0.22999926285151373,0.7900051168343851,0.3100727647076307,1.0999966615848569,1.770015350503155,1.2595641682059227,1.3997954018336283,1.3728684188335287,0.20999964717606887,0.21999984938108175,0.24999637896322477,0.20999761266877107,0.7299442067679023,0.015708951849309972,0.00888466412734302,0.0071185728801959796,0.19000137218131088,0.02,1.82000605530512,0.4900023953188626,1.547800545727247,1.6179332421842056,2.8000146001387014,1.680008055177969,3.2499874036775838,3.700040150381429,0,0.3200013629548862,3.4607270574104385,0.040001684636118605,4.287229714955316,0,0,0,0,0,0,0,0,0,0,0,0,0,0.10999972077568515,0.09999920964860977,0.17974449140548002,0.10000087292788742,0.08000054650781505,0.07999976252389604,0.19999999999999998,0.26999858675285954,0.37000598981731053,0.05000008365414699,0.11999769876884131,0.4300020054816499,0.06999965511889776,0.10316712908278064,0.1699991851400589,0.21999961383251915,0.13000061935890722,0.19999960536778733,0.26761450078893473,0.14039561119743782,0.01999933771544944,0.07000048026126213,0,0,0,0.12006132801118123,0.10745586689272539,0.29998804471277424,0.28000124622238837,0.32,0.3,0.38000205634382067,0.30000487971502465,0.2199994629574931,0.2,1.209998821621472
PRY,0.23451831475805945,0.22999673034705032,1.330039628741266,0.3100721628555082,1.100001310629518,1.7699732338389165,1.2595641682059227,1.3997954018336283,1.8399646330680817,0.21000008624927766,0.22000095424400018,0.2500021851045791,0.12739297058753332,0.7299442067679023,0.015708951849309972,0.00888466412734302,0.019999970288984197,0.19000228128208052,0.020000561537489647,1.819996741078703,0.4899981039059538,1.9144769892880533,2.089006840383541,2.763904848138176,1.6800238048006346,3.249947194254735,3.700040150381429,0,0.31999883013570424,3.4499807895495156,0.04000073000693507,4.287229714955316,0,0,0,0,0,0,0,0,0,0,0,0,0,0.10999911302959524,0.09999900666527599,0.1359869049893505,0.10000044493585138,0.07999853469118616,0.07999927853831863,0.1999978152445725,0.26999892276203813,0.3700000539241367,0.05,0.11999652385504476,0.4304586057445289,0.06999941496519042,0.19274906120585408,0.16999962939628657,0.22000993048659384,0.13000047405882392,0.18000521376433784,0.24209054155920165,0.16474337700586228,0.019999294383290993,0.06999908750798431,0,0,0,0.12007345766226236,0.03502903448556514,0.2999898342990749,0.2834282371618454,0.32001187795402236,0.29999389648437497,0.37999805333852443,0.29999679743864066,0.22000529007229763,0.19999986528350944,1.209998821621472
ROU,0.23451831308740456,0.22999729283160478,0.7899886513511027,0.3100723087661874,1.1000107353730544,1.7700063874441099,1.2595641682059227,1.3997954018336283,1.3239821759828332,0.20999964717606887,0.21999979415911797,0.25,0.12739297058753332,0.7299442067679023,0.015708951849309972,0.00888466412734302,0.0071185728801959796,0.18999933150611673,0.02,1.8200268255678445,0.49000156429241837,1.5857344918571445,1.8013857431207756,2.763904848138176,1.6800208568697315,3.2499874036775838,3.700040150381429,0,0.32,3.449914834942007,0.04,3.469957884885353,0,0,0,0,0,0,0,0,0,0,0,0,0,0.11000013499330095,0.10000020420707414,0.1649179263412739,0.10000076740670252,0.0800006458696635,0.0799979744784282,0.2,0.27,0.3699869791666667,0.05,0.11999915801881829,0.4300020054816499,0.07000099903776888,0.08344197604769132,0.16999891393422392,0.2200018474612803,0.13000090921030033,0.19999999999999998,0.2811914715919727,0.1588695930613823,0.020000657073395097,0.06999986481554081,0,0,0,0.1214646164682905,0.11165781386553086,0.29999640326583465,0.2800017732854546,0.32000294594196493,0.299996888321872,0.37999791427677543,0.29999446963831433,0.22000529007229763,0.20000365003467532,1.209998821621472
RUS,0.23451841651256145,0.23000187371182312,0.789988769452912,0.3100711884247349,1.100003674504248,1.7700069224476094,1.1842740764053648,0.45724920482758896,1.913407340886944,0.20999964717606887,0.21999992139974822,0.22984559386580863,0.12739297058753332,0.7299442067679023,0.015708951849309972,0.00888466412734302,0.0071185728801959796,0.1900012933078504,0.019999206538125845,1.6886973699762509,0.49000786464740165,2.4738593867943552,2.237879365689139,2.799981750159686,1.6799867273416762,3.2499874036775838,3.700040150381429,0,0.3199968094440456,3.4500547511862756,0.039999160933042455,4.287229714955316,0,0,0,0,0,0,0,0,0,0,0,0,0,0.1099993774889925,0.09999930753197471,0.187572984165367,0.0999995331051774,0.08000271517784414,0.08,0.20000392480081633,0.2700004425925809,0.3700000539241367,0.049999608537024565,0.11999885491812665,0.43000802200320876,0.07000030416400524,0.12116148373985859,0.17000031711300323,0.21999664204163868,0.1300000748187516,0.2000009963186028,0.22602301262569072,0.14995097953771722,0.020000710567921413,0.06999937069318146,0,0,0,0.12038226300917998,0.1003279084355496,0.2999973720172396,0.28000438470286787,0.32,0.29999206538125844,0.38000044922620785,0.29999046529366896,0.22000593494781115,0.19999986528350944,1.209998821621472
RWA,0.6986413626696671,0.3500009299384381,0.8576872397319335,0.8219864377976044,1.1000121669302836,1.7699982019124638,1.1687529233579081,1.3987270564788326,1.8400066456221962,0.20999999041209763,0.2733335347708826,0.1599997439674099,0.12375063241328912,0.2203018524991301,0.015708951849309972,0.00888466412734302,0.0071185728801959796,0.1870487538260961,0.019999999999999997,1.8583577294400018,0.4899981814875432,1.4690535751025358,2.089006840383541,2.4918971989604386,1.9263596983795928,3.2499874036775838,3.700040150381429,0,0.3229491836744078,3.4607270574104385,0.03999993537990197,4.287229714955316,0,0,0,0,0,0,0,0,0,0,0,0,0,0.12999866613311992,0.09800203995920082,0.1313359487652193,0.09999999999999999,0.15999898949070332,0.08011729439778292,0.19999627844662365,0.28999554650718923,0.3699997928448615,0.0399980772928283,0.11666220198231986,0.4304586057445289,0.10168616081466594,0.2799682661352953,0.22000329069145658,0.21999779334694103,0.1582979726544083,0.23000052306726645,0.25280481270303823,0.16622575139023288,0.02,0.07000208572322453,0,0,0,0.12000499945261675,0.11433503986803989,0.32998420844848003,0.30999903947747576,0.3299967830541189,0.3000092267946115,0.3819993484968433,0.29999679743864066,0.2199993181046083,0.19999986528350944,1.209998821621472
SAU,1.2772009937728726,0.22999988254225545,0.8576872397319335,1.2699999507865136,1.100001310629518,1.77,1.1443446694688575,1.528180592348743,1.8239193513240743,0.20999964717606887,0.21999965392535173,0.2500016898171618,0.12739297058753332,0.16999656711294198,0.015708951849309972,0.00888466412734302,0.0071185728801959796,0.18999902666926222,0.02,1.8200218999900453,0.49000156429241837,1.2634538903551986,2.2356054513975567,2.799981750159686,1.6799766406307033,3.250098574888751,3.700040150381429,0,0.31998976383709876,3.4607270574104385,0.03999862268438813,3.4699406447799426,0,0,0,0,0,0,0,0,0,0,0,0,0,0.11000004725138683,0.10000056471970138,0.15996184515268172,0.1,0.08000271517784414,0.07999944905857885,0.200005688039475,0.270000713576059,0.3700000539241367,0.05000019610996278,0.1200016839978108,0.4299994816354976,0.07000124767702239,0.12244406710494683,0.16999958468311321,0.21999791393491477,0.13038939149838633,0.19999999999999998,0.21999625245932358,0.18077484703790564,0.020000219500417055,0.07,0,0,0,0.11999549962785384,0.10483919222139117,0.2999955325232309,0.27999664935500085,0.32000205359893213,0.29999164787438404,0.380005203966579,0.30000553036168565,0.2200010579771477,0.19999986528350944,1.209998821621472
SDN,0.6986435194219064,0.3500072585495344,1.329993031821349,0.8286343249320164,1.100001310629518,1.7699982019124638,1.1687398527060482,1.398725999338769,1.8399729504534423,0.20999407465929293,0.2733301078635057,0.15999878212154425,0.12375106105463655,0.7299442067679023,0.019999999999999997,0.00888466412734302,0.0071185728801959796,0.07999805333852442,0.019999513334631108,1.858359525499341,0.49000821242814124,1.9874275228717229,2.089006840383541,2.763904848138176,1.9264051510242586,3.2499874036775838,3.700040150381429,0,0.3799997660244036,3.5099128992119453,0.039999999999999994,5.099891716296698,0,0,0,0,0,0,0,0,0,0,0,0,0,0.1299992725278538,0.0979997003067269,0.12206036223528823,0.1,0.160002290382303,0.09000000000000001,0.1999978152445725,0.2900012730219132,0.3700000539241367,0.03999959324791539,0.11666746422931522,0.24000187402919884,0.07000087858021438,0.08963295677850493,0.21999724689668573,0.21999983009956167,0.13038939149838633,0.22999999999999998,0.22570757410659992,0.14196159253142618,0.020000925154963458,0.06999957368764619,0,0,0,0.11999859900058532,0.12218464125044698,0.32999567474048447,0.30999903947747576,0.32999831280580394,0.3000066124446208,0.3819993484968433,0.29999679743864066,0.2200010579771477,0.19999986528350944,1.209998821621472
SEN,0.698644612533296,0.34999992215269593,0.8576872397319335,0.8184493954304343,1.100001310629518,1.7699982019124638,1.1687373211076693,1.3987268740286563,1.8399953215006286,0.2100004564334292,0.27333134067551096,0.16000195733020162,0.12739297058753332,0.7299442067679023,0.015708951849309972,0.00888466412734302,0.0071185728801959796,0.07999917979002624,0.020000317389786394,1.6886973699762509,0.4899854001277489,2.0163557223304465,2.183058268939542,2.491854357696074,1.9264069714238174,3.2499874036775838,3.700040150381429,0,0.37999785672185604,3.5099312452253626,0.04000024333268445,5.100140383715489,0,0,0,0,0,0,0,0,0,0,0,0,0,0.1299986824363154,0.09799996820018338,0.11828158284416823,0.09999999999999999,0.07987996664102098,0.09000034434075961,0.1999978152445725,0.29000324260400173,0.3700000539241367,0.03999878941952666,0.11666712543697871,0.23999679127226053,0.07000194666147556,0.14704511483286115,0.22000463295985176,0.21999580191497264,0.1582910265708446,0.22999863331966652,0.2309026453234092,0.15520676386103735,0.02,0.0699995133346311,0,0,0,0.1199982391981102,0.11625807894373025,0.3299963668791492,0.31001131347190486,0.32999860892145044,0.2999922209257098,0.3999927001970947,0.29999679743864066,0.22000417623721027,0.19999986528350944,1.209998821621472
SLB,0.234517434419,0.230000343179,1.17256470078,0.46071850044,1.09998449604,1.76999559335,1.25956416821,1.39979540183,1.84950659842,0.20999904297,0.219998808728,0.243281472371,0.15492905127,0.596619517763,0.0157089518493,0.00888466412734,0.0199999145919,0.189998995592,0.019999943979,1.78289638153,0.560319599024,2.93562895978,2.47475382246,2.80000576354,1.68003231002,3.24998878609,3.70004015038,0,0.321963659547,3.45358618915,0.0400004651313,4.28722971496,0,0,0,0,0,0,0,0,0,0,0,0,0,0.11186502808,0.10407840563,0.181321265033,0.100000140487,0.0666266646593,0.080039517182,0.199996721446,0.270001325097,0.370000053924,0.0500008109202,0.120000887039,0.430458605745,0.0699995457776,0.123743731528,0.170001646296,0.219995819948,0.129999672323,0.199998680385,0.247578279312,0.155620251097,0.0199999901387,0.0700004110328,0,0,0,0.122502111854,0.0618911052397,0.299998409768,0.28113930913,0.320003792487,0.299993982475,0.387999565665,0.300000461418,0.220001114138,0.200001126867,1.20999882162
SLE,0.698643591168,0.350000617223,1.00301317561,0.820866500175,1.10000288723,1.76999315101,1.17572498957,1.39872788314,1.83442952133,0.209999301127,0.273333071835,0.176118401214,0.12515085567,0.730037708114,0.0166992086195,0.00888466412734,0.0071185728802,0.0882338134471,0.0200000070631,1.79309974874,0.538685110106,2.22365965054,2.07675404825,2.5965130645,1.91172677232,3.24998740368,3.70004015038,0,0.366832960517,3.49104097678,0.040000062601,4.66234136842,0,0,0,0,0,0,0,0,0,0,0,0,0,0.129999464904,0.101284191082,0.169612890789,0.0999999588663,0.135349177109,0.0869597339501,0.199997602608,0.28864774256,0.370000363463,0.0407598888013,0.117092672623,0.342554749036,0.0846243882295,0.146926302802,0.219999187099,0.21999929681,0.156143393132,0.229999104302,0.248381512519,0.15932303758,0.0200001606468,0.069999986898,0,0,0,0.120823667415,0.118212944524,0.329997319607,0.29773574502,0.32999964987,0.29884281168,0.390307680489,0.299997577049,0.219999585777,0.199999875646,1.20999882162
SLV,0.2345172287969423,0.23000130876728664,0.8576872397319335,1.2699996540047447,1.100001310629518,1.7699701242345178,1.2595641682059227,1.6499994486408998,1.8400086465120586,0.2099971966110142,0.22000090683070225,0.24999769574634775,0.12739297058753332,0.23999234645871464,0.015708951849309972,0.00888466412734302,0.02000001840182031,0.18999739289128356,0.019999999999999997,1.8199991439740528,0.48999908750798427,1.4690535751025358,2.7191197233013407,2.7999711843242725,1.6800754338205102,3.2499695834966813,3.700040150381429,0,0.32000279173646007,3.449960023638197,0.03999927001970947,4.287229714955316,0,0,0,0,0,0,0,0,0,0,0,0,0,0.10999953303343703,0.09999751969773384,0.1664714320146105,0.10000029219346714,0.08,0.07999449073755252,0.20000392480081633,0.2699983079694638,0.36999667237117323,0.04999852529125497,0.11999663214616486,0.5399995989009887,0.0699995575808521,0.19973287050924873,0.1699953956684534,0.2200004634027665,0.12999800677695833,0.1800011973821445,0.2536867586466888,0.16678565723704605,0.019999999999999997,0.07000036500346753,0,0,0,0.11999767921874828,0.03495397918394308,0.3000082413054228,0.2849998399129126,0.31998821623214024,0.2999966661110185,0.38001073537305424,0.30000553036168565,0.22,0.19999986528350944,1.209998821621472
SRB,0.2345184242463535,0.23000153147174435,0.7900186010599094,0.31007057679921557,1.0999748279912738,1.7700063874441099,1.2595641682059227,1.3997954018336283,1.3068353894177782,0.20999964717606887,0.22000027037024747,0.22984559386580863,0.12739297058753332,0.7299442067679023,0.015708951849309972,0.00888466412734302,0.0071185728801959796,0.19000228128208052,0.01999977878797934,1.8199973873686959,0.4899953964026174,1.8045707227173948,1.873079855252421,2.763904848138176,1.6799719232569021,3.2499874036775838,3.700040150381429,0,0.32000501378791685,3.4499041883383517,0.04000066363606198,3.469961484467802,0,0,0,0,0,0,0,0,0,0,0,0,0,0.1100001293271478,0.10000177292390612,0.1642005769119434,0.1,0.08000192597823645,0.0799991208404765,0.20000682558913363,0.26999809188627644,0.3700000539241367,0.04999935421375525,0.12000000000000001,0.42999819505444925,0.06999999999999999,0.09701588144169204,0.16999734379150327,0.21999516126030555,0.13000029244530228,0.2,0.2536867586466888,0.1299994892834647,0.020000208012647167,0.06999954375399214,0,0,0,0.11999927457341808,0.10107700347357922,0.3000056589893045,0.2800034928396787,0.31999422608982553,0.2999954658807527,0.37999124023651365,0.29999209985779746,0.22000529007229763,0.19999986528350944,1.209998821621472
STP,0.698643491596,0.349999768407,1.12757447026,0.820218419782,1.10000161587,1.76999589316,1.18820047102,1.39895440966,1.83235013939,0.209999973851,0.273332457358,0.159999874072,0.125051330197,0.768933325181,0.0178544347179,0.00888466412734,0.0071185728802,0.0800006825104,0.0200001358468,1.83412440292,0.550279495649,2.24268438802,2.25799077909,2.5501840497,1.92640568801,3.24999246812,3.70004015038,0,0.367773260121,3.4888815097,0.0400001368852,4.92583229524,0,0,0,0,0,0,0,0,0,0,0,0,0,0.130000231176,0.0990167397599,0.193031616299,0.0999996926835,0.125662411032,0.088587211596,0.200000234889,0.288744470889,0.370001267344,0.0399994663049,0.116666060271,0.294417310129,0.069999772336,0.145794723586,0.22000072051,0.219999542956,0.15629829765,0.229998971948,0.247536992574,0.158313464171,0.0200000685182,0.0700000789892,0,0,0,0.1209029676,0.114957834482,0.330001252492,0.308100115054,0.330000774743,0.300001358035,0.397426350368,0.299998452304,0.219999896972,0.199999865284,1.20999882162
SUR,0.2345185196574363,0.22999989377184316,1.32999361255589,0.3100698127090137,1.100001310629518,1.7699661075866864,1.2595641682059227,1.3997954018336283,1.8158274135025485,0.2099996518227081,0.22000088864959236,0.25,0.12739297058753332,0.30907222818586105,0.015708951849309972,0.00888466412734302,0.02000023609313087,0.19000381533765737,0.020000608346514175,1.8200214707461084,0.4900161030595813,1.4690535751025358,2.089006840383541,2.8000126955914557,1.6799842162375456,3.2499874036775838,3.700040150381429,0,0.32000268252336034,3.4607270574104385,0.03999993537990197,4.287229714955316,0,0,0,0,0,0,0,0,0,0,0,0,0,0.10999855720675226,0.09999904799078456,0.24228728549666925,0.0999997855968234,0.08000197355437141,0.08000058116727447,0.1999952571232081,0.26999988375201983,0.3700004570314285,0.04999907829004369,0.11999663214616486,0.4304586057445289,0.06999968713825361,0.05869681364182782,0.16999804420105613,0.21999279167953867,0.12999735791859607,0.18000009708219464,0.2536867586466888,0.1532605411070756,0.020000138205992737,0.06999908750798431,0,0,0,0.12000053504894888,0.0388524227673798,0.29999507922448576,0.2849966381711651,0.31999743899608646,0.3000029830265788,0.3799985051199641,0.29999679743864066,0.22000634786288617,0.19999986528350944,1.209998821621472
SVK,0.23451811984821602,0.23000456256416105,0.7900231563248166,0.31007587038218815,1.1000030265427803,1.7699701242345178,1.2595641682059227,1.3997954018336283,1.3665245172995715,0.20999964717606887,0.2199995468654417,0.22984559386580863,0.12739297058753332,0.7299442067679023,0.015708951849309972,0.00888466412734302,0.0071185728801959796,0.18999974315874787,0.02,1.8199667723908775,0.4900010281719104,1.304334250272427,1.9936843437180245,2.7998905009581163,1.680009733544227,3.2499874036775838,3.7000401503814286,0,0.32000100274501453,3.4499498129391366,0.04,3.4700510952597763,0,0,0,0,0,0,0,0,0,0,0,0,0,0.10999875334023512,0.10000045670650669,0.1953306239385571,0.09999999999999999,0.07999945628534146,0.07999926737243122,0.19999563928135358,0.2700004309663703,0.3700039637973178,0.05000138617704253,0.12000465495170488,0.43000911577028256,0.07000245849669397,0.10423696566995679,0.16999526874937276,0.22000142587245572,0.13000029746460998,0.19999929875248065,0.40589916298432305,0.16077629919606948,0.020000291209831246,0.07,0,0,0,0.12280347439133968,0.10329422040524189,0.29999538681551874,0.280003590825441,0.3199991640019228,0.30000881678716274,0.37999828237718997,0.30000553036168565,0.2200010579771477,0.20000365003467532,1.209998821621472
SVN,0.23451886141060058,0.229998019372424,0.7899929661806361,0.31007171186007854,1.1,1.7699516622274833,1.2595641682059227,1.3997954018336283,1.3709839534030546,0.20999964717606887,0.22000020335555145,0.22984559386580863,0.12739297058753332,0.1712283855653486,0.015708951849309972,0.00888466412734302,0.0071185728801959796,0.1899974312562352,0.02,1.8199867845568105,0.48997412677878394,1.4690535751025358,1.9746506370630466,2.7999817501596858,1.6800306134463674,3.2499999999999996,3.700040150381429,0,0.32,3.449886853054968,0.03999856866814571,3.470004679457183,0,0,0,0,0,0,0,0,0,0,0,0,0,0.10999999999999999,0.09999775626283136,0.17804682937759223,0.09999935509251198,0.08,0.07999920537168739,0.20000516422226816,0.2699994229548558,0.3700000539241367,0.05000027900073097,0.12000292120061345,0.4300071307603173,0.0699995719191491,0.09102329884844686,0.16999990181928856,0.220002014808845,0.12999992252686382,0.19999999999999998,0.25586666848825984,0.15584882544925951,0.02000025171797518,0.06999846852825566,0,0,0,0.11999793272561331,0.1002784999764928,0.3000044442469223,0.279996730156135,0.32000150429664725,0.3000070846617074,0.38001079125273746,0.29999561095505617,0.220008712969878,0.19999999999999998,1.209998821621472
SWE,0.23451843261349312,0.23000275803792009,0.7900045355391893,0.31006451875521546,1.100001889561433,1.7699918554493077,1.2595641682059227,1.3997954018336283,1.2939996638522748,0.20999964717606887,0.21999986657527074,0.24999155119972963,0.12739297058753332,0.7299442067679023,0.015708951849309972,0.00888466412734302,0.0071185728801959796,0.18999789926999633,0.02,1.8199883741365093,0.48998419313119707,0.6531729253158289,2.337185195560908,2.8000336927223723,1.6800076173548735,3.2499874036775838,3.7000401503814286,0,0.32,3.4500779772372825,0.03999929807321097,4.287229714955316,0,0,0,0,0,0,0,0,0,0,0,0,0,0.10999959526732593,0.10000103730135679,0.18210046293747797,0.0999997064616595,0.07999970314958292,0.07999751830251893,0.2,0.27000033181803096,0.37000224618149147,0.05000014463449417,0.11999938830437973,0.4299984719993888,0.06999976152433644,0.10813467616482149,0.1699998402632462,0.22000205959082797,0.12999981857326012,0.2000007320269093,0.2424028580228331,0.16736680461152623,0.020000367468053244,0.06999966748431422,0,0,0,0.11999986017017289,0.10047888461385472,0.3000022635701028,0.27999843605416463,0.31999745637224175,0.3000096767950454,0.3800026719086971,0.3000041477139183,0.220008712969878,0.19999999999999998,1.209998821621472
SWZ,0.6986429499668649,0.34999950914463546,1.3299996349965324,0.8219874337733692,1.0999959444662242,1.7699607628433252,1.2595641682059227,1.3987255142815602,1.8616235999257422,0.20999964717606887,0.27333235257865585,0.1600012517211165,0.12739297058753332,1.4099997910397861,0.015708951849309972,0.00888466412734302,0.0071185728801959796,0.07999868940548158,0.02000019691389185,1.8583553210202288,0.7009750391510209,2.3317362353386866,2.324715322639999,2.491855136333527,1.9264492327014406,3.250045061283345,3.700040150381429,0,0.3229491836744078,3.4607270574104385,0.04000073000693506,5.099997965453398,0,0,0,0,0,0,0,0,0,0,0,0,0,0.13000254366627098,0.09800045530429503,0.25957567923607816,0.09999955721060393,0.15999763182822863,0.09000181572940444,0.19999622627268954,0.29,0.3700000539241367,0.03999971639452358,0.116667060519413,0.24000114600045838,0.06999800915787378,0.1262132688799341,0.220001308415291,0.22,0.1582919056724028,0.22999574203268808,0.2536867586466888,0.16650430438264416,0.020000138205992737,0.07,0,0,0,0.12000030605909565,0.11013716704456245,0.33000643474213115,0.2834282371618454,0.3300055799509935,0.30000700133025276,0.3819993484968433,0.29999679743864066,0.2199993181046083,0.19999986528350944,1.209998821621472
TCD,0.698643591168,0.350000617223,1.00301317561,0.820866500175,1.10000288723,1.76999315101,1.17572498957,1.39872788314,1.83442952133,0.209999301127,0.273333071835,0.176118401214,0.12515085567,0.730037708114,0.0166992086195,0.00888466412734,0.0071185728802,0.0882338134471,0.0200000070631,1.79309974874,0.538685110106,2.22365965054,2.07675404825,2.5965130645,1.91172677232,3.24998740368,3.70004015038,0,0.366832960517,3.49104097678,0.040000062601,4.66234136842,0,0,0,0,0,0,0,0,0,0,0,0,0,0.129999464904,0.101284191082,0.169612890789,0.0999999588663,0.135349177109,0.0869597339501,0.199997602608,0.28864774256,0.370000363463,0.0407598888013,0.117092672623,0.342554749036,0.0846243882295,0.146926302802,0.219999187099,0.21999929681,0.156143393132,0.229999104302,0.248381512519,0.15932303758,0.0200001606468,0.069999986898,0,0,0,0.120823667415,0.118212944524,0.329997319607,0.29773574502,0.32999964987,0.29884281168,0.390307680489,0.299997577049,0.219999585777,0.199999875646,1.20999882162
TGO,0.698643591168,0.350000617223,1.00301317561,0.820866500175,1.10000288723,1.76999315101,1.17572498957,1.39872788314,1.83442952133,0.209999301127,0.273333071835,0.176118401214,0.12515085567,0.730037708114,0.0166992086195,0.00888466412734,0.0071185728802,0.0882338134471,0.0200000070631,1.79309974874,0.538685110106,2.22365965054,2.07675404825,2.5965130645,1.91172677232,3.24998740368,3.70004015038,0,0.366832960517,3.49104097678,0.040000062601,4.66234136842,0,0,0,0,0,0,0,0,0,0,0,0,0,0.129999464904,0.101284191082,0.169612890789,0.0999999588663,0.135349177109,0.0869597339501,0.199997602608,0.28864774256,0.370000363463,0.0407598888013,0.117092672623,0.342554749036,0.0846243882295,0.146926302802,0.219999187099,0.21999929681,0.156143393132,0.229999104302,0.248381512519,0.15932303758,0.0200001606468,0.069999986898,0,0,0,0.120823667415,0.118212944524,0.329997319607,0.29773574502,0.32999964987,0.29884281168,0.390307680489,0.299997577049,0.219999585777,0.199999875646,1.20999882162
THA,0.23452031214182983,0.2300001530739696,0.8576872397319335,0.31007332379737373,1.100001310629518,1.769979012683639,1.2595641682059227,1.3997954018336283,1.8158274135025485,0.20999875754288996,0.22,0.25000362108922364,0.12739297058753332,0.21538709071894024,0.015708951849309972,0.00888466412734302,0.019999810831772696,0.1899990135148466,0.020000608346514175,1.83002822201317,0.4899829669884013,2.8014112384849263,2.6131917244848397,2.8000000000000003,1.6800286794420545,3.2499874036775838,3.700040150381429,0,0.31999933780681616,3.4499498129391366,0.04000073000693506,3.469973483075963,0,0,0,0,0,0,0,0,0,0,0,0,0,0.1100016635552023,0.1,0.23090959083289128,0.10000048114165291,0.060000000000000005,0.07999968190348952,0.20000392480081636,0.269999873731528,0.3700000539241367,0.0500013984840433,0.11999890630447116,0.4304586057445289,0.0699990135148466,0.13373313892209385,0.17000243842965132,0.2200004634027665,0.12999752335125955,0.19999905984553262,0.2536867586466888,0.1431663799777713,0.020000371002448617,0.07000036500346753,0,0,0,0.1360139762598859,0.03489797517433823,0.30000507073677807,0.27999999999999997,0.3199985137662402,0.2999962215672939,0.4,0.30000516849286746,0.21999770009199632,0.20000282949465226,1.209998821621472
TJK,0.23451840318325332,0.23000174053710928,0.7900004380009635,0.3100760177276863,1.100001310629518,1.7699982019124638,1.2595641682059227,1.3997954018336283,1.349288035511087,0.20999964717606887,0.22000005579438653,0.22984559386580863,0.12739297058753332,0.7299442067679023,0.015708951849309972,0.00888466412734302,0.0071185728801959796,0.19000228128208052,0.02,1.8199895714827454,0.4899925205684368,1.4690535751025358,2.43465127759103,2.763904848138176,1.6799890500958115,3.2499874036775838,3.700040150381429,0,0.3229491836744078,3.4500547511862756,0.03999993537990197,4.287229714955316,0,0,0,0,0,0,0,0,0,0,0,0,0,0.10999977716728689,0.09999987631737457,0.17221255477885936,0.09999999999999999,0.08000044403987479,0.08011729439778292,0.1999978152445725,0.2724145707404766,0.3700000539241367,0.050000532226302616,0.11944368183164543,0.4304586057445289,0.07000048695099478,0.10187581599442906,0.16999682311435116,0.2200012036487753,0.12999844969252236,0.199993067831271,0.22000237840409087,0.17730991084189082,0.02,0.06999957368764619,0,0,0,0.11999763705103969,0.10875899249498917,0.2999929263634435,0.2800019210450485,0.3200043669711416,0.2999940489178949,0.3819993484968433,0.29999679743864066,0.2199993181046083,0.19999986528350944,1.209998821621472
TKM,0.555343863533,0.230001055892,0.800413457096,0.605430369275,1.09999650467,1.7700093242,1.24798271928,1.32729184822,1.72929848816,0.21000006428,0.219999915148,0.236047304116,0.127392970588,0.699179240773,0.0157089518493,0.00888466412734,0.0071185728802,0.190000257282,0.0199999651765,1.75939606017,0.571147571373,1.47736846063,1.82893573511,2.78611729467,1.67998892055,3.24997825801,3.70004015038,0,0.31999699231,3.45409577727,0.0399998569422,3.97290727113,0,0,0,0,0,0,0,0,0,0,0,0,0,0.109999999461,0.100000122386,0.172052167575,0.100000481306,0.0799999630638,0.0800003404054,0.199999675067,0.269999262431,0.369999434223,0.0500000139183,0.119999292356,0.429998689254,0.0699992598708,0.0998305498317,0.170000091689,0.21999874723,0.130030211413,0.200000200458,0.284938952519,0.157337441258,0.0200001751077,0.0699998351515,0,0,0,0.120208177166,0.104093943524,0.300002104606,0.280001689986,0.319998811208,0.299997674375,0.379997076614,0.299999959719,0.220002835682,0.200000447553,1.20999882162
TLS,0.234517434419,0.230000343179,1.17256470078,0.46071850044,1.09998449604,1.76999559335,1.25956416821,1.39979540183,1.84950659842,0.20999904297,0.219998808728,0.243281472371,0.15492905127,0.596619517763,0.0157089518493,0.00888466412734,0.0199999145919,0.189998995592,0.019999943979,1.78289638153,0.560319599024,2.93562895978,2.47475382246,2.80000576354,1.68003231002,3.24998878609,3.70004015038,0,0.321963659547,3.45358618915,0.0400004651313,4.28722971496,0,0,0,0,0,0,0,0,0,0,0,0,0,0.11186502808,0.10407840563,0.181321265033,0.100000140487,0.0666266646593,0.080039517182,0.199996721446,0.270001325097,0.370000053924,0.0500008109202,0.120000887039,0.430458605745,0.0699995457776,0.123743731528,0.170001646296,0.219995819948,0.129999672323,0.199998680385,0.247578279312,0.155620251097,0.0199999901387,0.0700004110328,0,0,0,0.122502111854,0.0618911052397,0.299998409768,0.28113930913,0.320003792487,0.299993982475,0.387999565665,0.300000461418,0.220001114138,0.200001126867,1.20999882162
TTO,0.23451819638955781,0.2299996554799738,0.7899986051053145,0.31007474269885615,1.0999854000389333,1.7699982019124638,1.2595641682059227,1.3997954018336283,1.840044315403423,0.2099979883323275,0.21999994792222705,0.25,0.21000137935425,0.26364146456170995,0.015708951849309972,0.00888466412734302,0.0071185728801959796,0.19000284134373702,0.019999999999999997,1.8200020857232244,0.4900019151261167,0.9438252046326956,2.7436712458732835,2.800083428928981,1.6800041320891153,3.2500661239603845,3.700040150381429,0,0.3200004951843324,3.449914834942007,0.039999999999999994,4.287229714955316,0,0,0,0,0,0,0,0,0,0,0,0,0,0.10999829388519232,0.11223275215716395,0.19039868233563143,0.1000008363371777,0.07999999999999999,0.08000134376994658,0.20000392472379758,0.2700004911778992,0.36999379762537654,0.04999892993194367,0.11999936170552283,0.42999819505444925,0.06999988740387106,0.12039487960787745,0.16999877512691047,0.2200090996410697,0.13000099161702225,0.19999957237179705,0.2536867586466888,0.1408355333508961,0.02,0.07000033181803099,0,0,0,0.11999912510367226,0.10000321941953866,0.2999962274116271,0.27999711843242725,0.32000034085195944,0.3000039427512518,0.3800119535519126,0.2999981565800874,0.22000291853635398,0.19999986528350944,1.209998821621472
TUN,0.3618001320773228,0.2300010138902971,0.7900004982933452,0.7620138773498206,1.100001310629518,1.7699982019124638,1.1842954239358536,0.45725043997871734,1.594473547406726,0.20999964717606887,0.22000012862025833,0.22984559386580863,0.12739297058753332,0.7299442067679023,0.015708951849309972,0.00888466412734302,0.0071185728801959796,0.18999908750798428,0.019999239601551214,1.8200282585658776,0.4900161030595813,1.888549141146189,2.5914852072426777,2.799964390634737,1.6800500573573887,3.2499874036775838,3.700040150381429,0,0.31999883013570424,3.4499675214203966,0.039999552151910076,4.287229714955316,0,0,0,0,0,0,0,0,0,0,0,0,0,0.1099997808448565,0.09999966503763302,0.16772013476029918,0.09999964907478569,0.08,0.08,0.19999999999999998,0.2700061753060409,0.3700000539241367,0.04999849095326482,0.11999618302399924,0.43000140984068796,0.06999939632563537,0.11328121441673057,0.17000115780942454,0.2199968498453937,0.13038939149838633,0.19999916003796628,0.5097845049760121,0.17672685528334886,0.019999380881624566,0.07000274736057145,0,0,0,0.12000205910354385,0.10265544606423302,0.30000000000000004,0.2799980127186009,0.31999754723280166,0.30000743881574055,0.3800047169281567,0.29999539149269555,0.21999529798989065,0.19999986528350944,1.209998821621472
TUR,1.2772013427015583,0.23000143642705345,0.7900135051282987,1.2700000204024589,1.1000011698779817,1.769996871415163,1.2595641682059227,1.3997954018336283,1.8158274135025485,0.20999964717606887,0.22000030000637513,0.22984559386580863,0.12739297058753332,0.3299996488394143,0.015708951849309972,0.00888466412734302,0.0071185728801959796,0.18999908750798428,0.0199997126023854,1.8200034526980367,0.4900022217285047,0.6684646150384022,1.580773349517528,2.7999809566128158,1.6800372772104222,3.2499874036775838,3.700040150381429,0,0.3199911150599734,3.449906890130354,0.04000011145041571,3.470012478552488,0,0,0,0,0,0,0,0,0,0,0,0,0,0.10999988486420587,0.09999928092990146,0.16323772266201766,0.10000044079272163,0.07999969199494872,0.08,0.20000523299929351,0.2700037791596523,0.3700000539241367,0.0500000692310781,0.12000055052437447,0.42998854032373585,0.06999947739448666,0.10153951538406351,0.16999950194242452,0.2199965503363422,0.13038939149838633,0.2000012100384792,0.6636452205419822,0.17440459424122287,0.019999670488994332,0.06999957368764619,0,0,0,0.11999701659852703,0.10719560012290591,0.3,0.2799969507546882,0.31999217291829735,0.2999940489178949,0.3800051100485454,0.30000921743939535,0.2199957177223321,0.20000365003467532,1.209998821621472
TZA,0.6986415809197716,0.34999926150755845,0.8576872397319335,0.8219880791630865,1.100001310629518,1.7699982019124638,1.1687323184696214,1.3987303862321243,1.9045061532622427,0.20999991064926707,0.27333320211200723,0.15999995512772333,0.12375091367805523,1.3974520240819819,0.02,0.00888466412734302,0.0071185728801959796,0.08000132727212396,0.020000618658747832,1.8583595233566703,0.48999568636559704,1.980450986064312,2.6786507495835647,2.4918331964595306,1.9264056770338178,3.250018775816748,3.700040150381429,0,0.38000080334190234,3.4607270574104385,0.03999993537990197,5.099939835550505,0,0,0,0,0,0,0,0,0,0,0,0,0,0.12999970464010396,0.09800070385949623,0.3799734671608,0.09999600623028075,0.15999775646418754,0.08999380207974658,0.19999999999999998,0.29000025229740817,0.36999970651248787,0.03999922751588421,0.11666889274742887,0.24000114600045838,0.07000036500346754,0.07545912187213367,0.21999568569125444,0.21999848064724428,0.1582903127846948,0.2299974862441695,0.24997919397773413,0.16316762785416233,0.02,0.07000036500346753,0,0,0,0.12199089168938171,0.111456527418244,0.3299955948629325,0.3099946827670194,0.33000130242250586,0.30000991866693116,0.39999026669262217,0.30000553036168565,0.22000634786288617,0.19999986528350944,1.209998821621472
UGA,0.698643591168,0.350000617223,1.00301317561,0.820866500175,1.10000288723,1.76999315101,1.17572498957,1.39872788314,1.83442952133,0.209999301127,0.273333071835,0.176118401214,0.12515085567,0.730037708114,0.0166992086195,0.00888466412734,0.0071185728802,0.0882338134471,0.0200000070631,1.79309974874,0.538685110106,2.22365965054,2.07675404825,2.5965130645,1.91172677232,3.24998740368,3.70004015038,0,0.366832960517,3.49104097678,0.040000062601,4.66234136842,0,0,0,0,0,0,0,0,0,0,0,0,0,0.129999464904,0.101284191082,0.169612890789,0.0999999588663,0.135349177109,0.0869597339501,0.199997602608,0.28864774256,0.370000363463,0.0407598888013,0.117092672623,0.342554749036,0.0846243882295,0.146926302802,0.219999187099,0.21999929681,0.156143393132,0.229999104302,0.248381512519,0.15932303758,0.0200001606468,0.069999986898,0,0,0,0.120823667415,0.118212944524,0.329997319607,0.29773574502,0.32999964987,0.29884281168,0.390307680489,0.299997577049,0.219999585777,0.199999875646,1.20999882162
UKR,0.23451849725563875,0.23000163585800754,0.79000023934324215,0.3100721820379358,1.100002161897281,1.769997349589186,1.1842594470760897,1.3997954018336283,2.310017750166408,0.20999964717606887,0.2200000626788742,0.22984559386580863,0.12739297058753332,0.7299442067679023,0.015708951849309972,0.00888466412734302,0.0071185728801959796,0.18999862263696154,0.02,1.6886973699762509,0.48998655268466057,2.1556851492788196,1.8627994323741819,2.8000146001387014,1.6799842162375456,3.2499874036775838,3.700040150381429,0,0.31999799451835015,3.4607270574104385,0.04,4.287229714955316,0,0,0,0,0,0,0,0,0,0,0,0,0,0.10999960190906719,0.10000031029496638,0.1737749292202759,0.09999999999999999,0.08000235082082828,0.08000295159386069,0.19999345892203038,0.27000317426727327,0.3700000539241367,0.04999931168348453,0.12000461733810458,0.4300022920009168,0.07000079636855937,0.10025501066574585,0.17000190005700172,0.21999741357013536,0.129999869113374,0.2,0.2675012744158388,0.14754035740499744,0.02000021335153933,0.07000036500346753,0,0,0,0.12098310877544365,0.10191797382574988,0.3,0.28,0.32000144206503717,0.30000000000000004,0.37999380613192935,0.2999981565800874,0.22000391849529782,0.20000365003467532,1.209998821621472
URY,0.23451833204586664,0.2300006957751405,1.3300077866459021,0.31007286833776837,1.100001310629518,1.7700037695256834,1.2595641682059227,1.3997954018336283,1.8400899186065738,0.2100016614055491,0.21999932768178568,0.24999927288591578,0.12739297058753332,0.34000199163513245,0.015708951849309972,0.00888466412734302,0.02000036036685346,0.19000030041156385,0.020000663658083357,1.8200281883560405,0.49000417144644903,0.745861466452404,2.0651243175413962,2.8000146001387014,1.6800148116800677,3.2499874036775838,3.700040150381429,0,0.32000597384310125,3.449970800077866,0.04,4.287229714955316,0,0,0,0,0,0,0,0,0,0,0,0,0,0.1099997594476919,0.09999999999999999,0.17026251334324977,0.09999949202736956,0.08000055698411666,0.07999971305183719,0.20000392472379758,0.269998499174546,0.3700000539241367,0.050000959895563364,0.11999917421343831,0.5399887694529119,0.07000167744580918,0.08718119144956482,0.16999903624461593,0.2199988966560798,0.13000137494843944,0.18000033945401248,0.23153015322612147,0.17135051057486408,0.02000026367831246,0.07000208572322453,0,0,0,0.11999975620459312,0.03490425220747571,0.30000128612400806,0.28501614941721665,0.3200047225501771,0.29999206538125844,0.3800047169281567,0.2999951910360913,0.22001255267640993,0.19999986528350944,1.209998821621472
USA,0.23451795887217486,0.2299983386918664,0.789990875271987,0.3100696545957689,1.0999959444662242,1.7699989861097032,1.2595641682059227,0.4572414798969322,2.3100222375584694,0.21000506952491307,0.22000005249908783,0.2500039237228282,0.20999691334207887,0.6162106767874083,0.015708951849309972,0.00888466412734302,0.0071185728801959796,0.1900004825424792,0.020000598372427,1.819999505085249,0.490017155162974,0.8008103133679212,2.481539715656217,2.799981750159686,1.6800032756583487,3.2499866943424345,3.700040150381429,0,0.3199844024176252,3.450049275468117,0.03999859619569032,3.469957884885353,0,0,0,0,0,0,0,0,0,0,0,0,0,0.11000042433114803,0.10000119280974286,0.18380320541561584,0.09999948142911222,0.07999856569133677,0.07999767864742523,0.20000392480081633,0.2699993122384522,0.3700032647730983,0.05000063646431345,0.12000407023415152,0.43000802200320876,0.07000145394625246,0.1191605323136188,0.1699997740658928,0.22000046340276655,0.12999983570061366,0.19999955258621946,0.23120119388624416,0.15320300570183562,0.020000696221259114,0.06999957368764619,0,0,0,0.11999988245389252,0.1001550533829319,0.2999922657488689,0.27999638393563403,0.3199984911069617,0.30000396746677244,0.37999222621708295,0.3,0.21999319433273523,0.19999986528350944,1.209998821621472
UZB,0.2345184894237131,0.22999553989969326,0.7899925881382243,0.3100645705920917,1.100001310629518,1.7700450176420488,1.2595641682059227,1.3997954018336283,1.8128227464645037,0.20999964717606887,0.21999996406374372,0.22984559386580863,0.12739297058753332,0.7299442067679023,0.015708951849309972,0.00888466412734302,0.0071185728801959796,0.1870487538260961,0.020000365003467534,1.6886973699762509,0.7009750391510209,2.434952873544296,2.3201309741455654,2.763904848138176,1.7355791338613975,3.2499874036775838,3.700040150381429,0,0.3229491836744078,3.4499377851513895,0.04000073000693506,4.287229714955316,0,0,0,0,0,0,0,0,0,0,0,0,0,0.11000017377450107,0.09999999999999999,0.17307679473441845,0.1,0.07999914744874036,0.08000068868151923,0.19999439336174032,0.2724145707404766,0.3700000539241367,0.04999864819195674,0.12,0.4304586057445289,0.07000071044905336,0.09190848922830609,0.1699996914232273,0.21999773396782232,0.1300011950286807,0.19999621470209705,0.2315551898936189,0.16732366693838488,0.020000000000000004,0.06999957368764619,0,0,0,0.12102036484302911,0.1006559134412678,0.2999977662117185,0.2834282371618454,0.31999999999999995,0.29999206538125844,0.3819993484968433,0.29999679743864066,0.2199993181046083,0.19999986528350944,1.209998821621472
VCT,0.23451845884551298,0.22999982897309745,0.8576872397319335,0.3100697631723885,1.100001310629518,1.7699173773102828,1.2595641682059227,1.3997954018336283,1.8158274135025485,0.21000147297098248,0.22000199118024283,0.2499984656646434,0.21000098702067807,0.17000044822632127,0.015708951849309972,0.00888466412734302,0.0071185728801959796,0.18999810390595376,0.02000019691389185,1.8199957417039268,0.48998467041389887,2.433231923846037,2.089006840383541,2.799925512104283,1.6799932094049743,3.2499874036775838,3.700040150381429,0,0.319994752033587,3.4607270574104385,0.03999993537990197,4.287229714955316,0,0,0,0,0,0,0,0,0,0,0,0,0,0.11000105552037154,0.1,0.2628102477441948,0.0999999017605492,0.08000119071539669,0.07999947826994312,0.19999042787403085,0.2699995164888804,0.3699991401194112,0.050000249726549435,0.11999668087666344,0.4304586057445289,0.0699994592548532,0.14070280535498558,0.16999764746139698,0.21999999999999997,0.1299985237984774,0.1999998448290443,0.2536867586466888,0.1532605411070756,0.020000138205992737,0.06999903947747575,0,0,0,0.11999635659666658,0.10103413051456407,0.3000024252419179,0.2800054499625315,0.320001539394056,0.29999594336943736,0.38000324447088085,0.2999966818196901,0.2199878598681929,0.19999986528350944,1.209998821621472
VEN,0.23451781525519697,0.23000039570077926,1.330027983939652,0.31007122172296775,1.100001310629518,1.7699890812665733,1.2595641682059227,1.3997954018336283,1.8399767344638929,0.2099989129750728,0.21999923918694442,0.24999547372042077,0.21000108825769942,0.21368527833844034,0.015708951849309972,0.020000632031348754,0.020000231562331758,0.19000332792992025,0.019999999999999997,1.819996128800343,0.4899910779463054,0.5845560938248495,2.02222203314024,2.8000146001387014,1.6799890500958115,3.2500187758167485,3.700040150381429,0,0.31999352086820365,3.4607270574104385,0.04000060834651418,4.287229714955316,0,0,0,0,0,0,0,0,0,0,0,0,0,0.11000029932054237,0.1000004315571878,0.1512577734764643,0.10000115448111846,0.08,0.08000175989205996,0.1999978152445725,0.27,0.3699990153224391,0.049999999999999996,0.12000170232428062,0.4304586057445289,0.06999944912686608,0.19766086907019326,0.1699986595430957,0.22000173777044052,0.12999693859465383,0.18000012737961035,0.19017296647389256,0.16503931107993491,0.02,0.07000033181803099,0,0,0,0.12000374184453291,0.0349494320653887,0.3,0.28500120569086085,0.32000475878888823,0.30000417623721026,0.3799902667231825,0.3000110607233713,0.2200012545215046,0.19999986528350944,1.209998821621472
VNM,0.234517434419,0.230000343179,1.17256470078,0.46071850044,1.09998449604,1.76999559335,1.25956416821,1.39979540183,1.84950659842,0.20999904297,0.219998808728,0.243281472371,0.15492905127,0.596619517763,0.0157089518493,0.00888466412734,0.0199999145919,0.189998995592,0.019999943979,1.78289638153,0.560319599024,2.93562895978,2.47475382246,2.80000576354,1.68003231002,3.24998878609,3.70004015038,0,0.321963659547,3.45358618915,0.0400004651313,4.28722971496,0,0,0,0,0,0,0,0,0,0,0,0,0,0.11186502808,0.10407840563,0.181321265033,0.100000140487,0.0666266646593,0.080039517182,0.199996721446,0.270001325097,0.370000053924,0.0500008109202,0.120000887039,0.430458605745,0.0699995457776,0.123743731528,0.170001646296,0.219995819948,0.129999672323,0.199998680385,0.247578279312,0.155620251097,0.0199999901387,0.0700004110328,0,0,0,0.122502111854,0.0618911052397,0.299998409768,0.28113930913,0.320003792487,0.299993982475,0.387999565665,0.300000461418,0.220001114138,0.200001126867,1.20999882162
VUT,0.234517434419,0.230000343179,1.17256470078,0.46071850044,1.09998449604,1.76999559335,1.25956416821,1.39979540183,1.84950659842,0.20999904297,0.219998808728,0.243281472371,0.15492905127,0.596619517763,0.0157089518493,0.00888466412734,0.0199999145919,0.189998995592,0.019999943979,1.78289638153,0.560319599024,2.93562895978,2.47475382246,2.80000576354,1.68003231002,3.24998878609,3.70004015038,0,0.321963659547,3.45358618915,0.0400004651313,4.28722971496,0,0,0,0,0,0,0,0,0,0,0,0,0,0.11186502808,0.10407840563,0.181321265033,0.100000140487,0.0666266646593,0.080039517182,0.199996721446,0.270001325097,0.370000053924,0.0500008109202,0.120000887039,0.430458605745,0.0699995457776,0.123743731528,0.170001646296,0.219995819948,0.129999672323,0.199998680385,0.247578279312,0.155620251097,0.0199999901387,0.0700004110328,0,0,0,0.122502111854,0.0618911052397,0.299998409768,0.28113930913,0.320003792487,0.299993982475,0.387999565665,0.300000461418,0.220001114138,0.200001126867,1.20999882162
WSM,0.234518949126,0.229999967111,1.0330660052,0.310071535287,1.10000540978,1.76999270367,1.22943329074,1.21128916167,1.83697503885,0.210000114513,0.220000917064,0.250000932016,0.143914453288,0.30058918754,0.016567117237,0.0111076371089,0.0174237547809,0.189999029028,0.0200003114703,1.82599969086,0.489994188827,2.05944286418,2.22312960711,2.79999592906,1.68000561793,3.24998740368,3.70004015038,0,0.319997927466,3.44999379538,0.0400001201533,3.79686163739,0,0,0,0,0,0,0,0,0,0,0,0,0,0.10999850005,0.10000017602,0.217133119822,0.100000412792,0.0639758996552,0.0799986341629,0.199998596864,0.26999883887,0.370000053924,0.0499999941489,0.11999970927,0.45209433421,0.0699996810476,0.125625601129,0.169999745231,0.219999706642,0.129999504286,0.199999552028,0.24617875944,0.15016788442,0.020000202626,0.069999963732,0,0,0,0.12533510693,0.0801730493618,0.300000213024,0.280001688158,0.319998043088,0.299999355558,0.391999462272,0.299999467598,0.219999587409,0.200001268963,1.20999877521
YEM,1.277201162688054,0.22999904527127762,0.8576872397319335,1.2699998417629714,1.100001310629518,1.7700019466614756,1.1443596415778414,1.5281808939931365,1.6524536789029265,0.20999964717606887,0.2200020766838068,0.25,0.12739297058753332,0.7299442067679023,0.015708951849309972,0.00888466412734302,0.0071185728801959796,0.18999704054453978,0.019999999999999997,1.8199850411368739,0.4900023953188626,1.142974021336575,2.422230067094703,2.763904848138176,1.6799959444388117,3.2499874036775838,3.700040150381429,0,0.319996880361878,3.449986964456418,0.03999927001970947,3.4700514740290127,0,0,0,0,0,0,0,0,0,0,0,0,0,0.11000025175282907,0.09999999999999999,0.1813332117786936,0.09999752276987359,0.08000250752256771,0.0800034435261708,0.20000392480081633,0.2699947789067834,0.3700000539241367,0.05,0.12000057254913186,0.43000233975465996,0.07000029544715927,0.1705468213800221,0.1700033388981636,0.2200040078152397,0.13000057362473472,0.19999768460901726,0.29000353775398763,0.1722785191509338,0.020000138205992737,0.0699978100591284,0,0,0,0.12000039864680538,0.12724987165402152,0.300002122105978,0.27998830702413763,0.32000461680517084,0.28493959639753674,0.37999805333852443,0.29999679743864066,0.2199993181046083,0.19999986528350944,1.209998821621472
ZAF,0.6986434137379669,0.34999904003481475,1.330002737476047,0.8219877085558038,1.1000121669302836,1.7699648197009674,1.168737684939464,1.3987261214623399,1.8671370783782961,0.20999964717606887,0.273332667203489,0.15999665756782352,0.12739297058753332,0.7299442067679023,0.015708951849309972,0.00888466412734302,0.0071185728801959796,0.0799992395870958,0.020000608346514175,1.8583634734711485,0.4899919935948759,1.7022771073037466,2.504643026790955,2.4918870491422505,1.9264069264069263,3.2499874036775838,3.700040150381429,0,0.37999642656592986,3.4607270574104385,0.039999999999999994,4.287229714955316,0,0,0,0,0,0,0,0,0,0,0,0,0,0.1300005676415911,0.09799930921015981,0.19191823848688916,0.09999847555553297,0.16000592066311425,0.09000073005134694,0.2,0.2899991701808251,0.3700000539241367,0.04,0.11666666666666668,0.23999679127226056,0.06999999999999999,0.11155092245772932,0.22000187062588705,0.22000693721817555,0.15828606469415912,0.23000079361930081,0.24953414891031356,0.16248610527397686,0.01999946554073916,0.06999756671262877,0,0,0,0.1200006785449734,0.10999978005542604,0.3299974535268653,0.30999866595517606,0.3299980275073072,0.29999206538125844,0.39999999999999997,0.3000041477139183,0.2200063478628862,0.19999986528350944,1.209998821621472
ZMB,0.698643491596,0.349999768407,1.12757447026,0.820218419782,1.10000161587,1.76999589316,1.18820047102,1.39895440966,1.83235013939,0.209999973851,0.273332457358,0.159999874072,0.125051330197,0.768933325181,0.0178544347179,0.00888466412734,0.0071185728802,0.0800006825104,0.0200001358468,1.83412440292,0.550279495649,2.24268438802,2.25799077909,2.5501840497,1.92640568801,3.24999246812,3.70004015038,0,0.367773260121,3.4888815097,0.0400001368852,4.92583229524,0,0,0,0,0,0,0,0,0,0,0,0,0,0.130000231176,0.0990167397599,0.193031616299,0.0999996926835,0.125662411032,0.088587211596,0.200000234889,0.288744470889,0.370001267344,0.0399994663049,0.116666060271,0.294417310129,0.069999772336,0.145794723586,0.22000072051,0.219999542956,0.15629829765,0.229998971948,0.247536992574,0.158313464171,0.0200000685182,0.0700000789892,0,0,0,0.1209029676,0.114957834482,0.330001252492,0.308100115054,0.330000774743,0.300001358035,0.397426350368,0.299998452304,0.219999896972,0.199999865284,1.20999882162
ZWE,0.6986432646966961,0.3500016976775771,1.3300135572009595,0.8219876109646088,1.100001310629518,1.7700113151074934,1.1687303563051006,1.3987256389872567,1.8039704493418767,0.2099997551213646,0.27333129022372044,0.16000144843568945,0.12739297058753332,1.4099533128042119,0.015708951849309972,0.00888466412734302,0.0071185728801959796,0.08000494926998267,0.02000019691389185,1.858352960621462,0.48998901449378085,2.337166119177888,1.4873014296084894,2.4919698260128973,1.9264143796701214,3.249969276146,3.700040150381429,0,0.3799887695655226,3.4607270574104385,0.03999993537990197,4.287229714955316,0,0,0,0,0,0,0,0,0,0,0,0,0,0.13000033419109047,0.09799925238968298,0.20781076385982888,0.09999790872271755,0.15999669348616774,0.08999953865317484,0.1999978152445725,0.2900032224569444,0.3700000539241367,0.039999531209713335,0.11666690106181,0.4304586057445289,0.07000071725720845,0.09121309177384031,0.21999798305768453,0.22000556096204643,0.1582897852535315,0.2300037842300812,0.2492878020007484,0.16645634902702436,0.020000000000000004,0.07000036500346754,0,0,0,0.11999908533796763,0.1100027376495173,0.3300015575110973,0.30999903947747576,0.3300149981252343,0.3000066124446208,0.3819993484968433,0.29999679743864066,0.2200010579771477,0.19999986528350944,1.209998821621472
