ISO3,wheat,rice,barley,maize,rye,oats,millet,sorghum,othr_grains,cassava,potato,sweet_potato,yams,othr_roots,sugar_cane,sugar_non,raw_sugar,sweeteners,honey,beans,peas,othr_pulse,nuts,soyabeans,groundnut,seed_sunflower,seed_rape,seed_cotton,coconuts,seed_sesame,preserved_olives,seed_oilcrop,oil_soyabeans,oil_groundnut,oil_sunflower,oil_rape,oil_cotton,oil_palmkernel,oil_palm,oil_coconut,oil_sesame,oil_olive,oil_ricebran,oil_maize,oil_oilcrop,tomato,onion,othr_vegetables,orange,lemon,grapefruit,citrus,banana,plantains,apple,pineapple,dates,grapes,othr_fruits,beef,lamb,pork,poultry,othr_meat,offals,butter,cream,fat_ani,oil_fish_body,oil_fish_liver,eggs,milk,fish_freshw,fish_demrs,fish_pelag,fish_marine,crustaceans,cephalopods,othr_molluscs,fish_aquatic,fish_aquaticplant
AGO,0.01736369464605766,0.02000020082539236,0.047163211524646094,0.01850912678835718,0.04264114575202364,0.009610176296674818,0.014001888980126944,0.019782349664517314,0.023687259728731768,0.006766647047987888,0.0122,0.006499973052433366,0.004217707384520786,0.010306321698570611,8.454202645605357e-5,9.911357240928427e-4,0,2.0000365003467531e-4,0.0020999903947747575,0.016400008066305028,0.03016878566804678,0.02738152954202151,0.014620018713434392,0.020306036499766027,0.15459996741078702,0.08312871686267664,0.04033596267715211,0,0.005500095718205603,0.03400087599766401,3.4345074177289563e-4,0.018665678592273638,0,0,0,0,0,0,0,0,0,0,0,0,0,0.005577828412172341,0.001912535063706107,0.007070241446630789,0.0022856924628028475,0.0022136612320050124,0.002234109084291353,0.004289856982798391,0.005699976679104477,0.006383147611635203,9.000093231400336e-4,0.0014999926217775612,0.015216276675336496,0.0018799899887373297,0.008604747625682065,0.05600010864841373,0.03449961737947454,0.03800018830618586,0.08450100408402716,0.0780004965654225,0.07570714713909023,8.000221092195446e-4,3.993398788635677e-4,0,0,1.1120249214472152e-5,9.86357435197817e-4,9.016663205150738e-4,0.01870073624945864,0.03400073773515308,0.0939989291156967,0.029380287231949638,0.022080154761470235,0.021001013918333485,0.0107129320615906,0.012170870575877983,0.004700108502741329
ALB,0.012967969254250788,0.04113,0.04603978465188429,0.027718221215366236,0.04270047940727828,0.009610176296674818,0.025577065878170997,0.019782349664517314,0.023687259728731768,0.005989286938354921,0.01066003097645097,0.005570020944402132,0.004217707384520786,0.010306321698570611,8.454202645605357e-5,9.911357240928427e-4,0,4.0000443095464916e-4,0.0012100376909343384,0.019549731234328394,0.03016878566804678,0.023585620089980656,0.015073415912556929,0.01623024418731978,0.12066169569298155,0.08312871686267664,0.04033596267715211,0,0.005399859616284511,0.05224987652637651,3.7000068905097995e-4,0.018665678592273638,0,0,0,0,0,0,0,0,0,0,0,0,0,0.005940032939450385,0.0011599963918103846,0.004804961159563776,0.0037599116660175023,9.999999999999998e-4,0.0022,0.0042899920052329385,0.006649993812136462,0.006383147611635203,9.100059586560939e-4,0.005,0.016099902464684547,0.001880013171514866,0.004558334035023318,0.03540003477133151,0.06099985977657735,0.03845988897095614,0.0393399294620408,0.06355715109017843,0.04761453746712747,4.200077713801264e-4,3.8999908750798423e-4,0,0,1.1120249214472152e-5,7.499927437926048e-4,0.0012674412032977246,0.025100317488314667,0.02200072432960146,0.060999604623578396,0.029001058014459527,0.025000251724311535,0.021000698567935735,0.010500026449428691,0.012170870575877983,0.004700108502741329
ARE,0.046578687235847654,0.041130272264061546,0.047163211524646094,0.03627,0.04264114575202364,0.010017706565799894,0.025577065878170997,0.019782349664517314,0.023687259728731768,0.00854001527401048,0.010660195649939447,0.005569970274442933,0.004217707384520786,0.013000481695568401,8.454202645605357e-5,9.911357240928427e-4,0,3.9999026669262217e-4,0.0012100076318147127,0.019550189760669197,0.02889,0.02252162708149853,0.016820885375205614,0.016229621218265877,0.12065946732165155,0.08312871686267664,0.04033596267715211,0,0.005400010822594485,0.05800032444708809,3.700115266393442e-4,0.018665678592273638,0,0,0,0,0,0,0,0,0,0,0,0,0,0.005940027247166585,0.0011599852328005558,0.008853460653928311,0.0037600156820465067,0.001,0.002200031303803412,0.0042899505047641895,0.0066499890324534915,0.006383147611635203,9.099947052395598e-4,0.005,0.01610003581234332,0.0018799910068198282,0.00543331933084602,0.035399278915129055,0.06099984655516341,0.03913005757273011,0.03933987537211619,0.06753631091062312,0.04802617767782774,4.200119225037258e-4,3.899945250479058e-4,0,0,1.1120249214472152e-5,8.021023508487191e-4,0.0025174385704495495,0.02510023478417916,0.021999728701448864,0.06100087277954616,0.02899990664965616,0.02499907595638514,0.021000165910850566,0.01050004667517192,0.012170870575877983,0.004700108502741329
ARG,0.025173129497961303,0.02099984577493422,0.047163211524646094,0.020745885404799044,0.04264114575202364,0.012000147476311618,0.025577065878170997,0.019782349664517314,0.023687259728731768,0.006599907360434083,0.014400027916914967,0.006999867503125199,0.004217707384520786,0.010306321698570611,8.454202645605357e-5,9.911357240928427e-4,0,0.0029000060934738893,0.0021000091249201566,0.01900048667721134,0.03016878566804678,0.02346575940709547,0.04074490329435435,0.017529385158097408,0.12998735723469712,0.08312871686267664,0.04033596267715211,0,0.0058000833534405235,0.049999999999999996,3.4345074177289563e-4,0.018665678592273638,0,0,0,0,0,0,0,0,0,0,0,0,0,0.006299926319751077,0.0029999924623304967,0.006896445148399015,0.004000063338671878,0.0058000345083073675,0.0030000372259241337,0.004033495904845341,0.004999823841316258,0.006383147611635203,0.0019999999999999996,0.002800043818009202,0.015216276675336496,0.0023999899310275384,0.004466569585821332,0.039999953131462734,0.029000519018313933,0.04899998730948362,0.06400061321077816,0.07062817102644614,0.03849493389850094,0.0013000168152009417,0.001,0,0,1.1120249214472152e-5,9.999868027740569e-4,0.0010000036355124688,0.021199902989146913,0.024999770210028034,0.03399927219796216,0.022000105797714768,0.019000449236298296,0.01489976496612747,0.018000503810063604,0.012170870575877983,0.004700108502741329
ARM,0.04657872822451079,0.0411293740875053,0.047163211524646094,0.036269953280124584,0.04269960762843325,0.0096101001147147775,0.025577065878170997,0.019782349664517314,0.03363051140950966,0.005989286938354921,0.010659967797853337,0.005941742678985331,0.004217707384520786,0.010306321698570611,8.454202645605357e-5,9.911357240928427e-4,0,3.999855444327997e-4,0.001210013074743953,0.018976010849030105,0.03016878566804678,0.02738152954202151,0.008475926494079626,0.017529385158097408,0.12065532973869764,0.08312871686267664,0.04033596267715211,0,0.005400093589143659,0.057999562001167994,3.6998561050082473e-4,0.018665678592273638,0,0,0,0,0,0,0,0,0,0,0,0,0,0.005940117599290194,0.0011599981070913093,0.004501775451530423,0.0037600289971492667,0.001,0.0022000314134860512,0.004290091578874888,0.006650006898983549,0.006383147611635203,9.099974260078598e-4,0.004999862368906383,0.016099839561468012,0.001880003785987278,0.0065464159617607525,0.0353986008127016,0.06100049123956115,0.03845992170874602,0.03934017363851618,0.06355715109017843,0.049516198073742586,4.1999389809824065e-4,3.9000620505894805e-4,0,0,1.1120249214472152e-5,7.628791148640827e-4,0.001120113594940446,0.02509976096394946,0.021999807895495153,0.06099989940649834,0.029000216403375894,0.024999634999197,0.02073819831322521,0.010500026449428691,0.012170870575877983,0.004700108502741329
ATG,0.025173074536323708,0.021000079272895218,0.047163211524646094,0.02074526201402054,0.04264114575202364,0.012000024496594973,0.025577065878170997,0.019782349664517314,0.023687259728731768,0.006600039502271381,0.014400052612541512,0.006999946637257866,0.00439998704075682,0.010306321698570611,8.454202645605357e-5,9.911357240928427e-4,0,0.002899977959003747,0.002099991511756218,0.018999948950941856,0.022999894202285227,0.02738152954202151,0.014271294373253678,0.0219998672727876,0.09749945521900197,0.08312871686267664,0.04033596267715211,0,0.005800187178287318,0.05224987652637651,3.4345074177289563e-4,0.018665678592273638,0,0,0,0,0,0,0,0,0,0,0,0,0,0.006299857527505979,0.003000016564610262,0.009643535161830124,0.004000042473158954,0.005800011434452004,0.0029999472953742908,0.004033495904845341,0.005000084868030214,0.0062,0.0019999902510833482,0.002800045904102157,0.002,0.0023999420828456634,0.006926662457609344,0.040000203232411505,0.02900053913891813,0.04900178995701356,0.06399992951010501,0.06355715109017843,0.04777182311551552,4.863438133966571e-4,0.001,0,0,1.1120249214472152e-5,8.273956828817529e-4,9.999968648656784e-4,0.021200597582507127,0.025000278250804142,0.03399988241211939,0.021999922503648787,0.01899990875079843,0.014900008919810902,0.017999950048702515,0.012170870575877983,0.004700108502741329
AUS,0.012967704385686488,0.041129884910399817,0.047163211524646094,0.02771852661605077,0.042701798410706815,0.009610267278935594,0.025577065878170997,0.019782349664517314,0.023687259728731768,0.008539996049772862,0.01066046103630372,0.005569989227552119,0.004217707384520786,0.009869327303171013,8.454202645605357e-5,9.911357240928427e-4,0,3.9999919514835424e-4,0.0012099702238017483,0.0195498372722572,0.028889936580840415,0.022303270757232877,0.024321298270458733,0.016230166398282342,0.12065830210200425,0.08312871686267664,0.04033596267715211,0,0.005399863516719202,0.05224987652637651,3.6999875745526845e-4,0.018665678592273638,0,0,0,0,0,0,0,0,0,0,0,0,0,0.005939964529335918,0.0011600179739377902,0.014298033646818817,0.0037599175194202657,9.999999999999998e-4,0.0021999931131848074,0.0042899005756148615,0.00665000316841164,0.006383147611635203,9.099991926368481e-4,0.005,0.016100745494529813,0.0018800040539170976,0.006253469715681048,0.03540011170631394,0.06099890039932867,0.03846067964898613,0.03933976153235746,0.04599924767585577,0.04464049313068594,4.2000389370193717e-4,3.899990875079843e-4,0,0,1.1120249214472152e-5,7.500247383655246e-4,8.903887536990531e-4,0.02510053199812236,0.021999953315748933,0.06099941229236908,0.02899983673469388,0.025,0.020999649982499122,0.010499983520648626,0.012000182498403138,0.004700108502741329
AUT,0.012967866237655407,0.04112991212235425,0.04604048484479796,0.027718695666087107,0.042700714131140446,0.009609994151928857,0.025577065878170997,0.019782349664517314,0.023687259728731768,0.005989286938354921,0.010659921782719572,0.005569975328669438,0.004217707384520786,0.010306321698570611,8.454202645605357e-5,9.911357240928427e-4,0,3.999972912758768e-4,0.0012099850826800393,0.01955047545864951,0.028889492894307676,0.02638242265827736,0.015467559131373277,0.016230015581976138,0.1206578830232351,0.08334937219319952,0.04033596267715211,0,0.00540020868905331,0.05799980346187862,3.7000308451573104e-4,0.008959855512683688,0,0,0,0,0,0,0,0,0,0,0,0,0,0.0059399301378879185,0.0011600104939118465,0.009934856428022347,0.0037601141232003568,0.0010000000000000002,0.0022000564493367203,0.0042899005756148615,0.006650099258835007,0.006383147611635203,9.100360637980121e-4,0.004999839532719279,0.016100160440064175,0.0018800256605943965,0.003344057338812993,0.03540005345925959,0.06100061513225343,0.03846006701053278,0.039340733145039906,0.056142341638542745,0.050521974042123885,4.1999973029829005e-4,3.900006154341414e-4,0,0,1.1120249214472152e-5,7.688040403951612e-4,9.682906023397927e-4,0.025099575579497227,0.022000215850631364,0.06100003188877196,0.029000387071801817,0.025000296746471685,0.020999585234342595,0.010499846672799755,0.012000208572322452,0.004700108502741329
AZE,0.04657865047517955,0.04113014971780054,0.046041537394605245,0.03627014102577296,0.04270001946661476,0.009610176296674818,0.025577065878170997,0.019782349664517314,0.03687505467779469,0.005989286938354921,0.010660313809694007,0.005941742678985331,0.004217707384520786,0.010306321698570611,8.454202645605357e-5,9.911357240928427e-4,0,3.999955488293421e-4,0.0012100068620150965,0.018976010849030105,0.03016878566804678,0.02738152954202151,0.013016728329859959,0.017529385158097408,0.12066082664163799,0.08312871686267664,0.04033596267715211,0,0.005399873657612129,0.05224987652637651,3.699935112336767e-4,0.018665678592273638,0,0,0,0,0,0,0,0,0,0,0,0,0,0.00593998250653435,0.0011599923944842724,0.004072202021891134,0.0037600688679825366,0.0010000000000000002,0.0022001180637544276,0.004289978830189577,0.0066499284269841644,0.006383147611635203,9.100142189721715e-4,0.005,0.016100006684938835,0.0018799899997077839,0.0030620472755128387,0.03540024998641378,0.060998522150557344,0.038459773505744296,0.039339994122832796,0.06355715109017843,0.04619131380909427,4.200037742970372e-4,3.9001095023725513e-4,0,0,1.1120249214472152e-5,7.527996867559244e-4,9.998573763570304e-4,0.025100535837444957,0.022000320179300408,0.06099807533681605,0.028999904783064082,0.02500018250173377,0.02073819831322521,0.0107129320615906,0.012170870575877983,0.004700108502741329
BEL,0.012967927090586636,0.04113007382066201,0.04604025445823339,0.027718020301409983,0.04269964819700968,0.00961009125067096,0.025577065878170997,0.019782349664517314,0.023687259728731768,0.005989286938354921,0.010660078531986668,0.005941742678985331,0.004217707384520786,0.010306321698570611,8.454202645605357e-5,9.911357240928427e-4,0,3.999974740458208e-4,0.0012100231749710313,0.019549834533774575,0.028889851217173437,0.028396249686384555,0.017890040992043128,0.016230076651660787,0.1206606542667255,0.08312871686267664,0.04732999963499653,0,0.005399917115623705,0.05224987652637651,3.700020857232245e-4,0.018665678592273638,0,0,0,0,0,0,0,0,0,0,0,0,0,0.005940037273373705,0.0011600296475978709,0.011832372845406617,0.0037599989695103887,9.999999999999998e-4,0.002200024486547703,0.004290199772361552,0.006650028654354537,0.0068600334137739,9.100090880254075e-4,0.004999845090931623,0.016099943374858438,0.0018799583471997082,0.005110556639741736,0.03540007493682188,0.06100208378689392,0.038459715678536004,0.03933938760749016,0.06206153338886033,0.037766090760713425,4.200014635217211e-4,3.899987020495817e-4,0,0,1.1120249214472152e-5,7.517815041387655e-4,9.095057648175318e-4,0.025099550781526776,0.02200012701235195,0.06100058334100888,0.028999261901832947,0.024999784026607918,0.02100023964458864,0.010500042561988497,0.011999951333463111,0.004700108502741329
BEN,0.017363900131789366,0.020000246899694256,0.047163211524646094,0.020499769044750975,0.04264114575202364,0.009610176296674818,0.014001937768670515,0.01585228359799929,0.023687259728731768,0.0067667145606252555,0.0121999948771804,0.006500044962007104,0.004200102770816946,0.007999867174355796,8.454202645605357e-5,9.911357240928427e-4,0,1.9999478569193867e-4,0.0013447663798416885,0.016399855466356653,0.03016878566804678,0.029999260021922127,0.01459129969785647,0.017529385158097408,0.15460293572623848,0.08312871686267664,0.04033596267715211,0,0.005500010967557963,0.03400035784576847,3.699972625239529e-4,0.02829970546945966,0,0,0,0,0,0,0,0,0,0,0,0,0,0.005577849666239897,0.0019125070901871812,0.009317145400334622,0.0022857470210815765,0.0028000213140086322,0.002300024103853173,0.004033495904845341,0.005699935191186002,0.006383147611635203,9.000119281922824e-4,0.001500012734635662,0.007000092561167505,0.0018800588668138338,0.008878280120079097,0.05599870034928113,0.034500484966052375,0.03800113464447806,0.08450097901709461,0.07785748538544844,0.0826405284641053,4.863438133966571e-4,7.000036500346752e-4,0,0,1.1120249214472152e-5,7.999999999999999e-4,0.001303786561388667,0.018700187909026115,0.03399941681960858,0.09399739991930783,0.029379492752674374,0.02207961181724493,0.02073819831322521,0.0107129320615906,0.012170870575877983,0.004700108502741329
BFA,0.017364089246638764,0.020000142578097155,0.047163211524646094,0.02050015994058193,0.04264114575202364,0.010017706565799894,0.014002063165661272,0.01585238513203041,0.018000454098236588,0.006766827908502091,0.012199922133540977,0.00650021551585489,0.004199998486923234,0.010306321698570611,8.454202645605357e-5,9.911357240928427e-4,0,2.0000584001284802e-4,0.0013447663798416885,0.018976010849030105,0.03000036500346753,0.03037135756542737,0.009984832894181185,0.020306655299195394,0.15460054431618603,0.08312871686267664,0.04033596267715211,0,0.005499824524461291,0.034000216833508005,3.700040150381428e-4,0.018665678592273638,0,0,0,0,0,0,0,0,0,0,0,0,0,0.005577751414491696,0.0011168940140374448,0.006550832000354144,0.0022857093437575675,0.002800101815713558,0.0022999320130710353,0.004033495904845341,0.0057001452960406835,0.00669998748234116,8.999999999999999e-4,0.0014999009116131588,0.006999936134883127,0.0018799603866486267,0.0038733326309798154,0.0560001635924911,0.03450041747843028,0.037999019975211136,0.08450086306098965,0.07626658453128478,0.08663047404729886,8e-4,3.993398788635677e-4,0,0,1.1120249214472152e-5,8.000061893635787e-4,0.0023434086768187056,0.018699841255842665,0.023493541652659832,0.09399956738048885,0.02937978042562048,0.022080154761470235,0.02073819831322521,0.0107129320615906,0.012170870575877983,0.004700108502741329
BGD,0.04657840090910856,0.025999959825048657,0.047163211524646094,0.0362689593641009,0.04264114575202364,0.010017706565799894,0.04833237705676581,0.019782349664517314,0.023687259728731768,0.004999855160626865,0.013000394336814521,0.0059998261927522376,0.004217707384520786,0.010306321698570611,8.454202645605357e-5,9.911357240928427e-4,0,4.000156992032655e-4,0.0013447663798416885,0.021999708000778665,0.0470005462581318,0.02301194541024144,0.012003782891595259,0.01999958989501312,0.12066016157290248,0.08312871686267664,0.04033596267715211,0,0.005400098269750465,0.05224987652637651,3.4345074177289563e-4,0.018665678592273638,0,0,0,0,0,0,0,0,0,0,0,0,0,0.005939940890859193,0.0011599865474400568,0.005993738004065379,0.0037599804464722177,0.0020000626880641924,0.002200052116293787,0.004290012820848269,0.00664991179526836,0.006383147611635203,9.099679829242263e-4,0.00499988904299584,0.015216276675336496,0.00300002825816661,0.006968146727490677,0.03539935627630602,0.037500435524894606,0.03913005757273011,0.03934081054036024,0.046434755135987556,0.04479934150064331,4.1999625538288716e-4,3.993398788635677e-4,0,0,1.1120249214472152e-5,0.0010932261142156195,0.0021861331257252334,0.02999984705660435,0.02200072432960146,0.07759989899627548,0.028999904783064082,0.02499968803424136,0.02073819831322521,0.0107129320615906,0.012170870575877983,0.004700108502741329
BGR,0.012968069568430189,0.04113022165161756,0.04604053170625409,0.02771924787075471,0.0426996214852199,0.009609969757013245,0.025577065878170997,0.019782349664517314,0.023687259728731768,0.005989286938354921,0.01065998355327564,0.0055701908009954835,0.004217707384520786,0.010306321698570611,8.454202645605357e-5,9.911357240928427e-4,0,3.999924742714154e-4,0.0012100062316389212,0.019549764087955133,0.028889873813744915,0.02361196385152671,0.01588768661575347,0.016229582991148826,0.12065699139654122,0.08334926967588777,0.04033596267715211,0,0.005399986838930444,0.057997992517565475,3.700103983192921e-4,0.018665678592273638,0,0,0,0,0,0,0,0,0,0,0,0,0,0.005940045996806143,0.001159992479789434,0.0066871052648217735,0.00375999811984426,0.001,0.002200008347593806,0.004289884222919938,0.0066500326108389326,0.006859995117055042,9.10005061133161e-4,0.005,0.016100006684938835,0.0018800331085858152,0.005940225139544088,0.03540006075773576,0.061000951196312284,0.0384606872463669,0.03933992537008761,0.07071795210842952,0.04700489664656108,4.2000877577885043e-4,3.900023227262169e-4,0,0,1.1120249214472152e-5,7.625130084440579e-4,0.0013351713129291687,0.025100017394329453,0.02200048743423222,0.06100055834729201,0.028999444576688092,0.024999999999999998,0.021001013918333485,0.010500036734993756,0.01200021900208052,0.004700108502741329
BHS,0.012967495098583439,0.04113037644634101,0.04604104632920309,0.027718659909422117,0.04270001946661475,0.009609938434476693,0.025577065878170997,0.019782349664517314,0.023687259728731768,0.008539947753666295,0.010660018692906637,0.005570014370110171,0.004217707384520786,0.010306321698570611,8.454202645605357e-5,9.911357240928427e-4,0,4.000058791971956e-4,0.0012100062571696736,0.01955062230732408,0.028889672960872102,0.02738152954202151,0.014271294373253678,0.016230039237156674,0.12065549348230913,0.0833457249070632,0.04033596267715211,0,0.00540003546136276,0.05224987652637651,3.699972625239529e-4,0.008959990641085634,0,0,0,0,0,0,0,0,0,0,0,0,0,0.005940036613200306,0.001159953185332633,0.0074545466909610465,0.0037599912209389567,0.0010000041693767614,0.002200057514297186,0.004033495904845341,0.006650062732032588,0.00685988925284667,9.100104638995465e-4,0.005,0.016099791432696936,0.0018799650745029558,0.005359629950049661,0.035400191171020036,0.06099958365765798,0.03845947568030034,0.03934031322426686,0.06355715109017843,0.042738225092838845,4.200151630022744e-4,3.90005018782413e-4,0,0,1.1120249214472152e-5,8.225469058459102e-4,0.0015788568350698768,0.025098697196999604,0.021999888956748655,0.06099860434646386,0.029000377849615854,0.025000740367814727,0.02100025808354533,0.010500363989322978,0.011999951333463111,0.004700108502741329
BIH,0.01296782237335208,0.04112957448852176,0.046039830684893486,0.027718441573192646,0.04269989734230638,0.009609969757013245,0.025577065878170997,0.019782349664517314,0.016060074395294284,0.005989286938354921,0.010659698593648943,0.005570059819527527,0.004217707384520786,0.010306321698570611,8.454202645605357e-5,9.911357240928427e-4,0,4.0000152083159067e-4,0.0012099991511756217,0.01954974747695782,0.02889049716803021,0.016868492297271588,0.008130982312078268,0.016230027189094564,0.12065411865741071,0.08312871686267664,0.04033596267715211,0,0.005400025269187034,0.05224987652637651,3.7000730003128584e-4,0.008959756668226486,0,0,0,0,0,0,0,0,0,0,0,0,0,0.005940033790611384,0.001159999742154237,0.006898998072504424,0.003760015642845398,0.001,0.0021999464360867734,0.004033495904845341,0.00665004315718807,0.006383147611635203,9.100015339063016e-4,0.005000071568641485,0.016100006684938835,0.001879980913176318,0.004228252197693584,0.035400351498582554,0.06099932840832774,0.038459920586866876,0.03934001640463694,0.06355715109017843,0.042277496993002435,4.2001014598951584e-4,3.900057937427578e-4,0,0,1.1120249214472152e-5,7.499970870279528e-4,9.775353926125081e-4,0.02510022271714922,0.02200048743423222,0.06099962278385515,0.02899977111467155,0.024999635009854734,0.02100050276520865,0.010500070531809846,0.012170870575877983,0.004700108502741329
BLR,0.012968252007584403,0.04112961894488623,0.04604004467392889,0.02771868368131817,0.04270011688132589,0.009609926071280046,0.025577065878170997,0.019782349664517314,0.017271149099022498,0.005989286938354921,0.010660004371933865,0.005941742678985331,0.004217707384520786,0.010306321698570611,8.454202645605357e-5,9.911357240928427e-4,0,4.0000489931899463e-4,0.0012100323287099802,0.018976010849030105,0.03016878566804678,0.02738152954202151,0.009437393460973071,0.016230291627469424,0.12065698532266832,0.08312871686267664,0.04033596267715211,0,0.00539986839219127,0.05224987652637651,3.7000593128830626e-4,0.018665678592273638,0,0,0,0,0,0,0,0,0,0,0,0,0,0.00594002905167047,0.0011599980720635118,0.005977051347690196,0.003759995269289145,9.999999999999998e-4,0.0022000116726975604,0.004290012820848269,0.006650044081992506,0.006860119047619048,9.099921040649656e-4,0.005000141723356009,0.016100114313218217,0.0018800234805382461,0.003592079239444191,0.03539863566656678,0.061001811517883475,0.038459764890333765,0.03933927704361583,0.05378844495544697,0.03930498606451952,4.200048516212501e-4,3.900094195219592e-4,0,0,1.1120249214472152e-5,7.661933035856982e-4,8.945241751869156e-4,0.025099543907912837,0.02200020731117407,0.06099996044460267,0.028999766627771293,0.02499959445210479,0.021000165910850566,0.010499894202285231,0.012170870575877983,0.004700108502741329
BLZ,0.02517329416316978,0.02100007659020411,0.047163211524646094,0.02624995304458886,0.04264114575202364,0.012000070874233671,0.025577065878170997,0.03688080091771822,0.023687259728731768,0.006599895715651342,0.014399958360132801,0.006999861744780865,0.004400035124178607,0.010306321698570611,8.454202645605357e-5,9.911357240928427e-4,0,0.002899978529583167,0.0021000864470271828,0.01900016478536706,0.022999742732184206,0.02738152954202151,0.017028642615175532,0.022000224618149145,0.09749908750490044,0.07599864819195674,0.04033596267715211,0,0.0058000625922117405,0.050001825017337666,3.4345074177289563e-4,0.018665678592273638,0,0,0,0,0,0,0,0,0,0,0,0,0,0.006300005040407265,0.0029999903695214617,0.006349940472313336,0.004000003678248859,0.0022136612320050124,0.00300004077091985,0.004033495904845341,0.005,0.006200060497475394,0.002,0.0027999254496319076,0.001999959890903257,0.002399990266692622,0.004774197334785177,0.04,0.029000417072153478,0.04899870486415504,0.06399963035246332,0.06355715109017843,0.04777182311551552,4.863438133966571e-4,0.001,0,0,0.007699972625239529,9.999711557875913e-4,0.0010000109795215454,0.021200271631486616,0.025000571755288737,0.033999933598202726,0.022001220788280432,0.01899977098362533,0.0148998402359592,0.017999531871732855,0.012170870575877983,0.004700108502741329
BOL,0.025172732056283727,0.02100038714241549,0.05899916049202467,0.020745618565770608,0.016000292002774027,0.012,0.025577065878170997,0.019782349664517314,0.012465005399458016,0.006599989450867415,0.014400175789948708,0.0069999841579139145,0.004217707384520786,0.006,8.454202645605357e-5,9.911357240928427e-4,0,0.0029000579374275784,0.0021000104286161224,0.018999966717330286,0.022999771880465366,0.023613714182735633,0.010962390776600167,0.02200021900208052,0.09749908750490044,0.08312871686267664,0.04033596267715211,0,0.005800076574564482,0.05224987652637651,3.4345074177289563e-4,0.018665678592273638,0,0,0,0,0,0,0,0,0,0,0,0,0,0.006300025187030722,0.003000028463268152,0.014272007966774015,0.003999929409550104,0.0058001648610456905,0.003000076522803796,0.004033495904845341,0.005,0.006200035011962421,0.0019999636271050814,0.0028000517808928504,0.015216276675336496,0.002399977098362533,0.0056665995888304675,0.03999960985506115,0.02899950535002994,0.04899989202612967,0.0639998989741137,0.06528023660695557,0.04117099013719159,4.863438133966571e-4,0.001,0,0,1.1120249214472152e-5,0.0010000168436424942,0.0016924370022554146,0.021199931109142797,0.023493541652659832,0.033999758578024564,0.021999820827520892,0.02489866342487036,0.02073819831322521,0.017999717872760616,0.012170870575877983,0.004700108502741329
BRA,0.025173183606342592,0.021000331235508447,0.047163211524646094,0.020745846405234615,0.015999817501596857,0.012000130358267974,0.025577065878170997,0.019782349664517314,0.03574779542516584,0.0066000014111182006,0.014399983794637545,0.007000262214841361,0.0043998975559783405,0.010306321698570611,8.454202645605357e-5,0.0029999547518136985,0,0.0028999704054453977,0.002100010950104026,0.019000033384151432,0.0229999668181969,0.020771239423465954,0.02138175111294618,0.022000347617852106,0.09750464560658349,0.07600121666835648,0.04033596267715211,0,0.005799926386347259,0.049999999999999996,3.4345074177289563e-4,0.018665678592273638,0,0,0,0,0,0,0,0,0,0,0,0,0,0.0062999335472250706,0.002999977754543634,0.0035863825428388693,0.003999989912177096,0.005799987003703945,0.0030000430422244223,0.004033495904845341,0.004999963300328095,0.006383147611635203,0.001999985490002612,0.0028000119780203325,0.015216276675336496,0.0024000539078368518,0.005089470476517207,0.040000131812437494,0.028999073215940686,0.04900108607361572,0.06400065708511943,0.04828079554023484,0.04075458883481023,0.0013000384763370526,3.993398788635677e-4,0,0,1.1120249214472152e-5,0.0010658028419266881,0.0010092555368659507,0.0212011664136774,0.025000615718050394,0.03399987111741204,0.022000078046750006,0.01899990580699854,0.014899970966002572,0.017999888635224677,0.012170870575877983,0.004700108502741329
BRB,0.01296770198070726,0.0411307937641476,0.046041537394605245,0.027718517605622384,0.04270175566667883,0.009610159924741297,0.025577065878170997,0.019782349664517314,0.033630332805951096,0.008539889453337167,0.010660066216327852,0.005570158968581799,0.005519924546097619,0.010306321698570611,8.454202645605357e-5,9.911357240928427e-4,0,3.999968398432562e-4,0.001210029753016779,0.019550315727999416,0.02888990277209653,0.021895032981627115,0.018076898445376268,0.016230244187319783,0.12066121503527182,0.08334741466711727,0.04732999963499653,0,0.0054000279373504914,0.057998748566065274,3.699927000638744e-4,0.018665678592273638,0,0,0,0,0,0,0,0,0,0,0,0,0,0.005940040051831782,0.0011599904336403117,0.008278864450976203,0.0037600627108823827,0.001,0.0022000300345397204,0.004290008986193939,0.006650220394079342,0.006859979946307856,9.100018126523132e-4,0.005000000000000001,0.0161,0.0018800049584727903,0.006608738637622412,0.0353999124742952,0.061000608763712716,0.03845975926799708,0.0393395423306118,0.06355715109017843,0.03739854354825113,4.863438133966571e-4,3.899949437492099e-4,0,0,1.1120249214472152e-5,7.500117357393164e-4,9.338323790706896e-4,0.02510029406117685,0.021999840798132032,0.060999287891937606,0.028999549161850893,0.024999215070643642,0.02100044242893485,0.0105000413257294,0.012170870575877983,0.004700108502741329
BWA,0.017363661785673532,0.02000013369967043,0.047163211524646094,0.018509312015397905,0.04270105313547151,0.00960980272877379,0.0140016577871705,0.01585227643678257,0.018942735149361824,0.006766604593420236,0.01219977657791845,0.006499993817772668,0.004217707384520786,0.012999524063308265,8.454202645605357e-5,9.911357240928427e-4,0,2.0000175903042244e-4,0.0021000091249201566,0.01640016724486683,0.03,0.029745804588351955,0.014712311051290847,0.020306141071265625,0.1545989597591021,0.08312871686267664,0.04033596267715211,0,0.00549982452446129,0.05224987652637651,3.6999051025622307e-4,0.018665678592273638,0,0,0,0,0,0,0,0,0,0,0,0,0,0.00557782760422813,0.0019125103007109237,0.017152157160445613,0.0022857069036792063,0.0027999502673131914,0.002299996174006198,0.0042900550737481795,0.0056999524739927135,0.006383147611635203,8.999906500549308e-4,0.001500034080839752,0.006999979945049436,0.0018800236756436816,0.0031924321862790545,0.05599983986548701,0.03450033184791884,0.038001692683844276,0.08449953634911236,0.07631813943377554,0.08266737007994947,7.999820490957232e-4,6.999726252395291e-4,0,0,1.1120249214472152e-5,7.999505385681474e-4,9.685562293469938e-4,0.018699517512508933,0.034000096052252425,0.0939997135901475,0.02937958134965616,0.022080481795784288,0.02073819831322521,0.0107129320615906,0.012170870575877983,0.004700108502741329
CAF,0.017363954493291586,0.020000108469281498,0.047163211524646094,0.018508536101185413,0.04264114575202364,0.010017706565799894,0.014001978998536443,0.015852420740640662,0.023687259728731768,0.0067666390398824754,0.012200134770889486,0.005941742678985331,0.004199976597983216,0.008000051611155107,8.454202645605357e-5,9.911357240928427e-4,0,2.0000365003467531e-4,0.00209996234939759,0.018976010849030105,0.030000000000000002,0.029999907477655855,0.014271294373253678,0.017529385158097408,0.12998735723469712,0.08312871686267664,0.04033596267715211,0,0.01570064883733972,0.03399973454557521,3.4345074177289563e-4,0.02829979145826622,0,0,0,0,0,0,0,0,0,0,0,0,0,0.00557780401416765,0.0011168940140374448,0.005004431171221724,0.002285741806535507,0.002800078942174857,0.002299945452066003,0.004033495904845341,0.005699946958260232,0.006700047474927304,9.264724528040674e-4,0.0015,0.015216276675336496,0.0021540424039298237,0.008512526869637648,0.05599953276941197,0.03449955055983663,0.03800011472165658,0.08450216811207471,0.05989535466622106,0.07943672361782567,4.863438133966571e-4,3.993398788635677e-4,0,0,1.1120249214472152e-5,8.357999051528185e-4,9.000072934140472e-4,0.01870009205540451,0.023493541652659832,0.09400018255022667,0.029379714560785433,0.02489866342487036,0.02073819831322521,0.0107129320615906,0.012170870575877983,0.004700108502741329
CAN,0.012968299120680905,0.041131876079730484,0.046040602078770816,0.027719492739907522,0.04269996871415164,0.009609969757013243,0.025577065878170997,0.019782349664517314,0.033902943240040645,0.008539997972219406,0.010659840791682269,0.0055699706510138735,0.004217707384520786,0.013000091633831212,8.454202645605357e-5,9.911357240928427e-4,0,4.0000746531295664e-4,0.0012099824098504837,0.019550059696401157,0.02888990885843551,0.025770792976847156,0.018954272350912876,0.01622985845277308,0.1206594205826498,0.08312871686267664,0.04732999963499653,0,0.005400044215995137,0.05800060833417824,3.7e-4,0.008959912650132584,0,0,0,0,0,0,0,0,0,0,0,0,0,0.005940021098487436,0.0011600147170726404,0.011039163668759362,0.003760038134883271,0.001,0.0022000178880209886,0.0042900550737481795,0.006649941740185005,0.006383147611635203,9.099934958105367e-4,0.004999920479666651,0.01610004973607791,0.001879988012632841,0.004466171728065259,0.035400221575959005,0.060999812769144346,0.038461086001595195,0.039339740872052664,0.046660813205547234,0.04312925104622637,4.199973443101846e-4,3.899992609684597e-4,0,0,1.1120249214472152e-5,7.499922016615659e-4,8.899952908292697e-4,0.02509970358393964,0.0220002251238181,0.061000735835172924,0.028999999999999998,0.025000268384326355,0.021000165910850566,0.010500105473250362,0.012170870575877983,0.004700108502741329
CHE,0.012968189002141377,0.041129766626278444,0.04603911319394376,0.027718666193773996,0.04269994051803385,0.009609908180141817,0.05871185160437518,0.019782349664517314,0.01721641110627863,0.005989286938354921,0.010660036345536713,0.005570157156536923,0.004217707384520786,0.004607261776112608,8.454202645605357e-5,9.911357240928427e-4,0,3.9999999999999996e-4,0.0012099884206816694,0.01954944300877462,0.028890169603161535,0.025395682256308613,0.019371829735776877,0.016230065139263252,0.12066038536626772,0.08312871686267664,0.04033596267715211,0,0.005399940130268279,0.05800060833417824,3.6999630382554056e-4,0.008959756668226486,0,0,0,0,0,0,0,0,0,0,0,0,0,0.005939925917981801,0.0011599675558759915,0.009599965644819786,0.003759957440983155,0.001,0.0021999900551936753,0.004290199772361552,0.006650190968321726,0.006383147611635203,9.100035195061862e-4,0.005,0.016099472401345225,0.0018800275153369925,0.00461915375650393,0.035401116890423835,0.060998879365175514,0.03846008440906779,0.03933842653371031,0.057567634132984116,0.041294621993125474,4.200002582511234e-4,3.900033111817839e-4,0,0,1.1120249214472152e-5,7.499937607626843e-4,9.044016133655296e-4,0.025099906853760404,0.022000580784953202,0.06100071762638885,0.029000937967399294,0.024999755034050268,0.021000331821701138,0.010499814142338373,0.012170870575877983,0.004700108502741329
CHL,0.025172976838306018,0.02099999105393582,0.05899809564113415,0.02074586287700347,0.01599980270296932,0.012,0.025577065878170997,0.019782349664517314,0.012010365617205858,0.006600039107480393,0.014399867062588957,0.006999870011698947,0.004217707384520786,0.010306321698570611,8.454202645605357e-5,9.911357240928427e-4,0,0.002899960812853384,0.0021000104286161224,0.01900033953935827,0.02299991309637612,0.020816967006803813,0.061071684074102975,0.021999708000778665,0.09750154225786552,0.08312871686267664,0.04033596267715211,0,0.005799952141660684,0.0499990875079843,3.4345074177289563e-4,0.018665678592273638,0,0,0,0,0,0,0,0,0,0,0,0,0,0.006299958796868562,0.0030000069869971983,0.008359546173983646,0.004000045579370777,0.005800011081764956,0.002999931134219407,0.004033495904845341,0.005,0.006383147611635203,0.0019999906769034266,0.0027999935813087713,0.015216276675336496,0.002399966090200068,0.0057187835768412534,0.03999896013752182,0.028999073215940686,0.049000571384754665,0.06400041891529501,0.14759972320805828,0.050959675406140714,0.0013000000000000002,0.001,0,0,1.1120249214472152e-5,0.0010000191520886518,0.0010155515503607667,0.021200050930543474,0.024999461589817588,0.03400027719329192,0.022000634786288616,0.01899941600155733,0.014899894994749738,0.018,0.05400066364340227,0.004700108502741329
CHN,0.012967919423147638,0.031289858537171825,0.04603972088030059,0.027718562061415156,0.04270175566667883,0.009610113813584628,0.05871249211412526,0.015882616646021353,0.0455840536143581,0.008539950136530926,0.010660034522412412,0.005570037332633126,0.004217707384520786,0.006089416510454359,8.454202645605357e-5,9.911357240928427e-4,0,1.9999999999999998e-4,0.0012100068620150965,0.019549436288425665,0.028891027342713038,0.027619237215606527,0.01050391199396014,0.016230434742125013,0.1206600534147272,0.08312871686267664,0.04033596267715211,0,0.0053998808865444335,0.057999562001167994,3.4345074177289563e-4,0.018665678592273638,0,0,0,0,0,0,0,0,0,0,0,0,0,0.005939996290886546,0.0011599943121559891,0.007730187356420857,0.003759985749325148,0.001999954458511704,0.0022,0.004290068474085621,0.006650000428805434,0.006383147611635203,9.100071361914696e-4,0.004999866229683633,0.016100006684938835,0.002999981863358543,0.005570644037649352,0.03540016059957173,0.060998957748737266,0.038460121864315855,0.06801171062567064,0.05624663446931999,0.04415534166981737,4.2000378143316314e-4,3.9000620505894805e-4,0,0,1.1120249214472152e-5,9.211347823548171e-4,0.0010791239697696064,0.025099935843655923,0.023000197177544295,0.06099941229236907,0.026859644998236745,0.025000207978037516,0.020999522086434085,0.010500055510929123,0.011000000000000001,0.004700114970530788
CIV,0.017363585602515143,0.020000023248406905,0.047163211524646094,0.020500599500526632,0.04264114575202364,0.009610061745293061,0.014002150901577146,0.015852119440810986,0.01799909420289855,0.006766694922266746,0.012200082640833753,0.006499820779353781,0.0041999713380784735,0.00859009151948874,0.001,9.911357240928427e-4,0,2e-4,0.0021000091249201566,0.01640015642992157,0.030000608346514177,0.029939788361828538,0.01343947657684249,0.020306597317273474,0.15460628811371427,0.08312871686267664,0.04033596267715211,0,0.0055000793147208125,0.033999895713838775,3.700040150381428e-4,0.028299602246139446,0,0,0,0,0,0,0,0,0,0,0,0,0,0.005577801166443771,0.0011168940140374448,0.00792873833923328,0.0022856765834932823,0.0022136612320050124,0.002300039169604387,0.0042898704715644605,0.005700185356811863,0.006700021606438719,8.999949402954868e-4,0.0015000164760931886,0.007,0.0018800224455008418,0.008843455675541715,0.05599778500726794,0.03449979555676707,0.038000736764551096,0.08450006393044367,0.07024182940996804,0.06777782412609326,4.863438133966571e-4,7.000036500346752e-4,0,0,1.1120249214472152e-5,7.999366949505435e-4,9.022630428625742e-4,0.01870062030688867,0.03399988357201072,0.09399780763130888,0.02938029584949016,0.02207959821298216,0.02073819831322521,0.0107129320615906,0.012170870575877983,0.004700108502741329
CMR,0.017363613141793677,0.019999831096773103,0.04599878336248194,0.018509247178945056,0.04264114575202364,0.010017706565799894,0.014001732351667389,0.015852244944919033,0.023687259728731768,0.006766802347573747,0.012199754122684302,0.006499981099822339,0.004199887671026652,0.008119013329035323,0.001,9.911357240928427e-4,0,1.9999999999999998e-4,0.0021000091249201566,0.01639988649770755,0.029999270019709465,0.030382443643419778,0.012922168569435854,0.020306965055050263,0.15460027452048877,0.08312871686267664,0.04033596267715211,0,0.01570064883733972,0.03399903587907169,3.700040150381428e-4,0.02829968580787486,0,0,0,0,0,0,0,0,0,0,0,0,0,0.0055777466039404165,0.0019125019308272365,0.004622983233720325,0.002285731744576841,0.0022136612320050124,0.0022999104744852285,0.00428991934692596,0.005700038466832971,0.006700021913099259,8.99995228779999e-4,0.0014999999999999998,0.006999933150611671,0.0018800588668138338,0.011710780254663202,0.056000757342673894,0.03450111217032094,0.03799824407374891,0.08449967072198537,0.07787639289504349,0.07582480931827588,4.863438133966571e-4,7.000036500346752e-4,0,0,1.1120249214472152e-5,8.000043784274877e-4,0.0015531910343308977,0.018700021280117277,0.03399975300849376,0.09400231826461335,0.029378959670309394,0.022079879240800772,0.02073819831322521,0.0107129320615906,0.012170870575877983,0.004700108502741329
COG,0.01736377935063476,0.02000022154773246,0.04599913454121277,0.01850915479126203,0.04264114575202364,0.009609969757013245,0.025577065878170997,0.019782349664517314,0.023687259728731768,0.006766673339427082,0.01219994516416478,0.006500014567491186,0.004199986264679624,0.012966864779036722,0.001,9.911357240928427e-4,0,1.9999771874394044e-4,0.0013447663798416885,0.0164000895285975,0.030000000000000002,0.02738152954202151,0.014271294373253678,0.017529385158097408,0.1546009368858152,0.08312871686267664,0.04033596267715211,0,0.005500085601780517,0.033999895713838775,3.4345074177289563e-4,0.028299604983287752,0,0,0,0,0,0,0,0,0,0,0,0,0,0.005577806845937467,0.001912498121251042,0.006738381338086666,0.0022856905123458077,0.0028000085943878645,0.0023000559910414334,0.004290199772361552,0.005699928128937269,0.006699881071003825,9.000014484147101e-4,0.0014999615236629472,0.015216276675336496,0.0018799886635920955,0.0073633530150833465,0.05600019215987702,0.034500335967005726,0.03799990858814389,0.08449922560660815,0.07800066096475228,0.05782825269219599,4.863438133966571e-4,6.999951333463111e-4,0,0,1.1120249214472152e-5,7.999763565433266e-4,9.128638762007855e-4,0.018700009585379103,0.033999812808573365,0.09399946884129291,0.029379790564611895,0.02207956930376859,0.02100023964458864,0.010500012594775687,0.012170870575877983,0.004700108502741329
COL,0.025172500026514846,0.020999549101749136,0.05899786842643151,0.0207459840104593,0.04264114575202364,0.011999951333463111,0.025577065878170997,0.019782349664517314,0.01129968791064389,0.00659996659471355,0.01440002986119875,0.005941742678985331,0.004400026158323252,0.006025143649372021,8.454202645605357e-5,0.0029999786727764083,0,0.0028999087527198705,0.0021000091249201566,0.019000398376347212,0.023000048666536887,0.01885672284390019,0.03928120000031668,0.021999830235124355,0.09750037758646729,0.08312871686267664,0.04033596267715211,0,0.005799919247134826,0.05224987652637651,3.4345074177289563e-4,0.018665678592273638,0,0,0,0,0,0,0,0,0,0,0,0,0,0.006300112868471585,0.003000008797937763,0.007032153684005959,0.0039999784187411645,0.0058000810933288805,0.002234109084291353,0.004033495904845341,0.004999933318218796,0.006200000608280523,0.0019999284718000073,0.0027999875628658267,0.015216276675336496,0.0023999815151421796,0.006131036047693473,0.04000060658677413,0.028998851570527673,0.048999809913566575,0.06400067351405961,0.07181123144077364,0.03964007820487525,0.001300008387150885,0.001,0,0,1.1120249214472152e-5,9.999961719704016e-4,0.0010000098187568339,0.021200219603868406,0.025000343053173245,0.03400007214486689,0.022000105797714768,0.019000235846407837,0.01489976496612747,0.018000158696572153,0.012170870575877983,0.004700108502741329
CPV,0.01736365728591938,0.019999658531552056,0.047163211524646094,0.020500104426501478,0.04270175566667883,0.00960993770683278,0.025577065878170997,0.019782349664517314,0.018565333258005558,0.006766707480281329,0.012199974317410748,0.006499848395384836,0.004217707384520786,0.01101066897288757,8.454202645605357e-5,9.911357240928427e-4,0,2e-4,0.0020999343017738523,0.016400044628863186,0.029999565481880597,0.02922101055045028,0.014271294373253678,0.02030660291272767,0.15460010735373053,0.08312871686267664,0.04033596267715211,0,0.005500034295905069,0.05224987652637651,3.6999898610970297e-4,0.02829979722352207,0,0,0,0,0,0,0,0,0,0,0,0,0,0.005577729149972261,0.0019125068489200335,0.005712879674878325,0.0022857208738503703,0.0028,0.002300103305785124,0.0042901043841336115,0.00570010196498626,0.006383147611635203,8.999881353433739e-4,0.0014999999999999998,0.006999979945049436,0.0018799894881303472,0.004807361485472604,0.0559993418617087,0.03450026329647183,0.03799909442177892,0.08449992080607234,0.06355715109017843,0.05270255163630292,4.863438133966571e-4,7.000331821701139e-4,0,0,1.1120249214472152e-5,7.995876923601897e-4,0.0016497414733955187,0.01870021008849182,0.03399929561681555,0.09399965798553479,0.029379649249357556,0.02207961181724493,0.020999914918960312,0.0105000413257294,0.012170870575877983,0.004700108502741329
CRI,0.025172840313610483,0.02099969176798778,0.05900038569721827,0.026249916806490147,0.04264114575202364,0.012000109775509084,0.025577065878170997,0.019782349664517314,0.011300189231033889,0.006599962215343477,0.01440005515941646,0.0070000675926864715,0.00439995818523939,0.006999947863715753,8.454202645605357e-5,0.003000065765676893,0,0.0029000045911574306,0.002100068620150964,0.018999912762802062,0.02300032850312078,0.017646411234396673,0.022690678630547086,0.021999681452576254,0.0975015733165513,0.07599942062572422,0.04033596267715211,0,0.00580005939364488,0.05224987652637651,3.4345074177289563e-4,0.018665678592273638,0,0,0,0,0,0,0,0,0,0,0,0,0,0.006300041725688519,0.003000019913178542,0.009568192035044993,0.003999953664017793,0.005799971955409101,0.0029999164229001255,0.004033495904845341,0.005,0.006199879807232236,0.001999984895514723,0.0028000077307211426,0.015216276675336496,0.002400027590488179,0.005209507667599217,0.040000869426613156,0.028999745128478416,0.048999727662664826,0.06399945306624735,0.06355715109017843,0.046745978484497096,0.001299977544489979,3.993398788635677e-4,0,0,1.1120249214472152e-5,0.0010011586797965021,0.0010000341965076098,0.021200321087598846,0.02499901987689654,0.0340012910861262,0.021999708815607484,0.018999736541670326,0.014900008919810902,0.017999317464380174,0.012170870575877983,0.004700108502741329
CUB,0.025173092186817205,0.02100025461109875,0.047163211524646094,0.020745848953103333,0.04264114575202364,0.010017706565799894,0.025577065878170997,0.019782349664517314,0.023687259728731768,0.006600049691854459,0.01439991877959796,0.006999981345197788,0.004400095024964016,0.006999772969891943,8.454202645605357e-5,9.911357240928427e-4,0,0.0029000389332295116,0.0021000393081761007,0.018999899390964373,0.03016878566804678,0.01711210724028128,0.014271294373253678,0.022000143136910455,0.09749974652742574,0.08312871686267664,0.04033596267715211,0,0.005800026842034626,0.05224987652637651,3.4345074177289563e-4,0.018665678592273638,0,0,0,0,0,0,0,0,0,0,0,0,0,0.0062999658125914475,0.003000021196320319,0.00554225398194197,0.0039999824788870585,0.005800130877816209,0.003000048243921266,0.004033495904845341,0.005000032148345325,0.006199993439970262,0.0020000675926864714,0.0028000046548433645,0.015216276675336496,0.002400034185477582,0.005123317123990239,0.04000020765844339,0.028999854046559147,0.04900039082463999,0.06399948974967522,0.0459995259335876,0.04891296337239296,0.0013000099345737359,3.993398788635677e-4,0,0,1.1120249214472152e-5,0.001000228647694996,0.0010112577972288532,0.021199920731908708,0.025,0.03399985778283439,0.022000000000000002,0.01899953895804518,0.014899970966002572,0.018,0.012170870575877983,0.004700108502741329
CYP,0.01296813121057146,0.041129937083694314,0.04603973302742726,0.02771861700360624,0.04270006387444109,0.009609460544565298,0.025577065878170997,0.019782349664517314,0.03504220165973995,0.005989286938354921,0.01065997021828319,0.005569975328669438,0.004217707384520786,0.005061460592913955,8.454202645605357e-5,9.911357240928427e-4,0,3.999830724850297e-4,0.0012100231749710313,0.01954994474768108,0.028890405306757225,0.024507748891088706,0.020443879392450112,0.016229947987955105,0.12066271244439375,0.08334929307722638,0.04033596267715211,0,0.005399986838930444,0.057999478578256713,3.6999781947117435e-4,0.018665678592273638,0,0,0,0,0,0,0,0,0,0,0,0,0,0.005940092098038762,0.0011599809271849138,0.01003172792101615,0.0037601415059862297,9.999947399151022e-4,0.002200039471907428,0.00429001282084827,0.0066500353499646505,0.006859897051941975,9.100098656750398e-4,0.004999846094651789,0.016100365451466262,0.001879995348656925,0.005636294775023606,0.03540000369433105,0.06100006018243877,0.038460043125491596,0.039341068490778425,0.07701921459804911,0.04121375751686524,4.199974378683064e-4,3.993398788635677e-4,0,0,1.1120249214472152e-5,7.500059625120606e-4,0.0016660694375813818,0.025099969684283466,0.022001043115438105,0.0609994323061471,0.029000345546923992,0.025,0.02099928472985468,0.010500031488128975,0.012,0.004700108502741329
CZE,0.01296822212694289,0.041130177710246414,0.04604075838994221,0.02421083886191633,0.042699141682577366,0.009610023693141796,0.025577065878170997,0.019782349664517314,0.015389877345501499,0.005989286938354921,0.010659897357307317,0.005941742678985331,0.004217707384520786,0.010306321698570611,8.454202645605357e-5,9.911357240928427e-4,0,4.0000091708623363e-4,0.001210019681517266,0.01955018786902845,0.028889277185625256,0.023730143485341495,0.015057988827704517,0.016230512249443208,0.12066193153793034,0.08312871686267664,0.04033596267715211,0,0.005399913344887349,0.05224987652637651,3.700033182170114e-4,0.008959884289786021,0,0,0,0,0,0,0,0,0,0,0,0,0,0.005940017293951668,0.0011600188978440555,0.007303573427243633,0.00375993336211247,0.001,0.0022000311271934943,0.0042899505047641895,0.006650029608324169,0.006859746879184485,9.099954709523352e-4,0.005000000000000001,0.016100160440064175,0.00187998017895894,0.005359554537818497,0.035400238421122346,0.061000203896272406,0.03845968492632978,0.03933925403185615,0.07908503810721726,0.04347735349357329,4.199955399213012e-4,3.900016794491407e-4,0,0,1.1120249214472152e-5,7.499823734263753e-4,9.09637257548238e-4,0.02510051964541842,0.02199990442511708,0.061000000000000006,0.02900035423308537,0.02499954375399215,0.021000165910850566,0.0105,0.01200024333860567,0.004700108502741329
DEU,0.012968131929205085,0.04112957448852175,0.04603977126789504,0.027718800884578638,0.0427,0.009610127035247808,0.05871228862664304,0.019782349664517314,0.015412785947677097,0.005989286938354921,0.010659856546938887,0.005941742678985331,0.004217707384520786,0.010306321698570611,8.454202645605357e-5,9.911357240928427e-4,0,3.999911693606249e-4,0.001210019681517266,0.019550315727999416,0.028890088422784288,0.026095841678498776,0.019122234258934133,0.016230011587485514,0.1206601428526478,0.08312871686267664,0.04033596267715211,0,0.005399785533242347,0.05224987652637651,3.699970800077866e-4,0.008959884289786021,0,0,0,0,0,0,0,0,0,0,0,0,0,0.005940074335593881,0.0011599939437198536,0.010150305225805345,0.0037599219091165965,0.001,0.0021999445368829727,0.004289978830189577,0.0066499449067844935,0.006859838274932615,9.099997908431114e-4,0.005,0.016099908842297173,0.0018799821379369315,0.004902500650551213,0.035399844963479754,0.06100052659294365,0.038460218375270826,0.03934118641517167,0.07492984517777906,0.04297318055074668,4.2000321272238063e-4,3.8999863338192424e-4,0,0,1.1120249214472152e-5,7.512012135701549e-4,9.06437456466985e-4,0.025099064668611084,0.022000772634684276,0.061001129700360424,0.029000208811860512,0.024999744754709275,0.020999702216361084,0.010500018892401477,0.011999416015767574,0.004700108502741329
DJI,0.017364010410730775,0.020000262826335855,0.046001387013176624,0.018508904777853823,0.04264114575202364,0.010017706565799894,0.025577065878170997,0.01585250048929708,0.017999732092026387,0.005989286938354921,0.012199952731424615,0.005941742678985331,0.004217707384520786,0.013000252972426006,8.454202645605357e-5,9.911357240928427e-4,0,1.999922342160441e-4,0.0020999610667704885,0.016399907700698536,0.030000075804666536,0.026159618863895496,0.014271294373253678,0.017529385158097408,0.15459805928959316,0.08312871686267664,0.04033596267715211,0,0.01570064883733972,0.03400062932662051,3.4345074177289563e-4,0.02829979722352207,0,0,0,0,0,0,0,0,0,0,0,0,0,0.00557780176436693,0.0019125338251889962,0.005059129146337368,0.0022857411450118554,0.00280002732567076,0.0022999104744852285,0.0042899688329677945,0.005700012736509914,0.006383147611635203,8.999797221940585e-4,0.0015000081328583746,0.006999848645376117,0.0018799877359730191,0.0049634372594871655,0.056,0.03450019884840835,0.03799979755035934,0.08449893828344407,0.045822289054030955,0.08905530600786077,4.863438133966571e-4,6.999781005912841e-4,0,0,1.1120249214472152e-5,8.273956828817529e-4,9.020212635978724e-4,0.018699601052542227,0.0340009605293584,0.09399978101390562,0.02938039053336093,0.022079713847726112,0.02073819831322521,0.010499894202285231,0.012170870575877983,0.004700108502741329
DMA,0.025172999296652603,0.021000108955120396,0.05899978661515482,0.0207457726823285,0.04264114575202364,0.012,0.025577065878170997,0.019782349664517314,0.023687259728731768,0.006599891041082763,0.014400134252761333,0.006999978964934546,0.004400029230618909,0.007100612591335153,8.454202645605357e-5,9.911357240928427e-4,0,0.0029000019312102896,0.0013447663798416885,0.018999900454590702,0.023000273747604705,0.02738152954202151,0.014271294373253678,0.02200024333860567,0.0975026414369417,0.08312871686267664,0.04033596267715211,0,0.0058001571754422955,0.05224987652637651,3.4345074177289563e-4,0.018665678592273638,0,0,0,0,0,0,0,0,0,0,0,0,0,0.006300017818545232,0.003000007474232583,0.005938225752028447,0.004000023895362209,0.005800093064588925,0.0030000111696085636,0.004033495904845341,0.005,0.006199989748788363,0.001999988703181749,0.002799935670633644,0.015216276675336496,0.0023999538958045185,0.0056497758889458545,0.0400002598347451,0.029000450537426788,0.048999999999999995,0.06400040103526511,0.06355715109017843,0.04777182311551552,4.863438133966571e-4,0.001,0,0,1.1120249214472152e-5,8.273956828817529e-4,0.0010000036901308556,0.021199552434601435,0.024999419967054126,0.03400013935084509,0.02199992443134588,0.01899979143009432,0.014899900453489656,0.018000232752510024,0.012170870575877983,0.004700108502741329
DNK,0.012968215158924205,0.04113011280006864,0.0460388721598686,0.027719132547796982,0.042699438547143066,0.009609995832674705,0.025577065878170997,0.019782349664517314,0.023687259728731768,0.005989286938354921,0.010659893099550738,0.005941742678985331,0.004217707384520786,0.010306321698570611,8.454202645605357e-5,9.911357240928427e-4,0,4.000064946662554e-4,0.001210014038371549,0.019550202156334233,0.028889790124708506,0.022469705554438616,0.024339858157929117,0.016230076651660787,0.12065908853895088,0.08312871686267664,0.04033596267715211,0,0.005399873199891314,0.05224987652637651,3.6999630382554056e-4,0.018665678592273638,0,0,0,0,0,0,0,0,0,0,0,0,0,0.005940060203574975,0.00116,0.012986333107631289,0.003760025101475111,0.001,0.0021999710029359525,0.0042899920052329385,0.006650019416774287,0.0068600307624697866,9.100030298665369e-4,0.005,0.016099591342515516,0.0018800082468558863,0.004554025288809157,0.03539911600141893,0.06100115852481174,0.038458637163691224,0.0393395071644648,0.0861734093442228,0.04875512040772975,4.1999741301254693e-4,3.899883797596541e-4,0,0,1.1120249214472152e-5,7.50001523767729e-4,8.92344718835453e-4,0.025099873577749683,0.021999779192580872,0.06100164907966103,0.028999153618281842,0.02499964649321267,0.02100044242893485,0.01050031867431485,0.01200024333860567,0.004700108502741329
DOM,0.025173521697772584,0.02100004355783336,0.058999659334241776,0.020745538487603774,0.04264114575202364,0.01200006083372622,0.025577065878170997,0.019782349664517314,0.023687259728731768,0.006599882144961697,0.014400464055372028,0.0070000971785818406,0.0044000136360537265,0.00700007476635514,8.454202645605357e-5,9.911357240928427e-4,0,0.0028999437288032485,0.002099939167463283,0.018999976721990733,0.02300031285848368,0.02537523634824182,0.017644861565414567,0.017529385158097408,0.12998735723469712,0.08312871686267664,0.04033596267715211,0,0.0058000238228938005,0.05224987652637651,3.4345074177289563e-4,0.018665678592273638,0,0,0,0,0,0,0,0,0,0,0,0,0,0.006299960767005052,0.0030000155966498398,0.0076604697995218485,0.004,0.005799853470094578,0.003,0.004033495904845341,0.004999967343526507,0.006199958042300054,0.002,0.002799997008630102,0.015216276675336496,0.002400028879476319,0.005089717150693721,0.040000125362768514,0.028999745128478416,0.0490001080433352,0.064000976244712,0.06355715109017843,0.04494629242639967,0.001299995727773743,3.993398788635677e-4,0,0,1.1120249214472152e-5,0.0010000053481941822,9.999816383404916e-4,0.02120000970096767,0.024999999999999998,0.03399996109176508,0.02200063478628862,0.019000023934324213,0.014899900453489656,0.017999717872760616,0.012170870575877983,0.004700108502741329
DZA,0.017071045592719963,0.04113030365343752,0.04603906592613375,0.027718643857728407,0.04264114575202364,0.010017706565799894,0.025577065878170997,0.015882117000581595,0.03369072643891759,0.005989286938354921,0.01066035679346002,0.005941742678985331,0.004217707384520786,0.010306321698570611,8.454202645605357e-5,9.911357240928427e-4,0,3.999864819195674e-4,0.0012100062571696736,0.019550415891622503,0.02889020420242675,0.022227823286022998,0.02889502901801494,0.017529385158097408,0.12066036808782446,0.08312871686267664,0.04033596267715211,0,0.005399995989009887,0.057997992517565475,3.7000233808744446e-4,0.018665678592273638,0,0,0,0,0,0,0,0,0,0,0,0,0,0.005939939826550805,0.0011600041711055122,0.007914269346216979,0.0037600452369506315,0.001,0.002199993113184808,0.0042899505047641895,0.006650060931026078,0.006383147611635203,9.10007821205432e-4,0.005000210499726351,0.016100050774814804,0.0018800121962433635,0.005321895876532798,0.0354006385094468,0.06099968286637024,0.03913005757273011,0.039339679778857946,0.07164839821653222,0.05440702297635906,4.2000464751503175e-4,3.993398788635677e-4,0,0,1.1120249214472152e-5,7.500263558848294e-4,0.0014079651888228046,0.025100091957275236,0.022,0.061000622794270286,0.02899933877011241,0.024999634999197,0.020999875568582446,0.010499894202285231,0.012170870575877983,0.004700108502741329
ECU,0.0251734674524624,0.020999824234887898,0.058999532054281704,0.02074591138751487,0.04264114575202364,0.012000027651426121,0.025577065878170997,0.019782349664517314,0.012500068196077362,0.006600099925812655,0.014399902924903634,0.0070000230430674925,0.004217707384520786,0.005999869808618669,8.454202645605357e-5,9.911357240928427e-4,0,0.0028999716811931656,0.0021000104286161224,0.018999739289128355,0.0229999668181969,0.02063101841430175,0.015990129549660705,0.017529385158097408,0.09749835958005248,0.0759995268511947,0.04033596267715211,0,0.005799915030385873,0.050001825017337666,3.4345074177289563e-4,0.018665678592273638,0,0,0,0,0,0,0,0,0,0,0,0,0,0.006300045749410537,0.0030000372606006406,0.006527486645886459,0.004,0.005799979506096936,0.0030000860856839507,0.004033495904845341,0.005000025287277521,0.006200030816113404,0.0020000403539037355,0.0028,0.015216276675336496,0.002400016373981743,0.005567207339043934,0.04000014597261554,0.029000344857315286,0.048999102427620185,0.06399979000971205,0.05571498021028109,0.04736964767631298,0.001299992921356268,0.001,0,0,1.1120249214472152e-5,0.0010002534559409087,0.0010076602213600733,0.02120036880387537,0.024999703542079237,0.034000684853327245,0.02200059512001587,0.019000312541858286,0.01489976496612747,0.018000158696572153,0.012170870575877983,0.004700108502741329
EGY,0.012500110698819508,0.0411301602082652,0.04604037657957006,0.02771870997948195,0.04264114575202364,0.009610176296674818,0.025577065878170997,0.015882194913189346,0.023687259728731768,0.008540019118797254,0.010659994095899461,0.005570088399783511,0.004217707384520786,0.006137346536521949,8.454202645605357e-5,9.911357240928427e-4,0,4.000096052252426e-4,0.0012100012166930284,0.019549698667345728,0.028889953462907198,0.027232017366294815,0.01655059591509221,0.01623004411718031,0.12066407629812788,0.08312871686267664,0.04033596267715211,0,0.005399873657612129,0.058001871782873186,3.6999992535809455e-4,0.018665678592273638,0,0,0,0,0,0,0,0,0,0,0,0,0,0.005940161551657394,0.0011600092048612682,0.005915677004469259,0.0037600987260658276,0.0010000000000000002,0.002199917361063288,0.0042899005756148615,0.006649883537632638,0.006383147611635203,9.100191084619113e-4,0.005000159045725646,0.016099947671376243,0.0018799914714751301,0.007577952637699006,0.03539978297635225,0.06099933799614311,0.038460964836803765,0.03933998077132747,0.0675636613647873,0.043784865500278755,4.20003099653872e-4,3.9000145999610664e-4,0,0,1.1120249214472152e-5,7.499963769394169e-4,9.477652114084744e-4,0.02510008032128514,0.022000222345747642,0.06099918599918601,0.029000020087985377,0.025000579360849113,0.020999367988623795,0.010500264490289428,0.012170870575877983,0.004700108502741329
ESP,0.012968060499877173,0.041129596517142195,0.04603975180011281,0.027718901069403612,0.042700110347169175,0.009610077450369448,0.025577065878170997,0.019782349664517314,0.023687259728731768,0.005989286938354921,0.010659906840558016,0.005570077467800961,0.004217707384520786,0.010306321698570611,8.454202645605357e-5,9.911357240928427e-4,0,3.999922342160441e-4,0.001210014038371549,0.01955019724956679,0.02889013003154425,0.02285617964820295,0.027683952174614737,0.01623024418731978,0.12065870834764686,0.08334817919832328,0.04033596267715211,0,0.00539993760723756,0.058000973354422676,3.699997660253161e-4,0.008959990641085634,0,0,0,0,0,0,0,0,0,0,0,0,0,0.00593998481639829,0.0011600079710555617,0.013855873579664519,0.003759966456799819,9.999999999999998e-4,0.002199993113184808,0.0042899894522530485,0.006649983526052371,0.006859938589469408,9.099885542477408e-4,0.004999999999999999,0.016100006684938835,0.0018800457840518886,0.006690098923285304,0.03540024998641378,0.0610007496251874,0.0384601698533947,0.03934099362210663,0.07480479551648596,0.040705723915524974,4.1999548532731376e-4,3.9000052518250094e-4,0,0,1.1120249214472152e-5,7.550025815091925e-4,0.001421669911644981,0.025100585522226944,0.021999796354750023,0.061000295676302684,0.02899959100204499,0.02500017381026871,0.021000067939398057,0.010500149801512995,0.012000470976097962,0.004700108502741329
EST,0.0129682157550486,0.04112975048545107,0.04603970990369754,0.027718685872932844,0.04269925144048109,0.009610065803002261,0.025577065878170997,0.019782349664517314,0.023687259728731768,0.005989286938354921,0.010659790117237198,0.00556980634695326,0.004217707384520786,0.010306321698570611,8.454202645605357e-5,9.911357240928427e-4,0,3.999983218379231e-4,0.001209980185629367,0.019549602160741662,0.028890399234758096,0.02738152954202151,0.01770660013284892,0.016230290052559857,0.12066105647368955,0.08312871686267664,0.04033596267715211,0,0.005399937607237561,0.05224987652637651,3.6999585234342595e-4,0.018665678592273638,0,0,0,0,0,0,0,0,0,0,0,0,0,0.005940100587515669,0.0011599757918095623,0.0074835999786261095,0.00375992496433852,0.001,0.0022000515596803296,0.0042899894522530485,0.0066501149183059265,0.006859830139678528,9.099910168057859e-4,0.004999793157655235,0.016100114313218217,0.0018799713471324747,0.004171660460735837,0.03539990512333966,0.06099962171363723,0.03845984724231485,0.03933971042765628,0.06355715109017843,0.054891611413672346,4.199980826382897e-4,3.8999598411494353e-4,0,0,1.1120249214472152e-5,7.522530412078634e-4,8.919957763094696e-4,0.025099522947853264,0.02200047174756264,0.06100062989291821,0.028999904783064082,0.02499940164189464,0.02099941861289545,0.010499981759147787,0.012170870575877983,0.004700108502741329
ETH,0.017363677624327303,0.019999999999999997,0.045999081793900776,0.018509113712298485,0.04264114575202364,0.009609531024034158,0.014002026997886746,0.01585226792466672,0.017999594735831754,0.005989286938354921,0.01219995401594114,0.006500087204232312,0.004199927758714105,0.013000371968063635,8.454202645605357e-5,9.911357240928427e-4,0,1.9999270019709466e-4,0.0020999585234342593,0.016400046244302042,0.03,0.024170021225206763,0.007545105801510216,0.02030640668523677,0.1546022005924672,0.08312871686267664,0.04033596267715211,0,0.01570064883733972,0.033999452504790584,3.4345074177289563e-4,0.02829979722352207,0,0,0,0,0,0,0,0,0,0,0,0,0,0.005577800540087531,0.0019124850816722777,0.006781598662153659,0.002285665606542481,0.002800081718421667,0.002299968315995142,0.004290052527905449,0.0056999969736404085,0.006383147611635203,8.99945580346731e-4,0.0015,0.007000061511964077,0.001880016792611251,0.009309652125810296,0.05599949066934536,0.0345013154747668,0.03799868070094932,0.08450038358266207,0.07800084449733215,0.09037795250938487,7.999934808826884e-4,3.993398788635677e-4,0,0,1.1120249214472152e-5,7.99995574388989e-4,9.862144872024084e-4,0.0186999185114763,0.023493541652659832,0.0940051967334818,0.02678667801611825,0.02489866342487036,0.02073819831322521,0.0107129320615906,0.012170870575877983,0.004700108502741329
FIN,0.012968290703544855,0.04112971254298878,0.04604044901394712,0.02421083886191633,0.042699208792292845,0.009610181997048696,0.025577065878170997,0.019782349664517314,0.04563373395297108,0.005989286938354921,0.010659834412180751,0.005570077467800961,0.004217707384520786,0.010306321698570611,8.454202645605357e-5,9.911357240928427e-4,0,4.000023248515001e-4,0.0012099357891179451,0.019549228944246738,0.02888987537404229,0.02738152954202151,0.016995471092654466,0.016229651799401418,0.12065983911548958,0.08312871686267664,0.04033596267715211,0,0.0054000397758513785,0.05799799251756547,3.7000536768652713e-4,0.018665678592273638,0,0,0,0,0,0,0,0,0,0,0,0,0,0.005940074457101485,0.001160023237945316,0.0079592517748839,0.0037600987260658276,0.001,0.002199993113184808,0.004290025713899039,0.006650099816043412,0.0068601871850251985,9.099953266395706e-4,0.005,0.016100365451466262,0.0018800266682420061,0.004486304603250056,0.03540048952691547,0.06100031959092361,0.038460142536624,0.03933991687279767,0.061463803812522894,0.042673932949181655,4.199992249864373e-4,3.89996642441703e-4,0,0,1.1120249214472152e-5,7.500167683949293e-4,8.935369799937055e-4,0.025100057175528875,0.022000135763499983,0.06099861547406419,0.02900069430668518,0.025,0.021000165910850566,0.010499967940497564,0.01200021900208052,0.004700108502741329
FJI,0.012967821023272227,0.04113039517732579,0.0460388721598686,0.02771942234216592,0.04270105852293466,0.009609969757013243,0.025577065878170997,0.019782349664517314,0.03366703863297783,0.008539960413679552,0.010660052532507649,0.005570103855620221,0.005519991806112129,0.00600001943698133,8.454202645605357e-5,9.911357240928427e-4,0,3.999915117562177e-4,0.0012099702238017483,0.01955018786902845,0.028889856176433245,0.02140441507928769,0.014271294373253678,0.016229837294512373,0.12065860978181522,0.08312871686267664,0.04033596267715211,0,0.005400006695606566,0.05799905099098441,3.699972625239529e-4,0.00895956094742923,0,0,0,0,0,0,0,0,0,0,0,0,0,0.0059399752005466,0.0011600136571757078,0.00796585684232824,0.0037598758465011285,0.0022136612320050124,0.0022000044229195694,0.0042899408284023674,0.0066499977774814424,0.006383147611635203,9.10020011872487e-4,0.005000049359803351,0.016099759967215035,0.0018799981968173826,0.0034562923803607938,0.035399567748180163,0.06099984821021992,0.03846048332792977,0.03933906989057123,0.06355715109017843,0.04174958132203723,4.200030704341433e-4,3.899973342629237e-4,0,0,1.1120249214472152e-5,7.499976138435253e-4,8.900001953468383e-4,0.025100345601164132,0.022000195363375878,0.06099959837157931,0.02900004383849897,0.025000392470839423,0.021001013918333485,0.01050000574983613,0.012000405556118829,0.004700108502741329
FRA,0.0129681147292825,0.04112989404024668,0.04604075838994221,0.027718629872385582,0.04269935729588194,0.009609531024034158,0.025577065878170997,0.019782349664517314,0.020348129592615543,0.005989286938354921,0.010660444281845479,0.005941742678985331,0.004217707384520786,0.007654488642436359,8.454202645605357e-5,9.911357240928427e-4,0,4.000058634691215e-4,0.0012100062932662052,0.019549692172383466,0.028889492894307676,0.026560304508278374,0.018732635468820064,0.016230076651660787,0.12065908853895088,0.08312871686267664,0.04033596267715211,0,0.00540003258921297,0.05224987652637651,3.6999164112566174e-4,0.018665678592273638,0,0,0,0,0,0,0,0,0,0,0,0,0,0.0059400234072209505,0.0011600080536140593,0.012399564504743365,0.003760002960794151,0.001,0.002200024070285233,0.00428991926440906,0.006649979722194058,0.006859972433508601,9.100159135844143e-4,0.005000138700102638,0.016099943374858438,0.0018799940810890795,0.005454561507740201,0.03539930877389898,0.060999550637533,0.038459495078809317,0.03933886769875103,0.060349421625089,0.04035600721034727,4.200006494018545e-4,3.900038482618684e-4,0,0,1.1120249214472152e-5,7.499956680413416e-4,0.0010613445624970048,0.025099578483313355,0.022000421604480007,0.060999663500116486,0.029000213629566333,0.025000363187332023,0.020999974862371484,0.01049989853209768,0.012000034762053743,0.004700108502741329
GAB,0.0173637898183,0.019999890369,0.0467750485202,0.0185090445898,0.0427007251776,0.00960991402525,0.0140018543039,0.015852287897,0.0193191425411,0.00650754353976,0.0121999607751,0.00649991376032,0.00421770738452,0.0121019876005,8.45420264561e-05,0.000991135724093,0,0.000200000687786,0.00184828283545,0.0163999567566,0.0299995211907,0.0276859281252,0.0156407687494,0.0193805980907,0.154598121159,0.0831287168627,0.0403359626772,0,0.00549996709458,0.0522498765264,0.000369997262606,0.0218770514694,0,0,0,0,0,0,0,0,0,0,0,0,0,0.00557778563738,0.0019125029948,0.0110453026325,0.00228570912628,0.00280002092499,0.00230000757045,0.00429000613312,0.00569992490057,0.00638314761164,0.000900001102784,0.00149999545621,0.00699995893623,0.00188000164976,0.00647180577193,0.056000156595,0.0345002465281,0.038000844121,0.084500115106,0.0756070533825,0.0878807008585,0.000799990543307,0.000599762723743,0,0,1.11202492145e-05,0.000853296381518,0.000923421580809,0.0186998399867,0.0339999045658,0.094000442876,0.0293797544122,0.0220799639477,0.0209128588823,0.0105710537633,0.0121708705759,0.00470010850274
GBR,0.012968170492801035,0.04113011785362739,0.04604025445823339,0.02771914124401288,0.04270002881567573,0.009609985195773139,0.025577065878170997,0.019782349664517314,0.02444541758566207,0.005989286938354921,0.010659948698272971,0.005941742678985331,0.004217707384520786,0.010306321698570611,8.454202645605357e-5,9.911357240928427e-4,0,3.999862268438813e-4,0.0012100231749710313,0.019549913313258508,0.028890596484487562,0.021484531363372954,0.015983399585953247,0.016229621218265877,0.12065939326246085,0.08312871686267664,0.04033596267715211,0,0.005400105953248129,0.057997992517565475,3.7000536768652713e-4,0.008959756668226486,0,0,0,0,0,0,0,0,0,0,0,0,0,0.005940070316924863,0.0011600048893778267,0.014882060959335653,0.0037599632821136058,0.001,0.0021999098925146424,0.004290025713899039,0.006649901579959734,0.006859928943986696,9.099930726247038e-4,0.004999901421501942,0.016099839561468012,0.0018799823030205525,0.0044657537742015556,0.03539883742476546,0.06099988117870722,0.038459223981190546,0.039340551806049916,0.13600638517429642,0.049266689864643616,4.2000536837559954e-4,3.900035359468924e-4,0,0,1.1120249214472152e-5,7.769793840963028e-4,8.967912629166358e-4,0.02510022499488648,0.021999678033860104,0.060999963821858835,0.029000859617800696,0.025000215340884622,0.020999702216361084,0.010500093791033576,0.01200021900208052,0.004700108502741329
GEO,0.04657867392560187,0.041130143729080526,0.04603986209365491,0.036269556798401464,0.04270101986044015,0.009609670216420473,0.025577065878170997,0.019782349664517314,0.03545483752090636,0.008539976825028968,0.010659985434058057,0.005941742678985331,0.004217707384520786,0.010306321698570611,8.454202645605357e-5,9.911357240928427e-4,0,3.99990478306408e-4,0.0012099964676792652,0.018976010849030105,0.03016878566804678,0.02738152954202151,0.017997075216812704,0.017529385158097408,0.12066083949668621,0.08312871686267664,0.04033596267715211,0,0.0054000397758513785,0.05799905099098441,3.7000730003128584e-4,0.008959990641085634,0,0,0,0,0,0,0,0,0,0,0,0,0,0.005939901054674451,0.0011599918888776234,0.004919774178522354,0.0037599726338788165,0.001,0.002199984696024793,0.004033495904845341,0.006649998995923449,0.006383147611635203,9.100059836447045e-4,0.005,0.016100006684938835,0.0018799611331190673,0.0056997823036458225,0.03540006695681285,0.06099925428784489,0.03845986456139129,0.039339972838388415,0.06355715109017843,0.04130343657892446,4.2000912825193977e-4,3.9000145999610664e-4,0,0,1.1120249214472152e-5,7.634282831062794e-4,9.254431526107008e-4,0.025099537177388387,0.022000230529834405,0.06099923880700297,0.029000262551416318,0.024999634999197,0.02073819831322521,0.010500101729399797,0.012170870575877983,0.004700108502741329
GHA,0.017363656820969957,0.020000298830505473,0.045997242274312594,0.020499452642891644,0.04264114575202364,0.009609909663290447,0.014002034958769305,0.015852360127469458,0.023687259728731768,0.006766666796347113,0.01219990641085634,0.006500038698192795,0.004199886593058855,0.008000583294341241,0.001,9.911357240928427e-4,0,2.0000598372427e-4,0.0013447663798416885,0.01639991735821769,0.03000036500346753,0.029977392634917967,0.014700125997480051,0.02030660291272767,0.15460305429789045,0.08312871686267664,0.04033596267715211,0,0.005499951508098148,0.05224987652637651,3.4345074177289563e-4,0.028300317163209066,0,0,0,0,0,0,0,0,0,0,0,0,0,0.0055778607670940025,0.0019124835712144618,0.008393004904891803,0.0022857869080147785,0.002800032690421706,0.0022999403149534,0.004033495904845341,0.005700027895731953,0.006700037781041961,8.999755270426179e-4,0.0014999914799352476,0.015216276675336496,0.0018799883200311467,0.005642048217316786,0.05600109110747409,0.03450053370128349,0.0379994923857868,0.08450299538839484,0.059575440028951154,0.0774166812631106,7.999795340587373e-4,7.000036500346752e-4,0,0,1.1120249214472152e-5,7.999931008313499e-4,9.022192694075416e-4,0.01870027743583148,0.03399962332852031,0.09399873733941103,0.02938011650635753,0.02207946605485452,0.020999367988623795,0.0107129320615906,0.012170870575877983,0.004700108502741329
GIN,0.017363676212333146,0.01999996968438412,0.047163211524646094,0.02049994315263713,0.04264114575202364,0.010017706565799894,0.014001539214165543,0.015852134849487595,0.023687259728731768,0.00676644043826589,0.012199812821712681,0.006500029303170603,0.004199954607353609,0.00799995693275049,8.454202645605357e-5,9.911357240928427e-4,0,2e-4,0.0021000104286161224,0.018976010849030105,0.029999999999999995,0.02999794772546988,0.014699812884255547,0.017529385158097408,0.15460512475280852,0.08312871686267664,0.04033596267715211,0,0.005500114442664225,0.033999452504790584,3.4345074177289563e-4,0.018665678592273638,0,0,0,0,0,0,0,0,0,0,0,0,0,0.005577761347208581,0.0019124855716619949,0.012855021666346124,0.0037690217331630984,0.0022136612320050124,0.002300122436486073,0.0042900004294908894,0.005700102315358673,0.006699919416229508,9.000000000000001e-4,0.001500014650726676,0.006999839563613028,0.0021540424039298237,0.005133776975085397,0.0560001619476909,0.03449991223450939,0.038000183553597654,0.08449821119020395,0.07799943804439449,0.08568978727421862,4.863438133966571e-4,3.993398788635677e-4,0,0,1.1120249214472152e-5,7.999999999999999e-4,0.001184669521297467,0.018699551569506725,0.03399977310543034,0.09400058918839299,0.029379548979835343,0.02489866342487036,0.02073819831322521,0.0107129320615906,0.012170870575877983,0.004700108502741329
GMB,0.017363737499830223,0.020000258102537687,0.047163211524646094,0.0205,0.04264114575202364,0.009610176296674818,0.01400156357415329,0.015852258262283668,0.018000447995221387,0.006766669655886454,0.012200116311101588,0.006500050694514853,0.004217707384520786,0.010306321698570611,8.454202645605357e-5,9.911357240928427e-4,0,2e-4,0.0013447663798416885,0.018976010849030105,0.03016878566804678,0.02997338775715046,0.014271294373253678,0.02030660291272767,0.1546035033221158,0.08312871686267664,0.04033596267715211,0,0.005499947355490822,0.03399971372679995,3.700040150381428e-4,0.018665678592273638,0,0,0,0,0,0,0,0,0,0,0,0,0,0.00557771391525637,0.0011168940140374448,0.006273547196329079,0.0022856960286271127,0.0022136612320050124,0.002234109084291353,0.004033495904845341,0.005823830529227188,0.006383147611635203,8.99997865482721e-4,0.0035103853438686636,0.007000178269007933,0.0021540424039298237,0.0064998056639223745,0.055999205966593885,0.03450048146364949,0.03799919384844351,0.08450069762806457,0.07800316643578073,0.08632475818664474,8.000080775444264e-4,7.00024333860567e-4,0,0,1.1120249214472152e-5,7.99095679985585e-4,9.028462799466545e-4,0.018700033818058844,0.03400013225763788,0.09400100298428932,0.029379878390616235,0.02207931255040463,0.020999241562381494,0.010499894202285231,0.012170870575877983,0.004700108502741329
GNB,0.017363766135853075,0.020000199475379753,0.047163211524646094,0.02050018267915094,0.04264114575202364,0.010017706565799894,0.014001896172967975,0.01585202153451226,0.018000079646370116,0.006766706172365745,0.012200176484744765,0.005941742678985331,0.004217707384520786,0.013000056431816258,8.454202645605357e-5,9.911357240928427e-4,0,1.999957059429749e-4,0.002099963500319372,0.016399834093737038,0.03016878566804678,0.030061196233102334,0.014664854613849006,0.017529385158097408,0.1545980280621919,0.08312871686267664,0.04033596267715211,0,0.005499981625078094,0.05224987652637651,3.4345074177289563e-4,0.02830037082818294,0,0,0,0,0,0,0,0,0,0,0,0,0,0.0055779494149235925,0.0019124941506785214,0.007863873870556147,0.0022857603692353497,0.0027999736865187267,0.002234109084291353,0.004033495904845341,0.0057,0.006700072404638495,9.000101389029707e-4,0.001500017892288424,0.015216276675336496,0.0021540424039298237,0.002724624240486089,0.056000192159877026,0.03449971628522792,0.03799959248442488,0.08449850571181187,0.06355715109017843,0.0750355312321138,4.863438133966571e-4,3.993398788635677e-4,0,0,1.1120249214472152e-5,7.99990377213241e-4,0.0015399684128100655,0.018699799463112884,0.03399979311669696,0.09400097484158824,0.02937951281440927,0.022080154761470235,0.02100050276520865,0.0107129320615906,0.012170870575877983,0.004700108502741329
GRC,0.01296784922026207,0.041129761136216914,0.04603898797179593,0.02771861737770829,0.042699363281197195,0.009609947904569134,0.025577065878170997,0.019782349664517314,0.03221223144795889,0.005989286938354921,0.01066006662076409,0.005570021314591855,0.004217707384520786,0.010306321698570611,8.454202645605357e-5,9.911357240928427e-4,0,4.0001684636118605e-4,0.0012099922340150142,0.019550665436816442,0.028889873813744915,0.0231561680505087,0.0164545980683447,0.01623024418731978,0.12066016157290248,0.08312871686267664,0.04033596267715211,0,0.0053998808865444335,0.05799912049252419,3.700003129694542e-4,0.018665678592273638,0,0,0,0,0,0,0,0,0,0,0,0,0,0.00593988469275385,0.0011600030068515883,0.00629223123420179,0.003760048289972558,0.0010000081600013058,0.002200031303803412,0.004290012820848269,0.006650038684006926,0.006383147611635203,9.09992961890367e-4,0.004999761438999953,0.016099791432696936,0.0018799911149258463,0.008721037481534055,0.03539880890908465,0.06100147446559701,0.0384607753123743,0.039339373333697664,0.08261534652937334,0.0477076732464825,4.199952489225235e-4,3.899970405445398e-4,0,0,1.1120249214472152e-5,7.58675806833187e-4,0.00292202686427937,0.025100288411116937,0.021999893471583546,0.060999466013727355,0.02900061563718449,0.025000918273645548,0.02100048180656514,0.010499838065421568,0.01199981750159686,0.004700108502741329
GRD,0.01296816669832236,0.041130533537834704,0.0460399253023358,0.02771861269693013,0.0426991513824254,0.009609925155771856,0.025577065878170997,0.019782349664517314,0.023687259728731768,0.008539999085212458,0.010659982952469862,0.005570033796470145,0.005519989414973741,0.012946503609503628,8.454202645605357e-5,9.911357240928427e-4,0,3.999980376381012e-4,0.0013447663798416885,0.0195498372722572,0.028890383063741497,0.02932048087968282,0.014271294373253678,0.01623024418731978,0.12066223438925824,0.08312871686267664,0.04033596267715211,0,0.005400059258764663,0.05224987652637651,3.4345074177289563e-4,0.018665678592273638,0,0,0,0,0,0,0,0,0,0,0,0,0,0.005939992002957397,0.0011600093670547304,0.00725243151635765,0.003759993876092948,9.999999999999998e-4,0.0021999986217922218,0.004289910730181337,0.006650162719061625,0.006860065170166546,9.099667733050062e-4,0.00500019396760741,0.016099923037455107,0.0018800064198899865,0.011054459156641352,0.035399423701796336,0.06100082999031678,0.038459711108922254,0.0393396314112125,0.06355715109017843,0.04777182311551552,4.863438133966571e-4,3.8999532054281703e-4,0,0,1.1120249214472152e-5,7.499922396399191e-4,9.059747446575842e-4,0.025099736864442744,0.022000359606703827,0.06099943430728954,0.02900135727709334,0.02500037436358191,0.02100044242893485,0.010499894202285231,0.012170870575877983,0.004700108502741329
GTM,0.025173293233383208,0.02100017056114617,0.058999659334241776,0.02624980971718077,0.04264114575202364,0.010017706565799894,0.025577065878170997,0.03687998832003114,0.011300090131787288,0.006600117439812096,0.014399898916614359,0.005941742678985331,0.004217707384520786,0.010306321698570611,8.454202645605357e-5,9.911357240928427e-4,0,0.0028999412653129717,0.002100010950104026,0.019000088592268847,0.022999361255589015,0.017692801644510238,0.013050171541072205,0.022000208572322454,0.09749828910349023,0.07599935111459587,0.04033596267715211,0,0.005800187178287318,0.04999931132322356,3.4345074177289563e-4,0.018665678592273638,0,0,0,0,0,0,0,0,0,0,0,0,0,0.006300024510425382,0.002999995390791724,0.007475273514806269,0.0040000141181121265,0.0058000509496447675,0.0030000137735355288,0.004033495904845341,0.005000000000000001,0.006199988301357043,0.002,0.0028,0.015216276675336496,0.0023999153618281845,0.005530611503101252,0.040000690957667326,0.028998851570527673,0.0490006090471181,0.06399869595677235,0.0620920032639739,0.05242543424575942,0.0013000160436386972,9.999999999999998e-4,0,0,1.1120249214472152e-5,0.0010000739681647747,0.0010113743032586695,0.021199581647037422,0.025,0.03400023692627644,0.02200059512001587,0.019000389332295115,0.014899810127749002,0.018000158696572153,0.012170870575877983,0.004700108502741329
GUY,0.02517272925956742,0.021,0.05899990875079843,0.02074588350139314,0.04264114575202364,0.0120003590234562,0.025577065878170997,0.019782349664517314,0.011299880116458296,0.006599940065927479,0.014400132973069087,0.005941742678985331,0.004399865652957162,0.006178719647412949,8.454202645605357e-5,9.911357240928427e-4,0,0.002900008012178511,0.0021000099545409297,0.01899990266692622,0.022999756666169532,0.017993561060956058,0.03358153269521538,0.021999605405938642,0.09749844209026975,0.07599864819195674,0.04033596267715211,0,0.005799892477732037,0.05224987652637651,3.4345074177289563e-4,0.018665678592273638,0,0,0,0,0,0,0,0,0,0,0,0,0,0.006299924280397155,0.003000019725811224,0.008891057375808028,0.0040000307990821875,0.005800037516413431,0.0030000432937916702,0.004033495904845341,0.005,0.006200006113901994,0.0020000350360871695,0.002799959526459577,0.015216276675336496,0.0024000118609892067,0.005418344637794943,0.039998974122233334,0.029000353076176186,0.049000726744186054,0.06400001300648048,0.06355715109017843,0.0456753745027788,4.863438133966571e-4,3.993398788635677e-4,0,0,1.1120249214472152e-5,0.001,9.999940242892721e-4,0.021198938992042442,0.025,0.03399909335751047,0.02200006473599275,0.01899927483683829,0.02073819831322521,0.0107129320615906,0.012170870575877983,0.004700108502741329
HND,0.025173241737256772,0.021000041346803205,0.05899990875079843,0.02625007181391763,0.04264114575202364,0.011999839563613028,0.025577065878170997,0.03688069317929349,0.011299966409136716,0.00660007187663356,0.014400435277640634,0.0069998986109702935,0.004217707384520786,0.007062958460482463,8.454202645605357e-5,0.0030000365003467534,0,0.0028999812628817687,0.0021000091249201566,0.018999808826549038,0.03016878566804678,0.02738152954202151,0.01699394224215776,0.021999708000778665,0.09750112309074574,0.07600009012358197,0.04033596267715211,0,0.005799774567066298,0.05224987652637651,3.4345074177289563e-4,0.018665678592273638,0,0,0,0,0,0,0,0,0,0,0,0,0,0.006299904283222216,0.002999961245817778,0.007760265725993699,0.004000072757533247,0.005799877974374619,0.002999931134219407,0.004033495904845341,0.005000040314236032,0.006200168403937167,0.002000020586721565,0.0028000328299409064,0.015216276675336496,0.0024000530926466686,0.005265611569494187,0.04,0.028999969106243625,0.04899940558747771,0.06399894835035101,0.06355715109017843,0.04175107695558329,0.0012999870959416735,9.999999999999998e-4,0,0,1.1120249214472152e-5,9.99982482250862e-4,9.99996247515258e-4,0.021199504337050805,0.023493541652659832,0.034000417072153476,0.021999773294037635,0.018999416001557332,0.01490017697157394,0.018000183996872053,0.012170870575877983,0.004700108502741329
HRV,0.0129681147292825,0.04112942712583646,0.04604054357592094,0.027719025068892632,0.04269922655774745,0.009609909663290447,0.025577065878170997,0.019782349664517314,0.017591792061354816,0.005989286938354921,0.010659939952104382,0.005941742678985331,0.004217707384520786,0.010306321698570611,8.454202645605357e-5,9.911357240928427e-4,0,4.0000770449412777e-4,0.0012100346448898787,0.01955000521430806,0.028889873813744915,0.02246223330691984,0.01503759508636188,0.017529385158097408,0.12066193153793034,0.08312871686267664,0.04033596267715211,0,0.005399995989009887,0.057997404493470676,3.6999870750937055e-4,0.008959990641085635,0,0,0,0,0,0,0,0,0,0,0,0,0,0.0059400600883858234,0.0011599913161164563,0.007761509911768769,0.003759972208091911,0.001,0.0021999030067895247,0.0042899005756148615,0.006650092562459654,0.006383147611635203,9.100053572999209e-4,0.005,0.016099913763712573,0.0018800341941614628,0.00486839732552277,0.03540002842120222,0.06099891298129184,0.03846019195760128,0.03933968451882302,0.04628875922069957,0.0434346047794106,4.1999999999999996e-4,3.8998783367923855e-4,0,0,1.1120249214472152e-5,7.576318526701828e-4,9.8719637504066e-4,0.025100105374077974,0.021999945579712115,0.06100003188877196,0.02899987350360515,0.024999841305106803,0.021000203155684974,0.010500093791033576,0.012170870575877983,0.004700108502741329
HTI,0.025172947446301167,0.02099972941100109,0.047163211524646094,0.020745762840870815,0.04264114575202364,0.010017706565799894,0.025577065878170997,0.015881893378651566,0.011299423802900856,0.006599948070990011,0.0143999641167104,0.006999932560505424,0.004400065320557336,0.006000019306323787,8.454202645605357e-5,0.002999969583599477,0,0.0029000255502427273,0.0021000091249201566,0.018999892530041834,0.022999585234342597,0.024300958708297658,0.014271294373253678,0.017529385158097408,0.09750154225786552,0.08312871686267664,0.04033596267715211,0,0.005800135459639184,0.05,3.4345074177289563e-4,0.018665678592273638,0,0,0,0,0,0,0,0,0,0,0,0,0,0.006300030664878645,0.0029999250112483127,0.007008145762985457,0.004000025438172522,0.005799927771758758,0.003,0.004033495904845341,0.005,0.006199921370245248,0.002,0.002799973483007027,0.015216276675336496,0.0023999652254549668,0.006774328055228015,0.03999916578610756,0.02899934834552169,0.04899942898671097,0.0640002419440202,0.048952165002398296,0.05279510574526907,4.863438133966571e-4,9.999999999999998e-4,0,0,1.1120249214472152e-5,0.0011089963028892156,0.0015982114137535293,0.02120059758250713,0.024999839912912627,0.03400068196210239,0.02200059512001587,0.01899990266692622,0.02073819831322521,0.0107129320615906,0.012170870575877983,0.004700108502741329
HUN,0.01296807058794317,0.04113058373962313,0.04604025445823339,0.02771942234216592,0.04269859639751921,0.0096100122134404,0.025577065878170997,0.019782349664517314,0.023687259728731768,0.005989286938354921,0.010659613093690172,0.005941742678985331,0.004217707384520786,0.010306321698570611,8.454202645605357e-5,9.911357240928427e-4,0,4.000066363606198e-4,0.001209994829211911,0.019549836218998598,0.028890484524824605,0.02603684109826053,0.012799981861889447,0.017529385158097408,0.12066009666965304,0.08312871686267664,0.04033596267715211,0,0.00540010209941931,0.05799799251756547,3.6998734670040884e-4,0.008959943846513805,0,0,0,0,0,0,0,0,0,0,0,0,0,0.005939955140276595,0.0011600153419558479,0.009857126843674523,0.0037600154268909993,0.001,0.0022,0.004289875513583123,0.006650089111431724,0.006383147611635203,9.099948326887243e-4,0.005000076138267094,0.016100114313218217,0.001879994683893932,0.005844008016090664,0.035400220648879085,0.06100095991526266,0.038460046708905994,0.039340408535889534,0.06151228413847787,0.03511866485110751,4.199947103940756e-4,3.9000246068037815e-4,0,0,1.1120249214472152e-5,7.809818145726601e-4,9.038915747638179e-4,0.025099947853293933,0.022000580784953202,0.06100197716691115,0.028998983361848796,0.024999999999999998,0.02100044242893485,0.010499588574115435,0.012000182498403138,0.004700108502741329
IDN,0.012967939169603518,0.02600000439031672,0.047163211524646094,0.027718295238229166,0.04264114575202364,0.00960993770683278,0.058710755121983815,0.019782349664517314,0.023687259728731768,0.004999990873264323,0.013000349283967864,0.005999985739953798,0.004217707384520786,0.014999999999999998,8.454202645605357e-5,9.911357240928427e-4,0,3.9998793399897433e-4,9.999999999999998e-4,0.02200010209811629,0.04699970800077866,0.02743557511594605,0.010355672208157278,0.020000278629144608,0.12065523720056365,0.08312871686267664,0.04033596267715211,0,0.005400135705316685,0.057999817501596856,3.4345074177289563e-4,0.018665678592273638,0,0,0,0,0,0,0,0,0,0,0,0,0,0.005940010301482756,0.001159985004600861,0.008054239951335078,0.003760012664239354,0.002,0.002199917361063288,0.004033495904845341,0.00665006984991224,0.006383147611635203,9.100126171593367e-4,0.005,0.01442015542742542,0.0029999675556420737,0.0067153780709157205,0.0354006385094468,0.0375014789982252,0.038459004321454174,0.03933985147900092,0.05444487344768087,0.041229205212942946,4.2000510660028084e-4,3.899919702168041e-4,0,0,1.1120249214472152e-5,9.786225957782574e-4,0.0011849632437867731,0.029999908034983494,0.02200045738996653,0.07760124561924253,0.02900035423308537,0.025000363187332023,0.02100005760700501,0.01049989420228523,0.012170870575877983,0.004700108502741329
IND,0.056772380849810254,0.01999975261225992,0.050001825017337666,0.01999977538437349,0.04264114575202364,0.010999975666731554,0.03263423794725209,0.028481073969116883,0.023687259728731768,0.005989286938354921,0.009999979086104598,0.009999999999999998,0.004217707384520786,0.010306321698570611,8.454202645605357e-5,9.911357240928427e-4,0,4e-4,0.0012099961066770488,0.020000425654177267,0.030001013890297072,0.029374857055729203,0.011414253046242197,0.02999954375399215,0.20000584001284802,0.08312871686267664,0.04000073000693507,0,0.029999746141348496,0.043998832031535144,3.4345074177289563e-4,0.018665678592273638,0,0,0,0,0,0,0,0,0,0,0,0,0,0.005316249633634321,0.0011168940140374448,0.007755839303246335,0.003760033553649683,0.0022136612320050124,0.002234109084291353,0.00428998305235929,0.005000122582068695,0.006383147611635203,9.264724528040674e-4,0.0035103853438686636,0.012740087096034839,0.0021540424039298237,8.006017899292005e-4,0.05999895326320197,0.07000149488003587,0.029999999999999995,0.06800920598388953,0.049998602141519195,0.06850425228358287,4.863438133966571e-4,3.993398788635677e-4,0,0,1.1120249214472152e-5,8.273956828817529e-4,8.506976757484229e-4,0.007999904893242666,0.01,0.0259999550076487,0.019999603261192996,0.0299995575808521,0.02073819831322521,0.010499894202285231,0.012170870575877983,0.004700108502741329
IRL,0.012968067894138832,0.041129720853858784,0.04603976056063851,0.027718812119751825,0.0427010883992567,0.009609689748975586,0.025577065878170997,0.019782349664517314,0.03605054113926411,0.005989286938354921,0.010660113686996205,0.005941742678985331,0.004217707384520786,0.010306321698570611,8.454202645605357e-5,9.911357240928427e-4,0,4.0000072241416367e-4,0.0012099591552967757,0.019549916930977195,0.02888962625561823,0.024727183237238083,0.015699156925122755,0.016230246170900194,0.12066081935062105,0.0833493301610047,0.04033596267715211,0,0.0054000102720378005,0.05799799251756547,3.7000667216138784e-4,0.008960120626007383,0,0,0,0,0,0,0,0,0,0,0,0,0,0.005940007030835987,0.0011599810421893003,0.025924370761005806,0.003759992261726877,0.001,0.002199986496522854,0.004290073328551306,0.006649863366488757,0.006859950560014649,9.099916114586154e-4,0.005,0.016100114313218217,0.001879975330356225,0.00399212902745348,0.03539860340458801,0.06100095991526265,0.03846058634225696,0.03933960770421896,0.07031572335611203,0.04973725318412113,4.200004600980009e-4,3.899993585220348e-4,0,0,1.1120249214472152e-5,7.500099634365051e-4,8.922001760255396e-4,0.025099390597794546,0.021999600914269127,0.0609997418022205,0.028999623098133344,0.024999761438999953,0.020999657121367976,0.010499884286044897,0.01199981750159686,0.004700108502741329
IRN,0.04657855655310298,0.041130575555744314,0.046040834949241466,0.03626939979267954,0.04264114575202364,0.010017706565799894,0.025577065878170997,0.019782349664517314,0.023687259728731768,0.005989286938354921,0.0106600532563649,0.005941742678985331,0.004217707384520786,0.010306321698570611,8.454202645605357e-5,9.911357240928427e-4,0,4.000073000693507e-4,0.001210028721876496,0.019550145342000544,0.03016878566804678,0.01930937675993067,0.012354081487759464,0.017529385158097408,0.12065890119655949,0.08312871686267664,0.04033596267715211,0,0.005400044668020887,0.05224987652637651,3.699972625239529e-4,0.008959756668226486,0,0,0,0,0,0,0,0,0,0,0,0,0,0.0059400029153878564,0.001160007107007738,0.005866838973359529,0.0037599895742686223,9.999917898867825e-4,0.0021999880461418923,0.004289990208296244,0.006650086838562488,0.006383147611635203,9.099937691701292e-4,0.004999999999999999,0.016099838810891953,0.0018799951931885118,0.0062553586501987064,0.035399908515836805,0.06099937488109151,0.03913005757273011,0.03934016063455307,0.05,0.0475762598505336,4.2000576535024503e-4,3.9000620505894805e-4,0,0,1.1120249214472152e-5,7.500312748678387e-4,0.0012392680943023207,0.025099215098333186,0.0220005239259518,0.060999742232268554,0.029000211595429534,0.024999719230466868,0.02073819831322521,0.0107129320615906,0.012000219002080521,0.004700108502741329
IRQ,0.0465786237916022,0.041129722636115536,0.04603962854447038,0.03627019262468799,0.04264114575202364,0.010017706565799894,0.025577065878170997,0.019782349664517314,0.023687259728731768,0.005989286938354921,0.010660099533870489,0.005941742678985331,0.004217707384520786,0.010306321698570611,8.454202645605357e-5,9.911357240928427e-4,0,4.0000561545372866e-4,0.0012099826626517018,0.019550162770050308,0.028889873813744915,0.025674607749612128,0.013894577880677687,0.017529385158097408,0.12998735723469712,0.08335082445436597,0.04033596267715211,0,0.005400098269750465,0.058000087600192714,3.6998882681564245e-4,0.018665678592273638,0,0,0,0,0,0,0,0,0,0,0,0,0,0.0059399692366042265,0.0011600007853762935,0.005654340870224134,0.0037599598018806983,0.001,0.002199984696024793,0.004033495904845341,0.006649937264742785,0.006383147611635203,9.100005322263025e-4,0.0035103853438686636,0.01610023392559657,0.0018799931775541532,0.004251984270031523,0.0354011216776396,0.060998533877892974,0.03913005757273011,0.03934003670896177,0.049999999999999996,0.05103891344856891,4.199878677585684e-4,3.993398788635677e-4,0,0,1.1120249214472152e-5,7.499693353659605e-4,0.0018350649838950231,0.025099910370643748,0.02199920784236063,0.06100126109405858,0.02899985573108274,0.02489866342487036,0.02073819831322521,0.0107129320615906,0.012170870575877983,0.004700108502741329
ISL,0.012967778020962526,0.041130180161861,0.047163211524646094,0.02421083886191633,0.042700012289541595,0.009610027855153204,0.025577065878170997,0.019782349664517314,0.023687259728731768,0.005989286938354921,0.010659613093690172,0.005570189192014216,0.004217707384520786,0.010306321698570611,8.454202645605357e-5,9.911357240928427e-4,0,3.9999137794766415e-4,0.0012099709074513425,0.0195499779927215,0.02888896999781006,0.02738152954202151,0.015286881654861842,0.01622988353187112,0.12065908853895088,0.08334985580389329,0.04732999963499653,0,0.005400209533787323,0.05224987652637651,3.69986663859058e-4,0.018665678592273638,0,0,0,0,0,0,0,0,0,0,0,0,0,0.00594006635122641,0.0011600173809485491,0.012782310007362468,0.003759912979611569,0.001,0.002200024595708049,0.004290048157498356,0.006650150618714932,0.006383147611635203,9.099957238207971e-4,0.004999906812039884,0.016100335249042145,0.001879979643426245,0.00402766770529771,0.0354001510003775,0.061000823109279095,0.03846032686982196,0.03934068768244217,0.04892171556265538,0.04777182311551552,4.2000379128951233e-4,3.8999937729622023e-4,0,0,1.1120249214472152e-5,7.499887842310367e-4,8.902211389777231e-4,0.025100043308791682,0.022000188412623644,0.060999431259198475,0.02678667801611825,0.025000156383903717,0.02073819831322521,0.01049989420228523,0.012170870575877983,0.004700108502741329
ISR,0.012967843165763998,0.04112960249021334,0.04603878909325127,0.027718619412784966,0.04269960762843325,0.009609892837328817,0.025577065878170997,0.019782349664517314,0.023687259728731768,0.005989286938354921,0.010660030831634278,0.005570113866791452,0.004217707384520786,0.010306321698570611,8.454202645605357e-5,9.911357240928427e-4,0,3.9999330274922143e-4,0.0012099357891179451,0.019549698667345728,0.028889878037923977,0.020977145556602086,0.01897415346139668,0.016230039237156674,0.12066051177951709,0.08334854168778938,0.04033596267715211,0,0.005400097943192948,0.05799977044037189,3.7001301567540036e-4,0.008960059456632441,0,0,0,0,0,0,0,0,0,0,0,0,0,0.005940017801961288,0.001159982517423285,0.009285584900025647,0.003759976696766677,0.0010000325701071556,0.00219999493619607,0.004033495904845341,0.006649879726017119,0.006383147611635203,9.099985389373203e-4,0.004999927709101424,0.016099605866050165,0.0018800033220072146,0.006873805652068819,0.03539985539692614,0.06100086472583755,0.03845939481201087,0.03934021579209544,0.06355715109017843,0.04303739617006239,4.1999515855725006e-4,3.993398788635677e-4,0,0,1.1120249214472152e-5,7.500107311629069e-4,9.766197037007157e-4,0.025099952842761366,0.022000462905264657,0.06099906224194158,0.029000694306685178,0.025000270372573408,0.020999754209167998,0.010499974404040747,0.012170870575877983,0.004700108502741329
ITA,0.01296808707465062,0.04112959941487566,0.04603930744033692,0.027718644316242446,0.04269996871415163,0.009609927952518488,0.025577065878170997,0.019782349664517314,0.03553286242544277,0.005989286938354921,0.010659992232557728,0.005570039650209114,0.004217707384520786,0.010306321698570611,8.454202645605357e-5,9.911357240928427e-4,0,3.9999087507984303e-4,0.001209996106677049,0.0195496417604913,0.02888991629355655,0.02586123238552259,0.02086800928103585,0.01623024418731978,0.12065563299152514,0.08312871686267664,0.04033596267715211,0,0.005399986838930444,0.05224987652637651,3.700039637973179e-4,0.018665678592273638,0,0,0,0,0,0,0,0,0,0,0,0,0,0.005939991772500897,0.001159981680433931,0.022918420239658864,0.0037599759895443293,0.001000026911380823,0.0021999664063156125,0.004289934105885027,0.006649945296678229,0.0068598588159794645,9.100068440697027e-4,0.004999999999999999,0.016099908842297173,0.001879955388826929,0.006499454825036023,0.03540119359429754,0.06099889100126743,0.03845994375411944,0.039340508067611246,0.0674469425070532,0.04021985506783015,4.200075056700442e-4,3.8999690186662536e-4,0,0,1.1120249214472152e-5,7.500078926044542e-4,0.0010611596875956652,0.025100219957247746,0.02199979808760114,0.06100041800195068,0.029000130078480686,0.025000306729648484,0.02100041271151465,0.01050008617603776,0.011999807895495151,0.004700108502741329
JAM,0.012967921229960107,0.04112934981452125,0.0460397605606385,0.027718498589489084,0.04264114575202364,0.009610032444489507,0.025577065878170997,0.019782349664517314,0.023687259728731768,0.008540009358914366,0.010660061197726943,0.005569918314338079,0.005519960770216781,0.013000095080131422,8.454202645605357e-5,9.911357240928427e-4,0,3.9999425199264255e-4,0.0012099955389128466,0.01955054413135522,0.02889017096029765,0.02785729978067234,0.014271294373253678,0.01623024418731978,0.12066169569298155,0.0833457249070632,0.04033596267715211,0,0.00540002534421298,0.05799905099098441,3.700040150381428e-4,0.018665678592273638,0,0,0,0,0,0,0,0,0,0,0,0,0,0.005940105544670567,0.001159995300369644,0.006189318768177086,0.0037599596390199925,0.0010000056625462204,0.0022000102302265996,0.0042899894522530485,0.006649865662859857,0.006860197669159185,9.099984401809391e-4,0.004999952287799991,0.015216276675336496,0.0018799726753998235,0.0058494494221610635,0.03539967754749165,0.06100208378689392,0.038459527751154486,0.0393398635942631,0.06355715109017843,0.040843092032580415,4.19996158278909e-4,3.9001095023725513e-4,0,0,1.1120249214472152e-5,7.5e-4,0.0026411867305016538,0.025100041229112604,0.021999807895495153,0.06100037019107555,0.02899993148935905,0.02500012807049,0.02100044242893485,0.010500035742369004,0.012170870575877983,0.004700108502741329
JOR,0.04657875206167978,0.0411291243810142,0.04603976056063851,0.036270355811935266,0.04264114575202364,0.00960993770683278,0.025577065878170997,0.019782349664517314,0.033760222106200194,0.005989286938354921,0.010659967964955913,0.005570028445095333,0.004217707384520786,0.010306321698570611,8.454202645605357e-5,9.911357240928427e-4,0,4e-4,0.001209994829211911,0.019549584530558356,0.028889790124708506,0.020085528530550414,0.023622692230562237,0.01623024418731978,0.12065881923533169,0.08335045692964906,0.04033596267715211,0,0.005399940262843489,0.058001158748551565,3.7000659028693097e-4,0.008959850257370144,0,0,0,0,0,0,0,0,0,0,0,0,0,0.005940002286143838,0.001160012230522704,0.006560874157808994,0.003760010060770298,0.001,0.002199952505343149,0.004289874411302983,0.006649801389166278,0.006383147611635203,9.099801840532009e-4,0.004999914799352475,0.016099915215548162,0.001879979643426245,0.004446428100820655,0.03539988563025897,0.06099965673748045,0.03846043536868672,0.03933916629761797,0.09323704586063133,0.053103852074148,4.2000067867929003e-4,3.8999376836107896e-4,0,0,1.1120249214472152e-5,7.499780941706161e-4,0.0018926199040637398,0.025100535837444957,0.022000686106346486,0.06100055543850913,0.029000324474204302,0.024999719230466868,0.02100044242893485,0.010500158696572153,0.012170870575877983,0.004700108502741329
JPN,0.012967559975684443,0.03128993373054014,0.0460402576489533,0.02771878185878797,0.04270175566667883,0.009609460544565296,0.058713770637859514,0.019782349664517314,0.05828770047867679,0.008539976825028968,0.010659966045411343,0.005569980159660058,0.005520208006729629,0.008004346324468966,8.454202645605357e-5,9.911357240928427e-4,0,1.9999860819702365e-4,0.0012099709074513425,0.01955019342993902,0.028890068686332412,0.026132322517801874,0.0173431416634424,0.01623017590807131,0.1206578830232351,0.08312871686267664,0.04033596267715211,0,0.005399995989009887,0.05799797228793511,2.1999708000778665e-4,0.018665678592273638,0,0,0,0,0,0,0,0,0,0,0,0,0,0.005939956328014128,0.0011599979891948795,0.007702745013996284,0.003759987408689856,0.0020000247834545655,0.002200028109627547,0.004289878356667431,0.006649957267766748,0.006383147611635203,9.099876501862937e-4,0.004999801200747485,0.016099791432696936,0.003000048666536889,0.004148878967194727,0.03539985774533541,0.06099972195619265,0.038460677928179886,0.06800890395029735,0.05641576115683972,0.042641658376016085,4.1999650104968504e-4,3.993398788635677e-4,0,0,1.1120249214472152e-5,7.500088449949679e-4,8.902406723836728e-4,0.025099193443475994,0.022999765368371658,0.06100039392637158,0.02685967215400165,0.025,0.02099998740252705,0.010500005819434582,0.010999508668491613,0.004700070051248019
KAZ,0.012968005595396783,0.04113011249105924,0.046040050782567295,0.027718959293775686,0.04269960762843325,0.009610049090384059,0.05871268832023052,0.019782349664517314,0.03774226039923747,0.005989286938354921,0.010659804190973392,0.005941742678985331,0.004217707384520786,0.010306321698570611,8.454202645605357e-5,9.911357240928427e-4,0,3.9999170468685193e-4,0.0012100100374121726,0.018976010849030105,0.02889020420242675,0.02738152954202151,0.014522542253979965,0.016230290052559857,0.12066429775311055,0.08334741466711727,0.04033596267715211,0,0.005399922788053206,0.05224987652637651,3.7000188386002923e-4,0.018665678592273638,0,0,0,0,0,0,0,0,0,0,0,0,0,0.005939966196592581,0.001160000059618649,0.005284086567554743,0.0037599879122930204,0.0010000000000000002,0.002199984696024793,0.0042899005756148615,0.006650117960816494,0.006383147611635203,9.100060292385083e-4,0.004999914799352475,0.016100221942936598,0.001879975066058396,0.005975292510858241,0.03540126769699773,0.06100218954019655,0.038459328364515204,0.039341079022509794,0.04769030685059321,0.044916898654271085,4.1999946425223003e-4,3.8998547078209714e-4,0,0,1.1120249214472152e-5,7.58672019572107e-4,9.137746511478069e-4,0.025099862688802894,0.022000234794394818,0.061001620268080724,0.028999540018399262,0.025000456246007847,0.02100044242893485,0.010500026449428691,0.012170870575877983,0.004700108502741329
KEN,0.017363776028491148,0.020000071011631704,0.046001387013176624,0.018509149190717528,0.04264114575202364,0.009609915595772185,0.014001917057436157,0.01585215866278939,0.01808492893117004,0.006766742046920741,0.012199709240263106,0.006499867495985908,0.004199963620930091,0.01294620026648741,0.001,9.911357240928427e-4,0,1.9999513334631108e-4,0.0021000095216935914,0.016400011908660573,0.030000000000000002,0.02958215868493027,0.011508711601313941,0.02030560440654345,0.1545963840081487,0.08312871686267664,0.04033596267715211,0,0.005499890326826058,0.033999895713838775,3.4345074177289563e-4,0.018665678592273638,0,0,0,0,0,0,0,0,0,0,0,0,0,0.005577753611931024,0.0019124846263293704,0.00616593187918047,0.0022857332624867163,0.0027998770365816167,0.0023000426979601393,0.004290106710074155,0.005700068230477849,0.006700246745511783,9e-4,0.0014999538276849202,0.00699977079990832,0.0018800096360211992,0.007459276147099309,0.056000070870466497,0.03449975134499751,0.037999426390451604,0.08449820788530465,0.0797259547851899,0.0846053983776306,8.000042271233368e-4,7.000000000000001e-4,0,0,1.1120249214472152e-5,7.999968246994884e-4,0.0010606154433075805,0.018699826331297444,0.034000096052252425,0.09399919576850507,0.029380492352859496,0.022079628575182867,0.02073819831322521,0.0107129320615906,0.012170870575877983,0.004700108502741329
KGZ,0.012968048945386718,0.041129814047765924,0.046041537394605245,0.02771929369037206,0.04270001946661476,0.00961009125067096,0.025577065878170997,0.019782349664517314,0.026317868613318904,0.005989286938354921,0.010660018099093017,0.005941742678985331,0.004217707384520786,0.010306321698570611,8.454202645605357e-5,9.911357240928427e-4,0,4.000000000000001e-4,0.0012100179694519318,0.019550315727999416,0.028889257569473248,0.02738152954202151,0.021282341054163934,0.017529385158097408,0.12066553108650686,0.08312871686267664,0.04033596267715211,0,0.01570064883733972,0.05224987652637651,3.699972625239529e-4,0.008959756668226486,0,0,0,0,0,0,0,0,0,0,0,0,0,0.005939975798257378,0.0011600059097288912,0.005091145295747884,0.003760073985995508,0.001,0.002199993113184808,0.00428991934692596,0.00664999864853907,0.006383147611635203,9.100013194067427e-4,0.005,0.016099791432696936,0.0018800401927189345,0.005363654084830835,0.03540013530014934,0.06099853877359165,0.03845958135769631,0.039340013360053445,0.04648602319179651,0.04956104020612379,4.200004698254598e-4,3.899945250479058e-4,0,0,1.1120249214472152e-5,7.634098064481846e-4,9.749602849782047e-4,0.025099500141469396,0.021999807895495146,0.06100248363061638,0.029000716699088765,0.024999635009854734,0.02073819831322521,0.010499894202285231,0.012170870575877983,0.004700108502741329
KHM,0.0129679917995,0.0277633560759,0.0464148872863,0.0265494434536,0.0426603684298,0.00974575278701,0.0255770658782,0.0197823496645,0.0345829653445,0.00617997770413,0.0122200181639,0.00598059030702,0.00381181502831,0.00909786196321,8.45420264561e-05,0.000991135724093,0,0.000333329456943,0.0011849029038,0.0209921064335,0.0353524939728,0.0270400078015,0.0158768625238,0.0187433224025,0.120661867027,0.0832019918044,0.0403359626772,0,0.012267138905,0.0560827389667,0.000311152315611,0.0186656785923,0,0,0,0,0,0,0,0,0,0,0,0,0,0.00573208527105,0.00114562197124,0.00623425469566,0.00375998424249,0.00207119718405,0.0022113682376,0.00420450438398,0.00665007203521,0.00638314761164,0.000910017708553,0.00499998957336,0.0152162766753,0.00300004542224,0.00556546204594,0.0354002028484,0.0453331258671,0.0384598825932,0.0488960333463,0.0537499806434,0.0423794753315,0.000442113964109,0.000396227976391,0,0,1.11202492145e-05,0.000821325047472,0.000750708342123,0.0283665614024,0.0228314921925,0.0720666956119,0.0282866312068,0.0249326160935,0.0208257771172,0.0105710492055,0.0117806168843,0.00470010850274
KIR,0.0129679917995,0.0277633560759,0.0464148872863,0.0265494434536,0.0426603684298,0.00974575278701,0.0255770658782,0.0197823496645,0.0345829653445,0.00617997770413,0.0122200181639,0.00598059030702,0.00381181502831,0.00909786196321,8.45420264561e-05,0.000991135724093,0,0.000333329456943,0.0011849029038,0.0209921064335,0.0353524939728,0.0270400078015,0.0158768625238,0.0187433224025,0.120661867027,0.0832019918044,0.0403359626772,0,0.012267138905,0.0560827389667,0.000311152315611,0.0186656785923,0,0,0,0,0,0,0,0,0,0,0,0,0,0.00573208527105,0.00114562197124,0.00623425469566,0.00375998424249,0.00207119718405,0.0022113682376,0.00420450438398,0.00665007203521,0.00638314761164,0.000910017708553,0.00499998957336,0.0152162766753,0.00300004542224,0.00556546204594,0.0354002028484,0.0453331258671,0.0384598825932,0.0488960333463,0.0537499806434,0.0423794753315,0.000442113964109,0.000396227976391,0,0,1.11202492145e-05,0.000821325047472,0.000750708342123,0.0283665614024,0.0228314921925,0.0720666956119,0.0282866312068,0.0249326160935,0.0208257771172,0.0105710492055,0.0117806168843,0.00470010850274
KOR,0.012967785782973692,0.03128992721754833,0.04603926210910526,0.027719017002916246,0.04270175566667883,0.010017706565799894,0.05871185160437518,0.019782349664517314,0.04344567843342099,0.0085399979722194045,0.010660167086253067,0.005569939537816685,0.004217707384520786,0.03466368644682446,8.454202645605357e-5,9.911357240928427e-4,0,1.9999999999999998e-4,0.001209992700137886,0.019549941282889515,0.02889037595814576,0.022574159101931463,0.015713837710346193,0.016229893619497657,0.12066083949668621,0.08335023150495116,0.04033596267715211,0,0.005400025269187034,0.058001113585746104,2.200018249840314e-4,0.008960056822929722,0,0,0,0,0,0,0,0,0,0,0,0,0,0.00593989596660472,0.0011599968517233238,0.006068020478332165,0.0037599824838378836,0.0020000000000000005,0.002199976252671575,0.00428991934692596,0.006649956353660058,0.006383147611635203,9.09998440180939e-4,0.005,0.015216276675336496,0.003,0.0038311941029520393,0.035399969156881324,0.06100238833636331,0.03846089629545804,0.0680108462845145,0.056692956137367155,0.04264276067211305,4.199890770071e-4,3.8999532054281703e-4,0,0,1.1120249214472152e-5,8.076369008192875e-4,8.940919497167734e-4,0.025098901098901102,0.02299991991671338,0.06099974255226765,0.026860390306669524,0.025000212829353424,0.020999594502489064,0.01049991165746655,0.010999863126197645,0.004700025402166263
KWT,0.04657869520325191,0.04113013913172238,0.0460388721598686,0.03627015766353893,0.04264114575202364,0.010017706565799894,0.025577065878170997,0.019782349664517314,0.03363058390496905,0.005989286938354921,0.010659931776436631,0.005569982502330297,0.004217707384520786,0.010306321698570611,8.454202645605357e-5,9.911357240928427e-4,0,4.0000311966245254e-4,0.0012100076318147127,0.019549584530558356,0.02888949721689935,0.024438102657818934,0.01213604729430672,0.017529385158097408,0.12065881923533167,0.08334802733083536,0.04033596267715211,0,0.005399814471243042,0.05800151687523701,3.69991545171468e-4,0.00896009546204331,0,0,0,0,0,0,0,0,0,0,0,0,0,0.0059400046319674086,0.0011600028134172555,0.005740900436886836,0.0037598915289802494,0.001,0.0022000443557329786,0.0042899505047641895,0.00664999597856208,0.006383147611635203,9.099751776630859e-4,0.00499990328633049,0.016100130119586095,0.0018799767509444928,0.00659400858770845,0.0353996412198525,0.06100092481087951,0.03913005757273011,0.0393396369529336,0.049998497821841674,0.05595261230286269,4.200061108891344e-4,3.899990875079843e-4,0,0,1.1120249214472152e-5,7.500069641762772e-4,0.0010412982204743562,0.025100551866055563,0.021998912649510694,0.06099919516619218,0.029000213629566333,0.024999999999999998,0.020999702216361084,0.010500169548999662,0.012170870575877983,0.004700108502741329
LAO,0.012967926919677259,0.02600009492205257,0.047163211524646094,0.02771875533029557,0.04264114575202364,0.010017706565799894,0.025577065878170997,0.019782349664517314,0.033629543696829085,0.005000007278454756,0.012999987159238285,0.006000028242072215,0.004217707384520786,0.010306321698570611,8.454202645605357e-5,9.911357240928427e-4,0,3.9999619793547894e-4,0.0013447663798416885,0.0220003084515731,0.03016878566804678,0.029999214762465646,0.014271294373253678,0.02000038421639067,0.12066082664163799,0.08312871686267664,0.04033596267715211,0,0.01570064883733972,0.057999289382732,3.4345074177289563e-4,0.018665678592273638,0,0,0,0,0,0,0,0,0,0,0,0,0,0.005316249633634321,0.0011168940140374448,0.005031432171483886,0.0037600207980838488,0.0019999658434948935,0.0022000491924243663,0.004033495904845341,0.006650061212033544,0.006383147611635203,9.100172361350502e-4,0.005,0.015216276675336496,0.0030000876001927204,0.006210652258841281,0.035400220346545025,0.03749977721139965,0.03845970843631462,0.039339076997228585,0.06355715109017843,0.03814515645306408,4.863438133966571e-4,3.993398788635677e-4,0,0,1.1120249214472152e-5,7.786259701811285e-4,3.37604565433149e-4,0.029999947342646664,0.023493541652659832,0.0776008908502258,0.028999848862691753,0.02489866342487036,0.02073819831322521,0.010499894202285231,0.012170870575877983,0.004700108502741329
LBN,0.0465787435296895,0.04112920942786304,0.046038863976083706,0.03626991898869403,0.04264114575202364,0.00960986292481142,0.025577065878170997,0.019782349664517314,0.023687259728731768,0.008539987398700762,0.010659817561757568,0.005570018488698037,0.004217707384520786,0.008310617300990303,8.454202645605357e-5,9.911357240928427e-4,0,3.9999902275992145e-4,0.0012099766805231675,0.019550194851528622,0.028890088422784288,0.021438947976898094,0.023005457351395277,0.016230290052559857,0.12066177724714308,0.08312871686267664,0.04033596267715211,0,0.005399938963912413,0.05799973400718181,3.7000373294252654e-4,0.008959756668226486,0,0,0,0,0,0,0,0,0,0,0,0,0,0.0059399100213020865,0.0011600048569946242,0.005266106197071274,0.0037600486272226837,9.999946715262347e-4,0.002200048614487117,0.004033495904845341,0.006650133581590383,0.006383147611635203,9.099927323653763e-4,0.005,0.0161,0.0018800187598132178,0.0056782923942454,0.03540005705448704,0.06099955028058581,0.03846001695394179,0.03934120523086808,0.06355715109017843,0.045551284545120585,4.1999892363166674e-4,3.900059512001587e-4,0,0,1.1120249214472152e-5,7.500155085584019e-4,0.0014505723799645397,0.02510009929850411,0.021999924168699364,0.061000350648700095,0.028999406454031425,0.02499940164189464,0.02100044242893485,0.010499886647018817,0.012170870575877983,0.004700108502741329
LBR,0.0173637250518,0.0200001093131,0.0468051913686,0.0191407374858,0.0426504167278,0.00995495996496,0.0148922958414,0.0158522454534,0.0193125137508,0.00670687822723,0.0122000169063,0.00637118814334,0.0042068173375,0.0102183875705,0.000295801558812,0.000991135724093,0,0.00023490539689,0.0018676121452,0.0173907031294,0.0300389440064,0.0289065116644,0.0126747110589,0.0192383217836,0.152707993101,0.0831287168627,0.0403359626772,0,0.00785397258414,0.0410189901121,0.000349577900795,0.0231121932659,0,0,0,0,0,0,0,0,0,0,0,0,0,0.00557779465314,0.00172889229682,0.00647356929154,0.00239981731161,0.00261960414594,0.00227972760451,0.00413215323721,0.00570954269372,0.0065293958104,0.000902023046219,0.00180928201153,0.011424139358,0.0020064813215,0.00617462128782,0.0559996999633,0.0344999468568,0.0380868106639,0.0845002745473,0.0699568314421,0.0834300581061,0.000631110456902,0.000445598758353,0,0,1.11202492145e-05,0.000814331265399,0.00141811876639,0.0186999123247,0.0291508169883,0.0940003647306,0.0291805752146,0.0235976629612,0.020818736202,0.0106801570063,0.0121577407238,0.00470010850274
LCA,0.0129679369208036,0.04113110539845758,0.047163211524646094,0.02771924598078997,0.04264114575202364,0.009609955928320424,0.025577065878170997,0.019782349664517314,0.023687259728731768,0.008539887811213351,0.010659847047684927,0.005569886539986894,0.005520066915534628,0.011355832628593238,8.454202645605357e-5,9.911357240928427e-4,0,3.9999386559519065e-4,0.0012100229952184546,0.01955049586291884,0.028890598402514074,0.02568631221322874,0.014271294373253678,0.016229947987955105,0.12066105647368955,0.08334767113186678,0.04033596267715211,0,0.005399971276748528,0.05224987652637651,3.699850959637436e-4,0.008959990641085634,0,0,0,0,0,0,0,0,0,0,0,0,0,0.005940025199496011,0.001159977358589914,0.009563207128994295,0.003759998955089368,0.001,0.00219998137356643,0.0042900550737481795,0.006649878930053196,0.0068599748833871555,9.100180587493992e-4,0.005,0.016100091801819344,0.0018800083800345675,0.006050635135359987,0.035399990616055935,0.06099949216022345,0.038460002294445315,0.039340107824653345,0.06355715109017843,0.037334128938376294,4.863438133966571e-4,3.9001095023725513e-4,0,0,1.1120249214472152e-5,7.499909168997793e-4,9.074799093344324e-4,0.025100091957275236,0.021999876854873465,0.06099956236323851,0.028999609603747804,0.02499940164189464,0.021000165910850566,0.010500036734993756,0.012170870575877983,0.004700108502741329
LKA,0.020505039247989142,0.02000012088317246,0.047163211524646094,0.01999942968761139,0.04264114575202364,0.01100010950104026,0.03263314567748901,0.019782349664517314,0.03623351979601115,0.005989286938354921,0.009999879388742144,0.01,0.004217707384520786,0.010306321698570611,8.454202645605357e-5,9.911357240928427e-4,0,4e-4,0.0013447663798416885,0.02000027239049902,0.03000045624600784,0.028868604606034205,0.010006472320867916,0.017529385158097408,0.20000365003467535,0.08312871686267664,0.04033596267715211,0,0.030000116492968593,0.04399966047024871,3.700040150381428e-4,0.014999844018093901,0,0,0,0,0,0,0,0,0,0,0,0,0,0.005316249633634321,0.0011168940140374448,0.0024558984149214112,0.0037599078899527333,0.0022136612320050124,0.002234109084291353,0.004033495904845341,0.005823830529227188,0.006383147611635203,9.264724528040674e-4,0.0035103853438686636,0.01273990734612839,0.0021540424039298237,1.834016687161873e-5,0.06,0.06999794047986818,0.0300005736247347,0.06800999031313094,0.06355715109017843,0.042670896066664465,4.200093211123194e-4,3.993398788635677e-4,0,0,1.1120249214472152e-5,9.429660897496582e-7,8.506976757484229e-4,0.007999895528625156,0.009999999999999998,0.02600007073886747,0.02,0.029999304766981066,0.021000165910850566,0.01049989420228523,0.012,0.004700108502741329
LSO,0.0173637445123,0.0200000180227,0.0464984801615,0.0195046133634,0.0426496334266,0.00972653237411,0.0164822752295,0.0166944015065,0.0213076643525,0.00665562515334,0.0121999439977,0.00650000422273,0.00420632097558,0.0105378733495,0.000542271013228,0.000991135724093,0,0.000200000395976,0.0017223831263,0.0167679510688,0.0300482687244,0.0292565564715,0.014806684256,0.0197113291807,0.154600681166,0.0831761493227,0.0403359626772,0,0.00768584241201,0.0418213796069,0.000354829552948,0.0262353935435,0,0,0,0,0,0,0,0,0,0,0,0,0,0.00557779594746,0.00185567132403,0.00807751974777,0.00228570436864,0.00254869943593,0.0022905826686,0.00421672008282,0.00570885765105,0.00654156716314,0.000899995838002,0.00149999652027,0.00934747535233,0.00188000873261,0.00659178325142,0.0559999158173,0.0345002646755,0.0380805927807,0.0845001355785,0.0688372791099,0.0786105979347,0.000665575656213,0.000657049953033,0,0,1.11202492145e-05,0.000815576993246,0.00119632271368,0.0187001481616,0.0332493288058,0.0939996460852,0.0293799289377,0.0224824494386,0.0208692125308,0.0106216707307,0.0121708705759,0.00470010850274
LTU,0.012968040658279209,0.04113014971780053,0.0460384848651927,0.02771808791960925,0.04269922032285223,0.009609990186927073,0.025577065878170997,0.019782349664517314,0.024691653162431004,0.005989286938354921,0.010659792111858845,0.005941742678985331,0.004217707384520786,0.010306321698570611,8.454202645605357e-5,9.911357240928427e-4,0,4.0000107038017227e-4,0.0012099766805231675,0.018976010849030105,0.02888962765957447,0.02738152954202151,0.018876876098585748,0.016229947987955105,0.12065699139654122,0.08312871686267664,0.04033596267715211,0,0.00540009909575127,0.05224987652637651,3.699894557547246e-4,0.018665678592273638,0,0,0,0,0,0,0,0,0,0,0,0,0,0.00594012360647787,0.0011600100120415094,0.0060484181475342095,0.0037600035318387237,0.001,0.0021999801344237324,0.004290199772361553,0.006649934194985321,0.006859872200348545,9.099910479342429e-4,0.005000076138267094,0.016099908842297173,0.0018800663087615772,0.00517310252565926,0.035400352733686066,0.06099918352935984,0.03846037090535615,0.03933981070565247,0.10309937288953208,0.03891192201613901,4.199925715829281e-4,3.8999256075081446e-4,0,0,1.1120249214472152e-5,8.517192896443473e-4,8.938959096428357e-4,0.02509971901833258,0.022000275309340633,0.06099979713347633,0.028999444576688092,0.02499882258748175,0.020999754209167998,0.010500401827041433,0.01200006083372622,0.004700108502741329
LUX,0.01296794609704973,0.04112996759338222,0.04603919928521187,0.02771876942785554,0.042700547502528274,0.009609591254005815,0.025577065878170997,0.019782349664517314,0.01607450164717325,0.005989286938354921,0.010660161910036929,0.005569841928199456,0.004217707384520786,0.010306321698570611,8.454202645605357e-5,9.911357240928427e-4,0,3.999970151863057e-4,0.0012100409836065572,0.0195499779927215,0.03016878566804678,0.02738152954202151,0.014271294373253678,0.016230290052559857,0.12065844222206001,0.08312871686267664,0.04732999963499653,0,0.005400093589143659,0.05224987652637651,3.6998861214120943e-4,0.018665678592273638,0,0,0,0,0,0,0,0,0,0,0,0,0,0.005940046238759521,0.0011600038066513912,0.010982206759849525,0.0037599940431779647,9.999999999999998e-4,0.002199978891263622,0.004289977294842685,0.006649977039418134,0.006860211536364628,9.100072984373217e-4,0.005000062560214205,0.016100160440064175,0.0018800196487780917,0.004042323094163427,0.035399111234250165,0.061000475285171094,0.038460501228395214,0.039340225434090416,0.06395202418625338,0.04770713021648029,4.199926430016553e-4,3.9000615490316764e-4,0,0,1.1120249214472152e-5,9.045532896394017e-4,9.309860408335568e-4,0.025099607344959002,0.022000207521159748,0.0609999884581203,0.02900135727709334,0.02500013370056422,0.020999438967700568,0.010500023936042893,0.011999918889324482,0.004700108502741329
LVA,0.012967860053953522,0.04112965688172876,0.046039173270003994,0.02771929994369996,0.04270036839058605,0.009610120184995984,0.025577065878170997,0.019782349664517314,0.033922374598697264,0.005989286938354921,0.010660118233267974,0.005941742678985331,0.004217707384520786,0.010306321698570611,8.454202645605357e-5,9.911357240928427e-4,0,3.9999917327358857e-4,0.0012099357891179451,0.018976010849030105,0.03016878566804678,0.02738152954202151,0.016985584887870123,0.016230290052559857,0.12066048667439166,0.08312871686267664,0.04033596267715211,0,0.005399945066682943,0.057998748566065274,3.7000667216138784e-4,0.008959912650132584,0,0,0,0,0,0,0,0,0,0,0,0,0,0.00593993549277745,0.0011600019612375409,0.007466178489286208,0.00376000357470006,0.001,0.0021999999999999997,0.004290000759628289,0.0066500077972420045,0.006859950531452637,9.100102685378225e-4,0.004999942745906333,0.016100275758335423,0.0018799906059182715,0.005227066201082854,0.035400506464081036,0.06099940787271838,0.038459353596122015,0.03934119677790564,0.06355715109017843,0.053323301262155405,4.199968870384061e-4,3.899945190981081e-4,0,0,1.1120249214472152e-5,7.520917245236256e-4,9.026037191322987e-4,0.025099707055377122,0.021999945579712115,0.061000624275394634,0.029000037339905155,0.025,0.020999657121367976,0.010499655013799448,0.01199981750159686,0.004700108502741329
MAR,0.017070916619433597,0.04113091616985035,0.04604020735680268,0.02771831067371597,0.04270105852293466,0.009610006738544475,0.058713964600248116,0.01588237568259798,0.023687259728731768,0.005989286938354921,0.01066001121106158,0.0055701908009954835,0.004217707384520786,0.010306321698570611,8.454202645605357e-5,9.911357240928427e-4,0,3.9998957138387734e-4,0.001210005367686527,0.01955005474997511,0.028890032756200282,0.0253669516019925,0.03289694895369834,0.017529385158097408,0.12066284629703981,0.08312871686267664,0.04033596267715211,0,0.0054000397758513785,0.05800060833417824,3.69995689035781e-4,0.018665678592273638,0,0,0,0,0,0,0,0,0,0,0,0,0,0.005940037401632165,0.0011599934958105367,0.007613456050163128,0.0037600012550594586,9.999999999999998e-4,0.002200040672451193,0.004289938190895044,0.006650288631055047,0.006383147611635203,9.099903690800103e-4,0.004999859115243731,0.01610028562361155,0.0018800028968343563,0.005731495792488627,0.03539963691673618,0.06100027572957155,0.03846080305927342,0.03933861875965369,0.04142469479811287,0.05189997770031036,4.199986330394368e-4,3.899990875079843e-4,0,0,1.1120249214472152e-5,7.499763805888909e-4,0.0010452947114205791,0.025100091957275236,0.022000519210799586,0.06099966930416757,0.02900014559219626,0.024999676990064217,0.020999914918960312,0.010499894202285231,0.012170870575877983,0.004700108502741329
MDA,0.012968338420546722,0.041129950815428425,0.04604123975409836,0.02771872611370605,0.04269850598533824,0.009609845121830916,0.025577065878170997,0.019782349664517314,0.023687259728731768,0.005989286938354921,0.010660006651405029,0.005941742678985331,0.004217707384520786,0.010306321698570611,8.454202645605357e-5,9.911357240928427e-4,0,4.0000256140979994e-4,0.0012100179694519318,0.018976010849030105,0.028890320271962783,0.02738152954202151,0.019471641265142677,0.017529385158097408,0.12065381258430533,0.08312871686267664,0.04033596267715211,0,0.005399873657612128,0.057999817501596856,3.70009291213167e-4,0.018665678592273638,0,0,0,0,0,0,0,0,0,0,0,0,0,0.0059399351554073766,0.001160003316807924,0.005845140688673763,0.0037600814224250925,0.001,0.002199986496522854,0.004290199772361552,0.006649962602842183,0.006383147611635203,9.100144555091551e-4,0.005000127802060169,0.016099913763712573,0.0018799986745510794,0.005063377857730825,0.03539850136239782,0.0610015350305558,0.038460858236011954,0.039341208692099,0.06992709967826731,0.038663797916863925,0.00042000743017325814,3.899892933618844e-4,0,0,1.1120249214472152e-5,7.513297552693001e-4,0.001251062657289893,0.02509941687322788,0.021999752122451508,0.0609997418022205,0.028999955671793965,0.024999999999999998,0.021000165910850566,0.010500158696572153,0.012170870575877983,0.004700108502741329
MDG,0.01736342937814127,0.020000162379093765,0.047163211524646094,0.018509232719716395,0.04270175566667883,0.010017706565799894,0.025577065878170997,0.015852106451020715,0.018000177367860946,0.006766696390019818,0.012200004882931713,0.006499978500123341,0.004217707384520786,0.0080001888321518215,0.001,9.911357240928427e-4,0,1.999927001970947e-4,0.0021000091249201566,0.01639942624420481,0.029999999999999995,0.029177051222593474,0.014668011421899696,0.02030660291272767,0.15460162686411513,0.08312871686267664,0.04033596267715211,0,0.0055,0.05224987652637651,3.4345074177289563e-4,0.018665678592273638,0,0,0,0,0,0,0,0,0,0,0,0,0,0.005577670237407442,0.0019125006741088281,0.01355208864057902,0.002285758275596613,0.0028000180428065587,0.002299997739448878,0.004289997790613263,0.005700054292243785,0.006383147611635203,9.000085829542529e-4,0.0015000086419966468,0.015216276675336496,0.0018799929552659389,0.0052560896859615725,0.056000403388463085,0.03449968583097706,0.03800056067108015,0.08449920372621882,0.07951886696455378,0.0793712381585516,4.863438133966571e-4,3.993398788635677e-4,0,0,1.1120249214472152e-5,9.513878401483574e-4,9.000389300297675e-4,0.018699903298592457,0.03400066499187232,0.09399836748721914,0.029379495376184495,0.022079716085848092,0.021000165910850566,0.0107129320615906,0.012000182498403138,0.004700108502741329
MDV,0.046578753018789845,0.04113011229009993,0.046041537394605245,0.03626989759708,0.04264114575202364,0.009610049884414162,0.04833455627169062,0.019782349664517314,0.023687259728731768,0.008540009358914366,0.010659927764507679,0.005569980163103372,0.005520038804341236,0.012794613425740694,8.454202645605357e-5,9.911357240928427e-4,0,3.9999266337741425e-4,0.0012099955389128466,0.019549685190254587,0.02888949721689935,0.022236175027520923,0.020777841273984365,0.016230046719875414,0.12065908853895088,0.08334854168778938,0.04033596267715211,0,0.00539998928360928,0.057999817501596856,3.6999405822935234e-4,0.018665678592273638,0,0,0,0,0,0,0,0,0,0,0,0,0,0.005939891198578289,0.0011599930799920813,0.008008398230115118,0.0037599271273679184,0.001,0.0021999394581504465,0.004289976854181342,0.006650111582724369,0.006383147611635203,9.100157600880083e-4,0.0050000525469507005,0.016099946793271397,0.0018799888898384757,0.0036854116327453335,0.03539994252323019,0.06100028256569652,0.03846036850338953,0.039340013360053445,0.05254095795393238,0.04777182311551552,4.863438133966571e-4,3.993398788635677e-4,0,0,1.1120249214472152e-5,7.513270522999828e-4,9.943919910622358e-4,0.025100345601164132,0.021999954260622973,0.06100016055251836,0.028999267558256242,0.024999999999999998,0.02099987556858245,0.01050004667517192,0.012170870575877983,0.004700108502741329
MEX,0.025173560665185807,0.021000254355843823,0.047163211524646094,0.026249871983739965,0.016000292002774027,0.012000391083300744,0.025577065878170997,0.019782349664517314,0.01130648161510345,0.006600039107480393,0.014399832358435009,0.007000025347257427,0.004217707384520786,0.006100576336309187,8.454202645605357e-5,0.0030000140384372413,0,0.0029000005821365575,0.0021000098269060687,0.018999960962660784,0.023000052143080613,0.019134895818654397,0.0247585562996474,0.02200018249840314,0.09750217912399216,0.07599864819195674,0.04033596267715211,0,0.0058000210578036705,0.049999999999999996,3.4345074177289563e-4,0.018665678592273638,0,0,0,0,0,0,0,0,0,0,0,0,0,0.006300206407283034,0.0029999904750111924,0.008782722244451735,0.004000026520978093,0.005799898746994051,0.002999895172702972,0.004033495904845341,0.00500013334704903,0.006383147611635203,0.0020000117110417557,0.0027999807800881712,0.002,0.0023999663929089037,0.006186891800413387,0.040000160533613736,0.028999950171906923,0.048998050552620534,0.06400015582240141,0.050196638733376014,0.05296951421606435,0.0012999471458773784,0.001,0,0,1.1120249214472152e-5,0.0010000429216236813,0.001049582960089603,0.02119981137159795,0.024999483588440646,0.0340004962368704,0.021999825609277587,0.019000431965442766,0.014900035192974812,0.017999888635224677,0.05399899625878273,0.004700108502741329
MKD,0.01296800236187804,0.04112966755947692,0.047163211524646094,0.027718359550693062,0.042699294898382416,0.0096100032075743,0.025577065878170997,0.019782349664517314,0.023687259728731768,0.005989286938354921,0.010659635249462196,0.005941742678985331,0.004217707384520786,0.010306321698570611,8.454202645605357e-5,9.911357240928427e-4,0,3.999979261287044e-4,0.0012099357891179451,0.019550253858395008,0.028890011406224544,0.02052560362604289,0.01204183902913286,0.01622959851249914,0.120658390291533,0.08312871686267664,0.04033596267715211,0,0.00540009358914366,0.05799980346187862,3.70001395583515e-4,0.008960120626007383,0,0,0,0,0,0,0,0,0,0,0,0,0,0.005940006591076325,0.0011599926405613903,0.007820574451176779,0.003759998103126679,0.001,0.0022000609215039667,0.0042899005756148615,0.0066499850292997984,0.006859961917950493,9.09999742341089e-4,0.0049998444160935995,0.016100221942936598,0.0018799942425466514,0.0036256679787991224,0.035400107691936765,0.061000590318772134,0.038459650278730564,0.03933981307142978,0.06355715109017843,0.05832536205544183,4.2000064824918704e-4,3.9000145999610664e-4,0,0,1.1120249214472152e-5,7.499985725667702e-4,0.00114947799579468,0.025099424229833207,0.021999733191035216,0.06100151745068285,0.028999135831565718,0.024999999999999998,0.020999875568582446,0.010500158696572153,0.012170870575877983,0.004700108502741329
MLI,0.01736348927079079,0.020000228125027723,0.047163211524646094,0.020499823553944373,0.04264114575202364,0.010017706565799894,0.014002100204680963,0.01585219198429345,0.017999260628465803,0.006766648458062273,0.01220021944720205,0.006499883224113533,0.004200015946322226,0.010306321698570611,8.454202645605357e-5,9.911357240928427e-4,0,1.9999999999999998e-4,0.0021000091249201566,0.018976010849030105,0.03,0.030398216304768882,0.010407212893657513,0.020306603773584907,0.15460467205750225,0.08312871686267664,0.04033596267715211,0,0.005499947355490822,0.033999452504790584,3.4345074177289563e-4,0.02829892650701899,0,0,0,0,0,0,0,0,0,0,0,0,0,0.00557780723001691,0.0019124694470640312,0.0019774372341018615,0.002285758485195384,0.002799976318048607,0.002234109084291353,0.004033495904845341,0.005700060652869229,0.006383147611635203,8.999844018093902e-4,0.0014999801200747483,0.015216276675336496,0.0018800096360211992,0.004045744031885012,0.05599965303808526,0.034500026693716296,0.03799963772491245,0.08450006849717204,0.07494654228323379,0.09539379500012893,4.863438133966571e-4,3.993398788635677e-4,0,0,1.1120249214472152e-5,7.9998779296875e-4,0.0022624556633721233,0.018700572998058437,0.023493541652659832,0.09400058918839299,0.029380365000360675,0.022079628575182867,0.02073819831322521,0.0107129320615906,0.012170870575877983,0.004700108502741329
MLT,0.012967880869253214,0.04112960369119222,0.04604153739460525,0.027719193391244547,0.042699363281197195,0.009610135421074905,0.025577065878170997,0.019782349664517314,0.023687259728731768,0.005989286938354921,0.010659788420320802,0.005570157156536923,0.004217707384520786,0.010306321698570611,8.454202645605357e-5,9.911357240928427e-4,0,3.999950841682566e-4,0.0012100068620150965,0.01955018118796282,0.028890032756200282,0.027889103060046133,0.017872706737745565,0.016229582991148826,0.12065818997756171,0.08335023150495117,0.04033596267715211,0,0.005400105668352328,0.05800039541922042,3.699947472625157e-4,0.018665678592273638,0,0,0,0,0,0,0,0,0,0,0,0,0,0.0059399698663651366,0.0011600005063135493,0.013126662313899317,0.0037600199841183123,0.001,0.002199993113184808,0.004289987181313203,0.006649846243692341,0.006383147611635203,9.100126263818961e-4,0.005,0.016100658962849776,0.0018799883200311467,0.0057765860992842625,0.035398661664454684,0.06099933799614311,0.03845934753751427,0.03934055752042396,0.07555147352943271,0.03705396415637777,4.863438133966571e-4,3.9000663643402276e-4,0,0,1.1120249214472152e-5,7.541715956915135e-4,0.001126068252644813,0.025100163595394635,0.022000545532478665,0.06100023810993624,0.029000130078480686,0.024999999999999998,0.020999696140990582,0.01049998216896687,0.012,0.004700108502741329
MMR,0.0129679917995,0.0277633560759,0.0464148872863,0.0265494434536,0.0426603684298,0.00974575278701,0.0255770658782,0.0197823496645,0.0345829653445,0.00617997770413,0.0122200181639,0.00598059030702,0.00381181502831,0.00909786196321,8.45420264561e-05,0.000991135724093,0,0.000333329456943,0.0011849029038,0.0209921064335,0.0353524939728,0.0270400078015,0.0158768625238,0.0187433224025,0.120661867027,0.0832019918044,0.0403359626772,0,0.012267138905,0.0560827389667,0.000311152315611,0.0186656785923,0,0,0,0,0,0,0,0,0,0,0,0,0,0.00573208527105,0.00114562197124,0.00623425469566,0.00375998424249,0.00207119718405,0.0022113682376,0.00420450438398,0.00665007203521,0.00638314761164,0.000910017708553,0.00499998957336,0.0152162766753,0.00300004542224,0.00556546204594,0.0354002028484,0.0453331258671,0.0384598825932,0.0488960333463,0.0537499806434,0.0423794753315,0.000442113964109,0.000396227976391,0,0,1.11202492145e-05,0.000821325047472,0.000750708342123,0.0283665614024,0.0228314921925,0.0720666956119,0.0282866312068,0.0249326160935,0.0208257771172,0.0105710492055,0.0117806168843,0.00470010850274
MNE,0.012967856138435324,0.04113066002825809,0.04603978465188429,0.02771873539285259,0.04269848697551084,0.009610176296674818,0.025577065878170997,0.019782349664517314,0.023687259728731768,0.005989286938354921,0.010659730975526274,0.00556980634695326,0.004217707384520786,0.010306321698570611,8.454202645605357e-5,9.911357240928427e-4,0,3.999978537289447e-4,0.001210030036880727,0.01954947549710349,0.028889829313020175,0.02738152954202151,0.010880632873870012,0.017529385158097408,0.12066407629812786,0.0833496682325639,0.04033596267715211,0,0.00539986839219127,0.05799799251756547,3.700133662348345e-4,0.018665678592273638,0,0,0,0,0,0,0,0,0,0,0,0,0,0.005940000448259632,0.0011599932289940117,0.006112125380237574,0.003760046024913791,0.001,0.002199986496522854,0.004289843974346702,0.006650014720826646,0.006383147611635203,9.100005231767292e-4,0.004999816496926323,0.016100006684938835,0.0018800023408028954,0.004972931010117688,0.03539966732590274,0.061000408886465865,0.038460185744903,0.03934009833664609,0.06355715109017843,0.03842962784825347,4.1999207957695624e-4,3.9000620505894805e-4,0,0,1.1120249214472152e-5,7.499845666499109e-4,0.0010209272396021316,0.025100217768099193,0.021999733191035216,0.060999617330668825,0.029000071808128677,0.024999778790426048,0.020999585234342595,0.01050031867431485,0.012170870575877983,0.004700108502741329
MNG,0.01296816271707771,0.03129010298228589,0.046040473110330805,0.02421083886191633,0.042698813785358315,0.009609460544565296,0.025577065878170997,0.019782349664517314,0.03412715898581755,0.00853991619925954,0.010660270957046379,0.005941742678985331,0.004217707384520786,0.010306321698570611,8.454202645605357e-5,9.911357240928427e-4,0,1.9999665137461072e-4,0.001209942331557048,0.018976010849030105,0.02888896999781006,0.021792761836508197,0.02421478149447244,0.016229582991148826,0.12066206199460917,0.08312871686267664,0.04033596267715211,0,0.01570064883733972,0.05224987652637651,2.200021900208052e-4,0.018665678592273638,0,0,0,0,0,0,0,0,0,0,0,0,0,0.005940029452619925,0.001159986030809825,0.0069425218427736635,0.0037598603480442153,0.0022136612320050124,0.002234109084291353,0.004290039527907824,0.00665016679220919,0.006383147611635203,9.100071459727339e-4,0.005,0.015216276675336496,0.003,0.004446296997558476,0.035400485645891815,0.06099960038995366,0.03845961307816655,0.06800920598388953,0.04602616723364393,0.05369311250166473,4.200045981709498e-4,3.993398788635677e-4,0,0,1.1120249214472152e-5,7.5e-4,0.0015769114789386928,0.025099736864442744,0.02300067236576698,0.06100055678139112,0.02685983903876672,0.02489866342487036,0.02073819831322521,0.0107129320615906,0.012170870575877983,0.004700108502741329
MOZ,0.017363764714952754,0.019999999999999997,0.04599963500319372,0.018508826628105497,0.04264114575202364,0.010017706565799894,0.014002095612966793,0.015852335336379534,0.0180005392842927,0.006766739809145342,0.012200090398558575,0.006499960558491757,0.004217707384520786,0.013000039380931755,0.001,9.911357240928427e-4,0,1.9999999999999998e-4,0.0021000091249201566,0.0164,0.03016878566804678,0.030093629031586456,0.014377689396464255,0.02030618866088085,0.15460282108389012,0.08312871686267664,0.04033596267715211,0,0.005499922009046951,0.05224987652637651,3.4345074177289563e-4,0.028300317163209066,0,0,0,0,0,0,0,0,0,0,0,0,0,0.0055778013718253364,0.0019124708923378604,0.004691510677520594,0.002285682382133995,0.002800016395458458,0.0023000108738990177,0.004033495904845341,0.005700064390184074,0.006383147611635203,8.999918890420959e-4,0.0015,0.015216276675336496,0.0018800096360211992,0.0040973014094938705,0.05599920246097755,0.03449936558724554,0.03800015330369462,0.08450106855170146,0.06355715109017843,0.06080125465658211,4.863438133966571e-4,3.993398788635677e-4,0,0,1.1120249214472152e-5,7.999999999999999e-4,0.0011285086026249036,0.01870025609299917,0.03399929561681555,0.09399911621741051,0.029380525444378493,0.022080007786645903,0.020999875568582446,0.0107129320615906,0.012170870575877983,0.004700108502741329
MRT,0.017363823154411897,0.02000021496939373,0.045999506178140866,0.02049966185304531,0.04264114575202364,0.010017706565799894,0.014001868709033508,0.01585219881477199,0.023687259728731768,0.005989286938354921,0.012200183895967423,0.006499856527977043,0.0042000707380334835,0.010306321698570611,8.454202645605357e-5,9.911357240928427e-4,0,2e-4,0.0013447663798416885,0.016399502481778978,0.03,0.03008349950964854,0.014271294373253678,0.017529385158097408,0.1545943972990236,0.08312871686267664,0.04033596267715211,0,0.01570064883733972,0.05224987652637651,3.4345074177289563e-4,0.02830044082739912,0,0,0,0,0,0,0,0,0,0,0,0,0,0.005577744255281789,0.0019125002730271063,0.007696750679413432,0.002285597899882321,0.0022136612320050124,0.0022999104744852285,0.0042899505047641895,0.005699809901644764,0.006383147611635203,9.000090122566691e-4,0.0014999701795192937,0.00700017096040294,0.001880023360221922,0.005455306873052117,0.05600017612610629,0.03449997332378071,0.03913005757273011,0.08449973175965665,0.045061711412558554,0.10203482307630586,7.999889313188333e-4,6.999742356578495e-4,0,0,1.1120249214472152e-5,7.987003799918744e-4,0.002585764756685729,0.018700117370892017,0.03399940164076401,0.09399993401082223,0.029379913305414736,0.022080007786645903,0.021000165910850566,0.0107129320615906,0.012170870575877983,0.004700108502741329
MUS,0.017363714238969246,0.019999943618454807,0.046001548501271985,0.018509234089062018,0.04264114575202364,0.009609992835223662,0.025577065878170997,0.019782349664517314,0.023687259728731768,0.006766606211743369,0.012200064035127843,0.006499698249849125,0.004217707384520786,0.010306321698570611,8.454202645605357e-5,9.911357240928427e-4,0,1.999927001970947e-4,0.0020999675561683834,0.01640033580319013,0.030000340062798267,0.023446719304996748,0.021923123378601212,0.020306141071265625,0.1546005605405523,0.0833493301610047,0.04033596267715211,0,0.005499954714246897,0.033999895713838775,3.7000224618149145e-4,0.02829995320542817,0,0,0,0,0,0,0,0,0,0,0,0,0,0.005577683678941723,0.0019124882594064704,0.006898809007764335,0.00228568347651055,0.002800037393661774,0.0022999762526715742,0.00429005376344086,0.00570003038847782,0.006383147611635203,8.999897183200496e-4,0.0015000362831537317,0.006999811249528124,0.001879916050734556,0.004776001153049914,0.05600021458076284,0.03450029790144979,0.037999511820908015,0.08449948942906689,0.07841229664511612,0.08856908413317546,7.999898703403566e-4,7e-4,0,0,1.1120249214472152e-5,8.000231216427395e-4,9.164150440709577e-4,0.01870009366584709,0.03400011749500646,0.0939969960357521,0.029379556700729073,0.022079713847726112,0.021000876778849396,0.010500144272386264,0.01199972625239529,0.004700108502741329
MWI,0.017363822887020982,0.02000030801691013,0.047163211524646094,0.018509135841604848,0.04264114575202364,0.010017706565799894,0.014001607198223222,0.0158522987076538,0.023687259728731768,0.0067666670577932134,0.01220016919609974,0.005941742678985331,0.004217707384520786,0.010306321698570611,8.454202645605357e-5,9.911357240928427e-4,0,1.9999513334631108e-4,0.0013447663798416885,0.016400238222997954,0.03,0.02661701233853291,0.014271294373253678,0.020306104169465718,0.15460033489027938,0.08312871686267664,0.04033596267715211,0,0.005499824524461291,0.05224987652637651,3.4345074177289563e-4,0.018665678592273638,0,0,0,0,0,0,0,0,0,0,0,0,0,0.00557778209361041,0.0019124651157231727,0.0037079658232298156,0.002285768907241722,0.0022136612320050124,0.0023,0.004289953442365742,0.005699912585914334,0.006699984751284865,8.999555922096048e-4,0.0035103853438686636,0.015216276675336496,0.0018800274066461116,0.003938432287165205,0.055998951385045584,0.03449967785101849,0.03800040112314481,0.08450061505495815,0.06355715109017843,0.07019374267958559,4.863438133966571e-4,3.993398788635677e-4,0,0,1.1120249214472152e-5,8.000150732938914e-4,9.003634412707904e-4,0.01870029958945149,0.023493541652659832,0.09400016497226403,0.02938039053336093,0.02489866342487036,0.02073819831322521,0.0107129320615906,0.012170870575877983,0.004700108502741329
MYS,0.012968074819115867,0.025999856594091403,0.04603839696328199,0.02771890459709431,0.04264114575202364,0.009610181039517227,0.025577065878170997,0.019782349664517314,0.03380974919271288,0.005,0.013000132297631872,0.006,0.004217707384520786,0.006552850421271473,8.454202645605357e-5,9.911357240928427e-4,0,3.999899310275386e-4,0.001,0.021999712602385403,0.04699983956361303,0.019312371960452476,0.012830054137130821,0.019999999999999997,0.12066035954773342,0.08312871686267664,0.04033596267715211,0,0.005399959308929995,0.05799905099098441,3.699972625239529e-4,0.022840430510060832,0,0,0,0,0,0,0,0,0,0,0,0,0,0.00594003009242674,0.0011599957803135705,0.006958456749189866,0.003760003524177325,0.001999937301127012,0.0022000055953446734,0.004289950734203855,0.006649810793765204,0.006383147611635203,9.100001145619724e-4,0.005,0.01441951141879526,0.0030000663291251187,0.006807226355374541,0.035400171078893684,0.03749966420416386,0.0384600505579382,0.039339641452317504,0.06355715109017843,0.04009419708956799,4.200004255862451e-4,3.899946323134729e-4,0,0,1.1120249214472152e-5,7.823181453302632e-4,4.744779767937981e-4,0.029999746237978023,0.022000020458474413,0.07760091141689685,0.0290001106576318,0.024999689363817097,0.020999910801891,0.010499983520648626,0.011000109501040259,0.004700108502741329
NAM,0.017363790600945533,0.01999962273760457,0.047163211524646094,0.01850879157088647,0.04270006387444109,0.009610000912492015,0.014001923325232757,0.01585250048929708,0.018000671366230278,0.006766739087497531,0.012200084587862784,0.006499831023994592,0.004217707384520786,0.013000117039581913,8.454202645605357e-5,9.911357240928427e-4,0,1.9999270019709466e-4,0.0013447663798416885,0.016399762752075917,0.029999270019709465,0.0299994141727105,0.014271294373253678,0.017529385158097408,0.15459901971008447,0.08312871686267664,0.04033596267715211,0,0.005500051234757659,0.05224987652637651,3.700040150381428e-4,0.02829979722352207,0,0,0,0,0,0,0,0,0,0,0,0,0,0.005577741123361403,0.001912513585795059,0.0063152630109646205,0.0022857192561278983,0.0028000335654946714,0.002300024103853173,0.004290012820848269,0.005699794315632012,0.006383147611635203,9.000271251926881e-4,0.0014999522877999906,0.007000057300022919,0.0018799638406405371,0.009097181652989186,0.05599978407120252,0.034500234305847234,0.038000686375447366,0.0845001939139948,0.07399406827116282,0.09443250062420332,7.999975977130228e-4,3.993398788635677e-4,0,0,1.1120249214472152e-5,9.599340823536032e-4,9.017228094758981e-4,0.018700401395012174,0.03400015126304644,0.09400157917443365,0.029380169072542497,0.022079628575182867,0.021000502765208647,0.010500158696572153,0.012170870575877983,0.004700108502741329
NER,0.017363748458692974,0.019999858252537278,0.045999933636393806,0.02049941339204241,0.04264114575202364,0.010017706565799894,0.014001939531555825,0.015852195432512844,0.018000100145210553,0.006766693901804947,0.012199711607786589,0.006500015891682294,0.004200027529881392,0.010306321698570611,8.454202645605357e-5,9.911357240928427e-4,0,1.9999999999999998e-4,0.0013447663798416885,0.016399762752075917,0.029999594452104796,0.030388722993032646,0.007067251994140609,0.017529385158097408,0.15459869705411394,0.08312871686267664,0.04033596267715211,0,0.005500070901871809,0.03400029573595449,3.4345074177289563e-4,0.018665678592273638,0,0,0,0,0,0,0,0,0,0,0,0,0,0.005577885941516451,0.0019124927562025355,0.005129696385015076,0.002285714285714286,0.0022136612320050124,0.002300122436486073,0.004033495904845341,0.005700064808813999,0.006383147611635203,8.999918890420959e-4,0.0015000178922884237,0.007,0.0021540424039298237,0.007512236236500766,0.05600005939917732,0.03449981108172383,0.038,0.08450345781466112,0.0770454785025656,0.08597791754622815,8.000091844232182e-4,3.993398788635677e-4,0,0,1.1120249214472152e-5,8.000034340069711e-4,0.0024530972514123085,0.018699701766460197,0.023493541652659832,0.09399938137952367,0.02938029222729797,0.02489866342487036,0.02073819831322521,0.0107129320615906,0.012170870575877983,0.004700108502741329
NGA,0.01736380848640523,0.019999927339046906,0.046001387013176624,0.020500474124744626,0.04264114575202364,0.00960993770683278,0.014001891748093475,0.015852642206247575,0.018151265864694847,0.006766720578441633,0.012199988914140014,0.006500137011984943,0.0041999981394420524,0.008000304161647669,0.0010000000000000002,9.911357240928427e-4,0,2.0000618658747835e-4,0.0013447663798416885,0.018976010849030105,0.03016878566804678,0.030386363623871662,0.014666942179007984,0.02030654183420627,0.15460065699970135,0.08312871686267664,0.04033596267715211,0,0.005499707545330474,0.03400043800416104,3.4345074177289563e-4,0.028299806368330467,0,0,0,0,0,0,0,0,0,0,0,0,0,0.005577792123950936,0.0019124917489526222,0.008303002346372714,0.002285644451686492,0.0022136612320050124,0.002234109084291353,0.004290066862071787,0.005823830529227188,0.006699867129833621,8.999797221940585e-4,0.0014999814588200393,0.006999933150611671,0.0018799899887373297,0.006521635376524374,0.056,0.03450060801262037,0.03800085268012868,0.08450243672378557,0.07800180047792632,0.09182730085534642,7.999999999999999e-4,3.993398788635677e-4,0,0,1.1120249214472152e-5,7.999965816007807e-4,9.001243608624472e-4,0.01869987493680317,0.03399969786998338,0.09399989352073683,0.029380365000360675,0.022079716085848092,0.02100044242893485,0.010500158696572153,0.012170870575877983,0.004700108502741329
NIC,0.025173701563204687,0.020999834508766857,0.047163211524646094,0.026250075239587247,0.04264114575202364,0.011999967982582524,0.025577065878170997,0.03687914499737583,0.011299882447565426,0.006600014940611071,0.014399672734710574,0.005941742678985331,0.004217707384520786,0.010306321698570611,8.454202645605357e-5,0.0029999554882934212,0,0.002900002020297253,0.0021000091249201566,0.018999384050752757,0.02300004866653689,0.02738152954202151,0.014271294373253678,0.017529385158097408,0.09749995094095253,0.08312871686267664,0.04033596267715211,0,0.005799883015281129,0.05,3.4345074177289563e-4,0.018665678592273638,0,0,0,0,0,0,0,0,0,0,0,0,0,0.006299632352941177,0.003000020910440583,0.007086283550956965,0.004000097951587428,0.0022136612320050124,0.002999862265277076,0.004033495904845341,0.004999951088285644,0.006200027936862691,0.0020000074550645982,0.0027999598212043596,0.015216276675336496,0.0023999532798972155,0.0040756096628078746,0.040000493285155814,0.02900041707215348,0.04899996226272689,0.06399868980520122,0.04604268427221034,0.03644488513558341,0.0013000168386615668,3.993398788635677e-4,0,0,1.1120249214472152e-5,9.999660314550626e-4,9.999943583666462e-4,0.021199938266841575,0.02500040022412551,0.034000653230609613,0.02200059512001587,0.019000062127236584,0.02073819831322521,0.017999890554886724,0.05400226302149871,0.004700108502741329
NLD,0.012967799417903103,0.041130110314203674,0.046037221241777636,0.027718007350959212,0.04269978109378428,0.00960993770683278,0.025577065878170997,0.019782349664517314,0.02237375139481677,0.005989286938354921,0.010660117652120231,0.005570201065475167,0.004217707384520786,0.010306321698570611,8.454202645605357e-5,9.911357240928427e-4,0,3.9999575587810885e-4,0.0012099357891179451,0.019549347868405682,0.028890032756200282,0.023920860866105825,0.015372089327158667,0.017529385158097408,0.12066143125760426,0.08312871686267664,0.04033596267715211,0,0.005400102722136621,0.05800202156334232,3.700073000312859e-4,0.018665678592273638,0,0,0,0,0,0,0,0,0,0,0,0,0,0.005940068302273027,0.0011599708662329707,0.02307484653908173,0.0037600015650370716,9.999999999999998e-4,0.0022000072747553863,0.004033495904845341,0.006650000386389805,0.006860035814560166,9.100007259061629e-4,0.005000036477445995,0.016099791432696936,0.0018800045298906164,0.004542453019536934,0.03540005930306012,0.061002293139690425,0.03846082406161296,0.0393400143030956,0.14349179815245347,0.05396655136581621,4.1998806682577564e-4,3.9000145999610664e-4,0,0,1.1120249214472152e-5,7.500008824162676e-4,9.215310355080181e-4,0.025099632639430037,0.022000118001062007,0.061002787170694885,0.02900059512001587,0.02500027651502583,0.021000197511356903,0.010499839229963386,0.012170870575877983,0.004700108502741329
NOR,0.012967948976614898,0.04113026805171604,0.04604017867806894,0.02421083886191633,0.042699989861097035,0.009609652024590956,0.025577065878170997,0.019782349664517314,0.023687259728731768,0.005989286938354921,0.010660191808041137,0.005570157156536923,0.004217707384520786,0.010306321698570611,8.454202645605357e-5,9.911357240928427e-4,0,4.000137160622709e-4,0.0012099955389128466,0.019550315727999416,0.02889013837532878,0.028236746670857585,0.01883139960420893,0.016229621218265877,0.12065549348230913,0.08312871686267664,0.04033596267715211,0,0.0054000291363714625,0.058000052143080606,3.69986663859058e-4,0.018665678592273638,0,0,0,0,0,0,0,0,0,0,0,0,0,0.005939965986814337,0.001159994993115534,0.011810814758127378,0.0037600430827957883,0.001,0.0021999081786580965,0.004290027171178424,0.006650111632569371,0.006383147611635203,9.100040224309681e-4,0.005,0.016100275758335423,0.0018799889621955196,0.005031335408973736,0.035398916091458156,0.061000191188921964,0.03846022524961345,0.03933848647634869,0.05129518737840116,0.04162851579279241,4.2000213242349935e-4,3.900030416708912e-4,0,0,1.1120249214472152e-5,7.500153830374012e-4,9.252816367004048e-4,0.025099578483313355,0.02199992416132636,0.0610001903513039,0.02900055543590383,0.024999606255807726,0.02100023964458864,0.010499851411589897,0.012170870575877983,0.004700108502741329
NPL,0.04657837029181737,0.03128991463134925,0.04603926210910526,0.03627035412823865,0.04270006387444109,0.009610176296674818,0.048333239282959954,0.019782349664517314,0.06337902174242653,0.008539976825028968,0.010660160507988157,0.005941742678985331,0.004217707384520786,0.013113820979937555,8.454202645605357e-5,9.911357240928427e-4,0,2e-4,0.001209942331557048,0.019550179024576772,0.02889061752034466,0.025005327697606394,0.01260128880430442,0.01623024418731978,0.12065881923533169,0.08334854168778938,0.04033596267715211,0,0.00540002090831703,0.057999562001167994,3.4345074177289563e-4,0.018665678592273638,0,0,0,0,0,0,0,0,0,0,0,0,0,0.005940048667005374,0.0011600008628872205,0.00608128585541475,0.003760028658641252,0.0019999999999999996,0.002234109084291353,0.004290025713899039,0.00665008479366874,0.006383147611635203,9.100014970263613e-4,0.005000178922884237,0.016100160440064175,0.003000033692722372,0.00658520419091608,0.03539983926875401,0.06099904593157967,0.038459933947505645,0.06800920598388953,0.06355715109017843,0.043141330542469866,4.199995912611637e-4,3.993398788635677e-4,0,0,1.1120249214472152e-5,7.810743126771371e-4,0.0010174087971745334,0.025100057175528878,0.022999711843242725,0.06100160851274436,0.02685995056001465,0.02489866342487036,0.02073819831322521,0.0107129320615906,0.012170870575877983,0.004700108502741329
NZL,0.012967828037733848,0.04113008923955782,0.046040602078770816,0.0277188899233054,0.04270175566667883,0.009609984825908052,0.025577065878170997,0.019782349664517314,0.03362970850525755,0.008540112847785199,0.01066010321847299,0.0055700480540740345,0.004217707384520786,0.010306321698570611,8.454202645605357e-5,9.911357240928427e-4,0,4.0000253913440915e-4,0.001209971121450345,0.01955009060315817,0.028889699998596155,0.02719986816840054,0.01706644747300813,0.016229924986155164,0.12065938260413188,0.08335264580919274,0.04033596267715211,0,0.005399934704538035,0.057997992517565475,3.699970519281793e-4,0.008959990641085634,0,0,0,0,0,0,0,0,0,0,0,0,0,0.0059399062779358375,0.0011168940140374448,0.011355988347768462,0.0037600111752654126,0.001,0.002200068166325835,0.004290018500572637,0.006649954222435366,0.006383147611635203,9.099920400102129e-4,0.00500017555563358,0.01610023492560689,0.0018800110097933885,0.004969361875036583,0.03539958219812463,0.060999074094984305,0.03846028881399587,0.039339624475828144,0.04971088020491866,0.04719090777932139,4.199911311117316e-4,3.899990875079843e-4,0,0,1.1120249214472152e-5,8.207397765484326e-4,8.90000373200869e-4,0.02509970358393964,0.021999679823547197,0.06099996666777774,0.029000476089716457,0.025000608346514176,0.020999628218235894,0.010499763145428708,0.011999867272787602,0.004700108502741329
OMN,0.0331343285186,0.0411298808939,0.0464891243394,0.0328496619983,0.0426644816331,0.009773088278,0.0301282676242,0.0227729097065,0.0277331694402,0.00649943260549,0.0106599822065,0.00557003982575,0.00421770738452,0.0113838756267,8.45420264561e-05,0.000991135724093,0,0.000399994407993,0.00120999804869,0.0195500745065,0.028889856365,0.024201679213,0.0165679235279,0.0164896423192,0.120659086107,0.0833049620927,0.0403359626772,0,0.00539997945951,0.0568503767417,0.000369999825513,0.0128422882345,0,0,0,0,0,0,0,0,0,0,0,0,0,0.00593999827713,0.00115999236171,0.00836986807998,0.00375998562638,0.00100000651402,0.00220002210779,0.00423868913374,0.00664993818914,0.00638314761164,0.000909994099501,0.00500000829903,0.0161001664411,0.00187998920074,0.00603366183572,0.0353996020667,0.0610002484593,0.0388617830135,0.0393400567439,0.0641808774202,0.0476922999907,0.000433274210675,0.000391868217675,0,0,1.11202492145e-05,0.00076125746292,0.00135007033651,0.0251001055641,0.0219998852825,0.0609997915156,0.0290000720031,0.0250000138204,0.0209999521813,0.0105000133999,0.0121366964607,0.00470010850274
PAK,0.04657871648384482,0.03128949023434056,0.04603978465188429,0.036269378095983,0.04264114575202364,0.010017706565799894,0.04833237434966825,0.03473565499330395,0.023687259728731768,0.008540019118797254,0.01065991568045332,0.0055701042873696404,0.004217707384520786,0.0129998842382047,8.454202645605357e-5,9.911357240928427e-4,0,2e-4,0.0012099826626517018,0.019550064928227986,0.028889737713267128,0.017392685957750488,0.026751823432978366,0.017529385158097408,0.12065860978181524,0.08312871686267664,0.04033596267715211,0,0.005399962204044167,0.05224987652637651,3.4345074177289563e-4,0.008960065766591835,0,0,0,0,0,0,0,0,0,0,0,0,0,0.00594000686371241,0.0011600009762605965,0.006495569549457938,0.00375998527728734,0.0020000247834545655,0.002234109084291353,0.004290199772361552,0.006649795045446444,0.006383147611635203,9.099959688748276e-4,0.005000071568641485,0.01610004973607791,0.0029999304783092325,0.008799766180796892,0.03539969574112516,0.06099965673748045,0.03913005757273011,0.06800963779278744,0.04643345708501837,0.04963255858809914,4.1999607920015686e-4,3.9000620505894805e-4,0,0,1.1120249214472152e-5,7.654829496130366e-4,9.447080655133234e-4,0.025100234784179158,0.022999711843242725,0.061000270656923004,0.02678667801611825,0.024999634999197,0.020999875568582446,0.010499894202285231,0.012170870575877983,0.004700108502741329
PAN,0.025172459868465405,0.02100011487837397,0.047163211524646094,0.02624935905021102,0.016000292002774027,0.01199981975486662,0.025577065878170997,0.019782349664517314,0.011300196206671028,0.006599950010574686,0.014400147034047574,0.0069998986109702935,0.0044000360510942325,0.006992488854011263,8.454202645605357e-5,0.003000046319885127,0,0.002899990478306408,0.0020999343017738523,0.019000018341556464,0.022999145763764852,0.018697679559122257,0.02505253885424758,0.021999807895495153,0.09750026071540308,0.07600405565256577,0.04033596267715211,0,0.005799990217178634,0.05224987652637651,3.4345074177289563e-4,0.018665678592273638,0,0,0,0,0,0,0,0,0,0,0,0,0,0.006299931615951909,0.002999992375840564,0.00914607797286106,0.004,0.005800012788268895,0.003000078706072173,0.004033495904845341,0.005000203392588374,0.006200103988709797,0.001999984810626486,0.0028000452349795637,0.001999959890903257,0.0024000376772005836,0.0049585757344803695,0.0399997521700609,0.055035300745889686,0.049000632659277836,0.06400012533684277,0.14794066514153123,0.037229659570623595,0.0012999906864114743,0.001,0,0,1.1120249214472152e-5,0.0010001046656434086,0.0010000084731102315,0.021200597582507127,0.02499951489279131,0.033999936057292665,0.02199949887246304,0.018999620962194486,0.01489973565163531,0.01799977959003747,0.0540022630214987,0.004700108502741329
PER,0.02517292111579746,0.02099981126346799,0.05899978584131773,0.02074577408665744,0.04264114575202364,0.01200021900208052,0.025577065878170997,0.019782349664517314,0.012301113660559729,0.006599945779181931,0.014400126768653808,0.00699983885263073,0.004217707384520786,0.006128917463405376,8.454202645605357e-5,0.0030000579374275783,0,0.0029,0.0020999343017738523,0.018999863369312746,0.02300003348625389,0.021733328017254524,0.02105759728874033,0.02199972625239529,0.09750024662128834,0.07599864819195674,0.04033596267715211,0,0.005800075206818752,0.0499990875079843,3.4345074177289563e-4,0.008959935897435897,0,0,0,0,0,0,0,0,0,0,0,0,0,0.006299971928202248,0.0030001102981727272,0.009472504478546985,0.004000011312249186,0.005800014493016178,0.003,0.004033495904845341,0.005,0.006200030355105778,0.0020000277781635854,0.002799993046662688,0.002,0.002400005105687736,0.006008942317961904,0.04000000000000001,0.029000213060615745,0.04900003424540255,0.06400023973868484,0.06955366813072188,0.04431133961007127,0.001300011194447554,3.993398788635677e-4,0,0,1.1120249214472152e-5,9.999784231648902e-4,0.0010351414096649695,0.021200219603868406,0.025000649013499483,0.03400017128549766,0.022000857816856102,0.01900059226202774,0.014900072466531907,0.017999796933698853,0.05399945250479058,0.004700108502741329
PHL,0.012967885761647452,0.025999870323303673,0.04604097722406074,0.02771873616867179,0.04264114575202364,0.00961009125067096,0.025577065878170997,0.019782349664517314,0.0359921933508376,0.005000009634672489,0.012999796375483609,0.005999999999999999,0.0030000303158915905,0.006680942492497044,8.454202645605357e-5,9.911357240928427e-4,0,3.9999552151910074e-4,9.999999999999998e-4,0.022,0.046999726252395284,0.02932804680560518,0.009144511703675855,0.019999999999999997,0.12066271244439375,0.08334854168778938,0.04033596267715211,0,0.005400119040288981,0.05799905099098441,3.700040150381428e-4,0.018665678592273638,0,0,0,0,0,0,0,0,0,0,0,0,0,0.005939976726894441,0.001159985868859732,0.006728810072725582,0.0037600715813364753,0.0019999644766522796,0.0021999464360867734,0.004289977719179902,0.006649988101392548,0.006383147611635203,9.100287435523881e-4,0.004999968720088585,0.015216276675336496,0.0030000486665368894,0.006039436881407003,0.0353999025528208,0.0375,0.03846032626509669,0.03933981705773889,0.0516666236064642,0.03530015703984069,4.19993480759663e-4,3.9000417144644905e-4,0,0,1.1120249214472152e-5,9.353491722338103e-4,3.3760898199836916e-4,0.03,0.022000262559075792,0.0775986392042303,0.029000205718987863,0.025000521430806135,0.02100093472503505,0.010500321352647453,0.01100010950104026,0.004700108502741329
POL,0.01296784811455411,0.041130845690076585,0.046039842394489605,0.02421083886191633,0.04270017477050308,0.00960980272877379,0.025577065878170997,0.019782349664517314,0.028478344787987067,0.005989286938354921,0.01065983387492258,0.005570106881838536,0.004217707384520786,0.010306321698570611,8.454202645605357e-5,9.911357240928427e-4,0,3.9999570594297486e-4,0.0012100076318147127,0.01955020721645565,0.028890189731758546,0.021727948098487403,0.01738158033937637,0.01623024418731978,0.12065699139654122,0.08312871686267664,0.04033596267715211,0,0.005399940262843489,0.05224987652637651,3.699970519281793e-4,0.008959912650132584,0,0,0,0,0,0,0,0,0,0,0,0,0,0.005939974918553454,0.0011599963351801152,0.007773468403875593,0.00376000904955439,9.999999999999998e-4,0.002200031303803412,0.004289803770681031,0.006649887544179073,0.006383147611635203,9.099997642121148e-4,0.00500012028628135,0.016100006684938835,0.0018799456121971335,0.0042823504132620364,0.03540055102257073,0.060998146431881374,0.03846011761031424,0.039339791814776696,0.05707262298085245,0.04231825287905152,4.1999943947759315e-4,3.8999829823192165e-4,0,0,1.1120249214472152e-5,7.500193337171434e-4,8.930278293894096e-4,0.025100169174606002,0.02200005015799769,0.06099996382185884,0.02678667801611825,0.025000521430806135,0.02100044242893485,0.010500793510844647,0.01200021900208052,0.004700108502741329
PRT,0.012967991626150832,0.041130651750951035,0.046041275797373354,0.027718679157085844,0.04270055528971879,0.009610097219853316,0.025577065878170997,0.019782349664517314,0.01699295913538768,0.005989286938354921,0.01065963555242417,0.005570023609159774,0.005520040319371867,0.010306321698570611,8.454202645605357e-5,9.911357240928427e-4,0,4e-4,0.0012099766805231675,0.019550225391912805,0.028889826738602273,0.024416323895559842,0.015872773960005852,0.01623024418731978,0.12066027286915369,0.08312871686267664,0.04033596267715211,0,0.005399959111353414,0.05224987652637651,3.700022461814915e-4,0.018665678592273638,0,0,0,0,0,0,0,0,0,0,0,0,0,0.005940008655953761,0.0011599987354377758,0.00819931009219399,0.003760049582304006,9.999999999999998e-4,0.002199978627150643,0.004290039527907824,0.006650011625097445,0.006860212638514524,9.100065417542944e-4,0.004999999999999999,0.016100006684938835,0.0018800331085858152,0.004960588047468587,0.035399844012525564,0.06099901527292386,0.03845937287095376,0.03934088527844262,0.06143200502371426,0.03751624531987026,4.200043048495786e-4,3.89996157909903e-4,0,0,1.1120249214472152e-5,7.517627986109344e-4,0.0011862158860955643,0.02509952776615458,0.02199987537776116,0.06099925428784489,0.028999968512862496,0.024999999999999998,0.0210006668943867,0.010499986573937328,0.011999807895495151,0.004700108502741329
PRY,0.025173253242997795,0.020999846526494198,0.058999895713838776,0.020746138087592046,0.04264114575202364,0.011999756671262877,0.025577065878170997,0.019782349664517314,0.011300113679424026,0.006600139723829813,0.014399860044213305,0.00700002622125495,0.004217707384520786,0.010306321698570611,8.454202645605357e-5,9.911357240928427e-4,0,0.0029000798448728183,0.0021000098269060687,0.019000162946064852,0.023000094804702314,0.024377895662663875,0.014271294373253678,0.017529385158097408,0.09750049593334655,0.07599802858551011,0.04033596267715211,0,0.00579995320542817,0.05,3.4345074177289563e-4,0.018665678592273638,0,0,0,0,0,0,0,0,0,0,0,0,0,0.006299855128167223,0.0029999701999582798,0.004368853705338763,0.003999973303848918,0.0058000586123525535,0.003000018036542034,0.004033495904845341,0.0049999461381019066,0.006383147611635203,0.002,0.0027999478578256713,0.015216276675336496,0.00239995904756333,0.0057459209308254565,0.0399992587925731,0.029001158556769283,0.04899962301036383,0.06399988827647847,0.04656253710110455,0.042390589719086456,0.0012999576629974597,0.001,0,0,1.1120249214472152e-5,0.0010073507725265557,0.0010000167304613922,0.02120006099420555,0.023493541652659832,0.034000643389176216,0.021999511718749996,0.01899990266692622,0.02073819831322521,0.01800035267148651,0.012170870575877983,0.004700108502741329
ROU,0.012967954477388438,0.041130289480317016,0.04603870809434715,0.027719222127179352,0.04270101986044015,0.009609909663290447,0.025577065878170997,0.019782349664517314,0.017951222634885338,0.005989286938354921,0.010660107203891765,0.005570059819527527,0.004217707384520786,0.010306321698570611,8.454202645605357e-5,9.911357240928427e-4,0,4e-4,0.001209980185629367,0.019550122034345523,0.028889873813744915,0.02303329655994007,0.009973275249626618,0.017529385158097408,0.12065699139654122,0.08312871686267664,0.04033596267715211,0,0.00540009358914366,0.057997404493470676,3.7001252460189656e-4,0.008959756668226486,0,0,0,0,0,0,0,0,0,0,0,0,0,0.005939958354566655,0.0011599982846605772,0.006131707627659205,0.003759985879716673,0.001,0.002199969617176423,0.0042899920052329385,0.006650017711654269,0.006859781901041668,9.09994104795922e-4,0.004999894752352285,0.016100006684938835,0.0018799787573021774,0.004202278254688954,0.03539982030548069,0.061000092373064016,0.03845959570448645,0.03933893150213279,0.061242494204157644,0.049036612853796825,4.2000788488074113e-4,3.899936463304179e-4,0,0,1.1120249214472152e-5,7.917765806725312e-4,0.0013657143142906804,0.025099809373089234,0.022000561540393964,0.06100063828742573,0.028999284314030555,0.024999478569193868,0.021000165910850566,0.010500793510844647,0.01200021900208052,0.004700108502741329
RUS,0.012968094583013848,0.04113022297170696,0.046037221241777636,0.0277190439244831,0.04270182214582883,0.009610035451322607,0.05871271728078245,0.015882190143471964,0.04825018629268013,0.005989286938354921,0.010659940814010407,0.005941742678985331,0.004217707384520786,0.010306321698570611,8.454202645605357e-5,9.911357240928427e-4,0,3.999985629912774e-4,0.0012099500119019282,0.018976010849030105,0.028889471455363084,0.022487185747953005,0.017360360092879404,0.016229582991148826,0.12065794463405385,0.08312871686267664,0.04033596267715211,0,0.005400015952779772,0.058000973354422676,3.6999496559825474e-4,0.018665678592273638,0,0,0,0,0,0,0,0,0,0,0,0,0,0.0059399327351619445,0.0011599993536965097,0.006358043206584128,0.003759997385388994,0.001,0.002199942611190818,0.004290199772361553,0.006650269665336782,0.006383147611635203,9.099948326887242e-4,0.004999942745906333,0.016100160440064175,0.0018799768835356023,0.004160118722832537,0.03540011733181119,0.06100067159167225,0.03845933226758179,0.03933964003008882,0.051571219433674056,0.03942490534692373,4.1999893414811795e-4,3.8999716811931654e-4,0,0,1.1120249214472152e-5,7.60907852809084e-4,9.052156415730406e-4,0.025099863344896455,0.02200024663953632,0.06100021630975558,0.028999444576688092,0.024999438467240176,0.020999237223493516,0.010499954842788393,0.012170870575877983,0.004700108502741329
RWA,0.017363437111806292,0.020000185987687616,0.047163211524646094,0.018509261251717347,0.04270105852293466,0.010017706565799894,0.014002216183709382,0.01585214710998246,0.01800022152073988,0.006766662096433204,0.0121998052553757,0.006500027381263108,0.004200067457417505,0.008000443068084673,8.454202645605357e-5,9.911357240928427e-4,0,6.537844298451883e-4,0.0021000091249201566,0.016400103324687068,0.030000259787493832,0.02738152954202151,0.014271294373253678,0.020306092982962747,0.15459650248676401,0.08312871686267664,0.04033596267715211,0,0.01570064883733972,0.05224987652637651,3.4345074177289563e-4,0.018665678592273638,0,0,0,0,0,0,0,0,0,0,0,0,0,0.005577850187694125,0.0019125217495650087,0.004821801912433865,0.0022856239904487674,0.0027999696847210995,0.002234109084291353,0.004290020654621239,0.005699834584552743,0.006700100724300353,8.99961545856566e-4,0.0014999553531565319,0.015216276675336496,0.0021540424039298237,0.015403722728334955,0.0559993418617087,0.03449936558724554,0.038000942951438,0.08449890155874046,0.08038612614744688,0.0811888278258971,8.000000000000001e-4,7.000208572322453e-4,0,0,1.1120249214472152e-5,7.999831609345955e-4,0.0012240178609077882,0.0186991709435452,0.034000096052252425,0.09400039593180075,0.029380882081564863,0.02489866342487036,0.02073819831322521,0.0107129320615906,0.012170870575877983,0.004700108502741329
SAU,0.04657853611890382,0.04112978689249876,0.047163211524646094,0.03627033952384311,0.04264114575202364,0.00961,0.048333074608330154,0.03473514987446908,0.033973484109962954,0.005989286938354921,0.010659964354311225,0.0055699753286694385,0.004217707384520786,0.01299993134225884,8.454202645605357e-5,9.911357240928427e-4,0,3.9999026669262217e-4,0.0012100323287099802,0.019550718386037093,0.028889873813744915,0.025182417708865222,0.017035824770984174,0.016229582991148826,0.12065844222206001,0.08334929307722638,0.04033596267715211,0,0.00539986839219127,0.05224987652637651,3.6998829281729913e-4,0.008959929069280595,0,0,0,0,0,0,0,0,0,0,0,0,0,0.00593997183817345,0.0011599907385968975,0.00484273209516293,0.00376002423997576,0.001,0.0022000468300207984,0.004290061573027317,0.006649979964979883,0.006383147611635203,9.099894492840025e-4,0.00500021049972635,0.01610040144450908,0.0018799866038888124,0.005490589508701379,0.03540057313730376,0.061000268208368104,0.03913005757273011,0.039339998082086686,0.06426095374910215,0.05439134964660828,4.200140480266913e-4,3.9000096052252425e-4,0,0,1.1120249214472152e-5,7.499956727190902e-4,0.001088926935302917,0.025099624731951393,0.02199977662366672,0.060999589280213574,0.028999415351206884,0.02500072277313597,0.02100044242893485,0.010499894202285231,0.012170870575877983,0.004700108502741329
SDN,0.01736383263988116,0.019999999999999997,0.0459999336363938,0.01477595834265287,0.04264114575202364,0.010017706565799894,0.01400175320546457,0.015852427428822487,0.018000024151380856,0.006766739087497532,0.012200102456100408,0.006499969553038606,0.0042001200803296,0.010306321698570611,0.001,9.911357240928427e-4,0,1.9999999999999998e-4,0.0020999610667704885,0.016399675555104937,0.02999969583599477,0.027154672220871298,0.014271294373253678,0.017529385158097408,0.1546024975905838,0.08312871686267664,0.04033596267715211,0,0.005500064343288995,0.0339991704686852,3.699972625239529e-4,0.028299559130636556,0,0,0,0,0,0,0,0,0,0,0,0,0,0.005577752782580959,0.001912532377576827,0.0049465955501469,0.0022857238366910324,0.0027999923653923234,0.0022999232540291637,0.004033495904845341,0.0057000416312571614,0.006383147611635203,8.999796623957697e-4,0.0015000000000000002,0.00699985944781009,0.00187998594271657,0.003962831856402341,0.055999740884393946,0.034499983009956166,0.03913005757273011,0.0844994246260069,0.03670495340459749,0.10816875264443747,8.000185030992692e-4,3.993398788635677e-4,0,0,1.1120249214472152e-5,8.000414227277063e-4,0.0017099475419723466,0.01869971885813149,0.0339996157909903,0.09399921264270851,0.02938041393903326,0.02489866342487036,0.02073819831322521,0.010499894202285231,0.012170870575877983,0.004700108502741329
SEN,0.017363797384493666,0.020000010379640543,0.047163211524646094,0.0205005230744179,0.04264114575202364,0.010017706565799894,0.014001938215034013,0.01585207894232612,0.017999941518757858,0.00676662558765804,0.012199664313797622,0.0065000978665100805,0.004217707384520786,0.010306321698570611,8.454202645605357e-5,9.911357240928427e-4,0,1.9999589895013122e-4,0.0021000095216935914,0.018976010849030105,0.030000456246007844,0.0303355933360584,0.011997263515794504,0.020306240541262354,0.15460047418992554,0.08312871686267664,0.04033596267715211,0,0.005500187536837593,0.03399966047024871,3.6999951333463113e-4,0.028299953205428167,0,0,0,0,0,0,0,0,0,0,0,0,0,0.005577779708958592,0.0019125823041087127,0.0032367478871060573,0.002285749931948099,0.0022136612320050124,0.002300024103853173,0.004033495904845341,0.005700116352261239,0.006383147611635203,8.999455238786998e-4,0.0014999862368906384,0.006999839563613027,0.0018799883200311467,0.004876450952790391,0.05600029260799064,0.03450018568453006,0.038000263730467464,0.08449911165778325,0.03747937894342609,0.09050349574548805,7.999934978380311e-4,6.999951333463111e-4,0,0,1.1120249214472152e-5,7.999657264624654e-4,0.0012556202359110332,0.01869967301912343,0.03400031056589543,0.0939982688800272,0.029379229871645273,0.022079713847726112,0.02073819831322521,0.010499756386162733,0.012170870575877983,0.004700108502741329
SLB,0.0129679917995,0.0277633560759,0.0464148872863,0.0265494434536,0.0426603684298,0.00974575278701,0.0255770658782,0.0197823496645,0.0345829653445,0.00617997770413,0.0122200181639,0.00598059030702,0.00381181502831,0.00909786196321,8.45420264561e-05,0.000991135724093,0,0.000333329456943,0.0011849029038,0.0209921064335,0.0353524939728,0.0270400078015,0.0158768625238,0.0187433224025,0.120661867027,0.0832019918044,0.0403359626772,0,0.012267138905,0.0560827389667,0.000311152315611,0.0186656785923,0,0,0,0,0,0,0,0,0,0,0,0,0,0.00573208527105,0.00114562197124,0.00623425469566,0.00375998424249,0.00207119718405,0.0022113682376,0.00420450438398,0.00665007203521,0.00638314761164,0.000910017708553,0.00499998957336,0.0152162766753,0.00300004542224,0.00556546204594,0.0354002028484,0.0453331258671,0.0384598825932,0.0488960333463,0.0537499806434,0.0423794753315,0.000442113964109,0.000396227976391,0,0,1.11202492145e-05,0.000821325047472,0.000750708342123,0.0283665614024,0.0228314921925,0.0720666956119,0.0282866312068,0.0249326160935,0.0208257771172,0.0105710492055,0.0117806168843,0.00470010850274
SLE,0.0173637250518,0.0200001093131,0.0468051913686,0.0191407374858,0.0426504167278,0.00995495996496,0.0148922958414,0.0158522454534,0.0193125137508,0.00670687822723,0.0122000169063,0.00637118814334,0.0042068173375,0.0102183875705,0.000295801558812,0.000991135724093,0,0.00023490539689,0.0018676121452,0.0173907031294,0.0300389440064,0.0289065116644,0.0126747110589,0.0192383217836,0.152707993101,0.0831287168627,0.0403359626772,0,0.00785397258414,0.0410189901121,0.000349577900795,0.0231121932659,0,0,0,0,0,0,0,0,0,0,0,0,0,0.00557779465314,0.00172889229682,0.00647356929154,0.00239981731161,0.00261960414594,0.00227972760451,0.00413215323721,0.00570954269372,0.0065293958104,0.000902023046219,0.00180928201153,0.011424139358,0.0020064813215,0.00617462128782,0.0559996999633,0.0344999468568,0.0380868106639,0.0845002745473,0.0699568314421,0.0834300581061,0.000631110456902,0.000445598758353,0,0,1.11202492145e-05,0.000814331265399,0.00141811876639,0.0186999123247,0.0291508169883,0.0940003647306,0.0291805752146,0.0235976629612,0.020818736202,0.0106801570063,0.0121577407238,0.00470010850274
SLV,0.025172800151109908,0.02099989820698882,0.047163211524646094,0.02625000814843898,0.04264114575202364,0.011999918889324482,0.025577065878170997,0.03687930749297017,0.011300064848840441,0.00660003426364316,0.014400093705839234,0.006999861744780865,0.004217707384520786,0.007000231334158642,8.454202645605357e-5,9.911357240928427e-4,0,0.0028999739289128357,0.002099963500319372,0.018999971465801763,0.022999361255589015,0.02738152954202151,0.017686557319018775,0.021999807895495153,0.09750125469560325,0.07599935111459587,0.04033596267715211,0,0.005800031905559544,0.05,3.4345074177289563e-4,0.018665678592273638,0,0,0,0,0,0,0,0,0,0,0,0,0,0.006300046029561208,0.0030000082676742207,0.006222997556409107,0.0040001285651255405,0.005799984188473398,0.002999931134219407,0.004033495904845341,0.005000049765604005,0.0062000855675984025,0.001999926264562749,0.002799949482192473,0.0019999799450494357,0.002399991151617042,0.005091031871761564,0.040000347496720504,0.028999745128478416,0.049000066440768056,0.06400007562413544,0.06355715109017843,0.03946529794268317,0.001300024422012374,9.999999999999998e-4,0,0,1.1120249214472152e-5,0.0010000490242755657,9.999804031051043e-4,0.021200758200098896,0.024999839912912623,0.033999116217410516,0.021999666611101854,0.01900010735373054,0.014899900453489656,0.018,0.012170870575877983,0.004700108502741329
SRB,0.012967999747774264,0.04113022614732758,0.04603937809286491,0.027718855204550363,0.042700117469374056,0.009609909663290447,0.025577065878170997,0.019782349664517314,0.01692432278693965,0.005989286938354921,0.01065996148452929,0.005941742678985331,0.004217707384520786,0.010306321698570611,8.454202645605357e-5,9.911357240928427e-4,0,4.000057032052013e-4,0.001210029753016779,0.01955016636314038,0.028890039788234522,0.020666010968606156,0.008045525384547954,0.017529385158097408,0.12065980346279832,0.08312871686267664,0.04033596267715211,0,0.005400100275758336,0.058000273747604705,3.700102863589607e-4,0.008960080630646844,0,0,0,0,0,0,0,0,0,0,0,0,0,0.005939995898481884,0.0011600241117651231,0.006699925569435196,0.003760015596061994,0.001,0.0021999501809603353,0.00429005341023497,0.0066499883393050215,0.006383147611635203,9.099903132063288e-4,0.005000115433452614,0.016099913763712573,0.0018800174329919371,0.004650363601962838,0.035400228121435603,0.060999758063015275,0.03846073504037834,0.03933988910973951,0.06355715109017843,0.0345006043479001,4.1999833589882263e-4,3.899990875079843e-4,0,0,1.1120249214472152e-5,7.500181205766406e-4,9.341496691995056e-4,0.025100447060155056,0.021999650716032135,0.06099723677155937,0.028999773294037638,0.024999635009854734,0.020999367988623795,0.010500793510844647,0.012170870575877983,0.004700108502741329
STP,0.0173637445123,0.0200000180227,0.0464984801615,0.0195046133634,0.0426496334266,0.00972653237411,0.0164822752295,0.0166944015065,0.0213076643525,0.00665562515334,0.0121999439977,0.00650000422273,0.00420632097558,0.0105378733495,0.000542271013228,0.000991135724093,0,0.000200000395976,0.0017223831263,0.0167679510688,0.0300482687244,0.0292565564715,0.014806684256,0.0197113291807,0.154600681166,0.0831761493227,0.0403359626772,0,0.00768584241201,0.0418213796069,0.000354829552948,0.0262353935435,0,0,0,0,0,0,0,0,0,0,0,0,0,0.00557779594746,0.00185567132403,0.00807751974777,0.00228570436864,0.00254869943593,0.0022905826686,0.00421672008282,0.00570885765105,0.00654156716314,0.000899995838002,0.00149999652027,0.00934747535233,0.00188000873261,0.00659178325142,0.0559999158173,0.0345002646755,0.0380805927807,0.0845001355785,0.0688372791099,0.0786105979347,0.000665575656213,0.000657049953033,0,0,1.11202492145e-05,0.000815576993246,0.00119632271368,0.0187001481616,0.0332493288058,0.0939996460852,0.0293799289377,0.0224824494386,0.0208692125308,0.0106216707307,0.0121708705759,0.00470010850274
SUR,0.025172996202278634,0.021000244324760723,0.05899990875079842,0.020745718834666676,0.04264114575202364,0.011999652385504475,0.025577065878170997,0.019782349664517314,0.023687259728731768,0.006600048744820863,0.014400043909744566,0.0070002503442233065,0.004217707384520786,0.06817316362521085,8.454202645605357e-5,9.911357240928427e-4,0,0.0029000381533765738,0.002100073001581701,0.019,0.023000268384326356,0.02738152954202151,0.014271294373253678,0.02199987304408544,0.09749926013613495,0.08312871686267664,0.04033596267715211,0,0.0058000625922117405,0.05224987652637651,3.4345074177289563e-4,0.018665678592273638,0,0,0,0,0,0,0,0,0,0,0,0,0,0.0063001009955273414,0.003000019040184309,0.006561392398346234,0.0039999056626022975,0.0058001776198934275,0.002999985470818138,0.004033495904845341,0.005000058123990096,0.006200088359409515,0.001999926263203495,0.002799949482192473,0.015216276675336496,0.0024000250289397114,0.0027244443643502725,0.04,0.028999073215940686,0.04900018077399079,0.06399981877990334,0.06355715109017843,0.04777182311551552,4.863438133966571e-4,0.001,0,0,1.1120249214472152e-5,0.0010004918126701753,9.99990912918498e-4,0.021199931109142797,0.025,0.033999727893334185,0.02200011932106315,0.018999925255998206,0.02073819831322521,0.017999717872760616,0.012170870575877983,0.004700108502741329
SVK,0.012968083538292114,0.041131515911942515,0.046041838376702386,0.027719431529259226,0.04270028146847856,0.009609992835223662,0.025577065878170997,0.019782349664517314,0.017551468898801274,0.005989286938354921,0.010660443618732581,0.005941742678985331,0.004217707384520786,0.010306321698570611,8.454202645605357e-5,9.911357240928427e-4,0,3.999874433165626e-4,0.001209992015512718,0.01955016865528873,0.028890088422784288,0.02445646547095179,0.015676560775771693,0.016229947987955105,0.12066553108650688,0.08312871686267664,0.04732999963499653,0,0.00540003258921297,0.057999817501596856,3.6999532054281703e-4,0.0089600091060859,0,0,0,0,0,0,0,0,0,0,0,0,0,0.005940062766609031,0.0011599888563612365,0.00943263319734839,0.0037601092699759173,0.001,0.002199970694897249,0.0042899005756148615,0.006650026576259499,0.006860011891391954,9.10005425892995e-4,0.0050001163737926225,0.016099908842297173,0.0018799736035091806,0.005271701652495644,0.03539979067800255,0.06100238833636331,0.03846052148851291,0.03933998583480011,0.09935076315288499,0.06139781409845022,4.199973791115188e-4,3.900022670596237e-4,0,0,1.1120249214472152e-5,8.299194728509691e-4,0.001014219859339033,0.025099875444019006,0.02200053862381615,0.060998599703220684,0.029001058014459527,0.024999999999999998,0.02100044242893485,0.010500158696572153,0.01200021900208052,0.004700108502741329
SVN,0.012967912251069722,0.041130089505503314,0.04603919928521187,0.027719161554938268,0.0427,0.009609943770346255,0.025577065878170997,0.019782349664517314,0.023781127030952393,0.005989286938354921,0.010660452613996963,0.005941742678985331,0.004217707384520786,0.012966824975170594,8.454202645605357e-5,9.911357240928427e-4,0,4.000011947645418e-4,0.0012100048883819457,0.01955004562474434,0.028889761596747367,0.02738152954202151,0.01161612457325124,0.016229582991148826,0.12066407629812786,0.08335,0.04033596267715211,0,0.005399908842297174,0.057998394043360824,3.699921276748014e-4,0.008959943846513805,0,0,0,0,0,0,0,0,0,0,0,0,0,0.0059399038461538465,0.0011600121161807106,0.008445244016490314,0.0037600041274079236,0.001,0.0022000609215039667,0.0042900743648006615,0.0066499644155494425,0.006383147611635203,9.099999441998538e-4,0.005,0.016100365451466262,0.0018800058051939778,0.005033693122012692,0.035400691846746456,0.06099833778270286,0.03846076373017657,0.03934005499541705,0.05399873854673297,0.04069783492602199,4.1999144158884387e-4,3.899994895094186e-4,0,0,1.1120249214472152e-5,7.499869145929779e-4,9.02137929124943e-4,0.025100217768099193,0.021999918253903374,0.06099922904796826,0.02900035423308537,0.024999841305106803,0.020999385533707865,0.010500373412994772,0.012000182498403138,0.004700108502741329
SWE,0.012968078705861417,0.04112997400402556,0.0460400423316991,0.027718234180693222,0.0427009391120321,0.009609966516847153,0.025577065878170997,0.019782349664517314,0.025531908533703098,0.005989286938354921,0.010659801964345577,0.005569787090233186,0.004217707384520786,0.010306321698570611,8.454202645605357e-5,9.911357240928427e-4,0,4.000052518250092e-4,0.0012099924156238149,0.019550376488718855,0.028889208219571777,0.0234581175687712,0.017399481770101352,0.016230065139263252,0.12065890119655949,0.08312871686267664,0.04732999963499653,0,0.005399999999999999,0.05800013272721238,3.6998561050082473e-4,0.018665678592273638,0,0,0,0,0,0,0,0,0,0,0,0,0,0.005939957907801896,0.0011600141072984525,0.011110375125283359,0.0037600304497105224,0.001,0.002199962774537784,0.004289869292497459,0.006650048113614494,0.006859838274932615,9.100113104174442e-4,0.005,0.016099969439987778,0.0018799831477197752,0.0053508770603595,0.03540032692788951,0.06100164767266237,0.038459445076078284,0.039339126106275664,0.052832310172649194,0.044123402874784445,4.1999761145765385e-4,3.899897431699999e-4,0,0,1.1120249214472152e-5,7.500087393641937e-4,9.042987365599933e-4,0.02509959708452171,0.021999504750485475,0.060999827396687835,0.029000387071801817,0.024999522873446953,0.020999875568582446,0.010500373412994772,0.01199981750159686,0.004700108502741329
SWZ,0.017364031308272652,0.019999410973562528,0.046001387013176624,0.018508828293632627,0.042699363281197195,0.009610365909298294,0.025577065878170997,0.015852105508565927,0.020399579204200886,0.005989286938354921,0.012200058050074153,0.0065001877581674795,0.004217707384520786,0.013000459712470745,8.454202645605357e-5,9.911357240928427e-4,0,2e-4,0.0013447663798416885,0.016399736147757256,0.03016878566804678,0.029232768737119816,0.028273011780342742,0.020306057615616508,0.15460182895718041,0.08334985580389329,0.04033596267715211,0,0.01570064883733972,0.05224987652637651,3.700040150381428e-4,0.028300543223942546,0,0,0,0,0,0,0,0,0,0,0,0,0,0.005578048160081397,0.0019124677492791014,0.012493452870776,0.0022856788625625992,0.0027999684243763816,0.0023000103755965967,0.004289973206536095,0.0057,0.006383147611635203,9.000219794244226e-4,0.0015000050638210242,0.007000057300022919,0.001879952219788971,0.005757801173927553,0.056000174455372136,0.03450042907931838,0.038,0.08449990719814833,0.06355715109017843,0.08035881988934188,4.863438133966571e-4,7e-4,0,0,1.1120249214472152e-5,7.987396923668862e-4,9.011931234854006e-4,0.01870045590832546,0.023493541652659832,0.09400033964919091,0.029379915517281616,0.02489866342487036,0.02073819831322521,0.0107129320615906,0.012170870575877983,0.004700108502741329
TCD,0.0173637250518,0.0200001093131,0.0468051913686,0.0191407374858,0.0426504167278,0.00995495996496,0.0148922958414,0.0158522454534,0.0193125137508,0.00670687822723,0.0122000169063,0.00637118814334,0.0042068173375,0.0102183875705,0.000295801558812,0.000991135724093,0,0.00023490539689,0.0018676121452,0.0173907031294,0.0300389440064,0.0289065116644,0.0126747110589,0.0192383217836,0.152707993101,0.0831287168627,0.0403359626772,0,0.00785397258414,0.0410189901121,0.000349577900795,0.0231121932659,0,0,0,0,0,0,0,0,0,0,0,0,0,0.00557779465314,0.00172889229682,0.00647356929154,0.00239981731161,0.00261960414594,0.00227972760451,0.00413215323721,0.00570954269372,0.0065293958104,0.000902023046219,0.00180928201153,0.011424139358,0.0020064813215,0.00617462128782,0.0559996999633,0.0344999468568,0.0380868106639,0.0845002745473,0.0699568314421,0.0834300581061,0.000631110456902,0.000445598758353,0,0,1.11202492145e-05,0.000814331265399,0.00141811876639,0.0186999123247,0.0291508169883,0.0940003647306,0.0291805752146,0.0235976629612,0.020818736202,0.0106801570063,0.0121577407238,0.00470010850274
TGO,0.0173637250518,0.0200001093131,0.0468051913686,0.0191407374858,0.0426504167278,0.00995495996496,0.0148922958414,0.0158522454534,0.0193125137508,0.00670687822723,0.0122000169063,0.00637118814334,0.0042068173375,0.0102183875705,0.000295801558812,0.000991135724093,0,0.00023490539689,0.0018676121452,0.0173907031294,0.0300389440064,0.0289065116644,0.0126747110589,0.0192383217836,0.152707993101,0.0831287168627,0.0403359626772,0,0.00785397258414,0.0410189901121,0.000349577900795,0.0231121932659,0,0,0,0,0,0,0,0,0,0,0,0,0,0.00557779465314,0.00172889229682,0.00647356929154,0.00239981731161,0.00261960414594,0.00227972760451,0.00413215323721,0.00570954269372,0.0065293958104,0.000902023046219,0.00180928201153,0.011424139358,0.0020064813215,0.00617462128782,0.0559996999633,0.0344999468568,0.0380868106639,0.0845002745473,0.0699568314421,0.0834300581061,0.000631110456902,0.000445598758353,0,0,1.11202492145e-05,0.000814331265399,0.00141811876639,0.0186999123247,0.0291508169883,0.0940003647306,0.0291805752146,0.0235976629612,0.020818736202,0.0106801570063,0.0121577407238,0.00470010850274
THA,0.012967834927066546,0.026000102266439253,0.047163211524646094,0.027718714965013335,0.04264114575202364,0.009610000912492015,0.025577065878170997,0.019782349664517314,0.023687259728731768,0.00500005036988284,0.013000000000000001,0.006000144843568945,0.004217707384520786,0.012446434796599716,8.454202645605357e-5,9.911357240928427e-4,0,3.9999999999999996e-4,0.001,0.022000376293508934,0.04699894557547247,0.029943770592963877,0.0107506044268809,0.02,0.12066223438925824,0.08312871686267664,0.04033596267715211,0,0.005400019865795514,0.05799799251756547,3.700040150381428e-4,0.022840430510060832,0,0,0,0,0,0,0,0,0,0,0,0,0,0.005940001109036802,0.001159985441688764,0.005729279017110918,0.003760025789192596,0.001999966487935657,0.0021999554664885327,0.004290199772361552,0.006650139526661588,0.006383147611635203,9.100215366542668e-4,0.004999897466044172,0.015216276675336496,0.00299990135148466,0.008203025382718691,0.0354011216776396,0.03749971037327093,0.03845970138692329,0.039339823533006475,0.06355715109017843,0.036083592607691554,4.2001187207835574e-4,3.9000620505894805e-4,0,0,1.1120249214472152e-5,0.0012064636714881507,3.376057466528831e-4,0.03000050707367781,0.022,0.07759998018354988,0.028999848862691753,0.025000506945148535,0.020999844945213973,0.010499942502299908,0.011000226359572181,0.004700108502741329
TJK,0.012968117007626545,0.04112991573752701,0.04603974128743083,0.027718705057086675,0.04264114575202364,0.010017706565799894,0.025577065878170997,0.019782349664517314,0.04809408114379052,0.005989286938354921,0.010659936003838653,0.005941742678985331,0.004217707384520786,0.010306321698570611,8.454202645605357e-5,9.911357240928427e-4,0,4.000057032052013e-4,0.001210022689158528,0.01954991467576792,0.028889753178758415,0.02738152954202151,0.02980983051644296,0.017529385158097408,0.12065881923533167,0.08312871686267664,0.04033596267715211,0,0.01570064883733972,0.058000973354422676,3.4345074177289563e-4,0.018665678592273638,0,0,0,0,0,0,0,0,0,0,0,0,0,0.005939977355951915,0.001159994607437531,0.005552592731358925,0.003759905320572193,0.001,0.002234109084291353,0.004033495904845341,0.005823830529227188,0.006383147611635203,9.100005322263025e-4,0.0035103853438686636,0.015216276675336496,0.0018799896458841106,0.0074347114064355875,0.03540053839851522,0.06100006018243877,0.0384600279055346,0.03934005753700045,0.05000084943003245,0.05202114594032756,4.200017106444853e-4,3.993398788635677e-4,0,0,1.1120249214472152e-5,7.5e-4,0.0013015814588056296,0.025100091957275236,0.021999807895495146,0.06099930856290258,0.028999623098133344,0.02489866342487036,0.02073819831322521,0.0107129320615906,0.012170870575877983,0.004700108502741329
TKM,0.0233097593806,0.0411299743421,0.046212768186,0.0303498192312,0.0427000490402,0.009610010152,0.0306748561739,0.0194823373937,0.0277418996327,0.00618549385271,0.0106598968283,0.00582736630944,0.00421770738452,0.00997506078083,8.45420264561e-05,0.000991135724093,0,0.000399997434437,0.00121000154865,0.0192849902415,0.0293818662149,0.0240847280539,0.0126384251939,0.0167297374968,0.120659459221,0.0831795016309,0.0403359626772,0,0.00539997379136,0.0557879647281,0.000370002407745,0.0149327206112,0,0,0,0,0,0,0,0,0,0,0,0,0,0.00594001530219,0.00115999864261,0.00583349614884,0.00375999985648,0.001,0.0022000019643,0.00425052787668,0.00665002849599,0.006493196323,0.000910001131548,0.00499996707089,0.0160999861958,0.00187999530456,0.00476957824483,0.0353999579512,0.0610003261106,0.0385114700569,0.0393400911159,0.0594800807183,0.0444887023974,0.00042000173349,0.000390720346855,0,0,1.11202492145e-05,0.000755953001544,0.0010469965061,0.0250999702513,0.0220001081738,0.0609997867761,0.0289998471306,0.0249998788232,0.0209397306511,0.0105164891712,0.0121446164876,0.00470010850274
TLS,0.0129679917995,0.0277633560759,0.0464148872863,0.0265494434536,0.0426603684298,0.00974575278701,0.0255770658782,0.0197823496645,0.0345829653445,0.00617997770413,0.0122200181639,0.00598059030702,0.00381181502831,0.00909786196321,8.45420264561e-05,0.000991135724093,0,0.000333329456943,0.0011849029038,0.0209921064335,0.0353524939728,0.0270400078015,0.0158768625238,0.0187433224025,0.120661867027,0.0832019918044,0.0403359626772,0,0.012267138905,0.0560827389667,0.000311152315611,0.0186656785923,0,0,0,0,0,0,0,0,0,0,0,0,0,0.00573208527105,0.00114562197124,0.00623425469566,0.00375998424249,0.00207119718405,0.0022113682376,0.00420450438398,0.00665007203521,0.00638314761164,0.000910017708553,0.00499998957336,0.0152162766753,0.00300004542224,0.00556546204594,0.0354002028484,0.0453331258671,0.0384598825932,0.0488960333463,0.0537499806434,0.0423794753315,0.000442113964109,0.000396227976391,0,0,1.11202492145e-05,0.000821325047472,0.000750708342123,0.0283665614024,0.0228314921925,0.0720666956119,0.0282866312068,0.0249326160935,0.0208257771172,0.0105710492055,0.0117806168843,0.00470010850274
TTO,0.012968028700651273,0.04112994912587613,0.0460408239177942,0.027718556725648918,0.04270001946661476,0.010017706565799894,0.025577065878170997,0.019782349664517314,0.03363042481662592,0.008539931603299133,0.010660059733205569,0.005569945684972843,0.005519963500164462,0.007959385259998756,8.454202645605357e-5,9.911357240928427e-4,0,3.9999562870194304e-4,0.0012100100374121726,0.019550179024576772,0.02889024074261832,0.0208350684715025,0.012681935990983108,0.01623005527166545,0.12066044557694294,0.0833514561965498,0.04033596267715211,0,0.005399985144470029,0.057997404493470676,3.699972625239529e-4,0.018665678592273638,0,0,0,0,0,0,0,0,0,0,0,0,0,0.005940046203433441,0.0011168940140374448,0.008151116123481513,0.0037600046834881952,0.001,0.0022000201565491985,0.004290017465020899,0.006650003001642717,0.006859937090200247,9.100126268030646e-4,0.005,0.016099913763712573,0.0018800175649961155,0.0051039007772935964,0.03540019325775413,0.061001297541411786,0.038460247599142634,0.039339656529027406,0.06355715109017843,0.037077894011779515,4.199946680885098e-4,3.899857318246673e-4,0,0,1.1120249214472152e-5,7.5e-4,8.900085314617774e-4,0.025099030444788173,0.021999807895495153,0.06100057092703212,0.028999921144974964,0.025000853825136612,0.02100023964458864,0.010499981759147787,0.012170870575877983,0.004700108502741329
TUN,0.017070839993294944,0.04113099462638143,0.046039813638288865,0.02421083886191633,0.04264114575202364,0.010017706565799894,0.05871268832023053,0.015882617771047356,0.024841044507537886,0.005989286938354921,0.01066004701070442,0.005941742678985331,0.004217707384520786,0.010306321698570611,8.454202645605357e-5,9.911357240928427e-4,0,3.9999543753992144e-4,0.0012099460117101363,0.019550217826445306,0.028888888888888888,0.025106739507275308,0.03306647988868307,0.01622985845277308,0.12065908853895088,0.08312871686267664,0.04033596267715211,0,0.005399976602714085,0.05800055677565035,3.699896994939317e-4,0.018665678592273638,0,0,0,0,0,0,0,0,0,0,0,0,0,0.005939998899751728,0.0011600081730817544,0.006175361768601599,0.0037601636715199624,0.001,0.002200027401013838,0.004289860499953188,0.006649896472810491,0.006383147611635203,9.099929074803448e-4,0.005,0.01610038065698576,0.0018799761213251324,0.006269980597534186,0.035400023156188495,0.061000256986296825,0.03913005757273011,0.03934004183010928,0.04520241068950478,0.051312451935524,4.199913323427439e-4,3.9000745712155106e-4,0,0,1.1120249214472152e-5,7.500200194276633e-4,0.0010039595794018722,0.025100014762326546,0.021999867514573394,0.06099963889816247,0.028998983361848796,0.024999719230466868,0.0209995852343426,0.010499588574115435,0.012170870575877983,0.004700108502741329
TUR,0.046578747692916644,0.041129694630341024,0.046041537394605245,0.03626945119425793,0.04270054633301747,0.009609969757013245,0.025577065878170997,0.019782349664517314,0.023687259728731768,0.005989286938354921,0.010659601516532226,0.005941742678985331,0.004217707384520786,0.005999929767882853,8.454202645605357e-5,9.911357240928427e-4,0,3.9999999999999996e-4,0.001209972697226613,0.01954966952747361,0.028890405306757225,0.02106741086779139,0.01342941954368612,0.01623004411718031,0.12066167048499205,0.08312871686267664,0.04033596267715211,0,0.0053999111505997335,0.05799851024208566,3.699986625950115e-4,0.008959990641085635,0,0,0,0,0,0,0,0,0,0,0,0,0,0.005940154119921179,0.0011600038829785323,0.005698827263421559,0.0037599619155088515,0.001,0.0021999999999999997,0.004290012820848269,0.0066499467482048985,0.006383147611635203,9.100009830813091e-4,0.004999862368906383,0.01609941269159146,0.0018799674007155458,0.004993007205595072,0.035400064747484805,0.06100040246076008,0.03913005757273011,0.03934137605575857,0.04101591726844978,0.04954286728074564,4.199947278239093e-4,3.993398788635677e-4,0,0,1.1120249214472152e-5,7.500046603217176e-4,0.0011673231740559446,0.025099862688802894,0.02199954261320323,0.06100006020832079,0.028999623098133344,0.02500018250173377,0.021001013918333485,0.010500018892401477,0.01200021900208052,0.004700108502741329
TZA,0.017363525653470765,0.02000022154773246,0.047163211524646094,0.018509281612722837,0.04264114575202364,0.010017706565799894,0.014001526786115227,0.015852256318654872,0.025164164981256856,0.0067666426908866715,0.012199892726565922,0.006499973637537454,0.004200089599396383,0.012977307922211398,0.001,9.911357240928427e-4,0,1.9999999999999998e-4,0.00210003711952487,0.016399935996715305,0.029999999999999995,0.028539748319317527,0.01460521456333783,0.020306597317273474,0.15460183801892347,0.08334960570784829,0.04033596267715211,0,0.005499979916452443,0.05224987652637651,3.4345074177289563e-4,0.02829901731399158,0,0,0,0,0,0,0,0,0,0,0,0,0,0.005577753492630771,0.0019124868026344456,0.00875800521224903,0.0022857142857142855,0.002799960738123282,0.0022999104744852285,0.004290049298808212,0.005699999159008639,0.0066998307555346855,9.000019312102894e-4,0.001500044521615244,0.00699977079990832,0.001880023360221922,0.0024661056710410805,0.05599972751734238,0.034499943024271666,0.03799979755035934,0.08449850571181187,0.0779916445824104,0.08494158224319441,8.000080070462007e-4,7.000036500346752e-4,0,0,1.1120249214472152e-5,8.348138953849342e-4,0.0010194409480608925,0.018699806851682425,0.03399941681960858,0.09400234436051055,0.02938008331680222,0.022080007786645903,0.02100044242893485,0.010500070531809846,0.012170870575877983,0.004700108502741329
UGA,0.0173637250518,0.0200001093131,0.0468051913686,0.0191407374858,0.0426504167278,0.00995495996496,0.0148922958414,0.0158522454534,0.0193125137508,0.00670687822723,0.0122000169063,0.00637118814334,0.0042068173375,0.0102183875705,0.000295801558812,0.000991135724093,0,0.00023490539689,0.0018676121452,0.0173907031294,0.0300389440064,0.0289065116644,0.0126747110589,0.0192383217836,0.152707993101,0.0831287168627,0.0403359626772,0,0.00785397258414,0.0410189901121,0.000349577900795,0.0231121932659,0,0,0,0,0,0,0,0,0,0,0,0,0,0.00557779465314,0.00172889229682,0.00647356929154,0.00239981731161,0.00261960414594,0.00227972760451,0.00413215323721,0.00570954269372,0.0065293958104,0.000902023046219,0.00180928201153,0.011424139358,0.0020064813215,0.00617462128782,0.0559996999633,0.0344999468568,0.0380868106639,0.0845002745473,0.0699568314421,0.0834300581061,0.000631110456902,0.000445598758353,0,0,1.11202492145e-05,0.000814331265399,0.00141811876639,0.0186999123247,0.0291508169883,0.0940003647306,0.0291805752146,0.0235976629612,0.020818736202,0.0106801570063,0.0121577407238,0.00470010850274
UKR,0.012968041891739081,0.04113058236545068,0.046040066058734834,0.027718800633136385,0.042701074462948685,0.009609632350157132,0.058712071495901394,0.019782349664517314,0.07020190814288885,0.005989286938354921,0.010659935419866628,0.005941742678985331,0.004217707384520786,0.010306321698570611,8.454202645605357e-5,9.911357240928427e-4,0,4.0000344340759613e-4,0.0012099878332042916,0.018976010849030105,0.02889011622322544,0.022462247661296425,0.007169562282667707,0.01623024418731978,0.12066193153793034,0.08312871686267664,0.04033596267715211,0,0.005400093589143659,0.05224987652637651,3.699968714151632e-4,0.018665678592273638,0,0,0,0,0,0,0,0,0,0,0,0,0,0.005939959040866246,0.001160006702371274,0.005530435925407092,0.0037599888392857135,0.001,0.002200118063754427,0.0042899005756148615,0.006649984128663633,0.006383147611635203,9.100094987679133e-4,0.005000000000000001,0.016100160440064175,0.0018799607124844043,0.00432999288923977,0.03540034201026031,0.06099987067850677,0.03846103505143844,0.03933988910973951,0.06068651790349863,0.03861741688908344,4.20003840327708e-4,3.9000620505894805e-4,0,0,1.1120249214472152e-5,7.780299236977864e-4,9.745302725433541e-4,0.025099645704162975,0.022000000000000002,0.06100007210325186,0.028999889795018736,0.024999778790426048,0.02100023964458864,0.01050058777429467,0.01200021900208052,0.004700108502741329
URY,0.02517291213559162,0.020999245930185546,0.058998442670819544,0.020745721103421745,0.04264114575202364,0.011999963224139674,0.025577065878170997,0.019782349664517314,0.011313112366642421,0.006599997443991463,0.014399986553635714,0.0070000727114084204,0.004217707384520786,0.08200159330810596,8.454202645605357e-5,9.911357240928427e-4,0,0.0029000230315532277,0.0021000796389700027,0.019000036138918,0.023000312858483682,0.019316686767717597,0.03740175569958189,0.02200021900208052,0.09750317393144309,0.08312871686267664,0.04033596267715211,0,0.00579996159672292,0.049999999999999996,3.4345074177289563e-4,0.018665678592273638,0,0,0,0,0,0,0,0,0,0,0,0,0,0.006300064949123187,0.003,0.008409542837519777,0.003999945816252753,0.005800061268252834,0.0030000430422244223,0.004033495904845341,0.005,0.006383147611635203,0.0019999904010443662,0.002799966968537532,0.001999959890903257,0.002400014910629415,0.004515818830925221,0.04000079077364845,0.02899981873635597,0.04899972501031212,0.06399920470774222,0.05524418247344725,0.04055124928581025,0.001300013183915623,0.001,0,0,1.1120249214472152e-5,0.0010005832336272631,0.0010000023885964392,0.021200468149138937,0.02500042128914478,0.03400047225501771,0.021999523922875505,0.019000235846407837,0.014900574671187094,0.018000537971846142,0.012170870575877983,0.004700108502741329
USA,0.012968065582928135,0.04113008042685846,0.046038464238085205,0.027718750765290952,0.042699363281197195,0.009609990199060461,0.025577065878170997,0.015881727356701833,0.07019911560974362,0.008539976825028968,0.010659939783546261,0.005569959978027152,0.005520101859711397,8.874634263059779e-4,8.454202645605357e-5,9.911357240928427e-4,0,4.000029694921797e-4,0.001210028721876496,0.019550369948776323,0.02889038945869986,0.02266434846121174,0.011675023956285124,0.016229582991148826,0.12066121503527183,0.08335196125392517,0.04033596267715211,0,0.005399785533242347,0.05799905099098442,3.69986663859058e-4,0.008959756668226486,0,0,0,0,0,0,0,0,0,0,0,0,0,0.005939999575668852,0.0011600074749410552,0.010359387759904031,0.0037599846503017214,0.001,0.0021999458351065885,0.004290199772361553,0.006650125119696961,0.006859941234084231,9.099912167924745e-4,0.004999943468970118,0.016100160440064175,0.0018800130855162723,0.006065406971903508,0.035400398686801456,0.06100002317013833,0.038460432600284235,0.039339975190905874,0.04965549943530227,0.03982043095508739,4.199954745618158e-4,3.993398788635677e-4,0,0,1.1120249214472152e-5,7.500029386526864e-4,8.96361255411371e-4,0.025099578483313355,0.02199968359436798,0.06100077330768215,0.02900059512001587,0.025,0.020999407465929293,0.010500061869702407,0.012170870575877983,0.004700108502741329
UZB,0.012968111082686647,0.04113031684916669,0.04604024780790692,0.02771901464737632,0.04264114575202364,0.009610049884414162,0.025577065878170997,0.019782349664517314,0.034210850559558005,0.005989286938354921,0.010659592015682583,0.005941742678985331,0.004217707384520786,0.010306321698570611,8.454202645605357e-5,9.911357240928427e-4,0,6.537844298451883e-4,0.0012100229952184546,0.018976010849030105,0.03016878566804678,0.022745740248726984,0.02538545040599372,0.017529385158097408,0.12998735723469712,0.08312871686267664,0.04033596267715211,0,0.01570064883733972,0.05799917046868519,3.700040150381428e-4,0.018665678592273638,0,0,0,0,0,0,0,0,0,0,0,0,0,0.005939886827069677,0.0011600020183162197,0.005800963026310563,0.0037599078180104053,0.001,0.002199993113184808,0.00428991926440906,0.005823830529227188,0.006383147611635203,9.099695843190266e-4,0.004999999999999999,0.015216276675336496,0.001880046460063676,0.0045369808357696145,0.035400876832768005,0.06100045320643553,0.038460205544933075,0.03934060110530699,0.048434138870653246,0.04480235805271717,4.1999440715883673e-4,3.993398788635677e-4,0,0,1.1120249214472152e-5,7.790797915430234e-4,9.208415026483834e-4,0.025101078919739988,0.023493541652659832,0.06100044189129474,0.028999444576688092,0.02489866342487036,0.02073819831322521,0.0107129320615906,0.012170870575877983,0.004700108502741329
VCT,0.012967699822241361,0.0411305448347025,0.047163211524646094,0.02771856067560125,0.04264114575202364,0.009609947904569134,0.025577065878170997,0.019782349664517314,0.023687259728731768,0.008539991162174106,0.010659841993991321,0.005570005584980698,0.0055199748309727095,0.012999742859636749,8.454202645605357e-5,9.911357240928427e-4,0,4e-4,0.0013447663798416885,0.0195498372722572,0.02888896999781006,0.023845277706796692,0.014271294373253678,0.016229422718808194,0.12066038536626772,0.08312871686267664,0.04033596267715211,0,0.005399938773725182,0.05224987652637651,3.4345074177289563e-4,0.018665678592273638,0,0,0,0,0,0,0,0,0,0,0,0,0,0.005939940890859193,0.0011599955918007495,0.007188340674512134,0.0037600167400024167,9.99977674086312e-4,0.0022000052173005687,0.004289843974346702,0.006649889598294358,0.006859977792649141,9.100035461170019e-4,0.004999948138697866,0.015216276675336496,0.001880008651922349,0.006197075461700557,0.0353998246289405,0.06100052659294365,0.03846011092600013,0.039339716549215184,0.06355715109017843,0.04777182311551552,4.863438133966571e-4,3.8999135529728174e-4,0,0,1.1120249214472152e-5,7.499684718939357e-4,8.969843314266747e-4,0.025100041229112604,0.022000817494379724,0.06100041371215255,0.029000040566305625,0.025000270372573408,0.020999657121367976,0.010499479708636838,0.012170870575877983,0.004700108502741329
VEN,0.02517328250963898,0.020999431009569136,0.05900109502372551,0.020745808506899673,0.04264114575202364,0.012,0.025577065878170997,0.019782349664517314,0.011299961829979825,0.006599957663239678,0.014399908702433335,0.006999981894881683,0.004400043530307977,0.0066241725144058315,8.454202645605357e-5,0.002999936796865124,0,0.002900022544041395,0.0021000091249201566,0.01899998617428694,0.022999432232946707,0.01914610190449048,0.039846399973603584,0.02200021900208052,0.09749977187699607,0.07599699586932032,0.04033596267715211,0,0.005799902813023054,0.05224987652637651,3.4345074177289563e-4,0.018665678592273638,0,0,0,0,0,0,0,0,0,0,0,0,0,0.006299949115507798,0.0030000129467156337,0.0060960123303717174,0.003999988455188816,0.0058,0.003000029331534332,0.004033495904845341,0.005,0.006200043668309223,0.002,0.0028000194551346357,0.015216276675336496,0.0023999889825373215,0.005729402196244498,0.03999987233743769,0.02900049236829148,0.04900020946457632,0.0639993376260262,0.07583067400236719,0.0418052628444812,0.001299981674912956,0.001,0,0,1.1120249214472152e-5,0.0010002751191192823,0.0010000119880656739,0.021199938266841578,0.025,0.03400035690916661,0.022,0.019000298277837956,0.014900121667957083,0.01800008363476697,0.012170870575877983,0.004700108502741329
VNM,0.0129679917995,0.0277633560759,0.0464148872863,0.0265494434536,0.0426603684298,0.00974575278701,0.0255770658782,0.0197823496645,0.0345829653445,0.00617997770413,0.0122200181639,0.00598059030702,0.00381181502831,0.00909786196321,8.45420264561e-05,0.000991135724093,0,0.000333329456943,0.0011849029038,0.0209921064335,0.0353524939728,0.0270400078015,0.0158768625238,0.0187433224025,0.120661867027,0.0832019918044,0.0403359626772,0,0.012267138905,0.0560827389667,0.000311152315611,0.0186656785923,0,0,0,0,0,0,0,0,0,0,0,0,0,0.00573208527105,0.00114562197124,0.00623425469566,0.00375998424249,0.00207119718405,0.0022113682376,0.00420450438398,0.00665007203521,0.00638314761164,0.000910017708553,0.00499998957336,0.0152162766753,0.00300004542224,0.00556546204594,0.0354002028484,0.0453331258671,0.0384598825932,0.0488960333463,0.0537499806434,0.0423794753315,0.000442113964109,0.000396227976391,0,0,1.11202492145e-05,0.000821325047472,0.000750708342123,0.0283665614024,0.0228314921925,0.0720666956119,0.0282866312068,0.0249326160935,0.0208257771172,0.0105710492055,0.0117806168843,0.00470010850274
VUT,0.0129679917995,0.0277633560759,0.0464148872863,0.0265494434536,0.0426603684298,0.00974575278701,0.0255770658782,0.0197823496645,0.0345829653445,0.00617997770413,0.0122200181639,0.00598059030702,0.00381181502831,0.00909786196321,8.45420264561e-05,0.000991135724093,0,0.000333329456943,0.0011849029038,0.0209921064335,0.0353524939728,0.0270400078015,0.0158768625238,0.0187433224025,0.120661867027,0.0832019918044,0.0403359626772,0,0.012267138905,0.0560827389667,0.000311152315611,0.0186656785923,0,0,0,0,0,0,0,0,0,0,0,0,0,0.00573208527105,0.00114562197124,0.00623425469566,0.00375998424249,0.00207119718405,0.0022113682376,0.00420450438398,0.00665007203521,0.00638314761164,0.000910017708553,0.00499998957336,0.0152162766753,0.00300004542224,0.00556546204594,0.0354002028484,0.0453331258671,0.0384598825932,0.0488960333463,0.0537499806434,0.0423794753315,0.000442113964109,0.000396227976391,0,0,1.11202492145e-05,0.000821325047472,0.000750708342123,0.0283665614024,0.0228314921925,0.0720666956119,0.0282866312068,0.0249326160935,0.0208257771172,0.0105710492055,0.0117806168843,0.00470010850274
WSM,0.0129679178724,0.0300840433931,0.0464886826105,0.0277187798408,0.0426652502891,0.00961004064589,0.0388308889741,0.0190024030608,0.0320870721795,0.00641599035867,0.0120641137273,0.00582805435436,0.00447816426884,0.00921774423306,8.45420264561e-05,0.000991135724093,0,0.000359993875357,0.00108399541716,0.0210199630303,0.0397558753318,0.0251430739929,0.0117423074279,0.0184921101332,0.120659298867,0.0831287168627,0.0403359626772,0,0.00540000049244,0.0579990948005,0.000359380004726,0.0183943558304,0,0,0,0,0,0,0,0,0,0,0,0,0,0.00594000259888,0.00115999483919,0.00728760398328,0.00375998071469,0.00204270389592,0.00219997656916,0.00423873114278,0.00665000367533,0.00638314761164,0.000910012283288,0.00499996261111,0.0152511420347,0.00277598305929,0.0061505132454,0.0354003319227,0.0468999319069,0.0384598722917,0.0450740193961,0.0602725922375,0.0406623835804,0.000420004851226,0.000389999269382,0,0,1.11202492145e-05,0.000927707361759,0.00079323422647,0.0280400885583,0.0222001740779,0.0709602295767,0.028572000518,0.025000231989,0.0210000698718,0.0104999762972,0.0114343223985,0.0047001097963
YEM,0.046578613853894744,0.041129223756588236,0.047163211524646094,0.03627056422049802,0.04264114575202364,0.00960993770683278,0.04833320631049463,0.03473625915057778,0.03836665978806973,0.005989286938354921,0.010660159724071926,0.00556980634695326,0.004217707384520786,0.010306321698570611,8.454202645605357e-5,9.911357240928427e-4,0,4.000032882838446e-4,0.0012100076318147127,0.01954973821989529,0.028889826738602273,0.019356818014855705,0.026484524220200024,0.017529385158097408,0.12066105647368955,0.08312871686267664,0.04033596267715211,0,0.005399937607237561,0.05799947857825671,3.6999051025622307e-4,0.008959990641085634,0,0,0,0,0,0,0,0,0,0,0,0,0,0.005940108001963673,0.001160002904654709,0.005349844302803541,0.003760022460219813,0.001,0.002200068870523416,0.004290199772361553,0.006650066267721595,0.006383147611635203,9.100063306164437e-4,0.005000071568641485,0.016099740398649625,0.0018800041362602299,0.008312389950356703,0.035400333889816366,0.06100020039076198,0.038460964836803765,0.03934022933947683,0.07270084444649531,0.04788321720521549,4.863438133966571e-4,3.899919702168041e-4,0,0,1.1120249214472152e-5,7.499999995016916e-4,0.002065232872150391,0.0251002695074592,0.02199949887246304,0.06100184672206833,0.02678667801611825,0.024999999999999998,0.02073819831322521,0.0107129320615906,0.012170870575877983,0.004700108502741329
ZAF,0.017363917068392076,0.01999991466976131,0.04599872251117803,0.01850903018322184,0.04270105852293466,0.009609938434476693,0.014001981799337123,0.015852086764926093,0.02101402110769792,0.005989286938354921,0.012200021159418586,0.006499916439195588,0.004217707384520786,0.010306321698570611,8.454202645605357e-5,9.911357240928427e-4,0,2.0000760412904208e-4,0.002100073001581701,0.01639994027275442,0.029999293552489054,0.023312565614514915,0.017938700823580643,0.020306268042605435,0.1545963840081487,0.08312871686267664,0.04033596267715211,0,0.0055000255245290725,0.05224987652637651,3.699972625239529e-4,0.018665678592273638,0,0,0,0,0,0,0,0,0,0,0,0,0,0.005577788184540281,0.0019124850978804637,0.009668487725987399,0.0022857012190474254,0.002800078942174857,0.00230000243350449,0.0042899505047641895,0.005700027912099518,0.006383147611635203,8.999855331050779e-4,0.0015,0.006999839563613028,0.0018800174329919371,0.0071258034765107545,0.056000845848227176,0.03450017343045439,0.03800015330369462,0.08450061505495814,0.07650895244268006,0.08654223187138639,7.999919831110874e-4,6.999756671262876e-4,0,0,1.1120249214472152e-5,8.00004523633156e-4,8.999857036026921e-4,0.01869960105254223,0.03399946638207044,0.0940000358635035,0.02937951281440927,0.022079781472236614,0.020999875568582446,0.010500070531809846,0.012170870575877983,0.004700108502741329
ZMB,0.0173637445123,0.0200000180227,0.0464984801615,0.0195046133634,0.0426496334266,0.00972653237411,0.0164822752295,0.0166944015065,0.0213076643525,0.00665562515334,0.0121999439977,0.00650000422273,0.00420632097558,0.0105378733495,0.000542271013228,0.000991135724093,0,0.000200000395976,0.0017223831263,0.0167679510688,0.0300482687244,0.0292565564715,0.014806684256,0.0197113291807,0.154600681166,0.0831761493227,0.0403359626772,0,0.00768584241201,0.0418213796069,0.000354829552948,0.0262353935435,0,0,0,0,0,0,0,0,0,0,0,0,0,0.00557779594746,0.00185567132403,0.00807751974777,0.00228570436864,0.00254869943593,0.0022905826686,0.00421672008282,0.00570885765105,0.00654156716314,0.000899995838002,0.00149999652027,0.00934747535233,0.00188000873261,0.00659178325142,0.0559999158173,0.0345002646755,0.0380805927807,0.0845001355785,0.0688372791099,0.0786105979347,0.000665575656213,0.000657049953033,0,0,1.11202492145e-05,0.000815576993246,0.00119632271368,0.0187001481616,0.0332493288058,0.0939996460852,0.0293799289377,0.0224824494386,0.0208692125308,0.0106216707307,0.0121708705759,0.00470010850274
ZWE,0.01736377417708405,0.019999915116121147,0.046000625716967364,0.018509214565035254,0.04264114575202364,0.009610176296674818,0.01400176810202925,0.015852123533521237,0.019819434601836227,0.00676654087160469,0.012200061293288383,0.006500217265353418,0.004217707384520786,0.012999900665540878,8.454202645605357e-5,9.911357240928427e-4,0,2.0000618658747835e-4,0.0013447663798416885,0.016400148754183712,0.030000354371168363,0.027148704093550545,0.013155463269033786,0.020306606643143935,0.15460039254846597,0.0833507435172668,0.04033596267715211,0,0.005499824524461291,0.05224987652637651,3.4345074177289563e-4,0.018665678592273638,0,0,0,0,0,0,0,0,0,0,0,0,0,0.005577649299869665,0.0019124583919258088,0.016648011255975845,0.002285696360480436,0.002799955913148903,0.0022999677057222384,0.004033495904845341,0.005699989258476852,0.006383147611635203,9.000070318543e-4,0.0015000351592715,0.015216276675336496,0.0018800387318892557,0.003898362931642255,0.056000403388463085,0.03450067194958061,0.03799910182085409,0.0845001376083666,0.07679480990664009,0.0763791562587808,8.000000000000001e-4,7.000036500346754e-4,0,0,1.1120249214472152e-5,8.000091466203239e-4,9.000275451210825e-4,0.01870025698933105,0.0339996157909903,0.09400074990626171,0.02938041393903326,0.02489866342487036,0.02073819831322521,0.010499894202285231,0.012170870575877983,0.004700108502741329
