ISO3,wheat,rice,barley,maize,rye,oats,millet,sorghum,othr_grains,cassava,potato,sweet_potato,yams,othr_roots,sugar_cane,sugar_non,raw_sugar,sweeteners,honey,beans,peas,othr_pulse,nuts,soyabeans,groundnut,seed_sunflower,seed_rape,seed_cotton,coconuts,seed_sesame,preserved_olives,seed_oilcrop,oil_soyabeans,oil_groundnut,oil_sunflower,oil_rape,oil_cotton,oil_palmkernel,oil_palm,oil_coconut,oil_sesame,oil_olive,oil_ricebran,oil_maize,oil_oilcrop,tomato,onion,othr_vegetables,orange,lemon,grapefruit,citrus,banana,plantains,apple,pineapple,dates,grapes,othr_fruits,beef,lamb,pork,poultry,othr_meat,offals,butter,cream,fat_ani,oil_fish_body,oil_fish_liver,eggs,milk,fish_freshw,fish_demrs,fish_pelag,fish_marine,crustaceans,cephalopods,othr_molluscs,fish_aquatic,fish_aquaticplant
AGO,1.4426256358420726,1.1500015061904427,2.4527545723684274,1.9633300444005921,3.3211974117387255,5.230134686279519,2.077966245052881,2.57147578518925,3.4067351152958953,0.464999977535864,0.49857192982456144,0.40333357897781835,0.5836367039894627,1.2051291251780532,0.010184672264454036,0.49101530663100657,0.007690343991469126,0.03000036500346753,0.039999359651650496,4.292407590393031,3.0542566087640513,3.414951666513033,5.058159256473591,5.3612540945250355,3.3579925044810173,6.613623829414558,7.058618515032008,0,1.0620253972305533,6.4249562001168,0.06688133326903603,3.629110337430039,4.890313399893189e-4,0,0,0,0,0,0,0,0,4.0873055515563153e-4,0,0,0.0011074646470953299,0.32000414281410067,0.39363727511349944,0.44383784390063963,0.19999694479239866,0.18592760998167548,0.14799250333447947,0.1899986818691096,0.24,0.32784388637010553,0.10999906768599665,0.1187500307425935,0.5827862456650034,0.18999499436866477,0.27196692778540127,1.700003621613791,1.4866507950004253,1.6539946260311573,1.9399993983017065,3.0200281387072745,2.459854198194875,0.2100044218439089,0.6206345016366591,4.1286084074028504e-4,0,1.4441933440154569e-5,2.0385755280613442,0.9208268827691714,1.9700303161541792,1.4800147547030615,2.099987643642654,0.7599842612630338,2.6700368653502204,2.210065443819707,1.8927895094932068,1.525643103795973,0.4199975027088047
ALB,1.1114353574808054,0.9500000000000001,2.2099872251117803,0.7789946817901245,3.3200043582479846,5.230134686279519,2.2122530329211303,2.57147578518925,3.4067351152958953,0.44798211707286584,0.6099998020674059,0.47001142421934505,0.5836367039894627,1.2051291251780532,0.010184672264454036,0.49101530663100657,0.009999890060356864,0.02000022154773246,0.04,4.070001763654907,3.0542566087640513,4.0152216678414625,2.478668819242307,7.0401868817753765,3.7600375430180413,6.613623829414558,7.058618515032008,0,1.129995320542817,6.539353611636332,0.029999310949020072,3.629110337430039,4.890313399893189e-4,0,0,0,0,0,0,0,0,4.0873055515563153e-4,0,0,0.0011074646470953299,0.23999985615960528,0.2899997074440852,0.31493489469052377,0.1999985706475324,0.16,0.08,0.1899992732029944,0.21999917495152838,0.32784388637010553,0.11000045835816107,0.07999904575599981,0.6200067945950092,0.19999984244599442,0.17560996239555007,1.5400034771331508,1.8000080127670088,1.5499988087012462,1.4699999141873976,2.318609927726396,2.4688705955847534,0.2400014129782048,0.6200018249840313,4.1286084074028504e-4,0,1.4441933440154569e-5,1.979996813073712,0.6902859009028599,2.1099744245524295,2.0399326058544727,2.2800195362467153,2.1000705342973016,2.190001510345869,2.2099487716847133,1.8999947101142616,1.525643103795973,0.4199975027088047
ARE,3.369070339438187,0.9500001453315158,2.4527545723684274,2.1,3.3211974117387255,4.943909192227425,2.2122530329211303,2.57147578518925,3.4067351152958953,0.2700076370052406,0.6100005809614466,0.4700094476576722,0.5836367039894627,0.7800096339113679,0.010184672264454036,0.49101530663100657,0.010000042441849362,0.02,0.04000066363606198,4.0699887692665175,3.2100000000000004,2.8246002181286114,5.322128666617373,7.039905912888313,3.759979142939473,6.613623829414558,7.058618515032008,0,1.1300025510401286,6.6700643486724704,0.030000640368852458,3.629110337430039,4.890313399893189e-4,0,0,0,0,0,0,0,0,4.0873055515563153e-4,0,0,0.0011074646470953299,0.2399997101365257,0.2899990227588603,0.5429699631755318,0.20000122515988336,0.1600034034225668,0.0799968696196588,0.1900006541220592,0.21999853766046562,0.32784388637010553,0.11000146450820689,0.08,0.6200011937447772,0.1999983345962645,0.204327907837228,1.5399902690968972,1.7999999999999998,1.5632824116232011,1.469999912357325,2.46507708323006,2.4575897302517222,0.2400059612518629,0.6199927000638744,4.1286084074028504e-4,0,1.4441933440154569e-5,1.9900609261275957,1.0528090814217022,2.109987357774968,2.0399971578247023,2.2800082143957283,2.1000093350343843,2.1899833672149325,2.2100154850127196,1.8999906649656162,1.525643103795973,0.4199975027088047
ARG,1.7152752809264777,1.1699980838703947,2.4527545723684274,2.674933833453105,3.3211974117387255,3.580024333591417,2.2122530329211303,2.57147578518925,3.4067351152958953,0.519994706310519,0.47000005368637493,0.40000230429347483,0.5836367039894627,1.2051291251780532,0.010184672264454036,0.49101530663100657,0.007690343991469126,0.4837974529279142,0.1599963500319372,3.9801070689864946,3.0542566087640513,3.9621560231761497,4.95838381319255,6.675781017206263,3.699505803921396,6.613623829414558,7.058618515032008,0,0.8300028515650705,6.290028226591395,0.5499872248786363,3.629110337430039,0.0024999664524093883,0,0,0,0,0,0,0,0,0.012199484134708975,0,0,0.0011074646470953299,0.259999399249769,0.3099992211074846,0.4158133446653338,0.22000009048381697,0.2400052777411268,0.2099914380374493,0.178638180627905,0.26000140926946996,0.32784388637010553,0.10999899043800568,0.08000438180092018,0.5827862456650034,0.2,0.19436263795230027,1.8800013123190435,1.8000296581893678,1.7000025381032753,1.9600010437630266,2.7986770027196752,1.7774283726270703,0.24000000000000002,0.7500304173257087,0.003000110607233713,0,1.4441933440154569e-5,1.9399955129431794,0.6972443095141082,2,1.8699848338618503,2.159954714539867,1.840007405840034,1.9200359389038635,1.259988939582469,1.680017633352226,1.525643103795973,0.4199975027088047
ARM,3.369070884422026,0.949995290349927,2.4527545723684274,2.0999610667704887,3.3199653253034036,5.2300813432057565,2.2122530329211303,2.57147578518925,4.2899524448748085,0.44798211707286584,0.6099994052955131,0.45110325619255537,0.5836367039894627,1.2051291251780532,0.010184672264454036,0.49101530663100657,0.009999989889195695,0.02,0.04000054478099804,3.8451719240255797,3.0542566087640513,3.414951666513033,3.6928210023662325,6.675781017206263,3.759933637494816,6.613623829414558,7.058618515032008,0,1.1300109187334269,6.6699922133540985,0.03,3.629110337430039,4.890313399893189e-4,0,0,0,0,0,0,0,0,4.0873055515563153e-4,0,0,0.0011074646470953299,0.2400000187978405,0.29000070984075904,0.3783804313576426,0.20000195926684233,0.1600015985506474,0.08000048328440078,0.19000206568890726,0.2200009198644733,0.32784388637010553,0.11000066883260334,0.07999944947562553,0.6199946520489337,0.20000130551285442,0.20469141502685106,1.5399962297348249,1.7999999999999998,1.5500004378705479,1.470003946329913,2.318609927726396,2.518737231248176,0.24000813586901248,0.6199948899514546,4.1286084074028504e-4,0,1.4441933440154569e-5,1.9824910601892567,0.646941060574261,2.109956583247963,2.0399577370089332,2.2800020118700335,2.0999783596624106,2.1900048180105993,2.169236810588806,1.8999947101142614,1.525643103795973,0.4199975027088047
ATG,1.715276117076183,1.1699990004721907,2.4527545723684274,2.6749319348227942,3.3211974117387255,3.5799936308853066,2.2122530329211303,2.57147578518925,3.4067351152958953,0.5200079004542761,0.47000098648515337,0.4000071150322845,0.409998056113523,1.2051291251780532,0.010184672264454036,0.49101530663100657,0.007690343991469126,0.4837998677540225,0.1599949070537306,3.9800142937362804,3.490002115954295,3.414951666513033,4.021776791931197,6.949928659123336,4.780017432991937,6.613623829414558,7.058618515032008,0,0.829995320542817,6.539353611636332,0.5499888268156424,3.629110337430039,0.00250002275561381,0,0,0,0,0,0,0,0,0.012200046594703733,0,0,0.019999580457720625,0.2599997489471471,0.31000115952271834,0.6264833392352295,0.2200003450944165,0.23999771310959922,0.2099927970344864,0.178638180627905,0.2600016973606043,0.3058961160505381,0.11000190103874706,0.08000041731001961,0.2900011460004584,0.19999517357047192,0.2346394699858869,1.8800014226268809,1.7999922980154555,1.6999967954733772,1.9599989426515751,2.318609927726396,2.215305645980941,0.2391469122617042,0.7500076041001308,0.0030000206215330047,0,1.4441933440154569e-5,1.9967768292302501,0.7197597483866599,1.9999773642989722,1.8699900942713725,2.159997909548789,1.8399958668612686,1.9199744502235603,1.25999464811346,1.679997002922151,1.525643103795973,0.4199975027088047
AUS,1.1114347498724766,0.9500010101486266,2.4527545723684274,0.7789924076145904,3.320063875898255,5.2300718238549395,2.2122530329211303,2.57147578518925,3.4067351152958953,0.269998024886431,0.6099998237778504,0.4699955642861669,0.5836367039894627,0.9967374980580347,0.010184672264454036,0.49101530663100657,0.010000315249815775,0.020000160970329143,0.04,4.070018554004319,3.210013231335452,4.050843190882892,4.81647421221791,7.040042941492217,3.759980446472218,6.613623829414558,7.058618515032008,0,1.1299840769505736,6.539353611636332,0.029999689363817097,3.629110337430039,4.890313399893189e-4,0,0,0,0,0,0,0,0,4.0873055515563153e-4,0,0,0.0011074646470953299,0.23999987089840186,0.28999950072395025,0.541071403533985,0.2000005925329004,0.16,0.08000068868151923,0.1899986917844061,0.22000042245488535,0.32784388637010553,0.11000034601277942,0.08000022541306945,0.6200052558055905,0.19999911871367448,0.2130518941732858,1.5400016502069105,1.7999966929303117,1.5499986354422781,1.470000178608335,2.2099790423988392,2.499565176250062,0.23999805314903144,0.6200018249840314,4.1286084074028504e-4,0,1.4441933440154569e-5,1.9799977841791543,0.5774596220888087,2.1100375528086373,2.040008403165192,2.2799808221720435,2.0999836734693877,2.189986841280782,2.210010500525026,1.9000032958702746,1.4700246372844237,0.4199975027088047
AUT,1.111435447567249,0.9500009918470174,2.210089273493225,0.77899497594641,3.3200028853783454,5.230010687854161,2.2122530329211303,2.57147578518925,3.4067351152958953,0.44798211707286584,0.6100004591195757,0.47000574537835005,0.5836367039894627,1.2051291251780532,0.010184672264454036,0.49101530663100657,0.010000026609969691,0.01999986456379384,0.040000634779572795,4.069926039765632,3.209909140327716,4.21357543573287,3.893872856036634,7.040043544152491,3.759948366420369,6.59999083493722,7.058618515032008,0,1.1300512236767217,6.669942302022938,0.03,6.419916263032592,4.890313399893189e-4,0,0,0,0,0,0,0,0,4.0873055515563153e-4,0,0,0.0011074646470953299,0.23999884457227508,0.29000021661744635,0.45299201095324215,0.1999995456878967,0.16,0.08,0.18999476713762428,0.22000029122396583,0.32784388637010553,0.11000031319968619,0.07999935813087711,0.6200148980059591,0.1999977878797934,0.18349109667387264,1.5399979210287937,1.8000000000000003,1.5499998724742463,1.4700019788799539,2.083629576726822,2.6238727435915448,0.2400008091051297,0.619997822309961,4.1286084074028504e-4,0,1.4441933440154569e-5,1.9836319666410591,0.6045601374059881,2.1100010882576994,2.0400043170126274,2.2799993622245607,2.1000580607702726,2.1899889610312533,2.2099751140605557,1.8999540018399264,1.4700177286474085,0.4199975027088047
AZE,3.36907001512185,0.9499983101828383,2.2100229952184542,2.099997598685452,3.3200311465836094,5.23013468627952,2.2122530329211303,2.57147578518925,4.217188948961559,0.44798211707286584,0.6099999391920241,0.45110325619255537,0.5836367039894627,1.2051291251780532,0.010184672264454036,0.49101530663100657,0.010000024252477997,0.02,0.0399997079993576,3.8451719240255797,3.0542566087640513,3.414951666513033,3.2196145348140943,6.675781017206263,3.7600375430180417,6.613623829414558,7.058618515032008,0,1.1299922790762966,6.539353611636332,0.029999594452104796,3.629110337430039,4.890313399893189e-4,0,0,0,0,0,0,0,0,4.0873055515563153e-4,0,0,0.0011074646470953299,0.23999972586145896,0.28999917895000665,0.2802970505463832,0.19999385107298775,0.15999905691516952,0.08000295159386069,0.19000499512380772,0.21999954556815343,0.32784388637010553,0.11000091057457255,0.07999904575599981,0.6200013369877665,0.19999935063037555,0.23078240887015092,1.5400002964265775,1.799997708760554,1.549994263893669,1.4700029385836026,2.318609927726396,2.5947982784040424,0.23999496760395042,0.6200267672466236,4.1286084074028504e-4,0,1.4441933440154569e-5,1.9805471675790798,0.6105254291502574,2.110032362459547,2.0400224125510285,2.280004124278251,2.100009521693592,2.190020805197649,2.169236810588806,1.8927895094932068,1.525643103795973,0.4199975027088047
BEL,1.1114353752226485,0.9500015118333356,2.21003232870998,0.7789950511683473,3.3199648197009672,5.2300590445517985,2.2122530329211303,2.57147578518925,3.4067351152958953,0.44798211707286584,0.609999917296059,0.45110325619255537,0.5836367039894627,1.2051291251780532,0.010184672264454036,0.49101530663100657,0.009999764673232554,0.01999987370229104,0.040000579374275785,4.069982480046719,3.2099662841411734,3.7645723128690913,4.260973029151713,7.040394208541185,3.759980533207611,6.613623829414558,8.280067160638026,0,1.1299989639452965,6.539353611636332,0.030000000000000002,3.629110337430039,4.890313399893189e-4,0,0,0,0,0,0,0,0,4.0873055515563153e-4,0,0,0.0011074646470953299,0.2399996281957735,0.2900074118994677,0.5141156083854174,0.1999987118879858,0.15999898987348166,0.08000061216369257,0.19000353232073472,0.22000073946721388,0.3400083534434751,0.11000013622307891,0.07999814109117948,0.6199981124952813,0.19999785294843858,0.2109622539695445,1.53999952167986,1.8000186607781545,1.5499997548671136,1.4699981917544,2.5693170648618833,1.991649931307159,0.2400029270434422,0.6199994493543679,4.1286084074028504e-4,0,1.4441933440154569e-5,1.980346535686876,0.5826151074110875,2.110008927685745,2.0400088908646365,2.280019035338184,2.0999507934555295,2.189970195671893,2.2098917912511293,1.8999914876023007,1.4699970800077868,0.4199975027088047
BEN,1.4426351622363562,1.1500004800827388,2.4527545723684274,2.42399942034761,3.3211974117387255,5.230134686279519,2.0779868365369625,2.862734714516085,3.4067351152958953,0.46499985841117636,0.4985784175610256,0.4033316847264062,0.5900000964337425,0.8799920304613477,0.010184672264454036,0.49101530663100657,0.007690343991469126,0.03000052143080613,0.04891507007657515,4.2924030812897005,3.0542566087640513,3.8399507906337225,5.0464400862998575,6.675781017206263,3.3580036163115867,6.613623829414558,7.058618515032008,0,1.0620105727258768,6.425049203793164,0.0299990875079843,0.8200060557681191,4.890313399893189e-4,0,0,0,0,0,0,0,0,4.0873055515563153e-4,0,0,0.0011074646470953299,0.3199992181315298,0.39364719228587636,0.44885794922726424,0.20000381912618392,0.19714392284328877,0.16000137736303846,0.178638180627905,0.24000324044069996,0.32784388637010553,0.11000029820480706,0.11875047754883733,0.28000061707445,0.19000315357931255,0.4724804245624145,1.699983754366014,1.4866903761181163,1.654059505799294,1.9400045363439844,3.024178197031806,2.6194123546513204,0.2391469122617042,0.5699894148994415,4.1286084074028504e-4,0,1.4441933440154569e-5,1.980005220569042,0.9830959878428976,1.9699831529838658,1.4800089192295156,2.099968619715784,0.759993715056368,2.669958777052559,2.169236810588806,1.8927895094932068,1.525643103795973,0.4199975027088047
BFA,1.4426223571831334,1.1499992871095142,2.4527545723684274,2.423999879683034,3.3211974117387255,4.943909192227425,2.0779767313170785,2.862736250099742,3.2001059562552032,0.4650077888005247,0.4985789371228343,0.4033363140998835,0.5900015887306043,1.2051291251780532,0.010184672264454036,0.49101530663100657,0.007690343991469126,0.0300001460003212,0.04891507007657515,3.8451719240255797,4.100083950797532,3.87039739542228,2.7936024552867775,5.361272446315341,3.3580018501387605,6.613623829414558,7.058618515032008,0,1.061977960272338,6.425065953525351,0.03000036500346753,3.629110337430039,4.890313399893189e-4,0,0,0,0,0,0,0,0,4.0873055515563153e-4,0,0,0.0011074646470953299,0.32000365030114986,0.3442737429535229,0.4638964086280953,0.19999654063029718,0.19714916002036312,0.15999956137465185,0.178638180627905,0.24001089720305122,0.33999749646823196,0.10999999999999999,0.11874752279032896,0.27999744539532506,0.19000460295984264,0.16865556917553737,1.6999959101877224,1.4866546061786807,1.653964776756118,1.939993287303414,2.976139326455358,2.7007913828402006,0.20999771949828963,0.6206345016366591,4.1286084074028504e-4,0,1.4441933440154569e-5,1.9799928822318844,1.1625069601807785,1.9699708969044887,1.9871922868925984,2.0999999999999996,0.7600031219106094,2.6700368653502204,2.169236810588806,1.8927895094932068,1.525643103795973,0.4199975027088047
BGD,3.3690709022729872,1.050000052861778,2.4527545723684274,2.0999270013788625,3.3211974117387255,4.943909192227425,2.8498892570039547,2.57147578518925,3.4067351152958953,0.3700066626111642,0.5800005512235041,0.42999913096376113,0.5836367039894627,1.2051291251780532,0.010184672264454036,0.49101530663100657,0.009999799817166345,0.030000392480081642,0.04891507007657515,3.4899990266692624,0.4300044693847147,3.1174287602402604,5.727776487513385,3.7699311023622046,3.759976640062293,6.613623829414558,7.058618515032008,0,1.130014389499175,6.539353611636332,0.06688133326903603,3.629110337430039,4.890313399893189e-4,0,0,0,0,0,0,0,0,4.0873055515563153e-4,0,0,0.0011074646470953299,0.23999894447962844,0.2900015826541109,0.5660866804627633,0.2,0.15999561183550653,0.16999962774075866,0.18999712185038853,0.22000434982238226,0.32784388637010553,0.10999786552828177,0.08,0.5827862456650034,0.199997174183339,0.20265576813433703,1.5399851448378312,1.5999790948050592,1.5632824116232011,1.4700216811207472,1.876262895903863,2.95537548048876,0.24000000000000002,0.6206345016366591,4.1286084074028504e-4,0,1.4441933440154569e-5,2.0462314297396755,1.0513699534317926,2.109996890150955,2.0399326058544727,2.2800328262104665,2.099956623395859,2.1899996256410894,2.169236810588806,1.8927895094932068,1.525643103795973,0.4199975027088047
BGR,1.1114357244434354,0.9499931032287501,2.2100130747439533,0.7789976395674371,3.3199801730353284,5.229950985504224,2.2122530329211303,2.57147578518925,3.4067351152958953,0.44798211707286584,0.6099996084113247,0.4700156696469721,0.5836367039894627,1.2051291251780532,0.010184672264454036,0.49101530663100657,0.009999957981604347,0.01999962371357077,0.04,4.069950146888631,3.209928042548754,2.784727181270672,4.314496472588837,7.039967150287435,3.759972190840358,6.599953839559497,7.058618515032008,0,1.1300094320998484,6.670012470724214,0.030000212210597798,3.629110337430039,4.890313399893189e-4,0,0,0,0,0,0,0,0,4.0873055515563153e-4,0,0,0.0011074646470953299,0.24000052718402456,0.29000259626317154,0.33092528790158743,0.20000156679644962,0.16000064981480278,0.0799991652406194,0.18999705651491366,0.2199942362238165,0.3399886064617638,0.10999973362457045,0.08000066575679904,0.6199946520489337,0.19999655118897758,0.24756969508361537,1.540006075773576,1.8000048779298066,1.5500003017944697,1.4699997006093959,2.2735873861577844,2.102802293347691,0.2400029252596168,0.6200019909081859,4.1286084074028504e-4,0,1.4441933440154569e-5,1.9824206198355125,0.7136225554079034,2.110001739432945,2.040055624847677,2.2800223338916807,2.0999761961437753,2.1899941600155732,2.210065443819707,1.8999338770112408,1.4700149651421688,0.4199975027088047
BHS,1.1114350932885668,0.9499996541922276,2.210002241219223,0.7789962315366956,3.3199824800467197,5.229947229551451,2.2122530329211303,2.57147578518925,3.4067351152958953,0.26999974135478366,0.609999801139291,0.4700023950183619,0.5836367039894627,1.2051291251780532,0.010184672264454036,0.49101530663100657,0.01000001266481676,0.020000048993309965,0.039998957138387733,4.070069411201532,3.210044773213938,3.414951666513033,4.021776791931197,7.039875901085865,3.759925512104283,6.599797228793511,7.058618515032008,0,1.1300076137631807,6.539353611636332,0.03,6.420215255030416,4.890313399893189e-4,0,0,0,0,0,0,0,0,4.0873055515563153e-4,0,0,0.0011074646470953299,0.2399996403860007,0.2900021195617115,0.4422324377806555,0.20000022395563888,0.15999983322492953,0.08000048832893839,0.178638180627905,0.2199990187168087,0.340001559819061,0.11000095126359515,0.08,0.6200064174554789,0.20000572549131873,0.15700625484476866,1.539999609855061,1.8000108611045742,1.5499993615200929,1.4700000734430854,2.318609927726396,2.2174451239689676,0.2400015685864422,0.6200021291804176,4.1286084074028504e-4,0,1.4441933440154569e-5,1.9939973357158525,0.8641963153230896,2.1098499802605604,2.0400033312975405,2.280002278618018,2.100004198329065,2.190007995972399,2.2100062677432435,1.9000242659548652,1.4699970800077868,0.4199975027088047
BIH,1.111435517591973,0.9499951973873787,2.2099923669419193,0.7789972797836867,3.320035359872248,5.229950985504223,2.2122530329211303,2.57147578518925,3.5991016748699254,0.44798211707286584,0.6099998248467247,0.4700015208354456,0.5836367039894627,1.2051291251780532,0.010184672264454036,0.49101530663100657,0.01,0.019999695833681858,0.039999575587810886,4.069988708675064,3.2100692259282564,2.9390408854008787,3.5186165497831725,7.040075980483445,3.759894081442783,6.613623829414558,7.058618515032008,0,1.1299959288532,6.539353611636332,0.03000052143080613,6.41974730931212,4.890313399893189e-4,0,0,0,0,0,0,0,0,4.0873055515563153e-4,0,0,0.0011074646470953299,0.24000024251634966,0.28999912977054954,0.3667367276528872,0.20000177759606794,0.1600024110910187,0.08000025506625345,0.178638180627905,0.21999936063425082,0.32784388637010553,0.10999967462593602,0.07999942745086813,0.6199946520489337,0.19999857561017298,0.17486506742442842,1.5400014814116507,1.8,1.5499964946048783,1.470000929326723,2.318609927726396,2.3924887274623314,0.2400090186573474,0.6199884125144844,4.1286084074028504e-4,0,1.4441933440154569e-5,1.9800053598685665,0.6054031229667268,2.110013867294197,2.040055624847677,2.279969822708412,2.0999465934233617,2.189940871596467,2.2100553041729514,1.900009404241313,1.525643103795973,0.4199975027088047
BLR,1.1114358511620508,0.950003762887891,2.2099917450348814,0.7789948752166217,3.3199982366066885,5.2300027052016596,2.2122530329211303,2.57147578518925,3.622179325947118,0.44798211707286584,0.6099998528676103,0.45110325619255537,0.5836367039894627,1.2051291251780532,0.010184672264454036,0.49101530663100657,0.00999998943253785,0.019999999999999997,0.04,3.8451719240255797,3.0542566087640513,3.414951666513033,3.520120958938273,7.040075258701787,3.75988196008387,6.613623829414558,7.058618515032008,0,1.129984645755648,6.539353611636332,0.030000152084315546,3.629110337430039,4.890313399893189e-4,0,0,0,0,0,0,0,0,4.0873055515563153e-4,0,0,0.0011074646470953299,0.24000120138486908,0.290000665597121,0.40851465336700293,0.19999737182730276,0.16,0.07999883273024395,0.18999712185038853,0.21999669385056206,0.3400157232704402,0.10999940444285629,0.08000283446712018,0.6199987967029662,0.2,0.17676605015820077,1.5400010576228162,1.8000168513291486,1.5500011528212831,1.4700014361560259,2.224561655648175,2.2220339719383837,0.24000161720708335,0.6200400329683268,4.1286084074028504e-4,0,1.4441933440154569e-5,1.9831239345807068,0.5780503518291874,2.1100050676898574,2.040045608458296,2.28000474664768,2.0999766627771295,2.189958634114689,2.2100154850127196,1.9000211595429537,1.525643103795973,0.4199975027088047
BLZ,1.7152759881137085,1.170000335082143,2.4527545723684274,2.490000375643289,3.3211974117387255,3.5800347283744993,2.2122530329211303,4.444024402961727,3.4067351152958953,0.5199878334926566,0.46999884746796144,0.39999539149269553,0.4100016098581862,1.2051291251780532,0.010184672264454036,0.49101530663100657,0.007690343991469126,0.4837898352912309,0.16,3.979995056438988,3.4899906740416773,3.414951666513033,3.9371097945197673,6.950078616352202,4.779987292660835,7.049678945589726,7.058618515032008,0,0.830017436401842,6.290104755995182,0.5499872248786364,3.629110337430039,0.0025,0,0,0,0,0,0,0,0,0.012199939166582177,0,0,0.01999962273760457,0.260001008081453,0.30999547367508695,0.4242598288412307,0.22000020230368728,0.18592760998167548,0.20999935931411665,0.178638180627905,0.2600020738641274,0.30590005506821477,0.10999959034861333,0.08,0.28999278036258624,0.19999999999999998,0.24058439812510896,1.8799950953344369,1.8000370730803095,1.7000010822862215,1.960001056135819,2.318609927726396,2.215305645980941,0.2391469122617042,0.7500038021078886,0.002999988820820105,0,0.009999999999999998,1.9399982693472557,0.7041834172992244,2.0000282949465227,1.8700400228702114,2.1599951305348664,1.8400767352633414,1.9199587770525595,1.2599852525500799,1.6800031208551143,1.525643103795973,0.4199975027088047
BOL,1.7152760630680182,1.170000083555917,3.120013140124831,2.674941227085374,3.759900719056831,3.58005644402634,2.2122530329211303,2.57147578518925,2.5126066591051615,0.5199993971924237,0.4699999410100843,0.3999968315827828,0.5836367039894627,0.419998717208646,0.010184672264454036,0.49101530663100657,0.007690343991469126,0.4838064889918887,0.16000104286161226,3.979997115501958,3.48992472055357,3.9517861846209295,2.300602032027083,6.95003102529474,4.779987292660835,6.613623829414558,7.058618515032008,0,0.8300044668495948,6.539353611636332,0.5499927000194667,3.629110337430039,0.0025,0,0,0,0,0,0,0,0,0.012199835751437174,0,0,0.019999999999999997,0.2599982301005439,0.3099991461019554,0.9546252493958648,0.2199990587940014,0.24000235515779558,0.2100091827364555,0.178638180627905,0.26000231602107576,0.3058990667965401,0.11000072745789838,0.07999963013647964,0.5827862456650034,0.19999713729531662,0.24358409956492796,1.8800011704348165,1.8000312410507409,1.7000013496733788,1.9600000631411791,2.5608759491546755,1.8123967931864553,0.2391469122617042,0.75,0.0030000313302838526,0,1.4441933440154569e-5,1.9400375349898196,0.8224284373453733,2.000049207755142,1.9871922868925984,2.159972236472825,1.8399733800888183,2.2444296988006567,2.169236810588806,1.6800148116800677,1.525643103795973,0.4199975027088047
BRA,1.7152753595206163,1.170000747951148,2.4527545723684274,2.6749401126258894,3.7600145998722505,3.580029113346514,2.2122530329211303,2.57147578518925,3.5376977744870155,0.5200000806353257,0.47000108879779007,0.4000043702473561,0.4099956095419289,1.2051291251780532,0.01,0.6000060330915069,0.007690343991469126,0.4838019137811975,0.16000292002774028,3.980000667683029,3.4900620499717956,3.7680384777147173,5.046623437399793,6.949971997450803,4.780130076984338,7.049917198959073,7.058618515032008,0,0.8299991187097912,6.2899899625878275,0.5499883513240661,3.629110337430039,0.0025000067492596065,0,0,0,0,0,0,0,0,0.01219984293946533,0,0,0.0011074646470953299,0.26000024055303145,0.309999332636309,0.3155570023803482,0.220000285821649,0.24000259925921114,0.20999870873326731,0.178638180627905,0.26000066059409427,0.32784388637010553,0.11000029019994777,0.07999820329695011,0.5827862456650034,0.19999807472011244,0.20175790483078518,1.8799996045626874,1.7999691071980228,1.700001825333808,1.960001359486454,2.181682915005925,1.8338287380277198,0.24000769526741053,0.6206345016366591,0.0030000250859192733,0,1.4441933440154569e-5,1.9393385219523953,0.6992861458378041,2.0000199728369417,1.8699849764795704,2.159943291661296,1.839952131326665,1.919983045259737,1.259992534114947,1.6799933181134805,1.525643103795973,0.4199975027088047
BRB,1.1114360390053428,0.9499998897947758,2.2100229952184542,0.7789932509348477,3.320035040332883,5.230065851364063,2.2122530329211303,2.57147578518925,4.290018597163239,0.2699958465126681,0.6100004448313772,0.4699899862310677,0.5500117896722471,1.2051291251780532,0.010184672264454036,0.49101530663100657,0.009999686082914063,0.020000632031348754,0.03999955757595868,4.070044165419572,3.209983952676127,4.167321800127188,4.311848022389675,7.040186881775377,3.7600112308286247,6.59978033119297,8.280067160638026,0,1.1300047144278955,6.67014287204088,0.030000456246007844,3.629110337430039,4.890313399893189e-4,0,0,0,0,0,0,0,0,4.0873055515563153e-4,0,0,0.0011074646470953299,0.23999882200494757,0.28999934144625333,0.46974518820450084,0.19999999999999998,0.15999852120226257,0.08000046206984185,0.1900008169267217,0.21999957919984853,0.3399909434938707,0.10999946291783314,0.08000000000000002,0.62,0.2,0.21741556889939398,1.539995953112574,1.800002484749848,1.5500013877709622,1.4700004844771224,2.318609927726396,1.91618307033565,0.2391469122617042,0.6199911515611174,4.1286084074028504e-4,0,1.4441933440154569e-5,1.9800069945006327,0.6535991818618209,2.109964732869168,2.039986202504776,2.2800003338006545,2.099987704414115,2.1899529042386185,2.210043136821148,1.899909083395322,1.525643103795973,0.4199975027088047
BWA,1.4426250271177898,1.1500010027475283,2.4527545723684274,1.9633282663137979,3.5100526567735755,5.229946988789432,2.0779349793092976,2.8627358087850023,3.2041467938820696,0.4649906890130354,0.4985725811456588,0.4033285111960137,0.5836367039894627,1.789894809833177,0.010184672264454036,0.49101530663100657,0.007690343991469126,0.030000263854563367,0.039999999999999994,4.2924073090526935,4.100009124920157,3.826612977490037,4.300523218952405,5.361209964412811,3.3579706177570943,6.613623829414558,7.058618515032008,0,1.0619779602723378,6.539353611636332,0.029999270019709465,3.629110337430039,4.890313399893189e-4,0,0,0,0,0,0,0,0,4.0873055515563153e-4,0,0,0.0011074646470953299,0.32000101151440563,0.3936338114725477,0.6224148357775702,0.2,0.1971368181737447,0.15999923480123965,0.1900044312211179,0.24000633680097164,0.32784388637010553,0.10999976625137327,0.11875127803149069,0.2800072197822033,0.1899970405445398,0.17063639431380795,1.7000040033628248,1.486654972978098,1.6540342298288508,1.9400046923704293,2.902555389658309,2.620619892235322,0.20999865368217926,0.569988137603796,4.1286084074028504e-4,0,1.4441933440154569e-5,1.9800081457496133,0.9300997908606222,1.9699785561115082,1.4799971184324274,2.100014320492625,0.7599939545076703,2.6699516379231683,2.169236810588806,1.8927895094932068,1.525643103795973,0.4199975027088047
CAF,1.442623105658114,1.149996745921555,2.4527545723684274,1.963330497419318,3.3211974117387255,4.943909192227425,2.0779860868125706,2.862735329260415,3.4067351152958953,0.46499986632201196,0.4985774183887391,0.45110325619255537,0.5900000930205688,0.8800008386812705,0.010184672264454036,0.49101530663100657,0.007690343991469126,0.03000036500346753,0.04000062751004016,3.8451719240255797,4.099939167463283,3.84000111026813,4.021776791931197,6.675781017206263,3.699505803921396,6.613623829414558,7.058618515032008,0,1.607781361733978,6.424992534094303,0.06688133326903603,0.8200013563690002,4.890313399893189e-4,0,0,0,0,0,0,0,0,4.0873055515563153e-4,0,0,0.0011074646470953299,0.3200047225501771,0.3442737429535229,0.330183738894774,0.1999983946187621,0.19714821393329385,0.15999590890495025,0.178638180627905,0.24000027200892188,0.34000207702806956,0.1113937314562926,0.11875058471325663,0.5827862456650034,0.20415663792048608,0.26998935793621975,1.7000022712598029,1.4866695174845312,1.6539994837525456,1.940043362241494,2.3845716016375635,2.5465822718111517,0.2391469122617042,0.6206345016366591,4.1286084074028504e-4,0,1.4441933440154569e-5,1.9912511651485667,0.9200000884050189,1.9699963606002868,1.9871922868925984,2.1000375242132594,0.7600004231863818,2.2444296988006567,2.169236810588806,1.8927895094932068,1.525643103795973,0.4199975027088047
CAN,1.1114357800623706,0.9500016863469603,2.2099975666562384,0.7789975574362994,3.3200020857232246,5.230003128584836,2.2122530329211303,2.57147578518925,4.283921177579057,0.2699989861097029,0.6099998571732854,0.4699839914621131,0.5836367039894627,0.7799871712636305,0.010184672264454036,0.49101530663100657,0.009999989267864445,0.020000106647327952,0.03999956024626209,4.069998294388538,3.2100190151465475,2.846683958970234,4.575623185679602,7.03992700080121,3.759976834080838,6.613623829414558,8.280067160638026,0,1.1299950257005473,6.669978708303762,0.03,6.419903291218219,4.890313399893189e-4,0,0,0,0,0,0,0,0,4.0873055515563153e-4,0,0,0.0011074646470953299,0.23999908927392366,0.29000158877488735,0.478703591144319,0.2000004719663771,0.16000195541650372,0.08000119253473258,0.1900044312211179,0.22000015853010885,0.32784388637010553,0.10999923480123962,0.0799990457559998,0.620000320877922,0.2,0.18634291817111148,1.540000519318654,1.7999906384572177,1.5500003529187558,1.47000057459751,2.1616166296855215,2.5749963923228636,0.23999468862036913,0.6199981934784572,4.1286084074028504e-4,0,1.4441933440154569e-5,1.9799981283987758,0.5767689771984992,2.109970358393964,2.039996998349092,2.2800125364510944,2.0999999999999996,2.1900161030595813,2.2100154850127196,1.900011358657731,1.525643103795973,0.4199975027088047
CHE,1.111435385219138,0.9499988711364646,2.2099855803893296,0.7789911208178554,3.320040015140864,5.229967872554797,2.849944801940647,2.57147578518925,3.66384949042516,0.44798211707286584,0.6100000349700482,0.470010702416493,0.5836367039894627,1.3610372085113853,0.010184672264454036,0.49101530663100657,0.00999999318011786,0.02,0.03999899310275387,4.070050954112099,3.2100279927548163,3.3772958583947883,3.915310645375561,7.040094339622642,3.759952465834819,6.613623829414558,7.058618515032008,0,1.1299895744087864,6.669978708303762,0.03,6.41974730931212,4.890313399893189e-4,0,0,0,0,0,0,0,0,4.0873055515563153e-4,0,0,0.0011074646470953299,0.23999934002656392,0.2899963950973324,0.45579851799891064,0.19999965342820158,0.15999924951687647,0.0800009944806325,0.19000353232073472,0.22000241950814858,0.32784388637010553,0.11000027073124509,0.0800003432533553,0.6200055536700503,0.19999859615627585,0.18756022745650336,1.5399979649370625,1.7999818275433868,1.5499993126297413,1.4699981245510425,2.2266084793861487,2.3975162586289414,0.2399992252466298,0.6199995379746349,4.1286084074028504e-4,0,1.4441933440154569e-5,1.980005324149176,0.5813146053696425,2.1099876806586337,2.040007148122501,2.279998020340996,2.0999822546708238,2.1899955906129045,2.2100210153744055,1.8999799845595173,1.525643103795973,0.4199975027088047
CHL,1.715275132680915,1.1699975845626716,3.12002750740584,2.6749419218371875,3.7599881621781592,3.5800187715090206,2.2122530329211303,2.57147578518925,3.8014202719554553,0.5199991309448802,0.46999949425984927,0.4000064994150527,0.5836367039894627,1.2051291251780532,0.010184672264454036,0.49101530663100657,0.007690343991469126,0.4838045121200247,0.16000104286161226,3.980052062701602,3.489962631441731,4.014207421518042,4.8310242358088615,6.949946466809422,4.780022619782027,6.613623829414558,7.058618515032008,0,0.8299912259711254,6.2899899625878275,0.549992448270654,3.629110337430039,0.0024999808700309906,0,0,0,0,0,0,0,0,0.01220038934176907,0,0,0.019999513334631108,0.25999874295531206,0.3099990916903642,0.7488401883193757,0.2200002278968539,0.24000332452948672,0.2099924247641347,0.178638180627905,0.2600018231748311,0.32784388637010553,0.10999855492003113,0.07999935813087711,0.5827862456650034,0.20000188387777398,0.27605258474124605,1.8800031195874347,1.7999691071980228,1.700000742058123,1.9599999365279857,4.78367208829719,2.068066849222283,0.23999682337992376,0.7500304173257087,0.003000040220407835,0,1.4441933440154569e-5,1.940245817679247,0.700709876622339,2.00002122105978,1.8699847091508195,2.1600035279146246,1.839954506982649,1.9199644039044466,1.2599929996499823,1.6800271278399457,3.6600486671828336,0.4199975027088047
CHN,1.111435792422635,0.9499999769687036,2.209983896940419,0.7789975034968749,3.320035040332883,5.230115804492816,2.8500128839643515,1.0920250103226568,3.5388144473071725,0.2699988127745459,0.610000637554812,0.46999942825802926,0.5836367039894627,0.8392336396460011,0.010184672264454036,0.01,0.01000010911789097,0.029999999999999995,0.0399997079993576,4.07007867629167,3.2101141491903373,4.110121484002132,2.96490542190661,7.040019739843757,3.7600025435584383,6.613623829414558,7.058618515032008,0,1.1299825583868635,6.669992213354098,0.06688133326903603,3.629110337430039,4.890313399893189e-4,0,0,0,0,0,0,0,0,4.0873055515563153e-4,0,0,0.0011074646470953299,0.23999994585235832,0.29000005924837513,0.46995494224278017,0.19999931487140135,0.15999635668093634,0.1700017658484902,0.19000167009964927,0.22000291587695,0.32784388637010553,0.11000054893780535,0.08000133770316366,0.6199946520489337,0.20000181366414566,0.20410242736347614,1.5399892933618844,1.5999839653651888,1.5500004003426935,1.4700014572045517,2.062052191729363,2.1197124155192784,0.24000378143316314,0.6199948899514546,4.1286084074028504e-4,0,1.4441933440154569e-5,1.9950119703727658,0.9053760701353173,2.1100034545723734,2.0500267598095827,2.2699433944755483,2.0999764899494533,2.2900045755168255,2.209940602171093,1.900001959209263,1.469994632313473,0.41999717916169815
CIV,1.4426255608951002,1.1499998837579655,2.4527545723684274,2.4239992315794354,3.3211974117387255,5.230100069957722,2.07800020744736,2.8627524117069982,3.199909420289855,0.4649999425913777,0.4985537854093017,0.4033232628398791,0.5900000999834472,0.987390613134791,0.05999953913865013,0.49101530663100657,0.007690343991469126,0.029999170468685193,0.039999999999999994,4.292437047819758,4.100073001581701,3.8375796287316324,5.193341122391752,5.361164339812026,3.3580129679362587,6.613623829414558,7.058618515032008,0,1.062024111675127,6.425070393158827,0.03000036500346753,0.8200163781001404,4.890313399893189e-4,0,0,0,0,0,0,0,0,4.0873055515563153e-4,0,0,0.0011074646470953299,0.3199965180782958,0.3442737429535229,0.5647726085110902,0.19999760076775433,0.18592760998167548,0.16000223826310786,0.18999949402954866,0.24000463392029658,0.34000010128018154,0.109999241044323,0.11874979404883514,0.28000775644754705,0.1900032821251231,0.2737804255747137,1.6999723125908492,1.486643042115306,1.65403641721924,1.9400012786088734,2.7501768844476175,2.274527440850356,0.2391469122617042,0.5699894148994415,4.1286084074028504e-4,0,1.4441933440154569e-5,1.9799971762804127,0.9211325889534141,1.969964087495919,1.4800034928396788,2.1000034984606772,0.7600052659294364,2.6699564925394927,2.169236810588806,1.8927895094932068,1.525643103795973,0.4199975027088047
CMR,1.442624466312294,1.1499995777419327,3.1999087521861456,1.9633295427685518,3.3211974117387255,4.943909192227425,2.077976448266617,2.8627333390859144,3.4067351152958953,0.46500000692799365,0.4985713680105134,0.4033339913395186,0.5899992472800755,0.9016743181672446,0.059999045133363044,0.49101530663100657,0.007690343991469126,0.029999999999999995,0.039999999999999994,4.292399826759659,4.099861303744799,3.873610927733503,2.5477561422115698,5.361357108664432,3.357992196215318,6.613623829414558,7.058618515032008,0,1.607781361733978,6.42483300048206,0.03000036500346753,0.8200080219265994,4.890313399893189e-4,0,0,0,0,0,0,0,0,4.0873055515563153e-4,0,0,0.0011074646470953299,0.31999960802375377,0.3936359934281662,0.30364317384364464,0.20000611060189433,0.18592760998167548,0.15999586805316438,0.18999980376381015,0.23999958831483112,0.33999948583789447,0.10999928431699985,0.1187513595823363,0.2799919780734006,0.19000315357931255,0.47493750918428634,1.7000094667834236,1.4866804363944497,1.6539654667837285,1.9399847492287963,3.0154033405509617,2.455862354401939,0.2391469122617042,0.5699894148994415,4.1286084074028504e-4,0,1.4441933440154569e-5,1.980034370655779,1.0235064161955554,1.9700186792140542,1.4800279923707067,2.1000033118065904,0.7599901584893282,2.6700650812897475,2.169236810588806,1.8927895094932068,1.525643103795973,0.4199975027088047
COG,1.4426266711605435,1.1499988922613378,3.199977422814246,1.9633371887480089,3.3211974117387255,5.229950985504223,2.2122530329211303,2.57147578518925,3.4067351152958953,0.4649999593985477,0.49856055932551924,0.40334469597645894,0.5900006867660188,1.7785426585863489,0.059999437601934644,0.49101530663100657,0.007690343991469126,0.029999657811591064,0.04891507007657515,4.292414173065666,4.100026838432636,3.414951666513033,4.021776791931197,6.675781017206263,3.358011555910213,6.613623829414558,7.058618515032008,0,1.0619756890943333,6.425070393158827,0.06688133326903603,0.8199939228198115,4.890313399893189e-4,0,0,0,0,0,0,0,0,4.0873055515563153e-4,0,0,0.0011074646470953299,0.3200018521305289,0.39363548171123286,0.5180118632247206,0.2,0.19714666322891153,0.16,0.19000353232073472,0.23999988360961502,0.33999871428112244,0.10999985515852899,0.11874567141208156,0.5827862456650034,0.18999819648056065,0.3256845532054015,1.6999903920061492,1.4867119256701964,1.6540061245943598,1.9400000000000002,3.019936045961206,2.042702632974926,0.2391469122617042,0.5699946466809422,4.1286084074028504e-4,0,1.4441933440154569e-5,1.9800212791110061,0.9264553834503984,1.9699977634115429,1.4799939162786344,2.099998437768509,0.7600129547662744,2.6699516379231683,2.2098917912511293,1.0999773294037634,1.525643103795973,0.4199975027088047
COL,1.7152748975829062,1.1700006823682727,3.119952112593804,2.6749415968820536,3.3211974117387255,3.5799104535721242,2.2122530329211303,2.57147578518925,3.8699490801576877,0.520000459003936,0.4699992712445543,0.45110325619255537,0.40999901906287806,0.4206886519740035,0.010184672264454036,0.6000003046746227,0.007690343991469126,0.48378606022320486,0.1599963500319372,3.979984280284678,3.4899990266692615,3.5951582015384598,5.060516984355567,6.949919361684068,4.779992951719277,6.613623829414558,7.058618515032008,0,0.8300152188092058,6.539353611636332,0.5499954375399215,3.629110337430039,0.0025000165607880287,0,0,0,0,0,0,0,0,0.01220038934176907,0,0,0.0011074646470953299,0.25999912050541624,0.3099997360618671,0.4805781401136916,0.21999935256223496,0.24001240250912298,0.14799250333447947,0.178638180627905,0.25999226491338034,0.3059002196906488,0.10999964235900003,0.08000186557012601,0.5827862456650034,0.19999691919036325,0.32616168447822114,1.880001971407016,1.7999919408458083,1.7000100633994162,1.9599980756741155,1.910107572737202,1.8064704370026248,0.24000670972070792,0.7499954375399215,0.0029999698349974357,0,1.4441933440154569e-5,1.9399994640758562,0.6972545275630222,2.000042231513155,1.8700514579759866,2.159999278551331,1.8400338552687259,1.9200143754000967,1.259988939582469,1.6800677105374522,1.525643103795973,0.4199975027088047
CPV,1.4426250668212333,1.150000408277492,2.4527545723684274,2.4240011506618275,3.510019345183779,5.229949386801636,2.2122530329211303,2.57147578518925,3.2024502499619616,0.4649961559269911,0.49857163860502596,0.4033321098574917,0.5836367039894627,1.1036247557401464,0.010184672264454036,0.49101530663100657,0.007690343991469126,0.03000094804702313,0.03999927001970947,4.2924093741864535,4.099939167463283,3.8194643914067488,4.021776791931197,5.361170931123846,3.358024691358025,6.613623829414558,7.058618515032008,0,1.0619955643962777,6.539353611636332,0.030000000000000002,0.819996880361878,4.890313399893189e-4,0,0,0,0,0,0,0,0,4.0873055515563153e-4,0,0,0.0011074646470953299,0.3199996404281987,0.39363627188049716,0.44605938507164267,0.19999934118639154,0.19714285714285715,0.1600034435261708,0.19000417536534447,0.23999792613587267,0.32784388637010553,0.1099997483254655,0.11874847076094935,0.2800072197822033,0.18999620404706982,0.24912255604919814,1.7000123400929623,1.4866561348077938,1.6540010838785963,1.9400014620417412,2.318609927726396,1.9222522047380006,0.2391469122617042,0.5700143789403826,4.1286084074028504e-4,0,1.4441933440154569e-5,1.979997500963066,1.0193965470479365,1.9700146425312481,1.4800051227867959,2.0999989940751025,0.7599747531671249,2.669958777052559,2.2099800059556727,1.0999256136870816,1.525643103795973,0.4199975027088047
CRI,1.7152756024770315,1.1699999334751052,3.1200082783793186,2.4900045187211672,3.3211974117387255,3.58002634612218,2.2122530329211303,2.57147578518925,3.8699466712540853,0.5199968028367558,0.470001321527686,0.39999662036567646,0.4099937277859084,0.5599958290972603,0.010184672264454036,0.5999967117161553,0.007690343991469126,0.48379321426931726,0.16000175200385441,3.980005234231877,3.4900171551629744,3.6154646324549238,3.6883596416636735,6.950041145708901,4.780113278791693,7.050019312475859,7.058618515032008,0,0.8299991900866607,6.539353611636332,0.5499872248786364,3.629110337430039,0.002500027820126192,0,0,0,0,0,0,0,0,0.012200046928772551,0,0,0.0011074646470953299,0.259999391127292,0.3099984069457167,0.6038247627163287,0.2200032435187545,0.24000035055738628,0.20999582114500626,0.178638180627905,0.26000372448148235,0.30589824954927713,0.10999841402904592,0.07999958373040002,0.5827862456650034,0.19999655118897758,0.28388841165759965,1.8799973917201607,1.799995365972335,1.699997730522207,1.96,2.318609927726396,1.9841735520167485,0.23999887722449895,0.6206345016366591,0.003000040220407835,0,1.4441933440154569e-5,1.9670084616329817,0.6976175531133237,1.9999829208724018,1.8699964715568274,2.160013986766367,1.83999417631215,1.9199525775006587,1.25999464811346,1.6799761112533063,1.525643103795973,0.4199975027088047
CUB,1.715274990858906,1.1699999311861895,2.4527545723684274,2.674945372569102,3.3211974117387255,4.943909192227425,2.2122530329211303,2.57147578518925,3.4067351152958953,0.519999103304882,0.470000851504215,0.4000009327401106,0.4099987822431082,0.5600011593026794,0.010184672264454036,0.49101530663100657,0.007690343991469126,0.48379404321588476,0.16000112309074574,3.9800021993603134,3.0542566087640513,3.644323355500333,4.021776791931197,6.949986662242435,4.7800871945655485,6.613623829414558,7.058618515032008,0,0.8299959736948062,6.539353611636332,0.5499954375399215,3.629110337430039,0.0024999868515859615,0,0,0,0,0,0,0,0,0.012199835751437174,0,0,0.020000214707461085,0.25999981700170605,0.3099997173823958,0.49057105739128487,0.21999947436661177,0.2400018696830887,0.2100057892705519,0.178638180627905,0.2599997428132374,0.3058996534117622,0.11000033796343237,0.07999930177349533,0.5827862456650034,0.19999572681530228,0.22929841385131947,1.8800045684857547,1.8000072976720425,1.7000000000000002,1.9600024169752226,2.210011420690844,1.9989124654169979,0.2400051092093499,0.6206345016366591,0.003,0,1.4441933440154569e-5,1.9448830337452776,0.6998123273739197,1.999966971628629,1.869979042961928,2.1599943113133753,1.8400135639199728,1.9199323805132933,1.259992534114947,1.6800042319085906,1.525643103795973,0.4199975027088047
CYP,1.111434886623055,0.950000710116317,2.20995411408906,0.7789782185819377,3.320010949904188,5.229870793488576,2.2122530329211303,2.57147578518925,3.6357979582148885,0.44798211707286584,0.6100008397870628,0.47000574537835005,0.5836367039894627,0.9713832804939094,0.010184672264454036,0.49101530663100657,0.009999952473967615,0.019999858937375246,0.040000579374275785,4.069986270635904,3.20992160472276,3.297695774447503,4.4148934118244245,7.039875901085865,3.760066157180335,6.600011265701571,7.058618515032008,0,1.1299874969839214,6.669911068624895,0.030000284416803344,3.629110337430039,4.890313399893189e-4,0,0,0,0,0,0,0,0,4.0873055515563153e-4,0,0,0.0011074646470953299,0.23999974756133735,0.28999907712185063,0.4335377676081775,0.2,0.16000126242037546,0.0800002077468812,0.18999712185038856,0.21999798000202,0.33999064108563404,0.11000075889807998,0.07999999999999999,0.6200106961404761,0.19999999999999998,0.21442714700795545,1.5399911336054821,1.8000051584947512,1.5500010467352328,1.4700017317516667,2.6057436634572264,2.132031798502223,0.23999807840122983,0.6206345016366591,4.1286084074028504e-4,0,1.4441933440154569e-5,1.9800093232006768,0.8150624979315713,2.1100027428505435,2.040029554937413,2.2799895194981,2.1000294354787106,2.1900030416708915,2.2099754016852464,1.9000566786321555,1.4700028815675728,0.4199975027088047
CZE,1.1114355745026465,0.9499983484177842,2.210078069552875,1.898917138493594,3.319999311970002,5.230036927148925,2.2122530329211303,2.57147578518925,3.575508392426483,0.44798211707286584,0.609999683791676,0.45110325619255537,0.5836367039894627,1.2051291251780532,0.010184672264454036,0.49101530663100657,0.010000010977442454,0.019999816582753276,0.04,4.069994632313473,3.2099908750266954,3.887353567539613,4.201690019425676,7.0401509527344714,3.7599881621781592,6.613623829414558,7.058618515032008,0,1.12998266897747,6.539353611636332,0.030000553036168564,6.419789849831965,4.890313399893189e-4,0,0,0,0,0,0,0,0,4.0873055515563153e-4,0,0,0.0011074646470953299,0.2400006068053217,0.28999770793475566,0.39481846926447967,0.19999878398015458,0.16000083584085592,0.08000077817983735,0.1900006541220592,0.21999689817556325,0.33999395274502187,0.11000096070708042,0.08000163585800753,0.6199862479944992,0.1999988608597092,0.2082553196143119,1.5399973508764182,1.7999962927950472,1.5499991122541896,1.470000299025178,2.5207994530329385,2.0254611688841355,0.24000258972311544,0.6199966411017186,4.1286084074028504e-4,0,1.4441933440154569e-5,1.9799979572942714,0.5850544759249484,2.109995532460203,2.0399980885023417,2.2800000000000002,2.100035423308537,2.18998083766767,2.2100154850127196,1.900021159542954,1.4700085168511985,0.4199975027088047
DEU,1.111435457997288,0.9499927960810682,2.2099955389128465,0.7789988830624722,3.32,5.230041152263374,2.849965372876696,2.57147578518925,3.5715031967203807,0.44798211707286584,0.6099997246582319,0.45110325619255537,0.5836367039894627,1.2051291251780532,0.010184672264454036,0.49101530663100657,0.010000405555517088,0.01999992641133854,0.04,4.070153666459832,3.2100041126876415,3.978235181650353,4.468261038776089,7.0400926998841244,3.759982379409081,6.613623829414558,7.058618515032008,0,1.1299473581594852,6.539353611636332,0.029999999999999995,6.419789849831965,4.890313399893189e-4,0,0,0,0,0,0,0,0,4.0873055515563153e-4,0,0,0.0011074646470953299,0.23999898402377387,0.28999848592996347,0.45771516665317313,0.19999999999999998,0.16000293987946493,0.07999630245886485,0.19000499512380772,0.22000188258223838,0.3400044923629829,0.10999979084311141,0.08000041731001961,0.6199817684594348,0.19999809978052466,0.19923431511362463,1.5399989407442716,1.8,1.5499989274299075,1.469997022275302,2.621285349454223,2.5737590990929746,0.24000374817611073,0.6200004555393587,4.1286084074028504e-4,0,1.4441933440154569e-5,1.980234020674209,0.581760841600996,2.110007040128734,2.040001404790335,2.2800043036204207,2.1000208811860515,2.190004594415233,2.2099800059556727,1.899945841782435,1.4699613110446017,0.4199975027088047
DJI,1.4426266239631327,1.1499999178667701,3.2000219002080517,1.9633251299675263,3.3211974117387255,4.943909192227425,2.2122530329211303,2.862762438415016,3.1999933023006597,0.44798211707286584,0.4985702920332478,0.45110325619255537,0.5836367039894627,1.7900012648621302,0.010184672264454036,0.49101530663100657,0.007690343991469126,0.029999223421604406,0.04000024333268445,4.292431457280108,4.099993935626677,4.8184223217745465,4.021776791931197,6.675781017206263,3.357963144306953,6.613623829414558,7.058618515032008,0,1.607781361733978,6.425173064820642,0.06688133326903603,0.819996880361878,4.890313399893189e-4,0,0,0,0,0,0,0,0,4.0873055515563153e-4,0,0,0.0011074646470953299,0.31999967536947016,0.39363661735975436,0.3371507135227,0.1999958218870447,0.19713763598790843,0.15999586805316438,0.19000115433452613,0.23999830179867823,0.32784388637010553,0.11000202778059415,0.11875111826802649,0.279990918722567,0.19000043800096358,0.21835017020203087,1.7000039300451955,1.4866685110577005,1.6539798225191482,1.939995890129461,2.200766357517469,2.758506457046603,0.2391469122617042,0.5699832104533178,4.1286084074028504e-4,0,1.4441933440154569e-5,1.9967768292302501,0.9210038116417489,1.9699516170104405,1.4799978654903148,2.0999671520858425,0.7600220796246463,2.6699029126213594,2.169236810588806,1.1000317393144308,1.525643103795973,0.4199975027088047
DMA,1.7152755691595551,1.1699997028496716,3.1200008984625063,2.6749408613589996,3.3211974117387255,3.58005644402634,2.2122530329211303,2.57147578518925,3.4067351152958953,0.5199965868290987,0.470001627306198,0.40000280467539384,0.41000048444003245,0.4511956601963244,0.009999999999999998,0.49101530663100657,0.007690343991469126,0.48379714567119214,0.04891507007657515,3.9799913727311944,3.489916963226572,3.414951666513033,4.021776791931197,6.950358924443363,4.779944289693594,6.613623829414558,7.058618515032008,0,0.8299975081942075,6.539353611636332,0.5500052143080614,3.629110337430039,0.002500087740848629,0,0,0,0,0,0,0,0,0.012200240902288571,0,0,0.02000027239049902,0.2600035637090464,0.3100012706195391,0.44633601470226547,0.21999982078478342,0.24000167936100314,0.2099998106022896,0.178638180627905,0.2599991901850427,0.30589900278491244,0.11000276772047153,0.07999758764876166,0.5827862456650034,0.19999423697556476,0.24652311435182556,1.880001818843216,1.8000257449958164,1.6999999999999997,1.960000445594739,2.318609927726396,2.215305645980941,0.2391469122617042,0.7500091250866884,0.003000035096339452,0,1.4441933440154569e-5,1.9967768292302501,0.700368754776413,1.9999614167759856,1.8700262174891533,2.1600004400553003,1.8399833748960932,1.9199786795207525,1.2600376064594623,1.6799441393975942,1.525643103795973,0.4199975027088047
DNK,1.1114347736672532,0.9500023101242847,2.2100556620129574,0.7790014213011783,3.320001339450156,5.230004023624423,2.2122530329211303,2.57147578518925,3.4067351152958953,0.44798211707286584,0.609999975552573,0.45110325619255537,0.5836367039894627,1.2051291251780532,0.010184672264454036,0.49101530663100657,0.009999672606064575,0.02,0.0399995320542817,4.070080862533693,3.210027375038021,4.167069200059531,4.550584420152696,7.040394208541185,3.7600375430180417,6.613623829414558,7.058618515032008,0,1.1300153971560545,6.539353611636332,0.03,3.629110337430039,4.890313399893189e-4,0,0,0,0,0,0,0,0,4.0873055515563153e-4,0,0,0.0011074646470953299,0.23999968967229396,0.29,0.5085962567490716,0.2000003997050177,0.16000050990490272,0.07999927507339881,0.1899992732029944,0.2200010837269369,0.33999853512048633,0.10999905627107869,0.07999891563652137,0.6199863780838505,0.2,0.22176812470195395,1.5400008269804548,1.800009654373431,1.55,1.4700015611813393,3.0969489125798284,2.615792715719677,0.23999852172145536,0.6199999271458285,4.1286084074028504e-4,0,1.4441933440154569e-5,1.9800020723241116,0.5796829950513515,2.1099873577749686,2.0399661428624003,2.279995615163907,2.1000052898857384,2.189974547511312,2.210043136821148,1.90006373486297,1.4700085168511985,0.4199975027088047
DOM,1.7152744303460292,1.1699995791870337,3.1200116799688535,2.674944937030553,3.3211974117387255,3.580064787918422,2.2122530329211303,2.57147578518925,3.4067351152958953,0.5200008494056815,0.47000353940537987,0.40000323928606135,0.41000204540805896,0.56,0.010184672264454036,0.49101530663100657,0.007690343991469126,0.483810624610284,0.15999826192752237,3.9799902232361086,3.4900406716028782,3.996717167863052,4.604588753847033,6.675781017206263,3.699505803921396,6.613623829414558,7.058618515032008,0,0.8299981282012014,6.539353611636332,0.5499883863689152,3.629110337430039,0.0025,0,0,0,0,0,0,0,0,0.012199980789549515,0,0,0.020000280772686434,0.2599998160953362,0.3099990122121768,0.47736244952409773,0.21999796147181735,0.2399960037298521,0.21000000000000002,0.178638180627905,0.26000039187768187,0.3058999476172274,0.10999969734572197,0.08000044870548467,0.5827862456650034,0.20000481324605315,0.26712513444086367,1.8799964898424817,1.799995365972335,1.7000029466364144,1.9600004067686299,2.318609927726396,1.9371559467492505,0.2399994303698324,0.6206345016366591,0.0030000470965007298,0,1.4441933440154569e-5,1.940003957663695,0.698185194779719,2,1.8700081499592502,2.1599906620236173,1.8399985893638033,1.9199875541514084,1.2600376064594623,1.680014811680068,1.525643103795973,0.4199975027088047
DZA,1.3870284781090205,0.9499965727602988,2.2100004630600645,0.778999802285812,3.3211974117387255,4.943909192227425,2.2122530329211303,1.091972003289012,4.2885737547319955,0.44798211707286584,0.6100005053731729,0.45110325619255537,0.5836367039894627,1.2051291251780532,0.010184672264454036,0.49101530663100657,0.009999931571060033,0.01999932409597837,0.039998957138387733,4.070017197206331,3.210022689158528,2.9418070085478707,4.816933045043321,6.675781017206263,3.760055030673985,6.613623829414558,7.058618515032008,0,1.1299961895593928,6.670012470724214,0.030000259787493832,3.629110337430039,4.890313399893189e-4,0,0,0,0,0,0,0,0,4.0873055515563153e-4,0,0,0.0011074646470953299,0.24000041191180282,0.29000033819774423,0.43234725270878044,0.2000003683790768,0.16000000000000003,0.08000068868151923,0.1900006541220592,0.22000487448208628,0.32784388637010553,0.11000117771047045,0.0800025259967162,0.6200003991033478,0.1999990320441775,0.19414633359548333,1.5400115141047783,1.7999987055770212,1.5632824116232011,1.4699967387759538,2.259949123333995,2.651940404989832,0.24000058093937898,0.6206345016366591,4.1286084074028504e-4,0,1.4441933440154569e-5,1.9800023720279873,0.7315512265798293,2.110065784819976,2.0399906290265903,2.279987544114594,2.1,2.1900048180105998,2.2100402328250075,1.9000211595429537,1.525643103795973,0.4199975027088047
ECU,1.7152754850930616,1.170000180693106,3.119981282171268,2.6749562543082877,3.3211974117387255,3.57998866291529,2.2122530329211303,2.57147578518925,2.4719714122043706,0.5200078729428153,0.47000095526025676,0.40000460861349857,0.5836367039894627,0.4199973961723733,0.010184672264454036,0.49101530663100657,0.007690343991469126,0.4838110820930745,0.16000104286161226,3.979925262883462,3.4900620499717956,3.7393396650794224,3.1000753992734253,6.675781017206263,4.779896653543307,7.050086180675251,7.058618515032008,0,0.8300053567800211,6.290104755995182,0.5499927000194667,3.629110337430039,0.0024999650383878505,0,0,0,0,0,0,0,0,0.012199916571071018,0,0,0.0011074646470953299,0.25999741926402103,0.31000447127207686,0.5624696827118909,0.21999659342531086,0.2400040987806128,0.21000315647507817,0.178638180627905,0.25999985389572994,0.30589957371043125,0.11000474158368896,0.08,0.5827862456650034,0.20000204674771788,0.250222816441264,1.8799995620821535,1.799939649969825,1.7000020873776274,1.9599968501456808,1.056396064659371,1.9962642435403188,0.23998961798919324,0.75,0.0030000088807580613,0,1.4441933440154569e-5,1.945329059187433,0.6985788918021733,2.000029270148839,1.8699379810029764,2.16002739413309,1.8400119024003174,1.9200339331160423,1.259988939582469,1.6800677105374522,1.525643103795973,0.4199975027088047
EGY,1.0799998228818888,0.9499993533284186,2.210013593112823,0.7789979206543742,3.3211974117387255,5.230134686279519,2.2122530329211303,1.0919711859853432,3.4067351152958953,0.26999652385504475,0.6100004217214671,0.46999819592278547,0.5836367039894627,0.8388096161709355,0.010184672264454036,0.49101530663100657,0.010000038166627864,0.02,0.04000060834651418,4.069943128766659,3.2099644128113876,3.930008118703541,3.86844907161111,7.039959374107341,3.7600769260960005,6.613623829414558,7.058618515032008,0,1.1299922790762966,6.669957884885354,0.03000007464190546,3.629110337430039,4.890313399893189e-4,0,0,0,0,0,0,0,0,4.0873055515563153e-4,0,0,0.0011074646470953299,0.2400001189817036,0.29000033436461875,0.34508290300075367,0.20000076650672224,0.16,0.07999449073755252,0.1899986917844061,0.21999858833494107,0.32784388637010553,0.11000199640646835,0.08,0.62,0.19999999999999998,0.2141650611178961,1.5399978493152024,1.7999884868894453,1.5500487581024494,1.469997323844545,2.189159917644058,2.579206383186344,0.24000103321795732,0.6199995133346311,4.1286084074028504e-4,0,1.4441933440154569e-5,1.9799963139933137,0.9299225208387499,2.1099951807228914,2.040022234574764,2.2799959299959305,2.099997991201463,2.1899840096405643,2.2099067783220097,1.8999471019421141,1.525643103795973,0.4199975027088047
ESP,1.1114353825298255,0.95,2.2100076318147126,0.7789932969184057,3.3199643493761144,5.229947476186236,2.2122530329211303,2.57147578518925,3.4067351152958953,0.44798211707286584,0.6099997724756765,0.47000300999635636,0.5836367039894627,1.2051291251780532,0.010184672264454036,0.49101530663100657,0.010000031223265078,0.01999922342160441,0.0399995320542817,4.070051248018287,3.2100092036846206,3.3401985618979815,4.381211933297696,7.0401868817753765,3.759962212298179,6.6,7.058618515032008,0,1.129995320542817,6.6699111814089305,0.030000233974683942,6.4199812821712685,4.890313399893189e-4,0,0,0,0,0,0,0,0,4.0873055515563153e-4,0,0,0.0011074646470953299,0.24000035517196983,0.2900001645401377,0.5238137639434894,0.19999966723015694,0.15999999999999998,0.08000068868151923,0.19000662300390023,0.2199978034736495,0.3400040621751753,0.10999880417513709,0.07999891357488186,0.620005793613655,0.19999999999999998,0.22200680420190397,1.5400002964265775,1.8000034073872155,1.550001186127058,1.4700000426044983,2.403961386080595,2.1391186900739183,0.2399954853273138,0.6200042014600073,4.1286084074028504e-4,0,1.4441933440154569e-5,1.9809679759283705,0.737026991404143,2.1100225704098654,2.0400027152699995,2.280005458639434,2.099959100204499,2.1900093857545104,2.209987091514369,1.90000749007565,1.4700341457671022,0.4199975027088047
EST,1.1114358776471671,0.9499948899887579,2.209986921888004,0.779000523075685,3.3200011946233414,5.2300149084926995,2.2122530329211303,2.57147578518925,3.4067351152958953,0.44798211707286584,0.6100001707752343,0.4699989861097029,0.5836367039894627,1.2051291251780532,0.010184672264454036,0.49101530663100657,0.009999946433832391,0.020000335632415378,0.04,4.069859113803927,3.2100052023024386,3.414951666513033,4.537068347232535,7.0399795600545065,3.7599107776538583,6.613623829414558,7.058618515032008,0,1.1300109187334269,6.539353611636332,0.029999170468685193,3.629110337430039,4.890313399893189e-4,0,0,0,0,0,0,0,0,4.0873055515563153e-4,0,0,0.0011074646470953299,0.239998964349903,0.28999742614067187,0.4237673001340093,0.2000006513512281,0.1600015557543464,0.08000220970058557,0.19000662300390023,0.21999776090406792,0.33998736576121286,0.11000150812749579,0.07999834526124187,0.6199987967029662,0.20000298467370056,0.1892981962536866,1.5400000000000003,1.7999810856818614,1.550000219858499,1.470003021988708,2.318609927726396,2.3832344083757757,0.24000575208513084,0.6199991075810986,4.1286084074028504e-4,0,1.4441933440154569e-5,1.9804301138567402,0.5773375614562364,2.1099522947853266,2.0400068141314605,2.280009898317286,2.100009521693592,2.1899906656135566,2.2099800059556727,1.8999671664660174,1.525643103795973,0.4199975027088047
ETH,1.4426266248319137,1.1499975170084917,3.199996448926688,1.9633294470246985,3.3211974117387255,5.22980510984092,2.0779747272178373,2.862736373393809,3.19999920013651,0.44798211707286584,0.49856938483547925,0.40333701528980875,0.5900006020107158,1.7899993477337275,0.010184672264454036,0.49101530663100657,0.007690343991469126,0.029999270019709465,0.03999917046868519,4.2923961154786285,4.100026353933324,4.197467613262095,2.1609379849456842,5.361252521371626,3.3580194667795173,6.613623829414558,7.058618515032008,0,1.607781361733978,6.424856282507527,0.06688133326903603,0.8199968803618779,4.890313399893189e-4,0,0,0,0,0,0,0,0,4.0873055515563153e-4,0,0,0.0011074646470953299,0.3199972064438029,0.3936390031885142,0.5844179091266196,0.19999432076328943,0.19714569227177212,0.15999894386650473,0.18999781133727292,0.24000544744726568,0.32784388637010553,0.10999766772914561,0.11875205795192624,0.28000246047856303,0.19,0.2791144884833651,1.6999900963483823,1.486665869409232,1.6539994837525454,1.939969313387035,3.0199992322751523,2.7869226604035378,0.20999706639720983,0.6206345016366591,4.1286084074028504e-4,0,1.4441933440154569e-5,1.9800183662856954,0.9351030666946817,1.9700190139888631,1.9871922868925984,2.10003711952487,1.9678892957376608,2.2444296988006567,2.169236810588806,1.8927895094932068,1.525643103795973,0.4199975027088047
FIN,1.1114354938402669,0.9499951333463112,2.2100013372875087,1.898917138493594,3.320003049142765,5.2300060367571435,2.2122530329211303,2.57147578518925,3.351973871593876,0.44798211707286584,0.610000488782443,0.47000300999635636,0.5836367039894627,1.2051291251780532,0.010184672264454036,0.49101530663100657,0.01,0.019999535029699977,0.03999864819195674,4.069896888402226,3.2099898063200816,3.414951666513033,4.877055515580974,7.039783925834002,3.7600198447854285,6.613623829414558,7.058618515032008,0,1.1300085401092665,6.669860388721598,0.030000000000000002,3.629110337430039,4.890313399893189e-4,0,0,0,0,0,0,0,0,4.0873055515563153e-4,0,0,0.0011074646470953299,0.2399999143186404,0.2899995627268355,0.3804430448065349,0.20000076650672224,0.16,0.08000068868151923,0.18999864663689267,0.2200010142969769,0.3400071994240461,0.1099992211065951,0.07999908441677347,0.6200196095908727,0.20000337572683619,0.195345530507241,1.5399978893832575,1.8000159795461808,1.55,1.4700008224152439,2.4288340336404897,2.56623348585626,0.24000232504068822,0.6200002166166643,4.1286084074028504e-4,0,1.4441933440154569e-5,1.9799941869564248,0.5799909125938075,2.109996921317676,2.040016291619998,2.2800005019429377,2.1000297560007932,2.189985089463221,2.2100154850127196,1.9000064119004876,1.4700149651421688,0.4199975027088047
FJI,1.111435362282492,0.9500003552120261,2.2100556620129574,0.7790087687051482,3.3200511011071905,5.230003128584836,2.2122530329211303,2.57147578518925,4.289154807642528,0.27000022520662714,0.6100003251668286,0.4700004723095412,0.5500019204424699,0.8400000706799321,0.010184672264454036,0.49101530663100657,0.010000320010240328,0.02,0.04,4.069994632313473,3.209999637267171,4.240014227982531,4.021776791931197,7.039995507700083,3.759915646037797,6.613623829414558,7.058618515032008,0,1.1299996652196718,6.670073365696974,0.0299990875079843,6.419872905834778,4.890313399893189e-4,0,0,0,0,0,0,0,0,4.0873055515563153e-4,0,0,0.0011074646470953299,0.2399979755548245,0.28999903699402063,0.5457079601418475,0.2000007425448497,0.18592760998167548,0.07999955770804308,0.18999462076385154,0.2199982219851536,0.32784388637010553,0.10999798045323526,0.0800003948784268,0.6199871201920263,0.19999999999999998,0.11849473458214438,1.5399965525928478,1.8000035715242373,1.549991271167419,1.47000021084542,2.318609927726396,2.449072340984468,0.24000290883234623,0.6200094326081163,4.1286084074028504e-4,0,1.4441933440154569e-5,1.9800040087428774,0.5767695838078155,2.110046686473049,2.040016931492576,2.280001186629425,2.099995616150103,2.189987283944803,2.210065443819707,1.8999758506882554,1.4700395417215857,0.4199975027088047
FRA,1.1114353764213496,0.9500006437409072,2.210078069552875,0.77899763705284375,3.319923827660081,5.22980510984092,2.2122530329211303,2.57147578518925,3.583789382420799,0.44798211707286584,0.6100001338467098,0.45110325619255537,0.5836367039894627,1.1500405515004055,0.010184672264454036,0.49101530663100657,0.01000005266955647,0.020000293173456075,0.04000125865324103,4.069964819700967,3.209909140327716,3.728750670670839,4.0971774649596195,7.040394208541185,3.760002780964299,6.613623829414558,7.058618515032008,0,1.129993356814279,6.539353611636332,0.030000000000000002,3.629110337430039,4.890313399893189e-4,0,0,0,0,0,0,0,0,4.0873055515563153e-4,0,0,0.0011074646470953299,0.24000047049690354,0.29000201340351484,0.5098862118844149,0.19999958877859017,0.16000050990490272,0.08000026744761368,0.18999775734469615,0.2200015208354456,0.3400122517739547,0.11000144668949222,0.07999944519958943,0.6199981124952813,0.19999999999999998,0.1949604420151531,1.5399994413308515,1.8000056170308374,1.5499994001682955,1.4700022436616558,2.1663283120569377,2.1763426093203417,0.24000037108677402,0.6200016325959441,4.1286084074028504e-4,0,1.4441933440154569e-5,1.9799966810532126,0.6270477945401076,2.1100003867125565,2.0399974337118607,2.2799937876944583,2.1000091555528426,2.1900196121159294,2.2099746109951988,1.9000000000000001,1.4700003476205374,0.4199975027088047
GAB,1.4426255406,1.15000328536,2.70182725666,1.96332971747,3.51004766549,5.2299778185,2.07796517855,2.86274068612,3.20658728288,0.459331181593,0.498571823786,0.403324869906,0.583636703989,1.595008131,0.0101846722645,0.491015306631,0.00769034399147,0.0299999079925,0.0429718928077,4.2923892666,4.0999520999,3.92446859057,4.41439927059,5.79941375732,3.35797808318,6.61362382941,7.05861851503,0,1.06199036605,6.53935361164,0.0299998783411,2.69273918507,0.000489031339989,0,0,0,0,0,0,0,0,0.000408730555156,0,0,0.0011074646471,0.320000114583,0.393635283958,0.534224143676,0.200002997057,0.197143988353,0.160000366288,0.190000735731,0.240000463358,0.32784388637,0.110001264381,0.118751278338,0.280001031443,0.189999094187,0.286367571749,1.69999944567,1.48666639252,1.65401399061,1.94000206588,2.86697781485,2.73257720108,0.20999899162,0.586873401984,0.00041286084074,0,1.44419334402e-05,1.99680221389,0.923659487473,1.96999668445,1.47998136414,2.10000955137,0.759994037892,2.67000011048,2.19644039168,1.36426963525,1.5256431038,0.419997502709
GBR,1.1114356087262491,0.9500013301763814,2.2100323287099806,0.779002042533455,3.319950052828739,5.2300079126040115,2.2122530329211303,2.57147578518925,3.654168074881691,0.44798211707286584,0.6099997345630305,0.45110325619255537,0.5836367039894627,1.2051291251780532,0.010184672264454036,0.49101530663100657,0.009999540703510994,0.019999311342194064,0.040000579374275785,4.069942513003011,3.209989434252233,4.170152568042035,5.028423958523376,7.039905912888313,3.759997606558031,6.613623829414558,7.058618515032008,0,1.1300576120786703,6.670012470724214,0.030000000000000002,6.41974730931212,4.890313399893189e-4,0,0,0,0,0,0,0,0,4.0873055515563153e-4,0,0,0.0011074646470953299,0.24000014248616994,0.29000122234445663,0.5586306720819496,0.19999999999999998,0.15999792061965534,0.0800004290832636,0.18999864663689267,0.22000059875309666,0.33999978402427566,0.10999989616353945,0.07999842274403107,0.6199946520489337,0.2,0.18549395224437798,1.5400038432239158,1.7999940589353611,1.5500002149160323,1.469998767456366,4.757502671501508,2.590178104326579,0.24000140044580862,0.6199997718743941,4.1286084074028504e-4,0,1.4441933440154569e-5,1.9852089979616927,0.5807744278933867,2.1100173859685007,2.040017708137694,2.2800007235628232,2.1000462871123453,2.1900167965890005,2.2099800059556727,1.8999812417932844,1.4700149651421688,0.4199975027088047
GEO,3.3690700573856507,0.9500053008617687,2.2100036577868054,2.100001029982799,3.3200214707461084,5.2299467536928885,2.2122530329211303,2.57147578518925,4.249076340133612,0.2700028968713789,0.6100004107315128,0.45110325619255537,0.5836367039894627,1.2051291251780532,0.010184672264454036,0.49101530663100657,0.01,0.020000317389786394,0.04000058872012245,3.8451719240255797,3.0542566087640513,3.414951666513033,2.8996601864986737,6.675781017206263,3.759965421189127,6.613623829414558,7.058618515032008,0,1.1300085401092665,6.670073365696974,0.03000052143080613,6.4199812821712685,4.890313399893189e-4,0,0,0,0,0,0,0,0,4.0873055515563153e-4,0,0,0.0011074646470953299,0.24000036360248247,0.2899979722194059,0.35382597422494533,0.19999889652737163,0.16000592066311425,0.08000153039752077,0.178638180627905,0.21999317227945456,0.32784388637010553,0.11000066484941161,0.07999828237718996,0.6199946520489337,0.2,0.2194539512370508,1.5400066956812857,1.799989346969213,1.5500060929965358,1.47,2.318609927726396,2.3075339147033542,0.24000000000000002,0.6199995133346311,4.1286084074028504e-4,0,1.4441933440154569e-5,1.9825903914958027,0.5936630042308356,2.1099860546898683,2.0400353479079416,2.2799944640509304,2.10003208961755,2.1900048180105993,2.169236810588806,1.9000203458799594,1.525643103795973,0.4199975027088047
GHA,1.442625648173017,1.1500001067251806,3.199935112336767,2.4240002515270263,3.3211974117387255,5.229947987955105,2.0779814423909246,2.862734083380146,3.4067351152958953,0.4650000725031591,0.49856808610201214,0.40333191439959754,0.5899998971106382,0.8801136818977426,0.059998146317350474,0.49101530663100657,0.007690343991469126,0.030000598372427,0.04891507007657515,4.292414173065666,4.100083950797532,3.8392613517852405,5.090004199916002,5.361170931123846,3.357999082513912,6.613623829414558,7.058618515032008,0,1.0619968965182816,6.539353611636332,0.06688133326903603,0.819996880361878,4.890313399893189e-4,0,0,0,0,0,0,0,0,4.0873055515563153e-4,0,0,0.0011074646470953299,0.3200007917708615,0.393633701491849,0.3994887967065727,0.1999995461106219,0.19714612618502778,0.15999954088425694,0.178638180627905,0.2399993800948455,0.3399998545237342,0.10999895115896935,0.11874925449433416,0.5827862456650034,0.18999902666926222,0.26530526490713396,1.7000545553737043,1.486683502121788,1.6539593908629442,1.939998850690304,2.3734755530257274,2.4928829959461085,0.20999761230685268,0.5699894148994415,4.1286084074028504e-4,0,1.4441933440154569e-5,1.979957915071234,0.92111588534411315,1.970014882319437,1.4800050222863959,2.0999978854966215,0.7600007741286214,2.6699342997184274,2.2099067783220097,1.8927895094932068,1.525643103795973,0.4199975027088047
GIN,1.4426268870071168,1.1500001515780793,2.4527545723684274,2.423995075842223,3.3211974117387255,4.943909192227425,2.0779749191614267,2.8627639732868055,3.4067351152958953,0.46499972055568106,0.4985493682732802,0.4033347008146282,0.5900136177939175,0.8800146428648334,0.010184672264454036,0.49101530663100657,0.007690343991469126,0.03,0.04,3.8451719240255797,4.099943590934731,3.8399519590099325,5.089922480620155,6.675781017206263,3.3580174191105314,6.613623829414558,7.058618515032008,0,1.0619897764553292,6.424856282507527,0.06688133326903603,3.629110337430039,4.890313399893189e-4,0,0,0,0,0,0,0,0,4.0873055515563153e-4,0,0,0.0011074646470953299,0.3199951443989539,0.39363504174848973,1.3493737217367532,0.2042089053135837,0.18592760998167548,0.16000918273645548,0.19000063401036096,0.24000151578309145,0.33999980889224385,0.10999695832910879,0.11875146507266761,0.2799935825445211,0.20415663792048608,0.21473658584045535,1.7000053982563632,1.4866771985255398,1.653978524229075,1.9399918858112344,3.0200196684461926,2.6847900136215537,0.2391469122617042,0.6206345016366591,4.1286084074028504e-4,0,1.4441933440154569e-5,1.980011191941802,0.9637274807384704,1.9699444800341663,1.4799954621086069,2.100014729709825,0.7599928409497674,2.2444296988006567,2.169236810588806,1.8927895094932068,1.525643103795973,0.4199975027088047
GMB,1.4426260882664166,1.1500000537713622,2.4527545723684274,2.424,3.3211974117387255,5.230134686279519,2.0779764720679053,2.862737763091583,3.2000298663480926,0.4649975950368082,0.4985767194147715,0.40332556017438914,0.5836367039894627,1.2051291251780532,0.010184672264454036,0.49101530663100657,0.007690343991469126,0.030000000000000002,0.04891507007657515,3.8451719240255797,3.0542566087640513,3.834878544044885,4.021776791931197,5.361170931123846,3.3580119078436446,6.613623829414558,7.058618515032008,0,1.0619976836415963,6.424972565484995,0.03000036500346753,3.629110337430039,4.890313399893189e-4,0,0,0,0,0,0,0,0,4.0873055515563153e-4,0,0,0.0011074646470953299,0.3199996129544157,0.3442737429535229,0.5656722154466578,0.19999680500974473,0.18592760998167548,0.14799250333447947,0.178638180627905,0.26811568536182057,0.32784388637010553,0.11000021345172789,0.08723943428751489,0.28000267403511897,0.20415663792048608,0.35207673285797353,1.6999971641664067,1.4866995666827154,1.6540059531191864,1.9400039864460834,3.0200376014248964,2.698025184240659,0.21,0.5700146003163402,4.1286084074028504e-4,0,1.4441933440154569e-5,1.9799777016982747,0.9214204810726048,1.9700033818058846,1.4799960322708636,2.09999835576346,0.760015524602182,2.6699852609916848,2.2100556187586906,1.1000317393144308,1.525643103795973,0.4199975027088047
GNB,1.4426304167288566,1.1500002992130696,2.4527545723684274,2.424001891266504,3.3211974117387255,4.943909192227425,2.0779789571048677,2.8627308542498575,3.200031858548047,0.46500001754942216,0.49856940396288474,0.45110325619255537,0.5836367039894627,1.7899988713636747,0.010184672264454036,0.49101530663100657,0.007690343991469126,0.029999570594297486,0.03999954375399215,4.292326835338034,3.0542566087640513,3.8448286188394203,5.0760405167338645,6.675781017206263,3.3579825559347745,6.613623829414558,7.058618515032008,0,1.0619969865128074,6.539353611636332,0.06688133326903603,0.8199982341515099,4.890313399893189e-4,0,0,0,0,0,0,0,0,4.0873055515563153e-4,0,0,0.0011074646470953299,0.3200019889282991,0.3936314816052766,0.44920407443720517,0.200002481420365,0.19714279449171127,0.14799250333447947,0.178638180627905,0.24,0.3400006895679857,0.11000101389029708,0.11875111826802649,0.5827862456650034,0.20415663792048608,0.12523504956827633,1.6999903920061492,1.486665405712124,1.6539945788079553,1.9399770968913221,2.318609927726396,2.4354167604519703,0.2391469122617042,0.6206345016366591,4.1286084074028504e-4,0,1.4441933440154569e-5,1.9800327174749812,1.0252564800191117,1.9700361815230194,1.4799544856733313,2.1000337445165163,0.7599857176862652,2.6700368653502204,2.2100553041729514,1.8927895094932068,1.525643103795973,0.4199975027088047
GRC,1.1114351838345402,0.9499975170084918,2.2099543757776856,0.7789898369443824,3.3199951333594693,5.229949895477319,2.2122530329211303,2.57147578518925,3.7849061937693755,0.44798211707286584,0.6099998139084801,0.4699925110893485,0.5836367039894627,1.2051291251780532,0.010184672264454036,0.49101530663100657,0.009999955397165935,0.020000280772686434,0.04,4.0700224008433254,3.209928042548754,3.0846497060921645,3.5796464598033246,7.0401868817753765,3.759976640062293,6.613623829414558,7.058618515032008,0,1.1299825583868635,6.669920844327177,0.03000007824236355,3.629110337430039,4.890313399893189e-4,0,0,0,0,0,0,0,0,4.0873055515563153e-4,0,0,0.0011074646470953299,0.23999991835210044,0.2899998349898519,0.3318334671878868,0.19999975758045904,0.16000130560020892,0.08000208692022748,0.18999712185038853,0.2199977894853185,0.32784388637010553,0.11000219219808241,0.07999904575599982,0.6199903738167816,0.20000043131427928,0.245855403270197,1.5400013769837173,1.7999992736622674,1.549998827525375,1.4699997267556923,2.855692146539253,2.4218569761751843,0.2400006787253538,0.6199960540593864,4.1286084074028504e-4,0,1.4441933440154569e-5,1.981683723528709,1.191217503674474,2.1100222863135816,2.040019175114962,2.2799911436423073,2.100006840413161,2.190082644628099,2.2100048180656513,1.8999964014538124,1.4699881376037958,0.4199975027088047
GRD,1.111435045037928,0.9500005854046903,2.2099973036939393,0.7789903071776446,3.320010949904188,5.230063046123217,2.2122530329211303,2.57147578518925,3.4067351152958953,0.2699995426062297,0.6100012176807241,0.47000250344223304,0.5500040711639458,0.7836962781508414,0.010184672264454036,0.49101530663100657,0.009999802862437408,0.020000392472379756,0.04891507007657515,4.069957721203273,3.210051100779959,3.602903059484713,4.021776791931197,7.0401868817753765,3.7601355755442576,6.613623829414558,7.058618515032008,0,1.1300020448446961,6.539353611636332,0.06688133326903603,3.629110337430039,4.890313399893189e-4,0,0,0,0,0,0,0,0,4.0873055515563153e-4,0,0,0.0011074646470953299,0.24000181065115544,0.2900023417636826,0.4763853874109445,0.2000008505426462,0.16000635828962007,0.08000151602855646,0.19000038149495152,0.22000139224865561,0.3400072411296162,0.11000012351931224,0.08000290951411114,0.6199974345818369,0.199994163736376,0.29258011266205436,1.539993460445916,1.8000414995158391,1.5499997102977559,1.4699985709310732,2.318609927726396,2.215305645980941,0.2391469122617042,0.6199812821712681,4.1286084074028504e-4,0,1.4441933440154569e-5,1.9799999999999998,0.6047857203634197,2.1099651982004923,2.0400015141334897,2.280001447120887,2.1000208811860515,2.190026954177897,2.210043136821148,1.9000211595429537,1.525643103795973,0.4199975027088047
GTM,1.7152759801149755,1.1700017056114618,3.1200116799688535,2.4900000214403177,3.3211974117387255,4.943909192227425,2.2122530329211303,4.443984816040491,3.8700153467637812,0.5200234879624193,0.4700010597451721,0.45110325619255537,0.5836367039894627,1.2051291251780532,0.010184672264454036,0.49101530663100657,0.007690343991469126,0.483806007719416,0.16000292002774028,3.980001771845377,3.490008212428141,3.4755477583556758,3.106933028093546,6.950046928772552,4.779864649076115,7.050004731456072,7.058618515032008,0,0.8299953205428171,6.289974243488561,0.5499954375399215,3.629110337430039,0.0024999595344847125,0,0,0,0,0,0,0,0,0.01219995354547566,0,0,0.01999951333463111,0.2600006761496657,0.3100015210387312,0.46935664701068425,0.2199990117321512,0.24000113221432817,0.21000509620814567,0.178638180627905,0.2599945792112753,0.30590489003275617,0.10999934587794083,0.08,0.5827862456650034,0.2000021159542954,0.27849523133494286,1.880015201068681,1.7999919408458083,1.7000055367919829,1.9600012485520264,2.6186286938275924,2.110664876813432,0.23999278036258623,0.7499869644564179,0.002999944696383143,0,1.4441933440154569e-5,1.941882465840837,0.6995917505072777,2.0000606308641413,1.8699932763423301,2.1599778868808657,1.8400119024003174,1.9199922133540976,1.2599959444761921,1.6800677105374522,1.525643103795973,0.4199975027088047
GUY,1.7152760470386146,1.17,3.1199927000638743,2.6749635025312934,3.3211974117387255,3.5800622307324077,2.2122530329211303,2.57147578518925,3.8699549009533594,0.5200029967036259,0.46999795128701694,0.45110325619255537,0.41000274800769443,0.418505954077483,0.010184672264454036,0.49101530663100657,0.007690343991469126,0.48379759456596244,0.15999933636393798,3.979949386801635,3.490003689254849,3.7421544222758305,3.66466824082236,6.949985202722699,4.7799341226742635,7.049678945589726,7.058618515032008,0,0.8300012367584813,6.539353611636332,0.5499872248786363,3.629110337430039,0.0024999603269062923,0,0,0,0,0,0,0,0,0.012200018249840313,0,0,0.019999999999999997,0.2600008531786236,0.30999901370943883,1.0887949137230504,0.22000169394952032,0.23999874945288566,0.21000519525500042,0.178638180627905,0.26,0.30589889644069,0.11000105108261508,0.08,0.5827862456650034,0.2,0.17223533727741927,1.8799979482444669,1.8000264807132138,1.699984426910299,1.960000195097207,2.318609927726396,1.8601151014190196,0.2391469122617042,0.6206345016366591,0.0030000146000321195,0,1.4441933440154569e-5,1.9400164903119417,0.700745702302043,1.9999242137173174,1.8700126662444585,2.1600223994026826,1.8400003699199585,1.919990331157844,2.169236810588806,1.8927895094932068,1.525643103795973,0.4199975027088047
HND,1.7152754538024109,1.1700019754583753,3.1199927000638743,2.4900002594567345,3.3211974117387255,3.579937429809081,2.2122530329211303,4.443964833211667,3.8698913895420444,0.5200111082070047,0.46999909317158206,0.4,0.5836367039894627,0.4493776928738598,0.010184672264454036,0.5999926999306494,0.007690343991469126,0.48379988757729064,0.1599963500319372,3.9799975926306175,3.0542566087640513,3.414951666513033,3.913612020813666,6.949946466809422,4.780154986522911,7.050029853436524,7.058618515032008,0,0.8300030740854596,6.539353611636332,0.5500052143080614,3.629110337430039,0.0025000608346514176,0,0,0,0,0,0,0,0,0.012199430615373385,0,0,0.0011074646470953299,0.2599995027699855,0.3099947035950963,0.35373768378447784,0.22000059115495765,0.24000000000000002,0.20999242476413468,0.178638180627905,0.25999994624768524,0.30590284834935105,0.11000102933607822,0.08,0.5827862456650034,0.2000066365808336,0.2715120022577592,1.879998160750414,1.8000247150050972,1.6999900931246286,1.9599993932790485,2.318609927726396,1.8616918398570914,0.2399961287825021,0.7500091250866883,0.0030000948047023135,0,1.4441933440154569e-5,1.9400548773844284,0.7014942735377164,1.9999380421313506,1.9871922868925984,2.1600166828861393,1.8399909317615053,1.9200571020699502,1.2600099546510342,1.680006439890522,1.525643103795973,0.4199975027088047
HRV,1.1114353764213496,0.9499977743816491,2.2100179694519317,0.7789977793830429,3.319935691318328,5.229947987955105,2.2122530329211303,2.57147578518925,3.5907600322312256,0.44798211707286584,0.6099993900846171,0.45110325619255537,0.5836367039894627,1.2051291251780532,0.010184672264454036,0.49101530663100657,0.00999973161754108,0.019999903693823404,0.040001237317495664,4.070028157263532,3.2100323287099797,3.2314411570384882,3.7898962683511943,6.675781017206263,3.7599881621781592,6.613623829414558,7.058618515032008,0,1.1299961895593928,6.670046232460054,0.029999741501874108,6.419881008088776,4.890313399893189e-4,0,0,0,0,0,0,0,0,4.0873055515563153e-4,0,0,0.0011074646470953299,0.23999982532445982,0.2900001385726097,0.45611461563975475,0.19999937964490871,0.16000181241504305,0.07999709020368574,0.1899986917844061,0.21999989329975836,0.32784388637010553,0.11000055971790217,0.08,0.6199987967029662,0.19999974212547916,0.18481855293152027,1.5400028421202216,1.8000457692087648,1.5499997306992124,1.470000714346016,2.198482619889271,2.2611141780870088,0.23999999999999996,0.6199813926858943,4.1286084074028504e-4,0,1.4441933440154569e-5,1.9814768337114033,0.6059992394261745,2.109998829176911,2.0399717014503005,2.2799961733473646,2.0999551512781887,2.189989526137049,2.2100178325545694,1.8999812417932844,1.525643103795973,0.4199975027088047
HTI,1.7152774310944727,1.170000699653798,2.4527545723684274,2.6749427719497874,3.3211974117387255,4.943909192227425,2.2122530329211303,1.2627437398819257,3.869958275382476,0.5200003054647647,0.47000381259952007,0.3999994260468547,0.4100003134067145,0.41999942081028646,0.01,0.5999939167198953,0.007690343991469126,0.48381209621491406,0.1599963500319372,3.979998646674601,3.4899211945250928,4.044032968688565,4.021776791931197,6.675781017206263,4.780022619782027,6.613623829414558,7.058618515032008,0,0.8299981528231021,6.289981750072039,0.06688133326903603,3.629110337430039,0.0025000366466820093,0,0,0,0,0,0,0,0,0.012200240902288571,0,0,0.01999939418722644,0.26000155612817,0.3100034994750787,0.897162270871412,0.22000203505380175,0.23999939809798965,0.2100066647624488,0.178638180627905,0.26,0.30590105871833495,0.10999785338628314,0.08000066292482433,0.5827862456650034,0.19999999999999998,0.2964669059507472,1.879984428007341,1.8000144812106293,1.69999740448505,1.9599960684096718,1.628312911524877,2.1268965758071317,0.2391469122617042,0.7500091250866883,0.003,0,1.4441933440154569e-5,1.9388889336372641,0.8207005825612841,2.0000339535515415,1.8699772676335926,2.1599688245896047,1.8400119024003174,1.9199922133540976,2.169236810588806,1.8927895094932068,1.525643103795973,0.4199975027088047
HUN,1.1114353957774443,0.9500065884833311,2.21003232870998,0.7790087687051482,3.319950146888632,5.23001979419651,2.2122530329211303,2.57147578518925,3.4067351152958953,0.44798211707286584,0.6100003219678676,0.45110325619255537,0.5836367039894627,1.2051291251780532,0.010184672264454036,0.49101530663100657,0.009999922778531402,0.01999991704549225,0.04000060832801046,4.069957884885353,3.210010620951697,3.0764582494550594,3.4627017120756,6.675781017206263,3.7600513211887936,6.613623829414558,7.058618515032008,0,1.1299853232084742,6.669860388721598,0.030000486665368892,6.419934487599438,4.890313399893189e-4,0,0,0,0,0,0,0,0,4.0873055515563153e-4,0,0,0.0011074646470953299,0.239999520216862,0.2900006916455505,0.40179761317976326,0.2,0.16000322945260775,0.07999999999999999,0.18999816029925798,0.21999490791818724,0.32784388637010553,0.10999979121974644,0.07999847723465814,0.6199987967029662,0.20000115567523213,0.20612864240391535,1.540000642666638,1.8000066201052596,1.5500001385198874,1.4699988588382975,2.227521833933839,1.7244779673341935,0.23999823679802523,0.6199991797732074,4.1286084074028504e-4,0,1.4441933440154569e-5,1.9859732568934554,0.5808247302243309,2.110000579407845,2.040007148122501,2.2800561260284455,2.0999776835527784,2.1899941600155737,2.210043136821148,1.89996473492418,1.4700246372844237,0.4199975027088047
IDN,1.1114356985601357,1.0499999451210411,2.4527545723684274,0.7789976847620009,3.3211974117387255,5.229949386801636,2.8499444579007593,2.57147578518925,3.4067351152958953,0.36999968969098695,0.5799976714402142,0.42999743319168354,0.5836367039894627,0.33998821758198594,0.010184672264454036,0.49101530663100657,0.010000080752179636,0.029999698349974357,0.09000255502427273,3.4900199091326765,0.4299931866848355,3.4415701228135185,3.9723148475574135,3.7700473669545835,3.7599909973383436,6.613623829414558,7.058618515032008,0,1.130000233974684,6.669951637923168,0.06688133326903603,3.629110337430039,4.890313399893189e-4,0,0,0,0,0,0,0,0,4.0873055515563153e-4,0,0,0.0011074646470953299,0.24000263016581003,0.29000193122564666,0.4516370263518714,0.2,0.1599989342995684,0.16999517939535846,0.178638180627905,0.2199990789022562,0.32784388637010553,0.1099990987743331,0.08,0.6200050137879168,0.20000324443579262,0.20782403771952979,1.5400115141047783,1.6000788799053443,1.550006782551402,1.4700019041153727,2.162001801813593,2.455578771656322,0.24000382995021066,0.6199868603547704,4.1286084074028504e-4,0,1.4441933440154569e-5,2.024131591285926,0.9623605505958447,2.1099993562448844,2.039980041165097,2.2799987502148067,2.100035423308537,2.1900196121159294,2.210035140273057,1.9000211595429537,1.525643103795973,0.4199975027088047
IND,2.9107154396345827,1.59999979384355,2.1500164251560387,3.4800035938500242,3.3211974117387255,3.8000048666536888,2.2566932012696728,2.0972904979469087,3.4067351152958953,0.3999972323318987,0.39999916344418396,0.5,0.5836367039894627,1.2051291251780532,0.01,0.6199929235181287,0.01000001819541512,0.02,0.16000340665758223,3.2599895714726572,2.9800060833417827,3.226893852761048,4.513129116829525,6.899808376676703,3.50006570014454,6.613623829414558,7.000073000693507,0,2.399992384240455,5.6998321045331775,0.06688133326903603,3.629110337430039,4.890313399893189e-4,0,0,0,0,0,0,0,0,4.0873055515563153e-4,0,0,0.0011074646470953299,0.19999866411512657,0.5,0.5985558190168089,0.20000578511201425,0.2,0.2999950809188843,0.19000089198109002,0.3599990193434504,0.32784388637010553,0.1400007209935291,0.08999876604146101,0.37999465199786076,0.30000515304544983,0.2914977655752573,1.900036635787931,1.5000373720008968,2,2.3500139955836157,1.6199781934076993,2.896374531831462,0.2391469122617042,0.6206345016366591,4.1286084074028504e-4,0,1.4441933440154569e-5,2.1999862846954343,0.8656103030120229,2.299966712634933,2.620003718163227,2.79998650229461,2.79998413044772,2.5299738972702737,2.169236810588806,2.8600296233601354,1.525643103795973,0.4199975027088047
IRL,1.111435541099941,0.9500070372976777,2.2099474401401595,0.7789984847993403,3.3200822936023364,5.230019627423298,2.2122530329211303,2.57147578518925,3.4499996270577094,0.44798211707286584,0.6100001350201856,0.45110325619255537,0.5836367039894627,1.2051291251780532,0.010184672264454036,0.49101530663100657,0.01,0.020000036120708182,0.03999913096376118,4.0700045310376085,3.2099785828481795,3.3260274156069403,4.618691722228697,7.0400010814756735,3.760023970363914,6.599975666797345,7.058618515032008,0,1.129992638372909,6.669860388721598,0.030000392480081642,6.420215255030416,4.890313399893189e-4,0,0,0,0,0,0,0,0,4.0873055515563153e-4,0,0,0.0011074646470953299,0.2400007345649539,0.29000138914992196,0.8014449879975619,0.19999971125846555,0.159997362173569,0.07999999999999999,0.19000011149805063,0.22000007316386144,0.34000671407208477,0.11000217969972985,0.08,0.6199987967029662,0.20000114211313774,0.17017689819180773,1.5399981438723884,1.8000066201052596,1.5499999999999998,1.4700008319311269,2.5579343277256874,2.2694316106156656,0.2399986197059974,0.6200012829559305,4.1286084074028504e-4,0,1.4441933440154569e-5,1.979994346329053,0.578631338551275,2.1099100406268136,2.0399992743895803,2.27998967208882,2.0999385054849142,2.189989980437998,2.2100186924157454,1.8999570205309617,1.4699881376037958,0.4199975027088047
IRN,3.3690705342068443,0.9500004996577344,2.2100490475647314,2.100010220022484,3.3211974117387255,4.943909192227425,2.2122530329211303,2.57147578518925,3.4067351152958953,0.44798211707286584,0.6100000957848289,0.45110325619255537,0.5836367039894627,1.2051291251780532,0.010184672264454036,0.49101530663100657,0.00999994846449977,0.020000365003467534,0.040000598372427004,4.070018155991006,3.0542566087640513,2.915684828003582,4.311187891117067,6.675781017206263,3.7599581045481956,6.613623829414558,7.058618515032008,0,1.129994576026035,6.539353611636332,0.03,6.41974730931212,4.890313399893189e-4,0,0,0,0,0,0,0,0,4.0873055515563153e-4,0,0,0.0011074646470953299,0.23999965388089375,0.29000014670428814,0.35329373264161723,0.20000028026159614,0.15999868638188522,0.08,0.1900035606195478,0.21999958892988172,0.32784388637010553,0.10999996557552558,0.07999898549254336,0.6199997539097587,0.20000078800188334,0.20713474167793897,1.53999085158368,1.8000027179082978,1.5632824116232011,1.4700013530389031,1.8799923764347126,2.605359687275416,0.24000000000000002,0.6199948899514546,4.1286084074028504e-4,0,1.4441933440154569e-5,1.9800068183213004,0.6924381222652979,2.110018520151689,2.040036674816626,2.2799952412111115,2.1000317393144305,2.1900023584640786,2.169236810588806,1.8927895094932068,1.4700149651421688,0.4199975027088047
IRQ,3.3690700894090884,0.9499998199013779,2.209994868484216,2.1000329675505114,3.3211974117387255,4.943909192227425,2.2122530329211303,2.57147578518925,3.4067351152958953,0.44798211707286584,0.6099988630987527,0.45110325619255537,0.5836367039894627,1.2051291251780532,0.010184672264454036,0.49101530663100657,0.010000079825023548,0.02,0.039999999999999994,4.070040445891289,3.2100584002502868,3.013400028260165,3.3386790030507307,6.675781017206263,3.699505803921396,6.600081822871272,7.058618515032008,0,1.130014389499175,6.670024674054283,0.029999255121042828,3.629110337430039,4.890313399893189e-4,0,0,0,0,0,0,0,0,4.0873055515563153e-4,0,0,0.0011074646470953299,0.23999978929180976,0.29000019634407337,0.379382856694696,0.2,0.15999834350238812,0.08000153039752077,0.178638180627905,0.22000114064104023,0.32784388637010553,0.11000053222630263,0.08723943428751489,0.6200015091973973,0.2,0.21533356095193357,1.5400146305779079,1.7999790553984711,1.5632824116232011,1.4699984039581835,1.879993356033552,2.6291332382133032,0.24000000000000002,0.6206345016366591,4.1286084074028504e-4,0,1.4441933440154569e-5,1.9799949768409002,0.9036458659714998,2.1100332155849637,2.0399049410832752,2.280010469460109,2.1000144268917262,2.2444296988006567,2.169236810588806,1.8927895094932068,1.525643103795973,0.4199975027088047
ISL,1.1114348942320054,0.9499979665704177,2.4527545723684274,1.898917138493594,3.31999508418336,5.22998110972369,2.2122530329211303,2.57147578518925,3.4067351152958953,0.44798211707286584,0.6100003219678676,0.4700062715584823,0.5836367039894627,1.2051291251780532,0.010184672264454036,0.49101530663100657,0.009999593673597009,0.01999992814956387,0.039999570589687714,4.069950939871821,3.209942331557048,3.414951666513033,4.846187966456726,7.0398513455221146,3.7600375430180417,6.59990086517664,8.280067160638026,0,1.1300157150340493,6.539353611636332,0.02999929809784516,3.629110337430039,4.890313399893189e-4,0,0,0,0,0,0,0,0,4.0873055515563153e-4,0,0,0.0011074646470953299,0.2400010877250231,0.28999629850169784,0.5017464234152144,0.19999999999999998,0.15999931686989788,0.0799975404291951,0.18999936355729044,0.21999885364191596,0.32784388637010553,0.10999944223749528,0.08,0.6200311302681992,0.19999916571419038,0.1556456556489075,1.5400001986847072,1.8000017283134468,1.550002720574127,1.4700015240149589,1.9689482800398468,2.215305645980941,0.23999652465128035,0.6200022034133748,4.1286084074028504e-4,0,1.4441933440154569e-5,1.980002283938407,0.5771610883410738,2.110004330879168,2.0400037682524728,2.280001077280627,1.9678892957376608,2.1900001876606843,2.169236810588806,1.900021159542954,1.525643103795973,0.4199975027088047
ISR,1.1114357287388077,0.9499982224048097,2.2099048164316897,0.7789999505930139,3.3199653253034036,5.229947148655357,2.2122530329211303,2.57147578518925,3.4067351152958953,0.44798211707286584,0.6099999865598804,0.4700124785524879,0.5836367039894627,1.2051291251780532,0.010184672264454036,0.49101530663100657,0.009999965402832125,0.019999665137461074,0.03999864819195674,4.069943128766659,3.210006231638921,3.12943901244438,4.477534944729759,7.039875901085865,3.759998438506431,6.600087870492413,7.058618515032008,0,1.1300032647730982,6.669992730611776,0.030001131797860903,6.419939992843183,4.890313399893189e-4,0,0,0,0,0,0,0,0,4.0873055515563153e-4,0,0,0.0011074646470953299,0.23999962450321347,0.29000071150021517,0.4169235037947008,0.2,0.15999739439142754,0.08000050638039294,0.178638180627905,0.21999924959040143,0.32784388637010553,0.11000030992238657,0.07999710836405696,0.6200019497792572,0.1999992778245186,0.25472790260857975,1.5400018133504438,1.8000044344914745,1.549987227421565,1.4700000082609332,2.318609927726396,2.512596858201037,0.24000242072137495,0.6206345016366591,4.1286084074028504e-4,0,1.4441933440154569e-5,1.9799971123416178,0.6027473314500948,2.10997888175835,2.040005697295565,2.279983764188839,2.1000297560007932,2.190017844589845,2.20996681823768,1.9000733750831866,1.525643103795973,0.4199975027088047
ITA,1.1114354543565204,0.9499971869022167,2.210014038371549,0.7789946497188748,3.320002085723224,5.2299489002443895,2.2122530329211303,2.57147578518925,3.538334726213237,0.44798211707286584,0.6099997596394086,0.46999076638965837,0.5836367039894627,1.2051291251780532,0.010184672264454036,0.49101530663100657,0.009999986575937906,0.019999771876996076,0.040000243332684454,4.06998706089106,3.209996106677049,3.73047511662828,3.5459183619345134,7.0401868817753765,3.7599662374103184,6.613623829414558,7.058618515032008,0,1.1300094320998484,6.539353611636332,0.029999339367113693,3.629110337430039,4.890313399893189e-4,0,0,0,0,0,0,0,0,4.0873055515563153e-4,0,0,0.0011074646470953299,0.2400005251595172,0.2900009380500698,0.7183957385153661,0.2000001917768025,0.16000161468284937,0.07999916015789031,0.19000020656462374,0.22000046556018532,0.3399967912722605,0.1100012466892767,0.07999867056633873,0.6199817684594348,0.2,0.21416877986660238,1.540002750768421,1.7999841571609634,1.5500000714868845,1.4700021885794217,2.230720378597963,2.252744410216066,0.24000195800088112,0.6199945782665944,4.1286084074028504e-4,0,1.4441933440154569e-5,1.9800018942250692,0.6419560604177932,2.110040583661204,2.0399930772891817,2.2799916399609863,2.099986992151932,2.190049690203055,2.2100041271151465,1.9000092804963742,1.4699836711170877,0.4199975027088047
JAM,1.111435591855141,0.9499999273487072,2.2099474401401595,0.7789938355448752,3.3211974117387255,5.230013687519011,2.2122530329211303,2.57147578518925,3.4067351152958953,0.27000467945718293,0.6099997918444662,0.4700020633822476,0.5500003524236172,0.7800004225783619,0.010184672264454036,0.49101530663100657,0.01000009499021601,0.02000019160024525,0.039999729631081615,4.070001460001572,3.2099797485046864,3.89351050012237,4.021776791931197,7.0401868817753765,3.760011471477735,6.599797228793511,7.058618515032008,0,1.13000479336202,6.670073365696974,0.03000036500346753,3.629110337430039,4.890313399893189e-4,0,0,0,0,0,0,0,0,4.0873055515563153e-4,0,0,0.0011074646470953299,0.23999971397108247,0.2900033439677533,0.37880879372983556,0.20000029852795864,0.16000090600739528,0.08000037200823998,0.19000662300390023,0.22000099246435992,0.3399976903311488,0.10999844018093902,0.08,0.5827862456650034,0.2,0.21095250567865637,1.5399911208729584,1.8000186607781545,1.5499985478202785,1.4700002806702404,2.318609927726396,2.395383889295757,0.24000192086054556,0.6200267672466236,4.1286084074028504e-4,0,1.4441933440154569e-5,1.9799955779659575,1.0754754385803251,2.109960468556739,2.0399577370089332,2.2800068342967794,2.1000006228240085,2.19000537896058,2.210043136821148,1.8999928515261992,1.525643103795973,0.4199975027088047
JOR,3.369070332639829,0.9500006346247645,2.2099474401401595,2.100005104905814,3.3211974117387255,5.229949386801636,2.2122530329211303,2.57147578518925,4.28704752030062,0.44798211707286584,0.6100002046967673,0.46999183259638944,0.5836367039894627,1.2051291251780532,0.010184672264454036,0.49101530663100657,0.010000135051792362,0.02,0.04000060832801046,4.069892055603013,3.2099766805231673,2.9002324945295404,4.475925625863825,7.0401868817753765,3.7599537670712047,6.6000648894176175,7.058618515032008,0,1.1300029868578256,6.670104287369641,0.029999746527425736,6.4200280767430975,4.890313399893189e-4,0,0,0,0,0,0,0,0,4.0873055515563153e-4,0,0,0.0011074646470953299,0.23999957376979308,0.2899992827779896,0.3668755186618471,0.1999983772951132,0.1599979506096936,0.07999881263357873,0.1899921507064364,0.21999866853072364,0.32784388637010553,0.10999949620474239,0.08,0.6200026087523641,0.20000333714323854,0.24142067602557027,1.5399967322931132,1.8000019070139974,1.5500043020621217,1.4699993331475267,3.0481685527099467,2.6432011100704713,0.2400013573585802,0.6199946585952105,4.1286084074028504e-4,0,1.4441933440154569e-5,1.9799994220838606,0.882184288106549,2.110032362459547,2.0400686106346484,2.2799984677558367,2.100026547889443,2.1900023584640786,2.210043136821148,1.9000211595429537,1.525643103795973,0.4199975027088047
JPN,1.1114361825715124,0.9500001263559043,2.21003757380569,0.7789986869716647,3.320035040332883,5.229870793488575,2.8500361945596797,2.57147578518925,3.7371622482077713,0.2700028968713789,0.6100009574540131,0.46999734420646455,0.5499942645203227,0.8212900879855568,0.010184672264454036,0.01,0.010000084101460001,0.02999996520492559,0.039999570589687714,4.070028194872467,3.2100076318147126,3.87260435068077,3.713243887276577,7.039987603793632,3.759948366420369,6.613623829414558,7.058618515032008,0,1.1299961895593928,6.6697532950321055,0.030000486665368895,3.629110337430039,4.890313399893189e-4,0,0,0,0,0,0,0,0,4.0873055515563153e-4,0,0,0.0011074646470953299,0.2400012740611762,0.2899994972987199,0.426356560744741,0.19999814833674348,0.16000198267636528,0.17000140548137735,0.18999999999999997,0.219997041614621,0.32784388637010553,0.10999968602168544,0.08000079519701006,0.6200064174554789,0.19999999999999998,0.19084849014362715,1.5400001436915804,1.600018536253823,1.5499972032665847,1.4700005134571068,2.461858648066101,2.1659283980535973,0.23999883368322836,0.6206345016366591,4.1286084074028504e-4,0,1.4441933440154569e-5,1.980000075655303,0.8402011665680701,2.1099908937166645,2.049991201313937,2.2699962397937257,2.0999918677463203,2.2899902417054494,2.20999987402527,1.9000046555476666,1.4699234926651223,0.4200125354864875
KAZ,1.1114349820653475,0.9500010837288944,2.209998809783579,0.7790202733298546,3.319965325303403,5.2300202136875535,2.8499702446205406,2.57147578518925,4.197822581095678,0.44798211707286584,0.61000012143056,0.45110325619255537,0.5836367039894627,1.2051291251780532,0.010184672264454036,0.49101530663100657,0.010000013040376919,0.02,0.03999954375399215,3.8451719240255797,3.210022689158528,3.414951666513033,4.502154328498995,7.0399795600545065,3.760024046977488,6.599780331192971,7.058618515032008,0,1.1299968413294494,6.539353611636332,0.029999293552489054,3.629110337430039,4.890313399893189e-4,0,0,0,0,0,0,0,0,4.0873055515563153e-4,0,0,0.0011074646470953299,0.23999982530538802,0.2900000149046623,0.305841258578589,0.1999982223960324,0.1600003806043998,0.08000153039752077,0.18999651142508284,0.22000205149246077,0.32784388637010553,0.10999996042075376,0.08,0.619996256384202,0.20000110327175238,0.29070618654150276,1.5399987782635636,1.7999970006298676,1.5500008450370972,1.4700006807034893,2.2141548845468817,2.406657607260994,0.24000160724330988,0.620007796165704,4.1286084074028504e-4,0,1.4441933440154569e-5,1.9816691674433835,0.5849837754437022,2.109973786044189,2.0400431167888664,2.28001178376786,2.0999885004599816,2.18998083766767,2.210043136821148,1.8999947101142614,1.525643103795973,0.4199975027088047
KEN,1.442627346906964,1.1499978696510489,3.200021900208052,1.9633304540200285,3.3211974117387255,5.22986845106836,2.077951055375914,2.862732498531696,3.200309586073112,0.46499812705503685,0.4985716173764525,0.40333286567210713,0.5900078821318135,1.7714865007675402,0.060000332651397974,0.49101530663100657,0.007690343991469126,0.030000486665368892,0.03999904783064081,4.292411206049599,4.099983705393515,3.351689613799569,3.7716950005508565,5.3611839267345776,3.357949240302182,6.613623829414558,7.058618515032008,0,1.0619872779118227,6.425070393158827,0.06688133326903603,3.629110337430039,4.890313399893189e-4,0,0,0,0,0,0,0,0,4.0873055515563153e-4,0,0,0.0011074646470953299,0.32,0.39363831480454337,0.4573142414445173,0.2,0.19714110052259454,0.15999338870294616,0.18999819135467536,0.23999952944498035,0.34001531523866246,0.11,0.11874595992243052,0.2800022920009168,0.19000481801059962,0.27140992327995056,1.7000053152849877,1.4866630498666304,1.6540031327906104,1.939916996793058,2.9285733216718346,2.6619915420919784,0.21000348737675295,0.5699989861097029,4.1286084074028504e-4,0,1.4441933440154569e-5,1.9800241440930386,0.9429825830212935,1.9699884871309539,1.48004514455864,2.099972161217483,0.7599928587014739,2.6700538741185227,2.169236810588806,1.8927895094932068,1.525643103795973,0.4199975027088047
KGZ,1.111435198670276,0.9500014688170149,2.2100229952184542,0.7789983074144335,3.3200311465836094,5.2300590445517985,2.2122530329211303,2.57147578518925,3.5439097506126154,0.44798211707286584,0.6099997971819886,0.45110325619255537,0.5836367039894627,1.2051291251780532,0.010184672264454036,0.49101530663100657,0.01,0.02,0.0400016846361186,4.070044165419572,3.2099543757776856,3.414951666513033,3.6186066111507498,6.675781017206263,3.7600681348095875,6.613623829414558,7.058618515032008,0,1.607781361733978,6.539353611636332,0.0299990875079843,6.41974730931212,4.890313399893189e-4,0,0,0,0,0,0,0,0,4.0873055515563153e-4,0,0,0.0011074646470953299,0.23999980599805515,0.29000024623870385,0.3994712852211316,0.19999779803584797,0.1600015985506474,0.08000068868151923,0.18999980376381015,0.2200016217531151,0.32784388637010553,0.10999958903724405,0.08000061344675283,0.6200064174554789,0.19999742354365807,0.2206514051786478,1.5400007658499018,1.7999959126534033,1.549994217647739,1.4699977733244267,2.210923183857447,2.5883312361435675,0.2400103361601165,0.6199927000638744,4.1286084074028504e-4,0,1.4441933440154569e-5,1.9825763513423753,0.6026302391105921,2.1099688767330003,2.039981750072039,2.2800180627681192,2.1000307156752327,2.189940871596467,2.169236810588806,1.9000211595429537,1.525643103795973,0.4199975027088047
KHM,1.11143246782,1.01666689846,2.4342199258,1.15230500019,3.32077394188,5.13461301009,2.21225303292,2.57147578519,4.26604269815,0.336667671231,0.589998487234,0.437035000033,0.529089923357,1.05341714316,0.0101846722645,0.491015306631,0.0100000644981,0.0299998764232,0.0596389650402,3.60839955217,2.23139751763,3.93892189406,3.04857059985,4.85999146777,3.76006471196,6.60911184311,7.05861851503,0,1.44852097624,6.62646995264,0.042294021092,3.62911033743,0.000489031339989,0,0,0,0,0,0,0,0,0.000408730555156,0,0,0.0011074646471,0.240930653199,0.308091568697,0.373240797829,0.20000126759,0.168642545773,0.162664568603,0.186212207089,0.220001452281,0.32784388637,0.110001595568,0.0800007049608,0.582786245665,0.199998377782,0.207897021286,1.54000306288,1.5999937811,1.54999432638,1.47000206725,2.19531487343,2.1934424351,0.239713238108,0.620416743921,0.00041286084074,0,1.44419334402e-05,1.99377081118,0.883115796548,2.10998844169,2.02571198579,2.27664575362,2.09999762125,2.22628959445,2.18285102427,1.89761509208,1.50710039091,0.419997502709
KIR,1.11143246782,1.01666689846,2.4342199258,1.15230500019,3.32077394188,5.13461301009,2.21225303292,2.57147578519,4.26604269815,0.336667671231,0.589998487234,0.437035000033,0.529089923357,1.05341714316,0.0101846722645,0.491015306631,0.0100000644981,0.0299998764232,0.0596389650402,3.60839955217,2.23139751763,3.93892189406,3.04857059985,4.85999146777,3.76006471196,6.60911184311,7.05861851503,0,1.44852097624,6.62646995264,0.042294021092,3.62911033743,0.000489031339989,0,0,0,0,0,0,0,0,0.000408730555156,0,0,0.0011074646471,0.240930653199,0.308091568697,0.373240797829,0.20000126759,0.168642545773,0.162664568603,0.186212207089,0.220001452281,0.32784388637,0.110001595568,0.0800007049608,0.582786245665,0.199998377782,0.207897021286,1.54000306288,1.5999937811,1.54999432638,1.47000206725,2.19531487343,2.1934424351,0.239713238108,0.620416743921,0.00041286084074,0,1.44419334402e-05,1.99377081118,0.883115796548,2.10998844169,2.02571198579,2.27664575362,2.09999762125,2.22628959445,2.18285102427,1.89761509208,1.50710039091,0.419997502709
KOR,1.1114354109974727,0.9500001919705953,2.209989806320081,0.7789961969404983,3.320035040332883,4.943909192227425,2.849944801940647,2.57147578518925,4.069947586796384,0.2699989861097029,0.6100011224604333,0.46999765075361355,0.5836367039894627,0.06346591458549913,0.010184672264454036,0.49101530663100657,0.009999922914450458,0.030000437387919344,0.03999918890420958,4.069984447900467,3.2100620513444458,4.29717354248599,2.868395201461539,7.039982308712959,3.759965421189127,6.600087870492413,7.058618515032008,0,1.1299959288532,6.67013115565454,0.03,6.440064343611598,4.890313399893189e-4,0,0,0,0,0,0,0,0,4.0873055515563153e-4,0,0,0.0011074646470953299,0.24000056032349343,0.289999212930831,0.47221880388281984,0.19999999999999998,0.15999847758240088,0.16999762526715745,0.18999980376381015,0.22000249407656816,0.32784388637010553,0.1099997400301565,0.08,0.5827862456650034,0.2,0.21827581277949584,1.5400013218479434,1.6000071293622786,1.5500008348159047,1.469998628388145,2.0191588539848153,2.115260745819273,0.24,0.62,4.1286084074028504e-4,0,1.4441933440154569e-5,1.985057502469023,0.8405865585350701,2.10989010989011,2.050004946320644,2.2699973486726073,2.100042890842805,2.2900012769761204,2.209995945024891,1.8999962521349447,1.469979012683639,0.41999983342841796
KWT,3.3690703978918988,0.9500002847558787,2.2100556620129574,2.0999947774315406,3.3211974117387255,4.943909192227425,2.2122530329211303,2.57147578518925,4.290112096369416,0.44798211707286584,0.6100002459984256,0.47000049058887017,0.5836367039894627,1.2051291251780532,0.010184672264454036,0.49101530663100657,0.01000003607907089,0.020000155983122627,0.04000066363606198,4.069892055603013,3.209918788210603,3.087015534249452,4.954914529546781,6.675781017206263,3.7600145998722505,6.599992653001249,7.058618515032008,0,1.1299938157081013,6.66998483124763,0.030000206215330043,6.42005638811872,4.890313399893189e-4,0,0,0,0,0,0,0,0,4.0873055515563153e-4,0,0,0.0011074646470953299,0.23999969626443218,0.2899998456051506,0.36863104563887233,0.20000084610779836,0.16000096588805357,0.0800002334512262,0.1900006541220592,0.22000190104338035,0.32784388637010553,0.10999962793071007,0.07999961314532197,0.6200012392341533,0.19999792419147258,0.23009989870263722,1.539993651215497,1.799998004005296,1.5632824116232011,1.4699999727483062,1.879975965149467,2.6627426065724893,0.23999341904247068,0.6199927000638744,4.1286084074028504e-4,0,1.4441933440154569e-5,1.9800023678199343,0.6202454938071998,2.110022448788701,2.039960130482059,2.279986065563924,2.1000091555528426,2.1899833672149325,2.2099800059556727,1.9000339097999324,1.525643103795973,0.4199975027088047
LAO,1.1114279083486391,1.0500000787268209,2.4527545723684274,0.7789998537976072,3.3211974117387255,4.943909192227425,2.2122530329211303,2.57147578518925,4.289945862335654,0.3700002474674617,0.5799915250972687,0.4299996705091575,0.5836367039894627,1.2051291251780532,0.010184672264454036,0.49101530663100657,0.010000074794875056,0.030000190103226052,0.04891507007657515,3.4900267324696688,3.0542566087640513,3.719984295249313,4.021776791931197,3.7700464901832715,3.76002016199117,6.613623829414558,7.058618515032008,0,1.607781361733978,6.669982880583999,0.06688133326903603,3.629110337430039,4.890313399893189e-4,0,0,0,0,0,0,0,0,4.0873055515563153e-4,0,0,0.0011074646470953299,0.24279515071028046,0.3442737429535229,0.3717889607978662,0.19999829523902882,0.15999931686989788,0.17000081987373944,0.178638180627905,0.21999992943857802,0.32784388637010553,0.11000202778059415,0.08,0.5827862456650034,0.2,0.2700448278908612,1.540003824196236,1.5999964353823946,1.549999339157558,1.4699963851066395,2.318609927726396,2.152854143756873,0.2391469122617042,0.6206345016366591,4.1286084074028504e-4,0,1.4441933440154569e-5,1.9855323407667653,0.8399971643272366,2.109995945383793,1.9871922868925984,2.2799166890066607,2.0999773294037634,2.2444296988006567,2.169236810588806,1.9000211595429537,1.525643103795973,0.4199975027088047
LBN,3.3690698440336755,0.9500015692182155,2.209997566656238,2.099973292976053,3.3211974117387255,5.229945656582043,2.2122530329211303,2.57147578518925,3.4067351152958953,0.2699936993503813,0.609999902711578,0.4700005964096141,0.5836367039894627,0.8201925399399607,0.010184672264454036,0.49101530663100657,0.009999991425884055,0.020000195448015713,0.04,4.070036774795542,3.2100041126876415,2.8511011058607756,4.581062543334502,7.0399795600545065,3.7600204673375406,6.613623829414558,7.058618515032008,0,1.1300068665598535,6.6700211316516675,0.030000414771391832,6.41974730931212,4.890313399893189e-4,0,0,0,0,0,0,0,0,4.0873055515563153e-4,0,0,0.0011074646470953299,0.2399996710102453,0.29000011038624146,0.34822803138685027,0.19999657554769834,0.15999808174944452,0.08000324096580781,0.178638180627905,0.22000086055490142,0.32784388637010553,0.11000122011384192,0.080001011582621,0.62,0.2,0.2403039855484543,1.5400019518640302,1.8000117318108049,1.5499858717151738,1.4700024289531213,2.318609927726396,2.586311010932437,0.2400005381841666,0.6199960325332274,4.1286084074028504e-4,0,1.4441933440154569e-5,1.979999585062198,0.7423431469528913,2.10993305358916,2.039988372533903,2.279992987025998,2.0999968760738494,2.1899906656135566,2.210043136821148,1.8999848862691755,1.525643103795973,0.4199975027088047
LBR,1.44262633369,1.1499998265,2.68267341685,2.10949837031,3.3502530328,4.98791853159,2.08830933495,2.86274264014,3.24770822333,0.463691139349,0.498569799879,0.414356772663,0.587554049319,1.24006722734,0.0216806208873,0.491015306631,0.00769034399147,0.0333795250169,0.0427430665671,4.12038293745,3.85867134709,3.80313861347,3.8986614851,5.86684073825,3.38427915101,6.61362382941,7.05861851503,0,1.18794875745,6.46894349058,0.0583702423235,2.33259442625,0.000489031339989,0,0,0,0,0,0,0,0,0.000408730555156,0,0,0.0011074646471,0.320000661608,0.382245332387,0.48287124563,0.200322853033,0.193693033666,0.156306535682,0.183008325635,0.242164200739,0.33345432267,0.110106067215,0.113902517208,0.443038188772,0.19653438852,0.239452463588,1.69999431954,1.48665954672,1.64701459364,1.94000087156,2.67056825793,2.62944337472,0.225694661008,0.612847867353,0.00041286084074,0,1.44419334402e-05,1.98453772531,1.00251862361,1.969985432,1.71408187191,2.10000713333,0.852922964318,2.44085530178,2.18179214893,1.77082677562,1.52136476022,0.419997502709
LCA,1.1114350285225976,0.9499990188190506,2.4527545723684274,0.7790127895628949,3.3211974117387255,5.229988156949541,2.2122530329211303,2.57147578518925,3.4067351152958953,0.2699991710188179,0.6099995458245555,0.4700141393937304,0.5499930296318096,0.7889007177123015,0.010184672264454036,0.49101530663100657,0.010000160516220165,0.01999969327975953,0.04000073000693506,4.070019365060736,3.2099973811706164,2.937653179276723,4.021776791931197,7.039875901085865,3.7599107776538583,6.600098316332801,7.058618515032008,0,1.1300086169754415,6.539353611636332,0.02999969583599477,6.4199812821712685,4.890313399893189e-4,0,0,0,0,0,0,0,0,4.0873055515563153e-4,0,0,0.0011074646470953299,0.24000000000000002,0.2900009214527361,0.4745474619710668,0.1999996268176314,0.15999949376059938,0.08000053218381628,0.1900044312211179,0.22000037760607188,0.3400011960291831,0.11000246846214809,0.08,0.6199961053773612,0.19999999999999998,0.16897631376915923,1.539999061605593,1.800006347997207,1.5499997875513594,1.4699997848141704,2.318609927726396,1.883056927605919,0.2391469122617042,0.6200267672466236,4.1286084074028504e-4,0,1.4441933440154569e-5,1.980002658705456,0.6073929458276726,2.110065784819976,2.0400221661227755,2.2799964989059083,2.100009759906305,2.1899906656135566,2.2100154850127196,1.8999338770112408,1.525643103795973,0.4199975027088047
LKA,1.233355945343541,1.5999999328426822,2.4527545723684274,3.4800034218743314,3.3211974117387255,3.800051100485454,2.2565898048893347,2.57147578518925,4.104168725662667,0.4,0.40000120611257856,0.50001604260917,0.5836367039894627,1.2051291251780532,0.01,0.6200016221915808,0.01000002700702723,0.02,0.04891507007657515,3.2600239703639136,2.9799708002554977,3.034718987949919,4.499519605722095,6.675781017206263,3.5000182501733765,6.613623829414558,7.058618515032008,0,2.3999997881946027,5.699940582293523,0.03000036500346753,5.279987521447512,4.890313399893189e-4,0,0,0,0,0,0,0,0,4.0873055515563153e-4,0,0,0.0011074646470953299,0.1999977057905846,0.4999984857524447,0.5792741869346569,0.19999596008564618,0.200002316745436,0.14799250333447947,0.178638180627905,0.26811568536182057,0.29000067169693033,0.14,0.08999760298599459,0.38000120329703385,0.3,0.30178821678550516,1.8999999999999997,1.4999485119967049,2.00005736247347,2.350011087380227,2.318609927726396,2.9461045930366354,0.2400031070374398,0.6206345016366591,4.1286084074028504e-4,0,1.4441933440154569e-5,2.200205606337519,0.8896161121376792,2.299989552862516,2.620040386399607,2.799998713838773,2.8,2.5299529558990517,2.2100154850127196,2.8600296233601354,1.469998986109703,0.4199975027088047
LSO,1.4426264903,1.15000002423,2.87974292333,2.19366510894,3.34816554176,5.14826822027,2.10675316043,2.80032086017,3.29294121155,0.462568511647,0.498570269818,0.403334061256,0.587728133069,1.29716354971,0.0350921734082,0.491015306631,0.00769034399147,0.0300001363789,0.0444573895133,4.22851493601,3.80121567387,3.69883078842,4.32438163456,5.64292087253,3.35800323242,6.61070437893,7.05861851503,0,1.17895215547,6.47401776974,0.0510750953811,1.42195252962,0.000489031339989,0,0,0,0,0,0,0,0,0.000408730555156,0,0,0.0011074646471,0.319999526931,0.390112270989,0.487293914965,0.200000053567,0.19233601045,0.158283374298,0.18675384014,0.242008997904,0.333922987037,0.110000134927,0.118749187946,0.366509965977,0.190000214219,0.285543538017,1.70000305695,1.48667061684,1.6475240334,1.93999207727,2.69499281361,2.51967802626,0.222491672879,0.57722918433,0.00041286084074,0,1.44419334402e-05,1.98497079117,0.967784187193,1.96999880061,1.51623524578,2.10000708286,0.759997716253,2.6091975591,2.18961453229,1.55302078827,1.5256431038,0.419997502709
LTU,1.111435282302742,0.9500039429067109,2.209997978349966,0.7789798712005724,3.3199970716351257,5.229972954213638,2.2122530329211303,2.57147578518925,3.5300552605300877,0.44798211707286584,0.6099999570419876,0.45110325619255537,0.5836367039894627,1.2051291251780532,0.010184672264454036,0.49101530663100657,0.010000035118648352,0.02000005351900861,0.04,3.8451719240255797,3.209988641400709,3.414951666513033,4.355649894568805,7.039875901085865,3.759972190840358,6.613623829414558,7.058618515032008,0,1.130001238696891,6.539353611636332,0.029999188904209582,3.629110337430039,4.890313399893189e-4,0,0,0,0,0,0,0,0,4.0873055515563153e-4,0,0,0.0011074646470953299,0.2400003932337578,0.2900008117871494,0.3968506481074613,0.1999983946187621,0.15999932550924054,0.07999867562824885,0.19000353232073472,0.21999966253838626,0.340005163622281,0.11000189892303937,0.07999847723465814,0.6199817684594348,0.20000608337262177,0.18734173736243068,1.54,1.799986759935565,1.5499996205442408,1.4700004681844057,3.6318938883426686,2.173830973308398,0.24000540248514318,0.6200009528102405,4.1286084074028504e-4,0,1.4441933440154569e-5,1.9996322958471888,0.5778728681616038,2.110015129782092,2.0399963292087917,2.280001102963624,2.0999761961437753,2.189987283944803,2.20996681823768,1.899980671610665,1.4700165771903944,0.4199975027088047
LUX,1.1114347664408994,0.9499999999999998,2.209988023496759,0.7789981349258679,3.3200158089902003,5.229975288375058,2.2122530329211303,2.57147578518925,3.56592340991494,0.44798211707286584,0.6099994762761008,0.4699755749112863,0.5836367039894627,1.2051291251780532,0.010184672264454036,0.49101530663100657,0.010000124044085268,0.0200003837617607,0.04000128073770492,4.069950939871821,3.0542566087640513,3.414951666513033,4.021776791931197,7.0399795600545065,3.759909482443974,6.613623829414558,8.280067160638026,0,1.1300109187334269,6.539353611636332,0.029999708003620753,3.629110337430039,4.890313399893189e-4,0,0,0,0,0,0,0,0,4.0873055515563153e-4,0,0,0.0011074646470953299,0.24000061288488322,0.29000095166284784,0.48195080173055305,0.1999998001066431,0.1599983604765548,0.07999947228159054,0.19,0.21999940746885507,0.34000654236179256,0.1100001093984181,0.08000075072257047,0.6199862479944992,0.20000204674771788,0.1632002729134324,1.5399977055730762,1.7999999999999998,1.5500001348403087,1.4699988806885433,2.2023735465858856,2.203763502521793,0.2400036784991723,0.6199991411763022,4.1286084074028504e-4,0,1.4441933440154569e-5,2.0098286651289827,0.592542256855508,2.1099722831735765,2.0400071150111914,2.2800060017774495,2.1000208811860515,2.1900152418643204,2.209986374929871,1.9000071808128678,1.4699958092817649,0.4199975027088047
LVA,1.1114355977156816,0.9499941909999227,2.209999692517504,0.7789892771817071,3.3199984499015445,5.230004913468363,2.2122530329211303,2.57147578518925,3.613079221333531,0.44798211707286584,0.6099999159379538,0.45110325619255537,0.5836367039894627,1.2051291251780532,0.010184672264454036,0.49101530663100657,0.009999818106383514,0.020000165345282286,0.03999864819195674,3.8451719240255797,3.0542566087640513,3.414951666513033,4.313973276344795,7.0399795600545065,3.760081112398609,6.613623829414558,7.058618515032008,0,1.130008850367748,6.67014287204088,0.030000392480081642,6.419903291218219,4.890313399893189e-4,0,0,0,0,0,0,0,0,4.0873055515563153e-4,0,0,0.0011074646470953299,0.2399994979982681,0.29000049030938524,0.39709191325911203,0.2,0.16000000000000003,0.08,0.1899956954396982,0.22000103963226722,0.33999598903670036,0.1099978218253104,0.08000114508187335,0.6200050137879168,0.2,0.22073070594789282,1.540010662401706,1.7999382128053962,1.5499991884785598,1.4700003319465347,2.318609927726396,2.255220425981145,0.24000933888478151,0.6199986770236813,4.1286084074028504e-4,0,1.4441933440154569e-5,1.9803999180276894,0.5839227795852858,2.109995411710726,2.0399717014503005,2.2799945551920464,2.099977596056906,2.1899850894632205,2.2100186924157454,1.8999540018399261,1.4699881376037958,0.4199975027088047
MAR,1.3870283472045848,0.9499939165348583,2.209999548570096,0.7789976432712744,3.3200511011071905,5.2299528301886795,2.850011668898088,1.092002126322911,3.4067351152958953,0.44798211707286584,0.6100002669300377,0.4700156696469721,0.5836367039894627,1.2051291251780532,0.010184672264454036,0.49101530663100657,0.009999767100635814,0.02,0.04,4.0700799681454685,3.2099672437997193,3.7453969620564544,4.6892921296799575,6.675781017206263,3.759900719056831,6.613623829414558,7.058618515032008,0,1.1300085401092665,6.669978708303762,0.029998563011927003,3.629110337430039,4.890313399893189e-4,0,0,0,0,0,0,0,0,4.0873055515563153e-4,0,0,0.0011074646470953299,0.23999952005238284,0.2899991710346762,0.3828210748309288,0.2,0.15999638303644087,0.0800027114967462,0.19000356590990133,0.2200024185182121,0.32784388637010553,0.11000036839584659,0.0800014088475627,0.6199936528086322,0.20000085201010484,0.2121675923064014,1.539993130857171,1.7999982210995384,1.55,1.470000170987911,2.0868182386320338,2.634495751255712,0.23999270954366295,0.6200018249840314,4.1286084074028504e-4,0,1.4441933440154569e-5,1.9799955917403038,0.6226851405261715,2.1099950484544103,2.040031152647975,2.279994515288633,2.099985440780374,2.1900073646265357,2.2099800059556727,1.9000211595429537,1.525643103795973,0.4199975027088047
MDA,1.1114352687229125,0.95,2.2100409836065573,0.7789977004342185,3.319991339045439,5.229999013514846,2.2122530329211303,2.57147578518925,3.4067351152958953,0.44798211707286584,0.610000032288374,0.45110325619255537,0.5836367039894627,1.2051291251780532,0.010184672264454036,0.49101530663100657,0.010000014011509054,0.020000128070489998,0.04000056154537287,3.8451719240255797,3.2100196815172657,3.414951666513033,4.1046763231111925,6.675781017206263,3.759898436880108,6.613623829414558,7.058618515032008,0,1.1299922790762966,6.669951637923168,0.03000066365808336,3.629110337430039,4.890313399893189e-4,0,0,0,0,0,0,0,0,4.0873055515563153e-4,0,0,0.0011074646470953299,0.24000039339489965,0.2899995728353431,0.37807450086587435,0.19999383163446263,0.15999775646418757,0.07999999999999999,0.19000353232073472,0.21999813014210917,0.32784388637010553,0.11000240925152587,0.08000153362472202,0.6199987967029662,0.2000012049535641,0.18879881335496873,1.5399863760217984,1.80001158513627,1.5500008842931843,1.4700035707843577,2.254796098002461,1.9603940036072256,0.2399979735891114,0.6199873467004089,4.1286084074028504e-4,0,1.4441933440154569e-5,1.9802628889537033,0.6863776920438344,2.10999161866719,2.039970254694181,2.27998967208882,2.1000044328206036,2.1899941600155737,2.2100154850127196,1.9000211595429537,1.525643103795973,0.4199975027088047
MDG,1.4426252129562307,1.1499998058510836,2.4527545723684274,1.9633296911916371,3.510019345183779,4.943909192227425,2.2122530329211303,2.8627956737110534,3.19993792124867,0.464999893600006,0.4985717424741815,0.40333315982555673,0.5836367039894627,0.8800050355240485,0.060001348890537536,0.49101530663100657,0.007690343991469126,0.02999927001970947,0.039999999999999994,4.292410542762736,4.1000097333073775,3.771198256350477,5.082552007669434,5.361170931123846,3.3580143914902494,6.613623829414558,7.058618515032008,0,1.0620192307692307,6.539353611636332,0.06688133326903603,3.629110337430039,4.890313399893189e-4,0,0,0,0,0,0,0,0,4.0873055515563153e-4,0,0,0.0011074646470953299,0.319999151926981,0.39362562692121017,0.6251057229460123,0.19999999999999998,0.19714472586210785,0.1600018084408979,0.19000094688003027,0.24000012626103207,0.32784388637010553,0.10999914170457471,0.11875140432445512,0.5827862456650034,0.19,0.19954379804994915,1.7000050423557886,1.4866478165252905,1.6540012507277941,1.9399969176498795,2.9375739376402557,2.5466838433786454,0.2391469122617042,0.6206345016366591,4.1286084074028504e-4,0,1.4441933440154569e-5,2.027576269830784,0.9200165521748909,1.9699688406575697,1.4800132998374467,2.099969927396142,0.760018266925448,2.670005952314103,2.2100154850127196,1.8927895094932068,1.4700246372844237,0.4199975027088047
MDV,3.369069189001175,0.9500002861623341,2.2100229952184542,2.1000202778059416,3.3211974117387255,5.230137486312204,2.8500016526194014,2.57147578518925,3.4067351152958953,0.270004679457183,0.610000461568641,0.47000220409962534,0.5500030315891591,0.7868029163337364,0.010184672264454036,0.49101530663100657,0.009999956727939904,0.019999633168870712,0.039999729631081615,4.069942513003011,3.2099644128113876,3.9609342078150145,3.538805584551888,7.040101226396731,3.7600375430180413,6.600087870492413,7.058618515032008,0,1.129997473993616,6.669951637923168,0.029999151175621765,3.629110337430039,4.890313399893189e-4,0,0,0,0,0,0,0,0,4.0873055515563153e-4,0,0,0.0011074646470953299,0.24000057950158035,0.2900000535052159,0.43653720629274917,0.19999955781169854,0.1599955596435028,0.07999848645376116,0.19000201267988326,0.22000029171954083,0.32784388637010553,0.10999989654209186,0.0800006305634084,0.6199811730037245,0.19999786343047604,0.14037702226962886,1.5400038317846538,1.7999999999999998,1.5500173822353553,1.4699977733244267,1.9643422241963315,2.215305645980941,0.2391469122617042,0.6206345016366591,4.1286084074028504e-4,0,1.4441933440154569e-5,1.980252475560673,0.7597318670726632,2.110046686473049,2.039999085212459,2.280000326547495,2.1000003390933997,2.189996071755925,2.210040232825008,1.8999906649656162,1.525643103795973,0.4199975027088047
MEX,1.715276193525578,1.1700050871168763,2.4527545723684274,2.489999606103815,3.759900719056831,3.5801068961022033,2.2122530329211303,2.57147578518925,3.8693251500400376,0.5199991309448802,0.46999974709246656,0.4000050694514854,0.5836367039894627,0.4341206162654914,0.01,0.6000028076874482,0.007690343991469126,0.4837991396021679,0.15999606923757248,3.9799884839849318,3.4899363854416516,3.650007523998114,4.027892031079525,6.949904188338351,4.780044672041839,7.049678945589726,7.058618515032008,0,0.8299933316955042,6.289942595480638,0.5500056154537287,3.629110337430039,0.0024999830390035078,0,0,0,0,0,0,0,0,0.012200240902288571,0,0,0.020000561537489647,0.26000027338712983,0.31000028574966426,0.6366277693489262,0.21999980109266432,0.24000126566257435,0.20999790345405944,0.178638180627905,0.2600000761983137,0.32784388637010553,0.11000181521147215,0.08000048049779572,0.29000000000000004,0.19999789955680647,0.30470619092621,1.8800011237352963,1.7999900343813844,1.7000012469812662,1.9600003895560034,2.24899483632923,2.1304744779905773,0.2399929527836505,0.7500304173257087,0.002999984854680661,0,1.4441933440154569e-5,1.9412329868708962,0.7084680247193298,2,1.8700295387411952,2.159986767016789,1.8399965121855517,1.920086393088553,1.2600090496220946,1.6799933181134807,3.660005474952094,0.4199975027088047
MKD,1.1114348625857795,0.9500026259125046,2.4527545723684274,0.7789972955133561,3.3199502281211117,5.230005198482486,2.2122530329211303,2.57147578518925,3.4067351152958953,0.44798211707286584,0.6099999746219302,0.45110325619255537,0.5836367039894627,1.2051291251780532,0.010184672264454036,0.49101530663100657,0.00999998904890867,0.02000041477425911,0.03999864819195674,4.070006820076284,3.210004888381946,3.938860724937843,3.87642687959912,7.039804421183114,3.7599851211233553,6.613623829414558,7.058618515032008,0,1.129995320542817,6.669942302022938,0.02999967794226578,6.420215255030416,4.890313399893189e-4,0,0,0,0,0,0,0,0,4.0873055515563153e-4,0,0,0.0011074646470953299,0.23999994154256032,0.2900007514919707,0.3369072836639957,0.20000158072776705,0.1600024110910187,0.07999920537168739,0.18999651142508284,0.21999800390663984,0.3399965379954994,0.10999974234108886,0.0800012446712512,0.619996256384202,0.20000030954050257,0.16997993992428498,1.5400027324819776,1.8,1.550000322978638,1.4699981341068307,2.318609927726396,2.3895467850242005,0.2400034573289973,0.6199995133346311,4.1286084074028504e-4,0,1.4441933440154569e-5,1.9800019205049604,0.6561770942515854,2.10993055143349,2.039954642475987,2.280028014474145,2.0999292953099222,2.1899941600155732,2.2100402328250075,1.9000211595429537,1.525643103795973,0.4199975027088047
MLI,1.4426230795815138,1.1499998098958102,2.4527545723684274,2.424000389112709,3.3211974117387255,4.943909192227425,2.077977396102162,2.8627331742220434,3.1999260628465804,0.4649898197348165,0.49857060751046856,0.4033329211831458,0.589995522763375,1.2051291251780532,0.010184672264454036,0.49101530663100657,0.007690343991469126,0.03,0.039999999999999994,3.8451719240255797,4.100010428616122,3.8714157843626054,3.3693321168222545,5.3613544474393535,3.3580413297394434,6.613623829414558,7.058618515032008,0,1.0619976836415963,6.424856282507527,0.06688133326903603,0.8199834847233691,4.890313399893189e-4,0,0,0,0,0,0,0,0,4.0873055515563153e-4,0,0,0.0011074646470953299,0.3200036561400301,0.39363729094093425,0.1157126036143889,0.20000309396367685,0.19714040436932004,0.14799250333447947,0.178638180627905,0.23999773097179858,0.32784388637010553,0.109998440180939,0.11874676951214663,0.5827862456650034,0.19000481801059962,0.1754776381076251,1.6999956629760657,1.486663819336928,1.6539669122086706,1.9400160479088793,2.942815442153076,2.8945867254374944,0.2391469122617042,0.6206345016366591,4.1286084074028504e-4,0,1.4441933440154569e-5,1.98004150390625,1.126429597831279,1.9700123123549746,1.9871922868925984,2.100014729709825,0.7599966337252639,2.6700538741185227,2.169236810588806,1.8927895094932068,1.525643103795973,0.4199975027088047
MLT,1.1114355992060891,0.9499958803658234,2.2100229952184547,0.7790013181486969,3.3199951333594693,5.230021864861052,2.2122530329211303,2.57147578518925,3.4067351152958953,0.44798211707286584,0.6100000720039747,0.470010702416493,0.5836367039894627,1.2051291251780532,0.010184672264454036,0.49101530663100657,0.009999642380770129,0.020000061447896792,0.0399997079993576,4.070033086497558,3.2099672437997193,4.068406052766962,4.65364664021349,7.039967150287435,3.7599700822737474,6.6000878704924135,7.058618515032008,0,1.130047550758548,6.670113911152343,0.029999865314423477,3.629110337430039,4.890313399893189e-4,0,0,0,0,0,0,0,0,4.0873055515563153e-4,0,0,0.0011074646470953299,0.23999979756675235,0.2900001265783873,0.5650362759161612,0.19999959381873347,0.1600020999028795,0.08000068868151923,0.19000142429853295,0.21999926999972627,0.32784388637010553,0.11000066123196962,0.07999812891757882,0.6200171903352116,0.20000000000000004,0.20055231107158172,1.5399985369574987,1.7999884868894453,1.5499997410726152,1.4699985310568482,2.4200373866978717,1.8773266770584138,0.2391469122617042,0.620008848578697,4.1286084074028504e-4,0,1.4441933440154569e-5,1.9808026331509803,0.6577125918867575,2.110010186128345,2.0399992206678874,2.2800040566878024,2.099986992151932,2.189964759187783,2.2099665755089637,1.900003566206626,1.469998986109703,0.4199975027088047
MMR,1.11143246782,1.01666689846,2.4342199258,1.15230500019,3.32077394188,5.13461301009,2.21225303292,2.57147578519,4.26604269815,0.336667671231,0.589998487234,0.437035000033,0.529089923357,1.05341714316,0.0101846722645,0.491015306631,0.0100000644981,0.0299998764232,0.0596389650402,3.60839955217,2.23139751763,3.93892189406,3.04857059985,4.85999146777,3.76006471196,6.60911184311,7.05861851503,0,1.44852097624,6.62646995264,0.042294021092,3.62911033743,0.000489031339989,0,0,0,0,0,0,0,0,0.000408730555156,0,0,0.0011074646471,0.240930653199,0.308091568697,0.373240797829,0.20000126759,0.168642545773,0.162664568603,0.186212207089,0.220001452281,0.32784388637,0.110001595568,0.0800007049608,0.582786245665,0.199998377782,0.207897021286,1.54000306288,1.5999937811,1.54999432638,1.47000206725,2.19531487343,2.1934424351,0.239713238108,0.620416743921,0.00041286084074,0,1.44419334402e-05,1.99377081118,0.883115796548,2.10998844169,2.02571198579,2.27664575362,2.09999762125,2.22628959445,2.18285102427,1.89761509208,1.50710039091,0.419997502709
MNE,1.1114354723973066,0.9499932718831999,2.2099644128113876,0.7789912038414141,3.3199812821712684,5.230134686279519,2.2122530329211303,2.57147578518925,3.4067351152958953,0.44798211707286584,0.6099995695936349,0.4699989861097029,0.5836367039894627,1.2051291251780532,0.010184672264454036,0.49101530663100657,0.010000036812887456,0.020000563396152006,0.040002281282080526,4.069995694379208,3.210026096769643,3.414951666513033,3.7659390939273547,6.675781017206263,3.7600376780878366,6.599975216014961,7.058618515032008,0,1.129984645755648,6.669860388721598,0.029999485914044825,3.629110337430039,4.890313399893189e-4,0,0,0,0,0,0,0,0,4.0873055515563153e-4,0,0,0.0011074646470953299,0.24000007470993867,0.2900000705313124,0.3317814076130453,0.1999996492003522,0.1600003612520998,0.08000135034771454,0.18998755623624006,0.22000037989230056,0.32784388637010553,0.10999977578140183,0.07999724745389485,0.6199946520489337,0.19999909969119406,0.18317767698247467,1.5399994761037838,1.8,1.5500005495411333,1.469998953865467,2.318609927726396,2.1277280105813743,0.23998881822629115,0.6199948899514546,4.1286084074028504e-4,0,1.4441933440154569e-5,1.9799929284134514,0.6196015865539981,2.1100395537976087,2.039954642475987,2.2800076533866234,2.099992819187132,2.1899747821085698,2.209940550255772,1.90006373486297,1.525643103795973,0.4199975027088047
MNG,1.1114353593619197,0.9500007242073552,2.2099889114766214,1.898917138493594,3.319927002175896,5.229870793488575,2.2122530329211303,2.57147578518925,4.278792612831616,0.27000243864588647,0.6099998641138182,0.45110325619255537,0.5836367039894627,1.2051291251780532,0.010184672264454036,0.49101530663100657,0.010000118699293147,0.03000033486253893,0.03999927001970947,3.8451719240255797,3.209942331557048,4.385624205039825,2.7826779206016137,7.039967150287435,3.7601078167115904,6.613623829414558,7.058618515032008,0,1.607781361733978,6.539353611636332,0.03000036500346753,3.629110337430039,4.890313399893189e-4,0,0,0,0,0,0,0,0,4.0873055515563153e-4,0,0,0.0011074646470953299,0.23999707562639036,0.29000038803306044,0.362007858710592,0.20000114281469544,0.18592760998167548,0.14799250333447947,0.1900002803397718,0.22000430431507587,0.32784388637010553,0.11000157768229192,0.08000061344675283,0.5827862456650034,0.19999999999999998,0.15347571196069618,1.5400003444297103,1.6000006163651102,1.5499817489701204,1.4700103847988997,2.188754129073608,2.635939715382427,0.2399989781842334,0.6206345016366591,4.1286084074028504e-4,0,1.4441933440154569e-5,1.9800190707350902,0.9693577521311116,2.1099651982004923,2.049947171261166,2.270018353164374,2.0999773294037634,2.2444296988006567,2.169236810588806,1.8927895094932068,1.525643103795973,0.4199975027088047
MOZ,1.4426291518693952,1.1500000000000001,3.1999270006387444,1.9633298259456047,3.3211974117387255,4.943909192227425,2.077980309240453,2.8627337907526846,3.2000102720817654,0.4649999897367897,0.49857281727726976,0.40333369286817033,0.5836367039894627,1.7899946179393271,0.060000000000000005,0.49101530663100657,0.007690343991469126,0.03,0.039999999999999994,4.29240625,3.0542566087640513,3.847356142160977,4.961524503595737,5.361343174628924,3.358079683246721,6.613623829414558,7.058618515032008,0,1.061989809182135,6.539353611636332,0.06688133326903603,0.819996880361878,4.890313399893189e-4,0,0,0,0,0,0,0,0,4.0873055515563153e-4,0,0,0.0011074646470953299,0.3200026964625781,0.3936358673247691,0.3462599284172698,0.1999975186104218,0.19714309136369226,0.16000036246330057,0.178638180627905,0.24000163530626217,0.32784388637010553,0.10999675561683836,0.1187486445456517,0.5827862456650034,0.19000043800096358,0.17599220123302328,1.6999544263415747,1.4866221658299774,1.6540063365527107,1.9399967121486108,2.318609927726396,2.1104409574954173,0.2391469122617042,0.6206345016366591,4.1286084074028504e-4,0,1.4441933440154569e-5,1.9800097991180792,0.9501029373920077,1.9700169769516302,1.480005122786796,2.1000441891294743,0.7600043734966107,2.6699922133540976,2.2100402328250075,1.8927895094932068,1.525643103795973,0.4199975027088047
MRT,1.4426261612744335,1.150000268711742,3.199965647175017,2.423996499184469,3.3211974117387255,4.943909192227425,2.077997366819089,2.8627321673773216,3.4067351152958953,0.44798211707286584,0.49857480625246287,0.4033285509325681,0.5900141476066965,1.2051291251780532,0.010184672264454036,0.49101530663100657,0.007690343991469126,0.029999170468685193,0.04891507007657515,4.29243144594139,4.0999877104584,3.851621252409383,4.021776791931197,6.675781017206263,3.3579706177570943,6.613623829414558,7.058618515032008,0,1.607781361733978,6.539353611636332,0.06688133326903603,0.8200067819599866,4.890313399893189e-4,0,0,0,0,0,0,0,0,4.0873055515563153e-4,0,0,0.0011074646470953299,0.31999616885760124,0.3936368302645087,0.5005546616718007,0.19999094776862494,0.18592760998167548,0.15999586805316438,0.1900006541220592,0.23999504091247212,0.32784388637010553,0.1099990987743331,0.11875111826802648,0.28000026301600456,0.1900025550242727,0.2938113513826515,1.7000044031526576,1.4866657012415876,1.5632824116232011,1.9400080472103003,2.1759553548163058,3.037936291422611,0.21000055343405835,0.5699931295087598,4.1286084074028504e-4,0,1.4441933440154569e-5,1.9800038238176036,1.212747081108404,1.9700075452716297,1.4799943313335537,2.100023096212221,0.7599735508044964,2.6699922133540976,2.2100154850127196,1.8927895094932068,1.525643103795973,0.4199975027088047
MUS,1.4426265818586874,1.150000281907726,3.2000331821701136,1.963329876972228,3.3211974117387255,5.230016357319562,2.2122530329211303,2.57147578518925,3.4067351152958953,0.4649928209778583,0.49857064446782234,0.4033313216656608,0.5836367039894627,1.2051291251780532,0.010184672264454036,0.49101530663100657,0.007690343991469126,0.02999927001970947,0.03999918890420959,4.292440778187393,4.10001246896927,4.037151727736666,4.718305292638365,5.361118715211242,3.3580289829882464,6.599975666797345,7.058618515032008,0,1.0620188388732903,6.425070393158827,0.030000561545372867,0.8199812821712682,4.890313399893189e-4,0,0,0,0,0,0,0,0,4.0873055515563153e-4,0,0,0.0011074646470953299,0.3199996648194494,0.39363799784781706,0.4405615678917913,0.20000179720355127,0.19714873328970736,0.1599976252671574,0.18999999999999997,0.23999830389891236,0.32784388637010553,0.10999874335022829,0.11874569137549436,0.2799877312193281,0.1899990875079843,0.24366474560389026,1.7000053645190711,1.4866606350817575,1.6540030685542926,1.9400003625355737,2.98705488819095,2.747313524346661,0.2099979740680713,0.5700115874855157,4.1286084074028504e-4,0,1.4441933440154569e-5,1.9800062756752965,0.9281911203126042,1.9700269289310384,1.4799964751498063,2.0999987688671116,0.7600210816033731,2.6699029126213594,2.210089701220746,1.100028854477253,1.4699790126836387,0.4199975027088047
MWI,1.4426311659086826,1.1499965348097612,2.4527545723684274,1.963329596422539,3.3211974117387255,4.943909192227425,2.077968096482514,2.8627487158095146,3.4067351152958953,0.465000218675297,0.49857149629154235,0.45110325619255537,0.5836367039894627,1.2051291251780532,0.010184672264454036,0.49101530663100657,0.007690343991469126,0.030000486665368895,0.04891507007657515,4.292406936770663,4.100010428616122,2.817052987266029,4.021776791931197,5.361189484526848,3.358009459181575,6.613623829414558,7.058618515032008,0,1.061977960272338,6.539353611636332,0.06688133326903603,3.629110337430039,4.890313399893189e-4,0,0,0,0,0,0,0,0,4.0873055515563153e-4,0,0,0.0011074646470953299,0.32,0.39363806404962387,0.3832545545223867,0.20000382350692056,0.18592760998167548,0.16,0.18999948837764552,0.24000094270092387,0.33999909796333005,0.10999809680898306,0.08723943428751489,0.5827862456650034,0.19,0.1779491589133603,1.6999796102647753,1.4866432076126281,1.6539911752908145,1.9400023808579028,2.318609927726396,2.3305389677623873,0.2391469122617042,0.6206345016366591,4.1286084074028504e-4,0,1.4441933440154569e-5,1.9800278855936995,0.9201794669978307,1.970004068498724,1.9871922868925984,2.0999938135400984,0.7600220796246463,2.2444296988006567,2.169236810588806,1.8927895094932068,1.525643103795973,0.4199975027088047
MYS,1.1114350097360233,1.049999794481978,2.639900722680488,0.7789982597133416,3.3211974117387255,5.229998053338524,2.2122530329211303,2.57147578518925,4.285943190515681,0.3700013068478829,0.5799975430439794,0.43000172821015037,0.5836367039894627,0.20726009410219937,0.010184672264454036,0.49101530663100657,0.010000139813209553,0.030000503448623067,0.0899990875079843,3.489955453369737,0.4300096261832184,3.1477217892110554,2.8217261379451983,3.769960762843325,3.760021816198527,6.613623829414558,7.058618515032008,0,1.129999491361625,6.670073365696974,0.0299990875079843,6.440024957104976,4.890313399893189e-4,0,0,0,0,0,0,0,0,4.0873055515563153e-4,0,0,0.0011074646470953299,0.23999904468486538,0.28999994028745624,0.5276363860027121,0.19999706318556262,0.15999184914651157,0.17000055953446733,0.19000015943623347,0.21999729705378862,0.32784388637010553,0.11000011456197231,0.08000257615766085,0.6199809023633326,0.2,0.18000453619345913,1.5399951746978702,1.5999999999999999,1.5500076703995946,1.4700001812677868,2.318609927726396,2.3958500352070518,0.2399987232412648,0.6200107353730543,4.1286084074028504e-4,0,1.4441933440154569e-5,1.9862366153512279,0.8967761731434529,2.1099931484254064,2.0399963174746056,2.2799965630927077,2.100008462054196,2.189985089463221,2.2099946481134602,1.9000032958702746,1.4700149651421688,0.4199975027088047
NAM,1.4426258737264976,1.1500089599818912,2.4527545723684274,1.9633308921809138,3.5099917875718587,5.230039237156674,2.0779756134694436,2.862762438415016,3.2000671366230278,0.46502073869247484,0.4985711509664735,0.4033203785062521,0.5836367039894627,1.7900004579809725,0.010184672264454036,0.49101530663100657,0.007690343991469126,0.029999270019709465,0.04891507007657515,4.292362441828634,4.099861303744799,3.8399322766715716,4.021776791931197,6.675781017206263,3.3580143914902494,6.613623829414558,7.058618515032008,0,1.0619940567681114,6.539353611636332,0.03000036500346753,0.819996880361878,4.890313399893189e-4,0,0,0,0,0,0,0,0,4.0873055515563153e-4,0,0,0.0011074646470953299,0.3199984807709003,0.39363696313212104,0.3576475414989398,0.20000695857905812,0.1971469329529244,0.16000137736303846,0.18999712185038853,0.23999626028421836,0.32784388637010553,0.11000258020125571,0.11874970179874995,0.2800022920009168,0.18999806289145738,0.4737031333972455,1.699993927002571,1.4866706006907682,1.6540014054354397,1.9400024311605317,2.71614115948726,2.869486313520901,0.20999591611213878,0.6206345016366591,4.1286084074028504e-4,0,1.4441933440154569e-5,2.030398608999497,0.9208786990513198,1.9700598802395208,1.4799576463469974,2.1000089540818405,0.760002441480758,2.670053874118523,2.210044131612759,1.1000052898857384,1.525643103795973,0.4199975027088047
NER,1.4426263871763256,1.1500007087373136,3.200053090884959,2.4240089222346146,3.3211974117387255,4.943909192227425,2.077976560051563,2.862734421699918,3.199989985478944,0.4650003713882493,0.4985580389329488,0.40333089660871496,0.5899997705843217,1.2051291251780532,0.010184672264454036,0.49101530663100657,0.007690343991469126,0.0299990875079843,0.04891507007657515,4.292362441828634,4.100089220536945,3.8710678009300086,2.0398032809539473,6.675781017206263,3.358003027045998,6.613623829414558,7.058618515032008,0,1.0620391378332388,6.425011479224549,0.06688133326903603,3.629110337430039,4.890313399893189e-4,0,0,0,0,0,0,0,0,4.0873055515563153e-4,0,0,0.0011074646470953299,0.32000128794749466,0.39363717853274843,0.3937677058763425,0.19999999999999998,0.18592760998167548,0.16000918273645548,0.178638180627905,0.24000259235255994,0.32784388637010553,0.11000081109579041,0.11875111826802646,0.27999498621208324,0.20415663792048608,0.3893510021372753,1.699997030041134,1.4866757051096837,1.6539834289356279,1.940027662517289,2.995942359540053,2.691911088264074,0.20999724467303452,0.6206345016366591,4.1286084074028504e-4,0,1.4441933440154569e-5,1.9800484194982917,1.1781770874533368,1.9699472356044965,1.9871922868925984,2.09990720692855,0.7600063478389009,2.2444296988006567,2.169236810588806,1.8927895094932068,1.525643103795973,0.4199975027088047
NGA,1.4426263291633008,1.1500000605507943,3.2000219002080517,2.423998799743539,3.3211974117387255,5.229949386801636,2.077977603053822,2.862735760326308,3.2006707868888644,0.46499990206338454,0.49857546699185185,0.40333443904408905,0.58999983931545,0.8800124208196707,0.06000051049058145,0.49101530663100657,0.007690343991469126,0.030000618658747834,0.04891507007657515,3.8451719240255797,3.0542566087640513,3.870357023114289,5.075966348895432,5.361277208184341,3.357998473637057,6.613623829414558,7.058618515032008,0,1.0620003899395591,6.42515603898237,0.06688133326903603,0.8200032271944923,4.890313399893189e-4,0,0,0,0,0,0,0,0,4.0873055515563153e-4,0,0,0.0011074646470953299,0.3199992174814641,0.39363625341829106,0.5430939657475857,0.2,0.18592760998167548,0.14799250333447947,0.1899992218380186,0.26811568536182057,0.34000075145081243,0.11000202778059415,0.11874698705825638,0.2799919780734006,0.18999499436866477,0.32540581951989517,1.7000000000000002,1.4866730206724292,1.6540444168830666,1.9400094324791701,3.0200730530039084,2.8101674252814166,0.21000171320884017,0.6206345016366591,4.1286084074028504e-4,0,1.4441933440154569e-5,1.9799997686516826,0.9200608963924621,1.9699848327612357,1.4799964751498063,2.100005323963158,0.7600086561350358,2.670005952314103,2.210043136821148,1.1000052898857384,1.525643103795973,0.4199975027088047
NIC,1.7152776696120227,1.1700004513397269,2.4527545723684274,2.4900008622049996,3.3211974117387255,3.579979508852816,2.2122530329211303,4.443985877188798,3.870011755243457,0.5200017430712915,0.4699995062808134,0.45110325619255537,0.5836367039894627,1.2051291251780532,0.010184672264454036,0.5999732929760527,0.007690343991469126,0.4838005831924737,0.1599963500319372,3.980002668504157,3.489877360327039,3.414951666513033,4.021776791931197,6.675781017206263,4.779999607527619,6.613623829414558,7.058618515032008,0,0.8300065803904365,6.290150494159929,0.5499817504927368,3.629110337430039,0.0025,0,0,0,0,0,0,0,0,0.01220038934176907,0,0,0.02,0.2599938725490196,0.30999728164272417,0.5554337013662516,0.2199992653630943,0.18592760998167548,0.20999724530554156,0.178638180627905,0.2599951088285644,0.3059086464590027,0.10999947814547813,0.0800001674116485,0.5827862456650034,0.20000584001284802,0.2051821800292424,1.8799960537187534,1.8000370730803097,1.6999886788180687,1.9599988875704537,2.210588397218249,1.7329251509316645,0.24000144331384857,0.6206345016366591,0.0030000354371168365,0,1.4441933440154569e-5,1.9400781768439754,0.6972444184203486,2,1.8700072040342592,2.1600222866913867,1.8400119024003174,1.9200422465208749,2.169236810588806,1.6800007296340884,3.6598897689528047,0.4199975027088047
NLD,1.1114351984000213,0.9500040684901251,2.2099711214503452,0.7789910371135972,3.319995145789673,5.229998053338524,2.2122530329211303,2.57147578518925,3.873874281803675,0.44798211707286584,0.6099996527142455,0.4700120295583434,0.5836367039894627,1.2051291251780532,0.010184672264454036,0.49101530663100657,0.010000240131625253,0.019999575587810882,0.03999864819195674,4.06998248004672,3.2099672437997193,3.055084951338554,5.460231932278275,6.675781017206263,3.7600560409984145,6.613623829414558,7.058618515032008,0,1.1300005706785368,6.6700359389038635,0.02999965237946258,3.629110337430039,4.890313399893189e-4,0,0,0,0,0,0,0,0,4.0873055515563153e-4,0,0,0.0011074646470953299,0.24000040535473605,0.289996854877423,0.789340595803844,0.19999999999999998,0.16000042289556593,0.07999927252446136,0.178638180627905,0.22000262745067733,0.33999513629429845,0.10999977389808041,0.0800023345565437,0.6199903738167816,0.20000133232076955,0.18294360273554494,1.5400016329828152,1.8000191094974203,1.5500014352943956,1.470000650140709,4.999696008750985,2.5296485477138058,0.23999602227525854,0.6199995133346311,4.1286084074028504e-4,0,1.4441933440154569e-5,1.9799991528803833,0.5865407131530468,2.1099576978737615,2.0400023600212402,2.280000713135359,2.100059512001587,2.189999004545907,2.209994074659293,1.899990664965616,1.525643103795973,0.4199975027088047
NOR,1.1114353179522927,0.950001155063413,2.209999283376729,1.898917138493594,3.3200063086507376,5.229978962392489,2.2122530329211303,2.57147578518925,3.4067351152958953,0.44798211707286584,0.6100002542942852,0.470010702416493,0.5836367039894627,1.2051291251780532,0.010184672264454036,0.49101530663100657,0.010000036019724401,0.01999992379965405,0.039999729631081615,4.070153666459832,3.2099836084321276,4.1854572639406324,4.202994760717433,7.039905912888313,3.759925512104283,6.613623829414558,7.058618515032008,0,1.1300011919424688,6.670012514339347,0.02999929809784516,3.629110337430039,4.890313399893189e-4,0,0,0,0,0,0,0,0,4.0873055515563153e-4,0,0,0.0011074646470953299,0.24000029619610155,0.2899987482788835,0.5157119355033705,0.20000039598157895,0.15999737945492662,0.07999606479963271,0.1899969809801751,0.21999969623790644,0.32784388637010553,0.11000047322717271,0.080001011582621,0.6200050137879168,0.2,0.19712682822670685,1.5399994607420189,1.8000072833875036,1.550000731646644,1.4700021434217048,1.9425656441438368,2.211831752002439,0.2400042648469986,0.6199989861097029,4.1286084074028504e-4,0,1.4441933440154569e-5,1.9800042751101083,0.587256420716137,2.1100003867125565,2.0399990666009398,2.2799961929739214,2.1000011335426607,2.190005197423338,2.2098917912511293,1.899970282317979,1.525643103795973,0.4199975027088047
NPL,3.3690700096578103,0.9499996843653534,2.209989806320081,2.1000004071843605,3.320010949904188,5.230134686279519,2.8499971784887994,2.57147578518925,3.6229291122095195,0.2700028968713789,0.6099996567297485,0.45110325619255537,0.5836367039894627,0.7762186358832296,0.010184672264454036,0.01,0.010000457393770297,0.030001013890297072,0.03999927001970947,4.07001077623666,3.2100885591191957,3.013426617581071,5.165727221454514,7.0401868817753765,3.7599233506706815,6.600087870492413,7.058618515032008,0,1.1300049283890141,6.6699922133540985,0.06688133326903603,3.629110337430039,4.890313399893189e-4,0,0,0,0,0,0,0,0,4.0873055515563153e-4,0,0,0.0011074646470953299,0.24000053480225686,0.28999482267667614,0.4149397893678935,0.1999985073624348,0.16,0.14799250333447947,0.18999864663689267,0.21999874379750017,0.32784388637010553,0.11000013609330557,0.08000000000000002,0.6199862479944992,0.2000033692722372,0.2582201953984711,1.5399920446150974,1.599995456817046,1.5499739266469668,1.4700166219153563,2.318609927726396,2.4539368153240706,0.24000122621650896,0.6206345016366591,4.1286084074028504e-4,0,1.4441933440154569e-5,1.9827047278505574,1.0811111624247585,2.109996921317676,2.049995197387379,2.270044543429844,2.1000091555528426,2.2444296988006567,2.169236810588806,1.8927895094932068,1.525643103795973,0.4199975027088047
NZL,1.1114350959883879,0.9500018276094346,2.2099975666562384,0.7790043002172274,3.320035040332883,5.229976350289128,2.2122530329211303,2.57147578518925,4.289990682816452,0.2700045398534276,0.610000091668271,0.46999700762176344,0.5836367039894627,1.2051291251780532,0.010184672264454036,0.49101530663100657,0.010000363787390523,0.020000126956720456,0.03999919781806514,4.0700232979549575,3.2100009826906066,2.9867795832975097,5.211085573184484,7.039973820671601,3.759983777851997,6.6000386249517184,7.058618515032008,0,1.1300195886385895,6.670012470724214,0.03000014038437241,6.4199812821712685,4.890313399893189e-4,0,0,0,0,0,0,0,0,4.0873055515563153e-4,0,0,0.0011074646470953299,0.23999908897142977,0.3442737429535229,0.514315534899191,0.1999984478798038,0.160002204950113,0.07999973782182371,0.19000969077614305,0.21999825609277585,0.32784388637010553,0.10999992490575673,0.08000070222253432,0.6200176194205168,0.2000008878865636,0.29203708407988727,1.5400014873205918,1.8000022583049164,1.5500019199130428,1.4699998703748112,1.9038929208532176,2.5858239622357058,0.24000197086405964,0.6199927000638744,4.1286084074028504e-4,0,1.4441933440154569e-5,1.9936479010738692,0.5767690435098055,2.1099434114793856,2.0400042690193705,2.280003999866671,2.0999523910283537,2.190047451028106,2.2099637512779995,1.8999684193904942,1.4699870590967912,0.4199975027088047
OMN,2.46601654724,0.949998945724,2.30709852368,1.57159924204,3.32071053878,5.11555747959,2.33979311224,2.59845068479,3.754679333,0.412387221059,0.610000142497,0.470007772919,0.583636703989,1.03507802873,0.0101846722645,0.491015306631,0.0099999303957,0.0199999765137,0.0399999366927,4.06998740166,3.20999013278,3.31263427601,4.83663225757,6.96709942635,3.75997434921,6.60276069782,7.05861851503,0,1.13000929023,6.64390188666,0.0300002310077,5.30363720473,0.000489031339989,0,0,0,0,0,0,0,0,0.000408730555156,0,0,0.0011074646471,0.239999850747,0.290000042938,0.442659141386,0.200000333017,0.160001179998,0.0799995494383,0.187727130347,0.219999989264,0.32784388637,0.110000028343,0.0799994752847,0.620004245503,0.19999963266,0.229903376012,1.53999793395,1.79999937711,1.55796684067,1.46999973283,2.2607299542,2.43245653905,0.239830093856,0.62012536586,0.00041286084074,0,1.44419334402e-05,1.9821707385,0.714414777985,2.10998869555,2.03998931399,2.27999806305,2.09998533222,2.18999038804,2.20999440431,1.90002453512,1.51451428026,0.419997502709
PAK,3.3690706849250445,0.9499991183575589,2.2099872251117803,2.1000015041212925,3.3211974117387255,4.943909192227425,2.8499881300623278,2.7063821250616744,3.4067351152958953,0.26999652385504475,0.610001762305638,0.47001013904982614,0.5836367039894627,0.7800029767318791,0.010184672264454036,0.009999999999999998,0.010000072825255798,0.030000486665368892,0.039999999999999994,4.070017197206331,3.2099567099567103,2.798939720727448,4.7740261672715,6.675781017206263,3.7599156460377974,6.613623829414558,7.058618515032008,0,1.129991090953268,6.539353611636332,0.06688133326903603,6.440067031333986,4.890313399893189e-4,0,0,0,0,0,0,0,0,4.0873055515563153e-4,0,0,0.0011074646470953299,0.24000471880228214,0.2899982101889064,0.4588304896067641,0.19999884978807342,0.16000198267636528,0.14799250333447947,0.19000353232073472,0.21999999999999997,0.32784388637010553,0.10999963353407524,0.07999942745086813,0.620000320877922,0.19999304783092325,0.33928160476316227,1.5399995503563428,1.6000038140279949,1.5632824116232011,1.469987228607918,1.8811614073949814,2.7696659915774586,0.2400039207998432,0.6199948899514546,4.1286084074028504e-4,0,1.4441933440154569e-5,1.9813506615336078,1.0533604513067307,2.1099873577749686,2.049995197387379,2.270038278621969,1.9678892957376608,2.2900150380330837,2.2100402328250075,1.9000211595429537,1.525643103795973,0.4199975027088047
PAN,1.7152748067740928,1.1699996866953437,2.4527545723684274,2.4899996662509976,3.759900719056831,3.5799612472963234,2.2122530329211303,2.57147578518925,3.870045781556573,0.5199957701255503,0.4699996936790676,0.4,0.4099992625912543,0.5589631427807624,0.010184672264454036,0.6000000000000001,0.007690343991469126,0.4837972514044498,0.15999708007883787,3.9799710203407863,3.4899433097771215,3.5372058873749266,3.6136937894801178,6.949980789549516,4.780060485973511,7.050076043485609,7.058618515032008,0,0.8299990217178634,6.539353611636332,0.5499883863689152,3.629110337430039,0.0024999776348395525,0,0,0,0,0,0,0,0,0.012199987304408542,0,0,0.02,0.2599986077499191,0.309998322684924,0.6816277517242022,0.21999871583588382,0.2400038364806684,0.2100074770768565,0.178638180627905,0.26000081357035354,0.3058991309514967,0.11000144299048385,0.07999967689300312,0.28999278036258624,0.20000313976671533,0.25175117282503634,1.8799976456155787,1.6464502883056924,1.7000023431825106,1.9600018800526418,4.797614307686752,1.7521760277422653,0.23999254912917947,0.75,0.002999983179708,0,1.4441933440154569e-5,1.9429044886161115,0.7009203915989112,1.9999773642989722,1.8699912680702435,2.16000863226549,1.8399732731980287,1.9200370614743165,1.2600236696862108,1.6799647344059951,3.6598897689528047,0.4199975027088047
PER,1.7152759924690373,1.1699999179406382,3.1200033520489403,2.674940780919204,3.3211974117387255,3.580027010256597,2.2122530329211303,2.57147578518925,2.703423876383949,0.5200003634915177,0.4700001860714142,0.4000013428947439,0.5836367039894627,0.43805010557282154,0.010184672264454036,0.6000000000000001,0.007690343991469126,0.4838,0.15999708007883787,3.979993363652333,3.4900043532130063,3.9282471826501464,4.0185474672308334,6.949949812939137,4.7800138107921475,7.049678945589726,7.058618515032008,0,0.8300325896214591,6.2899899625878275,0.5500139314572304,6.42,0.0025,0,0,0,0,0,0,0,0,0.012199484134708975,0,0,0.019999594452104794,0.260002642051553,0.30999914212532326,0.8293062476841108,0.22000062217370522,0.24000434790485337,0.20999815361890695,0.178638180627905,0.2599959096022088,0.30589990648669024,0.1100015277989972,0.07999814577671675,0.2899996236215138,0.2,0.2918708092533676,1.8800030436767616,1.799989346969213,1.699993150919489,1.9599986015243385,2.6103004292668284,1.8725503752215502,0.24000522407552521,0.6206345016366591,0.0029999151175621767,0,1.4441933440154569e-5,1.9400056099771286,0.7044987915721211,2.000042231513155,1.8700025960539979,2.159995768240646,1.8399957109157197,1.9200308527195846,1.260002288416797,1.6800081226520458,3.660005474952094,0.4199975027088047
PHL,1.111434135748309,1.0499998924482377,2.6399162935565506,0.7789980082887378,3.3211974117387255,5.2300590445517985,2.2122530329211303,2.57147578518925,4.229389619268617,0.37000032757886464,0.5800040724903278,0.43000207339829977,0.41999636209300917,0.7499931791311728,0.010184672264454036,0.49101530663100657,0.01,0.029999104303820148,0.09000255502427273,3.49,0.4299936125558901,3.7111571819000226,2.341257087008709,3.769960762843325,3.760066157180335,6.600087870492413,7.058618515032008,0,1.1300002052418776,6.670073365696974,0.03000036500346753,3.629110337430039,4.890313399893189e-4,0,0,0,0,0,0,0,0,4.0873055515563153e-4,0,0,0.0011074646470953299,0.23999973325953514,0.2900005751045458,0.38592557397795124,0.2000043647156388,0.1600007104669544,0.1700003825993802,0.18999816029925798,0.22000012308904263,0.32784388637010553,0.11000118124187896,0.08000150143574793,0.5827862456650034,0.19999513334631108,0.20017052400683794,1.5400050200062012,1.5999842915488534,1.550001891026449,1.4699994318563319,2.0785805634858097,1.7915334461485477,0.2399938238775755,0.6199812284909793,4.1286084074028504e-4,0,1.4441933440154569e-5,2.015761022052008,0.8399924731857241,2.110004181476061,2.039996499212323,2.2800022186887547,2.1000382049548887,2.1900093857545104,2.2100794516279794,1.900034607208187,1.4700149651421688,0.4199975027088047
POL,1.1114348386310262,0.9500081473032427,2.2099994777431538,1.898917138493594,3.320001132881046,5.2299180209148055,2.2122530329211303,2.57147578518925,3.473357205091349,0.44798211707286584,0.6100001696885367,0.46998436905918634,0.5836367039894627,1.2051291251780532,0.010184672264454036,0.49101530663100657,0.010000057923380606,0.01999957059429749,0.04000066363606198,4.070073381240257,3.210013429289625,4.380947284374913,4.333296583942139,7.0401868817753765,3.759972190840358,6.613623829414558,7.058618515032008,0,1.1300029868578256,6.539353611636332,0.03000014038437241,6.419903291218219,4.890313399893189e-4,0,0,0,0,0,0,0,0,4.0873055515563153e-4,0,0,0.0011074646470953299,0.23999979553168577,0.29000043115528057,0.4187939345478797,0.20000323198371078,0.16000100537877646,0.08000078259508529,0.18999615236629472,0.21999839348827246,0.32784388637010553,0.10999976421211477,0.08000240572562699,0.6200013369877665,0.1999977709916858,0.27431051003683304,1.54000211931758,1.8,1.5499989365143867,1.470000424434706,2.0365199593169803,2.5589556787737853,0.2399970105471633,0.6200010562698417,4.1286084074028504e-4,0,1.4441933440154569e-5,1.9799960473289395,0.5776281892367812,2.110022853411688,2.040001003159954,2.2800067532530184,1.9678892957376608,2.1900093857545104,2.210043136821148,1.900105801445953,1.4700149651421688,0.4199975027088047
PRT,1.111435849295637,0.9500012285808104,2.209994883165615,0.7789984787771854,3.3199982195119238,5.230018761726078,2.2122530329211303,2.57147578518925,3.6697179054560256,0.44798211707286584,0.6099999246905408,0.46999608928028275,0.5499880633438553,1.2051291251780532,0.010184672264454036,0.49101530663100657,0.01000007749474973,0.02,0.04,4.07000605530512,3.2099554014440352,3.672537210510656,3.2704788544561745,7.0401868817753765,3.760006041383477,6.613623829414558,7.058618515032008,0,1.1300258961428375,6.539353611636332,0.030000561545372867,3.629110337430039,4.890313399893189e-4,0,0,0,0,0,0,0,0,4.0873055515563153e-4,0,0,0.0011074646470953299,0.24000027922431488,0.2899996838594439,0.43259989474347715,0.2,0.1599983604765548,0.07999976252389604,0.1900002803397718,0.22000155001299274,0.3400044923629829,0.11000018403912337,0.07999999999999999,0.6200013369877665,0.19999655118897758,0.1900353558612752,1.5399999223942915,1.7999845533007666,1.550000563053552,1.4699990726143002,2.182779401744642,1.9242996173124471,0.2399953640081461,0.6199932763423303,4.1286084074028504e-4,0,1.4441933440154569e-5,1.9803353297270527,0.6706044640524067,2.109958754259071,2.0400006231111942,2.2799940343027596,2.1000031487137507,2.190006169031462,2.210022934660616,1.9000026852125347,1.4699836711170877,0.4199975027088047
PRY,1.7152758163559483,1.1700019351007254,3.1199812284909796,2.674940848605651,3.3211974117387255,3.5799334901451862,2.2122530329211303,2.57147578518925,3.870026525198939,0.5199999999999999,0.4699969782273327,0.3999965038326734,0.5836367039894627,1.2051291251780532,0.010184672264454036,0.49101530663100657,0.007690343991469126,0.48380289722824227,0.15999606923757248,3.979990223236109,3.489998103905954,3.998338713259541,4.021776791931197,6.675781017206263,4.780083316802221,7.049848623530241,7.058618515032008,0,0.8300187178287318,6.289981750072039,0.5499872248786364,3.629110337430039,0.002500019291760875,0,0,0,0,0,0,0,0,0.012199916571071018,0,0,0.019999999999999997,0.2600005913136032,0.3099999006665276,0.26008340587471185,0.2199996440513189,0.2399992673455931,0.20999945890373897,0.178638180627905,0.2599967682861144,0.32784388637010553,0.11000076604872071,0.08,0.5827862456650034,0.1999941496519043,0.26580212819082827,1.8799985175851461,1.800066203243959,1.7000020316806739,1.9600029792939073,2.224261119569874,1.8747224651435637,0.23999435506632796,0.7499954375399215,0.002999983179708,0,1.4441933440154569e-5,1.9399254844847134,0.6978764566634549,2,1.9871922868925984,2.160005938977011,1.8399658203124998,1.9199922133540976,2.169236810588806,1.680038793863516,1.525643103795973,0.4199975027088047
ROU,1.1114355306960824,0.9500014002595147,2.20998067662485,0.7789979733762563,3.3200214707461084,5.229947987955105,2.2122530329211303,2.57147578518925,3.593715087509119,0.44798211707286584,0.6100001421282282,0.46998884720673223,0.5836367039894627,1.2051291251780532,0.010184672264454036,0.49101530663100657,0.01,0.02,0.04,4.070032322610436,3.2100584002502868,3.5242647443104533,3.6900574205763084,6.675781017206263,3.759972190840358,6.613623829414558,7.058618515032008,0,1.129995320542817,6.670046232460054,0.03000035784576847,6.41974730931212,4.890313399893189e-4,0,0,0,0,0,0,0,0,4.0873055515563153e-4,0,0,0.0011074646470953299,0.24000037123157764,0.290000592200515,0.3561835644458268,0.20000153481340505,0.1599980623910095,0.0799979744784282,0.1899992732029944,0.21999999999999997,0.33999023437500003,0.10999930644657906,0.07999873702822742,0.6200013369877665,0.2000021032374082,0.18542373104941845,1.5400017771985428,1.7999969208978663,1.5499994948831666,1.4700013389697584,2.421815726612236,2.3172358045911907,0.24000262829358038,0.6199964852040609,4.1286084074028504e-4,0,1.4441933440154569e-5,1.9880580480425196,0.7229150278086206,2.1099881307772543,2.0400171417593946,2.2800117837678595,2.1000715685969444,2.1900093857545104,2.2100154850127196,1.900105801445953,1.4700149651421688,0.4199975027088047
RUS,1.1114356873844211,0.9499943788645306,2.2099711214503452,0.7790164291450583,3.320008492187596,5.230035031780327,2.84994915992834,1.0919752764552757,3.5131933431415634,0.44798211707286584,0.60999996069987406,0.45110325619255537,0.5836367039894627,1.2051291251780532,0.010184672264454036,0.49101530663100657,0.010000063381799283,0.02000028740174453,0.039999206538125845,3.8451719240255797,3.2100062513863965,4.2163486692365755,4.514771307907709,7.039967150287435,3.7600018960940464,6.613623829414558,7.058618515032008,0,1.1299992023610113,6.6699111814089305,0.02999958046652123,3.629110337430039,4.890313399893189e-4,0,0,0,0,0,0,0,0,4.0873055515563153e-4,0,0,0.0011074646470953299,0.23999986540302537,0.2900009925375029,0.4114843983608058,0.1999990662103548,0.16000203638338312,0.08,0.19000353232073472,0.22000012645502312,0.32784388637010553,0.10999913878145405,0.08000114508187335,0.6200148980059591,0.19999695835994766,0.2551591749100545,1.5399998414434983,1.7999664204163865,1.5500001246979194,1.4700008468708123,1.9843980805286099,2.1758196998077737,0.23999431545662872,0.619993077624996,4.1286084074028504e-4,0,1.4441933440154569e-5,1.982104395721736,0.5811316105907341,2.110007358351729,2.039996711472849,2.2800086523902228,2.0999761961437753,2.189977763302711,2.209954233409611,1.899957423200485,1.525643103795973,0.4199975027088047
RWA,1.4426237504633934,1.1500037197537525,2.4527545723684274,1.963330188314877,3.5100985521352963,4.943909192227425,2.0780174621912377,2.86273354263325,3.2000332281109816,0.46499984179961096,0.4985715803458033,0.40333311760216944,0.5899994378548541,0.8800858502403603,0.010184672264454036,0.49101530663100657,0.007690343991469126,0.07393562940839202,0.039999999999999994,4.292403482902993,4.100018185124568,3.414951666513033,4.021776791931197,5.36127057464626,3.3579335793357936,6.613623829414558,7.058618515032008,0,1.607781361733978,6.539353611636332,0.06688133326903603,3.629110337430039,4.890313399893189e-4,0,0,0,0,0,0,0,0,4.0873055515563153e-4,0,0,0.0011074646470953299,0.31999847558070843,0.3936521269574608,0.3302273091377964,0.19999297703490415,0.19714025869037996,0.14799250333447947,0.1900039076310452,0.23999872757348265,0.3399998202049741,0.1099980772928283,0.11875167425663007,0.5827862456650034,0.20415663792048608,0.4060938517033664,1.7000123400929623,1.4866221658299774,1.6540154015401543,1.9400041845381317,2.8938275489030607,2.5860793386448844,0.21000000000000002,0.5700281572635311,4.1286084074028504e-4,0,1.4441933440154569e-5,1.9800427078239788,0.9655815091131335,1.9698973549151202,1.4799731053693208,2.1000470169013385,0.760029525742757,2.2444296988006567,2.169236810588806,1.8927895094932068,1.525643103795973,0.4199975027088047
SAU,3.3690706709448164,0.9500001957629076,2.4527545723684274,2.100000164044955,3.3211974117387255,5.23,2.8499534294994273,2.7063502832048707,4.263079222720478,0.44798211707286584,0.609999826962676,0.4700057453783501,0.5836367039894627,0.7799931342258841,0.010184672264454036,0.49101530663100657,0.009999965673996794,0.02,0.04,4.0700799681454685,3.2100584002502868,3.4537105624635918,4.774936506747379,7.039967150287435,3.759909482443974,6.600011265701571,7.058618515032008,0,1.1299992688455072,6.539353611636332,0.029999311342194062,6.41996896781026,4.890313399893189e-4,0,0,0,0,0,0,0,0,4.0873055515563153e-4,0,0,0.0011074646470953299,0.24000042526248147,0.29000050824773127,0.3197349184044562,0.2,0.16000203638338312,0.07999944905857885,0.18999473856348564,0.22000098802838935,0.32784388637010553,0.10999807812236477,0.0800025259967162,0.6199996544236651,0.2000026266884682,0.25980885984093677,1.5400053991195284,1.8000059601859577,1.5632824116232011,1.4700002397391638,2.219949408200868,2.652026823175417,0.2400017560033364,0.6199980789549516,4.1286084074028504e-4,0,1.4441933440154569e-5,1.9799906530732347,0.6385593913612566,2.109944603288063,2.0399843636566706,2.2800082143957283,2.0998914223669924,2.1900026019832897,2.210043136821148,1.9000211595429537,1.525643103795973,0.4199975027088047
SDN,1.4426281103061052,1.1500031108069433,3.19998672727876,1.099493409616192,3.3211974117387255,4.943909192227425,2.077980603621234,2.8627344595597792,3.1999372064097766,0.4650075712686813,0.4985698835984859,0.4033308975764218,0.5900084884370924,1.2051291251780532,0.06,0.49101530663100657,0.007690343991469126,0.029999999999999995,0.04000024333268445,4.292405961674947,4.099826626517018,4.420234096657542,4.021776791931197,6.675781017206263,3.3580084893473052,6.613623829414558,7.058618515032008,0,1.0620035330315047,6.424885939444214,0.0299990875079843,0.8199783432593395,4.890313399893189e-4,0,0,0,0,0,0,0,0,4.0873055515563153e-4,0,0,0.0011074646470953299,0.3200010072691255,0.39363641089782603,0.3402503004104639,0.20000222856124086,0.19714465672895232,0.16,0.178638180627905,0.23999903663206573,0.32784388637010553,0.10999796623957697,0.11875149542996603,0.2800015857170144,0.18999736425935687,0.17866659263493662,1.7000008097362687,1.486667063101023,1.5632824116232011,1.9399884925201383,1.5706308514349037,3.1699946770032894,0.21001017670459804,0.6206345016366591,4.1286084074028504e-4,0,1.4441933440154569e-5,1.9799598184471923,1.0442403988880222,1.9699935121107266,1.4799731053693208,2.0999943760193465,0.760034384712028,2.2444296988006567,2.169236810588806,1.1000317393144308,1.525643103795973,0.4199975027088047
SEN,1.4426280445572337,1.1500003373383176,2.4527545723684274,2.423999053703843,3.3211974117387255,4.943909192227425,2.077977467853705,2.862732324200038,3.2000935699874264,0.46500068465014377,0.4985706512159045,0.4033274613427285,0.5836367039894627,1.2051291251780532,0.010184672264454036,0.49101530663100657,0.007690343991469126,0.02999958989501312,0.03999904783064081,3.8451719240255797,4.100054749520941,3.86720854713435,4.0001803359623,5.361167987180629,3.3580133937856163,6.613623829414558,7.058618515032008,0,1.0619943203129185,6.424921483745014,0.030000486665368895,0.8199812821712681,4.890313399893189e-4,0,0,0,0,0,0,0,0,4.0873055515563153e-4,0,0,0.0011074646470953299,0.3199997757338409,0.393635796700239,0.2996978955854762,0.20000453679339442,0.18592760998167548,0.16000137736303846,0.178638180627905,0.24000991855341713,0.32784388637010553,0.10999939470976335,0.11874810757246276,0.27999358254452106,0.18999902666926222,0.22806791700784232,1.6999914656002733,1.4866710800381058,1.6539856266895234,1.9399890665573323,1.7668265451162883,2.784892417755135,0.21000032510809846,0.5699946466809422,4.1286084074028504e-4,0,1.4441933440154569e-5,1.9799929656008548,0.9813174406321296,1.969977210423754,1.4800239579405043,2.0999992271785834,0.7599844418514197,2.6699029126213594,2.169236810588806,1.1000208811860512,1.525643103795973,0.4199975027088047
SLB,1.11143246782,1.01666689846,2.4342199258,1.15230500019,3.32077394188,5.13461301009,2.21225303292,2.57147578519,4.26604269815,0.336667671231,0.589998487234,0.437035000033,0.529089923357,1.05341714316,0.0101846722645,0.491015306631,0.0100000644981,0.0299998764232,0.0596389650402,3.60839955217,2.23139751763,3.93892189406,3.04857059985,4.85999146777,3.76006471196,6.60911184311,7.05861851503,0,1.44852097624,6.62646995264,0.042294021092,3.62911033743,0.000489031339989,0,0,0,0,0,0,0,0,0.000408730555156,0,0,0.0011074646471,0.240930653199,0.308091568697,0.373240797829,0.20000126759,0.168642545773,0.162664568603,0.186212207089,0.220001452281,0.32784388637,0.110001595568,0.0800007049608,0.582786245665,0.199998377782,0.207897021286,1.54000306288,1.5999937811,1.54999432638,1.47000206725,2.19531487343,2.1934424351,0.239713238108,0.620416743921,0.00041286084074,0,1.44419334402e-05,1.99377081118,0.883115796548,2.10998844169,2.02571198579,2.27664575362,2.09999762125,2.22628959445,2.18285102427,1.89761509208,1.50710039091,0.419997502709
SLE,1.44262633369,1.1499998265,2.68267341685,2.10949837031,3.3502530328,4.98791853159,2.08830933495,2.86274264014,3.24770822333,0.463691139349,0.498569799879,0.414356772663,0.587554049319,1.24006722734,0.0216806208873,0.491015306631,0.00769034399147,0.0333795250169,0.0427430665671,4.12038293745,3.85867134709,3.80313861347,3.8986614851,5.86684073825,3.38427915101,6.61362382941,7.05861851503,0,1.18794875745,6.46894349058,0.0583702423235,2.33259442625,0.000489031339989,0,0,0,0,0,0,0,0,0.000408730555156,0,0,0.0011074646471,0.320000661608,0.382245332387,0.48287124563,0.200322853033,0.193693033666,0.156306535682,0.183008325635,0.242164200739,0.33345432267,0.110106067215,0.113902517208,0.443038188772,0.19653438852,0.239452463588,1.69999431954,1.48665954672,1.64701459364,1.94000087156,2.67056825793,2.62944337472,0.225694661008,0.612847867353,0.00041286084074,0,1.44419334402e-05,1.98453772531,1.00251862361,1.969985432,1.71408187191,2.10000713333,0.852922964318,2.44085530178,2.18179214893,1.77082677562,1.52136476022,0.419997502709
SLV,1.7152768953699264,1.1700015996044615,2.4527545723684274,2.489999483514329,3.3211974117387255,3.579954848390629,2.2122530329211303,4.4439962507581185,3.8700861563165856,0.5200052952903065,0.4699990176000725,0.39999539149269553,0.5836367039894627,0.559984691827259,0.010184672264454036,0.49101530663100657,0.007690343991469126,0.4837924741461718,0.1599963500319372,3.9799999048860055,3.490008212428141,3.414951666513033,4.391037939542228,6.949956776486409,4.780010037564826,7.050004731456072,7.058618515032008,0,0.8300031905559544,6.290019814370633,0.5499817504927368,3.629110337430039,0.002500064035244999,0,0,0,0,0,0,0,0,0.012199861892078523,0,0,0.02,0.260000311311042,0.30999644490008516,0.5214702217178968,0.220001227212562,0.2400031623053206,0.2099924247641347,0.178638180627905,0.26000537468523255,0.30589822209545536,0.10999852529125498,0.07999831607308243,0.29000461263862987,0.199995575808521,0.20559957618912755,1.8799920075754286,1.799995365972335,1.6999756383850466,1.959997983356388,2.318609927726396,1.806378053445166,0.2400032562683165,0.7500091250866883,0.0030000530912372915,0,1.4441933440154569e-5,1.9407794029645977,0.6975154715105577,2,1.8699772676335926,2.1600235675357196,1.8399733288881481,1.9200214707461085,1.2600376064594623,1.6800088163985012,1.525643103795973,0.4199975027088047
SRB,1.1114358172091665,0.9499974475470928,2.2100164952795422,0.7789975817292251,3.319936230911227,5.229947987955105,2.2122530329211303,2.57147578518925,3.5728883380808383,0.44798211707286584,0.6099995207072885,0.45110325619255537,0.5836367039894627,1.2051291251780532,0.010184672264454036,0.49101530663100657,0.010000065341967184,0.02,0.03999955757595868,4.070003150525984,3.209998027029693,4.188398832616416,3.630387792301987,6.675781017206263,3.759990641085634,6.613623829414558,7.058618515032008,0,1.1300075206818752,6.669860388721598,0.029999999999999995,6.419855296785573,4.890313399893189e-4,0,0,0,0,0,0,0,0,4.0873055515563153e-4,0,0,0.0011074646470953299,0.23999977829631805,0.2900015956315155,0.3527689539735983,0.2,0.1600006419927455,0.0799991208404765,0.1900073375083187,0.22000551232853477,0.32784388637010553,0.10999935421375526,0.08000000000000002,0.6199987967029662,0.20000217912399215,0.18638745315358496,1.5399993750097654,1.7999925557850855,1.5499997911104983,1.470002092269066,2.318609927726396,1.6899950630734921,0.24000499230353203,0.6199927000638744,4.1286084074028504e-4,0,1.4441933440154569e-5,1.979997056047532,0.5902742765199768,2.110010752079679,2.0399930143206424,2.279952159029983,2.0999773294037634,2.189940871596467,2.2099067783220097,1.900105801445953,1.525643103795973,0.4199975027088047
STP,1.4426264903,1.15000002423,2.87974292333,2.19366510894,3.34816554176,5.14826822027,2.10675316043,2.80032086017,3.29294121155,0.462568511647,0.498570269818,0.403334061256,0.587728133069,1.29716354971,0.0350921734082,0.491015306631,0.00769034399147,0.0300001363789,0.0444573895133,4.22851493601,3.80121567387,3.69883078842,4.32438163456,5.64292087253,3.35800323242,6.61070437893,7.05861851503,0,1.17895215547,6.47401776974,0.0510750953811,1.42195252962,0.000489031339989,0,0,0,0,0,0,0,0,0.000408730555156,0,0,0.0011074646471,0.319999526931,0.390112270989,0.487293914965,0.200000053567,0.19233601045,0.158283374298,0.18675384014,0.242008997904,0.333922987037,0.110000134927,0.118749187946,0.366509965977,0.190000214219,0.285543538017,1.70000305695,1.48667061684,1.6475240334,1.93999207727,2.69499281361,2.51967802626,0.222491672879,0.57722918433,0.00041286084074,0,1.44419334402e-05,1.98497079117,0.967784187193,1.96999880061,1.51623524578,2.10000708286,0.759997716253,2.6091975591,2.18961453229,1.55302078827,1.5256431038,0.419997502709
SUR,1.715276218884054,1.1699995750873726,3.1199927000638743,2.674931651463065,3.3211974117387255,3.579951333970626,2.2122530329211303,2.57147578518925,3.4067351152958953,0.520002785418335,0.46999892839313856,0.39999999999999997,0.5836367039894627,2.137954301487502,0.01,0.49101530663100657,0.007690343991469126,0.4837975327483149,0.16000121669302836,3.9800322061191626,3.4900161030595815,3.414951666513033,4.021776791931197,6.950042847621163,4.7800138107921475,6.613623829414558,7.058618515032008,0,0.830017436401842,6.539353611636332,0.06688133326903603,3.629110337430039,0.0024999999999999996,0,0,0,0,0,0,0,0,0.012199691783599644,0,0,0.01999977878797934,0.25999711441350454,0.3099980007806476,0.6781339135210279,0.21999909950665827,0.24000394710874282,0.2100047946300144,0.178638180627905,0.2600002324959604,0.30590027574229517,0.10999870960606116,0.07999831607308243,0.5827862456650034,0.20000312861746392,0.07755761303348903,1.8799977648012074,1.7999691071980228,1.69999860943084,1.9599988997351274,2.318609927726396,2.215305645980941,0.2391469122617042,0.7499954375399215,0.0029999682610213603,0,1.4441933440154569e-5,1.951615901870942,0.7161650092839683,2.000049207755142,1.8699932763423301,2.1599907163608134,1.8400202845807356,1.9199990034133094,2.169236810588806,1.6800148116800677,1.525643103795973,0.4199975027088047
SVK,1.1114351950819152,0.9500114064104026,2.210055339691511,0.7790085189574659,3.320008474319785,5.230016357319562,2.2122530329211303,2.57147578518925,3.6351184864162516,0.44798211707286584,0.6099997734327208,0.45110325619255537,0.5836367039894627,1.2051291251780532,0.010184672264454036,0.49101530663100657,0.010000010500572806,0.019999942924166195,0.04000057032052013,4.070004531037608,3.2100041126876415,3.396244372378305,4.341329325401284,7.039875901085865,3.7600681348095875,6.613623829414558,8.280067160638026,0,1.129993356814279,6.669951637923168,0.03,6.420043506854859,4.890313399893189e-4,0,0,0,0,0,0,0,0,4.0873055515563153e-4,0,0,0.0011074646470953299,0.2400009756467725,0.2899994976228426,0.4491173382436688,0.19999999999999998,0.1599989125706829,0.07999926737243122,0.18999651142508284,0.22000114924365402,0.3399947149369095,0.10999908908365776,0.08000116373792622,0.6199817684594348,0.1999987060543716,0.2410962970560077,1.5399934049233681,1.8000213880868354,1.5500004957743498,1.4700006311227674,3.3951693554162388,2.3629742292880236,0.24000058241966252,0.6199954658807527,4.1286084074028504e-4,0,1.4441933440154569e-5,1.995423387959437,0.6182170813000981,2.109978318032938,2.0400377036671307,2.2799757560557614,2.1000705342973016,2.1899690827894194,2.210043136821148,1.9000211595429537,1.4700149651421688,0.4199975027088047
SVN,1.1114359617091838,0.9500033010459599,2.209988023496759,0.7789974410956905,3.32,5.229949689257176,2.2122530329211303,2.57147578518925,3.5683827261625365,0.44798211707286584,0.6100001016777757,0.45110325619255537,0.5836367039894627,0.7823117325143147,0.010184672264454036,0.49101530663100657,0.00999998024890332,0.019999761047091644,0.04,4.069978918221579,3.209988911476622,3.414951666513033,4.000626359117341,7.039967150287434,3.7600376780878366,6.6,7.058618515032008,0,1.1299908842297175,6.669829914592306,0.029999284334072854,6.419934487599438,4.890313399893189e-4,0,0,0,0,0,0,0,0,4.0873055515563153e-4,0,0,0.0011074646470953299,0.24,0.28999741970225607,0.42121829632886076,0.19999871018502396,0.15999532601075017,0.07999920537168739,0.19000206568890726,0.2199984612129489,0.32784388637010553,0.1099999441998538,0.08000073030015337,0.6200196095908727,0.20000041763985452,0.18603625289252315,1.5399971854862726,1.800030222132675,1.550000387365681,1.4700006110601893,2.2525024136109444,2.3255281754966153,0.24000302061570217,0.6200010209811629,4.1286084074028504e-4,0,1.4441933440154569e-5,1.9799958214666649,0.580357194291596,2.1100395537976087,2.03997384124908,2.2799872134784978,2.100035423308537,2.189989526137049,2.2099719101123596,1.9000497883993028,1.4700246372844237,0.4199975027088047
SWE,1.1114346000244533,0.9499973593253956,2.210017062266474,0.7789957869456374,3.3200035271813415,5.2299478145455645,2.2122530329211303,2.57147578518925,3.499748962533701,0.44798211707286584,0.6100003502399144,0.4699814126394052,0.5836367039894627,1.2051291251780532,0.010184672264454036,0.49101530663100657,0.009999601093005165,0.02000026259125046,0.04,4.069998512970948,3.2099439574651534,2.840050857360425,4.862295862943416,7.040094339622642,3.7599898435268355,6.613623829414558,8.280067160638026,0,1.129995320542817,6.670040149981749,0.03,3.629110337430039,4.890313399893189e-4,0,0,0,0,0,0,0,0,4.0873055515563153e-4,0,0,0.0011074646470953299,0.2399997301782173,0.2899983403178292,0.4711863862831143,0.20000039138445402,0.1600023748033366,0.07999751830251893,0.18999894873322354,0.2199995022729535,0.3400044923629829,0.1100003181958872,0.08000061169562027,0.6200053480021391,0.20000158983775707,0.20196845484733486,1.5400007454381845,1.80001373060552,1.5499996976221004,1.4699978771219628,2.009918736464182,2.581691166749681,0.2400025722763727,0.6200010742814464,4.1286084074028504e-4,0,1.4441933440154569e-5,1.9800008389789627,0.582663602680158,2.1100095069944316,2.039997914738886,2.2800079942586686,2.1000580607702726,2.1900108784854093,2.2100402328250075,1.9000497883993028,1.4699881376037958,0.4199975027088047
SWZ,1.4426253813531493,1.1499995091446353,3.2000219002080517,1.9633291761047118,3.509929298527841,5.229947987955105,2.2122530329211303,2.8627044967987447,3.2124665175611526,0.44798211707286584,0.49857061632479416,0.40333583677556634,0.5836367039894627,1.7900002089602138,0.010184672264454036,0.49101530663100657,0.007690343991469126,0.030000163824314807,0.04891507007657515,4.292348284960422,3.0542566087640513,3.9696875931871514,4.202633585384909,5.361280467197491,3.358059578476392,6.59990086517664,7.058618515032008,0,1.607781361733978,6.539353611636332,0.03000036500346753,0.8200036621838823,4.890313399893189e-4,0,0,0,0,0,0,0,0,4.0873055515563153e-4,0,0,0.0011074646470953299,0.31999851619467523,0.3936485050842313,0.6123760282313855,0.19999911442120785,0.19713845910956743,0.15999818427059556,0.18999584889995846,0.24,0.32784388637010553,0.11000347416708617,0.11874997890074572,0.27999656199862477,0.18999601831574758,0.27530508918625707,1.7000021806921515,1.4866740223121244,1.6540046738899512,1.9399954144967408,2.318609927726396,2.567657524024461,0.2391469122617042,0.5700073000312859,4.1286084074028504e-4,0,1.4441933440154569e-5,1.9799968519635878,0.9205941850121918,1.9699894579756576,1.9871922868925984,2.1000024260656494,0.7599943989357978,2.2444296988006567,2.169236810588806,1.8927895094932068,1.525643103795973,0.4199975027088047
TCD,1.44262633369,1.1499998265,2.68267341685,2.10949837031,3.3502530328,4.98791853159,2.08830933495,2.86274264014,3.24770822333,0.463691139349,0.498569799879,0.414356772663,0.587554049319,1.24006722734,0.0216806208873,0.491015306631,0.00769034399147,0.0333795250169,0.0427430665671,4.12038293745,3.85867134709,3.80313861347,3.8986614851,5.86684073825,3.38427915101,6.61362382941,7.05861851503,0,1.18794875745,6.46894349058,0.0583702423235,2.33259442625,0.000489031339989,0,0,0,0,0,0,0,0,0.000408730555156,0,0,0.0011074646471,0.320000661608,0.382245332387,0.48287124563,0.200322853033,0.193693033666,0.156306535682,0.183008325635,0.242164200739,0.33345432267,0.110106067215,0.113902517208,0.443038188772,0.19653438852,0.239452463588,1.69999431954,1.48665954672,1.64701459364,1.94000087156,2.67056825793,2.62944337472,0.225694661008,0.612847867353,0.00041286084074,0,1.44419334402e-05,1.98453772531,1.00251862361,1.969985432,1.71408187191,2.10000713333,0.852922964318,2.44085530178,2.18179214893,1.77082677562,1.52136476022,0.419997502709
TGO,1.44262633369,1.1499998265,2.68267341685,2.10949837031,3.3502530328,4.98791853159,2.08830933495,2.86274264014,3.24770822333,0.463691139349,0.498569799879,0.414356772663,0.587554049319,1.24006722734,0.0216806208873,0.491015306631,0.00769034399147,0.0333795250169,0.0427430665671,4.12038293745,3.85867134709,3.80313861347,3.8986614851,5.86684073825,3.38427915101,6.61362382941,7.05861851503,0,1.18794875745,6.46894349058,0.0583702423235,2.33259442625,0.000489031339989,0,0,0,0,0,0,0,0,0.000408730555156,0,0,0.0011074646471,0.320000661608,0.382245332387,0.48287124563,0.200322853033,0.193693033666,0.156306535682,0.183008325635,0.242164200739,0.33345432267,0.110106067215,0.113902517208,0.443038188772,0.19653438852,0.239452463588,1.69999431954,1.48665954672,1.64701459364,1.94000087156,2.67056825793,2.62944337472,0.225694661008,0.612847867353,0.00041286084074,0,1.44419334402e-05,1.98453772531,1.00251862361,1.969985432,1.71408187191,2.10000713333,0.852922964318,2.44085530178,2.18179214893,1.77082677562,1.52136476022,0.419997502709
THA,1.1114361015620762,1.0500001465601836,2.4527545723684274,0.7789976933286943,3.3211974117387255,5.230039237156674,2.2122530329211303,2.57147578518925,3.4067351152958953,0.3700003693791408,0.58,0.4300043453070683,0.5836367039894627,0.48183207744495987,0.010184672264454036,0.49101530663100657,0.010000378336454608,0.029999013514846597,0.0900048667721134,3.490047036688617,0.43000243328737126,3.711193558541982,2.8192831789320576,3.77,3.7601355755442576,6.613623829414558,7.058618515032008,0,1.1300050768144092,6.669860388721598,0.03000036500346753,6.440024957104976,4.890313399893189e-4,0,0,0,0,0,0,0,0,4.0873055515563153e-4,0,0,0.0011074646470953299,0.23999556385279386,0.289996360422191,0.4701398563307946,0.20000096228330583,0.16,0.1700066800267201,0.19000353232073472,0.22000176775860836,0.32784388637010553,0.11000195787766061,0.0800004101358233,0.5827862456650034,0.2,0.1671415772486692,1.5400146305779079,1.6000139020829955,1.549997346447778,1.4700020213321048,2.318609927726396,1.8907257421078036,0.24000519403428064,0.6199948899514546,4.1286084074028504e-4,0,1.4441933440154569e-5,2.0680959089450854,0.8400006066136049,2.1100147051366567,2.0400380408939607,2.280000247705627,2.0999773294037634,2.1900030416708915,2.209995865205706,1.8999827506899725,1.4700073566860958,0.4199975027088047
TJK,1.1114354915444833,0.9500005119226793,2.2100068620150966,0.7789968007983329,3.3211974117387255,4.943909192227425,2.2122530329211303,2.57147578518925,3.3327558339398786,0.44798211707286584,0.6100000278971932,0.45110325619255537,0.5836367039894627,1.2051291251780532,0.010184672264454036,0.49101530663100657,0.00999997949437223,0.02,0.04,4.069989571482746,3.209962602842184,3.414951666513033,3.9513175524787854,6.675781017206263,3.759923350670681,6.613623829414558,7.058618515032008,0,1.607781361733978,6.6699111814089305,0.06688133326903603,3.629110337430039,4.890313399893189e-4,0,0,0,0,0,0,0,0,4.0873055515563153e-4,0,0,0.0011074646470953299,0.24000038199893675,0.28999988868563714,0.3171253959973603,0.19999742718946176,0.16000088807974958,0.14799250333447947,0.178638180627905,0.26811568536182057,0.32784388637010553,0.11000053222630263,0.08723943428751489,0.5827862456650034,0.20000102515998902,0.25757466236458504,1.5400036784991724,1.8000051584947512,1.5499974161542038,1.469983709403487,1.8799585478144165,2.624042046738755,0.24000342128897062,0.6206345016366591,4.1286084074028504e-4,0,1.4441933440154569e-5,1.9799858223062383,0.6935327555468023,2.110065784819976,2.039957737008933,2.2800320244550387,2.0999385054849142,2.2444296988006567,2.169236810588806,1.8927895094932068,1.525643103795973,0.4199975027088047
TKM,1.8060923541,0.949998543226,2.2473456957,1.18545904365,3.31999213469,5.23002278841,2.31036175128,2.45766805375,3.71500604412,0.434291407827,0.609999856959,0.456919762042,0.583636703989,1.17704313379,0.0101846722645,0.491015306631,0.0100000043143,0.0200000864659,0.0399999734177,3.96622838077,3.15009691306,3.48360944631,3.6545869671,6.89991698945,3.75998681145,6.61045751392,7.05861851503,0,1.12999748219,6.6197088867,0.0299998902564,4.70251554772,0.000489031339989,0,0,0,0,0,0,0,0,0.000408730555156,0,0,0.0011074646471,0.240000119786,0.290000196789,0.342624206108,0.199999491835,0.160000668634,0.0800003404054,0.188251188031,0.219999502247,0.33064921011,0.109999950941,0.0799998336709,0.619997631269,0.199999614837,0.209325883232,1.54000121278,1.79999790574,1.55102166136,1.47000051299,2.26881494897,2.30891533174,0.240000816086,0.62005199313,0.00041286084074,0,1.44419334402e-05,1.98114909245,0.625610019322,2.10999276055,2.0399994002,2.28000069588,2.09998404643,2.18998575671,2.20059583169,1.89945018364,1.51708492862,0.419997502709
TLS,1.11143246782,1.01666689846,2.4342199258,1.15230500019,3.32077394188,5.13461301009,2.21225303292,2.57147578519,4.26604269815,0.336667671231,0.589998487234,0.437035000033,0.529089923357,1.05341714316,0.0101846722645,0.491015306631,0.0100000644981,0.0299998764232,0.0596389650402,3.60839955217,2.23139751763,3.93892189406,3.04857059985,4.85999146777,3.76006471196,6.60911184311,7.05861851503,0,1.44852097624,6.62646995264,0.042294021092,3.62911033743,0.000489031339989,0,0,0,0,0,0,0,0,0.000408730555156,0,0,0.0011074646471,0.240930653199,0.308091568697,0.373240797829,0.20000126759,0.168642545773,0.162664568603,0.186212207089,0.220001452281,0.32784388637,0.110001595568,0.0800007049608,0.582786245665,0.199998377782,0.207897021286,1.54000306288,1.5999937811,1.54999432638,1.47000206725,2.19531487343,2.1934424351,0.239713238108,0.620416743921,0.00041286084074,0,1.44419334402e-05,1.99377081118,0.883115796548,2.10998844169,2.02571198579,2.27664575362,2.09999762125,2.22628959445,2.18285102427,1.89761509208,1.50710039091,0.419997502709
TTO,1.1114353183231627,0.9499986601998982,2.2099781466499278,0.7789956300594598,3.3200311465836094,4.943909192227425,2.2122530329211303,2.57147578518925,4.2900748777506115,0.2700060350030175,0.6099999739611136,0.4699939649969825,0.5500015915625962,0.7295738400032877,0.010184672264454036,0.49101530663100657,0.010000019641258953,0.020000218564902847,0.03999954375399215,4.07001077623666,3.209999211418658,2.9039302540186633,5.560599775117201,7.040098028991553,3.7600289246238074,6.600052899168308,7.058618515032008,0,1.1299982668548367,6.670046232460054,0.03,3.629110337430039,4.890313399893189e-4,0,0,0,0,0,0,0,0,4.0873055515563153e-4,0,0,0.0011074646470953299,0.23999963111031186,0.3442737429535229,0.44760756617114494,0.2000016726743554,0.16000299356383776,0.08000134376994658,0.18999587904001253,0.21999858104162462,0.3400008860535176,0.1100003210204169,0.08000223403067004,0.6199987967029662,0.2000045038451578,0.2962802663150348,1.5400057160744178,1.8000101107122997,1.5500041953027863,1.4699997434230783,2.318609927726396,1.9575049403083697,0.23999600106638233,0.6200019909081859,4.1286084074028504e-4,0,1.4441933440154569e-5,1.9799938402569357,0.5767670588992805,2.110008676953258,2.0400057631351456,2.2800098847068244,2.099998028624374,2.190061475409836,2.2098917912511293,1.8999671664660174,1.525643103795973,0.4199975027088047
TUN,1.3870281326457568,0.9499898610970293,2.2099995017066547,1.898917138493594,3.3211974117387255,4.943909192227425,2.8499702446205406,1.0919739696312365,3.9671691926260646,0.44798211707286584,0.6100008681867438,0.45110325619255537,0.5836367039894627,1.2051291251780532,0.010184672264454036,0.49101530663100657,0.009999989508482916,0.019999999999999997,0.03999923960155121,4.070057694572,3.210010735373054,3.9511004885223517,4.800093494309809,7.03992700080121,3.7600375430180417,6.613623829414558,7.058618515032008,0,1.129971923256902,6.669955767267779,0.029999104303820148,3.629110337430039,4.890313399893189e-4,0,0,0,0,0,0,0,0,4.0873055515563153e-4,0,0,0.0011074646470953299,0.2399999284391368,0.2900003684586037,0.33653319834055573,0.19999929814957138,0.1600026979630379,0.08,0.1900009362419249,0.2200043590395583,0.32784388637010553,0.11000196176075573,0.07999904575599981,0.6199985901593119,0.19999731700282386,0.22221612791900971,1.5400023156188491,1.7999983420238914,1.5632824116232011,1.4700007559658304,2.0069485746005316,2.630888926935607,0.23999504705299654,0.6200007849601633,4.1286084074028504e-4,0,1.4441933440154569e-5,1.979996797108926,0.6107414588045241,2.1099793327428404,2.0399774774774775,2.279997002173424,2.0999776835527784,2.1900023584640786,2.209963592792295,1.89996473492418,1.525643103795973,0.4199975027088047
TUR,3.369070374073594,0.9500012891012017,2.2100229952184542,2.100000612073767,3.3200201219012855,5.229950985504223,2.2122530329211303,2.57147578518925,3.4067351152958953,0.44798211707286584,0.6100001500031875,0.45110325619255537,0.5836367039894627,0.8400112371387436,0.010184672264454036,0.49101530663100657,0.010000036843856962,0.019999999999999997,0.04,4.0699911216336195,3.20992160472276,2.714614841690055,3.575952645864251,7.039959374107341,3.7600667883353394,6.613623829414558,7.058618515032008,0,1.12998667258996,6.669795158286778,0.030000222900831416,6.420020277647793,4.890313399893189e-4,0,0,0,0,0,0,0,0,4.0873055515563153e-4,0,0,0.0011074646470953299,0.2400001364572375,0.2899991730693867,0.2817163574763914,0.20000088158544327,0.15999322388887177,0.08,0.18999712185038853,0.22000435175959962,0.32784388637010553,0.10999987538405939,0.07999944947562553,0.6199828104856037,0.19999971751053336,0.206087500302873,1.5400002490287876,1.8,1.5632824116232011,1.4699970959076498,2.2490129079334724,2.6188871341906896,0.23999934097798867,0.6206345016366591,4.1286084074028504e-4,0,1.4441933440154569e-5,1.9799973870375434,0.6622704827621451,2.109973786044189,2.039945113584388,2.2799837437533865,2.0999385054849142,2.190020805197649,2.210065443819707,1.899945841782435,1.4700149651421688,0.4199975027088047
TZA,1.4426245903857582,1.1499988922613378,2.4527545723684274,1.963331151029093,3.3211974117387255,4.943909192227425,2.077989581930037,2.8627437348250675,3.23706307158789,0.46500020103914896,0.49857296807877216,0.40333333707268965,0.5899884463936244,1.782107845660683,0.06000071053005543,0.49101530663100657,0.007690343991469126,0.029999999999999995,0.040001237317495664,4.292404440378826,4.099943590934731,3.236887812071301,5.107180931228682,5.361164339812026,3.358006247453484,6.6000000000000005,7.058618515032008,0,1.061997911311054,6.539353611636332,0.06688133326903603,0.8199913095795173,4.890313399893189e-4,0,0,0,0,0,0,0,0,4.0873055515563153e-4,0,0,0.0011074646470953299,0.31999881856041584,0.39364180255065273,0.5047188603087561,0.19999999999999998,0.19713949183913848,0.15999586805316438,0.19000143588761784,0.23999971166010495,0.3400003913166828,0.10999980687897105,0.11875027826009527,0.2800022920009168,0.1900025550242727,0.12526982965363248,1.700007947410847,1.4866486876590572,1.6539966933225358,1.9399770968913221,3.0203615431892885,2.6676562827875103,0.21000080070462007,0.5699894148994415,4.1286084074028504e-4,0,1.4441933440154569e-5,1.990969896970583,0.935732301042582,1.9699942394361425,1.4800089192295156,2.100026048450117,0.760017853600476,2.670089546427876,2.210043136821148,1.1000141063619693,1.525643103795973,0.4199975027088047
UGA,1.44262633369,1.1499998265,2.68267341685,2.10949837031,3.3502530328,4.98791853159,2.08830933495,2.86274264014,3.24770822333,0.463691139349,0.498569799879,0.414356772663,0.587554049319,1.24006722734,0.0216806208873,0.491015306631,0.00769034399147,0.0333795250169,0.0427430665671,4.12038293745,3.85867134709,3.80313861347,3.8986614851,5.86684073825,3.38427915101,6.61362382941,7.05861851503,0,1.18794875745,6.46894349058,0.0583702423235,2.33259442625,0.000489031339989,0,0,0,0,0,0,0,0,0.000408730555156,0,0,0.0011074646471,0.320000661608,0.382245332387,0.48287124563,0.200322853033,0.193693033666,0.156306535682,0.183008325635,0.242164200739,0.33345432267,0.110106067215,0.113902517208,0.443038188772,0.19653438852,0.239452463588,1.69999431954,1.48665954672,1.64701459364,1.94000087156,2.67056825793,2.62944337472,0.225694661008,0.612847867353,0.00041286084074,0,1.44419334402e-05,1.98453772531,1.00251862361,1.969985432,1.71408187191,2.10000713333,0.852922964318,2.44085530178,2.18179214893,1.77082677562,1.52136476022,0.419997502709
UKR,1.1114354183519917,0.9500040896450189,2.209987793494651,0.7790009766465475,3.3200040355415914,5.229995077808489,2.84995644859144,2.57147578518925,3.4700465941868206,0.44798211707286584,0.6099998572314532,0.45110325619255537,0.5836367039894627,1.2051291251780532,0.010184672264454036,0.49101530663100657,0.009999779609841606,0.020000172170379808,0.04000055303616857,3.8451719240255797,3.2099942368648544,4.349458944137827,3.692639801932384,7.0401868817753765,3.7599881621781592,6.613623829414558,7.058618515032008,0,1.129988635603984,6.539353611636332,0.030000000000000002,3.629110337430039,4.890313399893189e-4,0,0,0,0,0,0,0,0,4.0873055515563153e-4,0,0,0.0011074646470953299,0.24000017692930348,0.29000012411798654,0.38710871344933767,0.19999999999999998,0.16000078360694278,0.08000295159386069,0.1899986917844061,0.2199978838218178,0.32784388637010553,0.11000123896972783,0.08000000000000002,0.6199862479944992,0.19999469087627086,0.20567369735082844,1.5400038001140033,1.799939649969825,1.54999869113374,1.4699994769327336,2.2375072256140514,2.125128692705171,0.23999914659384267,0.6199948899514546,4.1286084074028504e-4,0,1.4441933440154569e-5,1.9854079481089821,0.6015960956103944,2.1099793327428404,2.03996743996744,2.2800057682601484,2.1000110204981266,2.1899747821085698,2.2098917912511293,1.9000783699059562,1.4700149651421688,0.4199975027088047
URY,1.7152757615158363,1.170000432508871,3.120011679968853,2.6749412610665066,3.3211974117387255,3.5800012871551115,2.2122530329211303,2.57147578518925,3.869886337287579,0.5199943767812185,0.46999932768178565,0.4,0.5836367039894627,2.52001593308106,0.010184672264454036,0.49101530663100657,0.007690343991469126,0.4837978029900964,0.16000796389700028,3.9800513172635608,3.4900406716028782,3.644114512513322,4.131077495067128,6.95003102529474,4.780046550994498,6.613623829414558,7.058618515032008,0,0.8300014934607752,6.290028226591395,0.5499918526967574,3.629110337430039,0.002500022869688515,0,0,0,0,0,0,0,0,0.012200280767430979,0,0,0.020000392472379756,0.2600009622092324,0.31000223264121457,0.5303804128879288,0.21999955975705363,0.24000445587293337,0.21000301295570956,0.178638180627905,0.26000192963272656,0.32784388637010553,0.10999923208354931,0.07999944947562553,0.28999278036258624,0.2,0.2006651913969194,1.8800000988467058,1.8000031524112003,1.7000034373710986,1.9600026186452393,2.307390737280495,1.7885706979070397,0.24000263678312458,0.7500260715403065,0.003,0,1.4441933440154569e-5,1.9540655072007163,0.6972783866962858,2.000051444960323,1.8700182558629403,2.1600472255017706,1.839958739982544,1.9200143754000967,1.2599485440861768,1.6800860754953824,1.525643103795973,0.4199975027088047
USA,1.1114352321067535,0.9499995113799606,2.209938934512529,0.7789944689143189,3.3199951333594693,5.230009462976106,2.2122530329211303,1.091983081335991,3.4700815377143877,0.2700028968713789,0.610000026249544,0.46999921525543437,0.5500038583224014,1.614170320509812,0.010184672264454036,0.49101530663100657,0.0099999760969126765,0.01999952983040488,0.040000598372427004,4.069993318650862,3.2100229952184542,2.975726324731362,5.077071577703034,7.039967150287435,3.760022929608442,6.600031933578157,7.058618515032008,0,1.1299473581594852,6.670073365696974,0.02999929809784516,6.41974730931212,4.890313399893189e-4,0,0,0,0,0,0,0,0,4.0873055515563153e-4,0,0,0.0011074646470953299,0.23999957566885194,0.2899998807190257,0.45546682364687857,0.20000069142785035,0.15999713138267355,0.07999767864742523,0.19000353232073472,0.21999904771478,0.33999999999999997,0.10999885436423582,0.07999932162764142,0.6200148980059591,0.2000024232437541,0.21345582871205218,1.5399981577680493,1.7999721958340094,1.5499983570061366,1.47000034674568,1.9149606987948393,2.2709333105578526,0.2400048735488138,0.6206345016366591,4.1286084074028504e-4,0,1.4441933440154569e-5,1.9799995298155697,0.5787138398036437,2.1100003867125565,2.0399801116459875,2.280012825590826,2.100059512001587,2.1900204061801576,2.2099545723879124,1.9000030934851202,1.525643103795973,0.4199975027088047
UZB,1.1114354861758502,0.9500013653368286,2.209993427216916,0.7789961473179405,3.3211974117387255,5.230137486312204,2.2122530329211303,2.57147578518925,4.244557454756635,0.44798211707286584,0.6099999820318718,0.45110325619255537,0.5836367039894627,1.2051291251780532,0.010184672264454036,0.49101530663100657,0.010000000000000002,0.07393562940839202,0.04000073000693507,3.8451719240255797,3.0542566087640513,4.179519863727145,4.316152788239559,6.675781017206263,3.699505803921396,6.613623829414558,7.058618515032008,0,1.607781361733978,6.6698465367067605,0.03000036500346753,3.629110337430039,4.890313399893189e-4,0,0,0,0,0,0,0,0,4.0873055515563153e-4,0,0,0.0011074646470953299,0.2399999634158945,0.2900005045790549,0.34922486776628126,0.2000034917420301,0.16000255765377894,0.08000068868151923,0.18999775734469615,0.26811568536182057,0.32784388637010553,0.10999662047989185,0.07999999999999999,0.5827862456650034,0.19999966955857984,0.20138662055611178,1.539999857579951,1.7999999999999998,1.550011950286807,1.4699825876296464,2.0549816565999675,2.573529116004899,0.24000279642058167,0.6206345016366591,4.1286084074028504e-4,0,1.4441933440154569e-5,1.9856072847309163,0.585513536161498,2.1100140728661736,1.9871922868925984,2.27998232434821,2.0999761961437753,2.2444296988006567,2.169236810588806,1.8927895094932068,1.525643103795973,0.4199975027088047
VCT,1.1114350359083316,0.9500002850448375,2.4527545723684274,0.778997613365155,3.3211974117387255,5.229949895477319,2.2122530329211303,2.57147578518925,3.4067351152958953,0.26999558108705257,0.6100039237963609,0.4699976064368437,0.5499987662241523,0.7799999056365641,0.010184672264454036,0.49101530663100657,0.010000300962075433,0.02,0.04891507007657515,4.070018554004319,3.2099423315570483,4.102431008659894,4.021776791931197,7.039851024208566,3.759952465834819,6.613623829414558,7.058618515032008,0,1.1299965013557247,6.539353611636332,0.06688133326903603,3.629110337430039,4.890313399893189e-4,0,0,0,0,0,0,0,0,4.0873055515563153e-4,0,0,0.0011074646470953299,0.23999894447962844,0.2899933877011241,0.49247347176418105,0.1999998035210984,0.16000238143079337,0.07999947826994312,0.18998755623624006,0.21999986185396583,0.34000052340557574,0.10999955049221104,0.08000020744520854,0.5827862456650034,0.20000270372573406,0.25655049042490374,1.5400038496086232,1.8,1.549998945570341,1.4699996353482543,2.318609927726396,2.215305645980941,0.2391469122617042,0.6199980789549516,4.1286084074028504e-4,0,1.4441933440154569e-5,1.979992424856381,0.5890032468519095,2.1099604685567384,2.040057224606581,2.279996536363374,2.0999959433694375,2.190017844589845,2.2100186924157454,1.8999306278182448,1.525643103795973,0.4199975027088047
VEN,1.715275250074146,1.1699998771963098,3.120087601898041,2.674939735757747,3.3211974117387255,3.5799719232569025,2.2122530329211303,2.57147578518925,3.8698947598015154,0.520001258660442,0.4699998731978241,0.3999963789763366,0.41000108825769943,0.5073676284498175,0.010184672264454036,0.6000031601567437,0.007690343991469126,0.4837951283400071,0.1599981750159686,3.979987280343984,3.4899018574093597,3.5925796380162907,4.136646040997853,6.95003102529474,4.780089424217538,7.050018775816749,7.058618515032008,0,0.829976783111063,6.539353611636332,0.5500121669302835,3.629110337430039,0.0025000178746344636,0,0,0,0,0,0,0,0,0.01219995354547566,0,0,0.0011074646470953299,0.2599998004529718,0.3100004747129066,0.36786965707628466,0.22000080813678294,0.24000000000000002,0.21000205320740328,0.178638180627905,0.26,0.30590078731392806,0.11000073078047354,0.07999708172980466,0.5827862456650034,0.19999724563433044,0.2806544704152321,1.879997191423629,1.8000405479769457,1.6999983887340286,1.9599989809631173,1.8411849407386118,1.8619279606640735,0.24000000000000002,0.7499917045492251,0.003000050344862307,0,1.4441933440154569e-5,1.9476001446222915,0.6974941015616523,2,1.8700265251989387,2.1599904824222236,1.8400083524744204,1.9199673464261608,1.2600154850127199,1.6800133815627156,1.525643103795973,0.4199975027088047
VNM,1.11143246782,1.01666689846,2.4342199258,1.15230500019,3.32077394188,5.13461301009,2.21225303292,2.57147578519,4.26604269815,0.336667671231,0.589998487234,0.437035000033,0.529089923357,1.05341714316,0.0101846722645,0.491015306631,0.0100000644981,0.0299998764232,0.0596389650402,3.60839955217,2.23139751763,3.93892189406,3.04857059985,4.85999146777,3.76006471196,6.60911184311,7.05861851503,0,1.44852097624,6.62646995264,0.042294021092,3.62911033743,0.000489031339989,0,0,0,0,0,0,0,0,0.000408730555156,0,0,0.0011074646471,0.240930653199,0.308091568697,0.373240797829,0.20000126759,0.168642545773,0.162664568603,0.186212207089,0.220001452281,0.32784388637,0.110001595568,0.0800007049608,0.582786245665,0.199998377782,0.207897021286,1.54000306288,1.5999937811,1.54999432638,1.47000206725,2.19531487343,2.1934424351,0.239713238108,0.620416743921,0.00041286084074,0,1.44419334402e-05,1.99377081118,0.883115796548,2.10998844169,2.02571198579,2.27664575362,2.09999762125,2.22628959445,2.18285102427,1.89761509208,1.50710039091,0.419997502709
VUT,1.11143246782,1.01666689846,2.4342199258,1.15230500019,3.32077394188,5.13461301009,2.21225303292,2.57147578519,4.26604269815,0.336667671231,0.589998487234,0.437035000033,0.529089923357,1.05341714316,0.0101846722645,0.491015306631,0.0100000644981,0.0299998764232,0.0596389650402,3.60839955217,2.23139751763,3.93892189406,3.04857059985,4.85999146777,3.76006471196,6.60911184311,7.05861851503,0,1.44852097624,6.62646995264,0.042294021092,3.62911033743,0.000489031339989,0,0,0,0,0,0,0,0,0.000408730555156,0,0,0.0011074646471,0.240930653199,0.308091568697,0.373240797829,0.20000126759,0.168642545773,0.162664568603,0.186212207089,0.220001452281,0.32784388637,0.110001595568,0.0800007049608,0.582786245665,0.199998377782,0.207897021286,1.54000306288,1.5999937811,1.54999432638,1.47000206725,2.19531487343,2.1934424351,0.239713238108,0.620416743921,0.00041286084074,0,1.44419334402e-05,1.99377081118,0.883115796548,2.10998844169,2.02571198579,2.27664575362,2.09999762125,2.22628959445,2.18285102427,1.89761509208,1.50710039091,0.419997502709
WSM,1.11143559291,1.01000004367,2.39308988527,0.778999982001,3.32073567533,5.23002112207,2.46734328813,2.27558563022,3.78547653521,0.33000008078,0.591999235441,0.446000681455,0.57690974728,0.541662819891,0.0101846722645,0.394812245305,0.010000205606,0.0279998430627,0.0700012434607,3.72201914156,1.54202380652,3.73012423651,3.32000127565,5.07800467547,3.76001331574,6.61362382941,7.05861851503,0,1.12999740515,6.66999019428,0.0447522413115,5.31162869898,0.000489031339989,0,0,0,0,0,0,0,0,0.000408730555156,0,0,0.0011074646471,0.239999032022,0.289999465636,0.493015234214,0.199999616577,0.165182950022,0.152000748503,0.18772763265,0.219999856315,0.32784388637,0.109999940121,0.080000943775,0.612550786811,0.20000101162,0.175513462621,1.54000143307,1.64001606378,1.55000069418,1.47000115495,2.23597675534,2.26218786109,0.240002887498,0.619999361648,0.00041286084074,0,1.44419334402e-05,2.01069601894,0.836256596859,2.11001147017,2.04201161817,2.27798802842,2.09999866417,2.20999992054,2.21000633992,1.8999970032,1.48113991993,0.419997437999
YEM,3.3690705431342134,0.9499991431921723,2.4527545723684274,2.1000005274567615,3.3211974117387255,5.229949386801636,2.849989656711706,2.7063624538864155,3.9514482225775005,0.44798211707286584,0.609998781076896,0.4699989861097029,0.5836367039894627,1.2051291251780532,0.010184672264454036,0.49101530663100657,0.009999986673969332,0.019999342343231065,0.04000066363606198,4.069947643979058,3.2099554014440352,3.0145549994828316,4.851295267789835,6.675781017206263,3.7599107776538583,6.613623829414558,7.058618515032008,0,1.1300109187334269,6.669940036499521,0.029999270019709465,6.4199812821712685,4.890313399893189e-4,0,0,0,0,0,0,0,0,4.0873055515563153e-4,0,0,0.0011074646470953299,0.23999911886509825,0.2900007261636773,0.34193407427900757,0.20000330297350188,0.15999874623871616,0.0800034435261708,0.19000353232073472,0.21999678701955902,0.32784388637010553,0.11000039566352773,0.07999942745086813,0.62000155983644,0.20000295447159278,0.13235309696274683,1.540006677796327,1.7999974951154751,1.5500487581024494,1.4700012155802658,2.2600095365542274,2.6073298106262306,0.2391469122617042,0.6199868603547704,4.1286084074028504e-4,0,1.4441933440154569e-5,1.9800055904234755,0.9262284485595129,2.1100099738980966,2.0399231604443333,2.280009233610342,1.9678892957376608,2.1899941600155732,2.169236810588806,1.8927895094932068,1.525643103795973,0.4199975027088047
ZAF,1.4426257209469902,1.1499998933372018,3.1999726252395293,1.9633299939284723,3.5100985521352963,5.229947229551451,2.0779849428808985,2.8627238111536575,3.21554791812403,0.44798211707286584,0.49857173924543163,0.4033257200155981,0.5836367039894627,1.2051291251780532,0.010184672264454036,0.49101530663100657,0.007690343991469126,0.030000190103226052,0.04000060834651418,4.292398048909978,4.099985871049781,4.106860517534014,4.920897800885216,5.361250290340777,3.357949240302182,6.613623829414558,7.058618515032008,0,1.0619990811169533,6.539353611636332,0.03,3.629110337430039,4.890313399893189e-4,0,0,0,0,0,0,0,0,4.0873055515563153e-4,0,0,0.0011074646470953299,0.32000085146238666,0.3936350772681862,0.6226100537511229,0.2000020325926227,0.19714821393329385,0.16000048670089795,0.1900006541220592,0.23999879299029112,0.32784388637010553,0.11000144668949222,0.11875285518501599,0.2799935825445211,0.19000217912399214,0.21476318753569756,1.7000004066578016,1.4866736038848423,1.6540063365527107,1.939999074110816,2.982236895406303,2.707625397482441,0.2100024050666738,0.5699975667126288,4.1286084074028504e-4,0,1.4441933440154569e-5,1.9799998869091713,0.9199999725069283,1.9699516170104407,1.4799893276414087,2.100005379525526,0.7599857176862652,2.66999481938492,2.2100402328250075,1.1000141063619693,1.525643103795973,0.4199975027088047
ZMB,1.4426264903,1.15000002423,2.87974292333,2.19366510894,3.34816554176,5.14826822027,2.10675316043,2.80032086017,3.29294121155,0.462568511647,0.498570269818,0.403334061256,0.587728133069,1.29716354971,0.0350921734082,0.491015306631,0.00769034399147,0.0300001363789,0.0444573895133,4.22851493601,3.80121567387,3.69883078842,4.32438163456,5.64292087253,3.35800323242,6.61070437893,7.05861851503,0,1.17895215547,6.47401776974,0.0510750953811,1.42195252962,0.000489031339989,0,0,0,0,0,0,0,0,0.000408730555156,0,0,0.0011074646471,0.319999526931,0.390112270989,0.487293914965,0.200000053567,0.19233601045,0.158283374298,0.18675384014,0.242008997904,0.333922987037,0.110000134927,0.118749187946,0.366509965977,0.190000214219,0.285543538017,1.70000305695,1.48667061684,1.6475240334,1.93999207727,2.69499281361,2.51967802626,0.222491672879,0.57722918433,0.00041286084074,0,1.44419334402e-05,1.98497079117,0.967784187193,1.96999880061,1.51623524578,2.10000708286,0.759997716253,2.6091975591,2.18961453229,1.55302078827,1.5256431038,0.419997502709
ZWE,1.4426247990797665,1.1500025465163657,3.2000208572322455,1.9633295613416704,3.3211974117387255,5.230134686279519,2.0779808925661074,2.862729156127292,3.2078030675725326,0.4650000408131059,0.4985718663806313,0.4033531286210892,0.5836367039894627,1.7899572861825768,0.010184672264454036,0.49101530663100657,0.007690343991469126,0.030000618658747834,0.04891507007657515,4.292384612206107,4.10003898082852,3.59640877289975,3.382655498701543,5.361357829419638,3.35801108777246,6.600098316332801,7.058618515032008,0,1.061977960272338,6.539353611636332,0.06688133326903603,3.629110337430039,4.890313399893189e-4,0,0,0,0,0,0,0,0,4.0873055515563153e-4,0,0,0.0011074646470953299,0.3199991088237587,0.39363463215792377,0.7796875360279929,0.20000278836970994,0.19713986553510415,0.15999507896719822,0.178638180627905,0.2400014322030864,0.32784388637010553,0.11000164076600333,0.11875114267632374,0.5827862456650034,0.19000502080045906,0.1450619409394597,1.7000050423557886,1.4866768617637516,1.6539968971993144,1.9400027521673318,2.9776915575427325,2.477696702516623,0.20999303274609338,0.5699894148994415,4.1286084074028504e-4,0,1.4441933440154569e-5,1.9800146345925183,0.9200144418898321,1.9700179113776186,1.4799731053693208,2.100112485939258,0.760034384712028,2.2444296988006567,2.169236810588806,1.1000317393144308,1.525643103795973,0.4199975027088047
