ISO3,wheat,rice,barley,maize,rye,oats,millet,sorghum,othr_grains,cassava,potato,sweet_potato,yams,othr_roots,sugar_cane,sugar_non,raw_sugar,sweeteners,honey,beans,peas,othr_pulse,nuts,soyabeans,groundnut,seed_sunflower,seed_rape,seed_cotton,coconuts,seed_sesame,preserved_olives,seed_oilcrop,oil_soyabeans,oil_groundnut,oil_sunflower,oil_rape,oil_cotton,oil_palmkernel,oil_palm,oil_coconut,oil_sesame,oil_olive,oil_ricebran,oil_maize,oil_oilcrop,tomato,onion,othr_vegetables,orange,lemon,grapefruit,citrus,banana,plantains,apple,pineapple,dates,grapes,othr_fruits,beef,lamb,pork,poultry,othr_meat,offals,butter,cream,fat_ani,oil_fish_body,oil_fish_liver,eggs,milk,fish_freshw,fish_demrs,fish_pelag,fish_marine,crustaceans,cephalopods,othr_molluscs,fish_aquatic,fish_aquaticplant
AGO,1.7063497634456908,1.9394009378545822,3.7143067981764006,2.6548978786383817,5.0886532152695105,4.289885753914662,2.442881258568252,2.609080020829853,4.1830919983136505,2.709999685502096,5.505000000000001,4.5702149095936635,8.1600005746145,3.8531846357329456,0.1519720734551663,3.0065111165578955,0.020000054114164653,2.120013140124831,0.519994877213204,15.500014116033798,7.897240654734316,9.644302583287198,6.395978990843819,17.39990641085634,7.2748574221932545,6.533151833257713,7.380078110742053,0,4.150086146385043,4.68001751995328,0.08928285179755761,6.886181917678805,0,0,0,0,0,0,0,0,0,0.01,0,0,0,2.546004067490208,1.834014892921919,3.279210963948311,1.6599859460450337,1.3387604926038972,1.6847665485807342,1.8600013181308905,3.725,4.691228945521951,1.0700167816520603,2.0520017117476055,6.731671455579361,1.909961206357152,2.845959131491909,3.050014486455164,3.849927727234079,3.0099947129417046,2.429999924787713,3.1800049656542253,2.5816100241885116,0.19000663276586335,0.7521006011765439,0,0,0,1.5716705085383635,1.5329279787773356,3.1300129926375053,4.830025820730358,4.379982701099716,3.790084595711194,2.0400043800416103,3.50013826159093,2.041489075738801,2.394318970025589,2.259996453461849
ALB,1.1023190754302776,0.77,4.520029199744502,1.1350840771997375,5.1000217912399215,4.289885753914662,1.9658648382700759,2.609080020829853,4.1830919983136505,3.241633547402978,4.170000593797782,3.3700257044935262,8.1600005746145,3.8531846357329456,0.1519720734551663,3.0065111165578955,0.2899987906639255,1.2799989476482707,0.5200158698670898,13.929998236345092,7.897240654734316,10.389654767017605,7.259490061793496,17.97021571704931,7.050005214308061,6.533151833257713,7.380078110742053,0,3.559897051941975,4.153782344855327,0.08999990156414574,6.886181917678805,0,0,0,0,0,0,0,0,0,0.010000000000000002,0,0,0,2.370000647281776,1.4600002925559148,2.143317331852834,1.769995747676409,1.0199999999999998,2.1599886169607285,1.8600188967221458,3.580019388639082,4.691228945521951,1.069998624925517,1.0899971372679995,6.960021479687449,1.9100004253958152,1.8519056988433167,2.670001268683717,3.8500076789017164,2.5299969026232403,2.0900002574378074,3.4577421444328684,2.810180660372606,0.2400014129782048,0.7499954375399215,0,0,0,1.3799953908570624,0.42976396891516566,3.560058206191022,3.1700442470908716,3.8400120938670144,3.750132251807441,2,3.4999708930026783,2.0499629707998306,2.394318970025589,2.259996453461849
ARE,3.423421312764152,0.7700005231934566,3.7143067981764006,2.87,5.0886532152695105,4.227352836158858,1.9658648382700759,2.609080020829853,4.1830919983136505,2.7099781423643114,4.170002726049865,3.37004862087241,8.1600005746145,4.290077071290944,0.1519720734551663,3.0065111165578955,0.2899998514535272,1.2800029199922134,0.5199920363672561,13.92995314073271,8.23,7.241901785225968,7.121061390124153,17.969827236596643,7.04997461476186,6.533151833257713,7.380078110742053,0,3.5599996907830147,3.700021629805873,0.09000384221311475,6.886181917678805,0,0,0,0,0,0,0,0,0,0.01,0,0,0,2.3699980434215484,1.4599982626824184,3.2411191519141838,1.7699976721962216,1.0200057432755816,2.1600406949444357,1.859996075267645,3.580000417811296,4.691228945521951,1.0700006759268648,1.0899999999999999,6.959991643786558,1.9100015821335488,1.9130216547102983,2.66998515413501,3.8499984655516344,2.5662219812743716,2.0900002629280245,3.964816834382591,2.800733592987138,0.2400059612518629,0.7499771876996075,0,0,0,1.3818331658460488,1.3935870421397758,3.560050568900127,3.1700008397336106,3.8400118081938595,3.75000777919532,2,3.5001659108505696,2.049973550735912,2.394318970025589,2.259996453461849
ARG,1.4658799221592802,2.139994298346053,3.7143067981764006,2.9720917392599864,5.0886532152695105,3.910039449913358,1.9658648382700759,2.609080020829853,4.1830919983136505,7.6400070582526425,4.0700030064369965,2.4299984446019045,8.1600005746145,3.8531846357329456,0.1519720734551663,3.0065111165578955,0.029999832447509773,4.249990859789166,0.5099917875718587,10.420367441294562,7.897240654734316,9.849894321622207,7.285443462375241,17.188334479633024,7.112811880270228,6.533151833257713,7.380078110742053,0,2.5600473798504026,7.249975666731555,0.08000146001387012,6.886181917678805,0,0,0,0,0,0,0,0,0,0.01,0,0,0,2.0400011308239643,1.5320011758764425,2.6889777244564623,1.8099975569369418,1.4500086270768417,1.4699959051483453,1.8599984805715177,3.7000061655539307,4.691228945521951,1.2200008653388523,1.1299934272986196,6.731671455579361,1.850022655188038,1.8785606149583427,3.2800020153471023,3.2870542003410694,2.9700059645426973,2.66000234846681,4.69188904042466,2.879490464025885,0.1,0.7500304173257087,0,0,0,1.2999993401387029,1.1430000864133347,2.760019402170618,2.9599705868835886,2.9299288371340775,2.3400074058400335,2.200022461814915,2.7399419328079633,1.750047232193463,2.394318970025589,2.259996453461849
ARM,3.423422056856703,0.7699924645598832,3.7143067981764006,2.8699873467004084,5.099917875718587,4.290071957451246,1.9658648382700759,2.609080020829853,4.269963538294333,3.241633547402978,4.169998480199645,3.4527210613599557,8.1600005746145,3.8531846357329456,0.1519720734551663,3.0065111165578955,0.2900001112188474,1.2800043366701601,0.5200043582479844,11.356114033557862,7.897240654734316,9.644302583287198,5.724516285872363,17.188334479633024,7.049854832019909,6.533151833257713,7.380078110742053,0,3.559975042895024,3.699995133346311,0.09000105289018355,6.886181917678805,0,0,0,0,0,0,0,0,0,0.01,0,0,0,2.370000244371927,1.4600004732271727,2.604761566212334,1.7699918690426044,1.020008525603453,2.1600396293208646,1.8600151483853198,3.580020543639904,4.691228945521951,1.0700004256207476,1.0899832090065789,6.960024065779798,1.9099979438172545,1.7267855494050408,2.6699970675715305,3.8499918126739807,2.529998511240137,2.0900039463299134,3.4577421444328684,2.7313746473392353,0.24000813586901248,0.7500091250866883,0,0,0,1.3804538975483447,0.30421592678990866,3.559929752670862,3.170012486792815,3.8400563323609296,3.749981966385342,2.0000584001284802,3.46737012174609,2.0499629707998306,2.394318970025589,2.259996453461849
ATG,1.465880780628971,2.1399993796034287,3.7143067981764006,2.972071130324882,5.0886532152695105,3.9099872617706133,1.9658648382700759,2.609080020829853,4.1830919983136505,7.640015800908552,4.069994409917464,2.4300147636919904,8.159949458951598,3.8531846357329456,0.1519720734551663,3.0065111165578955,0.02999951134228844,4.2499889795018735,0.5099906629318395,10.42003165041605,9.880078290308928,9.644302583287198,7.200091980799167,20.07996814546902,7.370069731967749,6.533151833257713,7.380078110742053,0,2.559990641085634,4.153782344855327,0.08,6.886181917678805,0,0,0,0,0,0,0,0,0,0.009999999999999998,0,0,0,2.0399989957885887,1.532000066258441,2.9552145552326654,1.81000030527583,1.449991424160997,1.4699847156585444,1.8599946701552923,3.7000084868030214,4.040992044922789,1.2199989276191683,1.1300025038601178,6.520169608067842,1.849994570266781,2.208155974753462,3.279998374140708,3.2869887807758467,2.9699964750207153,2.659998844748943,3.4577421444328684,2.592886443103667,0.2297437207712135,0.7500076041001308,0,0,0,1.427219482399361,1.1809323638661975,2.7599710263026846,2.9599875343639743,2.9299960150773794,2.339993714184846,2.1999726252395293,2.73998751226474,1.7499937560878143,2.394318970025589,2.259996453461849
AUS,1.102318387073572,0.7699992592243405,3.7143067981764006,1.1350744292900394,5.100072240599217,4.290062404332979,1.9658648382700759,2.609080020829853,4.1830919983136505,2.710053328066364,4.170001507678391,3.369970217349978,8.1600005746145,3.2833650377172847,0.1519720734551663,3.0065111165578955,0.29000027584358884,1.2799998390296707,0.5199980789549515,13.929798947592541,8.230057944124221,9.554974577093425,6.613037552508529,17.970155662909285,7.049991852696758,6.533151833257713,7.380078110742053,0,3.5599389074838332,4.153782344855327,0.0899990680914513,6.886181917678805,0,0,0,0,0,0,0,0,0,0.01,0,0,0,2.370000338891695,1.4600029956562983,2.9773800885891526,1.7700024293848917,1.0199999999999998,2.1600495850693844,1.8599555206698064,3.5800094348257723,4.691228945521951,1.0700012687135245,1.0899961679778192,6.96006970857941,1.9099986340061956,1.9684396137977491,2.670001459798421,3.849995452779179,2.529999181265367,2.0899994641749955,3.599978505024451,2.8184239103497064,0.23999805314903144,0.7499954375399215,0,0,0,1.380001277941755,0.22016366011914185,3.5600453763104363,3.1700123713265334,3.8399733984967055,3.749942857142857,2,3.499964998249912,2.0499983520648626,2.849986312619764,2.259996453461849
AUT,1.1023189582714896,0.7700005951082105,4.520097942299211,1.1350805519703322,5.100004328067518,4.2900038314948885,1.9658648382700759,2.609080020829853,4.1830919983136505,3.241633547402978,4.170001126929868,3.3700023657440266,8.1600005746145,3.8531846357329456,0.1519720734551663,3.0065111165578955,0.2899998846901313,1.280000812617237,0.5200114260323103,13.929881855729517,8.229789547254795,10.793023566279045,6.496373213300037,17.970116758095156,7.049942134781448,6.450027495188341,7.380078110742053,0,3.5601403908176814,3.6999705192817935,0.09000102817191034,8.129874394548889,0,0,0,0,0,0,0,0,0,0.01,0,0,0,2.3699968432063945,1.46000158852794,2.8915631280745195,1.7700022261293065,1.0199983348597121,2.159977420265312,1.8599686028257456,3.580006504001903,4.691228945521951,1.069999365961611,1.0899900510285954,6.959947283978913,1.9099998893939896,1.6429249283499316,2.6699967330452474,3.8499487389788807,2.530000433587563,2.090000059966059,3.453472080550058,2.9672251334130433,0.2400008091051297,0.750001183527195,0,0,0,1.3806613205376186,0.2771352017624835,3.560017412123191,3.1700183473036656,3.8399821422877007,3.750048383975227,1.9999525205645305,3.4999308723904323,2.0499846672799755,2.850036500156429,2.259996453461849
AZE,3.423421548263046,0.769998986109703,4.520202941927948,2.869999691259558,5.1000097333073775,4.289885753914662,1.9658648382700759,2.609080020829853,4.299284377023079,3.241633547402978,4.169998831135575,3.4527210613599557,8.1600005746145,3.8531846357329456,0.1519720734551663,3.0065111165578955,0.2899990056484021,1.2799786343808421,0.5199947439884367,11.356114033557862,7.897240654734316,9.644302583287198,5.980526195398927,17.188334479633024,7.050092119442416,6.533151833257713,7.380078110742053,0,3.5599073489155613,4.153782344855327,0.08999918890420959,6.886181917678805,0,0,0,0,0,0,0,0,0,0.01,0,0,0,2.370000505442935,1.4599997407210548,2.0020910994830365,1.7699993851072988,1.0199933984061866,2.160074773711137,1.8599700292571537,3.5799913657949154,4.691228945521951,1.0700021713701344,1.089985209217997,6.959957216391469,1.9100006169011434,2.37081265465429,2.6700031124790646,3.849992553471801,2.5299506694855536,2.0900029385836025,3.4577421444328684,2.920782983674055,0.23999496760395042,0.7500304173257087,0,0,0,1.3801026589965506,0.26094530675521166,3.5600827630113003,3.1700152085167694,3.839978003849326,3.7499603262767005,2.0000365003467535,3.46737012174609,2.041489075738801,2.394318970025589,2.259996453461849
BEL,1.1023193903184978,0.7699983153857118,4.52002294295547,1.1350786295926028,5.099956024626209,4.290069779924853,1.9658648382700759,2.609080020829853,4.1830919983136505,3.241633547402978,4.170000707578162,3.4527210613599557,8.1600005746145,3.8531846357329456,0.1519720734551663,3.0065111165578955,0.2899996672966391,1.2800020207633434,0.5200057937427579,13.92996885341639,8.22994834359244,9.588157037530545,6.640124764780397,17.970556028713958,7.050020531382599,6.533151833257713,7.380078110742052,0,3.560013468711148,4.153782344855327,0.08999895713838774,6.886181917678805,0,0,0,0,0,0,0,0,0,0.01,0,0,0,2.3700009759860943,1.4600094333265952,3.055842811467999,1.7699947187407417,1.0200005050632592,2.1600195892381624,1.860041602888653,3.5800103525409943,4.989975867829961,1.0699992021219664,1.0900021687269574,6.9599377123442805,1.9099955985442991,1.800107091800485,2.669998963639697,3.8500606475290016,2.5300001797641167,2.0899978903801335,4.160248636958163,2.268510365249525,0.2400029270434422,0.7499990167042285,0,0,0,1.3800674734533762,0.227753309370314,3.5600068020462823,3.1700219096307114,3.8400264038561915,3.749907737729118,1.9999568053215842,3.499917046103932,2.049992095630708,2.8499124002335994,2.259996453461849
BEN,1.7063545394404425,1.9394012133748306,3.7143067981764006,3.032367246017154,5.0886532152695105,4.289885753914662,2.4428692340245455,3.1530529969661356,4.1830919983136505,2.70999992612757,5.504981942060911,4.57024189559822,8.160000936784927,3.9885327193836893,0.1519720734551663,3.0065111165578955,0.01999971031705798,2.120007300031286,0.5180755284114683,15.499992144910689,7.897240654734316,12.899513347491448,6.390941881239458,17.188334479633024,7.274873372940556,6.533151833257713,7.380078110742053,0,4.149904582245717,4.680050098407586,0.0899990875079843,6.479947149660051,0,0,0,0,0,0,0,0,0,0.01,0,0,0,2.5459982994360777,1.834004537719796,3.1340589659307674,1.66002138710663,1.5575211807960783,1.6399917358217693,1.8599984805715177,3.7250486066104993,4.691228945521951,1.0700035784576847,2.052001884726078,4.099842646015242,1.9100178702827713,2.4643840857818335,3.049975631549021,3.850091604698782,3.010085728693898,2.4300037494271707,3.1851573863560496,2.6329445853264626,0.2297437207712135,0.9299923349271818,0,0,0,1.380005220569042,1.6915840265701618,3.1299812090973886,4.8301058300886774,4.379970412874882,3.789978133633614,2.0399776709034696,3.46737012174609,2.041489075738801,2.394318970025589,2.259996453461849
BFA,1.706347933597852,1.939400744257667,3.7143067981764006,3.032368156032595,5.0886532152695105,4.227352836158858,2.4428728557082056,3.153053194621381,4.270188450768184,2.710092645732557,5.504963986762702,4.570216352185073,8.159992737231523,3.8531846357329456,0.1519720734551663,3.0065111165578955,0.02000021220947197,2.120070664155461,0.5180755284114683,11.356114033557862,8.230098185932766,12.1242074701852,5.3523824251904815,17.400117227047478,7.274869618844601,6.533151833257713,7.380078110742053,0,4.149856110058258,4.680026020020961,0.09000255502427273,6.886181917678805,0,0,0,0,0,0,0,0,0,0.010000007080109508,0,0,0,2.5459937944880453,1.4597273541425348,2.836769690969906,1.6599785519078425,1.5575258781605295,1.6399982454986073,1.8599984805715177,3.725027243007628,4.999910588151142,1.0700184501845018,2.0519223147047168,4.099821177672755,1.9099493674417305,1.7716487333284485,3.049985685657028,3.849972168104648,3.0099443691811025,2.4299961641733794,3.2028485102608832,2.689250232542056,0.1899977194982896,0.7521006011765439,0,0,0,1.3799959769136738,1.7076836262497568,3.1300158744157334,3.321494180462082,4.3800129785853334,3.790025495603309,2.0400043800416103,3.46737012174609,2.041489075738801,2.394318970025589,2.259996453461849
BGD,3.4234233457178522,0.7100000740064893,3.7143067981764006,2.8699813447968205,5.0886532152695105,4.227352836158858,1.9752170130855653,2.609080020829853,4.1830919983136505,1.979983198632716,1.760000466419888,0.01,8.1600005746145,3.8531846357329456,0.2899966255483484,0.29000538524443026,0.15500156809886365,0.44000941952195927,0.5180755284114683,7.390013626630329,8.229999503401698,6.615726557483452,5.105997162059033,3.9799458661417324,7.0499562001167995,6.533151833257713,7.380078110742053,0,3.5599971922928435,4.153782344855327,0.08928285179755761,6.886181917678805,0,0,0,0,0,0,0,0,0,0.010000007080109508,0,0,0,2.3699862782351695,1.459998417345889,3.4817693046268174,1.7699744717831731,1.0199974924774322,1.7750065145367235,1.860069598890604,3.5799884004736473,4.691228945521951,1.0699679829242263,1.0899861303744798,6.731671455579361,1.909969481180061,3.146919880351143,2.6699182966080715,3.849970384307167,2.5662219812743716,2.090018345563709,3.061402941639381,2.874594231737431,0.24000000000000002,0.7521006011765439,0,0,0,1.59675616737086,1.5964310069641348,3.5399921489056894,3.450013384351331,3.830061233507985,3.789951439362681,2.0400064888877796,3.46737012174609,2.041489075738801,2.394318970025589,2.259996453461849
BGR,1.1023190118173194,0.7699979840207115,4.520047940727828,1.1350840930491806,5.099945926459986,4.289985052316891,1.9658648382700759,2.609080020829853,4.1830919983136505,3.241633547402978,4.169998042056624,3.3700801917227396,8.1600005746145,3.8531846357329456,0.1519720734551663,3.0065111165578955,0.289999761895758,1.2799947319899907,0.5199946585952105,13.929849550431763,8.230003128584837,6.982964146195468,6.0230334970011254,17.96970526507893,7.04988268010776,6.4499653796696235,7.380078110742053,0,3.5600693149663294,3.6998509596374363,0.09000063663179339,6.886181917678805,0,0,0,0,0,0,0,0,0,0.01,0,0,0,2.3700019110420887,1.4599951655789218,2.3653860763197336,1.770002115175207,1.0200142959256613,2.1599816352936263,1.8599391679748825,3.5799875623777093,4.989989962835363,1.0700034628805837,1.0900103192303852,6.959689818838157,1.9099946543429152,2.1565187175696843,2.6700131641760816,3.8500036584473545,2.529999376291429,2.090002259038194,3.36171534845844,2.262770934437322,0.2400029252596168,0.7499917045492251,0,0,0,1.3804433111468668,0.468641029530172,3.560027830927118,3.170042865539833,3.8400223338916804,3.7499008172657304,1.9999513334631107,3.50013826159093,2.0499595915068696,2.8500200751907143,2.259996453461849
BHS,1.1023191294937786,0.7699997925153366,4.519994877213204,1.1350871366898163,5.1000097333073775,4.289929639401935,1.9658648382700759,2.609080020829853,4.1830919983136505,2.710006983420842,4.169996980932874,3.3700103784129016,8.1600005746145,3.8531846357329456,0.1519720734551663,3.0065111165578955,0.2900002406315184,1.2800016657725388,0.5199968714151632,13.930289612254667,8.229998053338525,9.644302583287198,7.200091980799167,17.96970526507893,7.049832402234636,6.449814126394052,7.380078110742053,0,3.560018356470134,4.153782344855327,0.0899990875079843,8.129971923256901,0,0,0,0,0,0,0,0,0,0.01,0,0,0,2.370001224935185,1.4600001843097141,2.629893716570898,1.7699997984399252,1.0199984156368307,2.160000976657877,1.8599984805715177,3.579999112172351,4.989958664794884,1.0700003170878651,1.0900084198708953,6.959730466869886,1.909995276469662,1.6708360316133235,2.6699998049275306,3.850026247669388,2.5299970629924275,2.0900003042642106,3.4577421444328684,2.5343840770654342,0.2400015685864422,0.7500038021078886,0,0,0,1.382544123862463,1.2358957726411868,3.5598105013817603,3.1699794569985014,3.8400068358540547,3.7500314874679876,2,3.5000553036168562,2.050036398932298,2.8499124002335994,2.259996453461849
BIH,1.1023195808484858,0.7699932763423304,4.519991673027549,1.135082692367356,5.100062735257214,4.290019814370633,1.9658648382700759,2.609080020829853,3.375627929851405,3.241633547402978,4.169999228028157,3.370044611173071,8.1600005746145,3.8531846357329456,0.1519720734551663,3.0065111165578955,0.2900007525775782,1.280000304166318,0.5199898141074613,13.929950020569468,8.23020767778477,8.123676403874256,5.914993286733197,17.97020373198257,7.049810348529307,6.533151833257713,7.380078110742053,0,3.560007299987365,4.153782344855327,0.0900015642924184,8.130088909686476,0,0,0,0,0,0,0,0,0,0.01,0,0,0,2.3700001212581747,1.4599984529254213,2.4318750843580466,1.7699968447669792,1.0200120554550935,2.1600285674203876,1.8599984805715177,3.580013426680733,4.691228945521951,1.0699995816619177,1.090004723530338,6.959689818838157,1.9099999287805087,1.6158281562384034,2.6700088211330106,3.8499664204163864,2.529996622073792,2.0900032728462854,3.4577421444328684,2.698935848743579,0.2400090186573474,0.75,0,0,0,1.3800030294909291,0.25632360463851234,3.560028575030466,3.170042865539833,3.8399471897397213,3.749980926222629,1.999927001970947,3.5000502765208648,2.050007053180985,2.394318970025589,2.259996453461849
BLR,1.1023196349326319,0.7699997491408073,4.519989964552209,1.1350792812329136,5.09999796531541,4.290005693036327,1.9658648382700759,2.609080020829853,3.420606282580977,3.241633547402978,4.169999653187939,3.4527210613599557,8.1600005746145,3.8531846357329456,0.1519720734551663,3.0065111165578955,0.2899996935435976,1.2799960805448043,0.5200020857232246,11.356114033557862,7.897240654734316,9.644302583287198,5.430906690889199,17.970235183443084,7.049856332996815,6.533151833257713,7.380078110742053,0,3.559903487606931,4.153782344855327,0.09000045625294664,6.886181917678805,0,0,0,0,0,0,0,0,0,0.01,0,0,0,2.3699992354823562,1.4599987606122578,2.8222600832884712,1.7700020368338405,1.0199999999999998,2.1600326835531694,1.860069598890604,3.579995040775843,4.990172955974843,1.069999097058524,1.0899943310657596,6.9599703186731645,1.910006321683374,1.539152033064708,2.6700040542207963,3.850065298900451,2.530001350447789,2.090001390563771,3.512517964932452,2.514328583411925,0.24000161720708335,0.7500294360061227,0,0,0,1.3805664500738823,0.22195651871637487,3.5599978281329183,3.170064266463962,3.8400142399430406,3.7499183197199533,2,3.5001659108505696,2.049989420228523,2.394318970025589,2.259996453461849
BLZ,1.4658810093580124,2.140000909508674,3.7143067981764006,2.840001001715438,5.0886532152695105,3.9100251603529537,1.9658648382700759,3.630018771509021,4.1830919983136505,7.639914834448596,4.069995873191733,2.4299737315083645,8.159932093254694,3.8531846357329456,0.1519720734551663,3.0065111165578955,0.030000127681850876,4.249976995981965,0.5099990394774758,10.419988465024305,9.879968484692565,9.644302583287198,6.299272219035942,20.08024483378257,7.369986346369622,9.199729638391348,7.380078110742053,0,2.5600214601868827,7.250063875606818,0.08000146001387014,6.886181917678805,0,0,0,0,0,0,0,0,0,0.01,0,0,0,2.040004032325812,1.5319972649440952,2.381039598411205,1.8100000551737327,1.3387604926038972,1.4699990098490894,1.8599984805715177,3.6999982717798945,4.041014185882371,1.2200032772110934,1.1299972043611965,6.519733675597625,1.8500097333073777,1.9306876625748775,3.279995095334437,3.2870846656471566,2.970006241183877,2.6599990758811582,3.4577421444328684,2.592886443103667,0.2297437207712135,0.7500038021078886,0,0,0,1.2999971155787593,1.1546888321247624,2.760030558542245,2.9600914808461978,2.9300014387056077,2.3400767352633416,2.1999885491812665,2.74001474744992,1.7500039010688928,2.394318970025589,2.259996453461849
BOL,1.4658810126711612,2.140000724151281,1.3800051100485455,2.972100034849415,5.0886532152695105,3.9100658513640636,1.9658648382700759,2.609080020829853,3.9495960028163215,7.639998292045202,4.0700011208083975,2.4300175847155554,8.1600005746145,9.769969854403183,0.1519720734551663,3.0065111165578955,0.030000014060090015,4.250057937427578,0.5100010428616123,10.419994009119453,9.87978100524675,10.009738414405922,9.514138973383966,20.080300762857245,7.369986346369622,6.533151833257713,7.380078110742053,0,2.5600153149128966,4.153782344855327,0.07999927000194666,6.886181917678805,0,0,0,0,0,0,0,0,0,0.009999999999999998,0,0,0,2.0400065350133763,1.5320012523837985,3.059642015732018,1.8099979607203365,1.4500117757889779,1.4700795837159475,1.8599882260596545,3.7000463204215155,4.040997661380459,1.220001454915797,1.130007027406887,6.731671455579361,1.8499656475437993,2.310954099398855,3.280000520193252,3.2870271536799356,2.9700035091507853,2.660000536700021,3.0444477073457232,2.8514140500798186,0.2297437207712135,0.75,0,0,0,1.2999996781701242,1.3515287596605612,2.7599399665387265,3.321494180462082,2.9299574493768294,2.3399925771401513,2.0563057323092617,3.46737012174609,1.7500176329524617,2.394318970025589,2.259996453461849
BRA,1.4658795886070495,2.1400014959022964,3.7143067981764006,2.9720997400251914,5.0886532152695105,3.910031068720534,1.9658648382700759,2.609080020829853,3.8110468468359118,7.639996532680993,4.070004633720827,2.4300323398304347,8.159885848090152,3.8531846357329456,0.02,8.997043785161612,0.029999861777267888,4.249975337871165,0.5100193451837792,10.420001557927067,9.880047781796462,10.14445494568407,6.635810177334806,20.079932793881927,7.370254844704008,9.200040555611883,7.380078110742053,0,2.559992534953525,7.249931563098823,0.07999534052962647,6.886181917678805,0,0,0,0,0,0,0,0,0,0.01,0,0,0,2.039999458755679,1.5320000889818253,2.0305278262329267,1.809999218193725,1.4500097472220417,1.469999569577756,1.8599984805715177,3.7000022019803143,4.691228945521951,1.2199933254012014,1.129998951923221,6.731671455579361,1.8500014439599157,2.34972471200647,3.2799992750315936,3.2869168983626813,2.970000638866833,2.660000934646937,3.570182053215555,2.890847385329602,0.1,0.7521006011765439,0,0,0,1.3605428675389972,1.1473729083363016,2.760026364144763,2.9599783267246265,2.929952313442454,2.3399716430141657,2.199995290349927,2.7399798144589305,1.7499860794030848,2.394318970025589,2.259996453461849
BRB,1.102319397355558,0.7699994930559688,4.520202941927948,1.1350785985554859,5.100193451837792,4.290047036688617,1.9658648382700759,2.609080020829853,4.270019707441641,2.7099587846257065,4.170000783750522,3.3700087620478154,8.160198066493752,3.8531846357329456,0.1519720734551663,3.0065111165578955,0.29000017122750144,1.27998988749842,0.5200030969682893,13.930138336314196,8.229948711494288,10.955111176189666,5.912925106922172,17.970215717049314,7.050029831888534,6.449814126394052,7.380078110742052,0,3.560012921024602,3.7000208572322455,0.0899990875079843,6.886181917678805,0,0,0,0,0,0,0,0,0,0.01,0,0,0,2.3700082459653666,1.4599997920356589,2.6659725752960566,1.769999659179987,1.0200007393988688,2.160003234488893,1.8599787599052366,3.5799993687997733,4.9899731539282595,1.069998590159312,1.089995687796464,6.96,1.9100037188545929,2.1028395191414377,2.6699951531464547,3.850020499186245,2.5300082341077097,2.090000853602549,3.4577421444328684,2.198824710486896,0.2297437207712135,0.75,0,0,0,1.3800044126379831,0.5053325077743998,3.5599591750118735,3.169974527701125,3.8399982197298446,3.749981556621173,1.9999215070643641,3.5000553036168562,2.0499214811141417,2.394318970025589,2.259996453461849
BWA,1.7063491366824377,1.9394006243774609,3.7143067981764006,2.6548955063920996,5.100107707036861,4.289953941079343,2.4428063426177853,3.153052017296132,4.2524254795110155,2.7099317194289263,5.505006309605081,4.570149733546002,8.1600005746145,2.6531291768927305,0.1519720734551663,3.0065111165578955,0.020000454297655824,2.1199922602661414,0.5199927000638744,15.5000282508221,8.229947987955105,12.766893295219564,5.973645387328487,17.399854001277486,7.274796970526507,6.533151833257713,7.380078110742053,0,4.149856110058257,4.153782344855327,0.08999927001970946,6.886181917678805,0,0,0,0,0,0,0,0,0,0.009999999999999998,0,0,0,2.5460070468836924,1.8340014246406973,2.9020073108491355,1.6599989665150887,1.5575034191222181,1.640012243180166,1.8600367158321198,3.725000440055623,4.691228945521951,1.0699960262733454,2.0520414423011384,4.10003409341596,1.9099733649008583,1.5139155503354478,3.050010008407062,3.849981037261781,3.010156103065639,2.4299998882768947,3.153346261877385,2.644576427233555,0.19000134631782076,0.9300118623962039,0,0,0,1.3800081457496132,1.5549952539934067,3.1299588992137237,4.829987513207185,4.380008592295575,3.790145847502456,2.039967150287435,3.46737012174609,2.041489075738801,2.394318970025589,2.259996453461849
CAF,1.706350443213427,1.9393982124262408,3.7143067981764006,2.6548987578696615,5.0886532152695105,4.227352836158858,2.442878050799312,3.1530595442666,4.1830919983136505,2.709999817072227,5.505016471997603,3.4527210613599557,8.159999784583945,3.9884778096225775,0.1519720734551663,3.0065111165578955,0.020000137476886698,2.120013140124831,0.5200071117804551,11.356114033557862,8.229860085165551,12.90000647656409,7.200091980799167,17.188334479633024,7.112811880270228,6.533151833257713,7.380078110742053,0,3.431798829948837,4.679994690911505,0.08928285179755761,6.479976602634746,0,0,0,0,0,0,0,0,0,0.01,0,0,0,2.546021251475797,1.4597273541425348,2.7988118900301227,1.6599963076231528,1.5575291099269784,1.6399836356198008,1.8599984805715177,3.724996713225527,5.0000074179573915,1.07809917347525,2.0520160913088223,6.731671455579361,1.9062987104840587,2.826067163502331,3.0500034068897044,3.850000436349673,3.0099807841225226,2.4300366911274183,2.8747127997326425,2.6148551631472867,0.2297437207712135,0.7521006011765439,0,0,0,1.416782500149902,1.5299991380510671,3.1300014985763522,3.321494180462082,4.379988438485645,3.789951439362681,2.0563057323092617,3.46737012174609,2.041489075738801,2.394318970025589,2.259996453461849
CAN,1.1023190229758424,0.7700010118081762,4.519936037821115,1.1350823351269501,5.100010428616122,4.290019814370633,1.9658648382700759,2.609080020829853,4.272489335633219,2.709983922596718,4.169998565522997,3.369963980789754,8.1600005746145,4.289929441949969,0.1519720734551663,3.0065111165578955,0.28999947412535776,1.2800025595358708,0.5200087950747582,13.930035817840695,8.230083273227983,6.979769362416307,6.599490515717335,17.969821062939555,7.049954880331866,6.533151833257713,7.380078110742052,0,3.560050848394407,3.7000912501267362,0.09,8.129932927780377,0,0,0,0,0,0,0,0,0,0.01,0,0,0,2.3699995446369617,1.4600005017183855,2.93994023407426,1.770000165188232,1.0200104288880198,2.160038161111442,1.8600367158321198,3.5799982561688033,4.691228945521951,1.0700003825993802,1.090001113284667,6.960002567023375,1.9099979252633765,1.5501207567853832,2.669998961362692,3.849934469200524,2.5299992706345718,2.0900006056568348,3.5168507535524762,2.880013468661311,0.23999468862036913,0.7499979471346104,0,0,0,1.3799974352131372,0.21757749762124734,3.559956884936675,3.170006003301816,3.84001035619873,3.75,2.0000268384326354,3.5001659108505696,2.050010547325036,2.394318970025589,2.259996453461849
CHE,1.1023187059418118,0.7699978175304982,4.51996214852199,1.1350668583126444,5.100037852160277,4.289983461019334,2.2067966242028962,2.609080020829853,3.4435985541032923,3.241633547402978,4.169998729421584,3.3700782966259224,8.1600005746145,1.5913920689863248,0.1519720734551663,3.0065111165578955,0.289999802223418,1.2800105415733298,0.5200120827669537,13.930036646080621,8.230089467039903,8.479429412594444,6.864596110930623,17.97029424977538,7.049910873440286,6.533151833257713,7.380078110742053,0,3.559978116580819,3.7000912501267362,0.08999722786915541,8.130088909686476,0,0,0,0,0,0,0,0,0,0.01,0,0,0,2.3699992575298845,1.4599855803893298,2.9265205793398614,1.770001091701165,1.0200003752415616,2.159987071751778,1.860041602888653,3.5800021890788014,4.691228945521951,1.0699991878062647,1.090001029760066,6.959982721915399,1.9099995788468827,1.7341887826620876,2.6699965882768404,3.849956083229851,2.5299985565224565,2.0900003184724647,3.574928978879986,2.691611495762803,0.2399992252466298,0.7499980748943116,0,0,0,1.3800028284542498,0.2305720825568592,3.559974159430306,3.1699689503428865,3.8399940610229883,3.749968311912186,2,3.5000553036168567,2.0499814142338377,2.394318970025589,2.259996453461849
CHL,1.4658799999828618,2.139996958338179,1.3800253914515446,2.9721002799458276,5.0886532152695105,3.9100219000938576,1.9658648382700759,2.609080020829853,4.045348350885236,7.640080822126144,4.0699987717739194,2.430066294033537,8.1600005746145,3.8531846357329456,0.1519720734551663,3.0065111165578955,0.029999742277174456,4.250002799081901,0.5100010428616123,10.42012336596684,9.879899191796298,10.379257400900437,8.162898743957252,20.079813120498347,7.370039070532592,6.533151833257713,7.380078110742053,0,2.5599425699928213,7.249931563098823,0.08000050344862307,6.886181917678805,0,0,0,0,0,0,0,0,0,0.01,0,0,0,2.0399949718212484,1.5320004471678206,2.848659999190505,1.8100023929169657,1.4500027704412388,1.4699400867708836,1.860069598890604,3.6999965815471914,4.691228945521951,1.2199971098400624,1.1300105908405276,6.731671455579361,1.8500056516333219,2.5497050682891502,3.28000571924363,3.2869168983626813,2.970001063616643,2.6599994604878776,8.076877255970109,2.9154054330628663,0.1,0.7500304173257087,0,0,0,1.2999598667532324,1.1504069488705266,2.7600110349510856,2.959985355243038,2.93000869378961,2.3399809564113414,2.20000556188993,2.73997199859993,1.7500169548999662,2.850016591085057,2.259996453461849
CHN,1.1023199401683093,0.7600000737001481,4.520021470746109,1.1350826560904643,5.100193451837793,4.290075322693035,2.20680095607901,1.6895947619890286,4.050138947990624,2.710008310578179,4.170001629306742,3.3700017575771692,8.1600005746145,5.889442648788567,0.2899978984858037,0.0199995290349927,0.28999716293483474,2.119985400006636,0.5199947439884367,13.929759104550248,8.230289354924343,10.388381806661934,8.30721510045324,17.97004571822304,7.050006358896095,6.533151833257713,7.380078110742053,0,3.5600034032415877,3.6999951333463112,0.08928285179755761,6.886181917678805,0,0,0,0,0,0,0,0,0,0.01,0,0,0,2.3699989576578977,1.459998459542247,2.8726279394201635,1.769998903794242,1.3799526368521722,1.3900052975454704,1.8600038968991817,3.57999365367958,4.691228945521951,1.0699983531865842,1.0899605377566717,6.960024065779798,1.9099969167709523,1.8846277947556829,2.6699946466809417,2.2999919826825943,2.530000880753925,2.240006005449062,3.515931924612113,2.3805268424792216,0.24000378143316314,0.7500091250866883,0,0,0,1.4880835275992326,0.4077677826052722,3.560002632055142,3.170023379623109,3.8299978347613592,3.74991183731045,2.040014974418701,3.4998975899501605,2.0500055510929123,2.3000000000000003,2.2599958114825216
CIV,1.7063499716328916,1.9394007025668567,3.7143067981764006,3.032366404122974,5.0886532152695105,4.289929129786781,2.4428837366728717,3.153051422498365,4.269836956521739,2.7100005424125,5.504935494238097,4.570152081519791,8.16000039993379,3.8305413337501197,0.28999700440122583,3.0065111165578955,0.019999999999999997,2.1199502281211116,0.5199927000638744,15.500141221456973,8.230319990266455,12.866785248972224,6.394093089832431,17.39939775526964,7.274893541255546,6.533151833257713,7.380078110742053,0,4.15006345177665,4.680102200438002,0.09000255502427273,6.479878334113242,0,0,0,0,0,0,0,0,0,0.01,0,0,0,2.545996977058884,1.4597273541425348,2.7368651860983664,1.6599808061420345,1.3387604926038972,1.6400313356835097,1.8599979761181946,3.7250231696014833,4.9999983119969755,1.0700010119409025,2.052031502290177,4.100058173356603,1.9099850716244404,2.9331401765995246,3.049975773516993,3.8500068147744306,3.010051573518577,2.4299961641733794,3.051485045235887,2.5115407835205983,0.2297437207712135,0.9299923349271818,0,0,0,1.3799971477002548,1.5340107763549469,3.1299379693111327,4.830015135638607,4.380002798768541,3.7900090956962993,2.0399743043186263,3.46737012174609,2.041489075738801,2.394318970025589,2.259996453461849
CMR,1.706348298889443,1.9394009002541994,2.799939168124097,2.6548969940387006,5.0886532152695105,4.227352836158858,2.442873641444451,3.1530517444703308,4.1830919983136505,2.709999727498916,5.505006570859298,4.570218360052585,8.159993515028342,3.9566004807534,0.2899929976446623,3.0065111165578955,0.02000013931311668,2.119985400006636,0.5199927000638744,15.499977598231753,8.229797795459522,12.113672881183115,8.02882083850013,17.40037099090474,7.274849502110311,6.533151833257713,7.380078110742053,0,3.431798829948837,4.679842986020247,0.09000255502427273,6.479945183501571,0,0,0,0,0,0,0,0,0,0.01,0,0,0,2.5459995431969134,1.8339980059820538,2.189519654001537,1.6600061106018944,1.3387604926038972,1.6399696990565389,1.8600051021409367,3.725000739746788,5,1.0699937974139988,2.051990428540352,4.100006684938832,1.9100178702827713,3.2099441585320374,3.050008283435496,3.8500158881474418,3.009950248756219,2.4299850958372327,3.1825363675278,2.5878318453260807,0.2297437207712135,0.9299923349271818,0,0,0,1.3799708834572062,1.6406349626563237,3.1300215165630245,4.829918904455452,4.380009935419771,3.7899657597441205,2.0399891118754794,3.46737012174609,2.041489075738801,2.394318970025589,2.259996453461849
COG,1.706350971800921,1.9394011564791633,2.7999849485428308,2.6549112890906317,5.0886532152695105,4.290019814370633,1.9658648382700759,2.609080020829853,4.1830919983136505,2.7099998905526066,5.505003769963671,4.570259009993299,8.160057688345582,2.9895490012537,0.2900005623980654,3.0065111165578955,0.019999891931906294,2.1199712561736495,0.5180755284114683,15.500051651113942,8.230059044551798,9.644302583287198,7.200091980799167,17.188334479633024,7.274888800224616,6.533151833257713,7.380078110742053,0,4.150059921246362,4.679997914276775,0.08928285179755761,6.479914919477362,0,0,0,0,0,0,0,0,0,0.009999999999999998,0,0,0,2.546008079919432,1.8339869102436226,3.036775427504781,1.6599962556944647,1.5575179407846673,1.64003359462486,1.860041602888653,3.725001527623803,4.999993571405612,1.0700018829391231,2.051943055021162,6.731671455579361,1.909978615412362,2.397946769873626,3.0499855880092235,3.8499501842026,3.009986745280863,2.430002581311306,3.179988255846703,2.4230336501217877,0.2297437207712135,0.9299931866848355,0,0,0,1.3800094573826696,1.5527811621709522,3.130009691883314,4.829995086225051,4.3799971879833155,3.7900248299686927,2.039967150287435,3.499917046103932,2.0499760699261946,2.394318970025589,2.259996453461849
COL,1.4658804130064544,2.1400005619503424,1.379974888311385,2.9721022058211966,5.0886532152695105,3.909869573681137,1.9658648382700759,2.609080020829853,4.269875164257556,7.639998112983819,4.069997849282709,3.4527210613599557,8.160003923748489,9.770165258923953,0.1519720734551663,8.997003525085384,0.0299998326235776,4.249877167122903,0.5099917875718587,10.419964038459469,9.8799639867627,10.765050628516613,6.8858972095575055,20.079704609116373,7.369984393092685,6.533151833257713,7.380078110742053,0,2.560021119980122,4.153782344855327,0.07999999999999999,6.886181917678805,0,0,0,0,0,0,0,0,0,0.01,0,0,0,2.0399994136702775,1.5320024986143246,2.869360414757274,1.8099985972181758,1.4500202733322203,1.6847665485807342,1.8599990883302766,3.699971993651894,4.040998107233773,1.2199849790780015,1.130006918155884,6.731671455579361,1.8499645706891774,3.1872228447688262,3.2800080372747575,3.286926037112405,2.9700110697393574,2.6599980756741157,3.2934255194495172,2.885868713864624,0.1,0.7499954375399215,0,0,0,1.2999988515911205,1.1430170068256131,2.7600405422526286,2.9600686106346483,2.9299834066806145,2.340033855268726,2.199997753843735,2.7399419328079633,1.7500264494286923,2.394318970025589,2.259996453461849
CPV,1.7063506656551646,1.9394012276533024,3.7143067981764006,3.032369259990464,5.100193451837792,4.289955226786062,1.9658648382700759,2.609080020829853,4.257143994396641,2.7099917423616846,5.504997869089515,4.570219534121677,8.1600005746145,22.993344416421905,0.1519720734551663,3.0065111165578955,0.019999574137361992,2.1199990519529766,0.5199868603547705,15.50001328239976,8.229903536977492,12.460616624754692,7.200091980799167,17.40008030076286,7.274932903918411,6.533151833257713,7.380078110742053,0,4.149998856803164,4.153782344855327,0.09,6.479956325066293,0,0,0,0,0,0,0,0,0,0.009999999999999998,0,0,0,2.545999506872958,1.833996597168152,2.5679387512350336,1.6600027670171555,1.5574644005512173,1.6400654269972452,1.8600417536534446,3.72500129616508,4.691228945521951,1.070001474093702,2.0519941277220455,4.10003409341596,1.9099775162787982,1.8392385277275618,3.0500185101394433,3.8499842022116906,3.010001243410511,2.4300017057153642,3.4577421444328684,2.3782139024573614,0.2297437207712135,0.9299856210596172,0,0,0,1.38000031112508,1.7593413484174873,3.1301063175094965,4.829987513207184,4.3799981893351845,3.7899553672061668,2.0399776709034696,3.5000212702599223,2.0499214811141417,2.394318970025589,2.259996453461849
CRI,1.4658811488341728,2.1399994234509125,1.3800058324945204,2.840005744730786,5.0886532152695105,3.910038970305725,1.9658648382700759,2.609080020829853,4.270084293824187,7.639992152417491,4.070003619836705,2.4299570786440907,8.160025088856367,5.980005734991267,0.1519720734551663,8.996991220282133,0.029999978667440325,4.249965566319269,0.5100083220183085,10.42001221320771,9.879913859181663,9.770457697642165,6.263264568548836,20.08012794988187,7.370169918187539,9.19998068752414,7.380078110742053,0,2.5600010798844526,4.153782344855327,0.08000146001387014,6.886181917678805,0,0,0,0,0,0,0,0,0,0.01,0,0,0,2.039997564509168,1.5320054562109204,3.282264721514656,1.8100224729513703,1.4500017527869316,1.4699874634350187,1.860008755113439,3.7000395726157493,4.040991858279712,1.2200006041794111,1.129999509396543,6.731671455579361,1.8499939645807109,2.53347979284059,3.2799952181536276,3.2869158228874626,2.9699975035744277,2.6600013673343814,3.4577421444328684,2.9218682133582004,0.1,0.7521006011765439,0,0,0,1.29584505834747,1.1436330165254125,2.759987019863025,2.95997177245462,2.9300123729087093,2.3400305743612146,2.1999868270835163,2.73998751226474,1.749936012285641,2.394318970025589,2.259996453461849
CUB,1.465880086684325,2.1399994036136425,3.7143067981764006,2.9721058396222464,5.0886532152695105,4.227352836158858,1.9658648382700759,2.609080020829853,4.1830919983136505,7.639995591249003,4.070006746533395,2.4299978546977457,8.15999329235548,5.980002028779689,0.1519720734551663,3.0065111165578955,0.030000117279582798,4.250048666536889,0.5099955076370171,10.420007627568747,7.897240654734316,9.117447037002552,7.200091980799167,20.079954976935436,7.3699685694007915,6.533151833257713,7.380078110742053,0,2.5599919473896122,4.153782344855327,0.0799990875079843,6.886181917678805,0,0,0,0,0,0,0,0,0,0.009999999999999998,0,0,0,2.0400000998172514,1.532002910961324,3.0299094117923717,1.8100010512667764,1.4500327194540523,1.470004341952914,1.85999962621713,3.6999948562647482,4.041000185867509,1.2199972962925412,1.1299981380626543,6.731671455579361,1.8499684852628544,2.1613930884397097,3.2800066450701886,3.2869809530759686,2.969996693022277,2.6600020812842193,3.6001034326717956,2.8815284442080813,0.1,0.7521006011765439,0,0,0,1.2992511722760365,1.1484640800592185,2.7599828252468876,2.9600360926766798,2.9300291545189503,2.3400474737199053,2.1999385277393575,2.7399798144589305,1.7499999999999998,2.394318970025589,2.259996453461849
CYP,1.1023188116149953,0.7700004260697901,4.52002294295547,1.135077274019172,5.099917875718587,4.289875173370319,1.9658648382700759,2.609080020829853,3.7207953189590115,3.241633547402978,4.170001577161069,3.3700023657440266,8.1600005746145,5.00263501863285,0.1519720734551663,3.0065111165578955,0.2900006812064642,1.2799987304363774,0.5200057937427579,13.930013729364097,8.22991716126575,8.374613194875451,7.202988515781334,17.969887763482067,7.050102657693623,6.450177434799753,7.380078110742053,0,3.559959639386694,3.699950754613134,0.09000085325041003,6.886181917678805,0,0,0,0,0,0,0,0,0,0.009999999999999998,0,0,0,2.3700014515223105,1.459997077552527,2.425697836101091,1.7699972225064688,1.0199988427813227,2.160006647900198,1.8600695988906042,3.58000201999798,4.9899859616284505,1.0699977233057598,1.089957676029242,6.960067742223016,1.9100042637311525,2.0418536410394905,2.6699946432199786,3.8500081676166897,2.530000927108349,2.09000129881375,3.8957508636758607,2.437343080668301,0.23999807840122983,0.7521006011765439,0,0,0,1.3800071550144726,0.6690280039576888,3.56001790070881,3.1700278164116824,3.839983114746939,3.7499520073716677,2,3.4999738315800495,2.050066125070848,2.8500624339640765,2.259996453461849
CZE,1.1023192762074314,0.7700006606328863,4.519922944337423,2.2995706396847466,5.099998279925005,4.290038207859293,1.9658648382700759,2.609080020829853,3.3398324344383368,3.241633547402978,4.170000213256777,3.4527210613599557,8.1600005746145,3.8531846357329456,0.1519720734551663,3.0065111165578955,0.28999987924813303,1.2800001834172468,0.5200214707461084,13.930005367686526,8.229968742112723,10.061781890717297,6.313460706759066,17.9704281118535,7.050014797277301,6.533151833257713,7.380078110742053,0,3.5598786828422884,4.153782344855327,0.09000110607233713,8.129918747607096,0,0,0,0,0,0,0,0,0,0.01,0,0,0,2.3699965108694006,1.4599987838021153,2.524641639051328,1.770002006432745,1.0199974924774324,2.160032683553169,1.859996075267645,3.5799988720638414,4.9898492505723295,1.0700012351948178,1.0900130868640603,6.9602337840935125,1.9099965256221132,1.8072232903879184,2.6699898450262705,3.849932343509611,2.5299994673525137,2.090001594800949,3.7443575301062104,2.2015395351165328,0.24000258972311544,0.7499972009180988,0,0,0,1.379999275168935,0.2421466296509212,3.5599708434244866,3.170027716716047,3.8400000000000003,3.7500531349628052,2,3.5001659108505696,2.050021159542954,2.850042584255992,2.259996453461849
DEU,1.1023192720864492,0.7700028815675728,4.520027577629675,1.1350821554651438,5.1000000000000005,4.290033995348005,2.2067743877611385,2.609080020829853,3.332005197484404,3.241633547402978,4.169998760962044,3.4527210613599557,8.1600005746145,3.8531846357329456,0.1519720734551663,3.0065111165578955,0.28999989119242225,1.2799974979855104,0.5200214707461084,13.929992334927181,8.230002056343821,9.835926995082227,6.715059774685798,17.970278099652376,7.049966961392026,6.533151833257713,7.380078110742053,0,3.5598557223630336,4.153782344855327,0.08999902666926221,8.129918747607096,0,0,0,0,0,0,0,0,0,0.01,0,0,0,2.369999492011887,1.4599961066770488,2.7066237863688825,1.7699966605872228,1.020027928854917,2.159964873359216,1.8599700292571537,3.579995902615128,4.990060646900269,1.0699985359017798,1.0899929057296667,6.960072926162261,1.910000855098764,1.7642781796679807,2.6699985074123824,3.849973670352817,2.5299987129158894,2.089997726683295,4.17366860959413,2.876798135685195,0.24000374817611073,0.7500000000000001,0,0,0,1.3800416970766318,0.22437655945065377,3.560012068792115,3.1699971904193296,3.840012910861262,3.7500522029651284,2,3.4999787297400777,2.049951509502878,2.8499160522665887,2.259996453461849
DJI,1.7063504062185275,1.9394012816069204,2.8000146001387014,2.654868867498653,5.0886532152695105,4.227352836158858,1.9658648382700759,3.153078705549475,4.2699842604065505,3.241633547402978,5.504998152531033,3.4527210613599557,8.1600005746145,2.6500126486213005,0.1519720734551663,3.0065111165578955,0.01999997599474765,2.119981362118506,0.5200019466614756,15.50007341989889,8.229987568034687,10.327361123113764,7.200091980799167,17.188334479633024,7.274815276417698,6.533151833257713,7.380078110742053,0,3.431798829948837,4.680113278791693,0.08928285179755761,6.480008319034992,0,0,0,0,0,0,0,0,0,0.01,0,0,0,2.5459977113547643,1.8339999271924183,2.527608255775153,1.6599956129813969,1.557511997677318,1.6399696990565389,1.8600023086690525,3.7250045992952465,4.691228945521951,1.0700091250126738,2.052082825029685,4.099894051763282,1.9099908019797642,2.2494918003777213,3.0500137551581843,3.8499991354417027,3.009987515605493,2.430029454072197,3.5880434602585627,2.7098680516563727,0.2297437207712135,0.9299948901379663,0,0,0,1.427219482399361,1.5335536494524757,3.129955012307953,4.830039666304986,4.379940873754517,3.7901055682053406,2.039929921892109,3.46737012174609,2.049989420228523,2.394318970025589,2.259996453461849
DMA,1.4658804675137747,2.139997424697154,1.3800047169281566,2.972098451756637,5.0886532152695105,3.9100658513640636,1.9658648382700759,2.609080020829853,4.1830919983136505,7.639982671593885,4.069994507841582,2.4300058197014422,8.160002331880834,6.073737545206288,0.019999509154272812,3.0065111165578955,0.02999987823964498,4.2499855159228295,0.5180755284114683,10.419982081826326,9.879916050734556,9.644302583287198,7.200091980799167,20.080301739871032,7.369993276342331,6.533151833257713,7.380078110742053,0,2.5599969331621018,4.153782344855327,0.07999791427677547,6.886181917678805,0,0,0,0,0,0,0,0,0,0.01,0,0,0,2.0400065076426066,1.5320009268048402,2.171502203436539,1.8100002090844194,1.4500022741346918,1.4700001311214919,1.8599984805715177,3.699997975462607,4.041001998986269,1.2199998870318174,1.1299453200385976,6.731671455579361,1.8499308437067772,2.1998062723101275,3.2800109130592943,3.2870567033532856,2.9699999999999998,2.66000007426579,3.4577421444328684,2.592886443103667,0.2297437207712135,0.7500091250866884,0,0,0,1.427219482399361,1.148263553573873,2.7600509298556988,2.960024129370548,2.930001870235026,2.339983374896093,2.199995365113207,2.740017697157394,1.7499814855957936,2.394318970025589,2.259996453461849
DNK,1.1023188538262916,0.7699974258615113,4.519937950542933,1.1350786300490578,5.100003348625389,4.290002730316573,1.9658648382700759,2.609080020829853,4.1830919983136505,3.241633547402978,4.170000888256515,3.4527210613599557,8.1600005746145,3.8531846357329456,0.1519720734551663,3.0065111165578955,0.29000023890908805,1.2800012989332512,0.5199812821712682,13.93025606469003,8.230001013890298,10.929839082380527,6.8022753692617455,17.970556028713958,7.050057357388675,6.533151833257713,7.380078110742053,0,3.56004890861335,4.153782344855327,0.08999722786915541,6.886181917678805,0,0,0,0,0,0,0,0,0,0.01,0,0,0,2.369997905287984,1.4600000000000002,2.954740647766671,1.7699997401917382,1.020013767432374,2.1599188082206675,1.8600188967221458,3.5799925945325977,4.989867916697185,1.0699998509901705,1.0899840960023135,6.959815347358862,1.9099993127620096,1.8013497309890996,2.6699999782373562,3.850067580614018,2.5300006286145336,2.09000097291011,5.00683317270372,2.821207190287013,0.23999852172145536,0.7499972679685706,0,0,0,1.3800002438028365,0.22782013635476903,3.559978327614232,3.1699481102565046,3.839996377744097,3.7499999999999996,1.9999646493212668,3.5000553036168562,2.050031867431485,2.850042584255992,2.259996453461849
DOM,1.4658788008751078,2.1399993060277396,1.3799396534942574,2.972108488168521,5.0886532152695105,3.9100877526500697,1.9658648382700759,2.609080020829853,4.1830919983136505,7.6400059458397696,4.070011404750669,2.4300152246444884,8.160070225676689,5.980037383177571,0.1519720734551663,3.0065111165578955,0.029999976677309588,4.249996197892112,0.5099939167463283,10.41997718755092,9.880070914589634,12.538928382551916,6.514028028224512,17.188334479633024,7.112811880270228,6.533151833257713,7.380078110742053,0,2.560008167849303,4.153782344855327,0.08000132727212396,6.886181917678805,0,0,0,0,0,0,0,0,0,0.01,0,0,0,2.0399992643813447,1.532001726029249,3.1156724429477114,1.8100010192640912,1.4499800186492606,1.470005691519636,1.8599984805715177,3.70000065312947,4.040997563621902,1.2199993946914438,1.1299974573355867,6.731671455579361,1.8500192529842125,3.400495372346232,3.2799914753317414,3.286915822887463,2.9700081523607467,2.66000040676863,3.4577421444328684,2.9102476199224467,0.1,0.7521006011765439,0,0,0,1.3000016044582547,1.144585751015591,2.759925302548929,2.960006985679357,2.9299846312472035,2.3400691211736495,2.199995213135157,2.740017697157394,1.7500176329524617,2.394318970025589,2.259996453461849
DZA,1.3856596986446064,0.7699979436561794,4.52000283283804,1.1350860056717413,5.0886532152695105,4.227352836158858,1.9658648382700759,1.6895393377855326,4.270496267300819,3.241633547402978,4.170001501033752,3.4527210613599557,8.1600005746145,3.8531846357329456,0.1519720734551663,3.0065111165578955,0.2900004790025798,1.2799594457587022,0.5199968714151632,13.930070543642298,8.229949689257177,7.611437141100632,7.098932270698839,17.188334479633024,7.04996279814131,6.533151833257713,7.380078110742053,0,3.559954274712713,3.6998509596374363,0.09000077936248149,6.886181917678805,0,0,0,0,0,0,0,0,0,0.009999999999999998,0,0,0,2.3700014931802853,1.459999661802256,2.562516428872512,1.769998839605908,1.0199969376818252,2.1600495850693844,1.859996075267645,3.580014623446259,4.691228945521951,1.069998278730851,1.090009682987412,6.959998758345139,1.9099994676242975,1.972134933282913,2.67001622442037,3.8499957931253195,2.5662219812743716,2.0899942540338237,3.3158665780681535,3.0341063830930297,0.24000058093937898,0.7521006011765439,0,0,0,1.3800010546373178,0.5013300561398737,3.5600198061823582,3.169966030221389,3.8399833921527917,3.7500551024906326,2.0000584001284802,3.4999792614304077,2.049989420228523,2.394318970025589,2.259996453461849
ECU,1.4658813392244598,2.1400001971197518,1.379971923256902,2.972116382477483,5.0886532152695105,3.9099807822588453,1.9658648382700759,2.609080020829853,3.9399601734908214,7.640039970325062,4.069997340761987,2.4301218978270387,8.1600005746145,9.769886733498241,0.1519720734551663,3.0065111165578955,0.030000429893570636,4.249960668323841,0.5100010428616123,10.41983140696967,9.880047781796462,10.634861359930811,5.970183014600042,17.188334479633024,7.369873687664042,9.200040555611883,7.380078110742053,0,2.5599867004082233,7.250063875606818,0.07999927000194666,6.886181917678805,0,0,0,0,0,0,0,0,0,0.01,0,0,0,2.040013138292257,1.5320068559505178,2.695202048189186,1.810015329586101,1.4499846295727021,1.4699991391431604,1.8599929556204085,3.69999904470285,4.040997414870486,1.219999394691444,1.1299972043611965,6.731671455579361,1.8500143272340253,2.2823511491217445,3.280001021808309,3.287029054228813,2.9700043834930177,2.659996850145681,3.0902625254659206,2.920601999327254,0.1,0.75,0,0,0,1.2991836030281179,1.14497859453642,2.760028684745862,2.959954464063371,2.9300308183997266,2.340011902400317,2.2000267893021386,2.7399419328079633,1.7500264494286923,2.394318970025589,2.259996453461849
EGY,1.069999924092238,0.7700001662869781,4.519961737904647,1.1350837934975695,5.0886532152695105,4.289885753914662,1.9658648382700759,1.6895558568295836,4.1830919983136505,2.709959155296776,4.169998734835599,3.3700162366949304,8.1600005746145,5.878184159668417,0.29000297404087183,3.0065111165578955,0.2900002162775579,1.279992315819806,0.5200085168511984,13.92980222391987,8.229765489551966,9.906365875937821,5.670181823202162,17.969911448249597,7.0501197064248995,6.533151833257713,7.380078110742053,0,3.5599073489155613,3.6999532054281703,0.09000320960193472,6.886181917678805,0,0,0,0,0,0,0,0,0,0.01,0,0,0,2.3699995283225324,1.4599991739227067,2.335252953030523,1.7700019929174777,1.0199983348597121,2.159906342538393,1.8599555206698064,3.5800014116650587,4.691228945521951,1.0699997147990759,1.0900198807157058,6.96,1.910002741311565,1.9854773426311905,2.6700018574095976,3.8499841694729873,2.5300866173349394,2.089998116779495,3.1256223824819895,2.8887117714708745,0.24000103321795732,0.75,0,0,0,1.3799991831645229,1.1297896674105787,3.559993574297189,3.1700277932184546,3.8399877899877906,3.75002510998172,1.9999768255660357,3.499841997155949,2.0499508803748205,2.394318970025589,2.259996453461849
ESP,1.1023196784968008,0.769999222576382,4.520025218170355,1.1350669675076541,5.099906629318395,4.2899492566545,1.9658648382700759,2.609080020829853,4.1830919983136505,3.241633547402978,4.1699998980063375,3.370086973052612,8.1600005746145,3.8531846357329456,0.1519720734551663,3.0065111165578955,0.2900001248930603,1.279956511609847,0.5199812821712682,13.930133097371234,8.230021317936172,8.659003942528118,6.931626421799203,17.97021571704931,7.049896942631397,6.449986900707361,7.380078110742053,0,3.5599750428950245,3.7000851685119844,0.09000226175527808,8.129854936827329,0,0,0,0,0,0,0,0,0,0.010000043169691422,0,0,0,2.3699995116385413,1.4600012066276766,2.739585359336159,1.7699978037190358,1.0199999999999998,2.1600151509934227,1.8599602619765987,3.580000627578957,4.990023775672349,1.0700001708321232,1.0899967407246456,6.959912650132585,1.9100038153376573,1.9443389893311676,2.6700031124790646,3.8500068147744306,2.530000711676234,2.0899998721865054,3.5823119657539513,2.4424493102705553,0.2399954853273138,0.75,0,0,0,1.380175867854606,0.5096797401433943,3.5600242059468123,3.1700030546787494,3.8400087944746444,3.7498568507157466,2,3.499979618180583,2.0500056175567374,2.8500529848110205,2.259996453461849
EST,1.1023196969784232,0.7700056940125268,4.5199738437760075,1.135084295658472,5.10000063997679,4.290008739461237,1.9658648382700759,2.609080020829853,4.1830919983136505,3.241633547402978,4.170000341550468,3.370019263915644,8.1600005746145,3.8531846357329456,0.1519720734551663,3.0065111165578955,0.2899997321691619,1.2800013425296615,0.5200020857232246,13.929483903934592,8.230008894259008,9.644302583287198,6.343491209842862,17.97011874635001,7.049984791645545,6.533151833257713,7.380078110742053,0,3.559975042895024,4.153782344855327,0.08999585234342597,6.886181917678805,0,0,0,0,0,0,0,0,0,0.01,0,0,0,2.3699989427738593,1.4600043129534688,3.0367088783391396,1.7699981110814385,1.0199914433510948,2.160019150738408,1.8599602619765987,3.5799917021738987,4.989822418754825,1.0700000655707607,1.0899764199726967,6.9599703186731645,1.9100046262442358,1.5876912077538041,2.669995256166983,3.8500094571590697,2.529999692198101,2.090001406271973,3.4577421444328684,2.414964762384759,0.24000575208513084,0.7499977689527464,0,0,0,1.38007543046807,0.21942103969599658,3.5599276196742884,3.170012579935004,3.8400071987762083,3.7499603262767005,1.9999521313515713,3.499950369393514,2.0499069716537153,2.394318970025589,2.259996453461849
ETH,1.7063518911619855,1.9393901772855935,2.7999959416305003,2.6548976135152524,5.0886532152695105,4.289856070518559,2.44287028651112,3.1530540152178457,4.2699992534607425,3.241633547402978,5.5049816063764565,4.57024591593512,8.15998434772139,2.649999206703182,0.1519720734551663,3.0065111165578955,0.02000012166634222,2.119935761734433,0.519991704686852,15.499983484177841,8.230043483989984,9.64553572022649,5.121638193202248,17.399961579099035,7.274915361828184,6.533151833257713,7.380078110742053,0,3.431798829948837,4.679989050095811,0.08928285179755761,6.480112306972391,0,0,0,0,0,0,0,0,0,0.010000007080109508,0,0,0,2.5460005587112393,1.83401022462103,3.2845307775389814,1.6599840981372103,1.5575531169740837,1.6399904947985426,1.8599803020354564,3.724994703870714,4.691228945521951,1.0699681256316567,2.052025024695423,4.1000799655533005,1.9099916036943745,3.06170622266777,3.049999292596313,3.8500059794307577,3.010009464536668,2.4299961641733794,3.179993090476373,2.7234365558864453,0.18999967404413443,0.7521006011765439,0,0,0,1.3800161534801898,1.5372953968304068,3.1300081488523697,3.321494180462082,4.380103934669636,3.4838555802734943,2.0563057323092617,3.46737012174609,2.041489075738801,2.394318970025589,2.259996453461849
FIN,1.1023191595774295,0.7700019466614756,4.5200081810529955,2.2995706396847466,5.100005156638499,4.290004695255556,1.9658648382700759,2.609080020829853,3.651276876388106,3.241633547402978,4.170001451756808,3.370086973052612,8.1600005746145,3.8531846357329456,0.1519720734551663,3.0065111165578955,0.29000013438873284,1.2800051146733002,0.5199864819195674,13.929920613194634,8.229982572095622,9.644302583287198,6.367870273618282,17.969194831739543,7.050037208972679,6.533151833257713,7.380078110742053,0,3.5600556861919306,3.699972625239529,0.09000000000000001,6.886181917678805,0,0,0,0,0,0,0,0,0,0.009999999999999998,0,0,0,2.37000209919331,1.4599988755832913,2.521333742005167,1.7700019929174777,1.0199900711567103,2.160049585069385,1.8600622547029368,3.5799934531740574,4.9901367890568755,1.0699995043405603,1.089986571446011,6.960067742223015,1.9100031225473237,1.64823817006905,2.6699948596269656,3.8500319590923615,2.5300003299458886,2.0900006958898216,3.915288674467417,2.870772424258986,0.24000232504068822,0.7499972922916959,0,0,0,1.3799986585284056,0.22801200237837632,3.559999748678994,3.170009842853749,3.840001505828812,3.750049593334656,2,3.5001659108505696,2.050044883303411,2.8500200751907143,2.259996453461849
FJI,1.102319251964592,0.7700002131272156,4.519937950542933,1.1350882358577843,5.100133836233119,4.290019814370633,1.9658648382700759,2.609080020829853,4.2703127552702265,2.709998924012782,4.169997218017133,3.3700072945584694,8.159985660696224,5.910000591944431,0.1519720734551663,3.0065111165578955,0.2899998682310775,1.27994227994228,0.5199980789549515,13.930005367686526,8.229999818633585,11.208549666021954,7.200091980799167,17.969901590554937,7.04988239111039,6.533151833257713,7.380078110742053,0,3.5599982145049154,3.7000401503814286,0.0899990875079843,8.129809358752166,0,0,0,0,0,0,0,0,0,0.01,0,0,0,2.369998987777412,1.460001692555964,2.931503596058126,1.7699967328026613,1.3387604926038972,2.159999115416086,1.8599861676784755,3.579988442903499,4.691228945521951,1.0699987148338772,1.0900026654293808,6.960072595281307,1.9099761078303206,1.39631749959495,2.6699903207414577,3.850013839656419,2.5299897747961198,2.089998196100297,3.4577421444328684,2.749419761599843,0.24000290883234623,0.7499948735825457,0,0,0,1.380000190892518,0.21757730851126175,3.5600557812405267,3.17003125814014,3.8400035598882747,3.7499890403752576,2.0000313976671533,3.50013826159093,2.0500465736726503,2.8500456250633683,2.259996453461849
FRA,1.1023189878417834,0.7700042486899872,4.519922944337423,1.1350849935677447,5.09989684995636,4.289856070518559,1.9658648382700759,2.609080020829853,3.44399251701274,3.241633547402978,4.169999598459871,3.4527210613599557,8.1600005746145,2.5713052553487117,0.1519720734551663,3.0065111165578955,0.28999963131310474,1.2800099678975065,0.5200125865324103,13.929815303430079,8.229789547254795,9.313681052665975,7.051736482509849,17.970556028713958,7.050022595334932,6.533151833257713,7.380078110742053,0,3.5599954876474347,4.153782344855327,0.09000000000000001,6.886181917678805,0,0,0,0,0,0,0,0,0,0.01,0,0,0,2.369998764945628,1.4600051773233236,2.9547909308990326,1.7700007813206786,1.020013767432374,2.1600005348952274,1.859946176272707,3.580008618067525,4.990045433661749,1.0700004822298308,1.0900163666121112,6.9599377123442805,1.9099955608168098,1.7444520423453427,2.670001752189602,3.850011234061675,2.5299992973400034,2.090003240844614,3.4040882165657482,2.4499860443560078,0.24000037108677402,0.7500029153499003,0,0,0,1.3799967476987305,0.33702547740177186,3.5599791175219457,3.169998258590191,3.8399899912855155,3.7501144444105345,2,3.5000377064427743,2.0500033822634105,2.849966976048945,2.259996453461849
GAB,1.70634947462,1.9394042938,3.40953178217,2.65489766339,5.10005313966,4.28995784769,2.4428428305,3.15305576045,4.27054155449,2.88719303088,5.50499920692,4.57011783663,8.16000057461,3.05210473748,0.151972073455,3.00651111656,0.0200000186336,2.11997372609,0.519358915109,15.5000246251,8.22991384824,11.866384899,6.56086228926,17.3293983724,7.27485467631,6.53315183326,7.38007811074,0,4.14995114254,4.15378234486,0.090000304184,6.75079071813,0,0,0,0,0,0,0,0,0,0.01,0,0,0,2.54600246305,1.83400002388,2.77349024591,1.66000028759,1.55751846518,1.64000521994,1.86003413,3.72498075659,4.69122894552,1.06999757915,2.05200877355,4.10002970085,1.91000262725,2.01881770984,3.05000230536,3.85000264203,3.01005899407,2.43000073185,3.09761138105,2.69012623134,0.189999496858,0.87070496562,0,0,0,1.43496888768,1.53936832341,3.12997985816,4.82995904465,4.38000983625,3.7899927475,2.04000485585,3.48914439246,2.04717066619,2.39431897003,2.25999645346
GBR,1.102318979782034,0.770001862246934,4.52002294295547,1.1350926275542816,5.099990394774758,4.290009699321048,1.9658648382700759,2.609080020829853,3.5630400965545967,3.241633547402978,4.169999348472893,3.4527210613599557,8.1600005746145,3.8531846357329456,0.1519720734551663,3.0065111165578955,0.2899998031586476,1.2799393981130778,0.5200057937427579,13.929874988593848,8.2299683027567,11.021684822572084,6.6167823410857904,17.969827236596643,7.050002991802462,6.533151833257713,7.380078110742053,0,3.5600953579233163,3.6998509596374363,0.09000000000000001,8.130088909686476,0,0,0,0,0,0,0,0,0,0.01,0,0,0,2.369997399627399,1.4600031431714602,3.0138977878237694,1.7699999353558338,1.0199880435630182,2.160005148999163,1.8600622547029368,3.5799971559227908,4.990011122749802,1.070000608184983,1.0899824530273456,6.960024065779798,1.9100028154285484,1.5904775745654178,2.6700043236269053,3.849998019645121,2.5300001289496192,2.089999962650193,7.506922766506936,2.9381900610837866,0.24000140044580862,0.7499971484299255,0,0,0,1.3809477515307729,0.22824135938736892,3.5600327265289424,3.1700249523758415,3.840020259759054,3.7500495933346554,2,3.4999787297400777,2.049971862689927,2.8500200751907143,2.259996453461849
GEO,3.423421389504724,0.7700031805170613,4.520004980816076,2.8700007209879597,5.09994632313473,4.2899347303332185,1.9658648382700759,2.609080020829853,4.286462122858573,2.7100593858632678,4.170000771373817,3.4527210613599557,8.1600005746145,3.8531846357329456,0.1519720734551663,3.0065111165578955,0.2900004982933453,1.2800012695591454,0.5200105969622042,11.356114033557862,7.897240654734316,9.644302583287198,6.800871772017827,17.188334479633024,7.0499471712611665,6.533151833257713,7.380078110742053,0,3.5600556861919306,3.7000401503814286,0.09000026071540307,8.129854936827329,0,0,0,0,0,0,0,0,0,0.01,0,0,0,2.3699996136723622,1.4600020277805943,2.2379179596688092,1.7699976827074804,1.0200118413262285,2.1600030607950416,1.8599984805715177,3.580014860332952,4.691228945521951,1.070008643042351,1.0899748081987861,6.959689818838157,1.9099932730398386,1.8430489664016505,2.6700081304701326,3.8500053265153937,2.530003655797921,2.0900000000000003,3.4577421444328684,2.61044577919848,0.24000000000000002,0.75,0,0,0,1.380476382964084,0.24953118609577313,3.5600962024293135,3.1700541745110846,3.8399833921527917,3.750051051664284,2.0000584001284802,3.46737012174609,2.0500101729399796,2.394318970025589,2.259996453461849
GHA,1.7063494944068989,1.93940144249754,2.799943223294671,3.0323683841960998,5.0886532152695105,4.289853088785473,2.442884478124193,3.1530473495487645,4.1830919983136505,2.7100000954919654,5.504913430042115,4.57023721992183,8.160000102889363,3.988311190454564,0.28999011369253586,3.0065111165578955,0.02000013931311668,2.120033508855912,0.5180755284114683,15.500051651113942,8.230098185932766,12.887442508595473,6.4099958000839985,17.40008030076286,7.274866864790474,6.533151833257713,7.380078110742053,0,4.149985452429444,4.153782344855327,0.08928285179755761,6.480008319034992,0,0,0,0,0,0,0,0,0,0.009999999999999998,0,0,0,2.5460002375312585,1.8340000922317785,2.745346301513763,1.6599982752203633,1.5575351422033343,1.6399843900647355,1.8599984805715177,3.725010073458761,4.99999914425726,1.0699926581127854,2.051972394990202,6.731671455579361,1.9100155732918045,2.084694156730284,3.0500818330605566,3.8500429564447685,3.00994923857868,2.429999856336288,2.869382352140183,2.602212863517238,0.1899989767029369,0.9299923349271818,0,0,0,1.3799717134085343,1.5339246651795744,3.1300273761184703,4.829932826919455,4.379994381462451,3.789940198563991,2.040004171446449,3.499841997155949,2.041489075738801,2.394318970025589,2.259996453461849
GIN,1.706351400021777,1.9394009785880806,3.7143067981764006,3.0323637917583084,5.0886532152695105,4.227352836158858,2.4428402677516736,3.153049355233339,4.1830919983136505,2.709999975700494,5.504960224613944,4.570219187716111,8.160054471175672,3.9885010443808007,0.1519720734551663,3.0065111165578955,0.019999945603542298,2.119987661937076,0.5200020857232245,11.356114033557862,8.230082622689716,12.899035343520449,6.410050788559209,17.188334479633024,7.274908486556991,6.533151833257713,7.380078110742053,0,4.149958037689784,4.679989050095811,0.08928285179755761,6.886181917678805,0,0,0,0,0,0,0,0,0,0.010000007080109508,0,0,0,2.545990266726994,1.8339954129128007,2.7186926743059794,1.775322547140465,1.3387604926038972,1.6400367309458221,1.859998241132547,3.7250066315510253,4.999998407435366,1.0699584304978202,2.0520027543366153,4.099951869083909,1.9062987104840587,2.17019710935887,3.050014845204999,3.849991223450939,3.0100495594713657,2.429978239221038,3.180036527114358,2.676226439994089,0.2297437207712135,0.7521006011765439,0,0,0,1.3800111919418017,1.5849131306752955,3.1299380738842624,4.829980335803962,4.380026513477684,3.7899415344230998,2.0563057323092617,3.46737012174609,2.041489075738801,2.394318970025589,2.259996453461849
GMB,1.7063498825147645,1.9394007504331285,3.7143067981764006,3.03236875,5.0886532152695105,4.289885753914662,2.4428716597182425,3.153056824144936,4.270066452624505,2.710002201152752,5.505035046371399,4.570279495758559,8.1600005746145,3.8531846357329456,0.1519720734551663,3.0065111165578955,0.02000019760251689,2.120033371571593,0.5180755284114683,11.356114033557862,7.897240654734316,12.905652258102503,7.200091980799167,17.40008030076286,7.274889981879368,6.533151833257713,7.380078110742053,0,4.1499666584775206,4.679970418435994,0.09000255502427273,6.886181917678805,0,0,0,0,0,0,0,0,0,0.01,0,0,0,2.5459994000793444,1.4597273541425348,3.002296786486715,1.659989137033132,1.3387604926038972,1.6847665485807342,1.8599984805715177,3.61511095595455,4.691228945521951,1.0700121667484899,1.260143466692901,4.10005348070238,1.9062987104840587,2.0659019186101037,3.0499673879136773,3.8500240731824746,3.010045888627062,2.430017939007375,3.1800415594696223,2.683114899685398,0.19,0.9300401508699354,0,0,0,1.379964187576017,1.5350273531794798,3.1299966181941157,4.829966274302341,4.379999506729038,3.789986631592565,2.0399621791484748,3.500031601567438,2.049989420228523,2.394318970025589,2.259996453461849
GNB,1.7063533067735184,1.9394013743853664,3.7143067981764006,3.0323700291570255,5.0886532152695105,4.227352836158858,2.442872008324662,3.1530456717056476,4.270041017880611,2.709999309722731,5.505040511270957,3.4527210613599557,8.1600005746145,2.649998589204593,0.1519720734551663,3.0065111165578955,0.02,2.1199759532806595,0.5199835751437175,15.499751140605559,7.897240654734316,12.77759379370845,6.403921977670363,17.188334479633024,7.2748388320060675,6.533151833257713,7.380078110742053,0,4.1499761126015215,4.153782344855327,0.08928285179755761,6.480045912060745,0,0,0,0,0,0,0,0,0,0.009999999999999998,0,0,0,2.5459939669174925,1.8339906856518928,3.124488914139741,1.6599957815853794,1.557494956582756,1.6847665485807342,1.8599984805715177,3.725,4.999997701440048,1.069998986109703,2.052030774736089,6.731671455579361,1.9062987104840587,1.2803645666773267,3.0499775813476817,3.8499779332955044,3.009990306068895,2.4299919001201022,3.4577421444328684,2.582397088046714,0.2297437207712135,0.7521006011765439,0,0,0,1.3800038491147038,1.6185090315473742,3.129967001602173,4.829986257037726,4.380038243785385,3.789891295723241,2.0400043800416103,3.5000502765208648,2.041489075738801,2.394318970025589,2.259996453461849
GRC,1.1023188843593388,0.7700004965983016,4.519950228121112,1.1350792941702035,5.099968907574386,4.290075322693035,1.9658648382700759,2.609080020829853,3.80447078717454,3.241633547402978,4.169998325176321,3.3700097931908517,8.1600005746145,3.8531846357329456,0.1519720734551663,3.0065111165578955,0.2900001932789476,1.2800146001796946,0.5200103546466477,13.930069837923309,8.230003128584837,7.879183130881088,7.841901762745343,17.97021571704931,7.0499562001168,6.533151833257713,7.380078110742053,0,3.5600034032415877,3.6999560246262093,0.089998278668002,6.886181917678805,0,0,0,0,0,0,0,0,0,0.010000049761394115,0,0,0,2.370000214325736,1.4600006233716707,2.3556797546408053,1.7699996121287347,1.0200001632000262,2.1600146084415925,1.860069598890604,3.580002210514681,4.691228945521951,1.0700003461365393,1.0899852092179971,6.959890903256857,1.9099976493371777,2.0571822944314557,2.6700024097215054,3.849996731480204,2.5300000180380713,2.0900027714779785,4.386727128713316,2.765581256895336,0.2400006787253538,0.749995067574233,0,0,0,1.3803072140789179,1.181476321717165,3.5600419507079177,3.170019352662323,3.8399864549823524,3.750051303098707,2.000091827364555,3.499989525944236,2.05001979200403,2.8498950634181948,2.259996453461849
GRD,1.1023198861067363,0.7700003512428142,4.519997603283501,1.1350704802569502,5.099917875718587,4.290049035873612,1.9658648382700759,2.609080020829853,4.1830919983136505,2.710012349631798,4.169996346957827,3.3700087620478154,8.160006920978708,4.272829623319688,0.1519720734551663,3.0065111165578955,0.2900001971375626,1.2799996075276203,0.5180755284114683,13.92989019679411,8.230107196372998,13.336313194072567,7.200091980799167,17.97021571704931,7.050189023595359,6.533151833257713,7.380078110742053,0,3.560007845526589,4.153782344855327,0.08928285179755761,6.886181917678805,0,0,0,0,0,0,0,0,0,0.009999999999999998,0,0,0,2.369999019230624,1.4599976582363177,2.9854479544260806,1.7700005103255878,1.01999682085519,2.15999614101822,1.8599977110302905,3.580002088372983,4.9900434467776975,1.0699983942489406,1.090000969838037,6.959979476654695,1.90999022425843,2.8321582575933024,2.6699977520282836,3.8500484161018123,2.5299986673696777,2.0899994311473207,3.4577421444328684,2.592886443103667,0.2297437207712135,0.7499766027140852,0,0,0,1.38,0.32251456735966016,3.5599270011034716,3.1700088009009093,3.840001052451554,3.7500261014825647,2.0000374363581908,3.5000553036168562,2.049989420228523,2.394318970025589,2.259996453461849
GTM,1.465882284577037,2.1400034112229234,1.3799396534942574,2.8399999142387293,5.0886532152695105,4.227352836158858,1.9658648382700759,3.629988320031146,4.2700299627292875,7.640046975924839,4.0700083964425176,3.4527210613599557,8.1600005746145,3.8531846357329456,0.1519720734551663,3.0065111165578955,0.029999908942606526,4.249916093304246,0.5100193451837792,10.420004134305879,9.879551053928278,11.268562001080213,5.19782359591776,20.08009177182188,7.369857805490077,9.199978370486528,7.380078110742053,0,2.559990641085634,7.249975896312825,0.0799990875079843,6.886181917678805,0,0,0,0,0,0,0,0,0,0.009999999999999998,0,0,0,2.0400027045986633,1.531999428458174,3.046457475344822,1.8100019765356976,1.4500056610716408,1.4700494469925485,1.8599747222776557,3.6999932240140945,4.040974496958353,1.2200030525696095,1.130001509889778,6.731671455579361,1.8500211595429539,2.937107368631593,3.280022110645354,3.286926037112405,2.9700016610375948,2.660001942192041,4.309920877775835,2.930163841841518,0.09999999999999999,0.7499869644564179,0,0,0,1.2997119319232824,1.1481006971819112,2.759916935716126,2.9599942368648544,2.929988285311887,2.340011902400317,2.200019466614756,2.7400593581211865,1.7500264494286923,2.394318970025589,2.259996453461849
GUY,1.4658809004359545,2.1399999999999997,1.3799799251756546,2.972108711021032,5.0886532152695105,3.910064624222116,1.9658648382700759,2.609080020829853,4.2699663184335215,7.639976026370991,4.069992539592345,3.4527210613599557,8.159934047815334,9.1945033402618,0.1519720734551663,3.0065111165578955,0.030000327307012926,4.249993323184573,0.5100043136344029,10.419992213354098,9.880020722622982,9.082292991566298,6.7779538085827,20.080003945940614,7.369921956141131,9.199729638391348,7.380078110742053,0,2.5600017163178923,4.153782344855327,0.08000146001387012,6.886181917678805,0,0,0,0,0,0,0,0,0,0.009999999999999998,0,0,0,2.0399980803480973,1.5320011835486733,3.094166535585489,1.8099966121009594,1.4500093791033577,1.47004069616417,1.8599919903884663,3.7000085800085807,4.040993712870782,1.2200091093826642,1.1300010118385106,6.731671455579361,1.8499881390107937,1.6317784129142208,3.2799876894668003,3.2870509312384146,2.96999584717608,2.6600008454212314,3.4577421444328684,2.7895308488729653,0.2297437207712135,0.7521006011765439,0,0,0,1.3000206128899272,1.1488987761080462,2.759909056460781,2.9599957779185138,2.9300285325724644,2.3399980579202175,2.2,3.46737012174609,2.041489075738801,2.394318970025589,2.259996453461849
HND,1.4658797565123491,2.140002572689977,1.3799799251756546,2.840000444782974,5.0886532152695105,3.909914968714905,1.9658648382700759,3.6299869870187575,4.269902586496473,7.640061421850496,4.069987002126009,2.4299908749873262,8.1600005746145,9.77362906360351,0.1519720734551663,8.996970471219475,0.029999900913130543,4.249990631440885,0.5099917875718587,10.41999037052247,7.897240654734316,9.644302583287198,6.31146725521893,20.079813120498347,7.370002246181492,9.200040555611883,7.380078110742053,0,2.5599959012193874,4.153782344855327,0.07999791427677547,6.886181917678805,0,0,0,0,0,0,0,0,0,0.01,0,0,0,2.039998011079942,1.5320044954851377,2.305941953393221,1.8100005229447702,1.449989831197885,1.4699400867708836,1.8599555206698064,3.6999975811458374,4.041009262216544,1.2200102933607821,1.1300065659881813,6.731671455579361,1.8500796389700027,2.2992857181824453,3.279988964502483,3.286941209181624,2.969982167624331,2.6599986348778595,3.4577421444328684,2.8997366124007806,0.09999999999999999,0.7500091250866883,0,0,0,1.2999959861728039,1.15015977056626,2.75997521685254,3.321494180462082,2.9300709022660922,2.3400589435502153,2.200051910972682,2.740017697157394,1.7500172497067548,2.394318970025589,2.259996453461849
HRV,1.1023189878417834,0.7700045996112588,4.520047169811321,1.1350884233619605,5.099939167463283,4.289853088785473,1.9658648382700759,2.609080020829853,3.3888844269114977,3.241633547402978,4.169998377394925,3.4527210613599557,8.1600005746145,3.8531846357329456,0.1519720734551663,3.0065111165578955,0.29000016898154823,1.2800005778370598,0.5200136104924523,13.930076128897696,8.230263843987903,8.322566116940255,6.131364663145973,17.188334479633024,7.050014797277301,6.533151833257713,7.380078110742053,0,3.559954274712713,3.699935112336767,0.08999870750937054,8.129888361521493,0,0,0,0,0,0,0,0,0,0.009999999999999998,0,0,0,2.3699999126622298,1.4600010161991381,3.054055830521896,1.7700033499174925,1.0200090620752154,2.159941804073715,1.8599555206698064,3.5800011737026582,4.691228945521951,1.0699999200402996,1.0899724734565472,6.960070593425988,1.909999213482711,1.7461035455250062,2.670008526360665,3.8501058412952682,2.5300001077203147,2.089994609934605,3.578395618452698,2.495408038175533,0.23999999999999996,0.7499463250554641,0,0,0,1.3802681160337544,0.2655218228735465,3.560063224446786,3.169981769203559,3.839988520042093,3.750043123770973,2,3.5000338592808284,2.049971862689927,2.394318970025589,2.259996453461849
HTI,1.465881407946187,2.1400007249424893,3.7143067981764006,2.9721023958715884,5.0886532152695105,4.227352836158858,1.9658648382700759,1.689559355342746,4.2699185376515,7.639997047173942,4.06999484177712,2.4299985220706506,8.16000072578397,9.769965152085566,0.02,8.99692794354716,0.029999475762765175,4.250100375953572,0.5099917875718587,10.419996576882813,9.879800912484447,13.057926706034092,7.200091980799167,17.188334479633024,7.370013366234835,6.533151833257713,7.380078110742053,0,2.5600024629025304,7.249927960810682,0.08928285179755761,6.886181917678805,0,0,0,0,0,0,0,0,0,0.01,0,0,0,2.039997070817562,1.5319952007198918,4.09440237558094,1.8100022894355272,1.4499819429396894,1.4700561744263545,1.8600363541937157,3.7000026666666668,4.041002285829596,1.220027905978319,1.1299553630618286,6.731671455579361,1.8499478381824503,2.7398559101179925,3.279976085868417,3.2869451886177683,2.96999584717608,2.6599930441094193,3.3453974621724156,2.941585310251739,0.2297437207712135,0.7500091250866883,0,0,0,1.4003028570047766,1.411295414563635,2.7600842048078227,2.959978228156117,2.929977105557991,2.340061495734973,2.1999708000778666,3.46737012174609,2.041489075738801,2.394318970025589,2.259996453461849
HUN,1.102319187157563,0.7700092238766636,4.52002294295547,1.1350882358577843,5.099943618505,4.2900060365280135,1.9658648382700759,2.609080020829853,4.1830919983136505,3.241633547402978,4.170001510772302,3.4527210613599557,8.1600005746145,3.8531846357329456,0.1519720734551663,3.0065111165578955,0.2900000772214686,1.2799984238643527,0.5199987833439791,13.929901731399157,8.23004083830723,7.618275701378869,7.928022620224505,17.188334479633024,7.050027098472531,6.533151833257713,7.380078110742053,0,3.5600791270499648,3.699972625239529,0.08999902666926221,8.129901731399158,0,0,0,0,0,0,0,0,0,0.01,0,0,0,2.3699991603795088,1.4600008802761553,2.611210907048522,1.770004338813094,1.0200226061682545,2.1600250430427295,1.859968111853805,3.5800050920818127,4.691228945521951,1.0700001043901268,1.0899954317039744,6.9599703186731645,1.9100017912966096,1.8848145621347694,2.6699906813337475,3.849922213763199,2.5300006371914816,2.0899988588382974,3.5343162976177984,2.0074666058311763,0.23999823679802523,0.7500000000000001,0,0,0,1.3810843216232112,0.22781073675337749,3.55996871197636,3.1699689503428865,3.840104598507558,3.7499070148032434,2.000032444357926,3.5000553036168562,2.0499588574115433,2.849986312619764,2.259996453461849
IDN,1.1023199461979922,0.7099998243873312,3.7143067981764006,1.1350853799943494,5.0886532152695105,4.289955226786062,2.206750244301715,2.609080020829853,4.1830919983136505,1.9800005841110833,1.7600069856793572,0.009999857399537975,8.1600005746145,2.690024219414806,0.1519720734551663,3.0065111165578955,0.1550011170718183,0.4399867273988718,0.24000073000693506,7.390014804226862,8.229998053338525,15.76349210384648,5.848166852606778,3.9800501532460295,7.049984343197118,6.533151833257713,7.380078110742053,0,3.5600067072742734,3.699972625239529,0.08928285179755761,6.886181917678805,0,0,0,0,0,0,0,0,0,0.010000007080109508,0,0,0,2.370009534351061,1.4600065888875005,2.717238543616511,1.7699984169700806,1.0199818830926626,1.77494662902004,1.8599984805715177,3.58000245626065,4.691228945521951,1.069980173035328,1.090009826400262,6.960140386061671,1.9099993511128415,3.0196877931054664,2.67001622442037,3.850128179846184,2.529988566556208,2.089998427035127,3.379840192658809,2.6536863741211247,0.24000382995021066,0.7499817504927366,0,0,0,1.5243995248373003,0.6977905507317272,3.540000183930033,3.449967774797813,3.829997969099061,3.790010626992561,2.0400232439892494,3.4999711964974938,2.0499894202285227,2.394318970025589,2.259996453461849
IND,2.715729788972866,0.7700000103078226,2.8000146001387014,2.8600026953875184,5.0886532152695105,4.289955226786062,1.5097759792598011,1.3227329246428778,4.1830919983136505,2.7100037363519367,2.469997971352146,3.93002878958568,8.1600005746145,3.8531846357329456,0.020000338249222028,0.02000037244641427,0.2900003457128873,0.44000811112237653,0.5200019466614756,8.429963925808478,7.250005069451485,9.214246990758388,6.496851564854224,17.96970526507893,7.050063510139722,6.533151833257713,7.380078110742052,0,3.5599741064175467,3.699905102562231,0.08928285179755761,6.886181917678805,0,0,0,0,0,0,0,0,0,0.010000007080109508,0,0,0,1.4600019370330666,1.2700003825993802,2.167541120922384,1.7700128718742318,2.1000111785967133,1.3899847508485415,1.85995896886986,3.5800031871337863,4.691228945521951,1.0700084716739666,1.0900172754195459,6.960042784017113,1.9100278264454291,2.3102158945112845,2.140001046736798,2.7000523208012557,2.5300191204588907,2.240008708363139,2.9698901283234087,2.928123899630563,0.2297437207712135,0.7521006011765439,0,0,0,1.379982512986679,1.1245419975681246,1.4699938180607732,1.5100080560203257,1.8299514082605957,1.8299974211977548,2.6199619519532806,3.46737012174609,2.049989420228523,2.394318970025589,2.259996453461849
IRL,1.102319201456488,0.7700023457658925,4.520026279929921,1.1350845407829928,5.100146004778338,4.290012396267346,1.9658648382700759,2.609080020829853,3.6341659891548383,3.241633547402978,4.170000675100928,3.4527210613599557,8.1600005746145,3.8531846357329456,0.1519720734551663,3.0065111165578955,0.2900001275331267,1.2799986996545054,0.5199965238550447,13.930020641393545,8.229917649543,8.540055313364272,6.277615615830007,17.969934976275127,7.050065373719765,6.449920917091371,7.380078110742053,0,3.559945900600914,3.699972625239529,0.09000353232073473,8.12977694587428,0,0,0,0,0,0,0,0,0,0.01,0,0,0,2.370000367282477,1.4600006537176102,3.4596346425766513,1.7700007651650664,1.019994724347138,2.160016204172574,1.859999331011696,3.5799991951975243,4.990020447401349,1.0700013870816463,1.0899649941656941,6.9599703186731645,1.9100014847470794,1.5243859679727647,2.6700001968620195,3.850021515342094,2.5300014145772183,2.090001529679814,4.102791714910588,2.6418857600978587,0.2399986197059974,0.7500032073898262,0,0,0,1.3799961999916586,0.2234407479698015,3.559852002321532,3.1700014512208394,3.8399896720888207,3.7499752038245626,2,3.5000165909015495,2.04995536747446,2.8498950634181948,2.259996453461849
IRN,3.4234217005537597,0.7700000499657734,4.520075282308658,2.8700013140028906,5.0886532152695105,4.227352836158858,1.9658648382700759,2.609080020829853,4.1830919983136505,3.241633547402978,4.170000510852422,3.4527210613599557,8.1600005746145,3.8531846357329456,0.1519720734551663,3.0065111165578955,0.2900005668905025,1.2799941599445195,0.520009573958832,13.930047694753576,7.897240654734316,7.82142463020419,7.98990227850401,17.188334479633024,7.050020630336115,6.533151833257713,7.380078110742053,0,3.5600412647431052,4.153782344855327,0.0899990875079843,8.130088909686476,0,0,0,0,0,0,0,0,0,0.01,0,0,0,2.369999327730197,1.4600010758314466,2.6086120054830237,1.7700005184839527,1.0199998357977358,2.16006216006216,1.8599786362827133,3.5799993833948225,4.691228945521951,1.0700004475181677,1.0899868114030637,6.959994955150053,1.9100003349008003,1.8917810444892575,2.669987616168152,3.8499986410458513,2.5662219812743716,2.090001486124697,3.179873787641354,2.9408074841207528,0.24000000000000002,0.7500091250866883,0,0,0,1.380002477302026,0.4273342555376788,3.560014110591763,3.1699703108627313,3.839985723633335,3.7499999999999996,1.999977538437349,3.46737012174609,2.041489075738801,2.8500200751907143,2.259996453461849
IRQ,3.4234215230651954,0.7699996518093308,4.519996358279121,2.869943013234117,5.0886532152695105,4.227352836158858,1.9658648382700759,2.609080020829853,4.1830919983136505,3.241633547402978,4.1700034107037425,3.4527210613599557,8.1600005746145,3.8531846357329456,0.1519720734551663,3.0065111165578955,0.2900003193000942,1.280042677448338,0.5199927000638744,13.92995955410871,8.230003128584837,7.41135833678384,5.022434404933393,17.188334479633024,7.112811880270228,6.449954641669187,7.380078110742053,0,3.5599971922928435,3.6999401398683074,0.08999627560521414,6.886181917678805,0,0,0,0,0,0,0,0,0,0.01,0,0,0,2.3700004214163806,1.4600047122577606,2.2634711795166336,1.7699949752350874,1.019988404516717,2.1600030607950416,1.8599984805715177,3.5800730010265767,4.691228945521951,1.069998403321092,1.260143466692901,6.9599888551576825,1.910005116834385,1.8259873978597403,2.6700316995854667,3.849958110796942,2.5662219812743716,2.0899968079163673,3.039946848268416,2.9881723699701386,0.24000000000000002,0.7521006011765439,0,0,0,1.3799961450174352,0.7603523042023336,3.560025307112353,3.169917813644915,3.840150379517929,3.7499098319267117,2.0563057323092617,3.46737012174609,2.041489075738801,2.394318970025589,2.259996453461849
ISL,1.102318940270352,0.7699987799422506,3.7143067981764006,2.2995706396847466,5.0999877104584,4.289981750072039,1.9658648382700759,2.609080020829853,4.1830919983136505,3.241633547402978,4.170001510772302,3.3700219504546878,8.1600005746145,3.8531846357329456,0.1519720734551663,3.0065111165578955,0.2900001090144008,1.2800011496069783,0.5199944176659402,13.929963178065721,8.229797795459522,9.644302583287198,6.206353742042068,17.969937286392142,7.050005214308062,6.4498467916366256,7.380078110742052,0,3.5600838135149293,4.153782344855327,0.08999789429353548,6.886181917678805,0,0,0,0,0,0,0,0,0,0.01,0,0,0,2.369997824549954,1.4599996781305822,2.6263032928064436,1.7699984195014922,1.0199815554872425,2.15999508085839,1.8600038186562573,3.580003056954891,4.691228945521951,1.0699991943430487,1.0900009318796011,6.960069444444444,1.9100014182858764,1.4741649127147947,2.6699996026305857,3.850001836333037,2.530002205096924,2.090001289551119,3.19094115429833,2.592886443103667,0.23999652465128035,0.7499988024927312,0,0,0,1.3800014682461188,0.21904597990988933,3.5600692940666954,3.170004710315591,3.840001647605665,3.4838555802734943,2,3.46737012174609,2.049989420228523,2.394318970025589,2.259996453461849
ISR,1.102319299552906,0.7699989334428858,4.51985972947828,1.1350839008635822,5.099917875718587,4.289952404590183,1.9658648382700759,2.609080020829853,4.1830919983136505,3.241633547402978,4.1700000403203585,3.369989081266573,8.1600005746145,3.8531846357329456,0.1519720734551663,3.0065111165578955,0.29000038056884664,1.279995311924455,0.5199864819195674,13.92980222391987,8.229947476186236,8.318498677224703,6.783991261292652,17.96970526507893,7.049987312864754,6.4500321065260735,7.380078110742053,0,3.5600718250081616,3.699996174006198,0.09000056589893045,8.12986869993669,0,0,0,0,0,0,0,0,0,0.01,0,0,0,2.369999172200266,1.4599984414757192,2.614797230902779,1.7699970870958348,1.0199980457935707,2.159990885152927,1.8599984805715177,3.5799915787367276,4.691228945521951,1.0700003984716397,1.0900021687269572,6.959973817249976,1.9099988806280037,2.3180713421604056,2.670002766521831,3.850003325868606,2.5299691135830567,2.0899995621705436,3.4577421444328684,2.8187022865501827,0.24000242072137495,0.7521006011765439,0,0,0,1.3799963318934063,0.26704797236307176,3.5599614540832016,3.170010860469671,3.839979285344381,3.750049593334656,2.0000270372573405,3.5000000000000004,2.0500656962954116,2.394318970025589,2.259996453461849
ITA,1.1023192407706852,0.7700011252391133,4.519981282171268,1.1350867457517093,5.100010428616122,4.289999047830641,1.9658648382700759,2.609080020829853,3.806225600751011,3.241633547402978,4.170001986137519,3.3699056723335685,8.1600005746145,3.8531846357329456,0.1519720734551663,3.0065111165578955,0.2900000134240621,1.2799981750159684,0.5200019466614756,13.929955002800257,8.229998053338525,9.487298694867642,7.2532300843555,17.97021571704931,7.049993726545836,6.533151833257713,7.380078110742053,0,3.5600693149663294,4.153782344855327,0.08999966968355685,6.886181917678805,0,0,0,0,0,0,0,0,0,0.01,0,0,0,2.3700011378456205,1.4600032004061205,3.1806085627909466,1.7699992041262698,1.019995155951452,2.1599899218946836,1.8599904980273079,3.579994878837962,4.989892507620729,1.070000330754298,1.0899805016396347,6.960072926162261,1.9100070972320795,1.836202154780249,2.6700034683601834,3.850007921419518,2.5299994709970566,2.0900013638973207,3.3275577287431637,2.5500485695226347,0.24000195800088112,0.75,0,0,0,1.3800025957899094,0.3145675424085899,3.560054524613526,3.1699958175288807,3.8399888532813153,3.74998916012661,2.0000613459296974,3.500024762690879,2.0500086176037757,2.8499663817116514,2.259996453461849
JAM,1.1023187393968372,0.7700005376195659,4.52002627992992,1.135082541009299,5.0886532152695105,4.2900106458481195,1.9658648382700759,2.609080020829853,4.1830919983136505,2.709990641085634,4.170008950687954,3.370000849627984,8.160002336065121,4.2900102475252755,0.1519720734551663,3.0065111165578955,0.28999958837573064,1.2799950183936237,0.5200005407378367,13.93002100156108,8.229995761314933,12.212448814414778,7.200091980799167,17.97021571704931,7.050031285848368,6.449814126394052,7.380078110742053,0,3.5600079338405854,3.7000401503814286,0.09000255502427273,6.886181917678805,0,0,0,0,0,0,0,0,0,0.01,0,0,0,2.3699998569855416,1.46000343434526,2.8953845998525414,1.7700006269087132,1.0200001132509244,2.1600053941194797,1.8599602619765987,3.5799997164387545,4.989996246788118,1.070001213192603,1.0899947516579989,6.731671455579361,1.9099895523587558,2.5993671956209625,2.6699885505993413,3.8500606475290016,2.530002033051611,2.089999719329759,3.4577421444328684,2.691468908735143,0.24000192086054556,0.7500304173257087,0,0,0,1.3799955859221185,1.9227930132544915,3.560012611257973,3.16991643454039,3.840013383831193,3.749998442939978,2,3.5000553036168562,2.0500035742369005,2.394318970025589,2.259996453461849
JOR,3.423421777125606,0.769999292846691,4.520026279929921,2.87000357343407,5.0886532152695105,4.289955226786062,1.9658648382700759,2.609080020829853,4.2711555866750635,3.241633547402978,4.169999385909698,3.3700397104796243,8.1600005746145,3.8531846357329456,0.1519720734551663,3.0065111165578955,0.29000031512084884,1.279985805535841,0.5199987833439791,13.929719655199191,8.229950319375444,7.743666891095775,7.873884119003179,17.97021571704931,7.049943729659033,6.450008111177202,7.380078110742053,0,3.559961170848268,3.7000579374275784,0.09000050694514854,8.129901731399158,0,0,0,0,0,0,0,0,0,0.01,0,0,0,2.3699997868848968,1.4599997735088388,2.410025842714145,1.7700018661106196,1.0199815554872427,2.1599976252671578,1.8599686028257458,3.5800013314692762,4.691228945521951,1.069998152750722,1.0900059640453268,6.959939346507532,1.909997246856828,2.0945369111860916,2.6699942815129485,3.8500038140279944,2.529985372988786,2.0899994357402147,4.609142346634902,3.016333905785424,0.2400013573585802,0.7499955488293422,0,0,0,1.3799994571799823,0.6045458783328167,3.5600827630113003,3.1700857632933106,3.8399954032675105,3.7500368720686703,1.999977538437349,3.5000553036168562,2.0500158696572157,2.394318970025589,2.259996453461849
JPN,1.1023197457677751,0.7600004380338011,4.520021470746109,1.1350832444097123,5.100193451837792,4.289875173370319,2.2068588690592197,2.609080020829853,4.492520207052055,2.7100231749710315,4.170001798145341,3.369998906437956,8.160134592589761,5.4487865658257455,0.1519720734551663,0.019999270019709466,0.29000075691314003,2.1200012526226786,0.5199944176659402,13.930124800559524,8.230082622689716,9.907602960058012,7.303701780998378,17.96997363346582,7.049942134781448,6.533151833257713,7.380078110742053,0,3.559954274712713,3.699898614396756,0.09000024333268444,6.886181917678805,0,0,0,0,0,0,0,0,0,0.01,0,0,0,2.370001521795294,1.4600012419678683,2.670685147307418,1.7700002777494885,1.379942750219953,1.3900210822206607,1.859995409685563,3.5799914535533497,4.691228945521951,1.06999884874618,1.0899765416882032,6.959730466869886,1.9099912400233598,1.6809237947119,2.6699979164720844,2.3000092681269115,2.5299977626132675,2.2399989126790683,3.918714494062877,2.4042671240305165,0.23999883368322836,0.7521006011765439,0,0,0,1.3799998976428256,0.21927630513904367,3.5599876414726155,3.1699906147348664,3.829998388483025,3.749991286871057,2.0399902417054494,3.4999937012635263,2.050006401378042,2.2999227907629676,2.2600376064594627
KAZ,1.1023190342571627,0.7699980492879901,4.519995635873123,1.1350908440105054,5.099963500319372,4.290014438348252,2.2068051074847825,2.609080020829853,4.307136671389441,3.241633547402978,4.1700005351939495,3.4527210613599557,8.1600005746145,3.8531846357329456,0.1519720734551663,3.0065111165578955,0.28999972615208475,1.2799668187474076,0.5199835751437175,11.356114033557862,8.229949689257177,9.644302583287198,6.224421371821909,17.97011874635001,7.049951154576977,6.4498141263940525,7.380078110742053,0,3.560172673990103,4.153782344855327,0.08999905806998541,6.886181917678805,0,0,0,0,0,0,0,0,0,0.01,0,0,0,2.369999694284429,1.4600011029450122,2.3144817811979324,1.7700047106505143,1.0200007612087996,2.1600030607950416,1.8599773242630386,3.580018463432147,4.691228945521951,1.069999854876097,1.0900059640453268,6.959916570847928,1.909995090440702,2.6218450293718054,2.670000261800665,3.849991501784625,2.530000507022258,2.089999749214504,3.5835885410235466,2.7005212577903186,0.24000160724330988,0.749991140720791,0,0,0,1.3803004875543299,0.236177339446455,3.5599800274622395,3.169937779485373,3.8400353513035794,3.7499425022999078,2,3.5000553036168562,2.0499629707998306,2.394318970025589,2.259996453461849
KEN,1.7063514604224268,1.9393986735027198,2.8000146001387014,2.6548988845482975,5.0886532152695105,4.289863888677668,2.442856176942015,3.1530371895329874,4.268060005268311,2.709995976636746,5.505000864146071,4.570219333115092,8.160027486408374,3.198687827321388,0.2900054887480665,0.019999311342194064,0.02000009395118766,2.120036013237298,0.5199955565429905,15.500020840156003,8.229982075932867,12.990200320612432,5.839176575540476,17.40003981816372,7.27476445123504,6.533151833257713,7.380078110742053,0,4.1499012941434525,4.679971842736469,0.08928285179755761,6.886181917678805,0,0,0,0,0,0,0,0,0,0.009999999999999998,0,0,0,2.5460027963336955,1.833988472761473,3.128135324203136,1.6600026567481403,1.557475151142535,1.640014875418371,1.860010851871948,3.7250005881937747,5.000170169318472,1.069989081266573,2.051943854464863,4.099988539995416,1.9100127020279445,2.5437566864794916,3.050005019991377,3.8499932184999324,3.0099057956626294,2.4299188832295795,3.213537939625242,2.664679078724077,0.18999862618491553,0.9300010138902971,0,0,0,1.3800241445320407,1.5693967068114798,3.1299783401955237,4.829987513207185,4.379968449379814,3.7900458233322096,2.040062488137474,3.46737012174609,2.041489075738801,2.394318970025589,2.259996453461849
KGZ,1.1023190669485026,0.7700052877412532,4.520202941927948,1.1350822843251647,5.1000097333073775,4.290069779924853,1.9658648382700759,2.609080020829853,3.569196203534343,3.241633547402978,4.16999964265398,3.4527210613599557,8.1600005746145,3.8531846357329456,0.1519720734551663,3.0065111165578955,0.29,1.2799854967367659,0.5200190925426775,13.930138336314196,8.229863127333056,9.644302583287198,6.451690138821715,17.188334479633024,7.050127752767977,6.533151833257713,7.380078110742053,0,3.431798829948837,4.153782344855327,0.0899990875079843,8.130088909686476,0,0,0,0,0,0,0,0,0,0.01,0,0,0,2.3700005092551053,1.4599985225677774,2.5239243822156223,1.769982824679614,1.020008525603453,2.1600151509934227,1.8600051021409367,3.5800200016217527,4.691228945521951,1.0699999351111438,1.089992638638966,6.959730466869886,1.9099270862855229,1.8920527310595894,2.670003786702293,3.8499943798984293,2.5299988435295475,2.08999331997328,3.5945437547897683,2.922176283779735,0.2400103361601165,0.7499771876996075,0,0,0,1.3804606099251209,0.2509344480946089,3.559935867207394,3.1699644606666024,3.8400541883043573,3.750127981980137,1.999927001970947,3.46737012174609,2.049989420228523,2.394318970025589,2.259996453461849
KHM,1.10231198484,0.726665884021,3.67809844673,1.52324661819,5.09239570239,4.26909926315,1.96586483827,2.60908002083,4.27576035972,2.22333375799,2.56332684746,1.15757370281,8.16004322954,4.32411732307,0.243990069172,2.10100214208,0.199999025976,0.999993421157,0.426021039591,8.71205034925,8.11899547938,6.90373357414,6.30474146381,8.64322987002,7.05009963111,6.50544525768,7.38007811074,0,3.47454021566,3.851270935,0.0864289556119,6.88618191768,0,0,0,0,0,0,0,0,0,0.01000000236,0,0,0,2.33437159417,1.45991012837,2.57294943029,1.770008426,1.12624723095,1.744928833,1.86001039963,3.58002057803,4.69122894552,1.07000669502,1.08999706659,6.73167145558,1.91001547985,2.42353589443,2.6700031636,3.3333166149,2.52998704779,2.13999537672,3.43871539966,2.61728055534,0.236578840944,0.751409091298,0,0,0,1.42504451114,0.365632701796,3.54664305535,3.313804997,3.83002500658,3.77669245749,2.05088578351,3.47827271242,2.04717021041,2.54621933841,2.25999645346
KIR,1.10231198484,0.726665884021,3.67809844673,1.52324661819,5.09239570239,4.26909926315,1.96586483827,2.60908002083,4.27576035972,2.22333375799,2.56332684746,1.15757370281,8.16004322954,4.32411732307,0.243990069172,2.10100214208,0.199999025976,0.999993421157,0.426021039591,8.71205034925,8.11899547938,6.90373357414,6.30474146381,8.64322987002,7.05009963111,6.50544525768,7.38007811074,0,3.47454021566,3.851270935,0.0864289556119,6.88618191768,0,0,0,0,0,0,0,0,0,0.01000000236,0,0,0,2.33437159417,1.45991012837,2.57294943029,1.770008426,1.12624723095,1.744928833,1.86001039963,3.58002057803,4.69122894552,1.07000669502,1.08999706659,6.73167145558,1.91001547985,2.42353589443,2.6700031636,3.3333166149,2.52998704779,2.13999537672,3.43871539966,2.61728055534,0.236578840944,0.751409091298,0,0,0,1.42504451114,0.365632701796,3.54664305535,3.313804997,3.83002500658,3.77669245749,2.05088578351,3.47827271242,2.04717021041,2.54621933841,2.25999645346
KOR,1.102319035770742,0.7600000682562116,4.520009207194764,1.1350853556628067,5.100193451837792,4.227352836158858,2.2067966242028962,2.609080020829853,4.358695071496833,2.7099839225967175,4.170000641405962,3.369993941417214,8.1600005746145,0.18710864782535117,0.1519720734551663,3.0065111165578955,0.2899996916578018,2.1200017495516774,0.5199935112336767,13.929920335163615,8.230319990266455,11.363233941303083,7.713132633590485,17.969962056844896,7.049995197387379,6.4500321065260735,7.380078110742053,0,3.560007299987365,3.7000742390497403,0.0899990875079843,7.190064343611598,0,0,0,0,0,0,0,0,0,0.01,0,0,0,2.3699956107993017,1.4599989982756032,2.9827018468562763,1.7699989628588222,1.3799954327472028,1.389978627404417,1.8600051021409367,3.5799975059234317,4.691228945521951,1.069996880361878,1.0899882675009778,6.731671455579361,1.909997381170617,1.68053283934781,2.670005067083783,2.300039211492532,2.530002356035997,2.2399969050809427,3.449803996681512,2.3585680866424585,0.24,0.749995320542817,0,0,0,1.4163979191716327,0.22153514545298897,3.559833270178098,3.170007395927058,3.82999227656803,3.7500536135535065,2.040011918443792,3.499995686196692,2.0499965198395915,2.2999817501596858,2.2599995002852538
KWT,3.4234217672325564,0.7700003986582302,4.519937950542933,2.8699986653436156,5.0886532152695105,4.227352836158858,1.9658648382700759,2.609080020829853,4.270118788689978,3.241633547402978,4.170001311991603,3.370018478847443,8.1600005746145,3.8531846357329456,0.2899978984858037,3.0065111165578955,0.28999996392092914,1.2800053034261694,0.5199920363672561,13.929719655199191,8.229993612555889,7.916806782786792,7.099309007470621,17.188334479633024,7.049913313258508,6.449966938505621,7.380078110742053,0,3.55995670995671,3.699990519529769,0.09000061864599014,8.130067034008352,0,0,0,0,0,0,0,0,0,0.009999999999999998,0,0,0,2.370000037966946,1.4599988677711044,2.3924929040829377,1.7699982866317083,1.0200099808432201,2.1600074704392385,1.859996075267645,3.580001023638743,4.691228945521951,1.070002179262984,1.0900017408460514,6.959997521531693,1.9099721841657327,2.0912614143076644,2.669996087376992,3.8499976713395125,2.5662219812743716,2.0900005359499803,3.0401081568274,3.0554725066646737,0.23999341904247068,0.7499954375399215,0,0,0,1.380000278567051,0.3603972278230107,3.5600271256196803,3.1698985139543314,3.8399822215815584,3.750022888882107,2,3.4999787297400777,2.050016954899966,2.394318970025589,2.259996453461849
LAO,1.102298387958057,0.7100000832254963,3.7143067981764006,1.1350849192231778,5.0886532152695105,4.227352836158858,1.9658648382700759,2.609080020829853,4.269914926527456,1.9800002620243713,1.7599933228039089,0.010000047070120357,8.1600005746145,3.8531846357329456,0.28999320154795527,3.0065111165578955,0.1549974195768106,0.4399939166967663,0.5180755284114683,7.390037014188772,7.897240654734316,4.069980369061642,7.200091980799167,3.9800591693241634,7.050022595334932,6.533151833257713,7.380078110742053,0,3.431798829948837,3.6999903097645275,0.08928285179755761,6.886181917678805,0,0,0,0,0,0,0,0,0,0.010000007080109508,0,0,0,2.263109378499113,1.4597273541425348,2.4194254946337947,1.7700021735702383,1.0199815554872425,1.775026645896532,1.8599984805715177,3.5800007761756416,4.691228945521951,1.0700091250126738,1.0899999999999999,6.731671455579361,1.9100127020279445,2.886092162173582,2.669999180529378,3.8499652449783452,2.530002246864303,2.089980720568743,3.4577421444328684,2.501369589123263,0.2297437207712135,0.7521006011765439,0,0,0,1.398074189151559,0.21758117113285128,3.53999589272644,3.321494180462082,3.830037324974738,3.790145847502456,2.0563057323092617,3.46737012174609,2.049989420228523,2.394318970025589,2.259996453461849
LBN,3.423420910918193,0.7699996861563569,4.520005561928599,2.869936793376658,5.0886532152695105,4.289885635493552,1.9658648382700759,2.609080020829853,4.1830919983136505,2.709931127381754,4.169999543492789,3.3700125246018966,8.1600005746145,5.375297608778165,0.1519720734551663,3.0065111165578955,0.2899997513506376,1.2799988273119056,0.5200040555611883,13.930127888468082,8.230002056343821,7.437478888780013,7.306426801659073,17.97011874635001,7.050008528057308,6.533151833257713,7.380078110742053,0,3.5599298084992754,3.700019210592425,0.08999986174286939,8.130088909686476,0,0,0,0,0,0,0,0,0,0.01,0,0,0,2.369999424267929,1.4600015454073805,2.1676801392491645,1.7700052222897602,1.0200030905147839,2.16010371090585,1.8599984805715177,3.580006180348837,4.691228945521951,1.070000053048428,1.0900055637044155,6.959999999999999,1.9100018351991193,2.215815199454004,2.670003603441286,3.8500283518761123,2.529980220401243,2.09000185436206,3.4577421444328684,2.907966551526715,0.2400005381841666,0.7500099186669311,0,0,0,1.3800026712911246,0.6168346883555625,3.560011531439187,3.1700011374695096,3.8400040074137154,3.749992190184624,1.9999521313515713,3.5000553036168562,2.0499886647018815,2.394318970025589,2.259996453461849
LBR,1.70635033109,1.9393999763,3.43298025382,2.77466769006,5.09042405046,4.23697100171,2.40617782729,3.15305554913,4.24996449428,2.75090051766,5.50499167911,4.31233929729,8.16000443008,3.61715276368,0.183824663815,3.00651111656,0.020000084914,2.08641504788,0.519404564454,13.9061698178,8.15324723159,11.9534345908,6.37610565778,17.3185961603,7.26242949629,6.53315183326,7.38007811074,0,3.98423525285,4.47759690648,0.0894486704255,6.69869811692,0,0,0,0,0,0,0,0,0,0.0100000038124,0,0,0,2.54600012346,1.74763087448,2.75200643487,1.66886419186,1.49020550941,1.65377984114,1.86000677434,3.71654753316,4.83373186116,1.07061958591,1.93017524879,5.517050885,1.90828884949,2.23521727388,3.04999467981,3.84998502692,2.97586343651,2.42999882171,3.17877399622,2.65824736347,0.211400763727,0.779474673048,0,0,0,1.39481201304,1.61627869669,3.12997949859,4.13375061808,4.37999744411,3.76644397047,2.04877973591,3.4774275497,2.04279682104,2.42937030407,2.25999645346
LCA,1.1023191842342073,0.7699994112914302,3.7143067981764006,1.1350865478452925,5.0886532152695105,4.289980002718077,1.9658648382700759,2.609080020829853,4.1830919983136505,2.7100016579623643,4.169997868869068,3.3700382798220505,8.159993184528881,4.67412942770115,0.1519720734551663,3.0065111165578955,0.2899997696941189,1.2800049075238473,0.5200204401941818,13.930074526142832,8.229982322901662,7.160275321656562,7.200091980799167,17.969887763482067,7.049984791645545,6.450165908811602,7.380078110742053,0,3.560013643544449,4.153782344855327,0.0899990875079843,8.129854936827329,0,0,0,0,0,0,0,0,0,0.01,0,0,0,2.3699958000839985,1.4600023694498927,2.825481173271185,1.7699983766566965,1.0199964563241957,2.159994412069929,1.8600367158321198,3.579998206371158,4.989998205956225,1.0700003897571815,1.0899974931060417,6.959968843018889,1.9099931912219137,1.4949315931691396,2.669994838830761,3.8499968260013966,2.5300041215036266,2.089998990281877,3.4577421444328684,2.1688823868586047,0.2297437207712135,0.7500304173257087,0,0,0,1.3800039224411387,0.33228441606973846,3.5600198061823582,3.1700018471768976,3.8399964989059083,3.750009759906305,1.9999521313515713,3.5001659108505696,2.0499595915068696,2.394318970025589,2.259996453461849
LKA,1.3194422909196626,0.7699999529898773,3.7143067981764006,2.8600025664057487,5.0886532152695105,4.289885753914662,1.5097015500886868,2.609080020829853,4.106718586309818,2.7099967914928724,2.4699979496086164,3.9300221388006547,8.1600005746145,3.8531846357329456,0.020000350575820783,0.019999594452104794,0.2900001080281089,0.4399982195317369,0.5180755284114683,8.430077358901721,7.249931563098822,6.8330422783873805,6.601247188817534,17.188334479633024,7.050041975398766,6.533151833257713,7.380078110742053,0,3.5599997034724438,3.699940582293524,0.09000255502427273,4.3600062392762435,0,0,0,0,0,0,0,0,0,0.010000007080109508,0,0,0,1.4600004588418833,1.269999424585929,1.6869308679826138,1.7699672766937342,2.1000139004726157,1.6847665485807342,1.8599984805715177,3.61511095595455,4.990000671696931,1.0700036536353672,1.0899907543745506,6.9599703186731645,1.9099833861954385,2.6510857534588546,2.1399999999999997,2.6999279167953865,2.5300866173349394,2.2400126046006794,3.4577421444328684,3.115812438423118,0.2400031070374398,0.7521006011765439,0,0,0,1.3808617016406404,1.2888857302179118,1.4699905975762642,1.510014735578235,1.8299984244524972,1.8299592139414163,2.61986975968112,3.5001659108505696,2.0499894202285227,2.575078576498023,2.259996453461849
LSO,1.70635030608,1.93940135521,3.19184323569,2.84363336363,5.09028578162,4.27204535315,2.34066012821,3.03647887096,4.2332259817,2.78594699254,5.50499392388,4.57021643122,8.16001124399,4.90562607832,0.220984779114,2.36654441402,0.0199998936792,2.11999510118,0.519035754297,14.9080241066,8.13494598052,12.0619408963,6.73687739321,17.3545970135,7.27487901477,6.51531388597,7.38007811074,0,3.99607857028,4.45447567276,0.0895907007353,6.5670159437,0,0,0,0,0,0,0,0,0,0.0100000010114,0,0,0,2.54600058522,1.80726741516,2.87677902935,1.65998729336,1.46375094596,1.64639204941,1.86000323016,3.71714883684,4.84562692959,1.06999735194,2.05199073631,4.85189487174,1.90999506948,2.24095570937,3.05000780323,3.85000877727,2.97829696406,2.42999410267,3.20352940765,2.6126204838,0.207033399255,0.904581301379,0,0,0,1.39624761848,1.58748905237,3.13000690054,4.72225750935,4.38001596437,3.79001181176,2.04231894579,3.4836989961,2.04513341018,2.39431897003,2.25999645346
LTU,1.1023185730045142,0.7700046188335755,4.519997794563599,1.135029399869334,5.099995816621608,4.289976305019028,1.9658648382700759,2.609080020829853,3.489571388202895,3.241633547402978,4.16999917425154,3.4527210613599557,8.1600005746145,3.8531846357329456,0.1519720734551663,3.0065111165578955,0.29000043312999635,1.2799980733156897,0.5200243333671297,11.356114033557862,8.22997700576241,9.644302583287198,6.8299029425517706,17.969887763482067,7.0499261319197,6.533151833257713,7.380078110742053,0,3.5600148643626905,4.153782344855327,0.08999918890420958,6.886181917678805,0,0,0,0,0,0,0,0,0,0.01,0,0,0,2.369996919668897,1.4599991882128507,2.8921189050735556,1.7699970300447099,1.019998651018481,2.159984107538986,1.8600416028886533,3.579986838997064,4.990060027109017,1.0700024414724791,1.0899954317039744,6.960072926162261,1.9100117104922967,1.5348283873691657,2.67,3.8499900699516734,2.5299997723265446,2.0899998275110083,5.734617749840737,2.4652292081813645,0.24000540248514318,0.7500009161636928,0,0,0,1.3835674105028626,0.22130463104157957,3.5600180771422396,3.169988222878206,3.8400013393129715,3.749900817265731,2,3.5000000000000004,2.0500300098676516,2.8500600733046406,2.259996453461849
LUX,1.1023186630825101,0.7699982943885382,4.519970343896736,1.1350803489007364,5.100026735792251,4.289981750072039,1.9658648382700759,2.609080020829853,3.3377847471727007,3.241633547402978,4.16999839708746,3.3699248813309373,8.1600005746145,3.8531846357329456,0.1519720734551663,3.0065111165578955,0.2899995658457015,1.2800000426401956,0.5200115266393442,13.929963178065721,7.897240654734316,9.644302583287198,7.200091980799167,17.97011874635001,7.049784655814294,6.533151833257713,7.380078110742052,0,3.559975042895024,4.153782344855327,0.08999912401086226,6.886181917678805,0,0,0,0,0,0,0,0,0,0.009999999999999998,0,0,0,2.3700003064424418,1.459997218216291,2.6552530431912578,1.7699997051572987,1.0200021860312602,2.159977835826803,1.860006487187804,3.579991704563971,4.990131937629484,1.0699993592378367,1.089999124157001,6.9602337840935125,1.9100249703221583,1.4478609475074176,2.6699964717774662,3.85,2.5299992718623336,2.0899997856637635,3.4290565618134883,2.326980172778367,0.2400036784991723,0.7499964215679258,0,0,0,1.3854219658318065,0.25734507721181765,3.559966508834738,3.1700042986525947,3.8400064634526383,3.7500261014825647,2.000026740112843,3.4998797787929785,2.0500023936042893,2.849958768739946,2.259996453461849
LVA,1.102319269583387,0.7700023236000311,4.519998118930611,1.1350829901289414,5.099995882550978,4.290003821586504,1.9658648382700759,2.609080020829853,3.7227810046950096,3.241633547402978,4.170000252186139,3.4527210613599557,8.1600005746145,3.8531846357329456,0.1519720734551663,3.0065111165578955,0.28999992204559294,1.2799998346547177,0.5199864819195674,11.356114033557862,7.897240654734316,9.644302583287198,6.254326937262767,17.97011874635001,7.050115874855156,6.533151833257713,7.380078110742053,0,3.5599841303750726,3.7000208572322455,0.09000353232073473,8.129932927780377,0,0,0,0,0,0,0,0,0,0.01,0,0,0,2.3700028865099587,1.4600012607955621,2.7284163726409005,1.7700037981188141,1.0199969376818252,2.16,1.8599498645329553,3.580003415934592,4.989905742362458,1.0699971994896849,1.09000343524562,6.960140386061671,1.9099929544387035,1.9092601995873564,2.6700119952019192,3.8499858404345697,2.5299978900442555,2.0899990041603966,3.4577421444328684,2.28645168582278,0.24000933888478151,0.75,0,0,0,1.3800708093371994,0.2433105107429055,3.5599830586242187,3.169981769203559,3.8399930531760598,3.749971995071132,2.0000310636182905,3.5000165909015495,2.049965501379945,2.8498950634181948,2.259996453461849
MAR,1.3856594553419652,0.7700450176420489,4.519999285235985,1.1350841723255467,5.100133836233119,4.289925876010782,2.2068269195337353,1.689581017735466,4.1830919983136505,3.241633547402978,4.1700013346501885,3.3700801917227396,8.1600005746145,3.8531846357329456,0.1519720734551663,3.0065111165578955,0.2899997671006358,1.280008342892898,0.52,13.930052759066927,8.229948525970986,9.566908554209459,7.144605567772057,17.188334479633024,7.0500419753987655,6.533151833257713,7.380078110742053,0,3.5600556861919306,3.7000912501267362,0.089998563011927,6.886181917678805,0,0,0,0,0,0,0,0,0,0.01,0,0,0,2.3700001885508493,1.4599992348012396,2.6966662815209985,1.770000941294594,1.019983723663984,2.1600460954446854,1.8600677522881257,3.57999885438611,4.691228945521951,1.0700004736518027,1.0899549168779938,6.959974611234528,1.9099979125752429,2.1593354311333557,2.669986752367401,3.8499942185734994,2.530019120458891,2.0900023368347855,3.3423649059760763,2.9995154646105706,0.23999270954366295,0.7499954375399215,0,0,0,1.3799955914883602,0.32088991791728005,3.560161278913489,3.170041536863967,3.8399916116179096,3.7499818009754677,1.9999483184102742,3.5000212702599223,2.049989420228523,2.394318970025589,2.259996453461849
MDA,1.1023196006678022,0.7699974113383381,4.5201075819672125,1.1350836329898568,5.099972161217483,4.289977310841471,1.9658648382700759,2.609080020829853,4.1830919983136505,3.241633547402978,4.16999909592553,3.4527210613599557,8.1600005746145,3.8531846357329456,0.1519720734551663,3.0065111165578955,0.2900004063337625,1.28000051228196,0.5200078616352202,11.356114033557862,8.230059044551798,9.644302583287198,5.926343425634605,17.188334479633024,7.049829405697056,6.533151833257713,7.380078110742053,0,3.5599073489155604,3.699972625239529,0.09000530926466684,6.886181917678805,0,0,0,0,0,0,0,0,0,0.01,0,0,0,2.3699993771247425,1.4599985426147,2.568761257996888,1.770012490940213,1.0199674687307196,2.160016204172574,1.860041602888653,3.5799364248317125,4.691228945521951,1.0699887568262125,1.0899982107711574,6.960070593425988,1.91000201829722,1.826653596717826,2.669959128065395,3.8500304109827086,2.5300040677486484,2.0900021719203825,3.331046192278048,2.2296327497815933,0.2399979735891114,0.75,0,0,0,1.3800494605727813,0.3675462546666183,3.559980027462239,3.1699820288777345,3.8399896720888207,3.7499889179484907,2.000032444357926,3.5001659108505696,2.0500158696572157,2.394318970025589,2.259996453461849
MDG,1.706345962986748,1.939400828203978,3.7143067981764006,2.654897950693138,5.100193451837792,4.227352836158858,1.9658648382700759,3.1530815784074306,4.270131252217098,2.7100002951741766,5.504984659456205,4.570217465594539,8.1600005746145,3.988481238738916,0.29000472111688136,3.0065111165578955,0.01999990121798228,2.119935761734433,0.5199927000638744,15.500038421146998,8.229998053338525,12.291806472607671,6.50868810069267,17.40008030076286,7.275002607154031,6.533151833257713,7.380078110742053,0,4.1499999999999995,4.153782344855327,0.08928285179755761,6.886181917678805,0,0,0,0,0,0,0,0,0,0.01,0,0,0,2.5459947101445435,1.8340074421614625,3.121375194089918,1.6599948678470617,1.5575001691513115,1.6400298392748154,1.8600195688539594,3.724997159126779,4.691228945521951,1.070036906703287,2.0520075358210756,6.731671455579361,1.9100035223670309,2.0298570591110825,3.05001176549684,3.8499842915488527,3.0099842580812113,2.4299878418411907,3.210297778918553,2.6130177467363453,0.2297437207712135,0.7521006011765439,0,0,0,1.535760540581131,1.5300581043018027,3.129955947136564,4.830057632628934,4.3799458693130555,3.7899303573467287,2.0399591199559755,3.5001659108505696,2.041489075738801,2.849986312619764,2.259996453461849
MDV,3.423420654424017,0.7699998855350664,4.520202941927948,2.8700192639156445,5.0886532152695105,4.2901204526098065,1.9753164766154354,2.609080020829853,4.1830919983136505,2.709907079350224,4.169998615294077,3.3699581221071195,8.15982538046444,4.2914814139246795,0.1519720734551663,3.0065111165578955,0.2899996105514591,1.2799838594303115,0.5200005407378367,13.930103111597772,8.229947987955105,10.480163584756099,4.9709685523093,17.969875413665562,7.050265929711127,6.4500321065260735,7.380078110742053,0,3.5600003061825922,3.699972625239529,0.09000084882437824,6.886181917678805,0,0,0,0,0,0,0,0,0,0.009999999999999998,0,0,0,2.370002100693229,1.460000392371583,2.719368013285011,1.7700001768753206,1.0199974626534303,2.1599818374451343,1.8600181141189494,3.5799967910850508,4.691228945521951,1.0699996206543367,1.0900024171597322,6.959972168788115,1.909986325955047,1.212603264802068,2.670006705623144,3.850014128284826,2.5300278115765686,2.089997773324427,3.1701108032412693,2.592886443103667,0.2297437207712135,0.7521006011765439,0,0,0,1.3800431145824692,0.9028529285051882,3.5600557812405267,3.1699675250423094,3.840000979642485,3.7500016954669992,2,3.499979261430408,2.049973550735912,2.394318970025589,2.259996453461849
MEX,1.4658808775756604,2.1400038153376575,3.7143067981764006,2.8399996848830527,5.0886532152695105,3.9101160213792205,1.9658648382700759,2.609080020829853,4.267868863245765,7.640080822126144,4.0699975793136085,2.4300415695021798,8.1600005746145,9.387878102987155,0.020000754147812973,8.996953659118667,0.029999847747423126,4.249995633975818,0.5100023865343309,10.419973454609334,9.880070914589634,10.35640856992336,6.255480261294953,20.08029929738115,7.370069731967749,9.199729638391348,7.380078110742053,0,2.5599971922928435,7.250058068155424,0.08000056154537287,6.886181917678805,0,0,0,0,0,0,0,0,0,0.01,0,0,0,2.0399965370963553,1.5319991999009401,2.8927109357098093,1.8100003978146715,1.4500018080893917,1.4699931862256934,1.8600018445079776,3.699999619008431,4.691228945521951,1.2199977749020665,1.1299986786310618,6.519981149858624,1.8499863471192421,2.979305587069695,3.280002729071434,3.2869599880412577,2.970001787339815,2.6600013634460122,3.685512207749278,2.9415172888033974,0.09999999999999999,0.7500304173257087,0,0,0,1.2998096099258862,1.1669061203622426,2.759970358393964,2.959967775918696,2.9299975188156484,2.3400183110258537,2.200086393088553,2.740024467496774,1.7499860794030846,2.8499406880189797,2.259996453461849
MKD,1.1023190018030562,0.7700094532850166,3.7143067981764006,1.1350841428296057,5.099875570302779,4.289964716682705,1.9658648382700759,2.609080020829853,4.1830919983136505,3.241633547402978,4.170000922069869,3.4527210613599557,8.1600005746145,3.8531846357329456,0.1519720734551663,3.0065111165578955,0.29000022997291797,1.2800037329683318,0.5199864819195674,13.930012124580061,8.229982075932867,10.353754641975643,5.908602443954665,17.96942359341643,7.0499604779839125,6.533151833257713,7.380078110742053,0,3.559990641085634,3.6999705192817935,0.09000010735257807,8.12977694587428,0,0,0,0,0,0,0,0,0,0.009999999999999998,0,0,0,2.369999057373785,1.4600011920217466,2.251848156979402,1.7700041098921944,1.0200120554550935,2.159932191717324,1.8599773242630386,3.5799934414075305,4.989987882984248,1.0699981963876222,1.0899897314621776,6.959916570847928,1.909999551166271,1.6704778590215525,2.6700045809256685,3.849970484061393,2.529995026128972,2.0899971163469204,3.4577421444328684,2.368177383252664,0.2400034573289973,0.75,0,0,0,1.3800030670239025,0.3568913783315949,3.5599216477711164,3.1699573105656347,3.840054861678534,3.7499410794249353,2,3.4999792614304077,2.0500158696572157,2.394318970025589,2.259996453461849
MLI,1.706348769989632,1.9394011211077753,3.7143067981764006,3.032368796058371,5.0886532152695105,4.227352836158858,2.4428733647770753,3.1530504944044617,4.269870609981515,2.7099865918458557,5.50498234718936,4.570218027449203,8.159978411132986,3.8531846357329456,0.1519720734551663,3.0065111165578955,0.019999999999999997,2.1200333715715924,0.5199927000638744,11.356114033557862,8.230263843987903,12.102438903678575,5.658789352146903,17.400325696316266,7.274932614555256,6.533151833257713,7.380078110742053,0,4.1499666584775206,4.679989050095811,0.08928285179755761,6.479768786127167,0,0,0,0,0,0,0,0,0,0.010000007080109508,0,0,0,2.5459988117544903,1.8339941107411613,1.2078534020143399,1.6600352711859163,1.55750273822563,1.6847665485807342,1.8599984805715177,3.7249937819900247,4.691228945521951,1.070004679457183,2.0519661246073717,6.731671455579361,1.9100127020279445,1.9339205913307147,3.049999690212576,3.8499919918851098,3.00996256490762,2.4300056754799697,3.220133933055098,2.77521511402659,0.2297437207712135,0.7521006011765439,0,0,0,1.3800048828125,1.8068617215214013,3.1300137330113182,3.321494180462082,4.380026513477684,3.7899444564668543,2.040062488137474,3.46737012174609,2.041489075738801,2.394318970025589,2.259996453461849
MLT,1.1023195095349108,0.7700008239268352,4.520202941927948,1.1350815860358112,5.099968907574386,4.290026802087741,1.9658648382700759,2.609080020829853,4.1830919983136505,3.241633547402978,4.170001384076401,3.3700782966259224,8.1600005746145,3.8531846357329456,0.1519720734551663,3.0065111165578955,0.290000281530032,1.2800027037074588,0.5199947439884367,13.930071950002626,8.229948525970986,10.258019878284504,6.557357565823248,17.96970526507893,7.049932685115931,6.450032106526074,7.380078110742053,0,3.560117744735452,3.7000593128830626,0.08999959594327045,6.886181917678805,0,0,0,0,0,0,0,0,0,0.01,0,0,0,2.3700002602713184,1.4600003254872815,2.8045522735744473,1.7699998578365566,1.0200015749271596,2.160049585069385,1.8600020045683057,3.5800034675013004,4.691228945521951,1.069999275793557,1.0899990644587896,6.960175723426608,1.909996106677049,1.7387622017424418,2.6700003135091075,3.8499841694729873,2.5299984636975177,2.089998757048102,3.5867011282335826,2.151181702908778,0.2297437207712135,0.7500276518084283,0,0,0,1.3801426626662336,0.365824918306284,3.5600209895978026,3.1700113003156294,3.8400033511768803,3.74998916012661,2,3.499969614099058,2.050010104252107,2.8500456250633683,2.259996453461849
MMR,1.10231198484,0.726665884021,3.67809844673,1.52324661819,5.09239570239,4.26909926315,1.96586483827,2.60908002083,4.27576035972,2.22333375799,2.56332684746,1.15757370281,8.16004322954,4.32411732307,0.243990069172,2.10100214208,0.199999025976,0.999993421157,0.426021039591,8.71205034925,8.11899547938,6.90373357414,6.30474146381,8.64322987002,7.05009963111,6.50544525768,7.38007811074,0,3.47454021566,3.851270935,0.0864289556119,6.88618191768,0,0,0,0,0,0,0,0,0,0.01000000236,0,0,0,2.33437159417,1.45991012837,2.57294943029,1.770008426,1.12624723095,1.744928833,1.86001039963,3.58002057803,4.69122894552,1.07000669502,1.08999706659,6.73167145558,1.91001547985,2.42353589443,2.6700031636,3.3333166149,2.52998704779,2.13999537672,3.43871539966,2.61728055534,0.236578840944,0.751409091298,0,0,0,1.42504451114,0.365632701796,3.54664305535,3.313804997,3.83002500658,3.77669245749,2.05088578351,3.47827271242,2.04717021041,2.54621933841,2.25999645346
MNE,1.1023190563634258,0.76999932718832,4.519937950542933,1.13507627586793,5.099953205428171,4.289885753914662,1.9658648382700759,2.609080020829853,4.1830919983136505,3.241633547402978,4.169999241664976,3.370019263915644,8.1600005746145,3.8531846357329456,0.1519720734551663,3.0065111165578955,0.28999904286492617,1.2800011804490805,0.5200182502566442,13.929974949115389,8.230039497813515,9.644302583287198,5.845747068804607,17.188334479633024,7.050100082420817,6.450032106526074,7.380078110742053,0,3.559903487606931,3.699972625239529,0.09000102817191034,6.886181917678805,0,0,0,0,0,0,0,0,0,0.01,0,0,0,2.3700009712292025,1.459998166185878,2.2241272974151673,1.7699999649200353,1.019995303722703,2.160016204172574,1.8599597970709296,3.5800053184922076,4.691228945521951,1.06999917786514,1.0900082576383152,6.959689818838157,1.9100006302161643,1.7780387606448051,2.669991224738379,3.850020444323293,2.5300016486234,2.0900010461345326,3.4577421444328684,2.4176636806348824,0.23998881822629115,0.7500091250866884,0,0,0,1.379994049818433,0.27554790008723673,3.560063997155682,3.1699573105656347,3.8400229601598705,3.7499999999999996,1.9999557580852099,3.4999308723904323,2.050031867431485,2.394318970025589,2.259996453461849
MNG,1.102319258650918,0.7599976825364638,4.519959342080946,2.2995706396847466,5.099880676633677,4.289875173370319,1.9658648382700759,2.609080020829853,4.274471014776362,2.710000665085242,4.169999437042961,3.4527210613599557,8.1600005746145,3.8531846357329456,0.1519720734551663,3.0065111165578955,0.29000017804893974,2.1199979908247664,0.5199868603547705,11.356114033557862,8.229797795459522,11.59006965433052,5.187319679224483,17.96970526507893,7.050202156334232,6.533151833257713,7.380078110742053,0,3.431798829948837,4.153782344855327,0.09000255502427273,6.886181917678805,0,0,0,0,0,0,0,0,0,0.01,0,0,0,2.3700063709567925,1.4600015521322416,2.586561765936467,1.7699999714296326,1.3387604926038972,1.6847665485807342,1.8600543859157297,3.580060260411062,4.691228945521951,1.0700026913403804,1.089992638638966,6.731671455579361,1.9099938309685378,1.3998449861761442,2.6700018943634074,2.3000003081825553,2.5299577619022786,2.240001122680962,3.5639390129665234,3.014080475074105,0.2399989781842334,0.7521006011765439,0,0,0,1.380006067961165,0.661735550574975,3.5599270011034716,3.16991643454039,3.8300373249747386,3.7499999999999996,2.0563057323092617,3.46737012174609,2.041489075738801,2.394318970025589,2.259996453461849
MOZ,1.7063514627012388,1.9394017241379309,2.799981750159686,2.654897159417805,5.0886532152695105,4.227352836158858,2.442864537877329,3.153053053788402,4.269975989008873,2.709999856315056,5.504993591609032,4.5702131290316865,8.1600005746145,2.6500741674214683,0.2899927867275788,3.0065111165578955,0.019999935569293616,2.1200333715715924,0.5199927000638744,15.5,7.897240654734316,12.712778089408962,6.35388198872768,17.39962689593641,7.275055679287305,6.533151833257713,7.380078110742053,0,4.150028596682785,4.153782344855327,0.08928285179755761,6.480008319034992,0,0,0,0,0,0,0,0,0,0.01,0,0,0,2.545999966294217,1.8340111194054791,2.4552794959901583,1.6599751861042182,1.5575275648645326,1.640001449853202,1.8599984805715177,3.725002810682638,4.691228945521951,1.069997566712629,2.05197715607605,6.731671455579361,1.9100127020279445,1.654381397963464,3.0499601230488778,3.8499475919898494,3.0100030660738923,2.429985204668749,3.4577421444328684,2.4505797545517587,0.2297437207712135,0.7521006011765439,0,0,0,1.3800097991180793,1.5991140031616486,3.1300319396886604,4.8298274261198095,4.380026513477684,3.789994064540314,2.040003893322951,3.4999792614304077,2.041489075738801,2.394318970025589,2.259996453461849
MRT,1.7063502099207108,1.9394019193184038,2.79996994127814,3.032362652663404,5.0886532152695105,4.227352836158858,2.4429052762716426,3.153049794030498,4.1830919983136505,3.241633547402978,5.5050111651123075,4.570157819225251,8.160162697477011,3.8531846357329456,0.1519720734551663,3.0065111165578955,0.019999607526809533,2.1199502281211116,0.5180755284114683,15.500075557673753,8.22998648150424,12.584113564090929,7.200091980799167,17.188334479633024,7.274842595127292,6.533151833257713,7.380078110742053,0,3.431798829948837,4.153782344855327,0.08928285179755761,6.48009494743981,0,0,0,0,0,0,0,0,0,0.01,0,0,0,2.5460016441986126,1.8340022497433546,2.8995786778677473,1.6599076672399746,1.3387604926038972,1.6399696990565389,1.859996075267645,3.7248532936606336,4.691228945521951,1.069980173035328,2.0519472773901115,4.100005260320091,1.91002664525313,1.8554618493909207,3.0500110078816434,3.850003429799623,2.5662219812743716,2.4300026824034333,3.5387152888059603,2.8430393966139778,0.18999944656594167,0.93000687049124,0,0,0,1.3800038238176038,1.68555133936939,3.1300301810865188,4.830018738091864,4.380031674805331,3.7900227756961282,2.040003893322951,3.5001659108505696,2.041489075738801,2.394318970025589,2.259996453461849
MUS,1.7063500262696782,1.9394011152269637,2.8000221214467422,2.6549056973909146,5.0886532152695105,4.289943628080516,1.9658648382700759,2.609080020829853,4.1830919983136505,2.709891936824605,5.505003887847048,4.570187085093543,8.1600005746145,3.8531846357329456,0.1519720734551663,3.0065111165578955,0.020000580165649907,2.119935761734433,0.5199935112336768,15.50016425156039,8.230018476745373,8.960356044106597,6.978108804563596,17.399854001277486,7.274925587155366,6.449920917091371,7.380078110742053,0,4.150031700027171,4.679997914276775,0.0900016846361186,6.480112306972391,0,0,0,0,0,0,0,0,0,0.009999999999999998,0,0,0,2.5460035305684663,1.834002002898605,2.68001240086854,1.6599960461521872,1.557539497055249,1.6399905010686295,1.8599999999999999,3.7250125440809603,4.691228945521951,1.0699992003137817,2.051993759297558,4.099896187240468,1.9099917875718588,1.8998472621112148,3.0500187758167483,3.849990069951674,3.0099902364181603,2.430000422958169,3.1975856227218693,2.7056789803767205,0.18999696110210698,0.9300115874855156,0,0,0,1.3799993050262946,1.558989309740015,3.1299028216836433,4.829970038773352,4.380001477359466,3.7900330864052942,2.039929921892109,3.5001011667903157,2.0500144272386267,2.849986312619764,2.259996453461849
MWI,1.7063528833334911,1.939397672932244,3.7143067981764006,2.6548973269660414,5.0886532152695105,4.227352836158858,2.4428780237789405,3.153065344639023,4.1830919983136505,2.7100002880113667,5.5050002187880605,3.4527210613599557,8.1600005746145,3.8531846357329456,0.1519720734551663,3.0065111165578955,0.020000160970329143,2.1200360132372977,0.5180755284114683,15.50000294830443,8.230263843987903,12.297341008971935,7.200091980799167,17.39981638228313,7.274889104315384,6.533151833257713,7.380078110742053,0,4.149856110058258,4.153782344855327,0.08928285179755761,6.886181917678805,0,0,0,0,0,0,0,0,0,0.010000007080109508,0,0,0,2.546008933773548,1.8339956615015032,3.1705563350981483,1.660013764624914,1.3387604926038972,1.6399946135200645,1.8600883401265413,3.7250012855012598,4.999997852293642,1.0699739897227687,1.260143466692901,6.731671455579361,1.9100034258307639,1.7885246602106306,3.049983979493752,3.849952916687317,3.009967910148416,2.4299829371850326,3.4577421444328684,2.5332143540847145,0.2297437207712135,0.7521006011765439,0,0,0,1.380035422240645,1.530639564780035,3.130007027406887,3.321494180462082,4.380013610211783,3.7901055682053406,2.0563057323092617,3.46737012174609,2.041489075738801,2.394318970025589,2.259996453461849
MYS,1.1023184317479704,0.7099999132257241,2.7999124023651363,1.1350824191939932,5.0886532152695105,4.29000389332295,1.9658648382700759,2.609080020829853,4.271605492374592,1.9800052273915314,1.7599979210372132,0.01,8.1600005746145,1.091099409125725,0.2900038287282241,3.0065111165578955,0.15499954560706894,0.4399889241302925,0.24000364996806275,7.389883603966088,8.2298251243382,10.29684130779704,6.499857090623675,3.9799251756547127,7.050030416815254,6.533151833257713,7.380078110742053,0,3.559985419033248,3.7000401503814286,0.07999999999999999,7.189985961628452,0,0,0,0,0,0,0,0,0,0.01,0,0,0,2.369999522342433,1.4599995621080122,2.7978288503694104,1.770003377336603,1.0200009404830948,1.7750111906893467,1.8599830997592512,3.579995945580683,4.691228945521951,1.0699973650746373,1.0899980678817542,6.959815389512214,1.9099913772137347,2.8649346133970273,2.6700041673063843,3.8499664204163864,2.530004602239757,2.0900009667615302,3.4577421444328684,2.612741099364049,0.2399987232412648,0.7500161030595813,0,0,0,1.400414496216838,0.5516090050184611,3.5399928946633845,3.4499943739195365,3.8299940172354536,3.790010870485006,2.039978876739563,3.49997770047275,2.0499983520648626,2.8500200751907143,2.259996453461849
NAM,1.7063498917679571,1.9394116592943305,3.7143067981764006,2.6548999208988393,5.099917875718587,4.2899899625878275,2.4428697245867643,3.153078705549475,4.270090634441088,2.7100138257949835,5.504992398523141,4.570040554241298,8.1600005746145,2.6500003998246586,0.1519720734551663,3.0065111165578955,0.01999991167579718,2.119935761734433,0.5180755284114683,15.500045624600784,8.229797795459522,12.89967757408751,7.200091980799167,17.188334479633024,7.275002607154031,6.533151833257713,7.380078110742053,0,4.149964135669638,4.153782344855327,0.09000255502427273,6.480008319034992,0,0,0,0,0,0,0,0,0,0.01,0,0,0,2.5460000868130916,1.833999902304395,2.6215312360258265,1.6600038272184818,1.557522866493245,1.6399917358217693,1.860069598890604,3.7249439042632755,4.691228945521951,1.0699962289366265,2.0519824419103965,4.100103140041256,1.9100105464798436,2.5503658349998197,3.049994264391317,3.850009545793776,3.0100178130770865,2.4300028363539536,2.9399415797301596,2.768729384864055,0.18999687702692963,0.7521006011765439,0,0,0,1.5448963685683357,1.5331099636791647,3.130025662959795,4.829980335803962,4.380011233302672,3.7899410992767106,2.040062488137474,3.5000837942014416,2.0500158696572153,2.394318970025589,2.259996453461849
NER,1.7063501849568434,1.9393994160004535,2.7999911515191735,3.0323720687707305,5.0886532152695105,4.227352836158858,2.4428722215323484,3.153051656688517,4.269991487657102,2.71000519943549,5.50493871665465,4.570225344054922,8.159971552455895,3.8531846357329456,0.1519720734551663,3.0065111165578955,0.020000301652300476,2.119901450862305,0.5180755284114683,15.49981750159686,8.22978343742396,12.103549722434467,5.0795608209256535,17.188334479633024,7.2748733247055215,6.533151833257713,7.380078110742053,0,4.150028360748723,4.68000591471909,0.08928285179755761,6.886181917678805,0,0,0,0,0,0,0,0,0,0.010000007080109508,0,0,0,2.54600387457538,1.8339992924410564,2.7447232237112504,1.6600013966805558,1.3387604926038972,1.6400367309458221,1.8599984805715177,3.7249513933895013,4.691228945521951,1.069997566712629,2.0520307747360884,4.100050137879168,1.9062987104840587,2.2843777395336042,3.049999257510284,3.850010001555798,3.0100063734862967,2.430041493775933,3.1925624383403965,2.6785114278310003,0.18999816311535636,0.7521006011765439,0,0,0,1.379990041379784,1.7310592502624336,3.129938059187887,3.321494180462082,4.379832972471389,3.7899998866457336,2.0563057323092617,3.46737012174609,2.041489075738801,2.394318970025589,2.259996453461849
NGA,1.7063503599941856,1.939401976135721,2.8000146001387014,3.0323670721830016,5.0886532152695105,4.289955226786062,2.4428717411683234,3.153054615675844,4.270941838649156,2.7099998880724394,5.505027437503464,4.57021503670479,8.16000037211159,3.989420638053866,0.2899969370565113,0.019999594452104794,0.01999991704549225,2.1200197970799306,0.5180755284114683,11.356114033557862,7.897240654734316,12.123953144550788,6.403983213682912,17.400062317313825,7.274861465972061,6.533151833257713,7.380078110742053,0,4.149834275687268,4.6800744607073765,0.08928285179755761,6.479910714285714,0,0,0,0,0,0,0,0,0,0.01,0,0,0,2.5460003521333414,1.8340010507456252,2.857267587849105,1.659931562652762,1.3387604926038972,1.6847665485807342,1.859998683110493,3.61511095595455,5.00000341568551,1.0700091250126738,2.052008009789743,4.100006684938832,1.909961206357152,2.2158155720696353,3.0500137551581847,3.850001643277352,3.0100383706057907,2.4300267253576484,3.1800325894961063,2.7444959021552604,0.19000171320884016,0.7521006011765439,0,0,0,1.3800044060527126,1.5302151136341653,3.129985897128868,4.829976333148699,4.3800031943778945,3.7899444564668543,2.0399591199559755,3.5000553036168562,2.0500158696572157,2.394318970025589,2.259996453461849
NIC,1.4658817595551392,2.14000056835373,3.7143067981764006,2.840000780864905,5.0886532152695105,3.909983030768738,1.9658648382700759,3.6299918889259986,4.269999381302976,7.639981075225976,4.06999527440207,3.4527210613599557,8.1600005746145,3.8531846357329456,0.1519720734551663,8.996884180539482,0.03000046389926082,4.250005050743133,0.5099917875718587,10.420004276917622,9.880036986568035,9.644302583287198,7.200091980799167,17.188334479633024,7.369983712396239,6.533151833257713,7.380078110742053,0,2.55991811069679,7.250112309074574,0.07999854003941893,6.886181917678805,0,0,0,0,0,0,0,0,0,0.01,0,0,0,2.039950980392157,1.5319929740919642,2.7787509178781833,1.8100014692738118,1.3387604926038972,1.4699967861897985,1.8600172688976686,3.699985326485693,4.04095544070401,1.2199989562909561,1.1299951450621935,6.731671455579361,1.8499700699341537,1.6457933134364353,3.279988654441416,3.2870846656471566,2.9699799992452545,2.659998269554039,3.6015924570604394,2.877899826139062,0.09999999999999999,0.7521006011765439,0,0,0,1.2999861702623263,1.1429999652594156,2.75997376340767,2.9600176098615223,2.9300082614459453,2.340011902400317,2.1999254473161036,3.46737012174609,1.7499908795738937,2.8500200751907143,2.259996453461849
NLD,1.1023187468848867,0.7700024410940751,4.519894111984598,1.135078784503364,5.099992065233119,4.289979560054506,1.9658648382700759,2.609080020829853,3.714954373058019,3.241633547402978,4.169998968509476,3.370080769891734,8.1600005746145,3.8531846357329456,0.1519720734551663,3.0065111165578955,0.2900003394964357,1.2799847211611917,0.5199864819195674,13.929944520147945,8.229948525970986,7.744107744107745,6.673799058915997,17.188334479633024,7.050068207794124,6.533151833257713,7.380078110742053,0,3.5600639159961194,3.700022461814915,0.09000069524107485,6.886181917678805,0,0,0,0,0,0,0,0,0,0.01,0,0,0,2.3699976692102678,1.4599990068033968,3.7534654881431178,1.770000586888902,1.0200029602689615,2.1599961201304607,1.8599984805715177,3.5799942814308787,4.989985187805364,1.069999964299697,1.0900044502484114,6.959890903256857,1.9100017320170004,1.6934722436338816,2.6699999570267683,3.8499904452512896,2.530001874325623,2.09000269344008,7.872684961526459,2.969198179831771,0.23999602227525854,0.75,0,0,0,1.3799984469473692,0.25129472510046874,3.559946565735278,3.17000413003717,3.8400080822007356,3.75008926800238,1.9999778787979339,3.5000197511356905,2.0499735507359116,2.394318970025589,2.259996453461849
NOR,1.102319493550881,0.7700037732071491,4.520000955497695,2.2995706396847466,5.100009012358196,4.289984463392333,1.9658648382700759,2.609080020829853,4.1830919983136505,3.241633547402978,4.17000011399399,3.3700782966259224,8.1600005746145,3.8531846357329456,0.1519720734551663,3.0065111165578955,0.2899996037830316,1.279998171191697,0.5200005407378367,13.929992334927181,8.229958449281439,10.557869291444248,6.255860048781463,17.969827236596643,7.049832402234636,6.533151833257713,7.380078110742053,0,3.559934840478366,3.7000730003128584,0.08999789429353548,6.886181917678805,0,0,0,0,0,0,0,0,0,0.01,0,0,0,2.370000765173262,1.4600075103266992,3.0886618541928046,1.7700000395981579,1.0200034940600977,2.15996589493015,1.8600181141189494,3.580003341383029,4.691228945521951,1.0699997633864138,1.0900055637044155,6.960140386061671,1.9100017560143492,1.737097129441892,2.670001078515962,3.850016842833602,2.5299999512235574,2.090003617024127,3.2073506176806035,2.5208265823567206,0.2400042648469986,0.75,0,0,0,1.3800005205632846,0.2536083116368867,3.5599791175219457,3.1699982207080417,3.8399885789217656,3.7499858307167386,2,3.499917046103932,2.0499851411589893,2.394318970025589,2.259996453461849
NPL,3.423421137349215,0.7599998316615219,4.520009207194764,2.8700006922134134,5.099917875718587,4.289885753914662,1.9752948479205465,2.609080020829853,4.538425771497306,2.710023174971031,4.169999086771595,3.4527210613599557,8.1600005746145,4.2683669472256645,0.289996720236143,0.020000280772686434,0.28999679824360797,2.1200446111730713,0.5199868603547705,13.930058747870824,8.230134035423648,7.739661421476763,5.668957529734564,17.97021571704931,7.049913313258508,6.4500321065260735,7.380078110742053,0,3.559939664570857,3.699995133346311,0.08928285179755761,6.886181917678805,0,0,0,0,0,0,0,0,0,0.010000007080109508,0,0,0,2.370029681525256,1.4600051773233238,2.942766656656366,1.7699994775768522,1.37999548430797,1.6847665485807342,1.8600622547029368,3.5800263802524968,4.691228945521951,1.0700063963853619,1.0899982107711577,6.9602337840935125,1.9100067385444743,2.6252873391193523,2.6699895281157913,2.300009086365908,2.52998435598818,2.239994885564506,3.4577421444328684,2.6768468986698633,0.24000122621650896,0.7521006011765439,0,0,0,1.3996225495357715,1.3617279318293978,3.5600123147292964,3.1699644606666024,3.830116307844593,3.7501144444105345,2.0563057323092617,3.46737012174609,2.041489075738801,2.394318970025589,2.259996453461849
NZL,1.102318376764701,0.7699979635209157,4.519936037821115,1.1350911025402313,5.100193451837792,4.289975530067942,1.9658648382700759,2.609080020829853,4.269998668973779,2.7100330760749727,4.170001558360605,3.3699987678442556,8.1600005746145,3.8531846357329456,0.1519720734551663,3.0065111165578955,0.2899999393687682,1.280003046961291,0.5199743301780844,13.9300543618949,8.229991717322028,7.3790903619637165,6.539555640076683,17.969969289633994,7.049978529509996,6.449884125144844,7.380078110742053,0,3.5600310153444332,3.6998509596374363,0.09000042115311724,8.129854936827329,0,0,0,0,0,0,0,0,0,0.01,0,0,0,2.369999069991668,1.4597273541425348,2.9606403089426836,1.7699990687278824,1.0200099222755086,2.159954905353678,1.860012333715091,3.580006103675284,4.691228945521951,1.0700009762251625,1.0900249288999684,6.960258418167579,1.9099993784794054,2.49050314204211,2.6700014197151107,3.8500033874573747,2.5299993797204015,2.0899987685607067,3.1945736197722114,2.9192969772029844,0.24000197086405964,0.7499954375399215,0,0,0,1.3824753227031132,0.21757748521499276,3.5599568849366747,3.1700136964371475,3.840011999600013,3.7499999999999996,2.0000608346514177,3.499953527279487,2.0499763145428704,2.849985068188605,2.259996453461849
OMN,2.49498078745,0.770000159336,4.19772284366,2.17603301746,5.09316928582,4.2649369758,1.9677434564,2.77362573474,4.2143252846,3.1353024664,4.17000292668,3.37002736867,8.16000057461,4.02792825543,0.179577238461,3.00651111656,0.290000056592,1.28000183181,0.519993476873,13.9299199458,8.22997854866,8.54316477831,6.93355343278,17.8134555023,7.04991851636,6.46667208392,7.38007811074,0,3.56001281624,3.79076999622,0.0899996849562,7.63244814133,0,0,0,0,0,0,0,0,0,0.01,0,0,0,2.36999942717,1.45999879547,2.64811746231,1.76999918675,1.02000795629,2.16001089545,1.85999915282,3.57999822168,4.69122894552,1.07000040391,1.0900025314,6.96002787943,1.90999436799,2.03808002281,2.66999885783,3.84999762047,2.55172670422,2.08999991951,3.2958672195,2.77203001021,0.237949455558,0.750419215122,0,0,0,1.38039365696,0.546711722889,3.55999380033,3.16998218082,3.8400002619,3.74998465187,2.00001697182,3.50003391166,2.05001114528,2.48546430103,2.25999645346
PAK,3.423421879781177,0.7599992946860472,4.520029199744502,2.8700013035717866,5.0886532152695105,4.227352836158858,1.9753024822252714,3.4318602015864497,4.1830919983136505,2.709959155296776,4.170008269280301,3.3700753186558514,8.1600005746145,4.289966759827349,0.2899968534569067,0.01999959445210479,0.290000364126279,2.119987346700409,0.5199927000638744,13.930088091812026,8.229861641626348,7.71887792131516,6.69800163605298,17.188334479633024,7.050044610268473,6.533151833257713,7.380078110742053,0,3.5601090683296883,4.153782344855327,0.08928285179755761,7.190090745249313,0,0,0,0,0,0,0,0,0,0.01,0,0,0,2.36999699712582,1.4599977220586082,3.090249763912498,1.7700036231675684,1.379942750219953,1.6847665485807342,1.860041602888653,3.580110497237569,4.691228945521951,1.0699949916323614,1.090004723530338,6.959970479231177,1.9099694104560625,3.539057281127849,2.6700065198330325,2.300011442083985,2.5662219812743716,2.239983673684349,3.0416087427173863,3.0652907705661105,0.2400039207998432,0.7500091250866883,0,0,0,1.3897746301836846,1.236711542544964,3.559990367828547,3.169964460666603,3.8299887870703317,3.4838555802734943,2.040062488137474,3.4999792614304077,2.049989420228523,2.394318970025589,2.259996453461849
PAN,1.4658788484287562,2.1399996054682107,3.7143067981764006,2.840000728179642,5.0886532152695105,3.9099675558759914,1.9658648382700759,2.609080020829853,4.270078482668411,7.639989617580897,4.070005820097716,2.4299908749873262,8.160017697809897,6.008731383827321,0.1519720734551663,8.997016999397843,0.029999376763015492,4.2499761957660205,0.5099861303744798,10.419911593697842,9.879785664362817,11.789718243613395,6.550503256059772,20.079915474017866,7.370007300031286,9.200135188418859,7.380078110742053,0,2.55996869497163,4.153782344855327,0.08000132727212396,6.886181917678805,0,0,0,0,0,0,0,0,0,0.01,0,0,0,2.0400026207060344,1.531998597154664,2.9455044025151045,1.809995077370888,1.4499765548403596,1.4699933099838651,1.8599686028257458,3.7000040678517676,4.041004233826042,1.2200028859809677,1.1299859448456357,6.519733675597625,1.8499819463413867,2.3148492333558046,3.2799951673161876,3.198140564694299,2.9700025775007615,2.660002271730275,8.09688566486707,2.8813936478430313,0.09999999999999998,0.75,0,0,0,1.2995583539612992,1.149193818866086,2.7599710263026846,2.959978655282818,2.9300067139842696,2.339931512569949,2.199963500063173,2.7400426939199876,1.7499448975093677,2.8500200751907143,2.259996453461849
PER,1.4658811591030383,2.140000656474894,1.380001303574588,2.9721024594959147,5.0886532152695105,3.90991714421287,1.9658648382700759,2.609080020829853,3.9946037172586233,7.639999515344642,4.070001266486078,2.4299948969999727,8.1600005746145,9.281505776849897,0.1519720734551663,8.997161066048667,0.03000064401475316,4.25,0.5099861303744798,10.419983213944137,9.880002009175234,10.480845235196185,7.343504330295542,20.079820239072905,7.370030581039755,9.199729638391348,7.380078110742053,0,2.560040110303335,7.249931563098823,0.08,7.1899999999999995,0,0,0,0,0,0,0,0,0,0.01,0,0,0,2.040002311795109,1.53199995097859,2.8666601467149624,1.8099994626681637,1.4500081523216,1.469996307237814,1.8600180913613749,3.699969322016566,4.040998976739177,1.2200030555979942,1.1299984354991048,6.520004516541834,1.8500204227509447,2.906433021617461,3.279987825292954,3.287045914562693,2.970001027362077,2.6599956047907782,3.6960230488766816,2.8433622867773685,0.09999999999999999,0.7521006011765439,0,0,0,1.300004315367022,1.158762977239241,2.7600405422526286,2.960020768431984,2.9299946095446323,2.3399099292301093,2.2000468300207983,2.7399977115832033,1.7500050766575288,2.8498950634181948,2.259996453461849
PHL,1.1023183078967764,0.7099998863024227,2.800029199922134,1.135084295658472,5.0886532152695105,4.290069779924853,1.9658648382700759,2.609080020829853,4.282895137849009,1.9800003468482097,1.7599877825290167,0.01,8.160128539380343,5.265982697729409,0.290004932514237,0.289984193131197,0.15499948030350275,0.4399883559496619,0.24000073000693506,7.39,8.229947987955104,5.051150699035745,6.52681273139784,3.9799251756547127,7.050074141667617,6.4500321065260735,7.380078110742053,0,3.560022987090286,3.7000401503814286,0.08000146001387012,6.886181917678805,0,0,0,0,0,0,0,0,0,0.009999999999999998,0,0,0,2.3699990330658145,1.4600014788402609,2.7128610302991283,1.7700231329928853,1.019999644766523,1.7749933045108468,1.8599783324134829,3.580000697504575,4.691228945521951,1.0700082686931527,1.089998561124075,6.731671455579361,1.9100399065602494,2.984670534948637,2.6700084158927493,3.8499842915488527,2.5300011346158695,2.090004286902223,3.2944650415746257,2.336391601828053,0.2399938238775755,0.7500260715403065,0,0,0,1.497053276310421,0.2175813836793577,3.5400062722140913,3.450004375984596,3.8300003697814597,3.7899315249654686,2.04004588591094,3.500077893752921,2.0500321352647455,2.8500200751907143,2.259996453461849
POL,1.1023191551685312,0.7699853348541632,4.519993732917849,2.2995706396847466,5.10000153410975,4.2899394571420295,1.9658648382700759,2.609080020829853,3.4722440452289085,3.241633547402978,4.170000339377073,3.3700308394237672,8.1600005746145,3.8531846357329456,0.1519720734551663,3.0065111165578955,0.290000024824306,1.2799725180350394,0.5199920363672561,13.930192768335804,8.230019627423298,11.121551848352615,6.430849319001543,17.97021571704931,7.04988268010776,6.533151833257713,7.380078110742053,0,3.559961170848268,4.153782344855327,0.09000042115311724,8.129932927780377,0,0,0,0,0,0,0,0,0,0.01,0,0,0,2.3699990458145335,1.4599995688447194,2.799838390727154,1.7699958792207686,1.0200070376514352,2.1600015651901705,1.859946133128126,3.5800042840312734,4.691228945521951,1.0699983494848033,1.0900342815901847,6.959957216391469,1.910003789314134,1.8671166907262355,2.670022252834587,3.8498609823911027,2.5299986902335077,2.0900013794127945,3.2410121480508156,2.8591943608781007,0.2399970105471633,0.7499985329585531,0,0,0,1.3799977658815743,0.22051369617943303,3.560027305375004,3.169985454180669,3.8400082003786653,3.4838555802734943,2,3.5000553036168562,2.050079351084465,2.8500200751907143,2.259996453461849
PRT,1.1023195271433586,0.7700007371484863,4.520006822445847,1.1350862071294823,5.099996661584857,4.290022172949002,1.9658648382700759,2.609080020829853,3.4460800301621917,3.241633547402978,4.1699985523848415,3.370026505989195,8.159898140534231,3.8531846357329456,0.1519720734551663,3.0065111165578955,0.29000085244224705,1.2799981704249188,0.5200243333671297,13.93001076498688,8.229973423366905,9.508721071150104,7.86215083861066,17.97021571704931,7.050042793132961,6.533151833257713,7.380078110742053,0,3.559970014992504,4.153782344855327,0.0900016846361186,6.886181917678805,0,0,0,0,0,0,0,0,0,0.009999765725664753,0,0,0,2.3700001396121575,1.4600003161405561,2.8689289590640357,1.770000960220676,1.0200021860312602,2.159963903632197,1.8599983179613688,3.580005744165796,4.9898921832884096,1.0700001171158058,1.0899896444597859,6.959957216391469,1.9099946543429152,1.7743335620046277,2.6700011252827758,3.8499739336950434,2.530000900885683,2.0899998224155043,3.5251003433521793,2.215073735660061,0.2399953640081461,0.75,0,0,0,1.380059468519904,0.36233346904960123,3.5599557654372647,3.169997195999626,3.8399940343027597,3.7499921282156237,2,3.5000243985751234,2.0499986573937328,2.8499663817116514,2.259996453461849
PRY,1.4658794469696836,2.140001201097002,1.3799666284284076,2.972100474318513,5.0886532152695105,3.9099278124746535,1.9658648382700759,2.609080020829853,4.270051787293166,7.640000689994221,4.069977893347329,2.430002359912945,8.1600005746145,3.8531846357329456,0.1519720734551663,3.0065111165578955,0.03000069820887141,4.250057032052013,0.5100023865343309,10.419977187550922,9.879929844520289,10.003589425533718,7.200091980799167,17.188334479633024,7.370124975203332,9.199816940083082,7.380078110742053,0,2.5599555451567615,7.249975986936894,0.08000146001387014,6.886181917678805,0,0,0,0,0,0,0,0,0,0.01,0,0,0,2.039996452118381,1.5320002781337227,1.977914496100193,1.810000155727548,1.4499963367279656,1.469996212326173,1.8599984805715177,3.699989227620381,4.691228945521951,1.2200091925846486,1.1299991309637611,6.731671455579361,1.8500263265664305,2.650912420191855,3.279998517585146,3.287156570671963,2.970001106137256,2.6600067034112915,3.624760162365321,2.8991529581916975,0.09999999999999999,0.7499954375399215,0,0,0,1.306767582072308,1.1440654125611223,2.7599878011588896,3.321494180462082,2.929895325530177,2.3399658203125,2.1999708000778666,3.46737012174609,1.7500440839358138,2.394318970025589,2.259996453461849
ROU,1.1023192364887204,0.7700027071683951,4.519952151642487,1.1350846449811556,5.100032206119162,4.289944337987043,1.9658648382700759,2.609080020829853,3.394045875206668,3.241633547402978,4.170000063712654,3.3699178748859375,8.1600005746145,3.8531846357329456,0.1519720734551663,3.0065111165578955,0.29000071080783313,1.2799919780734008,0.5200020857232246,13.930143582752478,8.230003128584837,9.202045563272794,5.794551832382644,17.188334479633024,7.04988268010776,6.533151833257713,7.380078110742053,0,3.559990641085634,3.699935112336767,0.09000178922884236,8.130088909686476,0,0,0,0,0,0,0,0,0,0.01,0,0,0,2.3699997637617236,1.4599988972817994,2.4512441130481175,1.7699928631176662,1.019989666085384,2.1600162041725746,1.8600188967221458,3.5800212539851226,4.989827473958334,1.0700003467767105,1.0899867387963877,6.959957216391469,1.9099972132104341,1.7463146405604255,2.6700038505968426,3.850001539551067,2.5299988887429663,2.090001721532546,3.953366868421179,2.50571629272435,0.24000262829358038,0.7499898611655604,0,0,0,1.3814649686627016,0.3874714287467837,3.5599755422076753,3.1700432977198503,3.840035351303579,3.7500388959766,2,3.5001659108505696,2.050079351084465,2.8500200751907143,2.259996453461849
RUS,1.102319048531866,0.7699981262881769,4.519894111984598,1.1350878625777558,5.100011840069244,4.290029577730696,2.2067798866992687,1.6895438337538153,4.097407188031412,3.241633547402978,4.169999244564247,3.4527210613599557,8.1600005746145,3.8531846357329456,0.1519720734551663,3.0065111165578955,0.2900002535271971,1.2800011496069783,0.5199873046100135,11.356114033557862,8.230010687854161,10.927854558131227,6.992714494293574,17.96970526507893,7.0499620781190755,6.533151833257713,7.380078110742053,0,3.56002233389168,3.7000851685119844,0.0899983218660849,6.886181917678805,0,0,0,0,0,0,0,0,0,0.009999999999999998,0,0,0,2.3700003533170584,1.4599995845191849,2.7990438005774636,1.7699982724891563,1.0200244366005973,2.159942611190818,1.8600416028886533,3.579998608994746,4.691228945521951,1.0699994519518343,1.09000343524562,6.959947283978913,1.9099978708519632,1.9173843333984395,2.670000317113003,3.8499664204163864,2.52999857844372,2.0899999501840703,3.0850239137813245,2.4708273089034214,0.23999431545662872,0.7499921336647682,0,0,0,1.3803816531398188,0.23238434753710777,3.5600099863344896,3.169989449308724,3.840008652390223,3.749900817265731,1.9999775386896073,3.49990465293669,2.0500083863392984,2.394318970025589,2.259996453461849
RWA,1.7063483288565724,1.939405211375007,3.7143067981764006,2.6548949177605263,5.100133836233119,4.227352836158858,2.4428748023253224,3.1530496712276905,4.270033781912831,2.7099995110169792,5.504999712464143,4.570217293436818,8.160014615773793,3.9883460573577825,0.1519720734551663,3.0065111165578955,0.02000028185290097,1.6834274206310842,0.5199927000638744,15.499993273132352,8.230028836411815,9.644302583287198,7.200091980799167,17.40006930407161,7.274707203593775,6.533151833257713,7.380078110742053,0,3.431798829948837,4.153782344855327,0.08928285179755761,6.886181917678805,0,0,0,0,0,0,0,0,0,0.01,0,0,0,2.5459974465976867,1.8340133197336053,2.8573126685731514,1.6599480300582907,1.5574979789814065,1.6847665485807342,1.8600137697474928,3.725028629596641,4.999999609141248,1.069986541049798,2.051995713903027,6.731671455579361,1.9062987104840587,4.398156149400894,3.0500185101394433,3.8499475919898494,3.01005814867201,2.4299874463856055,3.226592126181815,2.6314365571468326,0.19,0.930023985817082,0,0,0,1.3799609099617332,1.6135106331051492,3.12988551125148,4.829987513207185,4.379995545767241,3.790090422587193,2.0563057323092617,3.46737012174609,2.041489075738801,2.394318970025589,2.259996453461849
SAU,3.4234220481629274,0.7700001174577445,3.7143067981764006,2.8700009350562428,5.0886532152695105,4.29,1.9752579289262515,3.4318085903761815,4.252231639390012,3.241633547402978,4.17000917097818,3.3700023657440266,8.1600005746145,4.290010298661175,0.1519720734551663,3.0065111165578955,0.2899998054859818,1.2800029199922134,0.5200020857232246,13.930052759066927,8.230003128584837,8.980596768045798,7.106047939199791,17.96970526507893,7.049784655814294,6.450177434799753,7.380078110742053,0,3.5599181106967905,4.153782344855327,0.08999380207974657,8.129941137354383,0,0,0,0,0,0,0,0,0,0.01,0,0,0,2.3699996219889052,1.4599980799530154,2.187625751067184,1.77000302999697,1.0200244366005973,2.1599658416318888,1.8600031284217111,3.5799946207343245,4.691228945521951,1.0699994901140968,1.0900096829874122,6.960000691152669,1.9100030863589499,2.129283501122926,2.670009967605283,3.8500044701394684,2.5662219812743716,2.0900004794783276,2.429967833609194,3.0340599619455246,0.2400017560033364,0.7499951973873787,0,0,0,1.3799958458103265,0.3467014538145101,3.55990886347391,3.1699893896241695,3.8400246431871854,3.7498538378017203,2.0000578218508775,3.5000553036168562,2.049989420228523,2.394318970025589,2.259996453461849
SDN,1.7063518540666092,1.939401480744105,2.8000132727212397,1.9470846527835002,5.0886532152695105,4.227352836158858,2.442878837451926,3.153051734406021,4.26996413519943,2.7099874909473964,5.50499473489484,4.570195469492145,8.160058797954493,3.8531846357329456,0.29000238720458343,3.0065111165578955,0.019999908060490068,2.1200116799688535,0.5200019466614756,15.500050694514853,8.230069653557198,10.990401837825925,7.200091980799167,17.188334479633024,7.274888756741239,6.533151833257713,7.380078110742053,0,4.150025152376607,4.679883865615928,0.0899990875079843,6.479890169386651,0,0,0,0,0,0,0,0,0,0.010000007080109508,0,0,0,2.545998623398862,1.8340020366910195,2.4533926003089133,1.6599995542877521,1.5574981390643787,1.6400000000000001,1.8599984805715177,3.7250066231545484,4.691228945521951,1.070002033760423,2.052017035938173,4.100004685072997,1.9099894570374274,1.792721248770792,3.0500093119670924,3.8499991504978084,2.5662219812743716,2.4299769850402764,2.483616753971953,2.905960391444989,0.1900083263946711,0.7521006011765439,0,0,0,1.3800207142208634,1.686952103361525,3.129974048442907,4.829987513207185,4.379956132950903,3.790054883290352,2.0563057323092617,3.46737012174609,2.049989420228523,2.394318970025589,2.259996453461849
SEN,1.7063509662371366,1.9394010636017665,3.7143067981764006,3.0323676299121756,5.0886532152695105,4.227352836158858,2.4428726186680882,3.1530476251304,4.270007894967689,2.710005020767721,5.505016132864292,4.570248580935604,8.1600005746145,3.8531846357329456,0.1519720734551663,3.0065111165578955,0.01999995110514594,2.119955708661417,0.5199955565429905,11.356114033557862,8.229993612555889,12.076093211479684,5.938034032792014,17.399804148491054,7.274894971091052,6.533151833257713,7.380078110742053,0,4.150029470074479,4.67990832696715,0.09000024333268444,6.480112306972392,0,0,0,0,0,0,0,0,0,0.009999999999999998,0,0,0,2.546001194217297,1.833999657268643,2.170808371739698,1.6600013610380182,1.3387604926038972,1.6399917358217693,1.8599984805715177,3.7250271806511908,4.691228945521951,1.0699715513588768,2.051997027168378,4.099951869083908,1.9100155732918045,1.9588179478660341,3.0499993904000195,3.8499991926759565,3.0100217577635657,2.4299986333196664,3.013251728248884,2.7283859953390057,0.1899996748919016,0.9299931866848355,0,0,0,1.3799797485761642,1.5662010872462317,3.1299666413449154,4.830053905366134,4.379996290457202,3.789964994165694,2.039929921892109,3.46737012174609,2.050045242569778,2.394318970025589,2.259996453461849
SLB,1.10231198484,0.726665884021,3.67809844673,1.52324661819,5.09239570239,4.26909926315,1.96586483827,2.60908002083,4.27576035972,2.22333375799,2.56332684746,1.15757370281,8.16004322954,4.32411732307,0.243990069172,2.10100214208,0.199999025976,0.999993421157,0.426021039591,8.71205034925,8.11899547938,6.90373357414,6.30474146381,8.64322987002,7.05009963111,6.50544525768,7.38007811074,0,3.47454021566,3.851270935,0.0864289556119,6.88618191768,0,0,0,0,0,0,0,0,0,0.01000000236,0,0,0,2.33437159417,1.45991012837,2.57294943029,1.770008426,1.12624723095,1.744928833,1.86001039963,3.58002057803,4.69122894552,1.07000669502,1.08999706659,6.73167145558,1.91001547985,2.42353589443,2.6700031636,3.3333166149,2.52998704779,2.13999537672,3.43871539966,2.61728055534,0.236578840944,0.751409091298,0,0,0,1.42504451114,0.365632701796,3.54664305535,3.313804997,3.83002500658,3.77669245749,2.05088578351,3.47827271242,2.04717021041,2.54621933841,2.25999645346
SLE,1.70635033109,1.9393999763,3.43298025382,2.77466769006,5.09042405046,4.23697100171,2.40617782729,3.15305554913,4.24996449428,2.75090051766,5.50499167911,4.31233929729,8.16000443008,3.61715276368,0.183824663815,3.00651111656,0.020000084914,2.08641504788,0.519404564454,13.9061698178,8.15324723159,11.9534345908,6.37610565778,17.3185961603,7.26242949629,6.53315183326,7.38007811074,0,3.98423525285,4.47759690648,0.0894486704255,6.69869811692,0,0,0,0,0,0,0,0,0,0.0100000038124,0,0,0,2.54600012346,1.74763087448,2.75200643487,1.66886419186,1.49020550941,1.65377984114,1.86000677434,3.71654753316,4.83373186116,1.07061958591,1.93017524879,5.517050885,1.90828884949,2.23521727388,3.04999467981,3.84998502692,2.97586343651,2.42999882171,3.17877399622,2.65824736347,0.211400763727,0.779474673048,0,0,0,1.39481201304,1.61627869669,3.12997949859,4.13375061808,4.37999744411,3.76644397047,2.04877973591,3.4774275497,2.04279682104,2.42937030407,2.25999645346
SLV,1.4658819303768924,2.140005380487734,3.7143067981764006,2.839999759307648,5.0886532152695105,3.909940113284577,1.9658648382700759,3.6299961404862984,4.2699873390359135,7.640029279840519,4.069992216369805,2.4299737315083645,8.1600005746145,5.980434834495473,0.1519720734551663,3.0065111165578955,0.02999956755722276,4.249934822282089,0.5099917875718587,10.419999619544024,9.879551053928278,9.644302583287198,6.442293399891347,20.079915474017866,7.370005931288307,9.199978370486528,7.380078110742053,0,2.559992422429608,7.249973928459694,0.07999854003941893,6.886181917678805,0,0,0,0,0,0,0,0,0,0.01,0,0,0,2.039999021593868,1.5320000330706969,2.2381197018442087,1.8100011979932153,1.4500118586449524,1.4699400867708836,1.8600416028886533,3.700012939057041,4.040989256512645,1.2199528093201593,1.1299991580365414,6.519964703287006,1.8499756669468654,2.3096343786489464,3.2799954825426334,3.2869158228874626,2.969968772839014,2.659997038054695,3.4577421444328684,2.89058320144298,0.09999999999999999,0.7500091250866883,0,0,0,1.2998789567165803,1.1434563087200311,2.760095599142904,2.959978228156117,2.9300044189129477,2.339956659443241,2.2001073537305422,2.740017697157394,1.7500110204981265,2.394318970025589,2.259996453461849
SRB,1.1023188337579282,0.7699984685282557,4.520022461657249,1.1350832799433075,5.099932874643397,4.289944337987043,1.9658648382700759,2.609080020829853,3.3586495904362152,3.241633547402978,4.169997751011123,3.4527210613599557,8.1600005746145,3.8531846357329456,0.1519720734551663,3.0065111165578955,0.290000718761639,1.2800273753849665,0.5200030969682893,13.929996849474016,8.229990792805234,10.993743122768963,5.626358561284875,17.188334479633024,7.049976602714085,6.533151833257713,7.380078110742053,0,3.5600401103033343,3.699927000638744,0.08999900454590702,8.130016918037507,0,0,0,0,0,0,0,0,0,0.01,0,0,0,2.3699994272654883,1.4600028366782498,2.248650821412061,1.769997075738376,1.0199980740217636,2.159948422641288,1.859973038922922,3.580013568808701,4.691228945521951,1.0699903132063286,1.089991919658317,6.960070593425988,1.9100239703639137,1.6307234396072725,2.670005156169435,3.8499804589358493,2.5299986213292893,2.0899989538654675,3.4577421444328684,1.9700039154934375,0.24000499230353203,0.75,0,0,0,1.380000713356256,0.23309103800650563,3.5600701714673764,3.170101292350681,3.839938961521013,3.7499433235094086,1.999927001970947,3.499841997155949,2.050079351084465,2.394318970025589,2.259996453461849
STP,1.70635030608,1.93940135521,3.19184323569,2.84363336363,5.09028578162,4.27204535315,2.34066012821,3.03647887096,4.2332259817,2.78594699254,5.50499392388,4.57021643122,8.16001124399,4.90562607832,0.220984779114,2.36654441402,0.0199998936792,2.11999510118,0.519035754297,14.9080241066,8.13494598052,12.0619408963,6.73687739321,17.3545970135,7.27487901477,6.51531388597,7.38007811074,0,3.99607857028,4.45447567276,0.0895907007353,6.5670159437,0,0,0,0,0,0,0,0,0,0.0100000010114,0,0,0,2.54600058522,1.80726741516,2.87677902935,1.65998729336,1.46375094596,1.64639204941,1.86000323016,3.71714883684,4.84562692959,1.06999735194,2.05199073631,4.85189487174,1.90999506948,2.24095570937,3.05000780323,3.85000877727,2.97829696406,2.42999410267,3.20352940765,2.6126204838,0.207033399255,0.904581301379,0,0,0,1.39624761848,1.58748905237,3.13000690054,4.72225750935,4.38001596437,3.79001181176,2.04231894579,3.4836989961,2.04513341018,2.39431897003,2.25999645346
SUR,1.4658804717169698,2.1399996813155293,1.3799799251756546,2.9720970635352253,5.0886532152695105,3.909967845659164,1.9658648382700759,2.609080020829853,4.1830919983136505,7.640026461474183,4.069996837452921,2.43002878958568,8.1600005746145,9.966201502836988,0.02,3.0065111165578955,0.030000354139696307,4.250006358896095,0.5100133836233118,10.42007514761138,9.880085882984435,9.644302583287198,7.200091980799167,20.07998222617196,7.3699812567820855,6.533151833257713,7.380078110742053,0,2.5600214601868827,4.153782344855327,0.08928285179755761,6.886181917678805,0,0,0,0,0,0,0,0,0,0.01,0,0,0,2.039994228827009,1.5320017897773253,3.1625274946542654,1.8100001929628589,1.4500690744029998,1.4700045040463772,1.8600021342945563,3.700001162479802,4.041004859767523,1.2199937323722971,1.1299991580365414,6.731671455579361,1.8500140787785875,0.6115642321100834,3.2799921768042246,3.2868911543610335,2.969991517528124,2.65999873793147,3.4577421444328684,2.592886443103667,0.2297437207712135,0.7499954375399215,0,0,0,1.298209801880562,1.1748808835066442,2.7599399665387265,2.9599942368648544,2.9299885555137615,2.3400053694478418,2.1999900341330942,3.46737012174609,1.7500176329524617,2.394318970025589,2.259996453461849
SVK,1.1023191275740107,0.7700182502566442,4.520075356175674,1.1351282908398417,5.100015132713901,4.289943628080516,1.9658648382700759,2.609080020829853,3.4321743505233053,3.241633547402978,4.169998867163605,3.4527210613599557,8.1600005746145,3.8531846357329456,0.1519720734551663,3.0065111165578955,0.28999956947651495,1.279999771696665,0.5200068438462416,13.9300458138247,8.230002056343821,8.552284427318911,6.47243242191001,17.969887763482067,7.0501277527679775,6.533151833257713,7.380078110742052,0,3.5599954876474347,3.699972625239529,0.08999906410856341,8.130090554965346,0,0,0,0,0,0,0,0,0,0.01,0,0,0,2.37000319795331,1.4599993606108905,2.915010782096492,1.7700010783221307,1.0199815137016095,2.159969229642111,1.8599773242630386,3.5799945410926433,4.9899253484838475,1.0700019406478594,1.0900151285930408,6.960072926162261,1.9099996118163114,2.002822038935207,2.6699881001878167,3.850212098527787,2.530000958497076,2.0899981066316977,5.276450166816551,2.2669668303744728,0.24000058241966252,0.7499886647018816,0,0,0,1.3828009071070984,0.2943144218433926,3.55994833233381,3.1700704699492794,3.839969068071144,3.750132251807441,2,3.5000553036168562,2.0500158696572157,2.8500200751907143,2.259996453461849
SVN,1.1023195236508012,0.770001980627576,4.519970343896736,1.13508382887132,5.1,4.290026635099141,1.9658648382700759,2.609080020829853,3.4906122633591816,3.241633547402978,4.1700015436535045,3.4527210613599557,8.1600005746145,4.27933791767101,0.1519720734551663,3.0065111165578955,0.2899994272181963,1.2800050180110756,0.5199934821574059,13.929926685755639,8.229948253557566,9.644302583287198,5.876726072620783,17.96988776348207,7.050100082420817,6.45,7.380078110742053,0,3.559981768459435,3.699905102562231,0.08999499033850998,8.129901731399158,0,0,0,0,0,0,0,0,0,0.009999999999999998,0,0,0,2.3699999999999997,1.459999775626283,2.53521632559337,1.7700001934722462,1.0199579340967515,2.159932191717324,1.8600495765337741,3.580002500528958,4.691228945521951,1.0700001674004385,1.0900094939019938,6.960067742223015,1.90999965544712,1.6918473157933471,2.669998265474098,3.8499974814889435,2.530001471989588,2.090001833180568,3.6271904657813723,2.623080113290375,0.24000302061570217,0.7500025524529074,0,0,0,1.379998020694736,0.22533244111259507,3.560063997155682,3.1699501348810593,3.8399804441435847,3.7500531349628052,2,3.4999122191011236,2.0500373412994772,2.849986312619764,2.259996453461849
SWE,1.1023184672355497,0.76999724196208,4.5200319647523814,1.1350579040563369,5.100005038830488,4.289946004645411,1.9658648382700759,2.609080020829853,3.440259840368032,3.241633547402978,4.170000617089373,3.369888475836431,8.1600005746145,3.8531846357329456,0.1519720734551663,3.0065111165578955,0.2900003989069948,1.280001050365002,0.5200037921880926,13.929947413245372,8.229889351918379,7.295744469204886,6.509940542323076,17.97029424977538,7.049957152378836,6.533151833257713,7.380078110742052,0,3.559943846513804,3.6999369545741114,0.09000105289018355,6.886181917678805,0,0,0,0,0,0,0,0,0,0.01,0,0,0,2.369998178702967,1.459996473175387,2.7370825352377186,1.7699999902153885,1.01999287558999,2.15997642387393,1.8600063076006588,3.5799971795467362,4.990060646900269,1.070000202488292,1.0900110105211647,6.960042784017113,1.9099992845730092,1.7782587298572554,2.6699998402632463,3.8500274612110394,2.53000042332906,2.0899953882304714,3.3663944464131346,2.8916383823134293,0.2400025722763727,0.7499993605467581,0,0,0,1.3800015381280981,0.2291284410979125,3.560007243424329,3.169987879419776,3.8400148983911557,3.750048383975227,2.000019085062122,3.4999792614304077,2.0500373412994772,2.8498950634181948,2.259996453461849
SWZ,1.706349617005017,1.939400960113093,2.8000146001387014,2.654896524582523,5.099968907574386,4.2899899625878275,1.9658648382700759,3.1529733822003183,4.285274799105367,3.241633547402978,5.5049958848063865,4.5702528476655395,8.1600005746145,2.65,0.1519720734551663,3.0065111165578955,0.019999375225042294,2.1200045870808144,0.5180755284114683,15.499824098504838,7.897240654734316,12.397556192148862,6.757989976157551,17.399862111851622,7.275010793202246,6.449846791636626,7.380078110742053,0,3.431798829948837,4.153782344855327,0.09000255502427273,6.4800309251083394,0,0,0,0,0,0,0,0,0,0.010000007080109508,0,0,0,2.5460032643717145,1.8340226134466535,3.204087184398423,1.6599997343263626,1.5574676349857912,1.6399992218302553,1.8599569795086606,3.725,4.691228945521951,1.0700009217177984,2.0520020660389777,4.099959889983956,1.9099143937885728,1.9749795429890624,3.050007632422531,3.8500183891136444,3.0100276184406205,2.429989191313747,3.4577421444328684,2.623421119685498,0.2297437207712135,0.9300031285848368,0,0,0,1.3799832979179236,1.5321021400234143,3.1300228638709764,3.321494180462082,4.380018923312065,3.7900534434875963,2.0563057323092617,3.46737012174609,2.041489075738801,2.394318970025589,2.259996453461849
TCD,1.70635033109,1.9393999763,3.43298025382,2.77466769006,5.09042405046,4.23697100171,2.40617782729,3.15305554913,4.24996449428,2.75090051766,5.50499167911,4.31233929729,8.16000443008,3.61715276368,0.183824663815,3.00651111656,0.020000084914,2.08641504788,0.519404564454,13.9061698178,8.15324723159,11.9534345908,6.37610565778,17.3185961603,7.26242949629,6.53315183326,7.38007811074,0,3.98423525285,4.47759690648,0.0894486704255,6.69869811692,0,0,0,0,0,0,0,0,0,0.0100000038124,0,0,0,2.54600012346,1.74763087448,2.75200643487,1.66886419186,1.49020550941,1.65377984114,1.86000677434,3.71654753316,4.83373186116,1.07061958591,1.93017524879,5.517050885,1.90828884949,2.23521727388,3.04999467981,3.84998502692,2.97586343651,2.42999882171,3.17877399622,2.65824736347,0.211400763727,0.779474673048,0,0,0,1.39481201304,1.61627869669,3.12997949859,4.13375061808,4.37999744411,3.76644397047,2.04877973591,3.4774275497,2.04279682104,2.42937030407,2.25999645346
TGO,1.70635033109,1.9393999763,3.43298025382,2.77466769006,5.09042405046,4.23697100171,2.40617782729,3.15305554913,4.24996449428,2.75090051766,5.50499167911,4.31233929729,8.16000443008,3.61715276368,0.183824663815,3.00651111656,0.020000084914,2.08641504788,0.519404564454,13.9061698178,8.15324723159,11.9534345908,6.37610565778,17.3185961603,7.26242949629,6.53315183326,7.38007811074,0,3.98423525285,4.47759690648,0.0894486704255,6.69869811692,0,0,0,0,0,0,0,0,0,0.0100000038124,0,0,0,2.54600012346,1.74763087448,2.75200643487,1.66886419186,1.49020550941,1.65377984114,1.86000677434,3.71654753316,4.83373186116,1.07061958591,1.93017524879,5.517050885,1.90828884949,2.23521727388,3.04999467981,3.84998502692,2.97586343651,2.42999882171,3.17877399622,2.65824736347,0.211400763727,0.779474673048,0,0,0,1.39481201304,1.61627869669,3.12997949859,4.13375061808,4.37999744411,3.76644397047,2.04877973591,3.4774275497,2.04279682104,2.42937030407,2.25999645346
THA,1.102317711272322,0.7100000618809665,3.7143067981764006,1.135084169877536,5.0886532152695105,4.2899899625878275,1.9658648382700759,2.609080020829853,4.1830919983136505,1.9800031565126581,1.76,0.009999999999999998,8.1600005746145,3.603443190045856,0.29000184672206836,3.0065111165578955,0.15499971624765904,0.4399921081187728,0.2400048667721134,7.390103480714957,8.22978343742396,4.488576663884631,6.041495651186847,3.98,7.050189023595359,6.533151833257713,7.380078110742053,0,3.5600112572841245,3.699972625239529,0.08000146001387012,7.189985961628452,0,0,0,0,0,0,0,0,0,0.01,0,0,0,2.370011644886416,1.459990641085634,2.83652148879706,1.7699998556575043,1.0200067024128685,1.7749944333110665,1.860041602888653,3.5800015994006453,4.691228945521951,1.070008111207451,1.0900008886276171,6.731671455579361,1.909993094603926,3.503149848624295,2.6700316995854667,3.8499501842025996,2.52999398528163,2.090000987162191,3.4577421444328684,2.3816917405969322,0.24000519403428064,0.7500091250866883,0,0,0,1.6683044369743212,0.21757713471118875,3.5400131839156233,3.450023775558725,3.830005821082226,3.790145847502456,2.04004866673426,3.4999999999999996,2.049965501379945,2.8500367834304794,2.259996453461849
TJK,1.102318959675908,0.7700033786896827,4.520009344020557,1.1350884916791406,5.0886532152695105,4.227352836158858,1.9658648382700759,2.609080020829853,3.7125009824324002,3.241633547402978,4.169998521448757,3.4527210613599557,8.1600005746145,3.8531846357329456,0.1519720734551663,3.0065111165578955,0.29000084073073856,1.2800273753849665,0.5199960540593864,13.92993932499052,8.229917726252806,9.644302583287198,6.488622740415129,17.188334479633024,7.049913313258508,6.533151833257713,7.380078110742053,0,3.431798829948837,3.7000851685119844,0.08928285179755761,6.886181917678805,0,0,0,0,0,0,0,0,0,0.010000007080109508,0,0,0,2.369999925722429,1.4599991836946722,2.5527538936556087,1.7699907378820623,1.0200039963588732,1.6847665485807342,1.8599984805715177,3.61511095595455,4.691228945521951,1.069998403321092,1.260143466692901,6.731671455579361,1.9099986416630144,2.297687077913877,2.6699884628889596,3.8500081676166897,2.5299984496925223,2.0899795501022496,3.039940200125716,2.9903610204767026,0.24000342128897062,0.7521006011765439,0,0,0,1.379985822306238,0.6166515897806369,3.5600198061823582,3.170012486792815,3.840023290512755,3.7499752038245626,2.0563057323092617,3.46737012174609,2.041489075738801,2.394318970025589,2.259996453461849
TKM,1.81650452818,0.769999048372,4.39607179993,1.6689030708,5.09997414682,4.28997287649,2.00293063193,2.53834646798,4.02543059169,3.20074322728,4.16999944956,3.42728148643,8.16000057461,4.01140371436,0.151972073455,3.00651111656,0.289999831646,1.27999720094,0.519998410807,12.7420346268,8.10202338346,9.43963099732,6.26369660452,17.6693224114,7.0499637828,6.51394845732,7.38007811074,0,3.55999026153,3.87451088842,0.0900001818819,7.36455115193,0,0,0,0,0,0,0,0,0,0.01,0,0,0,2.37000016693,1.45999982491,2.35422469577,1.7699991216,1.02000582122,2.15999934289,1.86000065297,3.58000446739,4.76018771208,1.0699999945,1.08999478881,6.95987714501,1.91000081118,1.89512522657,2.67000282011,3.84999774485,2.53278180391,2.09000057634,3.44185895868,2.57259345998,0.240000816086,0.750165317012,0,0,0,1.38020930501,0.297619608827,3.56001900123,3.17001065013,3.84000428525,3.74997142967,1.99999449501,3.49248354279,2.04934086231,2.46442683236,2.25999645346
TLS,1.10231198484,0.726665884021,3.67809844673,1.52324661819,5.09239570239,4.26909926315,1.96586483827,2.60908002083,4.27576035972,2.22333375799,2.56332684746,1.15757370281,8.16004322954,4.32411732307,0.243990069172,2.10100214208,0.199999025976,0.999993421157,0.426021039591,8.71205034925,8.11899547938,6.90373357414,6.30474146381,8.64322987002,7.05009963111,6.50544525768,7.38007811074,0,3.47454021566,3.851270935,0.0864289556119,6.88618191768,0,0,0,0,0,0,0,0,0,0.01000000236,0,0,0,2.33437159417,1.45991012837,2.57294943029,1.770008426,1.12624723095,1.744928833,1.86001039963,3.58002057803,4.69122894552,1.07000669502,1.08999706659,6.73167145558,1.91001547985,2.42353589443,2.6700031636,3.3333166149,2.52998704779,2.13999537672,3.43871539966,2.61728055534,0.236578840944,0.751409091298,0,0,0,1.42504451114,0.365632701796,3.54664305535,3.313804997,3.83002500658,3.77669245749,2.05088578351,3.47827271242,2.04717021041,2.54621933841,2.25999645346
TTO,1.102319068735566,0.7700003445200262,4.5199702422467105,1.1350860854406952,5.1000097333073775,4.227352836158858,1.9658648382700759,2.609080020829853,4.2700947432762835,2.7099778716556022,4.170001380060983,3.3699456849728424,8.159941430496461,5.511275736735859,0.1519720734551663,3.0065111165578955,0.28999991488787785,1.2800034970384455,0.5199835751437175,13.930058747870824,8.23000664661417,8.373625751442058,6.495100662828312,17.970069871728022,7.050032712372163,6.450171922296999,7.380078110742053,0,3.560003961474659,3.699935112336767,0.0899990875079843,6.886181917678805,0,0,0,0,0,0,0,0,0,0.01,0,0,0,2.3700055794565333,1.4597273541425348,2.7142327134344613,1.769998912761669,1.0200269420745398,2.160009406389626,1.859995290331443,3.5799992359454897,4.9899765195817825,1.070001177074862,1.0899995212791422,6.960070593425988,1.9099906545212977,2.3030353947401765,2.670005579977408,3.8500244342213907,2.530004042746322,2.0899986315897507,3.4577421444328684,2.2448384442870855,0.23999600106638233,0.7500082954507747,0,0,0,1.379990825411482,0.21757642097129887,3.5600030180706987,3.169964460666603,3.8400126115225,3.7499999999999996,2.000085382513661,3.499917046103932,2.0499069716537153,2.394318970025589,2.259996453461849
TUN,1.3856594032938379,0.769998986109703,4.520000249146673,2.2995706396847466,5.0886532152695105,4.227352836158858,2.206805107484783,1.6895346457659726,3.8380853361058898,3.241633547402978,4.170002218699456,3.4527210613599557,8.1600005746145,3.8531846357329456,0.1519720734551663,3.0065111165578955,0.2900002203218588,1.2799981750159684,0.5199908752186145,13.930236665489225,8.230059044551798,10.163749540368757,7.4124167829728576,17.969798807086264,7.050057357388675,6.533151833257713,7.380078110742053,0,3.5599555451567615,3.6999597884252533,0.08999955215191008,6.886181917678805,0,0,0,0,0,0,0,0,0,0.01,0,0,0,2.370000076033417,1.459997119323644,2.315714048223264,1.7699965960254211,1.0200053959260758,2.159994519797233,1.8599981275161501,3.579970213229685,4.691228945521951,1.0700009054280413,1.0899971372679995,6.9600169180882565,1.9099988597262,2.1014550967901404,2.6700127359036703,3.85000290145819,2.5662219812743716,2.0900019319126777,3.182377780421078,2.9918690696600896,0.23999504705299654,0.7500294360061227,0,0,0,1.3799979411824457,0.2822589535975305,3.559971951579569,3.1699788023317437,3.8399910065202727,3.7499070148032434,1.999977538437349,3.4999308723904328,2.0499588574115433,2.394318970025589,2.259996453461849
TUR,3.423421593977827,0.7699985635729465,4.520202941927948,2.8699996123532805,5.1000245674376155,4.290019814370633,1.9658648382700759,2.609080020829853,4.1830919983136505,3.241633547402978,4.169999549990437,3.4527210613599557,8.1600005746145,5.910032657934474,0.1519720734551663,3.0065111165578955,0.28999922627900376,1.2799890500958115,0.519988504095416,13.929984216237544,8.22991716126575,7.077739825461309,7.695874128935496,17.969911448249597,7.050130081932202,6.533151833257713,7.380078110742053,0,3.5599289204797873,3.6998882681564247,0.09000178320665136,8.129971923256901,0,0,0,0,0,0,0,0,0,0.01,0,0,0,2.3700003880502694,1.45999992809299,2.1591599861979205,1.7699987657803795,1.0200049280808205,2.16,1.860069598890604,3.5799864866412427,4.691228945521951,1.0700009276964466,1.0899832090065789,6.959819510098839,1.9100002683649935,1.9141067471356605,2.6699995019424247,3.8500086241591442,2.5662219812743716,2.089996611892258,3.5393835392396142,2.9677019965274125,0.23999934097798867,0.7521006011765439,0,0,0,1.3799998732054375,0.3435853699019222,3.5599800274622395,3.1699191949992374,3.8399813354205548,3.7499752038245626,2.0000365003467535,3.50013826159093,2.049951509502878,2.8500200751907143,2.259996453461849
TZA,1.706348505974338,1.9394011564791633,3.7143067981764006,2.6548992730199,5.0886532152695105,4.227352836158858,2.4428802371009026,3.153054239354818,4.3153423418271055,2.709999910649267,5.505004453323755,4.570216699442125,8.159911343755159,2.884278215811235,0.2899992894699446,0.020000608346514175,0.02000014673352824,2.119985400006636,0.5200136104924523,15.499995471465704,8.230082622689716,12.65085407933209,6.411324660902673,17.39939775526964,7.274882294354657,6.450018775816749,7.380078110742053,0,4.149983933161954,4.153782344855327,0.08928285179755761,6.479878334113243,0,0,0,0,0,0,0,0,0,0.010000007080109508,0,0,0,2.5459963966092682,1.8340064688039415,3.6271558386844815,1.659994408722393,1.5574906051937853,1.6399696990565389,1.8600009572584117,3.724998227911061,5.00000978291707,1.0699870608910604,2.0520012466052266,4.099988539995416,1.91002664525313,1.4221984335121673,3.0500005676722033,3.8500018991909446,3.009920032391942,2.4299919001201022,3.180169319079758,2.6694069952415798,0.18999919929537995,0.9299923349271818,0,0,0,1.4158496543275398,1.5661253473294228,3.130002371996883,4.8301058300886774,4.380046887210211,3.79012100773656,2.040003893322951,3.5000553036168562,2.050007053180985,2.394318970025589,2.259996453461849
UGA,1.70635033109,1.9393999763,3.43298025382,2.77466769006,5.09042405046,4.23697100171,2.40617782729,3.15305554913,4.24996449428,2.75090051766,5.50499167911,4.31233929729,8.16000443008,3.61715276368,0.183824663815,3.00651111656,0.020000084914,2.08641504788,0.519404564454,13.9061698178,8.15324723159,11.9534345908,6.37610565778,17.3185961603,7.26242949629,6.53315183326,7.38007811074,0,3.98423525285,4.47759690648,0.0894486704255,6.69869811692,0,0,0,0,0,0,0,0,0,0.0100000038124,0,0,0,2.54600012346,1.74763087448,2.75200643487,1.66886419186,1.49020550941,1.65377984114,1.86000677434,3.71654753316,4.83373186116,1.07061958591,1.93017524879,5.517050885,1.90828884949,2.23521727388,3.04999467981,3.84998502692,2.97586343651,2.42999882171,3.17877399622,2.65824736347,0.211400763727,0.779474673048,0,0,0,1.39481201304,1.61627869669,3.12997949859,4.13375061808,4.37999744411,3.76644397047,2.04877973591,3.4774275497,2.04279682104,2.42937030407,2.25999645346
UKR,1.102319006984856,0.7699983641419925,4.519985160718988,1.1350840626999599,5.100005765059416,4.289992806027791,2.2067868605996965,2.609080020829853,4.600011093854005,3.241633547402978,4.169999383657737,3.4527210613599557,8.1600005746145,3.8531846357329456,0.1519720734551663,3.0065111165578955,0.2900003899210495,1.2800006886815192,0.5200033182170114,11.356114033557862,8.229973105369321,10.465356422022332,5.748319902517473,17.97021571704931,7.050014797277301,6.533151833257713,7.380078110742053,0,3.5600641754127946,4.153782344855327,0.09000000000000001,6.886181917678805,0,0,0,0,0,0,0,0,0,0.01,0,0,0,2.369998982656505,1.4599998758820132,2.6452837043348234,1.7699999999999998,1.0200211573874547,2.160074773711137,1.8599555206698064,3.57998095439636,4.691228945521951,1.0700017896229401,1.0900034630035786,6.9602337840935125,1.9100103527912717,1.8697283845153811,2.669998099942998,3.850008621432882,2.529999214680244,2.0899989538654675,3.4349837449028273,2.416517556229215,0.23999914659384267,0.7500091250866883,0,0,0,1.3809804903370437,0.2757555114505491,3.5600088573959257,3.1699633699633702,3.84001009445526,3.7500000000000004,1.9999557580852099,3.499917046103932,2.050058777429467,2.8500200751907143,2.259996453461849
URY,1.4658807758354246,2.13999936063906,1.3799883200311465,2.9721030141202442,5.0886532152695105,3.9100002758189527,1.9658648382700759,2.609080020829853,4.270036087944322,7.639909517297787,4.0700005500785394,2.4299978186577476,8.1600005746145,10.010157339175462,0.1519720734551663,3.0065111165578955,0.030000540550280185,4.250002503429699,0.5100146004778339,10.420078782841241,9.880018771509022,10.53711567180385,7.016063004815064,20.080300762857245,7.3700275074058395,6.533151833257713,7.380078110742053,0,2.560005120436944,7.249975666731555,0.08,6.886181917678805,0,0,0,0,0,0,0,0,0,0.01,0,0,0,2.0399990377907677,1.532001190741981,2.819521753943146,1.8099996105543166,1.4500060339945973,1.4700354380981075,1.8600051021409367,3.7000064321090886,4.691228945521951,1.2200008639060071,1.1299925679209448,6.519733675597625,1.8499990680856615,1.8498493252640786,3.280000593080236,3.287003396723068,2.9700046404509832,2.6600028611123907,3.8149189043042204,2.837410756628409,0.09999999999999999,0.7500260715403065,0,0,0,1.2978395351134149,1.1430573663849548,2.7600221213329386,2.9600337031315824,2.9300590318772133,2.339919066888836,2.199997753843735,2.74002741109428,1.7500224154935893,2.394318970025589,2.259996453461849
USA,1.102318894496298,0.7699967751077407,4.519898926089703,1.1350830362546747,5.099968907574386,4.290006421305215,1.9658648382700759,1.68954494627838,4.600107353730542,2.7100593858632678,4.169999046266572,3.3700070627010907,8.159966046762866,0.4359638182975027,0.1519720734551663,3.0065111165578955,0.2900006214802704,1.2800008413561177,0.520009573958832,13.929981935611591,8.230098185932766,7.729256890773093,6.675640528906751,17.96970526507893,7.050035681278442,6.449997338868487,7.380078110742053,0,3.5598557223630336,3.700040150381429,0.08999789429353548,8.130088909686476,0,0,0,0,0,0,0,0,0,0.01,0,0,0,2.370000848662296,1.4599991252728552,2.644988934175887,1.7699999827143036,1.0200014343086632,2.1599798816110187,1.8600416028886533,3.580005184663975,4.9900097943192945,1.0699983451927852,1.0899973995726255,6.959947283978913,1.9100067850825115,1.7931368043400626,2.669997167133887,3.8499501842026,2.529996960461353,2.0900006375646374,3.2234363985100796,2.5628254852797676,0.2400048735488138,0.7521006011765439,0,0,0,1.3800001175461072,0.2198116166860205,3.5599791175219457,3.169977625601736,3.840019615609499,3.75008926800238,2.0000242930716166,3.5000987556784517,2.050006186970241,2.394318970025589,2.259996453461849
UZB,1.1023191571494988,0.7700044601003068,4.51999104982729,1.13508634857343,5.0886532152695105,4.2901204526098065,1.9658648382700759,2.609080020829853,4.24000565051561,3.241633547402978,4.170000053904384,3.4527210613599557,8.1600005746145,3.8531846357329456,0.1519720734551663,3.0065111165578955,0.28999963753669944,1.6834274206310842,0.5200204401941819,11.356114033557862,7.897240654734316,10.95823075101179,6.8279535821240565,17.188334479633024,7.112811880270228,6.533151833257713,7.380078110742053,0,3.431798829948837,3.6999585234342596,0.09000255502427273,6.886181917678805,0,0,0,0,0,0,0,0,0,0.010000007080109508,0,0,0,2.370000210358606,1.459999495420945,2.638822637496729,1.7700338698976923,1.0199923270386633,2.1600495850693844,1.859946176272707,3.61511095595455,4.691228945521951,1.069956066238594,1.0900161030595814,6.731671455579361,1.9100009748021893,2.0909264525669697,2.669998504589486,3.8499999999999996,2.5299952198852775,2.0899765311530016,3.3291151187159347,2.877855411365758,0.24000279642058167,0.7521006011765439,0,0,0,1.381015339695632,0.2474634828805032,3.5599883843009357,3.321494180462082,3.8400353513035794,3.749900817265731,2.0563057323092617,3.46737012174609,2.041489075738801,2.394318970025589,2.259996453461849
VCT,1.102318877396804,0.7700001710269025,3.7143067981764006,1.1350835322195705,5.0886532152695105,4.290075322693035,1.9658648382700759,2.609080020829853,4.1830919983136505,2.7100162026808072,4.170011654260834,3.370001902575842,8.160008389675763,4.289997711686675,0.1519720734551663,3.0065111165578955,0.29000036784253663,1.280005688282139,0.5180755284114683,13.929798947592541,8.229797795459522,11.869119469803131,7.200091980799167,17.969534450651768,7.049910873440286,6.533151833257713,7.380078110742053,0,3.559958016268696,4.153782344855327,0.08928285179755761,6.886181917678805,0,0,0,0,0,0,0,0,0,0.01,0,0,0,2.3700126662444587,1.4599955918007494,3.4263504626230623,1.7700008153874416,1.0199965766932344,2.1600146084415925,1.8599597970709296,3.580001519606376,4.990006692114147,1.0700008490702682,1.0900208482434577,6.731671455579361,1.910020007570432,2.1139249605664236,2.6700029941400407,3.849991223450939,2.5299943060798418,2.08999993017307,3.4577421444328684,2.592886443103667,0.2297437207712135,0.7499951973873787,0,0,0,1.3799966099412702,0.26339706263923013,3.560012611257973,3.1701069555146812,3.8399992303029715,3.7499898584235933,2,3.5000165909015495,2.0499479708636836,2.394318970025589,2.259996453461849
VEN,1.465881056377902,2.1399989357013522,1.3800340674047937,2.972100070970701,5.0886532152695105,3.9099672437997195,1.9658648382700759,2.609080020829853,4.269952923641783,7.640000228847354,4.069999873197824,2.4300689805007876,8.160039177277179,7.404754185796008,0.1519720734551663,8.996950448742258,0.029999864921973145,4.249981213298837,0.5099917875718587,10.419969859945528,9.879795603860815,11.141502699994048,7.18640251711708,20.080300762857245,7.369741764759557,9.200150206533985,7.380078110742053,0,2.559958965498623,4.153782344855327,0.08000365007908504,6.886181917678805,0,0,0,0,0,0,0,0,0,0.009999999999999998,0,0,0,2.0400016961497403,1.532002123261364,2.728900378259082,1.8099983837264344,1.4499854862119013,1.4700085061449564,1.8599984805715177,3.700008988764045,4.041005398601757,1.2200014615609471,1.129996777743326,6.731671455579361,1.8499697019776347,2.9583444836638013,3.279995914798006,3.2869927882526717,2.9699982276074315,2.6599983440650656,3.21195656463739,2.898569071415672,0.1,0.7499917045492251,0,0,0,1.2988266978736502,1.1434204638347962,2.7600123466316844,2.9600112531147014,2.929998215454167,2.340029233660472,2.200034537433869,2.7399623935405373,1.7500156815188073,2.394318970025589,2.259996453461849
VNM,1.10231198484,0.726665884021,3.67809844673,1.52324661819,5.09239570239,4.26909926315,1.96586483827,2.60908002083,4.27576035972,2.22333375799,2.56332684746,1.15757370281,8.16004322954,4.32411732307,0.243990069172,2.10100214208,0.199999025976,0.999993421157,0.426021039591,8.71205034925,8.11899547938,6.90373357414,6.30474146381,8.64322987002,7.05009963111,6.50544525768,7.38007811074,0,3.47454021566,3.851270935,0.0864289556119,6.88618191768,0,0,0,0,0,0,0,0,0,0.01000000236,0,0,0,2.33437159417,1.45991012837,2.57294943029,1.770008426,1.12624723095,1.744928833,1.86001039963,3.58002057803,4.69122894552,1.07000669502,1.08999706659,6.73167145558,1.91001547985,2.42353589443,2.6700031636,3.3333166149,2.52998704779,2.13999537672,3.43871539966,2.61728055534,0.236578840944,0.751409091298,0,0,0,1.42504451114,0.365632701796,3.54664305535,3.313804997,3.83002500658,3.77669245749,2.05088578351,3.47827271242,2.04717021041,2.54621933841,2.25999645346
VUT,1.10231198484,0.726665884021,3.67809844673,1.52324661819,5.09239570239,4.26909926315,1.96586483827,2.60908002083,4.27576035972,2.22333375799,2.56332684746,1.15757370281,8.16004322954,4.32411732307,0.243990069172,2.10100214208,0.199999025976,0.999993421157,0.426021039591,8.71205034925,8.11899547938,6.90373357414,6.30474146381,8.64322987002,7.05009963111,6.50544525768,7.38007811074,0,3.47454021566,3.851270935,0.0864289556119,6.88618191768,0,0,0,0,0,0,0,0,0,0.01000000236,0,0,0,2.33437159417,1.45991012837,2.57294943029,1.770008426,1.12624723095,1.744928833,1.86001039963,3.58002057803,4.69122894552,1.07000669502,1.08999706659,6.73167145558,1.91001547985,2.42353589443,2.6700031636,3.3333166149,2.52998704779,2.13999537672,3.43871539966,2.61728055534,0.236578840944,0.751409091298,0,0,0,1.42504451114,0.365632701796,3.54664305535,3.313804997,3.83002500658,3.77669245749,2.05088578351,3.47827271242,2.04717021041,2.54621933841,2.25999645346
WSM,1.10231905627,0.732000017264,3.853697084,1.1350845722,5.09325738678,4.29000884395,2.06222914304,2.42518296906,4.19164823845,2.27200324052,2.72400075081,1.35400178191,8.15999759183,3.83680201186,0.234789544169,2.40920879905,0.208999482018,0.943979087919,0.352000413938,10.0059532722,8.22997915773,10.4291683096,6.77936533513,9.57598452754,7.05001850672,6.53315183326,7.38007811074,0,3.56000100027,3.70000413692,0.0857132502234,7.25642902347,0,0,0,0,0,0,0,0,0,0.010000001416,0,0,0,2.3700037294,1.45999938884,2.83114408365,1.76999945731,1.15574053109,1.7749913332,1.86000264956,3.57999641957,4.69122894552,1.06999654347,1.08999439722,6.91434477844,1.90999136951,2.5337435099,2.67000741175,3.54001012136,2.52999556193,2.1200009165,3.45379971011,2.55561316363,0.240002887498,0.750002195462,0,0,0,1.4922404353,0.418464356316,3.54801293516,3.33800811241,3.83199984041,3.77401364453,2.03201943191,3.4999969497,2.05000107969,2.64888429074,2.25999632507
YEM,3.423421795987339,0.7700009547287224,3.7143067981764006,2.870000369219733,5.0886532152695105,4.289955226786062,1.9752849848116978,3.431816264832926,4.060074469496897,3.241633547402978,4.169999142239297,3.370019263915644,8.1600005746145,3.8531846357329456,0.1519720734551663,3.0065111165578955,0.2899997468054173,1.279997369372924,0.5199920363672561,13.929842931937173,8.229973423366905,8.132632116410024,7.017081017897669,17.188334479633024,7.049984791645545,6.533151833257713,7.380078110742053,0,3.559975042895024,3.699921786738507,0.08999927001970946,8.129854936827329,0,0,0,0,0,0,0,0,0,0.009999999999999998,0,0,0,2.3700042797980942,1.4599956430179362,2.0370008258201215,1.7700056976292908,1.0199974924774324,2.1601239669421486,1.8600416028886533,3.5799429695971727,4.691228945521951,1.0699928780565007,1.090004723530338,6.960034762069234,1.9099994091056816,1.475281025523456,2.669996661101836,3.8499949902309503,2.5300866173349394,2.0900050359753872,3.299955393536677,2.9437133689763417,0.2297437207712135,0.7499817504927366,0,0,0,1.3799936210531438,0.9153408925531094,3.560044988646733,3.169882235028815,3.8400277008310253,3.4838555802734943,2,3.46737012174609,2.041489075738801,2.394318970025589,2.259996453461849
ZAF,1.7063493954020184,1.939400597738322,2.799981750159686,2.6548975628818736,5.100133836233119,4.289929639401935,2.4428524242872927,3.1530365584957325,4.289108549530095,3.241633547402978,5.504998912640989,4.570163222104619,8.1600005746145,3.8531846357329456,0.1519720734551663,3.0065111165578955,0.01999968992728795,2.1199931562838623,0.5200085168511984,15.5,8.229995761314933,9.9325838277428,6.508849499642915,17.40000663636062,7.27476445123504,6.533151833257713,7.380078110742053,0,4.150033181887793,4.153782344855327,0.0899990875079843,6.886181917678805,0,0,0,0,0,0,0,0,0,0.009999999999999998,0,0,0,2.5460002554387158,1.8339987446937314,2.796932190862712,1.6599980690370084,1.5575291099269784,1.640011680821551,1.859996075267645,3.7249979254520627,4.691228945521951,1.0700004822298308,2.052002436424547,4.099951869083909,1.9100239703639137,1.9921717441756133,3.05000264327571,3.850017343045439,3.0100030660738923,2.4299994709204658,3.1995463015474357,2.657072881929851,0.19000026722963043,0.9300024332873712,0,0,0,1.3800021487257492,1.5299997525623543,3.1299550123079536,4.829909284951974,4.380009683145946,3.7898912957232405,2.0399849291197665,3.4999792614304077,2.050007053180985,2.394318970025589,2.259996453461849
ZMB,1.70635030608,1.93940135521,3.19184323569,2.84363336363,5.09028578162,4.27204535315,2.34066012821,3.03647887096,4.2332259817,2.78594699254,5.50499392388,4.57021643122,8.16001124399,4.90562607832,0.220984779114,2.36654441402,0.0199998936792,2.11999510118,0.519035754297,14.9080241066,8.13494598052,12.0619408963,6.73687739321,17.3545970135,7.27487901477,6.51531388597,7.38007811074,0,3.99607857028,4.45447567276,0.0895907007353,6.5670159437,0,0,0,0,0,0,0,0,0,0.0100000010114,0,0,0,2.54600058522,1.80726741516,2.87677902935,1.65998729336,1.46375094596,1.64639204941,1.86000323016,3.71714883684,4.84562692959,1.06999735194,2.05199073631,4.85189487174,1.90999506948,2.24095570937,3.05000780323,3.85000877727,2.97829696406,2.42999410267,3.20352940765,2.6126204838,0.207033399255,0.904581301379,0,0,0,1.39624761848,1.58748905237,3.13000690054,4.72225750935,4.38001596437,3.79001181176,2.04231894579,3.4836989961,2.04513341018,2.39431897003,2.25999645346
ZWE,1.706349460276832,1.9394056430802664,2.800083428928981,2.6548975977883753,5.0886532152695105,4.289885753914662,2.442868881133104,3.153043771530438,4.230003923204822,2.7099983946845017,5.505019920318725,4.570176709154113,8.1600005746145,2.649945366047482,0.1519720734551663,3.0065111165578955,0.01999991079433187,2.1200197970799306,0.5180755284114683,15.49995179262565,8.230057762500444,11.527766258900852,7.745668502940898,17.400352840978222,7.274887228401226,6.449858670271599,7.380078110742053,0,4.149856110058258,4.153782344855327,0.08928285179755761,6.886181917678805,0,0,0,0,0,0,0,0,0,0.01,0,0,0,2.5459958337510717,1.833994909129746,2.6981581759557214,1.6599931684942106,1.557478232117271,1.6399341811862764,1.8599984805715177,3.725008056142361,4.691228945521951,1.0700138293134567,2.052035721819844,6.731671455579361,1.9100200832018364,1.6270428921131244,3.05001176549684,3.8500857314982153,3.0100024495794893,2.4300003440209164,3.1596661802287325,2.5858706310323543,0.1900009953219867,0.9299923349271819,0,0,0,1.3799963413518705,1.5300500786643807,3.130013238844327,4.829987513207185,4.380202474690663,3.790054883290352,2.0563057323092617,3.46737012174609,2.049989420228523,2.394318970025589,2.259996453461849
