ISO3,wheat,rice,barley,maize,rye,oats,millet,sorghum,othr_grains,cassava,potato,sweet_potato,yams,othr_roots,sugar_cane,sugar_non,raw_sugar,sweeteners,honey,beans,peas,othr_pulse,nuts,soyabeans,groundnut,seed_sunflower,seed_rape,seed_cotton,coconuts,seed_sesame,preserved_olives,seed_oilcrop,oil_soyabeans,oil_groundnut,oil_sunflower,oil_rape,oil_cotton,oil_palmkernel,oil_palm,oil_coconut,oil_sesame,oil_olive,oil_ricebran,oil_maize,oil_oilcrop,tomato,onion,othr_vegetables,orange,lemon,grapefruit,citrus,banana,plantains,apple,pineapple,dates,grapes,othr_fruits,beef,lamb,pork,poultry,othr_meat,offals,butter,cream,fat_ani,oil_fish_body,oil_fish_liver,eggs,milk,fish_freshw,fish_demrs,fish_pelag,fish_marine,crustaceans,cephalopods,othr_molluscs,fish_aquatic,fish_aquaticplant
AGO,0.10601423537504738,0.06852162387412264,0.0997308319221769,0.08605426739023186,0.10339972429540954,0.14850166076577728,0.07800413038191936,0.10246665718044737,0.10731241785591601,0.01150006514599442,0.0188,0.014766166615154652,0.019128473818222448,0.025429879868231666,5.072524647831915e-4,0.005860362947758664,1.2427853013673536e-4,4.004003390206e-4,0.00399993596516505,0.22129907842465063,0.21508650792794234,0.2137444541732851,0.1759810593241119,0.31970051474029015,0.21699527456411932,0.19951646743815407,0.20278451188119193,0,0.036000255248548274,0.18200068133151645,0.008656405041611992,0.28306513308253184,0,0,0,0,0,0,0,0,0,0,0,0,0,0.010149894546550168,0.011072695934299909,0.02020221076573699,0.009000030552076014,0.00783912750810421,0.007125732721494391,0.01880017135701575,0.01399953358208955,0.011976721918301804,0.0029999999999999996,0.004359988391596696,0.022470558423878417,0.005999874859216619,0.009514636234726022,0.18400514269158338,0.16449706657597143,0.16799808796795898,0.19499913505870317,0.30399735165108005,0.17387850408521735,0.008000221092195446,0.020374820037509758,0,0,0,0.12887519405372347,0.034006381918339657,0.1722044174967518,0.1980081150866839,0.19397009761522302,0.20800708243163488,0.17900135051282987,0.155802378099364,0.11226655840873212,0.13357950361885582,0.028999945025046995
ALB,0.10366374419871474,0.065,0.09909891413450132,0.060470894173164626,0.10339943342776205,0.16890170456619338,0.09980947549822568,0.10246665718044737,0.10731241785591601,0.011022216288330992,0.01890008857483584,0.015700209444021323,0.019128473818222448,0.025429879868231666,5.072524647831915e-4,0.005860362947758664,1.2427853013673536e-4,4.004003390206e-4,0.0030000396746677244,0.21600171764651754,0.21508650792794234,0.2466808734201471,0.09913066195831809,0.36490491659670765,0.25800135572009597,0.19951646743815407,0.20278451188119193,0,0.033299017313991576,0.19238403967287468,0.00839992518875075,0.28306513308253184,0,0,0,0,0,0,0,0,0,0,0,0,0,0.008800155347626274,0.01099998049627235,0.012849002407309264,0.008500001786690584,0.006999999999999999,0.007599886169607286,0.01880005814376045,0.010899921620395199,0.011976721918301804,0.0025999908328367786,0.00539994751657999,0.024499994520487896,0.007199981723735353,0.008197890979462415,0.17319882153379162,0.1688022916513645,0.13910199899930906,0.18599881578608635,0.2324402743921733,0.16400294215442282,0.00850012363559292,0.020500045624600782,0,0,0,0.12559944254912306,0.03396509468853698,0.193105653055825,0.18309792621285842,0.19400190710979837,0.18441192029624404,0.18060212455318936,0.15579520316684134,0.12060013753702918,0.13357950361885582,0.028999945025046995
ARE,0.12977614670330098,0.06500024706357672,0.0997308319221769,0.0942,0.10339972429540954,0.16008805769903067,0.09980947549822568,0.10246665718044737,0.10731241785591601,0.013599926263397679,0.018900016535056557,0.0157001636057792,0.019128473818222448,0.0200004816955684,5.072524647831915e-4,0.005860362947758664,1.2427853013673536e-4,4.004003390206e-4,0.0029999668181969006,0.2159979862133065,0.2382,0.23306948943827346,0.1907055234643347,0.3648917187119799,0.25799635001440785,0.19951646743815407,0.20278451188119193,0,0.033300350188235836,0.20450170334721246,0.008400358606557376,0.28306513308253184,0,0,0,0,0,0,0,0,0,0,0,0,0,0.008800073915185948,0.01099993485059069,0.02183396010935493,0.008499852980813995,0.006999989364304479,0.007600015651901706,0.01879990406209799,0.010900174436215883,0.011976721918301804,0.0026000090123581964,0.005399999999999999,0.024499820938283394,0.0072000399696896525,0.010425512941004392,0.173197599710568,0.16880159582630044,0.13973014445587123,0.1859996669578351,0.2787475834035592,0.1642249220772837,0.008500149031296573,0.020500045624600786,0,0,0,0.12611414083227865,0.03923841859962521,0.19310095719703813,0.18310068405991822,0.19400092411951947,0.18440115754426362,0.18059878026242837,0.1558013494082513,0.12059930920745558,0.13357950361885582,0.028999945025046995
ARG,0.11496191709347006,0.07800049538960523,0.0997308319221769,0.08740250293586664,0.10339972429540954,0.1330015116321941,0.09980947549822568,0.10246665718044737,0.10731241785591601,0.011000066171118513,0.020999425555788195,0.013999735006250399,0.019128473818222448,0.025429879868231666,5.072524647831915e-4,0.005860362947758664,1.2427853013673536e-4,0.0029999999999999996,0.009999999999999998,0.21300644847305028,0.21508650792794234,0.22970689529149235,0.16917143660520859,0.34793416971916524,0.24399457024752158,0.19951646743815407,0.20278451188119193,0,0.033999429686985896,0.2239999026669262,0.01200021900208052,0.28306513308253184,0,0,0,0,0,0,0,0,0,0,0,0,0,0.010000017669124442,0.00899997738699149,0.014201910230038306,0.007999900467801333,0.007000010149502167,0.006000074451848267,0.01469619802650542,0.012199869642574029,0.011976721918301804,0.003000129800827841,0.004000073030015336,0.022470558423878417,0.005,0.0065186943323623375,0.20199988048522996,0.1900014829094684,0.19500247465069354,0.1800001957055675,0.2775049758087721,0.15515283128812485,0.011999999999999999,0.02400048667721134,0,0,0,0.12500082482662145,0.032800012975982965,0.18200448675195538,0.18300013787398317,0.19399563318777294,0.18900232754972493,0.17400044923629832,0.16399834093737037,0.14200516405315194,0.13357950361885582,0.028999945025046995
ARM,0.12977616773820905,0.0649990580699854,0.0997308319221769,0.09420016546622542,0.10339903275846335,0.1689044738763166,0.09980947549822568,0.10246665718044737,0.1330007112192938,0.011022216288330992,0.018899488333880315,0.01372952932052424,0.019128473818222448,0.025429879868231666,5.072524647831915e-4,0.005860362947758664,1.2427853013673536e-4,4.004003390206e-4,0.003,0.22231167853851735,0.21508650792794234,0.2137444541732851,0.22165210582344766,0.34793416971916524,0.25799253421816676,0.19951646743815407,0.20278451188119193,0,0.033299797223522075,0.2044967880085653,0.008399957884392658,0.28306513308253184,0,0,0,0,0,0,0,0,0,0,0,0,0,0.008800209031986405,0.010999929015924096,0.015539529501134618,0.008499985305498682,0.00700005328502158,0.0076000096656880164,0.018800523307856504,0.010900087387124962,0.011976721918301804,0.002599934738152036,0.00540009358914366,0.024500300822247474,0.007199903392048774,0.0089315492752768191,0.17319830198427658,0.16880628786638283,0.1391027156731384,0.18599842146803472,0.2324402743921733,0.16389045627006515,0.008500152547543985,0.02050005475052013,0,0,0,0.1257252722328775,0.03342486937887307,0.19309722425484172,0.18309480357314378,0.19399959762599336,0.1843973165981389,0.1806023973252741,0.1538734990398524,0.1206001375370292,0.13357950361885582,0.028999945025046995
ATG,0.11496205528093016,0.07800108224735211,0.0997308319221769,0.08740277457876365,0.10339972429540954,0.13300426240752536,0.09980947549822568,0.10246665718044737,0.10731241785591601,0.011000197511356904,0.020999967117161553,0.014000071150322844,0.0179997408151364,0.025429879868231666,5.072524647831915e-4,0.005860362947758664,1.2427853013673536e-4,0.002999955918007494,0.01,0.21299964265659296,0.22000105797714767,0.2137444541732851,0.15487212330152822,0.34100939045027706,0.24400196121159295,0.19951646743815407,0.20278451188119193,0,0.034,0.19238403967287468,0.011999999999999999,0.28306513308253184,0,0,0,0,0,0,0,0,0,0,0,0,0,0.010000062763213226,0.009000104909198328,0.018369099406546747,0.007999952217696176,0.006999942827739981,0.0059998945907485815,0.0059999515468662935,0.012199949079181873,0.012,0.0029999853766250226,0.004000020865500981,0.01900011460004584,0.0049999396696308995,0.010966485024841275,0.20199777460509402,0.18999512207645505,0.19500002288947585,0.1799998629363153,0.2324402743921733,0.16325916542344632,0.009024013572242967,0.023999756668795814,0,0,0,0.12906336838040328,0.0328091806765369,0.18200235411290688,0.18299998886996785,0.19400040502492208,0.1890006845511024,0.17399854001277487,0.163999643207564,0.14200154849022203,0.13357950361885582,0.028999945025046995
AUS,0.10366343827103874,0.06499969695541204,0.0997308319221769,0.06047006174684647,0.10340291243678947,0.16890380313199102,0.09980947549822568,0.10246665718044737,0.10731241785591601,0.01360003950227138,0.01889982554007194,0.015699892275521196,0.019128473818222448,0.01590606065836944,5.072524647831915e-4,0.005860362947758664,1.2427853013673536e-4,4.004003390206e-4,0.003,0.21599902667518323,0.23819445500585523,0.3274257963178086,0.18636341612327229,0.3648953301127214,0.2579990223236109,0.19951646743815407,0.20278451188119193,0,0.03329867091281318,0.19238403967287468,0.008399913021868788,0.28306513308253184,0,0,0,0,0,0,0,0,0,0,0,0,0,0.008800049058607283,0.011000049927604972,0.01853291670610064,0.008499884456084425,0.006999999999999999,0.007599944905478461,0.01879971219256934,0.010900040133214108,0.011976721918301804,0.0025999976932481374,0.005399995491738611,0.02450035269221726,0.007200109279504365,0.009647750252603216,0.17320032242504252,0.16880110456127587,0.13910053316991722,0.18600016840214434,0.213899188564673,0.16311072460111115,0.008500048671274215,0.020500045624600786,0,0,0,0.12560178358152427,0.03150513369663431,0.19310358316382412,0.1830956326883126,0.19400538216462,0.18439836734693876,0.1806002882386114,0.15579978998949948,0.12060083715104973,0.16400218998083765,0.028999945025046995
AUT,0.10366365608128011,0.06499970244589474,0.09910118169513178,0.06047175614317664,0.10340041837986007,0.16890036096714997,0.09980947549822568,0.10246665718044737,0.10731241785591601,0.011022216288330992,0.01889986602056021,0.015700091250126735,0.019128473818222448,0.025429879868231666,5.072524647831915e-4,0.005860362947758664,1.2427853013673536e-4,4.004003390206e-4,0.003,0.21600230525405822,0.2381921254950687,0.25781477666662295,0.16953850578658589,0.3648957288309249,0.2579987536722158,0.2077948858949684,0.20278451188119193,0,0.03330108138873079,0.20449791529206968,0.008400164507505655,0.17989491831540924,0,0,0,0,0,0,0,0,0,0,0,0,0,0.00880002640977657,0.011000074612675971,0.016271934611998374,0.008499952297229151,0.006999916742985597,0.0076,0.01879958137100994,0.01090002766627675,0.011976721918301804,0.002600015736374477,0.005400044930838602,0.02450005730002292,0.007199898242470496,0.007141796215754078,0.17320057617202003,0.16880049210580275,0.13909999124323158,0.18599972415612762,0.23910194226857162,0.16315866703887696,0.00849964938777712,0.02050011125155634,0,0,0,0.1257847071156176,0.03204804892523321,0.19310044618565675,0.18310249307479226,0.19399534423929332,0.18440100638668472,0.18059990266715728,0.15579635006221482,0.12059950935295922,0.16400041714464492,0.028999945025046995
AZE,0.12977606105806103,0.06500050694514854,0.09910209146986895,0.0942001392762438,0.10339935760171307,0.16890170456619338,0.09980947549822568,0.10246665718044737,0.13295487550959706,0.011022216288330992,0.018899794536606063,0.01372952932052424,0.019128473818222448,0.025429879868231666,5.072524647831915e-4,0.005860362947758664,1.2427853013673536e-4,4.004003390206e-4,0.0030000146000321195,0.22231167853851735,0.21508650792794234,0.2137444541732851,0.18273257077538482,0.34793416971916524,0.2580039628741266,0.19951646743815407,0.20278451188119193,0,0.033298940127746195,0.19238403967287468,0.008399708005515451,0.28306513308253184,0,0,0,0,0,0,0,0,0,0,0,0,0,0.008799847167763363,0.01099990925236916,0.011132338382329288,0.008499969255364939,0.007000047154241525,0.00760025580480126,0.01879950524488,0.010900002272159233,0.011976721918301804,0.002600005603535831,0.005400066797080014,0.024500300822247474,0.007199885710946099,0.0072728264323636115,0.17320204929573985,0.16880133808383646,0.13910057852729568,0.18600058771672054,0.2324402743921733,0.1625476896300419,0.008500094357425929,0.020500669181165592,0,0,0,0.12562839166158923,0.032411566928187426,0.19310308239163881,0.18310253742095572,0.19399917514434972,0.18440346589646744,0.18060006570062415,0.1538734990398524,0.11226655840873212,0.13357950361885582,0.028999945025046995
BEL,0.10366359030387896,0.0650001943785717,0.0990979247053916,0.06047011826587629,0.10339929639401935,0.16890177133655396,0.09980947549822568,0.10246665718044737,0.10731241785591601,0.011022216288330992,0.018900147856267903,0.01372952932052424,0.019128473818222448,0.025429879868231666,5.072524647831915e-4,0.005860362947758664,1.2427853013673536e-4,4.004003390206e-4,0.0030000579374275783,0.21600155732918044,0.23819790281171704,0.26139841916733253,0.16837293178792684,0.36491057306241637,0.25799583288975414,0.19951646743815407,0.26080227762163743,0,0.03330138831330294,0.19238403967287468,0.008400250286786943,0.28306513308253184,0,0,0,0,0,0,0,0,0,0,0,0,0,0.008800025096785288,0.010999932619095747,0.016284871248370032,0.008500251181842772,0.006999924240511123,0.007600012243273851,0.018800188390439183,0.01089974673247925,0.013000046408019307,0.0025999147632734796,0.005399820305480683,0.024499811249528103,0.0071999227061437885,0.008308651844351483,0.17319972257431898,0.1688022890554536,0.13909983935624834,0.18600066302338666,0.27091310129717516,0.16662853362543437,0.008500134156157768,0.020500143561182627,0,0,0,0.12561660444205403,0.031633682887766,0.19310725976731333,0.18310418188168798,0.19400693868778976,0.1843953745848198,0.18059695045570387,0.15579847733515217,0.12060000243211363,0.16399892933618843,0.028999945025046995
BEN,0.10601699197282952,0.06852083764836271,0.0997308319221769,0.09044116981097898,0.10339972429540954,0.14850166076577728,0.07800493351448873,0.10410904146281466,0.10731241785591601,0.011500090493726384,0.0187999795087216,0.014766647183130253,0.019190039220980677,0.01701385814221199,5.072524647831915e-4,0.005860362947758664,1.2427853013673536e-4,4.004003390206e-4,0.003357359545743184,0.2212988128341686,0.21508650792794234,0.32298539259737596,0.17560861546690726,0.34793416971916524,0.21700115677047652,0.19951646743815407,0.20278451188119193,0,0.03599991225953629,0.18200035784576848,0.008399854001277489,0.2746648682870434,0,0,0,0,0,0,0,0,0,0,0,0,0,0.010150021012715137,0.01107288712422008,0.019628444581806292,0.009000152765047358,0.004,0.007000103302227884,0.01469619802650542,0.014,0.011976721918301804,0.0030000894614421185,0.004360020884802486,0.01499984573138749,0.00600003503977014,0.014007360259610907,0.18399805052392168,0.16450048496605238,0.16800302571860815,0.19500261534117472,0.3036902709871982,0.176556476416566,0.009024013572242967,0.02100010950104026,0,0,0,0.1259984338292874,0.034103805361031476,0.1721959437568846,0.19800689525051027,0.19397050253283724,0.20800544695114767,0.17899776709034695,0.1538734990398524,0.11226655840873212,0.13357950361885582,0.028999945025046995
BFA,0.1060163367079309,0.06852125126538061,0.0997308319221769,0.09044133767014294,0.10339972429540954,0.16008805769903067,0.07800474118201631,0.10410963050195494,0.0960039355180504,0.01150036894318275,0.018799883200311462,0.014766374379989835,0.019190352622540305,0.025429879868231666,5.072524647831915e-4,0.005860362947758664,1.2427853013673536e-4,4.004003390206e-4,0.003357359545743184,0.22231167853851735,0.22300251852392597,0.21518139002909695,0.10362523568492867,0.3197101294826024,0.2169991553714355,0.19951646743815407,0.20278451188119193,0,0.035999157717414194,0.18200281883560404,0.008400189801803116,0.28306513308253184,0,0,0,0,0,0,0,0,0,0,0,0,0,0.010149662347143639,0.010660046528382611,0.01806705214710715,0.008999896218908916,0.004000084846427965,0.007000021931267408,0.01469619802650542,0.014000181620050855,0.011999964235260457,0.003,0.0043597899326198964,0.014999680674415634,0.006000027896726319,0.005683234245062754,0.1840006543699644,0.16450041747843028,0.16799642579194649,0.19499904104334484,0.2991177348580145,0.17873857006880306,0.008,0.020374820037509758,0,0,0,0.12599996905318211,0.039672221492880785,0.17220433900696708,0.1857299706772218,0.19397144711226477,0.20800249752848746,0.17900135051282987,0.1538734990398524,0.11226655840873212,0.13357950361885582,0.028999945025046995
BGD,0.12977589266653872,0.06900005603348476,0.0997308319221769,0.09420066509854813,0.10339972429540954,0.16008805769903067,0.10996378488095897,0.10246665718044737,0.10731241785591601,0.007999768257002982,0.022000178087593657,0.0059998261927522376,0.019128473818222448,0.025429879868231666,5.072524647831915e-4,0.005860362947758664,1.2427853013673536e-4,4.000156992032655e-4,0.003357359545743184,0.21300126532995914,0.2510056115608084,0.254325612890073,0.09344107833313264,0.34599327427821525,0.25799347868405687,0.19951646743815407,0.20278451188119193,0,0.033299406871863266,0.19238403967287468,0.008656405041611992,0.28306513308253184,0,0,0,0,0,0,0,0,0,0,0,0,0,0.008799873337555416,0.010999940650470838,0.021702747628683867,0.008499809896257673,0.007000062688064193,0.006299929270744147,0.018799549962060753,0.010899929919528286,0.011976721918301804,0.0025999573105656352,0.005399889042995839,0.022470558423878417,0.007200039561433255,0.01520185937025466,0.17319633572666504,0.16879899655064284,0.13973014445587123,0.18600316877918613,0.20773172893836198,0.16204742154347773,0.008499906384572178,0.020374820037509758,0,0,0,0.1289709690609241,0.0346881898699724,0.19260161814112595,0.18309792621285842,0.19400290385707972,0.18479491329969,0.18060321699090306,0.1538734990398524,0.11226655840873212,0.13357950361885582,0.028999945025046995
BGR,0.10366342673396697,0.06499941642704808,0.099101111353236,0.06046972185743663,0.10339762076423938,0.16890012861959885,0.09980947549822568,0.10246665718044737,0.10731241785591601,0.011022216288330992,0.01889963582253201,0.015700064522075768,0.019128473818222448,0.025429879868231666,5.072524647831915e-4,0.005860362947758664,1.2427853013673536e-4,4.004003390206e-4,0.003,0.2159975073444316,0.23820002085723224,0.2371373255230351,0.1491216171705643,0.3648964321562186,0.25799947857825667,0.20779781727059907,0.20278451188119193,0,0.033299699488911795,0.20449858563737566,0.008400144303206503,0.28306513308253184,0,0,0,0,0,0,0,0,0,0,0,0,0,0.0088000193300809,0.011000098478947886,0.01280531140983319,0.008499870739292904,0.007000129962960557,0.007600066780750448,0.018799548665620096,0.010899907476224421,0.01300002712747199,0.0026000239737886577,0.005399953397024067,0.024499632328364194,0.0071999965511889774,0.010540805553438122,0.1732029453035717,0.16880076095704982,0.1390990831484004,0.18600049535536303,0.20521109362631196,0.16720538267329255,0.00850007313149042,0.020499717954673657,0,0,0,0.12572201745442857,0.0344941606983266,0.19310140894068534,0.1831032357031239,0.19400111669458403,0.18439260493533285,0.18060151839595093,0.155802378099364,0.12059951509808242,0.1640033580319013,0.028999945025046995
BHS,0.10366358775152167,0.06499975793455934,0.09910031056894951,0.06047060069208815,0.10340179092855752,0.16889621811785402,0.09980947549822568,0.10246665718044737,0.10731241785591601,0.013599565476036522,0.018900806470565905,0.015699944116238224,0.019128473818222448,0.025429879868231666,5.072524647831915e-4,0.005860362947758664,1.2427853013673536e-4,4.004003390206e-4,0.003000052143080613,0.21600646242221158,0.23819836480436055,0.2137444541732851,0.15487212330152822,0.3648964321562186,0.25799627560521415,0.20779317336938152,0.20278451188119193,0,0.03330030559350849,0.19238403967287468,0.008399945250479058,0.1799017313991577,0,0,0,0,0,0,0,0,0,0,0,0,0,0.008799979322195037,0.010999603734114806,0.016748071178566623,0.008500236273199005,0.006999966644985907,0.007600026044210047,0.01469619802650542,0.010899953505867841,0.01299992200904695,0.002599993658242699,0.005399943867527364,0.024499438472645595,0.0071999484705781314,0.008990936182054701,0.17320094415075202,0.1688014771102221,0.13909923254715173,0.18599985940895106,0.2324402743921733,0.16532300564999447,0.008500169930197903,0.020499444892248263,0,0,0,0.1263127484391468,0.033677842709123655,0.19309119621002763,0.183099217145078,0.19400153806716228,0.1844032075234057,0.18060532472532353,0.15580134940825127,0.12060179568066003,0.16399892933618843,0.028999945025046995
BIH,0.10366386169691985,0.06500048026126212,0.09909929914648533,0.0604705190706988,0.10340196190258925,0.16890186672228594,0.09980947549822568,0.10246665718044737,0.13061409295118245,0.011022216288330992,0.018899687124352988,0.015700091250126735,0.019128473818222448,0.025429879868231666,5.072524647831915e-4,0.005860362947758664,1.2427853013673536e-4,4.004003390206e-4,0.0029999575587810884,0.21599691895629644,0.2382064191315293,0.21271421612796002,0.21643835554362872,0.3649037208089687,0.25799041007657625,0.19951646743815407,0.20278451188119193,0,0.03330057697977061,0.19238403967287468,0.008399989571383878,0.17989705194197472,0,0,0,0,0,0,0,0,0,0,0,0,0,0.008800008892266153,0.011000022561504272,0.013954626719255079,0.008500019997955764,0.007000120554550934,0.0075999540880743646,0.01469619802650542,0.01089990729196637,0.011976721918301804,0.002599971181154334,0.005399997137254341,0.024499632328364194,0.007200290575524709,0.007362059896479006,0.173197223026524,0.16879785090664876,0.13910045187729844,0.18599868278038395,0.2324402743921733,0.16361547759416495,0.00850008454991263,0.020500579374275782,0,0,0,0.1255957027836361,0.03226085064457332,0.1931041727948901,0.1831032357031239,0.19399849113542061,0.1843976501106279,0.1805971238776553,0.15580191050779285,0.12059763953543048,0.13357950361885582,0.028999945025046995
BLR,0.10366351440847879,0.06500012542959636,0.09910004693999773,0.060470590415821035,0.1034004101019829,0.1689014862458665,0.09980947549822568,0.10246665718044737,0.1307203148329132,0.011022216288330992,0.01889994366931365,0.01372952932052424,0.019128473818222448,0.025429879868231666,5.072524647831915e-4,0.005860362947758664,1.2427853013673536e-4,4.004003390206e-4,0.003,0.22231167853851735,0.21508650792794234,0.2137444541732851,0.21178139728194773,0.3649031044214487,0.25799487458258913,0.19951646743815407,0.20278451188119193,0,0.03329940776486071,0.19238403967287468,0.008400073000471462,0.28306513308253184,0,0,0,0,0,0,0,0,0,0,0,0,0,0.008799871124168588,0.011000025246787346,0.015492090882447674,0.008500167546009449,0.006999999999999999,0.007600093381580484,0.018799549962060753,0.010899961428256558,0.013000056154537285,0.002600087220304272,0.0054001558956916105,0.02450013035717867,0.00719994581414251,0.006568893177850089,0.17319983783116813,0.16880397691367907,0.13909941601367576,0.18600044224487144,0.2099885024432308,0.1645790596163504,0.008500040430177084,0.020500412104085715,0,0,0,0.12575965827049776,0.03150983783058707,0.19309708245855353,0.18310413931310895,0.19400340176417075,0.18439673278879812,0.1805985886933247,0.1558013494082513,0.12059881506559457,0.13357950361885582,0.028999945025046995
BLZ,0.11496185041455506,0.07799994255734692,0.0997308319221769,0.08299963687815383,0.10339972429540954,0.13300258690952904,0.09980947549822568,0.09299979142767756,0.10731241785591601,0.010999826192752237,0.020999877311105575,0.01399972348956173,0.017999678028362776,0.025429879868231666,5.072524647831915e-4,0.005860362947758664,1.2427853013673536e-4,0.0029999693279759527,0.01,0.21300156546098706,0.21999614098276307,0.2137444541732851,0.1808768577987034,0.34099842767295596,0.2439944304002812,0.16959783710713078,0.20278451188119193,0,0.034000089417445346,0.22400262802496623,0.012000219002080521,0.28306513308253184,0,0,0,0,0,0,0,0,0,0,0,0,0,0.010000168013575497,0.008999971108564384,0.01447702694148692,0.008000191268940682,0.00783912750810421,0.005999965053497271,0.01469619802650542,0.01220036983910271,0.01200021717042449,0.003000081930277334,0.004,0.018999679127226055,0.004999999999999999,0.009233300064266063,0.20199865121697014,0.19000417072153483,0.19499911613291918,0.18000074809620514,0.2324402743921733,0.16325916542344632,0.009024013572242967,0.024000425836083528,0,0,0,0.12499927889468979,0.03280390080441465,0.18200158451700527,0.1830017152658662,0.19400391770603923,0.18900418555981863,0.17399519065613192,0.16399778788251199,0.14200046812826714,0.13357950361885582,0.028999945025046995
BOL,0.11496230665878798,0.07799944853094772,0.09699967149687923,0.08740301475821657,0.11400153301456363,0.13300094073377233,0.09980947549822568,0.10246665718044737,0.1177327483354501,0.010999982418112359,0.020999672605968012,0.014000126736688687,0.019128473818222448,0.012,5.072524647831915e-4,0.005860362947758664,1.2427853013673536e-4,0.0030000579374275783,0.01,0.21299799194559393,0.21999847920310245,0.23105237256886205,0.07317667192614354,0.34100448954265067,0.2439944304002812,0.19951646743815407,0.20278451188119193,0,0.034000382872822414,0.19238403967287468,0.011999951333463111,0.28306513308253184,0,0,0,0,0,0,0,0,0,0,0,0,0,0.009999931926943997,0.009000085389804456,0.04593442202010213,0.008000054903683254,0.007000117757889779,0.006000229568411387,0.005999901883830455,0.0122002200220022,0.011999901248311122,0.0030000363728949187,0.0040000739727040725,0.022470558423878417,0.005,0.008416867110967202,0.202000793294709,0.19000286376298456,0.19500080980402743,0.1799997158646948,0.1991203451217295,0.1560690275734547,0.009024013572242967,0.023999902666926223,0,0,0,0.12500429295441437,0.036091538632564216,0.18199488239346517,0.1857299706772218,0.1939976461357395,0.18900136938966175,0.1713346078781201,0.1538734990398524,0.1420016927634363,0.13357950361885582,0.028999945025046995
BRA,0.11496160861125572,0.07799955122931114,0.0997308319221769,0.08740241986200371,0.11399945250479057,0.13300019553740197,0.09980947549822568,0.10246665718044737,0.13126581740718937,0.010999666371339785,0.021000124072306302,0.014000087404947122,0.017999414605590514,0.025429879868231666,5.072524647831915e-4,0.003499947210449315,1.2427853013673536e-4,0.003,0.01,0.21299978856704094,0.21999535454756608,0.22540916854169765,0.19572612596870262,0.3410034568664182,0.24400716750730025,0.1696001892595221,0.20278451188119193,0,0.034000176258041775,0.2239985400127749,0.011999689368641764,0.28306513308253184,0,0,0,0,0,0,0,0,0,0,0,0,0,0.009999939861742144,0.009000066736369095,0.01384735184282235,0.007999979824354192,0.007000064981480278,0.005999870873326733,0.01469619802650542,0.012200071931356934,0.011976721918301804,0.003000014509997388,0.003999985027474584,0.022470558423878417,0.005000048131997189,0.007964119711140433,0.20199926514566097,0.18999845535990115,0.1950004107001068,0.1800002549037101,0.21253299041258214,0.1570068445568121,0.011999999999999999,0.020374820037509758,0,0,0,0.12532736027823851,0.03280108664489041,0.18200247663178076,0.18299879319262125,0.19400051553035183,0.18900321292454184,0.17399802194696934,0.16400060833137467,0.1419984408931455,0.13357950361885582,0.028999945025046995
BRB,0.10366380109654416,0.06499904121454973,0.09910209146986895,0.06046915894518696,0.10340183231740702,0.1689031044214487,0.09980947549822568,0.10246665718044737,0.13300024981264053,0.013599795520623662,0.01890003791657929,0.01570002503442233,0.015300165055411461,0.025429879868231666,5.072524647831915e-4,0.005860362947758664,1.2427853013673536e-4,4.004003390206e-4,0.002999966818196901,0.21600175201664415,0.2381926308171549,0.24264329244421542,0.1550568383900313,0.3649049165967077,0.25799319131014636,0.2077897938492734,0.26080227762163743,0,0.03330044874369227,0.20449994785691936,0.008399945250479058,0.28306513308253184,0,0,0,0,0,0,0,0,0,0,0,0,0,0.008800212039109434,0.010999927212480633,0.019073593150408817,0.008500051123001943,0.0069998890901696925,0.007600009241396837,0.018799934645862267,0.010899775923919332,0.012999967655335253,0.0025999812021241598,0.005400028748023573,0.0245,0.0072001983389116155,0.009490581092410409,0.17319737046430975,0.16880148091090932,0.13910090945257061,0.18599999538593218,0.2324402743921733,0.1672303031482057,0.009024013572242967,0.020499936796865122,0,0,0,0.1256026302138956,0.03206826862203546,0.1931001727988359,0.18309806835066864,0.19399937690544541,0.18440100004098528,0.18059654631083202,0.1558013494082513,0.12059674353252336,0.13357950361885582,0.028999945025046995
BWA,0.10601456899329988,0.06852108109553509,0.0997308319221769,0.08605439573058037,0.0820009573958832,0.14849656730685667,0.0780045810607307,0.10410925423405355,0.09650168451128523,0.011499689633767846,0.01880003723701359,0.014766868207277718,0.019128473818222448,0.035333452293760614,5.072524647831915e-4,0.005860362947758664,1.2427853013673536e-4,4.004003390206e-4,0.004,0.22130563999412384,0.22299479879551054,0.320309892416926,0.1522510409900649,0.3196915776986951,0.21699972625239528,0.19951646743815407,0.20278451188119193,0,0.03599915771741419,0.19238403967287468,0.008399883203153515,0.28306513308253184,0,0,0,0,0,0,0,0,0,0,0,0,0,0.010149704132036348,0.011072391301311508,0.016607575361175568,0.009000103348491112,0.004000106570043161,0.007000038259938019,0.018800405140216494,0.013999929591100314,0.011976721918301804,0.0029999298754119818,0.0043599618294594775,0.015000100274752825,0.006,0.005857319655348251,0.18400256215220784,0.1645017540532853,0.1680082753432387,0.19500150826192367,0.2930700715646399,0.1754033867539994,0.007999820490957233,0.020999635003193722,0,0,0,0.12599919683764757,0.03401132083398429,0.17219442458899215,0.19799971184324275,0.19397107260489763,0.20799894203884228,0.178998083766767,0.1538734990398524,0.11226655840873212,0.13357950361885582,0.028999945025046995
CAF,0.10601466831012188,0.0685200451232211,0.0997308319221769,0.08605410923940786,0.10339972429540954,0.16008805769903067,0.07800414611480448,0.10410810263079007,0.10731241785591601,0.011499965525150457,0.01880016471997604,0.01372952932052424,0.01919014334469653,0.01701393985042442,5.072524647831915e-4,0.005860362947758664,1.2427853013673536e-4,4.004003390206e-4,0.004000062751004016,0.22231167853851735,0.22299469887894324,0.3230001295312818,0.15487212330152822,0.34793416971916524,0.24399457024752158,0.19951646743815407,0.20278451188119193,0,0.038581393264299296,0.18200218999900453,0.008656405041611992,0.2746647225377664,0,0,0,0,0,0,0,0,0,0,0,0,0,0.010150177095631641,0.010660046528382611,0.010028341140368754,0.008999767219720503,0.004000098677718571,0.006999863630165008,0.01469619802650542,0.014000072535712504,0.012000029671829565,0.002242413617012231,0.004360089811956217,0.022470558423878417,0.006150558804913938,0.009435764607443895,0.18400124594823472,0.16450382678663372,0.16799552585539335,0.19500500333555704,0.2461379396775002,0.17456390868494195,0.009024013572242967,0.020374820037509758,0,0,0,0.12655121475255243,0.034000570212370955,0.17219712701505,0.1857299706772218,0.19396975751244894,0.20799610668528687,0.1713346078781201,0.1538734990398524,0.11226655840873212,0.13357950361885582,0.028999945025046995
CAN,0.10366384059107395,0.06499930672402744,0.0990996628080787,0.06047080189997206,0.10339972885598081,0.16890186672228594,0.09980947549822568,0.10246665718044737,0.13299736336900914,0.013600034761953043,0.018899700250195144,0.015699706510138738,0.019128473818222448,0.020000000000000004,5.072524647831915e-4,0.005860362947758664,1.2427853013673536e-4,4.004003390206e-4,0.0029999560246262093,0.21600204673375406,0.23819203112364218,0.24586635034817944,0.17639412339530783,0.3648980681919345,0.2580036903847967,0.19951646743815407,0.26080227762163743,0,0.033300171336981155,0.20450167291899016,0.0084,0.17989393230385275,0,0,0,0,0,0,0,0,0,0,0,0,0,0.008800080447470078,0.011000175601434915,0.016919760106048315,0.00849999646025217,0.007000065180550124,0.007600023850694652,0.018800405140216494,0.010900133957941963,0.011976721918301804,0.0025999540880743775,0.005399907756413315,0.024500633733895938,0.007199797136863459,0.007345615892499027,0.17319926256751145,0.16879797790675902,0.13909939839116103,0.1860003199110461,0.21294456699120623,0.16210332387320217,0.008499933607754615,0.020499913779653642,0,0,0,0.12559830585429932,0.03150000207148273,0.19309889517650228,0.18310070538796339,0.19400158068296405,0.18440217391304348,0.18060118089103597,0.1558013494082513,0.12060135979359696,0.13357950361885582,0.028999945025046995
CHE,0.10366361576342208,0.0649999623712155,0.09909877433309301,0.06047177266307019,0.10340128697344941,0.16889911221793436,0.10780889124529727,0.10246665718044737,0.13052772481515756,0.011022216288330992,0.01890014535883349,0.015700444995212077,0.019128473818222448,0.009024668535411994,5.072524647831915e-4,0.005860362947758664,1.2427853013673536e-4,4.004003390206e-4,0.003000050344862307,0.21600747521644545,0.2382018771612053,0.2511684093646355,0.16820862398377223,0.3648921832884097,0.25800016976487566,0.19951646743815407,0.20278451188119193,0,0.033299957678293086,0.20450167291899016,0.008400018480872297,0.17989705194197472,0,0,0,0,0,0,0,0,0,0,0,0,0,0.008799920803187672,0.010999459264599857,0.01690104183769816,0.008500019927878409,0.006999943713765736,0.007600069613644274,0.018800188390439183,0.010899884209252891,0.011976721918301804,0.0025999945853750982,0.005400061785603954,0.024499398352411217,0.007200314460994202,0.007998414041588386,0.17319881966349635,0.16879789199503287,0.13909968243494042,0.18599853502666325,0.23039264533493456,0.1633519152244129,0.00850033572646041,0.020500065453593404,0,0,0,0.12560000665518647,0.03155917128532353,0.19309816411766476,0.18310362543838093,0.1939991586449234,0.18439678556037215,0.1805986967811474,0.1558013494082513,0.1205987476052955,0.13357950361885582,0.028999945025046995
CHL,0.11496193417004323,0.07800073357726268,0.09700063478628862,0.0874032451110398,0.11399822432672388,0.13300031285848365,0.09980947549822568,0.10246665718044737,0.13943224201382715,0.011000065179133987,0.02099977602936183,0.01400038996490316,0.019128473818222448,0.025429879868231666,5.072524647831915e-4,0.005860362947758664,1.2427853013673536e-4,0.0030000559816380228,0.01,0.21300152792711222,0.21999652385504473,0.308742544338192,0.21272288191202082,0.3409942573486471,0.2440006169031462,0.19951646743815407,0.20278451188119193,0,0.03400015952779772,0.2239985400127749,0.011999949655137693,0.28306513308253184,0,0,0,0,0,0,0,0,0,0,0,0,0,0.009999790492552011,0.008999951091019613,0.020644954094607388,0.007999977210314611,0.006999981530391741,0.005999793402658219,0.006000026164996467,0.012199888330541597,0.011976721918301804,0.0029999860153551395,0.004000128373824577,0.022470558423878417,0.004999999999999999,0.008710072837545279,0.20199978552836387,0.18999845535990115,0.19500050707305067,0.18000028562406478,0.5919774892149235,0.16452898598334778,0.011999999999999999,0.02400048667721134,0,0,0,0.12500435196823131,0.03280165175828337,0.18200029709483695,0.18299916008011544,0.1939975052603727,0.18900761743546338,0.17400372646625323,0.16400070003500175,0.14200067819599865,0.1700033182170114,0.028999945025046995
CHN,0.11208864798948996,0.07400001566128149,0.08100053676865272,0.0817182787702804,0.10340183231740702,0.1219995354547566,0.1073269772442533,0.09625729959299238,0.10979723581752182,0.021000118722545414,0.020000330583976593,0.014000055056634217,0.019128473818222448,0.02200031600075684,5.072524647831915e-4,0.005860362947758664,0.0010000109117890969,4.000066363606198e-4,0.0030000146000321195,0.21599480898694137,0.20300637111760023,0.24165896439409434,0.08630475553933445,0.3500004655623528,0.24799694772987407,0.19951646743815407,0.20278451188119193,0,0.039998723784404645,0.1839960093439751,0.008656405041611992,0.28306513308253184,0,0,0,0,0,0,0,0,0,0,0,0,0,0.00900001489060146,0.011000053323537602,0.018471728699938905,0.00799990408199619,0.010999635668093633,0.007000176584849019,0.01,0.01399963980343559,0.011976721918301804,0.002,0.004999866229683633,0.01809980613677385,0.005,0.006959743225084606,0.19899625267665955,0.18999438787781608,0.1319993914791061,0.19300011922582697,0.188463308793707,0.16000832382110833,0.013999999999999999,0.007000036500346753,0,0,0,0.1321001378951009,0.03199988438605481,0.17799821239588304,0.18600321117714994,0.18500417581737758,0.18499471023862699,0.16800049914729004,0.15199699597187138,0.10899734200609967,0.13,0.02899992734204374
CIV,0.10601405124916188,0.06852119208531236,0.0997308319221769,0.09044177558144927,0.10339972429540954,0.14849895063418195,0.07800566658841897,0.10411063194898626,0.0959963768115942,0.01149993685051547,0.018799871447591935,0.014766501100926826,0.019190156296346496,0.01917567731841741,0.005999953913865013,0.005860362947758664,1.2427853013673536e-4,4.004003390206e-4,0.004,0.2213048862624112,0.22300766516607862,0.322376044964681,0.17120884186342802,0.31970070261885203,0.2169977892191047,0.19951646743815407,0.20278451188119193,0,0.03600055520304569,0.18200020857232244,0.008400189801803116,0.2746665886757136,0,0,0,0,0,0,0,0,0,0,0,0,0,0.010149801767866612,0.010660046528382611,0.021674221253532022,0.009,0.00783912750810421,0.0070001678697330875,0.018799838089455574,0.014,0.0120000135040242,0.003000025298522566,0.004359903779615777,0.015000193911188675,0.006000042350001588,0.009585066376257863,0.1839966775109019,0.16450183998909634,0.16800336806651933,0.19500063930443678,0.279283614161638,0.17261053106448795,0.009024013572242967,0.02100010950104026,0,0,0,0.12600035267914686,0.034008945127906004,0.17220045706823375,0.1980003492839679,0.19397215225300868,0.20800421274354922,0.17899670044091454,0.1538734990398524,0.11226655840873212,0.13357950361885582,0.028999945025046995
CMR,0.1060140370510029,0.06852066108723007,0.09800015207968976,0.08605357538353876,0.10339972429540954,0.16008805769903067,0.07800532079440697,0.10411050709005666,0.10731241785591601,0.011500007620793033,0.018800288269956337,0.014766498805088768,0.01919001545970922,0.017450239250204936,0.0059999045133363035,0.005860362947758664,1.2427853013673536e-4,4.004003390206e-4,0.003999999999999999,0.2212996012485252,0.2229943791517629,0.21333733488127463,0.11754410511816252,0.3197044040210627,0.21699970697251195,0.19951646743815407,0.20278451188119193,0,0.038581393264299296,0.18199159837476758,0.008400189801803116,0.2746640818236513,0,0,0,0,0,0,0,0,0,0,0,0,0,0.010149923376181865,0.011072767612654993,0.010147953483973989,0.009000305530094715,0.00783912750810421,0.006999517939535844,0.01880001569889519,0.013999868775352411,0.01200005386460153,0.003000023856100005,0.004360017402653904,0.014999665753058358,0.00600003503977014,0.015179250195620895,0.18399876931815493,0.1645005825654062,0.1679982440737489,0.19500190634640047,0.303477040269083,0.17535239165139244,0.009024013572242967,0.02100010950104026,0,0,0,0.12600019702923695,0.035898540340652485,0.17220107346369373,0.19800485749962266,0.19397251200529889,0.20800442867980234,0.17900076711786392,0.1538734990398524,0.11226655840873212,0.13357950361885582,0.028999945025046995
COG,0.10601505448825975,0.06852102118734814,0.09800003762864293,0.08605394670798508,0.10339972429540954,0.14849827927833975,0.09980947549822568,0.10246665718044737,0.10731241785591601,0.011499920032791851,0.018800123380629242,0.014766774466101447,0.01918961609779548,0.035311160779669004,0.005999943760193465,0.005860362947758664,1.2427853013673536e-4,4.004003390206e-4,0.003357359545743184,0.2213078062050205,0.2230005367686527,0.2137444541732851,0.15487212330152822,0.34793416971916524,0.2170058075098639,0.19951646743815407,0.20278451188119193,0,0.03600068481424414,0.18200020857232244,0.008656405041611992,0.2746642357945913,0,0,0,0,0,0,0,0,0,0,0,0,0,0.01015002257284082,0.011072731496030715,0.023208759487211187,0.009000062405092256,0.004000042971939324,0.006999999999999999,0.018800188390439183,0.014000017458557749,0.011999935714056121,0.0029999565475586974,0.004359830704116967,0.022470558423878417,0.006000051529126839,0.010259559518820375,0.18399788624135283,0.16449639704349037,0.1679989944695827,0.19499999999999998,0.3039957702874486,0.1708556461442842,0.009024013572242967,0.020999610667704886,0,0,0,0.12600189147653387,0.03404978374941144,0.1721960103522094,0.19800173152069636,0.1939666619799722,0.20799956817445753,0.17899443379870425,0.15579847733515217,0.17699942064031837,0.13357950361885582,0.028999945025046995
COL,0.11496168743849251,0.07800004549121818,0.09699827722136245,0.08740374976470948,0.10339972429540954,0.13300077866459023,0.09980947549822568,0.10246665718044737,0.14219776609724047,0.011000029325251463,0.021000599001427294,0.01372952932052424,0.018000196187424388,0.012076694829462095,5.072524647831915e-4,0.0034999497286872486,1.2427853013673536e-4,0.002999929809784516,0.009999999999999998,0.21300214261873232,0.21999951333463108,0.22869699085178127,0.19000485301231146,0.3409982174688057,0.2439963751699139,0.19951646743815407,0.20278451188119193,0,0.034000062117588596,0.19238403967287468,0.01199981750159686,0.28306513308253184,0,0,0,0,0,0,0,0,0,0,0,0,0,0.00999985341756937,0.008999850435058021,0.01728780815432709,0.008000172650070678,0.0070000238509790825,0.007125732721494391,0.005999838704587452,0.012199965325473775,0.012000360913110169,0.0029998927077000107,0.004000015546417717,0.022470558423878417,0.004999845959518162,0.009459335300581458,0.2020009781211733,0.18999858964801644,0.19500631757852246,0.1799990378370577,0.20076230986804985,0.15611391126018664,0.012000335486035395,0.024000364996806276,0,0,0,0.1250004785036998,0.03280005521770895,0.18200515224460492,0.18300514579759863,0.1939975470745256,0.1890023275497249,0.1739984950753024,0.16399834093737037,0.14200698264917477,0.13357950361885582,0.028999945025046995
CPV,0.10601409364836017,0.06852084033900395,0.0997308319221769,0.09044123152340533,0.08200167901595065,0.14849377068327818,0.09980947549822568,0.10246665718044737,0.09628613727075053,0.011499757965773513,0.018800399755084872,0.01476682146295794,0.019128473818222448,0.03400730404902799,5.072524647831915e-4,0.005860362947758664,1.2427853013673536e-4,4.004003390206e-4,0.003999927001970946,0.2213007188434749,0.22299904406013732,0.3149829551192611,0.15487212330152822,0.3197028871774282,0.21700483091787437,0.19951646743815407,0.20278451188119193,0,0.036000411550860825,0.19238403967287468,0.008399979722194058,0.27466853844953987,0,0,0,0,0,0,0,0,0,0,0,0,0,0.010149941441163778,0.011072540877238517,0.018945248700873996,0.009000052705088676,0.004,0.00700025826446281,0.018800835073068893,0.013999879024592573,0.011976721918301804,0.002999996404649507,0.004359860533398581,0.015000100274752825,0.005999941600724151,0.007915235775372592,0.1840010694747234,0.16449921011058452,0.16800118241301404,0.19499981724478233,0.2324402743921733,0.17016959003235127,0.009024013572242967,0.02100044242893485,0,0,0,0.12600022113298706,0.03400641922752295,0.17220041168855973,0.19799891140780584,0.1939724980132983,0.20799783598575355,0.17899776709034695,0.1557982728548943,0.17699809901644764,0.13357950361885582,0.028999945025046995
CRI,0.11496178546390416,0.07799969989880824,0.09699814677190241,0.083000851200964,0.10339972429540954,0.13300126241835447,0.09980947549822568,0.10246665718044737,0.14220196112162395,0.010999694816235776,0.020999936796501976,0.013999966203656764,0.018,0.03900054743098459,5.072524647831915e-4,0.00350004932425767,1.2427853013673536e-4,0.002999862265277076,0.01,0.21300183198115677,0.2200021900208052,0.21204056865464632,0.178684612296792,0.341005017121924,0.24400881057268725,0.16960216299729625,0.20278451188119193,0,0.03400016198266785,0.19238403967287468,0.012000219002080521,0.28306513308253184,0,0,0,0,0,0,0,0,0,0,0,0,0,0.010000017908020823,0.00900025887132104,0.016725889458496197,0.00800013900794662,0.007000017527869312,0.006000000000000001,0.005999969809953658,0.012200004655601853,0.012000137800625461,0.003000015104485277,0.004000053520377141,0.022470558423878417,0.0049999137797244395,0.010139476604437158,0.20200040573241948,0.18999976829861673,0.1949992056827724,0.18000136733438163,0.2324402743921733,0.1619354587666925,0.011999943861224946,0.020374820037509758,0,0,0,0.12535303525049676,0.03280020784013172,0.18199518368601733,0.18299878464735167,0.19399913927591586,0.18900050957268694,0.17400324931939934,0.163999643207564,0.14199300400989678,0.13357950361885582,0.028999945025046995
CUB,0.11496241003825883,0.07799988072272851,0.0997308319221769,0.08740352495001978,0.10339972429540954,0.16008805769903067,0.09980947549822568,0.10246665718044737,0.10731241785591601,0.011000020549263122,0.021000058950291806,0.013999962690395575,0.018000043919101014,0.03899990822187121,5.072524647831915e-4,0.005860362947758664,1.2427853013673536e-4,0.0030000486665368894,0.01,0.2130010271480614,0.21508650792794234,0.20179681100360372,0.15487212330152822,0.34099766426587036,0.2440028388928318,0.19951646743815407,0.20278451188119193,0,0.03399946315930748,0.19238403967287468,0.012000182498403138,0.28306513308253184,0,0,0,0,0,0,0,0,0,0,0,0,0,0.01000002495431281,0.008999957607359362,0.015865385768127616,0.00800014016890353,0.007000186968308871,0.005999975878039367,0.005999962621713047,0.012199975567257553,0.012000481068847511,0.002999932407313529,0.004000023274216823,0.022470558423878417,0.005000053414808722,0.008965901487111847,0.20199975080986793,0.18999854046559148,0.1950004509515077,0.18000087279660817,0.21390092011980952,0.16213128892766301,0.011999971615503613,0.020374820037509758,0,0,0,0.12506576665228594,0.03280155033463226,0.1819995376028008,0.18299569216439632,0.19399843561117827,0.18899966090200068,0.17399723374827109,0.16400060833137467,0.1420016927634363,0.13357950361885582,0.028999945025046995
CYP,0.103663560563072,0.06499978696510489,0.09910053185942226,0.060469734496288556,0.10340359521854184,0.16889553982042485,0.09980947549822568,0.10246665718044737,0.12112507638120593,0.011022216288330992,0.01889991991298987,0.015700091250126735,0.019128473818222448,0.013122670893820567,5.072524647831915e-4,0.005860362947758664,1.2427853013673536e-4,4.004003390206e-4,0.0030000579374275783,0.21599973210996884,0.23820103469070367,0.24342516212544899,0.18265474711527693,0.36490555707637556,0.258004448500057,0.20780713118909483,0.20278451188119193,0,0.033299699488911795,0.20449871092957908,0.008400060675584714,0.28306513308253184,0,0,0,0,0,0,0,0,0,0,0,0,0,0.008800011780470926,0.010999938474790045,0.015979851824063983,0.008500007309193505,0.00700012098195265,0.007600004154937623,0.018799549962060756,0.0108999091000909,0.01299990641085634,0.0025999848220384,0.0053997691419776835,0.02450040110526785,0.0072000465134307535,0.008772182352787669,0.17319947540499103,0.16880314324280177,0.13910064508797063,0.18600095246341675,0.26918152697191383,0.16590767737766968,0.008499871893415322,0.020374820037509758,0,0,0,0.12559814836898195,0.03663526839360973,0.19309667826363122,0.18310152990264253,0.1940057351635395,0.1843940770697621,0.1805992091655683,0.155798049580433,0.12060583160148625,0.16399961579099032,0.028999945025046995
CZE,0.10366337952970887,0.06499966968355685,0.09909966541620197,0.08208969268130276,0.10340058826564838,0.1689000832461739,0.09980947549822568,0.10246665718044737,0.13027587762523557,0.011022216288330992,0.01889969798428224,0.01372952932052424,0.019128473818222448,0.025429879868231666,5.072524647831915e-4,0.005860362947758664,1.2427853013673536e-4,4.004003390206e-4,0.003000035784576847,0.2159957058507783,0.23820063292368032,0.24674750498681425,0.19079619962595085,0.36490967582281614,0.2580003945940614,0.19951646743815407,0.20278451188119193,0,0.033298960138648186,0.19238403967287468,0.008400066364340228,0.17989960437316543,0,0,0,0,0,0,0,0,0,0,0,0,0,0.008799890775042098,0.01100004209915755,0.015916791500267778,0.008499978719652706,0.006999958207957206,0.007600093381580482,0.018799467980725203,0.010900093054733103,0.012999870415964752,0.0026000164692642357,0.00539996728283985,0.024500343800137516,0.007199936208143715,0.00830390919409174,0.1731996997659941,0.1687983095145415,0.1390996228348514,0.18600113629567608,0.23732269269220502,0.1672272906771445,0.008500046758889584,0.020500475843923196,0,0,0,0.12560037427640444,0.03160578294523722,0.19309882668296927,0.18310236069960814,0.19400000000000003,0.18439957492029757,0.1806004197463272,0.1558013494082513,0.12060093101988996,0.16400413675629638,0.028999945025046995
DEU,0.1036637948477767,0.06499975986936894,0.09909967150176416,0.06047162574967143,0.1034,0.16890141349078547,0.10780693725704461,0.10246665718044737,0.12984684414688974,0.011022216288330992,0.018900147307845862,0.01372952932052424,0.019128473818222448,0.025429879868231666,5.072524647831915e-4,0.005860362947758664,1.2427853013673536e-4,4.004003390206e-4,0.003000035784576847,0.21600175201664418,0.23820172732880937,0.27992584164715545,0.17957551928476925,0.36490730011587486,0.25800006293068184,0.19951646743815407,0.20278451188119193,0,0.0332988886722558,0.19238403967287468,0.008399844267081954,0.17989960437316543,0,0,0,0,0,0,0,0,0,0,0,0,0,0.008800047412223889,0.010999718815564639,0.01663942100856331,0.008500089907267076,0.0070002204909598706,0.007599833610648917,0.01879950524488,0.010900151160279729,0.01300033692722372,0.0026000292819644017,0.005399991653799607,0.024499544211485872,0.007199931592098887,0.008275900926548238,0.17319794119204787,0.16879936808846763,0.13909947015037433,0.18599893058059228,0.2883497889920274,0.16208554985454468,0.00850032796540969,0.020499840561224492,0,0,0,0.12561176815712227,0.031631156060432306,0.19310067384089308,0.18309686029360117,0.19399913927591586,0.18440175401962833,0.18060135790494664,0.15580039988088654,0.12060027456956814,0.16399737207095408,0.028999945025046995
DJI,0.10601415853182955,0.06852128975453664,0.09799978099791948,0.08605160839364505,0.10339972429540954,0.16008805769903067,0.09980947549822568,0.10411106198004635,0.09599812464418474,0.011022216288330992,0.018799910788885894,0.01372952932052424,0.019128473818222448,0.03533392360232735,5.072524647831915e-4,0.005860362947758664,1.2427853013673536e-4,4.004003390206e-4,0.0040000243332684446,0.2212980638123807,0.22299837778013612,0.25953049339730205,0.15487212330152822,0.34793416971916524,0.21699456957179739,0.19951646743815407,0.20278451188119193,0,0.038581393264299296,0.1820075519194462,0.008656405041611992,0.2746633390526699,0,0,0,0,0,0,0,0,0,0,0,0,0,0.01015006046243619,0.01107269837032363,0.01182223367715393,0.008999968664152836,0.003999965842911551,0.006999517939535844,0.018799953826618955,0.013999971696644638,0.011976721918301804,0.003,0.004360025374518129,0.015,0.006000175200385441,0.008385546058834218,0.18399685596384358,0.16449950720177062,0.1679994601342916,0.1949996575107884,0.21321526102685784,0.178893879842785,0.009024013572242967,0.02099934301773852,0,0,0,0.12906336838040328,0.03400745324743482,0.17220100161276633,0.1979935608957826,0.19396693309974816,0.2080038639343131,0.17899846704138989,0.1538734990398524,0.1769995768091409,0.13357950361885582,0.028999945025046995
DMA,0.11496177303625994,0.07800196119216711,0.09700025830797049,0.08740440817552599,0.10339972429540954,0.13300094073377233,0.09980947549822568,0.10246665718044737,0.10731241785591601,0.011000255987817606,0.02099987795203515,0.014000238397408478,0.017999821003513425,0.022108967451472433,5.072524647831915e-4,0.005860362947758664,1.2427853013673536e-4,0.0029999420636913155,0.003357359545743184,0.2130006304542589,0.22000182498403137,0.2137444541732851,0.15487212330152822,0.3410086385205013,0.2440015368360388,0.19951646743815407,0.20278451188119193,0,0.034000115006421194,0.19238403967287468,0.012000208572322452,0.28306513308253184,0,0,0,0,0,0,0,0,0,0,0,0,0,0.010000077471935792,0.008999723453394422,0.011384517816090206,0.008000167267535462,0.007000136448081506,0.006000022339217127,0.01469619802650542,0.012200064785196583,0.011999897487883637,0.0029999830547726234,0.00399983917658411,0.022470558423878417,0.004999884739511295,0.008949274978344732,0.2020020267110118,0.19000128724979082,0.19499999999999998,0.17999985146842035,0.2324402743921733,0.16325916542344632,0.009024013572242967,0.024000073000693508,0,0,0,0.12906336838040328,0.03280111191022944,0.1819989968361756,0.18300271455418668,0.19399837912964393,0.18899720395979747,0.1739982850918866,0.1640028757880765,0.14200019043387185,0.13357950361885582,0.028999945025046995
DNK,0.10366346000045701,0.06499963698046955,0.09909845788849347,0.06047040484159368,0.10340108718704305,0.16889882021583869,0.09980947549822568,0.10246665718044737,0.10731241785591601,0.011022216288330992,0.018900305837312153,0.01372952932052424,0.019128473818222448,0.025429879868231666,5.072524647831915e-4,0.005860362947758664,1.2427853013673536e-4,4.004003390206e-4,0.003,0.21600404312668464,0.23819831694210689,0.243910953521101,0.18728615649528813,0.36491057306241637,0.25800396287412664,0.19951646743815407,0.20278451188119193,0,0.03330042568607916,0.19238403967287468,0.008400018480872297,0.28306513308253184,0,0,0,0,0,0,0,0,0,0,0,0,0,0.008799923969712017,0.011000000000000001,0.017635707680271805,0.00849992705383427,0.006999974504754864,0.007599949255137917,0.018799331346754853,0.01090003522112545,0.013000073243975683,0.0025999731782306574,0.005399949396370997,0.024499772968064177,0.007199963347307174,0.008070802475322436,0.17320017497165416,0.1688018922571925,0.1390998239879306,0.18600004977679635,0.35915458962595076,0.16293257402835495,0.008500101631649944,0.02050007103281716,0,0,0,0.12559899309428463,0.03152695442900016,0.1931009571970381,0.18309719206565342,0.19400040035459978,0.18440012695725772,0.18059954751131221,0.1558013494082513,0.12060548119821543,0.16400413675629638,0.028999945025046995
DOM,0.11496138565651717,0.07800026725314706,0.09699970800077866,0.08740187496470324,0.10339972429540954,0.13300077563000928,0.09980947549822568,0.10246665718044737,0.10731241785591601,0.01100006901421162,0.021000471920717318,0.014000032392860615,0.01799959091838822,0.0389996261682243,5.072524647831915e-4,0.005860362947758664,1.2427853013673536e-4,0.003000015208431555,0.01,0.21299844037337926,0.22000208572322452,0.20803718719805073,0.20520559744180558,0.34793416971916524,0.24399457024752158,0.19951646743815407,0.20278451188119193,0,0.03400037435975973,0.19238403967287468,0.011999867272787602,0.28306513308253184,0,0,0,0,0,0,0,0,0,0,0,0,0,0.009999969349222697,0.008999786845785526,0.015736977663430476,0.008,0.007000133209004928,0.006,0.01469619802650542,0.012200066619205923,0.012000030889104256,0.003,0.003999835474655618,0.022470558423878417,0.005,0.008514123718946963,0.20199702890238627,0.18999976829861676,0.19499857579239963,0.17999918646274,0.2324402743921733,0.16037851598637895,0.01199997151849162,0.020374820037509758,0,0,0,0.12499799442718167,0.0328006289480437,0.18199985448548495,0.18300151356386074,0.19399840476236796,0.1890076174354634,0.1740001436059453,0.16400287578807654,0.14200169276343633,0.13357950361885582,0.028999945025046995
DZA,0.10685119877724965,0.06500102817191034,0.09910030153381837,0.060471917207921534,0.10339972429540954,0.16008805769903067,0.09980947549822568,0.09649740288390189,0.13299754373214723,0.011022216288330992,0.01890020237555563,0.01372952932052424,0.019128473818222448,0.025429879868231666,5.072524647831915e-4,0.005860362947758664,1.2427853013673536e-4,4.004003390206e-4,0.003000052143080613,0.21600042115607346,0.23819670513958766,0.23242514447615084,0.20072085463307998,0.34793416971916524,0.2579983996181545,0.19951646743815407,0.20278451188119193,0,0.03330024266490183,0.20449858563737566,0.008399968825500741,0.28306513308253184,0,0,0,0,0,0,0,0,0,0,0,0,0,0.008799980777449203,0.011000022546516282,0.019729083190675168,0.008499978818203083,0.006999846884091257,0.007600059685731666,0.01879990406209799,0.010900316841335609,0.011976721918301804,0.0025999921485968637,0.005400159979792026,0.02450051107400928,0.007200139385638441,0.008906640654678305,0.17319568744439212,0.16879922852390475,0.13973014445587123,0.18599847809544515,0.20133302645363202,0.16370588382131757,0.008500014523484475,0.020374820037509758,0,0,0,0.12559959940254245,0.034908221988556594,0.19309613072080356,0.18309944945531217,0.1940004151961802,0.18439938285210491,0.18060239732527414,0.15580196048611206,0.12059881506559457,0.13357950361885582,0.028999945025046995
ECU,0.11496219704366598,0.07800028582364024,0.09699578848853532,0.08740427079151294,0.10339972429540954,0.13299921193435552,0.09980947549822568,0.10246665718044737,0.11699991816470717,0.011000015140274644,0.0209999767639397,0.014000046086134985,0.019128473818222448,0.012000065095690664,5.072524647831915e-4,0.005860362947758664,1.2427853013673536e-4,0.0029999685346590726,0.01,0.21300078213261492,0.21999535454756608,0.23875891583986528,0.15310165192953598,0.34793416971916524,0.24399606299212598,0.16960694852816927,0.20278451188119193,0,0.03400077580952029,0.22400262802496623,0.011999951333463111,0.28306513308253184,0,0,0,0,0,0,0,0,0,0,0,0,0,0.010000000000000002,0.009000298084805127,0.02351359228223832,0.008,0.006999897530484681,0.0060001721713679014,0.006000050316997081,0.012200268494693325,0.011999965759873997,0.003000010088475934,0.004,0.022470558423878417,0.005,0.009477001612586328,0.20200055469593906,0.18999482714027074,0.19499864320454213,0.18000104995143973,0.20284554571368257,0.16230234205578212,0.011999952809041786,0.023999902666926223,0,0,0,0.12506926990302628,0.03284739285470454,0.18200178547907916,0.1829975453284161,0.1940029676977514,0.1890001983733386,0.17400098227441174,0.16399834093737037,0.14200698264917477,0.13357950361885582,0.028999945025046995
EGY,0.10330002669422961,0.064999732093202,0.09910008558626593,0.060470400308459224,0.10339972429540954,0.16890170456619338,0.09980947549822568,0.09649796015269178,0.10731241785591601,0.013599982619275225,0.018900150413989906,0.015699981959227855,0.019128473818222448,0.0150981676993671,5.072524647831915e-4,0.005860362947758664,1.2427853013673536e-4,4.004003390206e-4,0.0030000608346514176,0.21599609540786013,0.23819691577698693,0.25658330187595857,0.175887624477377,0.3649030374202558,0.2580046312649633,0.19951646743815407,0.20278451188119193,0,0.033298940127746195,0.20449695835283108,0.00840020004030663,0.28306513308253184,0,0,0,0,0,0,0,0,0,0,0,0,0,0.008799971784338863,0.011000005900552095,0.014470994001533545,0.008499984669865554,0.006999916742985597,0.007600027546312237,0.01879971219256934,0.010899936475072348,0.011976721918301804,0.0026000057040184805,0.005400159045725646,0.0245,0.007199902531144345,0.01362692096908005,0.1731985570860176,0.16879947039691448,0.13910399816440086,0.18599775995876738,0.20196574909530446,0.16219990120826974,0.008500025830448933,0.020499562001167995,0,0,0,0.12560019475231513,0.035299651312869246,0.1930987951807229,0.1831017231795442,0.19399877899877901,0.18439766175850225,0.18059836388496212,0.15579080423447622,0.12060001511373084,0.13357950361885582,0.028999945025046995
ESP,0.10366363971076245,0.06500038871180906,0.0991007731360122,0.060469544914698414,0.10339954163483576,0.16889521944271343,0.09980947549822568,0.10246665718044737,0.10731241785591601,0.011022216288330992,0.01890021018540094,0.015700140994566167,0.019128473818222448,0.025429879868231666,5.072524647831915e-4,0.005860362947758664,1.2427853013673536e-4,4.004003390206e-4,0.003,0.21600117981049297,0.23820237093208937,0.24068604919242698,0.1967496209075918,0.36490491659670765,0.25799553418069393,0.20779669897825515,0.20278451188119193,0,0.033299017313991576,0.2045017642048911,0.008399691153417202,0.1798993916705662,0,0,0,0,0,0,0,0,0,0,0,0,0,0.008800007103439396,0.011000056674936332,0.017941379482183408,0.008499940101428249,0.006999999999999999,0.007599944905478461,0.018799519218976133,0.010900262014214662,0.013000155318462586,0.0025999965833575344,0.0053999402466185014,0.024500300822247474,0.0072,0.008886358480156977,0.17320204929573985,0.16880025896142836,0.1390994923376192,0.18600058794207494,0.22506837901458315,0.1656858874747015,0.00849977426636569,0.020500498923375875,0,0,0,0.12564934103275466,0.03504766255760718,0.19310784730627065,0.1830974442521128,0.19400156177739367,0.18439263803680983,0.18059929780651443,0.15579862762415927,0.12059958055576361,0.16400565171317555,0.028999945025046995
EST,0.10366346251682226,0.0650008030017666,0.09909998811080728,0.060470566933569385,0.10340104998858708,0.16890294057166358,0.09980947549822568,0.10246665718044737,0.10731241785591601,0.011022216288330992,0.018900122104292434,0.015700091250126735,0.019128473818222448,0.025429879868231666,5.072524647831915e-4,0.005860362947758664,1.2427853013673536e-4,4.004003390206e-4,0.003,0.21599386816555954,0.23819832519424727,0.2137444541732851,0.16700399989485923,0.36490169359548374,0.25799452499239584,0.19951646743815407,0.20278451188119193,0,0.033299797223522075,0.19238403967287468,0.008399834093737037,0.28306513308253184,0,0,0,0,0,0,0,0,0,0,0,0,0,0.008800005178250483,0.011000118258401564,0.01657663643637678,0.008500133527001765,0.0070001166815759795,0.007600265164070268,0.018799519218976133,0.010899787285886451,0.012999929809784514,0.0026000118027369235,0.005399826252430398,0.02450013035717867,0.007200002984673701,0.00716986556942298,0.17320208728652753,0.16880083222999814,0.1391000751916067,0.185998916871374,0.2324402743921733,0.1661918730560644,0.008499984021985747,0.020499754584802105,0,0,0,0.12562138700991674,0.03150528924643591,0.19309754893897024,0.1831035747981969,0.1940002699541078,0.18440346589646744,0.18059644335942174,0.1557975638462302,0.12059939440370653,0.13357950361885582,0.028999945025046995
ETH,0.10601473237316374,0.06852063365943288,0.09799947748492696,0.08605397691332439,0.10339972429540954,0.14849528269402934,0.07800419775448886,0.10411018983233576,0.09599961606552482,0.011022216288330992,0.018799816063764564,0.014766583338178013,0.01919059659261935,0.03533344028149697,5.072524647831915e-4,0.005860362947758664,1.2427853013673536e-4,4.004003390206e-4,0.003999917046868519,0.22129550109004428,0.22300698379233097,0.24510156826997936,0.08351221637200323,0.31970031697243306,0.21700169276343628,0.19951646743815407,0.20278451188119193,0,0.038581393264299296,0.18199835751437174,0.008656405041611992,0.27466541881141787,0,0,0,0,0,0,0,0,0,0,0,0,0,0.010149920849241083,0.011072516432426655,0.02370382063079144,0.008999886415265789,0.004000116740602381,0.007000052806674764,0.018799792077040925,0.01399993947280816,0.011976721918301804,0.002999922257638187,0.004360059269015476,0.015,0.006,0.009852849485471566,0.1839956989855831,0.16450011958861516,0.16799839389680787,0.19500383582662065,0.30399984645503053,0.179648147465209,0.007999934808826884,0.020374820037509758,0,0,0,0.12599714548089794,0.03440842272929952,0.17219883199782696,0.1857299706772218,0.19397426379609006,0.18879951659179947,0.1713346078781201,0.1538734990398524,0.11226655840873212,0.13357950361885582,0.028999945025046995
FIN,0.10366369650044117,0.06499983777821038,0.09910087081016024,0.08208969268130276,0.10339956998118949,0.16890063944909003,0.09980947549822568,0.10246665718044737,0.11095577044086805,0.011022216288330992,0.01889983096881787,0.015700140994566167,0.019128473818222448,0.025429879868231666,5.072524647831915e-4,0.005860362947758664,1.2427853013673536e-4,4.004003390206e-4,0.0029999324095978373,0.21600510995528788,0.2381999934234323,0.2137444541732851,0.17092921406534833,0.3648879480254033,0.25799992912576636,0.19951646743815407,0.20278451188119193,0,0.03330057674984499,0.20449858563737566,0.008399892646269457,0.28306513308253184,0,0,0,0,0,0,0,0,0,0,0,0,0,0.008799904036877257,0.010999918792126586,0.014240100477977738,0.008499984669865554,0.007000165480721496,0.007600059685731668,0.018799566923805657,0.010900004149396722,0.013000719942404608,0.0026000878025292796,0.005399957272782763,0.02450040110526785,0.007200003375726837,0.007439977187611799,0.17319993327727717,0.1687999360818153,0.13910023756103998,0.18599869678815217,0.26155388376195376,0.16208392233142047,0.008499961249321864,0.020500059569582688,0,0,0,0.1255975138059785,0.031536889554585355,0.19310249498928742,0.1831008383396124,0.19400094532586554,0.1844028962507439,0.18059766401590457,0.1558013494082513,0.12059983329058734,0.1640033580319013,0.028999945025046995
FJI,0.10366339469367562,0.0649998539683893,0.09909845788849347,0.06046991757452006,0.10340065701423531,0.16890186672228594,0.09980947549822568,0.10246665718044737,0.13299975399586672,0.013599977979796464,0.018899418673969673,0.015700093937119856,0.015300165158052416,0.015000048592453326,5.072524647831915e-4,0.005860362947758664,1.2427853013673536e-4,4.004003390206e-4,0.003,0.2159957058507783,0.23820211473239383,0.24146671182498486,0.15487212330152822,0.364901099209636,0.2579933490145186,0.19951646743815407,0.20278451188119193,0,0.03329948332235998,0.20450049275468118,0.008399854001277489,0.17989601386481802,0,0,0,0,0,0,0,0,0,0,0,0,0,0.008800010122225877,0.010999862844602935,0.01956080036648072,0.008499910894618035,0.00783912750810421,0.007599902695769478,0.018799661876584956,0.010899897764146332,0.011976721918301804,0.0026000134636450984,0.005400061206156155,0.024499736549382357,0.007200108190957039,0.005053993110710443,0.17319906124451398,0.1687991642633285,0.13910018205850813,0.18600080121259543,0.2324402743921733,0.16298033034512202,0.008500254522830295,0.02050013328685382,0,0,0,0.12559773219688655,0.03150025222724123,0.19310010307403142,0.18310106798645479,0.19400021907004766,0.18439787821664988,0.1805993814659571,0.155802378099364,0.12059706298370497,0.1639967555510494,0.028999945025046995
FRA,0.10366357719499535,0.06499851939591353,0.09909966541620197,0.060469688236035136,0.10339601682139174,0.16889332690586048,0.09980947549822568,0.10246665718044737,0.12889047936311204,0.011022216288330992,0.018900047738659838,0.01372952932052424,0.019128473818222448,0.013009801517694914,5.072524647831915e-4,0.005860362947758664,1.2427853013673536e-4,4.004003390206e-4,0.0030000629326620517,0.21599824098504838,0.2381921254950687,0.2584372763332515,0.16734421553023257,0.36491057306241637,0.2580004866687524,0.19951646743815407,0.20278451188119193,0,0.03329990849951743,0.19238403967287468,0.008400111451657843,0.28306513308253184,0,0,0,0,0,0,0,0,0,0,0,0,0,0.008800056459628424,0.011000373917795611,0.018733171669797946,0.00850004934656918,0.006999974504754864,0.007599925114668164,0.01879961874859834,0.010899954374936632,0.013000153147174435,0.0025999903554033855,0.005400149796110849,0.024499811249528103,0.007199985202722699,0.008132177021715752,0.17320013306483356,0.16880581924394764,0.13909925843663293,0.18599955126766884,0.22514315454581768,0.1652777739282387,0.00850020641701804,0.020499574358914557,0,0,0,0.12559907655970506,0.032360417404173114,0.19309911442824546,0.18309549341472134,0.19399649694993057,0.18440198980681782,0.18060216459649886,0.15580302154294765,0.12059798417100724,0.16400041714464492,0.028999945025046995
GAB,0.106013822641,0.0685208294964,0.0991529146233,0.0860537227244,0.0819997513493,0.148497186719,0.0780044087854,0.104109622878,0.0968715945928,0.0113406023888,0.018799843721,0.0147663815745,0.0191284738182,0.0320321880688,0.000507252464783,0.00586036294776,0.000124278530137,0.000400400339021,0.00378580679346,0.221303079803,0.222997036301,0.315608973374,0.159485182149,0.329108594639,0.216997278195,0.199516467438,0.202784511881,0,0.0359995145477,0.192384039673,0.00840000608515,0.280264535073,0,0,0,0,0,0,0,0,0,0,0,0,0,0.0101499744882,0.0110726549515,0.0163627715655,0.00899998917434,0.00400008240154,0.00700003907571,0.0187999530548,0.0139997864935,0.0119767219183,0.00299997000924,0.0043599868438,0.0149998997279,0.00599999282552,0.0095132873857,0.184000448054,0.164499044059,0.16800071197,0.195001421968,0.290314668209,0.179096578064,0.00799990543307,0.0207913768675,0,0,0,0.126823576932,0.0340060098603,0.172200155557,0.197998136414,0.193969554733,0.207998646355,0.178998049294,0.155158937135,0.155422785657,0.133579503619,0.028999945025
GBR,0.10366334138501626,0.06499773870015164,0.0990979247053916,0.06046999081305913,0.1034002497358563,0.16890219000459442,0.09980947549822568,0.10246665718044737,0.12715567521462723,0.011022216288330992,0.01890007745933385,0.01372952932052424,0.019128473818222448,0.025429879868231666,5.072524647831915e-4,0.005860362947758664,1.2427853013673536e-4,4.004003390206e-4,0.0030000579374275783,0.21599826626517019,0.238190375564307,0.24116045210395856,0.17644995593151527,0.3648917187119799,0.25799309890898936,0.19951646743815407,0.20278451188119193,0,0.03330110588702735,0.20449858563737566,0.008399892646269457,0.17989705194197472,0,0,0,0,0,0,0,0,0,0,0,0,0,0.008799945855255424,0.011000227006827666,0.01981618189945032,0.008500061411957877,0.006999974007745691,0.00759992276501255,0.018799566923805657,0.010899925904304286,0.012999578847337559,0.002600064971956738,0.005399932966621321,0.024500300822247474,0.007199855206531794,0.007625914199280998,0.1731990035069418,0.1687955481622307,0.13910010358952757,0.18600017180911257,0.5482224421739784,0.16322321598105718,0.00850000583519087,0.02050050757947326,0,0,0,0.12586652560546707,0.03156440302470928,0.1931018613213336,0.18310482680904724,0.1940052820086104,0.1844012431395887,0.1806020931133985,0.15580039988088654,0.12060026261489401,0.1640033580319013,0.028999945025046995
GEO,0.12977586306943106,0.06500068153937026,0.0991026748538831,0.09419965186581385,0.10340096618357487,0.16889814496736516,0.09980947549822568,0.10246665718044737,0.1329767833013635,0.013600086906141368,0.018899660294985368,0.01372952932052424,0.019128473818222448,0.025429879868231666,5.072524647831915e-4,0.005860362947758664,1.2427853013673536e-4,4.004003390206e-4,0.0030000588720122453,0.22231167853851735,0.21508650792794234,0.2137444541732851,0.14947525822455238,0.34793416971916524,0.25799635001440785,0.19951646743815407,0.20278451188119193,0,0.03330057674984499,0.20450049275468118,0.008399989571383878,0.1798993916705662,0,0,0,0,0,0,0,0,0,0,0,0,0,0.00880008908260821,0.011000202778059414,0.01371645894849936,0.008500049656268277,0.007,0.007599954088074378,0.01469619802650542,0.010900054220133742,0.011976721918301804,0.0025999601090353035,0.005399919844268865,0.024499632328364194,0.0071999402047985646,0.008164741088820595,0.173198144339758,0.1688025993395121,0.1391031109099455,0.18599818922589406,0.2324402743921733,0.16420045665187114,0.008500136923779097,0.020499562001167995,0,0,0,0.12573441298564286,0.03183634809767417,0.19310212413347078,0.18310216313827946,0.1939934952598436,0.18440152863269055,0.1806023973252741,0.1538734990398524,0.12060223804679553,0.13357950361885582,0.028999945025046995
GHA,0.10601461005572534,0.06852076765287848,0.09799659339768027,0.09044111552236161,0.10339972429540954,0.14849895063418195,0.07800498109310695,0.10411125752715551,0.10731241785591601,0.011500062069777746,0.018800187178287322,0.014766262915521845,0.01919000921431397,0.01701565174342266,0.005999814631735046,0.005860362947758664,1.2427853013673536e-4,4.004003390206e-4,0.003357359545743184,0.22130091938982818,0.22300251852392597,0.32277065603141275,0.1770012599748005,0.3197028871774282,0.2169987567398661,0.19951646743815407,0.20278451188119193,0,0.036000387935214824,0.19238403967287468,0.008656405041611992,0.27467113814797484,0,0,0,0,0,0,0,0,0,0,0,0,0,0.01015000758780409,0.011073001452650512,0.016602258395272428,0.00899994553327463,0.004,0.006999908176851385,0.01469619802650542,0.013999938009484549,0.01200008043981754,0.002999965038632311,0.004360057936440317,0.022470558423878417,0.006000097333073779,0.008311441978679626,0.18400436442989637,0.16450235609591005,0.16799999999999998,0.19500193946011177,0.24512349258737118,0.17572915592870386,0.007999795340587373,0.02100010950104026,0,0,0,0.12599951705819448,0.03400892075572084,0.1722012971503114,0.19799736329964215,0.1939694363640208,0.2080083605891119,0.17900093857545102,0.15579080423447622,0.11226655840873212,0.13357950361885582,0.028999945025046995
GIN,0.10601385364055917,0.0685212497309489,0.0997308319221769,0.09044219407297634,0.10339972429540954,0.16008805769903067,0.0780011693254901,0.10411026211820387,0.10731241785591601,0.011499984205321105,0.018799719232569023,0.01476674676199965,0.019190195188379486,0.01701393225521652,5.072524647831915e-4,0.005860362947758664,1.2427853013673536e-4,4.004003390206e-4,0.004,0.22231167853851735,0.2229983077280419,0.322984174453081,0.17699545576049183,0.34793416971916524,0.2170025665839189,0.19951646743815407,0.20278451188119193,0,0.035999465934233615,0.18199835751437174,0.008656405041611992,0.28306513308253184,0,0,0,0,0,0,0,0,0,0,0,0,0,0.010149971859584847,0.011072718823547049,0.049305513009028114,0.008352583238583303,0.00783912750810421,0.007000229568411387,0.01880004335812791,0.014000151578309144,0.011999974518965851,0.003,0.004359983005157056,0.014999598909032569,0.006150558804913938,0.00794878795746248,0.18399956813949095,0.16450061435843427,0.16799743024963287,0.19499870910633274,0.30400393368923856,0.17727931134814778,0.009024013572242967,0.020374820037509758,0,0,0,0.1260011191941802,0.03467909823374032,0.17219730941704037,0.1979995462108607,0.19397554868169098,0.2079942727598139,0.1713346078781201,0.1538734990398524,0.11226655840873212,0.13357950361885582,0.028999945025046995
GMB,0.1060145279167886,0.0685208466193407,0.0997308319221769,0.09044166666666666,0.10339972429540954,0.14850166076577728,0.07800434199111306,0.10411074915182027,0.09600537594265661,0.011499800265768814,0.018800159162560066,0.014766636249957754,0.019128473818222448,0.025429879868231666,5.072524647831915e-4,0.005860362947758664,1.2427853013673536e-4,4.004003390206e-4,0.003357359545743184,0.22231167853851735,0.21508650792794234,0.32220743575474514,0.15487212330152822,0.3197028871774282,0.21699887824661318,0.19951646743815407,0.20278451188119193,0,0.0360000701926789,0.18199818693639966,0.008400189801803116,0.28306513308253184,0,0,0,0,0,0,0,0,0,0,0,0,0,0.01015007692530988,0.010660046528382611,0.01704947008358607,0.008999968050097448,0.00783912750810421,0.007125732721494391,0.01469619802650542,0.011585640526697204,0.011976721918301804,0.0030000640355183675,0.00444499350857397,0.015000445672519833,0.006150558804913938,0.01062423082969655,0.18399739103309418,0.1645040924410207,0.16800508495597172,0.19500365424224303,0.30400752028497924,0.17773454249378906,0.008000080775444266,0.02100073001581701,0,0,0,0.1259934006036308,0.03401076959473747,0.17219817382482247,0.19800621610898028,0.19397058460830174,0.2079994825132606,0.1789955226786062,0.1557988876248262,0.1769995768091409,0.13357950361885582,0.028999945025046995
GNB,0.10601384631281645,0.06852098979683433,0.0997308319221769,0.0904405074898452,0.10339972429540954,0.16008805769903067,0.07800485605272287,0.10411170136908157,0.09600175222014258,0.011500019304364308,0.018800171136722197,0.01372952932052424,0.019128473818222448,0.03533337095454417,5.072524647831915e-4,0.005860362947758664,1.2427853013673536e-4,4.004003390206e-4,0.003999954375399214,0.22129821650767315,0.21508650792794234,0.30583495689488127,0.17655246217703205,0.34793416971916524,0.216998483124763,0.19951646743815407,0.20278451188119193,0,0.03599977950093713,0.19238403967287468,0.008656405041611992,0.27466890340808753,0,0,0,0,0,0,0,0,0,0,0,0,0,0.010150164086584678,0.011072709851371525,0.021397351313456107,0.008999987592898174,0.004000087711604246,0.007125732721494391,0.01469619802650542,0.014,0.01200009194239809,0.003000101389029707,0.004359992843084631,0.022470558423878417,0.006150558804913938,0.005203677646306364,0.18399308224442737,0.16449782485341402,0.16800138308316406,0.1949976258972712,0.2324402743921733,0.17565901592956779,0.009024013572242967,0.020374820037509758,0,0,0,0.12600076982294073,0.03628598351626475,0.17219646248686962,0.19800209838778796,0.1939747291065202,0.20799809569150202,0.17900135051282987,0.15580191050779285,0.11226655840873212,0.13357950361885582,0.028999945025046995
GRC,0.1036634702132319,0.06499975170084918,0.099095810866860215,0.06047046012955104,0.10339988914874346,0.16889537777482827,0.09980947549822568,0.10246665718044737,0.12515803759186592,0.011022216288330992,0.018900199117926196,0.015700213145918546,0.019128473818222448,0.025429879868231666,5.072524647831915e-4,0.005860362947758664,1.2427853013673536e-4,4.004003390206e-4,0.003,0.21599683752800103,0.23820002085723224,0.23792763870453038,0.16718793012798222,0.36490491659670765,0.2579934786840568,0.19951646743815407,0.20278451188119193,0,0.03330071893478538,0.20449868073878627,0.008400100150225338,0.28306513308253184,0,0,0,0,0,0,0,0,0,0,0,0,0,0.008800112674101388,0.010999943163171204,0.013785382213887885,0.00849995636448263,0.007000057120009139,0.007600041738404549,0.018799549962060753,0.010900047894484765,0.011976721918301804,0.0026000046151538575,0.005400066797080013,0.024499438472645595,0.007199929264458193,0.010171756662314322,0.17320045440462667,0.1688008890373846,0.13910058569617034,0.1860013037656969,0.28902044635855195,0.1644616905608492,0.008500016968133845,0.020500147972773008,0,0,0,0.12568494312649284,0.04650410124207411,0.1931010749868904,0.18310459315022284,0.1939933056355088,0.18440385799302278,0.1806060606060606,0.1557994846764564,0.1206016769225233,0.16399854001277486,0.028999945025046995
GRD,0.10366320807203379,0.06500040978328318,0.09909923404935238,0.060470058995644435,0.10339994525047906,0.168900932787671,0.09980947549822568,0.10246665718044737,0.10731241785591601,0.013599917669121345,0.01890002841255023,0.015700337964701463,0.01530045189919798,0.019930235158010012,5.072524647831915e-4,0.005860362947758664,1.2427853013673536e-4,4.004003390206e-4,0.003357359545743184,0.21599902667518325,0.23820263572444,0.2193936291857804,0.15487212330152822,0.36490491659670765,0.25801068961022033,0.19951646743815407,0.20278451188119193,0,0.03330008721888602,0.19238403967287468,0.008656405041611992,0.28306513308253184,0,0,0,0,0,0,0,0,0,0,0,0,0,0.008799764615349795,0.01099959855479727,0.018819946806168657,0.008499897934882455,0.006999999999999999,0.007600126795115632,0.018800071212390954,0.010900001740310817,0.013000181028240406,0.0026000197630899587,0.005400155174085928,0.024500064135454077,0.0071999066197820155,0.017098509952262857,0.17319600269756608,0.16880273896804537,0.1390976354502842,0.18599956434209414,0.2324402743921733,0.16325916542344632,0.009024013572242967,0.02049976602714085,0,0,0,0.12559987583423868,0.03170730400637844,0.19309905780494016,0.18309659225331454,0.19399971057582255,0.18440175401962833,0.18060047918538483,0.1558013494082513,0.12059881506559457,0.13357950361885582,0.028999945025046995
GTM,0.11496153136724202,0.07800102336687702,0.09699970800077866,0.08300018653076364,0.10339972429540954,0.16008805769903067,0.09980947549822568,0.093001751995328,0.142201164405252,0.011000195733020161,0.021000073366973453,0.01372952932052424,0.019128473818222448,0.025429879868231666,5.072524647831915e-4,0.005860362947758664,1.2427853013673536e-4,0.002999958046652123,0.01,0.2129994389156306,0.22000182498403137,0.2167665952065196,0.19290142072619473,0.34100531859422256,0.24399665424682535,0.16960242250550878,0.20278451188119193,0,0.034,0.22399900830544195,0.012000182498403138,0.28306513308253184,0,0,0,0,0,0,0,0,0,0,0,0,0,0.010000042259354108,0.008999940080292408,0.0185816050728886,0.008000028236224253,0.007000056610716408,0.0060000275470710575,0.005999933479678042,0.012200162623661744,0.011999883013570425,0.0030000218040686396,0.003999999999999999,0.022470558423878417,0.005,0.009127220011330765,0.20200147404302363,0.18999858964801644,0.19500581363158184,0.17999958381599118,0.27384048784752585,0.1659688042288226,0.012000040109096742,0.02399930477100895,0,0,0,0.12502612482010894,0.03280060171716833,0.18199869643642094,0.18299875132071847,0.19400313269187736,0.1890001983733386,0.17400233599377068,0.1639980091064944,0.14200698264917477,0.13357950361885582,0.028999945025046995
GUY,0.11496232846511022,0.078,0.09699972625239528,0.08740394106999416,0.10339972429540954,0.1330002393489708,0.09980947549822568,0.10246665718044737,0.1421990066792259,0.010999999999999998,0.02100008117542008,0.01372952932052424,0.017999755732649385,0.012596367074264342,5.072524647831915e-4,0.005860362947758664,1.2427853013673536e-4,0.0029999821951588635,0.009999999999999998,0.21299883200311467,0.2199973311773433,0.20361416445825672,0.1757780132548732,0.3409983229752392,0.24399833822962108,0.16959783710713078,0.20278451188119193,0,0.034000762247063956,0.19238403967287468,0.01200021900208052,0.28306513308253184,0,0,0,0,0,0,0,0,0,0,0,0,0,0.010000053323663976,0.00900009862905612,0.03205585315450966,0.008000061598164375,0.0069999374726442826,0.0060000865875833405,0.006,0.0121999141999142,0.011999551647187095,0.0029999649639128306,0.004,0.022470558423878417,0.005,0.0064755093732558715,0.202000461644995,0.19000353076176185,0.19499844269102992,0.1799999349675976,0.2324402743921733,0.15716492227833104,0.009024013572242967,0.020374820037509758,0,0,0,0.125,0.03280141318919033,0.18199317923455854,0.18300084441629724,0.1940028265912909,0.18900135483184824,0.17400692933687859,0.1538734990398524,0.11226655840873212,0.13357950361885582,0.028999945025046995
HND,0.11496195038932894,0.07800074424245766,0.09699972625239528,0.08300020941865012,0.10339972429540954,0.13299775389058238,0.09980947549822568,0.09299838131208937,0.14219572276340836,0.011000065342394144,0.021000130986327043,0.013999797221940587,0.019128473818222448,0.015244663871453264,5.072524647831915e-4,0.0035000182501733765,1.2427853013673536e-4,0.002999962525763538,0.009999999999999998,0.21299908661573427,0.21508650792794234,0.2137444541732851,0.17985299316062245,0.3409942573486471,0.24400269541778977,0.16960131580429666,0.20278451188119193,0,0.033999897530484685,0.19238403967287468,0.012000208572322452,0.28306513308253184,0,0,0,0,0,0,0,0,0,0,0,0,0,0.009999917128330923,0.00900001291806074,0.014418488297618347,0.007999918147775098,0.006999796623957697,0.005999793402658219,0.0059998691784406075,0.012199894107940023,0.012000232281292645,0.0030001029336078227,0.004,0.022470558423878417,0.005000132731616671,0.009935626847569379,0.20199558580099317,0.18999660168679908,0.19499702793738855,0.17999893823833515,0.2324402743921733,0.15793588624516625,0.011999806439125104,0.024000073000693508,0,0,0,0.1250006793843528,0.03280174156228221,0.18199504337050804,0.1857299706772218,0.1940011121924093,0.1889979596463387,0.17399909155797808,0.1640028757880765,0.14200188596793853,0.13357950361885582,0.028999945025046995
HRV,0.10366357719499535,0.06499992581272164,0.0991015274034142,0.06047087781255852,0.10339793169375162,0.1688977096450406,0.09980947549822568,0.10246665718044737,0.1293110444439195,0.011022216288330992,0.01890047216656904,0.01372952932052424,0.019128473818222448,0.025429879868231666,5.072524647831915e-4,0.005860362947758664,1.2427853013673536e-4,4.004003390206e-4,0.0030000618658747834,0.2160027114401919,0.23820002085723224,0.23562921828097017,0.19846200765213926,0.34793416971916524,0.2580003945940614,0.19951646743815407,0.20278451188119193,0,0.03330024266490183,0.20449752615783923,0.008400155098875534,0.17989170399090848,0,0,0,0,0,0,0,0,0,0,0,0,0,0.008799935370050131,0.0109998937609992,0.019428477189229257,0.008500105460365512,0.0070000906207521515,0.0075997090203685745,0.01879971219256934,0.010899963188416621,0.011976721918301804,0.0025999696153138816,0.005399999999999999,0.024499127609650444,0.0071999855590268325,0.00814842185893642,0.1731988063095069,0.1688025630756908,0.13910058923012292,0.18600271451486164,0.2136063326231175,0.16503782449975768,0.008499999999999999,0.020499534817147357,0,0,0,0.1256761280877582,0.03219467275884404,0.1931038520079616,0.18309977959783408,0.19399853311648965,0.18439724467852667,0.18059796235757133,0.15580235209137488,0.12060026261489401,0.13357950361885582,0.028999945025046995
HTI,0.11496216275037625,0.07800044002323188,0.0997308319221769,0.08740354956624657,0.10339972429540954,0.16008805769903067,0.09980947549822568,0.09504667402282557,0.1422014702960461,0.011000040728635287,0.021000022427056002,0.01400000860929718,0.01799944246595001,0.01199984554940971,5.072524647831915e-4,0.0035000152082002613,1.2427853013673536e-4,0.0030000365003467534,0.009999999999999998,0.2130014767168326,0.22,0.2071901285014533,0.15487212330152822,0.34793416971916524,0.2440006169031462,0.19951646743815407,0.20278451188119193,0,0.03400036943537959,0.22400345788108733,0.008656405041611992,0.28306513308253184,0,0,0,0,0,0,0,0,0,0,0,0,0,0.009999954231524411,0.00899990001499775,0.031006376635950395,0.008000050876345043,0.006999819429396894,0.006000095210892126,0.006000086557604086,0.0122,0.012000083500624514,0.003,0.003999977902505856,0.022470558423878417,0.004999942042424945,0.009271425908889425,0.20200489405483565,0.19000072406053145,0.19500103820598008,0.17999879027989898,0.20802773296123492,0.1665486790958673,0.009024013572242967,0.024000073000693508,0,0,0,0.1255414777166515,0.032859712730175246,0.1820080130381638,0.18299875132071847,0.1939987334989527,0.1890051577068042,0.17399746934008176,0.1538734990398524,0.11226655840873212,0.13357950361885582,0.028999945025046995
HUN,0.10366362617957751,0.06500065884833311,0.0990979247053916,0.06046991757452006,0.10339772693551738,0.1688964384484719,0.09980947549822568,0.10246665718044737,0.10731241785591601,0.011022216288330992,0.018900339387154803,0.01372952932052424,0.019128473818222448,0.025429879868231666,5.072524647831915e-4,0.005860362947758664,1.2427853013673536e-4,4.004003390206e-4,0.002999969583599477,0.2159990641085634,0.23820849975317507,0.25013492908446594,0.1512418736056431,0.34793416971916524,0.25799957969716075,0.19951646743815407,0.20278451188119193,0,0.03330036372918129,0.20449858563737566,0.0084000875997664,0.17989705194197472,0,0,0,0,0,0,0,0,0,0,0,0,0,0.008799942426023437,0.011000308096654322,0.015517597451837905,0.008500024104517187,0.007000376769470908,0.007599937392393175,0.018799901882627094,0.010899940592378851,0.011976721918301804,0.00259996659515943,0.0054001065935739305,0.02450013035717867,0.0071998566962712136,0.009557145419116998,0.17319865896894848,0.16880275396378802,0.1391002856280076,0.18600022823234053,0.24042513496810902,0.16831084083677314,0.00849995591995063,0.02050003075850473,0,0,0,0.12590358273630636,0.031563964147084025,0.19309925256387972,0.18310362543838093,0.19400471968875566,0.18439832378685314,0.18060151839595096,0.1558013494082513,0.12060068179146584,0.16400218998083765,0.028999945025046995
IDN,0.10366310915764511,0.06899986390018176,0.0997308319221769,0.060470922732926875,0.10339972429540954,0.16889721627408993,0.1078067970165958,0.10246665718044737,0.10731241785591601,0.008000040157636978,0.022000232855978574,0.005999985739953798,0.019128473818222448,0.01400013091575571,5.072524647831915e-4,0.005860362947758664,1.2427853013673536e-4,3.9998793399897433e-4,0.0020000365003467534,0.21299964265659296,0.2509976640062293,0.23032544978552286,0.10420219661107542,0.3460016717748677,0.25799475497103486,0.19951646743815407,0.20278451188119193,0,0.033300056933839764,0.20449858563737566,0.008656405041611992,0.28306513308253184,0,0,0,0,0,0,0,0,0,0,0,0,0,0.00879998684917095,0.011000034080452588,0.017809736407065284,0.008500237454487889,0.007000053285021581,0.006299772742924041,0.01469619802650542,0.010899912495714337,0.011976721918301804,0.002599990987743331,0.005400098264002621,0.018100275758335425,0.0072000519109726826,0.013705679775705477,0.17320092112838226,0.16880299743640306,0.1391004398969052,0.18599895687592619,0.23817750699675194,0.16311626918117947,0.00849993616749649,0.020499306518723993,0,0,0,0.12784629862986652,0.034265147500441615,0.192602334072119,0.18309944073681367,0.19399790660980146,0.18479631597591217,0.1805985327231786,0.1558039057549398,0.12059881506559457,0.13357950361885582,0.028999945025046995
IND,0.11919326943179154,0.06999990722959747,0.1100010950104026,0.10999988769218676,0.10339972429540954,0.1359986373369671,0.11891047479766674,0.09957058585391243,0.10731241785591601,0.010000276766810123,0.019999958172209197,0.009999999999999998,0.019128473818222448,0.025429879868231666,5.072524647831915e-4,0.009999999999999998,1.2427853013673536e-4,4.004003390206e-4,0.003357359545743184,0.23999446649569559,0.2,0.18978721421734301,0.20641538453356864,0.4299981750159686,0.24999634999196996,0.19951646743815407,0.20000365003467535,0,0.0450002538586515,0.17999854003941892,0.008656405041611992,0.28306513308253184,0,0,0,0,0,0,0,0,0,0,0,0,0,0.019999866411512655,0.00999987246687327,0.029389773102531477,0.01,0.01,0.009999999999999998,0.0188002854339488,0.009999938708965652,0.011976721918301804,0.002242413617012231,0.00444499350857397,0.01,0.006150558804913938,0.010000359605962784,0.22999947663160097,0.21000074744001793,0.1900019120458891,0.2600006220259385,0.15999888171321536,0.16459172654634005,0.009024013572242967,0.020374820037509758,0,0,0,0.1299987999108505,0.03239841338368753,0.17999904893242666,0.19000123938774244,0.200002249617565,0.1919997619567158,0.10999867274255629,0.1538734990398524,0.09999999999999999,0.13357950361885582,0.028999945025046995
IRL,0.10366339643452781,0.06500023457658925,0.09909966906754915,0.060469017158373224,0.1034045659676135,0.16889914259150854,0.09980947549822568,0.10246665718044737,0.12181936167197487,0.011022216288330992,0.01890012556877253,0.01372952932052424,0.019128473818222448,0.025429879868231666,5.072524647831915e-4,0.005860362947758664,1.2427853013673536e-4,4.004003390206e-4,0.003,0.21599959724110154,0.2381979427468251,0.24424131627056675,0.16732733264836816,0.3649034107039055,0.2580028328611898,0.20780555067389453,0.20278451188119193,0,0.033300234544863125,0.20449858563737566,0.008400251187252248,0.17989913170072272,0,0,0,0,0,0,0,0,0,0,0,0,0,0.008800088147794469,0.011000024514410388,0.02192560427055843,0.008499828920640834,0.007,0.00760002700695429,0.01880005797898633,0.010899952077670756,0.012999969481490525,0.0025999854686684677,0.005399844418514196,0.02450013035717867,0.007199881220233677,0.006478150067804854,0.1731992046774416,0.16879613385852835,0.1391006825335078,0.18600101441924496,0.28912903640807924,0.16623567042176693,0.008499965492649935,0.020500352812880877,0,0,0,0.1256009342459532,0.03152267520494091,0.1930934416715032,0.1830987192976091,0.19399948360444103,0.18440023010850806,0.18060021947612007,0.15579962615168508,0.1205970840083314,0.16399854001277486,0.028999945025046995
IRN,0.12977579057299327,0.06500047467484772,0.09909889357819093,0.09420086724190792,0.10339972429540954,0.16008805769903067,0.09980947549822568,0.10246665718044737,0.10731241785591601,0.011022216288330992,0.01889994316766815,0.01372952932052424,0.019128473818222448,0.025429879868231666,5.072524647831915e-4,0.005860362947758664,1.2427853013673536e-4,4.004003390206e-4,0.0030000598372427,0.21599984948401238,0.21508650792794234,0.22241868278011803,0.2160506406492827,0.34793416971916524,0.25800615736185606,0.19951646743815407,0.20278451188119193,0,0.03330000957171876,0.19238403967287468,0.008399945250479058,0.17989705194197472,0,0,0,0,0,0,0,0,0,0,0,0,0,0.008800078276167104,0.011000050531477035,0.01348025956089768,0.008500053950357262,0.007000024630339653,0.007600023907716216,0.018800071212390957,0.01090003802398594,0.011976721918301804,0.002600080553270153,0.005400223191640458,0.024500129197376676,0.007199973207935968,0.010156557386541074,0.17319514018274518,0.16879569483325632,0.13973014445587123,0.18600070535470692,0.22239634068866207,0.16273060737860529,0.008500086480253676,0.02050005475052013,0,0,0,0.1256034770497926,0.03401610097543888,0.19310124349589913,0.18310120502968916,0.19399996034342593,0.18440012695725772,0.18060219449467102,0.1538734990398524,0.11226655840873212,0.1640033580319013,0.028999945025046995
IRQ,0.12977601668293215,0.06499999399671261,0.09909619109102646,0.09419888852258278,0.10339972429540954,0.16008805769903067,0.09980947549822568,0.10246665718044737,0.10731241785591601,0.011022216288330992,0.018900066380363147,0.01372952932052424,0.019128473818222448,0.025429879868231666,5.072524647831915e-4,0.005860362947758664,1.2427853013673536e-4,4.004003390206e-4,0.0029999087507984303,0.2160007891881227,0.2382026280112629,0.2457976888527709,0.1941248406091017,0.34793416971916524,0.24399457024752158,0.20779451786762482,0.20278451188119193,0,0.033299406871863266,0.20450264990582978,0.0084,0.28306513308253184,0,0,0,0,0,0,0,0,0,0,0,0,0,0.008800016856655218,0.011000176709666019,0.016105078196071036,0.00849974876175436,0.00699980674194528,0.007599954088074378,0.01469619802650542,0.010899965780768791,0.011976721918301804,0.002600031933578157,0.00444499350857397,0.02450007836217255,0.007199727102166126,0.007082010600122365,0.1732016581321629,0.16879777987223793,0.13973014445587123,0.18599872316654698,0.20759903662486506,0.16322675211875973,0.008500151653017894,0.020374820037509758,0,0,0,0.1256023410257758,0.03901270851871812,0.19310381188379816,0.1830973363699376,0.19400147524210626,0.18440092332107047,0.1713346078781201,0.1538734990398524,0.11226655840873212,0.13357950361885582,0.028999945025046995
ISL,0.10366354347969582,0.06500061002887471,0.0997308319221769,0.08208969268130276,0.10339928720658718,0.16889988153555535,0.09980947549822568,0.10246665718044737,0.10731241785591601,0.011022216288330992,0.018900339387154803,0.015700324030521587,0.019128473818222448,0.025429879868231666,5.072524647831915e-4,0.005860362947758664,1.2427853013673536e-4,4.004003390206e-4,0.0029999677942265787,0.216004122338998,0.23819256880064238,0.2137444541732851,0.16830599900091392,0.36490028868168695,0.2579987485660653,0.20779785508291276,0.26080227762163743,0,0.0333006809848088,0.19238403967287468,0.008399663086965676,0.28306513308253184,0,0,0,0,0,0,0,0,0,0,0,0,0,0.008799967368249307,0.010999887345703847,0.01733057386922305,0.008499920975074607,0.007000034156505105,0.007600073787124146,0.018800517640070433,0.01089995478254224,0.011976721918301804,0.0026000409025836797,0.005400055912776069,0.024500119731800767,0.00719988653712989,0.0062487691100990925,0.17319842641711866,0.16880005357771685,0.13910152323513494,0.18600016412468787,0.20929846446552453,0.16325916542344632,0.008500387027471051,0.020499887434316726,0,0,0,0.12559912598571316,0.03150290529221029,0.19310524036379384,0.18309938765897313,0.194000814297415,0.18879951659179947,0.18059838736918488,0.1538734990398524,0.12059881506559457,0.13357950361885582,0.028999945025046995
ISR,0.10366364817709281,0.06500073078913375,0.09909826093179705,0.06047129064049656,0.10339903275846335,0.16889654568283355,0.09980947549822568,0.10246665718044737,0.10731241785591601,0.011022216288330992,0.01889949612991757,0.01569996880361878,0.019128473818222448,0.025429879868231666,5.072524647831915e-4,0.005860362947758664,1.2427853013673536e-4,4.004003390206e-4,0.0029999324095978373,0.21599609540786013,0.2381999465859521,0.2286032329418715,0.1843776353729542,0.3648964321562186,0.25799777487166475,0.20780019601879074,0.20278451188119193,0,0.03330068560235064,0.20449936871102267,0.008400203723614963,0.1798976024663492,0,0,0,0,0,0,0,0,0,0,0,0,0,0.008800279233064881,0.011000132135754242,0.014448672154668047,0.008499854354791727,0.006999967429892845,0.007600010127607858,0.01469619802650542,0.01090011631348778,0.011976721918301804,0.0026000274502685256,0.005399985541820285,0.024500369065359386,0.007200089549759696,0.010255629200783824,0.17320054028543996,0.16880113522981752,0.13909802373377303,0.18599986617288317,0.2324402743921733,0.16266348133150502,0.00849995965464375,0.020374820037509758,0,0,0,0.12560143290291614,0.032055794127440876,0.19309864064133844,0.18309683622055656,0.19400394698167872,0.18440289625074388,0.18060076785810844,0.15580066363524642,0.1205996280053922,0.13357950361885582,0.028999945025046995
ITA,0.10366349814222496,0.06500014065488917,0.09910154422087038,0.06046969395554345,0.10339972885598081,0.16889897483098992,0.09980947549822568,0.10246665718044737,0.13125965952672614,0.011022216288330992,0.018899932825539957,0.015700034399724803,0.019128473818222448,0.025429879868231666,5.072524647831915e-4,0.005860362947758664,1.2427853013673536e-4,4.004003390206e-4,0.0030000486665368894,0.21600587087928005,0.2381983648043605,0.2538871640312861,0.16131539970046255,0.36490491659670765,0.25799865405892486,0.19951646743815407,0.20278451188119193,0,0.033299699488911795,0.19238403967287468,0.008399947149369097,0.28306513308253184,0,0,0,0,0,0,0,0,0,0,0,0,0,0.008799922976604143,0.011000016553824762,0.01936712706479958,0.008500027328194354,0.006999650152049302,0.0075998992189468375,0.018800066100679597,0.010899927838171281,0.01299935825445211,0.002599983207858722,0.005399937959762474,0.024499544211485872,0.0072000405556118825,0.008660162539041588,0.17319974166696567,0.16880148922686947,0.13910060921122805,0.18600070415164,0.20482626357897524,0.1644799557536046,0.008500008158337005,0.02049996127333282,0,0,0,0.12560115337259758,0.03307805978054505,0.19310387558474548,0.18310570114080507,0.1939947053086248,0.18439925421671077,0.18060241702963006,0.1558002476269088,0.12060005037983745,0.16399961579099032,0.028999945025046995
JAM,0.10366385545605315,0.06499965853892438,0.09909966906754915,0.06047043151185874,0.10339972429540954,0.16890144986312483,0.09980947549822568,0.10246665718044737,0.10731241785591601,0.013599839561468013,0.018900106159322246,0.01569991139593878,0.015300219610259758,0.02000010564459047,5.072524647831915e-4,0.005860362947758664,1.2427853013673536e-4,4.004003390206e-4,0.0030000135184459196,0.21600161723251088,0.23820232656713605,0.2348832209385637,0.15487212330152822,0.36490491659670765,0.2580013557200959,0.20779317336938152,0.20278451188119193,0,0.033300092010512344,0.20450049275468118,0.008400189801803116,0.28306513308253184,0,0,0,0,0,0,0,0,0,0,0,0,0,0.008800037183759277,0.010999846358238361,0.013978722692440082,0.00849998656624186,0.0070000396378235435,0.007600128342842794,0.018799519218976133,0.010900094284114191,0.013000067365341495,0.0026000450614395397,0.0053999713726799944,0.022470558423878417,0.007200032146588443,0.0111429420791433,0.17320139262097808,0.1688022890554536,0.1390999390084517,0.1860001684021443,0.2324402743921733,0.16329169176518535,0.008500000000000002,0.020500669181165592,0,0,0,0.1255990277271223,0.035333755448110814,0.1930977615017098,0.18309864566324083,0.19400148076430218,0.18439950423208915,0.18059988217514922,0.1558013494082513,0.12060190149403102,0.13357950361885582,0.028999945025046995
JOR,0.129776013009144,0.06500008159461258,0.09909966906754915,0.09420082699474194,0.10339972429540954,0.16889721627408993,0.09980947549822568,0.10246665718044737,0.1329976360633814,0.011022216288330992,0.01889990839819662,0.01569972118173881,0.019128473818222448,0.025429879868231666,5.072524647831915e-4,0.005860362947758664,1.2427853013673536e-4,4.004003390206e-4,0.002999969583599477,0.2159975149491341,0.23820338639359223,0.22411946641979463,0.1913950649427268,0.36490491659670765,0.25799799251756544,0.20780295246850158,0.20278451188119193,0,0.0332997311827957,0.20450173812282735,0.008399954374936633,0.17989892372484792,0,0,0,0,0,0,0,0,0,0,0,0,0,0.008800006974676113,0.010999920728093585,0.015167802220207032,0.008500133873153157,0.00699989753048468,0.007599738779387319,0.01879984301412873,0.010899851319264141,0.011976721918301804,0.002600003358635051,0.005400017040129505,0.02449944564012261,0.007199969965710854,0.00853637158053026,0.1731966342619067,0.16879934398718485,0.13910000860412425,0.18600054374124755,0.3077650387135199,0.16352266830914017,0.008500118768875768,0.020499421347814475,0,0,0,0.12559993018211496,0.03978897491881844,0.19310308239163881,0.18310120068610636,0.19400126410143456,0.1844016400696145,0.18060219449467102,0.1558013494082513,0.1206014600084638,0.13357950361885582,0.028999945025046995
JPN,0.11208883333696865,0.07399991407798519,0.08099838969404187,0.0817179646870748,0.10340183231740702,0.12199430615373386,0.10733427067962246,0.10246665718044737,0.10440247803255602,0.02100038624951719,0.020000046705073805,0.013999937510740343,0.019000497074905365,0.021980304109983743,5.072524647831915e-4,0.005860362947758664,0.0010000084101460002,4.000041754089291e-4,0.0029999677942265787,0.21600113653749478,0.2029996350001659,0.23878116677694286,0.14509098845446194,0.35000098382590217,0.24799697320395267,0.19951646743815407,0.20278451188119193,0,0.03999959890098871,0.18399459276782698,0.008399965933424177,0.28306513308253184,0,0,0,0,0,0,0,0,0,0,0,0,0,0.008999826586117688,0.010999991128800938,0.01738407715619902,0.008000111099795391,0.010999888474454456,0.007000140548137738,0.009999999999999998,0.013999737032410758,0.011976721918301804,0.0019999895340561814,0.004999801200747485,0.018099630996309964,0.004999999999999999,0.0069982721915077,0.19899846968466883,0.1899996910624363,0.13200022373867323,0.19299946540054186,0.1990634868850002,0.1599889852821607,0.013999883368322835,0.020374820037509758,0,0,0,0.13296452856621854,0.029994082922364763,0.1779953167685703,0.18600422336931016,0.18499767225325883,0.18499715371121206,0.16799842366011108,0.1520011085776193,0.10899800975337236,0.12999929809784516,0.02900047929801276
KAZ,0.10366365730244673,0.06500205908489932,0.09910039475511297,0.06047325999111613,0.10339903275846335,0.16890557320242564,0.10780948204758772,0.10246665718044737,0.13294586167299743,0.011022216288330992,0.018899992039552182,0.01372952932052424,0.019128473818222448,0.025429879868231666,5.072524647831915e-4,0.005860362947758664,1.2427853013673536e-4,4.004003390206e-4,0.002999954375399215,0.22231167853851735,0.23819670513958766,0.2137444541732851,0.16950725478556222,0.36490169359548374,0.2580004508808279,0.2077897938492734,0.20278451188119193,0,0.0333001087986523,0.19238403967287468,0.008399896387698395,0.28306513308253184,0,0,0,0,0,0,0,0,0,0,0,0,0,0.008800241078564535,0.010999938890884457,0.012365407570109694,0.008500057772128948,0.007000076120879958,0.007599954088074378,0.018799494156637016,0.010899989742537695,0.011976721918301804,0.002599960684615415,0.005400017040129505,0.02450009359039495,0.007199951456042895,0.01226815298086713,0.17319859325776024,0.16879955209406025,0.13909986648413866,0.18600043708329303,0.21334776063310162,0.16401453127658558,0.008500174118025235,0.02050001771855842,0,0,0,0.12568540351929605,0.03165249857026621,0.1930969916364998,0.18309693806764213,0.19400206215937546,0.18439512419503218,0.1805985947622958,0.1558013494082513,0.1206001375370292,0.13357950361885582,0.028999945025046995
KEN,0.10601487172509635,0.06852267401400348,0.09799978099791949,0.08605389690373576,0.10339972429540954,0.14849821306364536,0.07800514662307549,0.10411022819594032,0.0960422754490114,0.011499882073835652,0.01879975193924545,0.014766559104584638,0.019190161482649203,0.03529739058055252,0.006000033265139797,0.005860362947758664,1.2427853013673536e-4,4.004003390206e-4,0.003999904783064081,0.22130161660067285,0.22299820759328665,0.21548806953610208,0.13493830139309695,0.3197066728606032,0.2169934640522876,0.19951646743815407,0.20278451188119193,0,0.03599912261460846,0.18200542288038377,0.008656405041611992,0.28306513308253184,0,0,0,0,0,0,0,0,0,0,0,0,0,0.010150069908342396,0.01107266018761907,0.021554507759184608,0.009000000000000001,0.004,0.006999986226464471,0.018800868149755835,0.013999952944498035,0.012000340338636943,0.003,0.00435991319604765,0.015,0.006000065700144539,0.00916760173003789,0.1839974486632058,0.16449884714498847,0.16799920577139452,0.1950009432182607,0.2950608253160531,0.17655323164102163,0.00800004227123337,0.02099969583291088,0,0,0,0.12600151104003982,0.03419978267197752,0.17219934825453198,0.1979997118432427,0.1939744501840453,0.20799031957310904,0.17899639379206636,0.1538734990398524,0.11226655840873212,0.13357950361885582,0.028999945025046995
KGZ,0.10366345503763899,0.06500029376340295,0.09910209146986895,0.06047041869990604,0.10339935760171307,0.16890177133655396,0.09980947549822568,0.10246665718044737,0.12958803039312308,0.011022216288330992,0.018900224162192596,0.01372952932052424,0.019128473818222448,0.025429879868231666,5.072524647831915e-4,0.005860362947758664,1.2427853013673536e-4,4.004003390206e-4,0.0030000561545372867,0.21600175201664415,0.23819991704686852,0.2137444541732851,0.1542975353040047,0.34793416971916524,0.25800584012653605,0.19951646743815407,0.20278451188119193,0,0.038581393264299296,0.19238403967287468,0.008399854001277489,0.17989705194197472,0,0,0,0,0,0,0,0,0,0,0,0,0,0.008800049470495942,0.010999975376129621,0.015467407331964179,0.008500022019641519,0.00700005328502158,0.007599944905478461,0.01880001569889519,0.010900072978890181,0.011976721918301804,0.0026000964680995566,0.005399967282839849,0.024499438472645595,0.007199907247571691,0.009550018931492222,0.17320121004284506,0.1687971960802346,0.13910026598820402,0.18599866399465598,0.21365454689801214,0.163295943435796,0.008500082219455472,0.020500045624600786,0,0,0,0.1257287971979046,0.032196573148560344,0.1930962935018391,0.18309960618576504,0.19400316098442086,0.18440155626087845,0.1805971238776553,0.1538734990398524,0.12059881506559457,0.13357950361885582,0.028999945025046995
KHM,0.106471561493,0.0706665013325,0.101843550763,0.0676773353342,0.103398885007,0.150328045063,0.0998094754982,0.10246665718,0.13108025897,0.0123333131757,0.0213330679667,0.00857651918753,0.0170856694227,0.0217614794659,0.000507252464783,0.00586036294776,0.000416189643401,0.000399995007401,0.00278577434935,0.216104304115,0.223026201959,0.303374368172,0.136026604741,0.347333410223,0.254669755324,0.202277710298,0.202784511881,0,0.0368210937205,0.200461343922,0.0089188539977,0.283065133083,0,0,0,0,0,0,0,0,0,0,0,0,0,0.00933794964825,0.0108867048434,0.0145180120685,0.00833340349359,0.00727973831654,0.00657532039713,0.0144986999697,0.0119332777345,0.0119767219183,0.00240002963318,0.00526665874242,0.0224705584239,0.00646668321342,0.0107227188107,0.181801933691,0.175864581813,0.136732714054,0.188333772231,0.219760797738,0.164828945188,0.0105080756301,0.0204165640727,0,0,0,0.128768316553,0.030662197369,0.187732265017,0.184943113951,0.19099984662,0.184866780882,0.174423996589,0.154516694224,0.117822183373,0.132386214078,0.028999945025
KIR,0.106471561493,0.0706665013325,0.101843550763,0.0676773353342,0.103398885007,0.150328045063,0.0998094754982,0.10246665718,0.13108025897,0.0123333131757,0.0213330679667,0.00857651918753,0.0170856694227,0.0217614794659,0.000507252464783,0.00586036294776,0.000416189643401,0.000399995007401,0.00278577434935,0.216104304115,0.223026201959,0.303374368172,0.136026604741,0.347333410223,0.254669755324,0.202277710298,0.202784511881,0,0.0368210937205,0.200461343922,0.0089188539977,0.283065133083,0,0,0,0,0,0,0,0,0,0,0,0,0,0.00933794964825,0.0108867048434,0.0145180120685,0.00833340349359,0.00727973831654,0.00657532039713,0.0144986999697,0.0119332777345,0.0119767219183,0.00240002963318,0.00526665874242,0.0224705584239,0.00646668321342,0.0107227188107,0.181801933691,0.175864581813,0.136732714054,0.188333772231,0.219760797738,0.164828945188,0.0105080756301,0.0204165640727,0,0,0,0.128768316553,0.030662197369,0.187732265017,0.184943113951,0.19099984662,0.184866780882,0.174423996589,0.154516694224,0.117822183373,0.132386214078,0.028999945025
KOR,0.11208818189339143,0.0739999718443127,0.08100029594554602,0.08171564029537663,0.10340183231740702,0.16008805769903067,0.10732845024185465,0.10246665718044737,0.1186055001216841,0.02100056488173694,0.019999839648509533,0.014000272018002646,0.019128473818222448,0.015129501305514591,5.072524647831915e-4,0.005860362947758664,9.999922914450457e-4,3.999912522416131e-4,0.002999918890420958,0.21599961913225632,0.2030052317800219,0.2447434850025919,0.11031254995869587,0.34999883609953675,0.24799731053693208,0.19100003379634323,0.20278451188119193,0,0.03999971923125517,0.18400148478099482,0.008399945250479058,0.3239951533383471,0,0,0,0,0,0,0,0,0,0,0,0,0,0.0090001961132227,0.010999935603431623,0.020256771654057,0.008000046095163464,0.010999847758240087,0.007000000000000001,0.01,0.014000083135885605,0.011976721918301804,0.0019999480060313005,0.005,0.022470558423878417,0.005,0.006906904771493241,0.19899980172280848,0.19000106940434178,0.13199923567966074,0.19299985580490756,0.18401926986113737,0.15968345649785542,0.014,0.007,0,0,0,0.13268210269892658,0.02996780802121043,0.1779916635089049,0.18600049934284596,0.18500117196355773,0.18499892772892987,0.16799897841910355,0.15200117335449972,0.10899862399811537,0.1299981750159686,0.029000112435817887
KWT,0.12977578686106156,0.06500008542676364,0.09909845788849347,0.0941977264418641,0.10339972429540954,0.16008805769903067,0.09980947549822568,0.10246665718044737,0.13300150577212647,0.011022216288330992,0.018900059039622146,0.015699988552926362,0.019128473818222448,0.025429879868231666,5.072524647831915e-4,0.005860362947758664,1.2427853013673536e-4,4.004003390206e-4,0.0029999668181969006,0.2159975149491341,0.23820604069714388,0.2423740058095567,0.16229424233855338,0.34793416971916524,0.25799799251756544,0.20779883917419734,0.20278451188119193,0,0.03329931972789116,0.20449848312476301,0.008399975254160393,0.17990383602990206,0,0,0,0,0,0,0,0,0,0,0,0,0,0.008799978738510253,0.010999946819551878,0.015041888408704417,0.008499998942365252,0.006999951705597322,0.007600004669024525,0.018799467980725203,0.010900290274700767,0.011976721918301804,0.002600020198047168,0.005399911023424051,0.02450007228865894,0.007199941877361232,0.012614184571631267,0.17319631770498822,0.168801272113958,0.13973014445587123,0.18600007812152256,0.207598017124831,0.16392605326755863,0.008500011751709875,0.020500045624600786,0,0,0,0.12559891915984178,0.031887755571462485,0.1931016743054906,0.18309169989126495,0.19400098502048121,0.18440198980681785,0.18059508408796895,0.15580039988088654,0.12060020345879961,0.13357950361885582,0.028999945025046995
LAO,0.10366200806728965,0.06900000967215227,0.0997308319221769,0.06047174638758254,0.10339972429540954,0.16008805769903067,0.09980947549822568,0.10246665718044737,0.13300077339520497,0.008000040759346629,0.022000077044570285,0.006000028242072215,0.019128473818222448,0.025429879868231666,5.072524647831915e-4,0.005860362947758664,1.2427853013673536e-4,3.9999619793547894e-4,0.003357359545743184,0.2130012338062924,0.21508650792794234,0.34099725166862976,0.15487212330152822,0.3460060706189726,0.2580039628741266,0.19951646743815407,0.20278451188119193,0,0.038581393264299296,0.2044994993378339,0.008656405041611992,0.28306513308253184,0,0,0,0,0,0,0,0,0,0,0,0,0,0.010213778915956038,0.010660046528382611,0.015338489794317537,0.008499938202414795,0.007000034156505105,0.006300155776010495,0.01469619802650542,0.010899975656309426,0.011976721918301804,0.002600020277805941,0.0054,0.022470558423878417,0.007200078840173448,0.012861175769994994,0.17319966856965954,0.16879890209777748,0.13910072560500128,0.18600132546089893,0.2324402743921733,0.16365290412876138,0.009024013572242967,0.020374820037509758,0,0,0,0.12588161644162582,0.0306068339713597,0.19259953556214357,0.1857299706772218,0.19400119604891425,0.18479936522330537,0.1713346078781201,0.1538734990398524,0.12059881506559457,0.13357950361885582,0.028999945025046995
LBN,0.1297759201548318,0.06500015692182155,0.0990996628080787,0.09419567346212054,0.10339972429540954,0.16889853191661938,0.09980947549822568,0.10246665718044737,0.10731241785591601,0.013600060833858387,0.018900146905517227,0.015700483091787436,0.019128473818222448,0.016650391635899382,5.072524647831915e-4,0.005860362947758664,1.2427853013673536e-4,4.004003390206e-4,0.003,0.21600252483670893,0.23820172732880937,0.2295320778592627,0.18611289212287488,0.36490169359548374,0.25800102336687697,0.19951646743815407,0.20278451188119193,0,0.0332997634851606,0.20450414505475017,0.00839995022743298,0.17989705194197472,0,0,0,0,0,0,0,0,0,0,0,0,0,0.008799927622253964,0.010999988961375856,0.013927911246648706,0.008500004280565377,0.007000015985421295,0.007600307891751742,0.01469619802650542,0.01090010131078158,0.011976721918301804,0.002600009548717024,0.005400080926609681,0.024499999999999997,0.007200097877286353,0.009596698939770075,0.17320165758299175,0.1688012044659093,0.13909861542808702,0.18600034997819165,0.2324402743921733,0.1624982982502162,0.008500080727624992,0.020500297560007933,0,0,0,0.1256017656119574,0.034283870518348546,0.1931035587302604,0.18309467537884053,0.1939988979612283,0.1844053606572741,0.18059644335942174,0.1558013494082513,0.12059812589737777,0.13357950361885582,0.028999945025046995
LBR,0.10601468817,0.0685210307935,0.0991983067597,0.0874461705821,0.100107513301,0.158305044473,0.0796815733831,0.104109950747,0.0986113373421,0.0114632673403,0.0187999675177,0.0145272985222,0.0191665358706,0.0251259468266,0.00177481996438,0.00586036294776,0.000124278530137,0.000400400339021,0.00380226128381,0.221689041399,0.221173573427,0.261835151729,0.14361492804,0.330560951892,0.219077333568,0.199516467438,0.202784511881,0,0.0365955604361,0.185993828428,0.008597252617,0.279186973935,0,0,0,0,0,0,0,0,0,0,0,0,0,0.0101500315651,0.0109775092463,0.0183287266857,0.00895015853303,0.00518129400794,0.00703872488378,0.016274557694,0.0138143290264,0.0119874887458,0.00294171343792,0.00437306023048,0.0190226190068,0.00606947899309,0.00822632929032,0.183998591078,0.164499804549,0.165824150553,0.195000417629,0.270069353798,0.17747148245,0.0085514144204,0.0204710657473,0,0,0,0.126220770216,0.0355444389664,0.172197548328,0.192337772634,0.193970351283,0.206524050167,0.174871804211,0.154466584568,0.122225484316,0.135919710262,0.028999945025
LCA,0.10366373436476134,0.0650012755352342,0.0997308319221769,0.06047151882479839,0.10339972429540954,0.16889937290077078,0.09980947549822568,0.10246665718044737,0.10731241785591601,0.013600127110447925,0.01889998707346812,0.015700244852915816,0.015299958177790859,0.018810975609756097,5.072524647831915e-4,0.005860362947758664,1.2427853013673536e-4,4.004003390206e-4,0.0030000365003467534,0.21599671380787513,0.23819890009165903,0.24605252953631096,0.15487212330152822,0.36490555707637556,0.25799452499239584,0.20779771414526238,0.20278451188119193,0,0.03329922447221025,0.19238403967287468,0.008399793168476442,0.1798993916705662,0,0,0,0,0,0,0,0,0,0,0,0,0,0.0088,0.011000171126936695,0.01688589937023903,0.008499974810190119,0.0070000253119700305,0.007600250126393656,0.018800405140216494,0.010900071273146072,0.013000089702188735,0.002600005196762417,0.005399849586362497,0.024500236459231647,0.00720002095008642,0.008557237907702263,0.17319945573124385,0.1687932457309719,0.139098622907912,0.18600000993165366,0.2324402743921733,0.16727860505364991,0.009024013572242967,0.020500669181165592,0,0,0,0.12560095188460052,0.031726592322763834,0.19309613072080356,0.1830983313835355,0.19399912472647704,0.18440366972477062,0.18059644335942174,0.1558013494082513,0.12059951509808242,0.13357950361885582,0.028999945025046995
LKA,0.11012646574280453,0.07000008730451343,0.0997308319221769,0.11000042773429146,0.10339972429540954,0.13600029200277403,0.11890799722372175,0.10246665718044737,0.12546895692909807,0.01,0.019999758777484288,0.01,0.019128473818222448,0.025429879868231666,5.072524647831915e-4,0.01,1.2427853013673536e-4,4.004003390206e-4,0.003357359545743184,0.24000326868598826,0.19999771876996075,0.2407515121689339,0.20997052920410952,0.34793416971916524,0.25000182501733764,0.19951646743815407,0.20278451188119193,0,0.045000174739452885,0.17999320940497412,0.008400189801803116,0.21999688036187803,0,0,0,0,0,0,0,0,0,0,0,0,0,0.019999770579058457,0.010000090854853315,0.0173351143001341,0.01,0.009999999999999998,0.007125732721494391,0.01469619802650542,0.011585640526697204,0.010000000000000002,0.002242413617012231,0.00444499350857397,0.01,0.006150558804913938,0.009982702982005615,0.22999999999999998,0.20999382143960457,0.19000745712155107,0.260004901789153,0.2324402743921733,0.15715383523660104,0.008500336595722646,0.020374820037509758,0,0,0,0.13000048138490103,0.03140051826501493,0.17999895528625157,0.19000163728647054,0.20000128616122675,0.19199851687059694,0.10999976825566035,0.1558013494082513,0.09999999999999999,0.13000101389029708,0.028999945025046995
LSO,0.106014562582,0.0685213562746,0.0987415943581,0.0882476626259,0.100342754273,0.151809864193,0.0826773416047,0.103758100919,0.101423049649,0.0114317067879,0.0188000583944,0.0147665653163,0.0191680741635,0.0267542473028,0.00325360995999,0.00586036294776,0.000124278530137,0.000400400339021,0.00367866522037,0.221445463854,0.220738552543,0.259701572211,0.155798096425,0.32575128485,0.217000127813,0.184620229815,0.202784511881,0,0.0365530556121,0.186450059255,0.00854654352823,0.276465857767,0,0,0,0,0,0,0,0,0,0,0,0,0,0.0101499510917,0.0110432510072,0.0206267867991,0.00900004288271,0.00564532421039,0.00701791765076,0.0176275900902,0.013827447218,0.0119884056322,0.00299999251781,0.00435996834949,0.0171343443047,0.00599999898112,0.00926798662983,0.184000834803,0.164499607844,0.165981216484,0.195000532903,0.271402458646,0.17615829492,0.00843886032139,0.0209106726743,0,0,0,0.126241870787,0.0348258124836,0.172200735854,0.197124856694,0.193972738652,0.208001619949,0.177903626618,0.154836319573,0.140009586861,0.133579503619,0.028999945025
LTU,0.103663394591732,0.06500050694514854,0.09910128466670341,0.060469620135021634,0.10340004078793931,0.16890452598070896,0.09980947549822568,0.10246665718044737,0.12721575561688223,0.011022216288330992,0.018900093505273573,0.01372952932052424,0.019128473818222448,0.025429879868231666,5.072524647831915e-4,0.005860362947758664,1.2427853013673536e-4,4.004003390206e-4,0.003,0.22231167853851735,0.23819813829787234,0.2137444541732851,0.1763218149697947,0.36490555707637556,0.25799513339706265,0.19951646743815407,0.20278451188119193,0,0.03330030141624345,0.19238403967287468,0.008399708005515451,0.28306513308253184,0,0,0,0,0,0,0,0,0,0,0,0,0,0.008799916110131667,0.011000054119143295,0.015851200060538518,0.00850009230942118,0.0069998651018481056,0.007599907293977418,0.018800188390439183,0.010900010123848414,0.013000064545278514,0.0026000325529663888,0.0054001065935739305,0.024499544211485872,0.0071999756665095125,0.007965739067283584,0.17319929453262786,0.168799788158969,0.13909962737444442,0.18599980779798092,0.40982276672448015,0.16494326141716187,0.008499966234467856,0.02050007879007758,0,0,0,0.12659970557999073,0.03150888125744485,0.19310121234747413,0.18309600648506447,0.19399948397059025,0.18439260493533285,0.18059859652427826,0.15580066363524642,0.1205989766126489,0.16400772588322968,0.028999945025046995
LUX,0.10366355427203451,0.065,0.09909891070851473,0.06047135509881125,0.10340009531891149,0.16890351987845023,0.09980947549822568,0.10246665718044737,0.12937711269029722,0.011022216288330992,0.018900084589344918,0.015699801834185907,0.019128473818222448,0.025429879868231666,5.072524647831915e-4,0.005860362947758664,1.2427853013673536e-4,4.004003390206e-4,0.0030000640368852455,0.216004122338998,0.21508650792794234,0.2137444541732851,0.15487212330152822,0.36490169359548374,0.2579896342798745,0.19951646743815407,0.26080227762163743,0,0.033299797223522075,0.19238403967287468,0.008399859841737963,0.28306513308253184,0,0,0,0,0,0,0,0,0,0,0,0,0,0.00880000544786563,0.010999758424046324,0.018622578076795293,0.00849996526852924,0.006999945349218494,0.007599936673790865,0.01880019461563412,0.010899610410772217,0.01300021807872642,0.002599931547846961,0.00540007256984848,0.024500343800137516,0.00720004912194523,0.006264190642025392,0.1731989289788285,0.16879990494296576,0.1390999139718831,0.18600098594668743,0.2224122542081015,0.16661083873874996,0.00849990803752069,0.020500121666690522,0,0,0,0.12712020111720806,0.03176076030964591,0.1930967779189283,0.18309295465662662,0.19399591417458248,0.18440175401962833,0.18060004813220312,0.15579866955197563,0.12060175211833979,0.1640057858948535,0.028999945025046995
LVA,0.10366331286733442,0.0649998063666641,0.09909979977463342,0.0604704360268627,0.10339883306650649,0.16889852517957557,0.09980947549822568,0.10246665718044737,0.12432312060422736,0.011022216288330992,0.01889977492387131,0.01372952932052424,0.019128473818222448,0.025429879868231666,5.072524647831915e-4,0.005860362947758664,1.2427853013673536e-4,4.004003390206e-4,0.0029999324095978373,0.22231167853851735,0.21508650792794234,0.2137444541732851,0.16356789275793124,0.36490169359548374,0.2580069524913094,0.19951646743815407,0.20278451188119193,0,0.033298745689260535,0.20449994785691936,0.008400251187252248,0.17989393230385275,0,0,0,0,0,0,0,0,0,0,0,0,0,0.008800090360311744,0.011000091057457254,0.01477267151158084,0.008500189905940704,0.006999846884091257,0.0076,0.018799534094649684,0.010899801727274751,0.012999933150611672,0.0026000145211645975,0.005399919844268866,0.024500376034093756,0.007199976514795679,0.008353694289317566,0.17319738771158205,0.1687948922585794,0.13910018502688842,0.18600070815260691,0.2324402743921733,0.16704670963206417,0.008499941631970116,0.02049999055016915,0,0,0,0.12562071008672235,0.03155485846163842,0.19309638936928672,0.18309977959783408,0.19399944613160475,0.1843993876255554,0.18060387673956263,0.15579962615168508,0.12059567617295308,0.16399854001277486,0.028999945025046995
MAR,0.10685123650811498,0.06500182503954252,0.09910014972425157,0.06047093608879421,0.10340065701423531,0.16890161725067387,0.10780980924422388,0.09649639974870729,0.10731241785591601,0.011022216288330992,0.01889971438485973,0.015700064522075768,0.019128473818222448,0.025429879868231666,5.072524647831915e-4,0.005860362947758664,1.2427853013673536e-4,4.004003390206e-4,0.003000107353730542,0.21600026545442477,0.23819840898455777,0.24864153496094948,0.21284134154745582,0.34793416971916524,0.25800270102565975,0.19951646743815407,0.20278451188119193,0,0.03330057674984499,0.20450167291899016,0.008399770081908321,0.28306513308253184,0,0,0,0,0,0,0,0,0,0,0,0,0,0.00880001097023125,0.01100005101325069,0.017045652564598605,0.008500047064729692,0.0069998191518220445,0.007600325379609545,0.018799774159039582,0.010899879710541557,0.011976721918301804,0.00260000631535737,0.005399901380670611,0.024500158679784195,0.007199911390949096,0.009614729714682572,0.17320052990530393,0.1687998648035649,0.13910133843212238,0.18600064975406236,0.2077269689002975,0.16335626572862227,0.008499988608661973,0.020500045624600786,0,0,0,0.1256007306834684,0.032338322970397376,0.19309966753908184,0.18310488058151608,0.19399746735386872,0.18439979617092522,0.18060131529645848,0.1557982728548943,0.12059881506559457,0.13357950361885582,0.028999945025046995
MDA,0.10366355250510127,0.065,0.09910348360655738,0.06047020032194848,0.10339942466516132,0.16890105553911414,0.09980947549822568,0.10246665718044737,0.10731241785591601,0.011022216288330992,0.018899999677116263,0.01372952932052424,0.019128473818222448,0.025429879868231666,5.072524647831915e-4,0.005860362947758664,1.2427853013673536e-4,4.004003390206e-4,0.0030000561545372867,0.22231167853851735,0.23820003578457682,0.2137444541732851,0.15138998374650375,0.34793416971916524,0.25799412838213126,0.19951646743815407,0.20278451188119193,0,0.03329894012774619,0.2044894607172187,0.008400584019113354,0.28306513308253184,0,0,0,0,0,0,0,0,0,0,0,0,0,0.008800079990296259,0.010999992461800173,0.0139634935120567,0.008500007710456921,0.006999831734814067,0.00760002700695429,0.018800188390439183,0.010900336574420343,0.011976721918301804,0.0026000240925152583,0.005400148250389796,0.024499127609650444,0.007199898783900615,0.00901527155525103,0.1731982288828338,0.16880122802444464,0.1390993179151904,0.18600105282920237,0.20189139820352123,0.16685254039277636,0.008500118207301833,0.02050004866653689,0,0,0,0.1256114784355424,0.03437429869730869,0.19309164184959965,0.183100948131623,0.19399948360444103,0.18440090429540318,0.18060151839595096,0.1558013494082513,0.1206014600084638,0.13357950361885582,0.028999945025046995
MDG,0.10601531692663692,0.06852115358344187,0.0997308319221769,0.08605380881164726,0.08200167901595065,0.16008805769903067,0.09980947549822568,0.10411000535309609,0.09600035473572188,0.01150012321805752,0.018800100913922053,0.014766567918110362,0.019128473818222448,0.01701377687907661,0.006000134889053754,0.005860362947758664,1.2427853013673536e-4,4.004003390206e-4,0.003999999999999999,0.2213058067160165,0.22299980533385244,0.27713494588629545,0.1772704884653427,0.3197028871774282,0.21700125143393473,0.19951646743815407,0.20278451188119193,0,0.036,0.19238403967287468,0.008656405041611992,0.28306513308253184,0,0,0,0,0,0,0,0,0,0,0,0,0,0.010149843901559924,0.011072641967319205,0.019731827971720465,0.008999948678470619,0.004000090214032793,0.007000022605511224,0.01879998737493293,0.014000138887135263,0.011976721918301804,0.0030000858295425284,0.004360060148296662,0.022470558423878417,0.006,0.006816692713271137,0.18400396665322036,0.16449890040841972,0.16799861988657194,0.194992893470555,0.2959320529976141,0.1741980102834834,0.009024013572242967,0.020374820037509758,0,0,0,0.12833375863486712,0.03400081537518917,0.17219834533147094,0.19800502438303533,0.19396829488336126,0.2079974882977509,0.17899619276513068,0.1558013494082513,0.11226655840873212,0.16400218998083765,0.028999945025046995
MDV,0.12977580622705345,0.06500034339480101,0.09910209146986895,0.09420054750076043,0.10339972429540954,0.1689013261954009,0.10996793918360602,0.10246665718044737,0.10731241785591601,0.013599839561468013,0.01890008192843378,0.015699801631033725,0.015300430485660585,0.019804033376583572,5.072524647831915e-4,0.005860362947758664,1.2427853013673536e-4,4.004003390206e-4,0.0030000135184459196,0.21599598503513093,0.23819691577698693,0.24244627154104192,0.12891135608135684,0.3649016935954838,0.2579987485660653,0.20780019601879074,0.20278451188119193,0,0.03329965324821457,0.2044894607172187,0.008399881164587047,0.28306513308253184,0,0,0,0,0,0,0,0,0,0,0,0,0,0.008799972956592916,0.010999958979334501,0.017581235221940168,0.008499964624935883,0.006999904849503632,0.007599515665203573,0.018799939619603502,0.010900100643241588,0.011976721918301804,0.002600000689719388,0.005400039935682532,0.02450006139237916,0.007200025638834288,0.005291065027518139,0.17319666634735129,0.16879909578977112,0.13910133843212236,0.18599866399465598,0.2174916728742452,0.16325916542344632,0.009024013572242967,0.020374820037509758,0,0,0,0.12561202742361274,0.03285358569373553,0.19310010307403142,0.18309930018753143,0.1940002340257047,0.18440068632504136,0.18060102134345946,0.15580196048611208,0.12059930920745558,0.13357950361885582,0.028999945025046995
MEX,0.11496254494273346,0.0779982195090932,0.0997308319221769,0.08299991334283938,0.11400153301456363,0.13300091252770174,0.09980947549822568,0.10246665718044737,0.14217393241106466,0.011000065179133987,0.020999996387035237,0.014000557639663389,0.019128473818222448,0.014721437450559387,5.072524647831915e-4,0.0035000631729675854,1.2427853013673536e-4,0.0030000407495590314,0.01,0.21299748209162062,0.22000208572322452,0.223858692938825,0.17389275274469165,0.34099826626517016,0.24400196121159295,0.16959783710713078,0.20278451188119193,0,0.03400028077071562,0.22399376182101732,0.012000224618149147,0.28306513308253184,0,0,0,0,0,0,0,0,0,0,0,0,0,0.01000004556452164,0.009000161924809739,0.017701564675478697,0.008000053041956187,0.0070000180808939185,0.0060000524136485135,0.006000184450797749,0.012200112011521186,0.011976721918301804,0.003000017566562634,0.004000024024889786,0.019000000000000003,0.004999894977840324,0.009263737343144948,0.20199944615903265,0.1899995017190692,0.19499877380175493,0.1800001947780018,0.22204715517243862,0.16665714179513624,0.011999647639182523,0.02400048667721134,0,0,0,0.1250150443111701,0.03280548520799412,0.18199946106170845,0.1829956001735143,0.19399553386816643,0.18900030518376423,0.17400431965442764,0.16400093847932834,0.14200122501252854,0.16999954375399215,0.028999945025046995
MKD,0.10366372891466762,0.06500052518250092,0.0997308319221769,0.06047088052555438,0.10340107839070925,0.1688953777748283,0.09980947549822568,0.10246665718044737,0.10731241785591601,0.011022216288330992,0.01889989451182322,0.01372952932052424,0.019128473818222448,0.025429879868231666,5.072524647831915e-4,0.005860362947758664,1.2427853013673536e-4,4.004003390206e-4,0.0029999324095978373,0.2160006567480866,0.23820107544402805,0.23256873282525414,0.22029285958304634,0.3648853384753117,0.2580090203189659,0.19951646743815407,0.20278451188119193,0,0.03329995320542817,0.20449791529206968,0.008400017176412491,0.17989913170072272,0,0,0,0,0,0,0,0,0,0,0,0,0,0.008800036828187007,0.011000028504867853,0.01251649333869011,0.008499968385444659,0.007000120554550934,0.007599957619823327,0.018799494156637016,0.01089995294922794,0.012999826899774969,0.0026000360722475586,0.005400006223356256,0.02450009359039495,0.007200066860748562,0.007498260780891612,0.17319917382603733,0.1687987012987013,0.1391004398969052,0.1859990161654199,0.2324402743921733,0.16681046851982934,0.008499951381310978,0.020499562001167995,0,0,0,0.1255983152824328,0.03331001535747634,0.1930966937733721,0.18309765208110992,0.1940031516283413,0.18439783172283764,0.18060151839595093,0.15580196048611206,0.1206014600084638,0.13357950361885582,0.028999945025046995
MLI,0.10601416946809514,0.06852115416055693,0.0997308319221769,0.0904417981560611,0.10339972429540954,0.16008805769903067,0.07800516151997863,0.10410971449136469,0.096,0.01149997517008492,0.01880005672784815,0.014766791685556882,0.019190172158948034,0.025429879868231666,5.072524647831915e-4,0.005860362947758664,1.2427853013673536e-4,4.004003390206e-4,0.004,0.22231167853851735,0.22300031285848368,0.21119240265094633,0.12208886801873699,0.31971585804132974,0.21700359389038634,0.19951646743815407,0.20278451188119193,0,0.0360000701926789,0.18199835751437174,0.008656405041611992,0.2746559317368566,0,0,0,0,0,0,0,0,0,0,0,0,0,0.01015035875874046,0.011073153832829731,0.006000854837068726,0.009000030939636769,0.003999881590243036,0.007125732721494391,0.01469619802650542,0.013999904002653017,0.011976721918301804,0.0029999688036187805,0.004360065206154825,0.022470558423878417,0.006000065700144539,0.00571003319084998,0.18400133828167112,0.16449735732208637,0.16799601497403696,0.19500166350274967,0.29541476018412177,0.18252999371904288,0.009024013572242967,0.020374820037509758,0,0,0,0.1260009765625,0.03694198315256138,0.17219538760240563,0.1857299706772218,0.19397554868169098,0.20799971146216548,0.17899639379206636,0.1538734990398524,0.11226655840873212,0.13357950361885582,0.028999945025046995
MLT,0.10366346770860435,0.06499958803658236,0.09910209146986897,0.060470276156245645,0.10339988914874346,0.16890076174354635,0.09980947549822568,0.10246665718044737,0.10731241785591601,0.011022216288330992,0.0189002432934298,0.015700444995212077,0.019128473818222448,0.025429879868231666,5.072524647831915e-4,0.005860362947758664,1.2427853013673536e-4,4.004003390206e-4,0.0030000146000321195,0.21600231080300406,0.23819840898455777,0.2589551016301941,0.17735354968965825,0.3648964321562186,0.25799850411368735,0.2077968163844672,0.20278451188119193,0,0.03330062646237452,0.20450777911274012,0.00839993535092327,0.28306513308253184,0,0,0,0,0,0,0,0,0,0,0,0,0,0.008800062465116413,0.011000023507414781,0.022747159640118874,0.008499952273701185,0.007000026248785994,0.007600059685731668,0.018800213117261967,0.01089981658743122,0.011976721918301804,0.002599995591786869,0.005399943867527365,0.024501002769554008,0.007200019466614756,0.007918123347496576,0.1731998481222546,0.16879947039691448,0.13909924341418195,0.1859998418061221,0.22352737101423595,0.16731701458964587,0.009024013572242967,0.02049994469638314,0,0,0,0.12564094711317603,0.03331458384705199,0.19310121307528474,0.1831001831430464,0.19400227527272407,0.18439925421671077,0.18060077194160093,0.15580066848982072,0.12059722073630279,0.16400081111223766,0.028999945025046995
MMR,0.106471561493,0.0706665013325,0.101843550763,0.0676773353342,0.103398885007,0.150328045063,0.0998094754982,0.10246665718,0.13108025897,0.0123333131757,0.0213330679667,0.00857651918753,0.0170856694227,0.0217614794659,0.000507252464783,0.00586036294776,0.000416189643401,0.000399995007401,0.00278577434935,0.216104304115,0.223026201959,0.303374368172,0.136026604741,0.347333410223,0.254669755324,0.202277710298,0.202784511881,0,0.0368210937205,0.200461343922,0.0089188539977,0.283065133083,0,0,0,0,0,0,0,0,0,0,0,0,0,0.00933794964825,0.0108867048434,0.0145180120685,0.00833340349359,0.00727973831654,0.00657532039713,0.0144986999697,0.0119332777345,0.0119767219183,0.00240002963318,0.00526665874242,0.0224705584239,0.00646668321342,0.0107227188107,0.181801933691,0.175864581813,0.136732714054,0.188333772231,0.219760797738,0.164828945188,0.0105080756301,0.0204165640727,0,0,0,0.128768316553,0.030662197369,0.187732265017,0.184943113951,0.19099984662,0.184866780882,0.174423996589,0.154516694224,0.117822183373,0.132386214078,0.028999945025
MNE,0.10366350687379025,0.06500033640584,0.09909663290446208,0.060469340925508853,0.10340040555295588,0.16890170456619338,0.09980947549822568,0.10246665718044737,0.10731241785591601,0.011022216288330992,0.01889996331298126,0.015700091250126735,0.019128473818222448,0.025429879868231666,5.072524647831915e-4,0.005860362947758664,1.2427853013673536e-4,4.004003390206e-4,0.003000038021368009,0.21599538124315013,0.23820355480321626,0.2137444541732851,0.2054936597114112,0.34793416971916524,0.25800659366537143,0.2078024491083398,0.20278451188119193,0,0.03329940776486071,0.20449858563737566,0.008399907464528069,0.28306513308253184,0,0,0,0,0,0,0,0,0,0,0,0,0,0.008799990287707974,0.011000063478181138,0.014268537374974702,0.008500050865948931,0.006999981937395011,0.007599756937411383,0.01879965540346511,0.010900059833037334,0.011976721918301804,0.0026000014947906544,0.005399853197541059,0.024499632328364194,0.007199994598147164,0.007927728490750912,0.17320008906235673,0.16879923674526373,0.13909985162389404,0.18599853541165393,0.2324402743921733,0.16526633800276558,0.008500011647680947,0.02050005475052013,0,0,0,0.12559995994372836,0.032637921165400735,0.1931025287764988,0.18309765208110992,0.19400059526340405,0.1843996840442338,0.18059992036455338,0.1557998064426932,0.12060548119821543,0.13357950361885582,0.028999945025046995
MNG,0.11208829218554502,0.07399950753899857,0.0809993531694696,0.08208969268130276,0.10339720642942372,0.12199430615373386,0.09980947549822568,0.10246665718044737,0.12752296892417936,0.02099984481344359,0.01999953410451977,0.01372952932052424,0.019128473818222448,0.025429879868231666,5.072524647831915e-4,0.005860362947758664,0.0010000118699293147,3.9999330274922143e-4,0.0029999270019709467,0.22231167853851735,0.20299291919118184,0.24423458799289308,0.13831684083915421,0.3499954375399215,0.24800370619946094,0.19951646743815407,0.20278451188119193,0,0.038581393264299296,0.19238403967287468,0.008400189801803116,0.28306513308253184,0,0,0,0,0,0,0,0,0,0,0,0,0,0.008999968667425612,0.010999961196693959,0.013976878744503879,0.007999988571853045,0.00783912750810421,0.007125732721494391,0.01,0.014000322823630689,0.011976721918301804,0.00200003712193628,0.005,0.022470558423878417,0.004999999999999999,0.006427602630226192,0.1990011538395302,0.18999968154469316,0.131996662668822,0.19300008420107218,0.19887344081250308,0.1664393618341326,0.014000153272364993,0.020374820037509758,0,0,0,0.13300104022191403,0.03077259511751598,0.17799847211611916,0.18599942368648545,0.18499989689233498,0.18499773294037633,0.1713346078781201,0.1538734990398524,0.11226655840873212,0.13357950361885582,0.028999945025046995
MOZ,0.1060139162614985,0.06852068965517241,0.09800164248562825,0.08605401466405098,0.10339972429540954,0.16008805769903067,0.07800556662823876,0.10411089725695312,0.09599902415223224,0.011499927131206933,0.01879980434284582,0.01476657871478638,0.019128473818222448,0.03533388466637787,0.006,0.005860362947758664,1.2427853013673536e-4,4.004003390206e-4,0.004,0.2213,0.21508650792794234,0.29674394882230754,0.17290032661585977,0.31969340579122396,0.21700692897797574,0.19951646743815407,0.20278451188119193,0,0.035999324078406905,0.19238403967287468,0.008656405041611992,0.27465813965579994,0,0,0,0,0,0,0,0,0,0,0,0,0,0.010149934554606176,0.011072833220059496,0.013904448169615901,0.009,0.004000040988646145,0.007000072492660118,0.01469619802650542,0.014000265737267606,0.011976721918301804,0.002999959445210479,0.004359864093110678,0.022470558423878417,0.0059999561999036395,0.007420784567705221,0.18399794918537085,0.1644949522811276,0.16799529868669832,0.19499917803715272,0.2324402743921733,0.17169644728990954,0.009024013572242967,0.020374820037509758,0,0,0,0.1260003266372693,0.034000128671740015,0.17220096106810925,0.19799891140780584,0.19397260273972602,0.20800662272343884,0.17900038933229512,0.15580196048611206,0.11226655840873212,0.13357950361885582,0.028999945025046995
MRT,0.10601440982311151,0.06852149425225584,0.09800002147051562,0.09044138123085492,0.10339972429540954,0.16008805769903067,0.07800586095105963,0.10410945291609455,0.10731241785591601,0.011022216288330992,0.018800078812557467,0.014766140602582495,0.019190639000235796,0.025429879868231666,5.072524647831915e-4,0.005860362947758664,1.2427853013673536e-4,4.004003390206e-4,0.003357359545743184,0.22130261429551185,0.22299373233378394,0.2830736859383614,0.15487212330152822,0.34793416971916524,0.21699972625239528,0.19951646743815407,0.20278451188119193,0,0.038581393264299296,0.19238403967287468,0.008656405041611992,0.2746693794506613,0,0,0,0,0,0,0,0,0,0,0,0,0,0.010150132892751958,0.011072614289146628,0.01616750255782824,0.008999637910744998,0.00783912750810421,0.006999517939535844,0.01879990406209799,0.013999504091247212,0.011976721918301804,0.002999954938716655,0.0043600524840460425,0.014999802737996606,0.0059999269993064935,0.00923012913995396,0.18399894324336225,0.16450081171924422,0.13973014445587123,0.19499731759656652,0.2109128474204235,0.18615742598090348,0.007999889313188334,0.020999656475437993,0,0,0,0.12598905432210883,0.04170904517963362,0.17220196177062372,0.19799392192986598,0.19397518806915665,0.20800088163985012,0.17900038933229512,0.1558013494082513,0.11226655840873212,0.13357950361885582,0.028999945025046995
MUS,0.10601412814216096,0.06852119664191517,0.098000774250636,0.086053582938654255,0.10339972429540954,0.14850012842523624,0.09980947549822568,0.10246665718044737,0.10731241785591601,0.011499848862691755,0.018800027443626216,0.014766445383222691,0.019128473818222448,0.025429879868231666,5.072524647831915e-4,0.005860362947758664,1.2427853013673536e-4,4.004003390206e-4,0.003999918890420959,0.22130160236522245,0.22300184767453726,0.2501562427595433,0.16734593600575015,0.3196915776986951,0.21700089078149784,0.12999878333986725,0.20278451188119193,0,0.03599990942849379,0.18200020857232244,0.008400157232704403,0.27466541881141787,0,0,0,0,0,0,0,0,0,0,0,0,0,0.010150105023239184,0.01107285699179558,0.016804514660150992,0.009000395384781281,0.004000093484154436,0.006999999999999999,0.018799999999999997,0.013999901060769888,0.011976721918301804,0.0030000038080296113,0.004359965168172417,0.014999764061910156,0.006000000000000001,0.008555957436870537,0.18400300413067971,0.16449676721760045,0.16799986052025945,0.195000332324276,0.29995282174220445,0.17893788393203328,0.007999898703403566,0.021000579374275782,0,0,0,0.12599947448277174,0.034062992606736085,0.17220173281817117,0.19799377276465752,0.19397114224509393,0.20800222528035606,0.1789984670413899,0.15580360153773523,0.17700298162931613,0.16399762752075916,0.028999945025046995
MWI,0.10601628168641208,0.0685214418271563,0.0997308319221769,0.08605372425160125,0.10339972429540954,0.16008805769903067,0.07800374169245144,0.10410981065376726,0.10731241785591601,0.011500187207388452,0.018799819864497264,0.01372952932052424,0.019128473818222448,0.025429879868231666,5.072524647831915e-4,0.005860362947758664,1.2427853013673536e-4,4.004003390206e-4,0.003357359545743184,0.2212997305249751,0.22300031285848368,0.18962968187427112,0.15487212330152822,0.3196963589950289,0.21700302576305044,0.19951646743815407,0.20278451188119193,0,0.035999157717414194,0.19238403967287468,0.008656405041611992,0.28306513308253184,0,0,0,0,0,0,0,0,0,0,0,0,0,0.010150320450572927,0.011072732596704894,0.01675455965058325,0.009000152940276823,0.00783912750810421,0.007,0.018800416119514985,0.013999965719966407,0.012000094499079707,0.0029999365602994357,0.00444499350857397,0.022470558423878417,0.006,0.005855707203141437,0.18399697066790946,0.16449918223720075,0.1679983955074208,0.19500019840482524,0.2324402743921733,0.1730937074798425,0.009024013572242967,0.020374820037509758,0,0,0,0.12600143196291969,0.03400094738330389,0.17219920849206644,0.1857299706772218,0.19396613944280616,0.2080038639343131,0.1713346078781201,0.1538734990398524,0.11226655840873212,0.13357950361885582,0.028999945025046995
MYS,0.10366326118498795,0.06900016395771079,0.12479743046937733,0.0604725171584443,0.10339972429540954,0.16889721627408993,0.09980947549822568,0.10246665718044737,0.1329965712610884,0.008000196027182436,0.022000151197293566,0.006,0.019128473818222448,0.009172776014881277,5.072524647831915e-4,0.005860362947758664,1.2427853013673536e-4,3.999899310275386e-4,0.002,0.21299612013220293,0.25099470559922993,0.21393148581177446,0.13040362367469618,0.345998722511178,0.2579975247005517,0.19951646743815407,0.20278451188119193,0,0.033299706685203705,0.20450049275468118,0.009699972625239528,0.17989393230385275,0,0,0,0,0,0,0,0,0,0,0,0,0,0.008800243605359317,0.011000045779616925,0.02147770417231487,0.008499875185386412,0.007000015674718247,0.006300078334825425,0.01880072065177532,0.010900193711145147,0.011976721918301804,0.0025999839613238783,0.005400012880788305,0.018099785151587493,0.007200026531650047,0.015172059176047088,0.17319544666944484,0.16879785090664876,0.1391010291675282,0.18600038670461205,0.2324402743921733,0.16316923953258702,0.008500021279312252,0.02050005367686527,0,0,0,0.12591686455254014,0.03179357270515559,0.19260537467962544,0.18310334598349,0.1940006873814585,0.18479824510014514,0.18059766401590457,0.1558001070377308,0.12060083715104973,0.12999963499653247,0.028999945025046995
NAM,0.10601307699379581,0.06852122572552274,0.0997308319221769,0.08605306719883138,0.08199927000638743,0.14849895063418195,0.07800509931720027,0.10411106198004635,0.09600537092984224,0.011499901244321549,0.01879993827372175,0.014765968232510984,0.019128473818222448,0.03533323204441979,5.072524647831915e-4,0.005860362947758664,1.2427853013673536e-4,4.004003390206e-4,0.003357359545743184,0.22129756364631809,0.2229943791517629,0.3229934185826743,0.15487212330152822,0.34793416971916524,0.21699864427990406,0.19951646743815407,0.20278451188119193,0,0.03599959012193872,0.19238403967287468,0.008400189801803116,0.2746633390526699,0,0,0,0,0,0,0,0,0,0,0,0,0,0.010150078131782272,0.011072880921269554,0.01206045035677975,0.009000052189342937,0.00400004195686834,0.007000103302227884,0.018799549962060753,0.013999626028421837,0.011976721918301804,0.0029999801522980333,0.004359940836871988,0.015,0.005999978476571749,0.014341244010183414,0.18399832655181955,0.16450006074596038,0.16799856188001502,0.19500222856382085,0.2780732363106805,0.18294269156471346,0.007999975977130229,0.020374820037509758,0,0,0,0.1284713869391471,0.03400671424564065,0.1722050404685135,0.19799576463469976,0.19396983288427255,0.20799890133365884,0.17899639379206636,0.15580135187978325,0.17700222175201014,0.13357950361885582,0.028999945025046995
NER,0.10601479654747226,0.06852072347904972,0.09800024333322273,0.09044191132805145,0.10339972429540954,0.16008805769903067,0.07800464777988682,0.10410982531403482,0.09599919883831555,0.011499665750575653,0.018799927901946647,0.014766710103931602,0.019190621487072426,0.025429879868231666,5.072524647831915e-4,0.005860362947758664,1.2427853013673536e-4,4.004003390206e-4,0.003357359545743184,0.22129756364631809,0.22299456565820425,0.21185954979222787,0.07968839492368515,0.34793416971916524,0.21699971484349295,0.19951646743815407,0.20278451188119193,0,0.03600042541123086,0.18200213241188237,0.008656405041611992,0.28306513308253184,0,0,0,0,0,0,0,0,0,0,0,0,0,0.010150099547608442,0.011072646335560913,0.01647866647279083,0.008999976721990734,0.00783912750810421,0.007000229568411387,0.01469619802650542,0.014,0.011976721918301804,0.002999918890420959,0.00435999284308463,0.015000250689395839,0.006150558804913938,0.01172804192611125,0.1839963766501834,0.16450336719045186,0.1679987253027406,0.19500414937759336,0.30131465997190776,0.17724778588027615,0.008000091844232182,0.020374820037509758,0,0,0,0.12599886677769956,0.03984552898520068,0.1721954576737784,0.1857299706772218,0.19396071759975259,0.20800507827112075,0.1713346078781201,0.1538734990398524,0.11226655840873212,0.13357950361885582,0.028999945025046995
NGA,0.10601511368382703,0.06852170079914938,0.09799978099791948,0.09044119974072586,0.10339972429540954,0.14849377068327818,0.07800483915918553,0.10411028380531036,0.09610477872199537,0.011499857292360383,0.018800509949559337,0.014766646956170588,0.01918996381214792,0.01701456322002983,0.006000051049058146,0.005860362947758664,1.2427853013673536e-4,4.004003390206e-4,0.003357359545743184,0.22231167853851735,0.21508650792794234,0.21412885751991578,0.176548515256394,0.31970265738831105,0.2169924013670903,0.19951646743815407,0.20278451188119193,0,0.035998245271982844,0.18200167901595063,0.008656405041611992,0.2746611445783133,0,0,0,0,0,0,0,0,0,0,0,0,0,0.010150047929260324,0.011072703514609405,0.019699839498866868,0.009,0.00783912750810421,0.007125732721494391,0.01879999441319603,0.011585640526697204,0.011999986337257957,0.003,0.004360051173656692,0.014999665753058358,0.005999874859216619,0.009856355535566548,0.184,0.16449206297038813,0.16800124026200536,0.19500393019965417,0.3040049982473191,0.18217884756812625,0.008,0.020374820037509758,0,0,0,0.12599565511998448,0.03399997502124215,0.17219871743700274,0.19799587088977288,0.19397327370494596,0.20799971146216548,0.17899619276513068,0.1558013494082513,0.17700222175201016,0.13357950361885582,0.028999945025046995
NIC,0.11496203950775354,0.07799986292645336,0.0997308319221769,0.08299997451343712,0.10339972429540954,0.13299875132071848,0.09980947549822568,0.09300062025860013,0.1422013240116315,0.011000024901018451,0.020999992946868763,0.01372952932052424,0.019128473818222448,0.025429879868231666,5.072524647831915e-4,0.0034999554882934212,1.2427853013673536e-4,0.003000006734324177,0.009999999999999998,0.2129996362792279,0.21999951333463114,0.2137444541732851,0.15487212330152822,0.34793416971916524,0.24400007849447594,0.19951646743815407,0.20278451188119193,0,0.033999415076405644,0.22400325696316264,0.011999416015767574,0.28306513308253184,0,0,0,0,0,0,0,0,0,0,0,0,0,0.010000000000000002,0.008999958179118835,0.017308298513108698,0.007999889804464146,0.00783912750810421,0.005999954088425693,0.006000156989978807,0.0121995597945708,0.011999720631373096,0.002999992544935402,0.0039999665176703,0.022470558423878417,0.0050000730001606005,0.007877336283952851,0.20200027130683568,0.1900041707215348,0.19500735876825542,0.18000037080984868,0.21404829857811433,0.1537461292267075,0.01200019244184648,0.020374820037509758,0,0,0,0.12500335108765326,0.0327998624629174,0.1819970676749749,0.18300248138957817,0.19400949105650445,0.1890001983733386,0.17400285785288272,0.1538734990398524,0.14199956221954688,0.17000036500346752,0.028999945025046995
NLD,0.10366384565799697,0.06500052309158752,0.09909754532327933,0.06046994014626946,0.10339934748211177,0.16889964960093437,0.09980947549822568,0.10246665718044737,0.13154134149702348,0.011022216288330992,0.018900120098670623,0.01570029214641691,0.019128473818222448,0.025429879868231666,5.072524647831915e-4,0.005860362947758664,1.2427853013673536e-4,4.004003390206e-4,0.0029999324095978373,0.21599425734864708,0.23819840898455777,0.23934154222338663,0.1841359998026404,0.34793416971916524,0.2580024333591417,0.19951646743815407,0.20278451188119193,0,0.03330080465673686,0.20450359389038636,0.008400076476518234,0.28306513308253184,0,0,0,0,0,0,0,0,0,0,0,0,0,0.008800048642568328,0.010999652381188855,0.022408722265633122,0.008499716337030734,0.006999978855221703,0.007599936952119985,0.01469619802650542,0.010900056412911602,0.01300002210775319,0.002600053074450602,0.005399975195336723,0.024499438472645595,0.0071998614386399665,0.008312010912335362,0.1731993141472177,0.1687989680871393,0.13910028992946796,0.18600061298981138,0.5766065132985613,0.1644085527906931,0.008499801113762927,0.020499562001167995,0,0,0,0.12559960185378008,0.031574877620543035,0.19309807414004232,0.18310224792023128,0.19400253163052456,0.184403888117437,0.18059749366780592,0.15580090855224174,0.1205982719814129,0.13357950361885582,0.028999945025046995
NOR,0.10366349092383179,0.06500003850211376,0.09909944342259275,0.08208969268130276,0.1033999121295076,0.1689029965581582,0.09980947549822568,0.10246665718044737,0.10731241785591601,0.011022216288330992,0.01890020352311579,0.015700444995212077,0.019128473818222448,0.025429879868231666,5.072524647831915e-4,0.005860362947758664,1.2427853013673536e-4,4.004003390206e-4,0.0030000135184459196,0.21600175201664418,0.23820188312430907,0.2607749286951929,0.1865018726793511,0.3648917187119799,0.25799627560521415,0.19951646743815407,0.20278451188119193,0,0.03330022382030805,0.20450516216498069,0.008399663086965676,0.28306513308253184,0,0,0,0,0,0,0,0,0,0,0,0,0,0.00879998617751526,0.011000125172111654,0.018934195322713527,0.00850004157806579,0.006999912648497554,0.007599527775955926,0.01880044278957432,0.010900123023647878,0.011976721918301804,0.002600028393630362,0.005400080926609681,0.024500376034093756,0.00720016054988335,0.008157975623407112,0.17319955241587573,0.16880160962863827,0.13910065994527282,0.18599876753251973,0.21898779287588468,0.16515473669503142,0.008500053310587483,0.02049984791645544,0,0,0,0.12560031731146856,0.0315804092140311,0.19309911442824546,0.18310081001537193,0.1939997038979717,0.1844047200716399,0.18060258611185484,0.15579847733515217,0.1206002971768202,0.13357950361885582,0.028999945025046995
NPL,0.11843505595849034,0.07399991162229896,0.08100029594554602,0.08699982491072483,0.10340359521854184,0.12200240902288571,0.10613170814288134,0.10246665718044737,0.09952795382640425,0.021000144843568942,0.019999702067328897,0.01372952932052424,0.019128473818222448,0.02196419893495411,5.072524647831915e-4,0.005860362947758664,0.0010000457393770298,4e-4,0.0029999270019709467,0.21600097333750476,0.2030038295835328,0.19963958886609423,0.1577767004016626,0.3500018250173377,0.24799708002554977,0.19100003379634323,0.20278451188119193,0,0.040000597380486565,0.18399600934397506,0.008656405041611992,0.28306513308253184,0,0,0,0,0,0,0,0,0,0,0,0,0,0.009000187180789902,0.011000086288722065,0.016812416324494477,0.007999791030740869,0.011000225784601489,0.007125732721494391,0.01,0.014000376860749952,0.011976721918301804,0.002000027218661114,0.005000178922884237,0.018099931239972493,0.005,0.007082463461744038,0.19899827092144465,0.19000045431829543,0.1320006952894142,0.1930017474321272,0.2324402743921733,0.16194639920328616,0.014000326991069055,0.020374820037509758,0,0,0,0.13283675451508367,0.03465821269012761,0.1780006157364648,0.1860003842090097,0.185003711952487,0.18500015259254737,0.1713346078781201,0.1538734990398524,0.11226655840873212,0.13357950361885582,0.028999945025046995
NZL,0.10366386491150383,0.06500023497835587,0.0990996628080787,0.06047125060956687,0.10340183231740702,0.16889721261500185,0.09980947549822568,0.10246665718044737,0.13300013310262213,0.013600103768078345,0.018900164086204842,0.015699952473992713,0.019128473818222448,0.025429879868231666,5.072524647831915e-4,0.005860362947758664,1.2427853013673536e-4,4.004003390206e-4,0.002999959890903257,0.2160005177323324,0.23820420310811,0.2529518814661966,0.18056350004630503,0.3648995619996979,0.25800372155160073,0.2078022402471997,0.20278451188119193,0,0.033300277505713356,0.20449858563737566,0.008400039307624275,0.1798993916705662,0,0,0,0,0,0,0,0,0,0,0,0,0,0.008799966595619092,0.010660046528382611,0.0179061594267788,0.008499798224374496,0.007000165371258475,0.0076000209742541035,0.018800105717557924,0.010899856127654008,0.011976721918301804,0.0025999504377994384,0.005400091288929461,0.024500783085356304,0.007199872144334839,0.010244173150497714,0.17319983504262526,0.16879925927598743,0.13909917680036155,0.18599918336131077,0.2201122173601476,0.16284020042828495,0.008500008211933582,0.020500045624600786,0,0,0,0.12629352424341037,0.03150002427282697,0.19309485313931554,0.18309646205019656,0.19400019999333354,0.1844054168429962,0.18060591312811777,0.15579979552002973,0.12059845255013422,0.16400106181769916,0.028999945025046995
OMN,0.119331007818,0.06500015767,0.0993520948269,0.0807077655358,0.103399618959,0.165374684565,0.101840081354,0.103014329393,0.117461092618,0.0115377582833,0.0188999633457,0.0157001314415,0.0191284738182,0.0232580242601,0.000507252464783,0.00586036294776,0.000124278530137,0.000400400339021,0.0029999761292,0.215998170929,0.238201404856,0.242231503189,0.17750784925,0.36150303698,0.257996051159,0.206143890041,0.202784511881,0,0.0332999902106,0.202078274794,0.00840000643885,0.22116594835,0,0,0,0,0,0,0,0,0,0,0,0,0,0.00880007490126,0.0109999860033,0.0171467537562,0.00849994181032,0.00700000052561,0.00760001031367,0.0179792351323,0.010900109273,0.0119767219183,0.0026000077834,0.00540000008251,0.0245002950575,0.00719996879094,0.0101686356433,0.173198366107,0.168800678025,0.139477540103,0.185999976918,0.228901736036,0.164366819855,0.00860485753204,0.0204748655391,0,0,0,0.125711819139,0.0338445282676,0.193100046722,0.183097079859,0.194001811103,0.184399035008,0.180600391073,0.155800886164,0.120599035295,0.139663765118,0.028999945025
PAK,0.11843494191657924,0.0739991888889542,0.08099963500319371,0.08700088241782483,0.10339972429540954,0.16008805769903067,0.10613011865913966,0.1032108524862148,0.10731241785591601,0.020999826192752237,0.020000135561972155,0.014000579374275781,0.019128473818222448,0.021999702326812087,5.072524647831915e-4,0.005860362947758664,0.0010000072825255798,3.9999026669262217e-4,0.0029999087507984303,0.21600042115607346,0.2029963500551736,0.21376721004850044,0.1946457385460638,0.34793416971916524,0.24799659339768027,0.19951646743815407,0.20278451188119193,0,0.039998920115547634,0.19238403967287468,0.008656405041611992,0.3239953204540424,0,0,0,0,0,0,0,0,0,0,0,0,0,0.008999935652696151,0.011000016271009942,0.017121811779025543,0.008000299055100902,0.010999888474454456,0.007125732721494391,0.01,0.013999999999999999,0.011976721918301804,0.0020000488621233037,0.005000071568641485,0.0181007235797141,0.004999860956618465,0.007587235723351271,0.19899729464399465,0.1899996185972005,0.13973014445587123,0.19299285065371094,0.16802892180097417,0.16537949657633327,0.014000000000000002,0.007000036500346753,0,0,0,0.13291828003895453,0.03442420896440315,0.17800252844500633,0.18600038420900972,0.1849998066736264,0.18879951659179947,0.16800256960565313,0.1519998893942955,0.10899809564113414,0.13357950361885582,0.028999945025046995
PAN,0.11496147740436773,0.0780000951517845,0.0997308319221769,0.08300034285124806,0.11400153301456363,0.13299837779379958,0.09980947549822568,0.10246665718044737,0.1422007848266841,0.01099959623925708,0.02100021442465271,0.013999797221940587,0.01800014748174913,0.038796767878855824,5.072524647831915e-4,0.0035000231599425636,1.2427853013673536e-4,0.003,0.01,0.21300049522202455,0.21999689368641762,0.2188285905757518,0.16207509276104665,0.3410095091729901,0.24399833142142038,0.16960513715991665,0.20278451188119193,0,0.03400019565642731,0.19238403967287468,0.011999867272787602,0.28306513308253184,0,0,0,0,0,0,0,0,0,0,0,0,0,0.010000040948531791,0.008999939006724508,0.020862460005270443,0.007999914389058923,0.006999978686218508,0.005999960646963913,0.005999843014128728,0.012199894235854047,0.012000000000000002,0.0030000151893735147,0.003999903067900936,0.018999679127226055,0.004999921505832117,0.008287748604883002,0.20199998760850305,0.1789946592246838,0.19499964852262341,0.1799993733157862,0.5935479443463632,0.15437427058361974,0.012,0.023999902666926223,0,0,0,0.12503801851910382,0.032801365582932326,0.18200235411290688,0.1829969923353061,0.19400217405204936,0.1889918984381525,0.17400642960425647,0.16399553151718266,0.14199911836014986,0.17000036500346752,0.028999945025046995
PER,0.11496214579828118,0.07799988511689356,0.09700457182230418,0.0874025065179622,0.10339972429540954,0.13299996349965323,0.09980947549822568,0.10246665718044737,0.12117038654396806,0.011000010601835935,0.021000259899749525,0.01399967770526146,0.019128473818222448,0.015480652890797371,5.072524647831915e-4,0.0035000579374275783,1.2427853013673536e-4,0.003,0.01,0.21300724142642435,0.220004688075545,0.24309410307819782,0.1735974411769922,0.3409982662651701,0.24399723784157049,0.16959783710713078,0.20278451188119193,0,0.03400037603409376,0.2239985400127749,0.012,0.145,0,0,0,0,0,0,0,0,0,0,0,0,0,0.010000165128222065,0.009000085787467678,0.02644900292880493,0.008000022624498372,0.007000036232540445,0.005999815361890695,0.006000193836014731,0.012199952278692437,0.011999936352197562,0.0029999722218364143,0.003999965233313439,0.018999962362151377,0.005,0.008927118502170005,0.20199360827880078,0.19000213060615748,0.19499332214650184,0.17999880130657583,0.2300750093051107,0.15790856410191947,0.012000074629650359,0.020374820037509758,0,0,0,0.125,0.032803773759072834,0.18200515224460492,0.18300233644859815,0.1940009773348984,0.18900064336264208,0.17400107433577125,0.1640012967695183,0.1420042643923241,0.1699990875079843,0.028999945025046995
PHL,0.10366438422539309,0.06899998678649777,0.12480046719875414,0.060470566933569385,0.10339972429540954,0.16890177133655396,0.09980947549822568,0.10246665718044737,0.1327170345914379,0.008000053954165936,0.021999592750967217,0.005999999999999999,0.01300006063178318,0.014424678661290808,5.072524647831915e-4,0.005860362947758664,1.2427853013673536e-4,3.9999552151910074e-4,0.0020000365003467534,0.213,0.25099917875718586,0.324891264855939,0.11489085008372908,0.345998722511178,0.2580015968974564,0.20780019601879074,0.20278451188119193,0,0.0333004946329249,0.20450049275468118,0.00969996714968792,0.28306513308253184,0,0,0,0,0,0,0,0,0,0,0,0,0,0.008800101361376647,0.011000106805129934,0.014238667666813563,0.00850028370651652,0.00700005328502158,0.006300072693882236,0.01879990188262709,0.010899534723418923,0.011976721918301804,0.002600031499783439,0.005399976227267325,0.022470558423878417,0.007199970800077867,0.012879378031856223,0.17320497866497364,0.1687951617970468,0.13910075388921106,0.18599990703103614,0.227968678008724,0.1643945696015917,0.008500060045634682,0.020500052143080615,0,0,0,0.12742229299492783,0.030607163018252524,0.19259878737194228,0.18309994748818484,0.19399844691787152,0.18480324448232283,0.18060277401188862,0.15580308459261566,0.12060117664507836,0.12999963499653244,0.028999945025046995
POL,0.1036634592103325,0.06499918526967574,0.0991011379396387,0.08208969268130276,0.10340017724868038,0.16889719301294862,0.09980947549822568,0.10246665718044737,0.12199768027034565,0.011022216288330992,0.018899909216632867,0.01570022390266571,0.019128473818222448,0.025429879868231666,5.072524647831915e-4,0.005860362947758664,1.2427853013673536e-4,4.004003390206e-4,0.0029999999999999996,0.21600319379491273,0.2382011638717675,0.279106277844073,0.17895856825820874,0.36490491659670765,0.25799947857825667,0.19951646743815407,0.20278451188119193,0,0.0332997311827957,0.19238403967287468,0.008400039307624275,0.17989393230385275,0,0,0,0,0,0,0,0,0,0,0,0,0,0.008799975463802293,0.011000118567702158,0.015289617631974112,0.008500117159409517,0.006999949731061177,0.007600172170918766,0.018799538283955367,0.010899914319374532,0.011976721918301804,0.0026000330103039307,0.005400132314909485,0.024500300822247474,0.007200031206116398,0.009911573172667082,0.17320122920419626,0.16879518072289157,0.1390994403826757,0.18600055176511782,0.21240768934344936,0.1620815087630657,0.008500042039180516,0.02049985036177242,0,0,0,0.12560041932684293,0.03150662606031022,0.19309945686047547,0.18309926267743393,0.19399925231841592,0.18879951659179947,0.18060277401188862,0.1558013494082513,0.12060483159936519,0.1640033580319013,0.028999945025046995
PRT,0.10366376669525793,0.06500086000656732,0.09909943714821763,0.06047144397279632,0.10339961942067369,0.16889988060719768,0.09980947549822568,0.10246665718044737,0.13082615343551404,0.011022216288330992,0.018900163923589352,0.015699367042771688,0.015299875328258045,0.025429879868231666,5.072524647831915e-4,0.005860362947758664,1.2427853013673536e-4,4.004003390206e-4,0.003,0.2160061898674561,0.2381973514617148,0.244042966339228,0.13812086696229492,0.36490491659670765,0.25800483310678146,0.19951646743815407,0.20278451188119193,0,0.0332997137794739,0.19238403967287468,0.008400157232704403,0.28306513308253184,0,0,0,0,0,0,0,0,0,0,0,0,0,0.008799754282602929,0.010999913061347077,0.01884235964833363,0.008500048011033809,0.006999945349218494,0.0076000664933091105,0.018800145776681335,0.01090023842846918,0.013000149745432763,0.0025999708883568486,0.005399953975376826,0.024500300822247474,0.0071999965511889774,0.007777595561038184,0.173200420622941,0.16879959838581993,0.13909956475960428,0.18600002762425488,0.24002268476039032,0.16696885382639834,0.008499925492988062,0.02049995197387379,0,0,0,0.12561820604764998,0.033825801080463534,0.19309582162711458,0.18310122441349658,0.1939985085756898,0.18439812336660474,0.18059839605181985,0.15580116787846257,0.12060095056523723,0.16399961579099032,0.028999945025046995
PRY,0.11496201322870599,0.07799790475300775,0.09700046928772552,0.08740306000036911,0.10339972429540954,0.13299943223294672,0.09980947549822568,0.10246665718044737,0.14220032840722496,0.010999887875939038,0.02099972963086661,0.014000402059242554,0.019128473818222448,0.025429879868231666,5.072524647831915e-4,0.005860362947758664,1.2427853013673536e-4,0.00300017109615604,0.01,0.21299657813263811,0.2199990519529769,0.2329973171413107,0.15487212330152822,0.34793416971916524,0.24400317397341792,0.16959797225938184,0.20278451188119193,0,0.03399976602714085,0.22399865526846605,0.012000219002080521,0.28306513308253184,0,0,0,0,0,0,0,0,0,0,0,0,0,0.009999999999999998,0.009000009933347241,0.009648320133202905,0.007999946607697836,0.007000146530881384,0.006000036073084068,0.01469619802650542,0.012199719918129915,0.011976721918301804,0.003000038302436035,0.004,0.022470558423878417,0.005,0.008499894871283647,0.2020012600526257,0.19001158556769285,0.19500071108823588,0.18000521376433784,0.21599200329774973,0.15834472413877798,0.011999717753316399,0.024000364996806276,0,0,0,0.1250362249361207,0.0328002304670264,0.18199908508691676,0.1857299706772218,0.1939991586449234,0.18899536132812497,0.17399746934008176,0.1538734990398524,0.14200317404337856,0.13357950361885582,0.028999945025046995
ROU,0.10366358693111882,0.06500004667531716,0.09909824249302211,0.06047049593270215,0.10340096618357489,0.1688977096450406,0.09980947549822568,0.10246665718044737,0.12892315233138632,0.011022216288330992,0.0189001137515922,0.015700091250126735,0.019128473818222448,0.025429879868231666,5.072524647831915e-4,0.005860362947758664,1.2427853013673536e-4,4.004003390206e-4,0.003,0.21600299039116955,0.2382026280112629,0.24180415370720026,0.2080027703626584,0.34793416971916524,0.25799947857825667,0.19951646743815407,0.20278451188119193,0,0.03329995320542817,0.20449752615783923,0.008400071569153693,0.17989705194197472,0,0,0,0,0,0,0,0,0,0,0,0,0,0.00879987580616312,0.011000022462778154,0.014342939089473875,0.008499796637223828,0.00699993541303365,0.007599756937411383,0.018799331346754853,0.010900106269925611,0.012999674479166667,0.002599958386794743,0.005400046308964995,0.024500300822247474,0.00719990745755404,0.007760999056647686,0.17319787131107886,0.16879637897589064,0.13909907361572732,0.186002027582777,0.2647494388152642,0.16565318915442928,0.008499901438990735,0.020499371392264747,0,0,0,0.1260111261416302,0.03560643190566603,0.19309786713663993,0.18310650056892908,0.1940000981980655,0.18439804586613562,0.1806006882886641,0.1558013494082513,0.12060483159936519,0.1640033580319013,0.028999945025046995
RUS,0.10366364000270624,0.0649998126288177,0.09909754532327933,0.060471368097240935,0.10340054954252423,0.16890142854146128,0.10780667457512227,0.09649803262513185,0.13171370158778684,0.011022216288330992,0.01889986720924129,0.01372952932052424,0.019128473818222448,0.025429879868231666,5.072524647831915e-4,0.005860362947758664,1.2427853013673536e-4,4.004003390206e-4,0.0029999206538125845,0.22231167853851735,0.2381979874568957,0.2538486260206169,0.18642857829934226,0.3648964321562186,0.2579967766401214,0.19951646743815407,0.20278451188119193,0,0.03329983249581239,0.2045017642048911,0.008399899311965095,0.28306513308253184,0,0,0,0,0,0,0,0,0,0,0,0,0,0.008799950199119399,0.011000085404389785,0.015498477026473154,0.008499820245493298,0.007000067879446104,0.0076,0.018800188390439183,0.010899790716936752,0.011976721918301804,0.002600097082817907,0.005399919844268866,0.02450005730002292,0.007199866167837699,0.009114063255333722,0.17319919453297183,0.16879785090664876,0.13910052896857364,0.18600022915327866,0.20788262810209457,0.1650299654076254,0.008499991117900983,0.020499669613920267,0,0,0,0.12570637199173523,0.031534664044839386,0.19310417323662357,0.18310245132294709,0.19400389357560027,0.18439260493533285,0.18059792008265763,0.15579710144927536,0.1205994297289277,0.13357950361885582,0.028999945025046995
RWA,0.10601403513335977,0.06852251380958581,0.0997308319221769,0.08605460193446224,0.08199902664557732,0.16008805769903067,0.07800465509944987,0.10410885024340936,0.09600155064517915,0.011500209495666746,0.018799971538823675,0.01476667963424322,0.019190229917364666,0.017015684649322956,5.072524647831915e-4,0.005860362947758664,1.2427853013673536e-4,4.004003390206e-4,0.004,0.2213004918685624,0.22300158470371237,0.2137444541732851,0.15487212330152822,0.3196996823563384,0.216994224290069,0.19951646743815407,0.20278451188119193,0,0.038581393264299296,0.19238403967287468,0.008656405041611992,0.28306513308253184,0,0,0,0,0,0,0,0,0,0,0,0,0,0.010149964747803884,0.011072778544429111,0.011727112466618823,0.008999929770349042,0.0039999494745351655,0.007125732721494391,0.01879942688078004,0.013999872757348266,0.01200014539945569,0.0029999038646414153,0.004359942852040361,0.022470558423878417,0.006150558804913938,0.014787117308529309,0.1840010694747234,0.1644949522811276,0.168002514537168,0.19499947693273356,0.29163673351944364,0.17515243169867384,0.008,0.02100010428616123,0,0,0,0.12599435618611532,0.03431622394924065,0.17218712988551124,0.1979973105369321,0.19396946375986734,0.20800885772282707,0.1713346078781201,0.1538734990398524,0.11226655840873212,0.13357950361885582,0.028999945025046995
SAU,0.12977598963763828,0.06500013703403534,0.0997308319221769,0.09419953444041805,0.10339972429540954,0.1689,0.1099625047764616,0.1052050182424548,0.13236670374915416,0.011022216288330992,0.018900001730373244,0.015700091250126738,0.019128473818222448,0.02,5.072524647831915e-4,0.005860362947758664,1.2427853013673536e-4,4.004003390206e-4,0.003,0.21599694727411486,0.2382026280112629,0.2481556861250351,0.17280829538422532,0.3648964321562186,0.2579896342798745,0.20780713118909483,0.20278451188119193,0,0.03329896907216495,0.19238403967287468,0.008399559259004201,0.17989803709085536,0,0,0,0,0,0,0,0,0,0,0,0,0,0.008799980154417533,0.01099989270325674,0.011662088468016425,0.0085000504999495,0.007000067879446104,0.007599961434100519,0.018800392474723773,0.010900148753163063,0.011976721918301804,0.002599986664522531,0.005400159979792026,0.024500210225603752,0.0071997530912839905,0.009629728155825912,0.17319752471135477,0.1687999165573966,0.13973014445587123,0.1860004315304948,0.2021954342462759,0.16370262801147265,0.008500153650291936,0.020499471712611662,0,0,0,0.12560365568691256,0.0327260891922214,0.19309774839170837,0.183095995979226,0.19400092411951947,0.18438987722375344,0.18060655121570443,0.1558013494082513,0.12059881506559457,0.13357950361885582,0.028999945025046995
SDN,0.10601446492978403,0.06852070760488604,0.09799913727311942,0.07782656636883391,0.10339972429540954,0.16008805769903067,0.07800375334127627,0.10410962079686584,0.09599932376133606,0.011500032918559486,0.018799982923983268,0.014766624040920715,0.01919028591540548,0.025429879868231666,0.006,0.005860362947758664,1.2427853013673536e-4,4.004003390206e-4,0.0040000243332684446,0.2213018351414377,0.22299784043556287,0.26924233434067474,0.15487212330152822,0.34793416971916524,0.2170012508458589,0.19951646743815407,0.20278451188119193,0,0.036000655131669765,0.1819991704686852,0.008399854001277489,0.2746616134271792,0,0,0,0,0,0,0,0,0,0,0,0,0,0.010149915221515269,0.01107274901299996,0.014124429020775372,0.008999933143162775,0.003999961826961617,0.007,0.01469619802650542,0.014000144505190146,0.011976721918301804,0.003,0.0043599559745418,0.015000162175603744,0.005999824283957124,0.0058753590931013965,0.18399637238151534,0.16450185191477795,0.13973014445587123,0.195,0.172015594565979,0.18958739951137618,0.008000185030992691,0.020374820037509758,0,0,0,0.12599667714018625,0.035915013267038824,0.17219939446366783,0.19800211314955338,0.19396546875878748,0.2080010579911393,0.1713346078781201,0.1538734990398524,0.1769995768091409,0.13357950361885582,0.028999945025046995
SEN,0.10601369349244284,0.06852119704242522,0.0997308319221769,0.09044194795678377,0.10339972429540954,0.16008805769903067,0.07800427295523867,0.10411062144727598,0.09599988303751571,0.011499840248299786,0.018799960146843552,0.014766881972988843,0.019128473818222448,0.025429879868231666,5.072524647831915e-4,0.005860362947758664,1.2427853013673536e-4,4.004003390206e-4,0.003999904783064081,0.22231167853851735,0.22299708002554977,0.21121502522755936,0.14222895583779196,0.31969197899047447,0.2170042843475729,0.19951646743815407,0.20278451188119193,0,0.03600010716390719,0.18199643493761142,0.008399965933424177,0.27466541881141787,0,0,0,0,0,0,0,0,0,0,0,0,0,0.010150006027153024,0.011072696147452215,0.012936176660411369,0.008999977316033027,0.00783912750810421,0.007000103302227884,0.01469619802650542,0.014000038148282374,0.011976721918301804,0.0029999394709763335,0.004359877783588868,0.014999598909032567,0.006000097333073779,0.007496228078294221,0.18400165811194696,0.16450034714933878,0.16800290103514207,0.1949979499794998,0.18106474627125357,0.18074304915722725,0.007999934978380313,0.020999610667704886,0,0,0,0.1259979117893746,0.03556660245482263,0.17219671697988576,0.1980012866301382,0.19397044730903581,0.20799688837028393,0.17899846704138989,0.1538734990398524,0.17700285376209368,0.13357950361885582,0.028999945025046995
SLB,0.106471561493,0.0706665013325,0.101843550763,0.0676773353342,0.103398885007,0.150328045063,0.0998094754982,0.10246665718,0.13108025897,0.0123333131757,0.0213330679667,0.00857651918753,0.0170856694227,0.0217614794659,0.000507252464783,0.00586036294776,0.000416189643401,0.000399995007401,0.00278577434935,0.216104304115,0.223026201959,0.303374368172,0.136026604741,0.347333410223,0.254669755324,0.202277710298,0.202784511881,0,0.0368210937205,0.200461343922,0.0089188539977,0.283065133083,0,0,0,0,0,0,0,0,0,0,0,0,0,0.00933794964825,0.0108867048434,0.0145180120685,0.00833340349359,0.00727973831654,0.00657532039713,0.0144986999697,0.0119332777345,0.0119767219183,0.00240002963318,0.00526665874242,0.0224705584239,0.00646668321342,0.0107227188107,0.181801933691,0.175864581813,0.136732714054,0.188333772231,0.219760797738,0.164828945188,0.0105080756301,0.0204165640727,0,0,0,0.128768316553,0.030662197369,0.187732265017,0.184943113951,0.19099984662,0.184866780882,0.174423996589,0.154516694224,0.117822183373,0.132386214078,0.028999945025
SLE,0.10601468817,0.0685210307935,0.0991983067597,0.0874461705821,0.100107513301,0.158305044473,0.0796815733831,0.104109950747,0.0986113373421,0.0114632673403,0.0187999675177,0.0145272985222,0.0191665358706,0.0251259468266,0.00177481996438,0.00586036294776,0.000124278530137,0.000400400339021,0.00380226128381,0.221689041399,0.221173573427,0.261835151729,0.14361492804,0.330560951892,0.219077333568,0.199516467438,0.202784511881,0,0.0365955604361,0.185993828428,0.008597252617,0.279186973935,0,0,0,0,0,0,0,0,0,0,0,0,0,0.0101500315651,0.0109775092463,0.0183287266857,0.00895015853303,0.00518129400794,0.00703872488378,0.016274557694,0.0138143290264,0.0119874887458,0.00294171343792,0.00437306023048,0.0190226190068,0.00606947899309,0.00822632929032,0.183998591078,0.164499804549,0.165824150553,0.195000417629,0.270069353798,0.17747148245,0.0085514144204,0.0204710657473,0,0,0,0.126220770216,0.0355444389664,0.172197548328,0.192337772634,0.193970351283,0.206524050167,0.174871804211,0.154466584568,0.122225484316,0.135919710262,0.028999945025
SLV,0.114961707894302,0.07799889481873575,0.0997308319221769,0.082999748777358065,0.10339972429540954,0.13299987833398672,0.09980947549822568,0.09299884214588962,0.14220115492696786,0.011000186892599052,0.02099993198769733,0.01399972348956173,0.019128473818222448,0.038997388544504435,5.072524647831915e-4,0.005860362947758664,1.2427853013673536e-4,0.0029999130963761188,0.009999999999999998,0.21300065628655945,0.22000182498403137,0.2137444541732851,0.19840328780413458,0.34099990394774765,0.2440040758596566,0.16960242250550878,0.20278451188119193,0,0.03400035893754486,0.2240066743143185,0.011999416015767574,0.28306513308253184,0,0,0,0,0,0,0,0,0,0,0,0,0,0.009999977763497002,0.009000190156507073,0.013923607744815086,0.007999964936783942,0.007000079057633015,0.005999793402658219,0.006000235488048981,0.012199540165818992,0.012000261456550674,0.002999926264562749,0.003999915803654121,0.019000060164851694,0.00499977879042605,0.007593975333090624,0.2019998436264758,0.18999976829861673,0.19499922485770604,0.1800011973821445,0.2324402743921733,0.15614033997059126,0.012000162813415826,0.024000073000693508,0,0,0,0.12500963265042278,0.03280002511538049,0.18200098895665073,0.18299875132071847,0.19400206215937546,0.18899816636106018,0.17400107353730543,0.1640028757880765,0.14200132245977518,0.13357950361885582,0.028999945025046995
SRB,0.1036637120434681,0.06500076573587217,0.09910153371003405,0.060469684945032354,0.10339822117805002,0.1688977096450406,0.09980947549822568,0.10246665718044737,0.12909661820426194,0.011022216288330992,0.018900109254159095,0.01372952932052424,0.019128473818222448,0.025429879868231666,5.072524647831915e-4,0.005860362947758664,1.2427853013673536e-4,4.004003390206e-4,0.002999966818196901,0.21600313515756472,0.23820328170727698,0.23457468988269548,0.22450823550692708,0.34793416971916524,0.25799719232569024,0.19951646743815407,0.20278451188119193,0,0.033301579343193784,0.20449858563737566,0.00839997345455752,0.1798999316079335,0,0,0,0,0,0,0,0,0,0,0,0,0,0.008799973395558167,0.011000106375434368,0.014151085892135705,0.008499853786918803,0.006999967900362726,0.00759989450085718,0.018799378871388838,0.010899569614349014,0.011976721918301804,0.0025999354213755246,0.0053999769133094774,0.024499127609650444,0.007200043582479843,0.008197237649791248,0.17320041874345712,0.16879943423966648,0.13909951913636726,0.18599748927712104,0.2324402743921733,0.16849900410275617,0.008500020801264717,0.020499817501596858,0,0,0,0.12560201806191484,0.03188100331049105,0.19310169203780206,0.18309465595529165,0.19399513341856725,0.18439809566991613,0.1805971238776553,0.15579080423447622,0.12060483159936519,0.13357950361885582,0.028999945025046995
STP,0.106014562582,0.0685213562746,0.0987415943581,0.0882476626259,0.100342754273,0.151809864193,0.0826773416047,0.103758100919,0.101423049649,0.0114317067879,0.0188000583944,0.0147665653163,0.0191680741635,0.0267542473028,0.00325360995999,0.00586036294776,0.000124278530137,0.000400400339021,0.00367866522037,0.221445463854,0.220738552543,0.259701572211,0.155798096425,0.32575128485,0.217000127813,0.184620229815,0.202784511881,0,0.0365530556121,0.186450059255,0.00854654352823,0.276465857767,0,0,0,0,0,0,0,0,0,0,0,0,0,0.0101499510917,0.0110432510072,0.0206267867991,0.00900004288271,0.00564532421039,0.00701791765076,0.0176275900902,0.013827447218,0.0119884056322,0.00299999251781,0.00435996834949,0.0171343443047,0.00599999898112,0.00926798662983,0.184000834803,0.164499607844,0.165981216484,0.195000532903,0.271402458646,0.17615829492,0.00843886032139,0.0209106726743,0,0,0,0.126241870787,0.0348258124836,0.172200735854,0.197124856694,0.193972738652,0.208001619949,0.177903626618,0.154836319573,0.140009586861,0.133579503619,0.028999945025
SUR,0.1149620227863282,0.07800014871941957,0.09699972625239528,0.08740221422190943,0.10339972429540954,0.1329973059876597,0.09980947549822568,0.10246665718044737,0.10731241785591601,0.01100031335956269,0.021000096705985054,0.013999874827888345,0.019128473818222448,0.20179334457905232,5.072524647831915e-4,0.005860362947758664,1.2427853013673536e-4,0.0029999999999999996,0.01,0.21300053676865272,0.22000268384326355,0.2137444541732851,0.15487212330152822,0.34100358650458623,0.24399723784157049,0.19951646743815407,0.20278451188119193,0,0.034000089417445346,0.19238403967287468,0.008656405041611992,0.28306513308253184,0,0,0,0,0,0,0,0,0,0,0,0,0,0.01,0.008999819118249064,0.02317632864309256,0.008000025728381191,0.007000197355437141,0.005999970941636276,0.005999976285616041,0.012199993025121189,0.012000121875047606,0.0029999815658008737,0.003999915803654121,0.022470558423878417,0.005000156430873197,0.002533249093110182,0.20200050291972843,0.1899958809597364,0.19499951330079404,0.18000009708219464,0.2324402743921733,0.16325916542344632,0.009024013572242967,0.024000364996806276,0,0,0,0.12515243490508016,0.03280757499114009,0.18199488239346517,0.18299875132071847,0.19399604645020846,0.18900158100408673,0.17399905324264395,0.1538734990398524,0.1420016927634363,0.13357950361885582,0.028999945025046995
SVK,0.103663482249039,0.06500228128208053,0.09910122061305389,0.060471936062236,0.10339880754214462,0.16889946331769698,0.09980947549822568,0.10246665718044737,0.1304692513686746,0.011022216288330992,0.018900242426988696,0.01372952932052424,0.019128473818222448,0.025429879868231666,5.072524647831915e-4,0.005860362947758664,1.2427853013673536e-4,4.004003390206e-4,0.003000057032052013,0.21600463172733222,0.23820172732880937,0.2483665972942544,0.1701916677785542,0.36490555707637556,0.2580058401265361,0.19951646743815407,0.26080227762163743,0,0.03329990849951743,0.20449858563737566,0.00839990641085634,0.1798957859058026,0,0,0,0,0,0,0,0,0,0,0,0,0,0.008800062875014227,0.010999776213811718,0.015829489175915437,0.008500053916106538,0.006999782514136581,0.007599912084691747,0.018799494156637016,0.010899857781097814,0.01299993393671137,0.0025999928710894954,0.005400093099034098,0.024499544211485872,0.007200160449257922,0.008201572928839173,0.17319244720354413,0.16880191066909064,0.13909940936749107,0.18599889202891945,0.3685069567774015,0.16767948623607867,0.00850012376417828,0.02049988664701882,0,0,0,0.12638487013820546,0.03241880453341987,0.19309867601605388,0.18310516630010326,0.19399753380567225,0.18441192029624404,0.18059945036070077,0.1558013494082513,0.1206014600084638,0.1640033580319013,0.028999945025046995
SVN,0.10366373194745648,0.06500042442019485,0.09909891070851473,0.060470009745725174,0.1034,0.16889612311334715,0.09980947549822568,0.10246665718044737,0.12705783911188395,0.011022216288330992,0.01890004982211011,0.01372952932052424,0.019128473818222448,0.019956557028695632,5.072524647831915e-4,0.005860362947758664,1.2427853013673536e-4,4.004003390206e-4,0.003,0.21600012586136372,0.2381999630382554,0.2137444541732851,0.19868646398511902,0.36489643215621864,0.25800659366537143,0.20779629629629628,0.20278451188119193,0,0.03329990884229717,0.20449667858967807,0.008399770986903313,0.17989705194197472,0,0,0,0,0,0,0,0,0,0,0,0,0,0.008800137362637362,0.010999921469199097,0.016410220911610904,0.008499880692114716,0.006999766300537509,0.007599957619823327,0.018800351167114232,0.010899901902325492,0.011976721918301804,0.002599952011874271,0.005400204484042942,0.02450040110526785,0.007200006682237673,0.0076210026879290245,0.17320059301149696,0.16880068503500728,0.13909991710374428,0.18599938893981058,0.2284505528535257,0.16390987064738607,0.008500012585898758,0.020500280769819797,0,0,0,0.12560187374231643,0.031568328195507096,0.1931025287764988,0.1830989945230115,0.1939978563772776,0.18439957492029757,0.18059796235757133,0.15579792837078651,0.12060617376151356,0.16400218998083765,0.028999945025046995
SWE,0.10366358255968369,0.06500167242724941,0.0991015312844215,0.06047055950176053,0.10339995087140276,0.16889988235648998,0.09980947549822568,0.10246665718044737,0.12353691575679362,0.011022216288330992,0.018899612901504197,0.01569956066238594,0.019128473818222448,0.025429879868231666,5.072524647831915e-4,0.005860362947758664,1.2427853013673536e-4,4.004003390206e-4,0.003,0.21599772890108554,0.23819801695645929,0.23748112000530525,0.17776583251889805,0.3648921832884097,0.25799980956612817,0.19951646743815407,0.26080227762163743,0,0.033299953205428175,0.20449945250024884,0.008399957884392658,0.28306513308253184,0,0,0,0,0,0,0,0,0,0,0,0,0,0.008800068804554593,0.011000062238081408,0.018209254489667648,0.008499989726158081,0.007000029685041708,0.007599888323613352,0.018800154185793883,0.010899807545542026,0.01300033692722372,0.002600007520993697,0.005400048935649621,0.02449957979983192,0.007199977742271401,0.00798857978865673,0.17319989989830095,0.1688006316078539,0.13909988146786328,0.18600071738637114,0.23326434437659013,0.16228807527471578,0.008499995406649334,0.02050010359142519,0,0,0,0.12560074389468018,0.03162791378424485,0.1931051654669745,0.1830989586727313,0.19399703849053862,0.18440100638668472,0.1806000343531118,0.15580196048611206,0.12060617376151356,0.16399854001277486,0.028999945025046995
SWZ,0.10601468296692253,0.06852144547087755,0.09799978099791948,0.08605353315879936,0.08200018925824287,0.14849895063418195,0.09980947549822568,0.10410898808240539,0.09767943493135547,0.011022216288330992,0.01879987435737375,0.014766866942045312,0.019128473818222448,0.035333082581076564,5.072524647831915e-4,0.005860362947758664,1.2427853013673536e-4,4.004003390206e-4,0.003357359545743184,0.22129727352682496,0.21508650792794234,0.27758889915912976,0.14859660178683906,0.319697727549241,0.21700223713646533,0.12999954938716654,0.20278451188119193,0,0.038581393264299296,0.19238403967287468,0.008400189801803116,0.27466379117413686,0,0,0,0,0,0,0,0,0,0,0,0,0,0.010149758351704256,0.011072810745181363,0.02341251282113814,0.008999915870014745,0.003999842121881907,0.007000285328906413,0.018799577342541226,0.014,0.011976721918301804,0.0029999787295892683,0.004359949901930666,0.014999713499885398,0.005999800915787378,0.009087012022872733,0.18400244237520988,0.164501655020228,0.16800084979817295,0.19500398502068936,0.2324402743921733,0.1748191340273733,0.009024013572242967,0.021000104286161225,0,0,0,0.1259890081061938,0.03400412069974858,0.1722046521816514,0.1857299706772218,0.19397607899269753,0.208002520478891,0.1713346078781201,0.1538734990398524,0.11226655840873212,0.13357950361885582,0.028999945025046995
TCD,0.10601468817,0.0685210307935,0.0991983067597,0.0874461705821,0.100107513301,0.158305044473,0.0796815733831,0.104109950747,0.0986113373421,0.0114632673403,0.0187999675177,0.0145272985222,0.0191665358706,0.0251259468266,0.00177481996438,0.00586036294776,0.000124278530137,0.000400400339021,0.00380226128381,0.221689041399,0.221173573427,0.261835151729,0.14361492804,0.330560951892,0.219077333568,0.199516467438,0.202784511881,0,0.0365955604361,0.185993828428,0.008597252617,0.279186973935,0,0,0,0,0,0,0,0,0,0,0,0,0,0.0101500315651,0.0109775092463,0.0183287266857,0.00895015853303,0.00518129400794,0.00703872488378,0.016274557694,0.0138143290264,0.0119874887458,0.00294171343792,0.00437306023048,0.0190226190068,0.00606947899309,0.00822632929032,0.183998591078,0.164499804549,0.165824150553,0.195000417629,0.270069353798,0.17747148245,0.0085514144204,0.0204710657473,0,0,0,0.126220770216,0.0355444389664,0.172197548328,0.192337772634,0.193970351283,0.206524050167,0.174871804211,0.154466584568,0.122225484316,0.135919710262,0.028999945025
TGO,0.10601468817,0.0685210307935,0.0991983067597,0.0874461705821,0.100107513301,0.158305044473,0.0796815733831,0.104109950747,0.0986113373421,0.0114632673403,0.0187999675177,0.0145272985222,0.0191665358706,0.0251259468266,0.00177481996438,0.00586036294776,0.000124278530137,0.000400400339021,0.00380226128381,0.221689041399,0.221173573427,0.261835151729,0.14361492804,0.330560951892,0.219077333568,0.199516467438,0.202784511881,0,0.0365955604361,0.185993828428,0.008597252617,0.279186973935,0,0,0,0,0,0,0,0,0,0,0,0,0,0.0101500315651,0.0109775092463,0.0183287266857,0.00895015853303,0.00518129400794,0.00703872488378,0.016274557694,0.0138143290264,0.0119874887458,0.00294171343792,0.00437306023048,0.0190226190068,0.00606947899309,0.00822632929032,0.183998591078,0.164499804549,0.165824150553,0.195000417629,0.270069353798,0.17747148245,0.0085514144204,0.0204710657473,0,0,0,0.126220770216,0.0355444389664,0.172197548328,0.192337772634,0.193970351283,0.206524050167,0.174871804211,0.154466584568,0.122225484316,0.135919710262,0.028999945025
THA,0.10366481187804084,0.0689998830775424,0.0997308319221769,0.06047172931620297,0.10339972429540954,0.1688986221370563,0.09980947549822568,0.10246665718044737,0.10731241785591601,0.008000080591812545,0.022000000000000002,0.006000144843568945,0.019128473818222448,0.01428351791763875,5.072524647831915e-4,0.005860362947758664,1.2427853013673536e-4,3.9999999999999996e-4,0.0020000608346514175,0.21300094073377235,0.25099359234325574,0.33726963795568565,0.108593689922472,0.34600000000000003,0.25801068961022033,0.19951646743815407,0.20278451188119193,0,0.03330003973159103,0.20449858563737566,0.00969996714968792,0.17989393230385275,0,0,0,0,0,0,0,0,0,0,0,0,0,0.008800022180736031,0.010999844018093901,0.01826944808678811,0.008499848440379333,0.007,0.006300060438336991,0.018800188390439183,0.010899915400123743,0.011976721918301804,0.002600033563617039,0.0054001216736275824,0.022470558423878417,0.007199960540593863,0.018600919104278423,0.1732016581321629,0.16879445770291246,0.13909920747240306,0.18600015982625945,0.2324402743921733,0.16418879086338414,0.008500037100244863,0.02050005475052013,0,0,0,0.13008243482627313,0.030606183920189874,0.19259672430404137,0.18310033285782215,0.1940030467792076,0.18479936522330537,0.18060427861705367,0.15579904899731237,0.12059855105795766,0.1300011317978609,0.028999945025046995
TJK,0.10366373282585817,0.06499882257783784,0.09909771801497962,0.060470781603122886,0.10339972429540954,0.16008805769903067,0.09980947549822568,0.10246665718044737,0.11209639114136434,0.011022216288330992,0.018900348435943858,0.01372952932052424,0.019128473818222448,0.025429879868231666,5.072524647831915e-4,0.005860362947758664,1.2427853013673536e-4,4.004003390206e-4,0.003,0.21599829351535837,0.23819895287958118,0.2137444541732851,0.17518864154580285,0.34793416971916524,0.25799799251756544,0.19951646743815407,0.20278451188119193,0,0.038581393264299296,0.2045017642048911,0.008656405041611992,0.28306513308253184,0,0,0,0,0,0,0,0,0,0,0,0,0,0.00879998217338295,0.010999961658386116,0.012032103014485249,0.00849979417515694,0.0070000666059812176,0.007125732721494391,0.01469619802650542,0.011585640526697204,0.011976721918301804,0.002600031933578157,0.00444499350857397,0.022470558423878417,0.007199954892960482,0.01105153570391492,0.17320714966475498,0.16880314324280177,0.13909875458632628,0.18599008699871752,0.20760069993034674,0.16347738688539862,0.008500192447504596,0.020374820037509758,0,0,0,0.1255978260869565,0.032397767996987424,0.19309613072080356,0.18309480357314378,0.19400269296553735,0.18440023010850806,0.1713346078781201,0.1538734990398524,0.11226655840873212,0.13357950361885582,0.028999945025046995
TKM,0.111698222131,0.0650003025732,0.0991972307619,0.0708489545859,0.103399915804,0.168901013078,0.101040029777,0.102007532215,0.122352696043,0.0112205140282,0.0188998866398,0.0143358631039,0.0191284738182,0.0246275679107,0.000507252464783,0.00586036294776,0.000124278530137,0.000400400339021,0.002999979945,0.218912972594,0.229310970682,0.225158197483,0.185738705381,0.358374271094,0.257999530195,0.201427287278,0.202784511881,0,0.033299836576,0.199838810434,0.00839996147326,0.243385873324,0,0,0,0,0,0,0,0,0,0,0,0,0,0.00880004648444,0.0110000281012,0.0135087392002,0.00849998783004,0.00700004585769,0.00759998331729,0.0181684109475,0.0108999309715,0.012212856105,0.00260000359877,0.00540000007575,0.0244998448707,0.00719998591688,0.00854183810821,0.173199562662,0.168801032512,0.139149054286,0.185999415885,0.222968363055,0.164821411126,0.0085000708111,0.020490383278,0,0,0,0.125658035816,0.0326593978833,0.193100755317,0.183099765264,0.194000637111,0.184398829995,0.180599950697,0.155354979879,0.119959742759,0.138260096605,0.028999945025
TLS,0.106471561493,0.0706665013325,0.101843550763,0.0676773353342,0.103398885007,0.150328045063,0.0998094754982,0.10246665718,0.13108025897,0.0123333131757,0.0213330679667,0.00857651918753,0.0170856694227,0.0217614794659,0.000507252464783,0.00586036294776,0.000416189643401,0.000399995007401,0.00278577434935,0.216104304115,0.223026201959,0.303374368172,0.136026604741,0.347333410223,0.254669755324,0.202277710298,0.202784511881,0,0.0368210937205,0.200461343922,0.0089188539977,0.283065133083,0,0,0,0,0,0,0,0,0,0,0,0,0,0.00933794964825,0.0108867048434,0.0145180120685,0.00833340349359,0.00727973831654,0.00657532039713,0.0144986999697,0.0119332777345,0.0119767219183,0.00240002963318,0.00526665874242,0.0224705584239,0.00646668321342,0.0107227188107,0.181801933691,0.175864581813,0.136732714054,0.188333772231,0.219760797738,0.164828945188,0.0105080756301,0.0204165640727,0,0,0,0.128768316553,0.030662197369,0.187732265017,0.184943113951,0.19099984662,0.184866780882,0.174423996589,0.154516694224,0.117822183373,0.132386214078,0.028999945025
TTO,0.10366359345246907,0.06499944493995781,0.09910029292788394,0.0604709028822504,0.10339935760171307,0.16008805769903067,0.09980947549822568,0.10246665718044737,0.13300351466992666,0.01359987929993965,0.018900325746469777,0.015700060350030173,0.01530022175772173,0.016130692784067015,5.072524647831915e-4,0.005860362947758664,1.2427853013673536e-4,4.004003390206e-4,0.002999954375399215,0.21600097333750476,0.23819662712494508,0.22028333452854126,0.1772401934093693,0.364897278131192,0.25800075754967117,0.20780262732535926,0.20278451188119193,0,0.03329990839089851,0.20449752615783923,0.008399945250479058,0.28306513308253184,0,0,0,0,0,0,0,0,0,0,0,0,0,0.008799863510815386,0.010660046528382611,0.01626051099030216,0.00850011290551899,0.007000149678191887,0.0076000268753989315,0.018800408171274947,0.010899783335971141,0.012999512670565302,0.0025999978598638873,0.0053999712767485285,0.024499127609650444,0.00719995946539358,0.008435910009527568,0.17319705486070472,0.16879834184318285,0.13910098475198135,0.18600009407820464,0.2324402743921733,0.16656266017466861,0.008499733404425487,0.020500049772704646,0,0,0,0.12560008725317431,0.03149960562110651,0.1930999358659977,0.18309960618576507,0.19400441403287516,0.18440247604778612,0.18060109289617488,0.15579847733515217,0.12059939440370653,0.13357950361885582,0.028999945025046995
TUN,0.10685130214073493,0.06500050694514854,0.0990980890450208,0.08208969268130276,0.10339972429540954,0.16008805769903067,0.10780948204758771,0.09649817869275162,0.13186307833806532,0.011022216288330992,0.018900746962150272,0.01372952932052424,0.019128473818222448,0.025429879868231666,5.072524647831915e-4,0.005860362947758664,1.2427853013673536e-4,4.004003390206e-4,0.0029999239601551215,0.2160014129282939,0.23820182501341922,0.2493554656721122,0.20780413068476788,0.3649069705332502,0.25800396287412664,0.19951646743815407,0.20278451188119193,0,0.03329960224613945,0.20449750997556376,0.008399838774687626,0.28306513308253184,0,0,0,0,0,0,0,0,0,0,0,0,0,0.008800197150178074,0.010999829169192843,0.014200494986728762,0.008500110541442514,0.006999999999999999,0.0076000365346851175,0.01880011234903099,0.010899960042137382,0.011976721918301804,0.0026000120723738813,0.00539994751657999,0.0245002114761032,0.007199822922186375,0.009030426910783002,0.17319671182123422,0.1687985476129289,0.13973014445587123,0.18600119274608787,0.2030148487371635,0.16326893246287932,0.008499876176324913,0.02050041210408572,0,0,0,0.12560204102029562,0.03222649224769513,0.19309861234130501,0.18309817170111287,0.19400025890320424,0.18439832378685314,0.18060219449467102,0.15579519793538874,0.12060068179146584,0.13357950361885582,0.028999945025046995
TUR,0.12977600366855532,0.06500016574158309,0.09910209146986895,0.09420019300726123,0.10340083529287895,0.16890186672228594,0.09980947549822568,0.10246665718044737,0.10731241785591601,0.011022216288330992,0.01890040163353471,0.01372952932052424,0.019128473818222448,0.014999824419707132,5.072524647831915e-4,0.005860362947758664,1.2427853013673536e-4,4.004003390206e-4,0.0029998563011927,0.2160032554010062,0.23820103469070367,0.22706537843862548,0.17804061528483295,0.3649030374202558,0.25800489263386794,0.19951646743815407,0.20278451188119193,0,0.03329897823189693,0.20449162011173183,0.008400017832066514,0.17989978162533146,0,0,0,0,0,0,0,0,0,0,0,0,0,0.008800212532147406,0.01099997483254655,0.011324250149332388,0.008500026447563298,0.007000030800505128,0.0076,0.018799549962060753,0.010899898077209376,0.011976721918301804,0.002600042369419802,0.00540009358914366,0.02449935539321014,0.007199950281853867,0.008999685845384664,0.17319952186472756,0.16880354165468867,0.13973014445587123,0.1860010648338617,0.20263653976800944,0.16301657273304382,0.008500065902201133,0.020374820037509758,0,0,0,0.12559749886537513,0.03365334176754764,0.1930969916364998,0.18309955785942977,0.19400626166536214,0.18440023010850806,0.18060006570062415,0.155802378099364,0.12060027456956814,0.1640033580319013,0.028999945025046995
TZA,0.1060137548021203,0.06852102118734814,0.0997308319221769,0.08605439393319421,0.10339972429540954,0.16008805769903067,0.07800417620907989,0.10411207256158216,0.10100812636154251,0.011499997766231677,0.018799915362244672,0.014766344446326586,0.0191900686142746,0.035318124531777934,0.006000071053005543,0.005860362947758664,1.2427853013673536e-4,4.004003390206e-4,0.004000123731749567,0.2213004139080345,0.2229983077280419,0.21799445125880085,0.1767627508527009,0.31970070261885203,0.21700280682692746,0.1300037551633496,0.20278451188119193,0,0.035999758997429306,0.19238403967287468,0.008656405041611992,0.27466742429306773,0,0,0,0,0,0,0,0,0,0,0,0,0,0.010149747467288892,0.011072715389385129,0.028095286189705023,0.00900035943927473,0.003999943911604689,0.006999517939535844,0.018800076580672953,0.014000103321795732,0.012000215224175544,0.002999942063691315,0.00436000178086461,0.015,0.0059999269993064935,0.004533956418025594,0.1840052679980472,0.1645003228624606,0.1679994601342916,0.1949976258972712,0.3039968445696419,0.1770923365834683,0.008000080070462007,0.02100010950104026,0,0,0,0.12653797510779854,0.03399957251763364,0.1722069736708346,0.19800689525051027,0.19397303985412867,0.2080043642134497,0.17900038933229512,0.1558013494082513,0.17699957680914094,0.13357950361885582,0.028999945025046995
UGA,0.10601468817,0.0685210307935,0.0991983067597,0.0874461705821,0.100107513301,0.158305044473,0.0796815733831,0.104109950747,0.0986113373421,0.0114632673403,0.0187999675177,0.0145272985222,0.0191665358706,0.0251259468266,0.00177481996438,0.00586036294776,0.000124278530137,0.000400400339021,0.00380226128381,0.221689041399,0.221173573427,0.261835151729,0.14361492804,0.330560951892,0.219077333568,0.199516467438,0.202784511881,0,0.0365955604361,0.185993828428,0.008597252617,0.279186973935,0,0,0,0,0,0,0,0,0,0,0,0,0,0.0101500315651,0.0109775092463,0.0183287266857,0.00895015853303,0.00518129400794,0.00703872488378,0.016274557694,0.0138143290264,0.0119874887458,0.00294171343792,0.00437306023048,0.0190226190068,0.00606947899309,0.00822632929032,0.183998591078,0.164499804549,0.165824150553,0.195000417629,0.270069353798,0.17747148245,0.0085514144204,0.0204710657473,0,0,0,0.126220770216,0.0355444389664,0.172197548328,0.192337772634,0.193970351283,0.206524050167,0.174871804211,0.154466584568,0.122225484316,0.135919710262,0.028999945025
UKR,0.10366357001817976,0.06499979551774906,0.09910006940954022,0.060470137441485404,0.10339994379067069,0.16889932225209192,0.1078084692574783,0.10246665718044737,0.13249944530729976,0.011022216288330992,0.018900118080034656,0.01372952932052424,0.019128473818222448,0.025429879868231666,5.072524647831915e-4,0.005860362947758664,1.2427853013673536e-4,4.004003390206e-4,0.0030000553036168567,0.22231167853851735,0.23819998078954951,0.32173167648543805,0.22403394842239746,0.36490491659670765,0.2580003945940614,0.19951646743815407,0.20278451188119193,0,0.03329968580787486,0.19238403967287468,0.008400041714464491,0.28306513308253184,0,0,0,0,0,0,0,0,0,0,0,0,0,0.008800021231516417,0.010999956558704702,0.014433314386693631,0.0085,0.0069999608196528625,0.00760025580480126,0.01879971219256934,0.01090043381652735,0.011976721918301804,0.002599991740201814,0.0053999769133094774,0.024500343800137516,0.007200100873350853,0.009077600089343333,0.17320159604788143,0.16879687904129667,0.13909976178634068,0.18600010461345332,0.2065303088592732,0.1653297495711405,0.008500138678500566,0.02050005475052013,0,0,0,0.12587453545687158,0.031932077985449,0.193098612341305,0.1831013431013431,0.19400100944552598,0.18440048490191757,0.18059992036455338,0.15579847733515217,0.12060148902821317,0.1640033580319013,0.028999945025046995
URY,0.11496200514145098,0.07800015419881492,0.09700214132762312,0.08740322770248711,0.10339972429540954,0.1329998988663841,0.09980947549822568,0.10246665718044737,0.14219603759608776,0.010999910539701202,0.020999248225996713,0.01399985457718316,0.019128473818222448,0.24400517825134435,5.072524647831915e-4,0.005860362947758664,1.2427853013673536e-4,0.0030000100137187948,0.01,0.21300278269668607,0.22000208572322455,0.2268290564310556,0.17838246379728237,0.34100448954265067,0.24400126957257723,0.19951646743815407,0.20278451188119193,0,0.03399970130784494,0.2239999026669262,0.012,0.28306513308253184,0,0,0,0,0,0,0,0,0,0,0,0,0,0.01,0.008999776735878545,0.01556070407133135,0.008000060956715651,0.0069999907169313895,0.005999942610367437,0.005999921505524049,0.012200102913745417,0.011976721918301804,0.002999913609399298,0.0039999724737812764,0.018999679127226055,0.004999906808566157,0.006637771932065499,0.20200065733059527,0.19000370408316059,0.19500206242265916,0.18000033945401248,0.22697497567525088,0.15523013500411925,0.012,0.023999895713838773,0,0,0,0.1251839405089198,0.03280005093215562,0.18199940838295628,0.18300238730515378,0.19400236127508852,0.18899468380544315,0.1739984950753024,0.1639976916973238,0.1420066349861024,0.13357950361885582,0.028999945025046995
USA,0.10366386141683372,0.06500112382609036,0.09909454622025689,0.06047145421023723,0.10339988914874346,0.16889722532022036,0.09980947549822568,0.09649411736107735,0.13250006390103009,0.013600086906141368,0.018899671618205636,0.01569959978027152,0.015299791650590321,0.004204195655702957,5.072524647831915e-4,0.005860362947758664,1.2427853013673536e-4,4.004003390206e-4,0.0030000598372427,0.21600554304521047,0.23820126291199764,0.2352450589276712,0.18212334604081584,0.3648964321562186,0.25800489008996363,0.20780243759646602,0.20278451188119193,0,0.0332988886722558,0.20450049275468118,0.008399663086965676,0.17989705194197472,0,0,0,0,0,0,0,0,0,0,0,0,0,0.008799991513377039,0.011000091448746955,0.016342324364896098,0.008500068278500224,0.006999999999999999,0.007599721437691028,0.018800188390439183,0.010899962437638543,0.013000326477309827,0.0026000840132893747,0.00539995703641729,0.02450005730002292,0.007200063004337607,0.00904847655915621,0.17319934861458944,0.1687944577029125,0.13909996796161966,0.18599997539224208,0.22146596103200322,0.16423026150559028,0.008499991297234262,0.020374820037509758,0,0,0,0.12560095447439257,0.03155492117473979,0.19309911442824546,0.18309715912943253,0.1940059224051755,0.184403888117437,0.1806019823146439,0.15580090855224174,0.12059951741632122,0.13357950361885582,0.028999945025046995
UZB,0.10366352325707984,0.06500004551122762,0.09909938887101963,0.06047004517247264,0.10339972429540954,0.1689013261954009,0.09980947549822568,0.10246665718044737,0.1319320839415486,0.011022216288330992,0.018899775578079602,0.01372952932052424,0.019128473818222448,0.025429879868231666,5.072524647831915e-4,0.005860362947758664,1.2427853013673536e-4,4.004003390206e-4,0.0030000365003467534,0.22231167853851735,0.21508650792794234,0.2447013236272954,0.2121304606742038,0.34793416971916524,0.24399457024752158,0.19951646743815407,0.20278451188119193,0,0.038581393264299296,0.20449605972625465,0.008400189801803116,0.28306513308253184,0,0,0,0,0,0,0,0,0,0,0,0,0,0.008799849273485394,0.010999949542094507,0.012847024993346915,0.008499947623869549,0.006999978686218508,0.007600059685731666,0.01879961874859834,0.011585640526697204,0.011976721918301804,0.002599932409597837,0.005400071569153695,0.022470558423878417,0.0071999881041088735,0.009614120830830465,0.17319939518952548,0.16879673691366417,0.13910133843212238,0.18599818305700658,0.2106479431828575,0.1624521615272547,0.0085,0.020374820037509758,0,0,0,0.12588687353523453,0.03156716424096465,0.1930998279983023,0.1857299706772218,0.1939991162174105,0.18439260493533285,0.1713346078781201,0.1538734990398524,0.11226655840873212,0.13357950361885582,0.028999945025046995
VCT,0.10366330870161476,0.06500019953138628,0.0997308319221769,0.060469983477143385,0.10339972429540954,0.16889537777482827,0.09980947549822568,0.10246665718044737,0.10731241785591601,0.013600088378258948,0.01889981435172442,0.015699933102978448,0.015300054286137295,0.020000330272026197,5.072524647831915e-4,0.005860362947758664,1.2427853013673536e-4,4.004003390206e-4,0.003357359545743184,0.21599902667518323,0.23819256880064238,0.23664986764174975,0.15487212330152822,0.36489385474860336,0.25800016976487566,0.19951646743815407,0.20278451188119193,0,0.03330053354325199,0.19238403967287468,0.008656405041611992,0.28306513308253184,0,0,0,0,0,0,0,0,0,0,0,0,0,0.008799873337555416,0.011,0.019435889364915714,0.008499972001756522,0.006999992558028771,0.007600041738404549,0.01879965540346511,0.010899952339618211,0.0129998990574961,0.0025999031060988218,0.005400006223356256,0.022470558423878417,0.007200021629805873,0.012145679440735385,0.17320030796868985,0.16879761277865543,0.13910036061494338,0.18600032120387835,0.2324402743921733,0.16325916542344632,0.009024013572242967,0.020499471712611662,0,0,0,0.12559847763687992,0.03158978866243259,0.19309776150170982,0.18310511615232647,0.1940021359092527,0.1843981988560302,0.18060347158384252,0.15579962615168508,0.12059486645855012,0.13357950361885582,0.028999945025046995
VEN,0.11496181482380222,0.07799944601890904,0.09700085168511985,0.08740349924351165,0.10339972429540954,0.1329995320542817,0.09980947549822568,0.10246665718044737,0.14219968373411854,0.011000120144860374,0.020999961959347224,0.013999963789763367,0.017999782348460114,0.02884983424143232,5.072524647831915e-4,0.0035000316015674376,1.2427853013673536e-4,0.0029999677942265787,0.009999999999999998,0.2129989354200943,0.2199935112336767,0.22868217076484246,0.1770741358841561,0.34100448954265067,0.24399580253672778,0.16959819752159222,0.20278451188119193,0,0.033999244101290425,0.19238403967287468,0.01200024333860567,0.28306513308253184,0,0,0,0,0,0,0,0,0,0,0,0,0,0.01000004988675706,0.009000125151584463,0.012050041623179427,0.007999976910377632,0.007000000000000001,0.006000058663068664,0.01469619802650542,0.0122,0.012000222622752901,0.0029999999999999996,0.003999975681081706,0.022470558423878417,0.005,0.008799066181822749,0.20200047235148058,0.1899962348307122,0.19500346422183912,0.18000012737961035,0.1961581932840947,0.1579362213974259,0.012000000000000002,0.024000398181637187,0,0,0,0.1250962893530959,0.0328000297634734,0.18199706767497492,0.18299975886182784,0.1940039260008328,0.18899979118813948,0.17400587136375767,0.1640017697157394,0.14200137997365506,0.13357950361885582,0.028999945025046995
VNM,0.106471561493,0.0706665013325,0.101843550763,0.0676773353342,0.103398885007,0.150328045063,0.0998094754982,0.10246665718,0.13108025897,0.0123333131757,0.0213330679667,0.00857651918753,0.0170856694227,0.0217614794659,0.000507252464783,0.00586036294776,0.000416189643401,0.000399995007401,0.00278577434935,0.216104304115,0.223026201959,0.303374368172,0.136026604741,0.347333410223,0.254669755324,0.202277710298,0.202784511881,0,0.0368210937205,0.200461343922,0.0089188539977,0.283065133083,0,0,0,0,0,0,0,0,0,0,0,0,0,0.00933794964825,0.0108867048434,0.0145180120685,0.00833340349359,0.00727973831654,0.00657532039713,0.0144986999697,0.0119332777345,0.0119767219183,0.00240002963318,0.00526665874242,0.0224705584239,0.00646668321342,0.0107227188107,0.181801933691,0.175864581813,0.136732714054,0.188333772231,0.219760797738,0.164828945188,0.0105080756301,0.0204165640727,0,0,0,0.128768316553,0.030662197369,0.187732265017,0.184943113951,0.19099984662,0.184866780882,0.174423996589,0.154516694224,0.117822183373,0.132386214078,0.028999945025
VUT,0.106471561493,0.0706665013325,0.101843550763,0.0676773353342,0.103398885007,0.150328045063,0.0998094754982,0.10246665718,0.13108025897,0.0123333131757,0.0213330679667,0.00857651918753,0.0170856694227,0.0217614794659,0.000507252464783,0.00586036294776,0.000416189643401,0.000399995007401,0.00278577434935,0.216104304115,0.223026201959,0.303374368172,0.136026604741,0.347333410223,0.254669755324,0.202277710298,0.202784511881,0,0.0368210937205,0.200461343922,0.0089188539977,0.283065133083,0,0,0,0,0,0,0,0,0,0,0,0,0,0.00933794964825,0.0108867048434,0.0145180120685,0.00833340349359,0.00727973831654,0.00657532039713,0.0144986999697,0.0119332777345,0.0119767219183,0.00240002963318,0.00526665874242,0.0224705584239,0.00646668321342,0.0107227188107,0.181801933691,0.175864581813,0.136732714054,0.188333772231,0.219760797738,0.164828945188,0.0105080756301,0.0204165640727,0,0,0,0.128768316553,0.030662197369,0.187732265017,0.184943113951,0.19099984662,0.184866780882,0.174423996589,0.154516694224,0.117822183373,0.132386214078,0.028999945025
WSM,0.105348644981,0.069199956113,0.100871617794,0.0647206731105,0.103400332444,0.159518891372,0.102912440151,0.101224785663,0.118083679357,0.0117200826958,0.0209800266622,0.00954005591546,0.0183628120862,0.0148913578883,0.000507252464783,0.00586036294776,0.000299425006467,0.000400076968082,0.00240002238701,0.214197443672,0.23883888956,0.252930449954,0.11687527781,0.350580391812,0.255998653205,0.199516467438,0.202784511881,0,0.0346396020915,0.200398833226,0.00902252077189,0.221162828928,0,0,0,0,0,0,0,0,0,0,0,0,0,0.00884005552962,0.0109999680093,0.0191178835465,0.00839995521137,0.00796776642719,0.00669999815934,0.0162193537891,0.0115199118349,0.0119767219183,0.00248000439527,0.00532003205085,0.020254032404,0.00676002943483,0.0118984788784,0.17835866797,0.173037771637,0.137680050015,0.187400084769,0.224792327793,0.162692590749,0.00960004981398,0.0177999169467,0,0,0,0.12830869362,0.0320330081478,0.189780549705,0.183681479748,0.192201207132,0.184757302951,0.178080071194,0.155040487172,0.118278521653,0.137515405193,0.0289999414884
YEM,0.12977622668633904,0.06499988983899356,0.0997308319221769,0.09420114036151886,0.10339972429540954,0.16889721627408993,0.10996417955948481,0.10520800500756908,0.125336165369808,0.011022216288330992,0.018900079907181264,0.015700091250126735,0.019128473818222448,0.025429879868231666,5.072524647831915e-4,0.005860362947758664,1.2427853013673536e-4,4.004003390206e-4,0.0029999999999999996,0.21599700822737472,0.2381973514617148,0.22263942803739548,0.19193069880110228,0.34793416971916524,0.25799452499239584,0.19951646743815407,0.20278451188119193,0,0.033299797223522075,0.2045016077170418,0.008399883203153515,0.1798993916705662,0,0,0,0,0,0,0,0,0,0,0,0,0,0.008800020140226326,0.01099992738363227,0.013564576065962035,0.00850020230712699,0.00699974924774323,0.007600292699724518,0.018800188390439183,0.01090003614602996,0.011976721918301804,0.002599905040753343,0.005399997137254341,0.024500573796976146,0.0071999734097556644,0.017911725570080632,0.17319532554257094,0.16880416812784932,0.13910399816440086,0.18600114611853644,0.20049836186608833,0.16277693925440714,0.009024013572242967,0.020499306518723993,0,0,0,0.1256000318598527,0.03867878034163402,0.19310103346561128,0.1830952977532782,0.1940027700831025,0.18879951659179947,0.18060151839595093,0.1538734990398524,0.11226655840873212,0.13357950361885582,0.028999945025046995
ZAF,0.10601382193465399,0.06852018166807818,0.09799708002554977,0.0860537052438497,0.08199902664557732,0.14849604221635884,0.07800354597812427,0.10410855242047617,0.09810772833723654,0.011022216288330992,0.01879955565220969,0.014766308283661078,0.019128473818222448,0.025429879868231666,5.072524647831915e-4,0.005860362947758664,1.2427853013673536e-4,4.004003390206e-4,0.004000060834651418,0.22130603576998376,0.22300193095652995,0.30352360912355647,0.171332382156048,0.3197000364999834,0.2169934640522876,0.19951646743815407,0.20278451188119193,0,0.03599979580376742,0.19238403967287468,0.008399945250479058,0.28306513308253184,0,0,0,0,0,0,0,0,0,0,0,0,0,0.010150141200845786,0.011072692631946431,0.020420288978658944,0.008999811985182399,0.004000098677718571,0.006999975664955102,0.01879990406209799,0.013999803860922306,0.011976721918301804,0.0030000000000000005,0.004360057865082991,0.014999598909032569,0.005999999999999999,0.008341298491569745,0.18400045545673774,0.16449531737773154,0.16799529868669832,0.19500052907953389,0.29980069675119503,0.17894365587401082,0.007999919831110874,0.020999675561683834,0,0,0,0.12600014701807757,0.033999994501385654,0.17220100161276633,0.19799893276414085,0.19396775871034844,0.20799809569150202,0.1789996703244949,0.15580196048611206,0.17699957680914094,0.13357950361885582,0.028999945025046995
ZMB,0.106014562582,0.0685213562746,0.0987415943581,0.0882476626259,0.100342754273,0.151809864193,0.0826773416047,0.103758100919,0.101423049649,0.0114317067879,0.0188000583944,0.0147665653163,0.0191680741635,0.0267542473028,0.00325360995999,0.00586036294776,0.000124278530137,0.000400400339021,0.00367866522037,0.221445463854,0.220738552543,0.259701572211,0.155798096425,0.32575128485,0.217000127813,0.184620229815,0.202784511881,0,0.0365530556121,0.186450059255,0.00854654352823,0.276465857767,0,0,0,0,0,0,0,0,0,0,0,0,0,0.0101499510917,0.0110432510072,0.0206267867991,0.00900004288271,0.00564532421039,0.00701791765076,0.0176275900902,0.013827447218,0.0119884056322,0.00299999251781,0.00435996834949,0.0171343443047,0.00599999898112,0.00926798662983,0.184000834803,0.164499607844,0.165981216484,0.195000532903,0.271402458646,0.17615829492,0.00843886032139,0.0209106726743,0,0,0,0.126241870787,0.0348258124836,0.172200735854,0.197124856694,0.193972738652,0.208001619949,0.177903626618,0.154836319573,0.140009586861,0.133579503619,0.028999945025
ZWE,0.10601427581110834,0.06852251120467201,0.09800118190982723,0.08605384191895378,0.10339972429540954,0.14850166076577728,0.07800502770116907,0.10411035629110356,0.09693117536310401,0.011500044894416495,0.01879987741342323,0.014766801853997681,0.019128473818222448,0.035332770438064966,5.072524647831915e-4,0.005860362947758664,1.2427853013673536e-4,4.004003390206e-4,0.003357359545743184,0.2212993953417903,0.22300223253836068,0.2923917303711171,0.12013797317233525,0.31970434359411126,0.21700354670982402,0.12999877104584,0.20278451188119193,0,0.035999157717414194,0.19238403967287468,0.008656405041611992,0.28306513308253184,0,0,0,0,0,0,0,0,0,0,0,0,0,0.010149940402588866,0.011072642802470676,0.03650009303199492,0.009000160331258321,0.003999944891436129,0.007000015378227506,0.01469619802650542,0.013999785169537041,0.011976721918301804,0.003000023439514333,0.0043600309401589194,0.022470558423878417,0.006000215177162531,0.005607979553832539,0.18400396665322036,0.16450252560359607,0.16800032661059852,0.19499965597908353,0.300146070495012,0.17351980860015379,0.008000000000000002,0.02100010950104026,0,0,0,0.12599926827037408,0.03399947974441807,0.1722023206915349,0.19800211314955338,0.19398200224971882,0.2080010579911393,0.1713346078781201,0.1538734990398524,0.1769995768091409,0.13357950361885582,0.028999945025046995
