ISO3,wheat,rice,barley,maize,rye,oats,millet,sorghum,othr_grains,cassava,potato,sweet_potato,yams,othr_roots,sugar_cane,sugar_non,raw_sugar,sweeteners,honey,beans,peas,othr_pulse,nuts,soyabeans,groundnut,seed_sunflower,seed_rape,seed_cotton,coconuts,seed_sesame,preserved_olives,seed_oilcrop,oil_soyabeans,oil_groundnut,oil_sunflower,oil_rape,oil_cotton,oil_palmkernel,oil_palm,oil_coconut,oil_sesame,oil_olive,oil_ricebran,oil_maize,oil_oilcrop,tomato,onion,othr_vegetables,orange,lemon,grapefruit,citrus,banana,plantains,apple,pineapple,dates,grapes,othr_fruits,beef,lamb,pork,poultry,othr_meat,offals,butter,cream,fat_ani,oil_fish_body,oil_fish_liver,eggs,milk,fish_freshw,fish_demrs,fish_pelag,fish_marine,crustaceans,cephalopods,othr_molluscs,fish_aquatic,fish_aquaticplant
AGO,0.0010230564407818694,6.999769050798783e-4,9.228608220782025e-4,0.0010786087814504193,0.0025093168630957825,0.001390006205058948,0.0013973889078805009,8.44171238476316e-4,0.0015781404204178156,5.00006739240802e-4,0.00118,4.250016223535015e-4,6.460688170036566e-4,6.109953164518586e-4,1.8239036123786118e-4,4.246589343609425e-4,2.0000054114164653e-4,1.9000255502427273e-4,3.99993596516505e-4,0.0010893544939401883,0.001705528972884456,0.001336936393108059,0.0017906654242836673,0.002792138511932616,0.001359996741078703,0.0034919484256855995,1.193798931733566e-4,0,2.2000510497096552e-4,0.0018999902666926223,1.5603704753839508e-4,0.0012936677557542843,0,0,0,0,0,0,0,0,0,0,0,0,1.2896196326463104e-5,4.1110839108165115e-4,4.142868408304889e-4,0.0013388810001211625,3.2748770278940453e-4,2.1989215070063872e-4,2.4263488170914055e-4,8.99986818691096e-4,3.9999999999999996e-4,5.533276957169082e-4,3.0000000000000003e-4,2.857142857142857e-4,6.574771002473922e-4,6.999749718433238e-4,7.102354738831735e-4,0.0018999891351586266,0.0018499702406257973,0.0019499829800178167,0.0012000120339658686,0.0027999668956385005,0.013237663649740298,3.0000552730488617e-4,0.0010965263099773723,9.438757007629237e-5,0,3.4661167382329176e-6,0.004450886766712141,0.001803803355241547,6.000086617583369e-4,3.000073773515308e-4,0.0013999752872853083,8.750081972588367e-4,4.0000730006935063e-4,0.004120103235321228,0.0012596271006307383,0.0016431024154574545,0.0015000020054761122
ALB,4.157791035367159e-4,5.15e-4,0.0011399990875079842,7.50644641262453e-4,0.002510023970363914,0.001390006205058948,7.39126578589905e-4,8.44171238476316e-4,0.0015781404204178156,5.612182406278379e-4,3.3000311743835634e-4,6.100057121096725e-4,6.460688170036566e-4,6.109953164518586e-4,1.8239036123786118e-4,4.246589343609425e-4,1.8999989006035687e-4,1.300000553869331e-4,3.800079349335449e-4,0.0021199898781544503,0.001705528972884456,0.002455388046909246,0.00279524749900831,0.008700222652115194,0.0013500104286161224,0.0034919484256855995,1.193798931733566e-4,0,1.999976602714085e-4,0.0019812390193210184,1.5603704753839508e-4,0.0012936677557542843,0,0,0,0,0,0,0,0,0,0,0,0,1.2896196326463104e-5,1.8999877735664507e-4,2.700047296539551e-4,5.352218982599999e-4,3.599824189646485e-4,1.9999999999999998e-4,2.7e-4,8.99992732029944e-4,7.300028876696506e-4,5.533276957169082e-4,2.599990832836779e-4,3.199937974139988e-4,6.600072329559776e-4,6.99996691365883e-4,3.3688374555240937e-4,0.001599998120468567,0.0022000387283738756,0.0020700007147792525,0.0018499909896767441,0.0025780407003654906,0.0035769746188801677,3.4000494542371683e-4,0.0010999908750798431,9.438757007629237e-5,0,3.4661167382329176e-6,0.004570000342492988,8.249608099751566e-4,0.0011299497310168446,6.499913395373738e-4,0.0016000186059492523,9.500088167871626e-4,4.3000050344862306e-4,0.004119949935964606,9.999999999999998e-4,0.0016431024154574545,0.0015000020054761122
ARE,0.0015491251352382138,5.149967591071995e-4,9.228608220782025e-4,0.00201,0.0025093168630957825,0.001322162746738399,7.39126578589905e-4,8.44171238476316e-4,0.0015781404204178156,4.7999894661996686e-4,3.299995084172376e-4,6.099960826785262e-4,6.460688170036566e-4,5.90028901734104e-4,1.8239036123786118e-4,4.246589343609425e-4,1.9000154912750166e-4,1.3000048666536888e-4,3.79998009091814e-4,0.0021199945782665944,0.00215,0.002207159150745412,0.003354388555813438,0.008699813447968205,0.0013500006860875174,0.0034919484256855995,1.193798931733566e-4,0,2.0000154608492644e-4,9.000162223544043e-4,1.5603704753839508e-4,0.0012936677557542843,0,0,0,0,0,0,0,0,0,0,0,0,1.2896196326463104e-5,1.9000550740601177e-4,2.700008686587908e-4,8.504799258621585e-4,3.6001323172674035e-4,2.000042542782085e-4,2.700031303803412e-4,9.000065412205919e-4,7.300207861119525e-4,5.533276957169082e-4,2.600009012358196e-4,3.2e-4,6.600214874059925e-4,7.000024981056032e-4,3.8220731755267775e-4,0.0015999850293798418,0.0021999693110326835,0.001815503263780918,0.0018499907975191281,0.0040609478015168786,0.003574381808953293,3.400059612518629e-4,0.001100009124920157,9.438757007629237e-5,0,3.4661167382329176e-6,0.004575909582094698,0.0015709215925474105,0.0011299981939678527,6.500184095445414e-4,0.0016000102679946606,9.499953324828081e-4,4.2999445573831086e-4,0.00412011945581241,0.001,0.0016431024154574545,0.0015000020054761122
ARG,0.0017012484976089031,5.999822407500012e-4,9.228608220782025e-4,0.0013119204949783535,0.0025093168630957825,0.0012000147476311617,7.39126578589905e-4,8.44171238476316e-4,0.0015781404204178156,4.000044114079009e-4,7.000032211824961e-4,4.0000230429347485e-4,6.460688170036566e-4,6.109953164518586e-4,1.8239036123786118e-4,4.246589343609425e-4,1.607678832089772e-4,7.000182804216684e-4,6.99990875079843e-4,0.0020000608346514175,0.001705528972884456,0.002839447180159368,0.0037809511020918717,0.002467580621915937,0.0013098437397964734,0.0034919484256855995,1.193798931733566e-4,0,1.9999999999999998e-4,0.002399990266692622,0.0022000219002080517,0.0012936677557542843,0,0,0,0,0,0,0,0,0,0,0,0,1.2896196326463104e-5,6.000081277972433e-4,3.9999899497739956e-4,6.369114367746308e-4,4.0000633386718786e-4,4.000020299004334e-4,3.9999255481517324e-4,6.54442536727919e-4,4.999823841316258e-4,5.533276957169082e-4,3.9998846214863636e-4,5.000073030015337e-4,6.574771002473922e-4,5e-4,4.929086767123421e-4,0.0019000505008489063,0.0019000148290946835,0.0021000266500843918,0.0016000071758708082,0.002500851550256027,0.005605362863668885,5.000168152009416e-4,0.001400048667721134,9.438757007629237e-5,0,3.4661167382329176e-6,0.002899991421803137,5.62343865226519e-4,6.99993936821682e-4,0.0010500022978997198,0.0010999919133106906,5e-4,6.000112309074573e-4,6.999861744780865e-4,0.0019000566786321555,0.0016431024154574545,0.0015000020054761122
ARM,0.0015491390743331715,5.150002354825037e-4,9.228608220782025e-4,0.002010049639867627,0.0025099917875718585,0.001390004171446449,7.39126578589905e-4,8.44171238476316e-4,0.002699952039604667,5.612182406278379e-4,3.299949119727229e-4,4.08769028227842e-4,6.460688170036566e-4,6.109953164518586e-4,1.8239036123786118e-4,4.246589343609425e-4,1.9000223448775125e-4,1.3000252972426006e-4,3.800010895619961e-4,0.0013391190712748178,0.001705528972884456,0.001336936393108059,0.0016632178638702772,0.002467580621915937,0.0013499792617171298,0.0034919484256855995,1.193798931733566e-4,0,2e-4,9.000024333268445e-4,1.5603704753839508e-4,0.0012936677557542843,0,0,0,0,0,0,0,0,0,0,0,0,1.2896196326463104e-5,1.8999917289501782e-4,2.6999976338641364e-4,6.947690723416144e-4,3.599956896129468e-4,2.0000532850215805e-4,2.6999891261009825e-4,9.000206568890726e-4,7.30004446011621e-4,5.533276957169082e-4,2.599934738152036e-4,3.199922926587575e-4,6.600040109632997e-4,6.999833547111063e-4,2.91229671050484e-4,0.001599988828843925,0.0021999345013918453,0.00206998922838452,0.0018499999999999999,0.0025780407003654906,0.005062564451794921,3.399979660327469e-4,0.0011000109501040258,9.438757007629237e-5,0,3.4661167382329176e-6,0.004571640904650793,7.394219230603152e-4,0.0011299575589053124,6.499951973873787e-4,0.0016000402374006639,9.500108201687946e-4,4.3000014600032125e-4,0.0018036702865826747,0.001,0.0016431024154574545,0.0015000020054761122
ATG,0.0017012523119488783,5.9999241737524e-4,9.228608220782025e-4,0.00131193045244887,0.0025093168630957825,0.0012000024496594973,7.39126578589905e-4,8.44171238476316e-4,0.0015781404204178156,4e-4,7.00009864851534e-4,4.0000711503228445e-4,2.99996760189205e-4,6.109953164518586e-4,1.8239036123786118e-4,4.246589343609425e-4,1.607678832089772e-4,6.999955918007494e-4,6.999915117562177e-4,0.002,0.0019000211595429537,0.001336936393108059,0.002258156683223864,0.00289999004545907,0.0019000326868598824,0.0034919484256855995,1.193798931733566e-4,0,2e-4,0.0019812390193210184,0.002199925512104283,0.0012936677557542843,0,0,0,0,0,0,0,0,0,0,0,0,1.2896196326463104e-5,5.999849368288259e-4,4.0000220861470163e-4,7.790841461913723e-4,4.0000424731589544e-4,4e-4,3.9999297271657206e-4,5.999951546866294e-4,5.000084868030213e-4,7e-4,3.999980502166697e-4,5e-4,0.001,4.999939669630899e-4,6.149539105435304e-4,0.0019000198151601219,0.0018999512207645505,0.0021000178537911836,0.0016000227134106045,0.0025780407003654906,0.005553947378081312,3.408806434550119e-4,0.0013999756668795816,9.438757007629237e-5,0,3.4661167382329176e-6,0.003347679975296889,5.864306370342131e-4,6.999977364298972e-4,0.001049996104488742,0.001099969296497841,4.999806259121967e-4,5.999863126197644e-4,6.999910801891e-4,0.0018999975024351257,0.0016431024154574545,0.0015000020054761122
AUS,4.157807110565017e-4,5.150074414282154e-4,9.228608220782025e-4,7.506383923614967e-4,0.002510018630470324,0.0013900270811256327,7.39126578589905e-4,8.44171238476316e-4,0.0015781404204178156,4.7999209954572387e-4,3.2999555528578337e-4,6.100057030606425e-4,6.460688170036566e-4,5.707306968635099e-4,1.8239036123786118e-4,4.246589343609425e-4,1.8999712334543105e-4,1.2999963781675942e-4,3.8000192104504853e-4,0.0021199927000638743,0.002150015968853132,0.002276479025774291,0.0057974454301546845,0.008700161030595814,0.001350008147303243,0.0034919484256855995,1.193798931733566e-4,0,1.9999675039807622e-4,0.0019812390193210184,1.5603704753839508e-4,0.0012936677557542843,0,0,0,0,0,0,0,0,0,0,0,0,1.2896196326463104e-5,1.90005277027823e-4,2.70001830678849e-4,0.001018913483030539,3.5999336363151565e-4,1.9999999999999998e-4,2.699975896146827e-4,8.999869178440607e-4,7.300020418652791e-4,5.533276957169082e-4,2.599997693248138e-4,3.199963933908888e-4,6.600047025628967e-4,7.00005728361116e-4,3.7458359236857623e-4,0.0016000660082764223,0.0021999867717212474,0.0020700092541823694,0.001849999617267854,0.001,0.0036174677486944017,3.3999805314903145e-4,0.001099990875079843,9.438757007629237e-5,0,3.4661167382329176e-6,0.004570004830321799,5.348348250450918e-4,0.001130026599906118,6.499964986811699e-4,0.0015999566952271955,9.499755102040817e-4,4.300081458738016e-4,0.0041199859992999644,0.001,0.0024999543753992147,0.0015000020054761122
AUT,4.1577810609498523e-4,5.149967269048422e-4,0.0011400088208903016,7.506533403022965e-4,0.002509990622520378,0.001390005848071145,7.39126578589905e-4,8.44171238476316e-4,0.0015781404204178156,5.612182406278379e-4,3.2999845568870023e-4,6.100070972320795e-4,6.460688170036566e-4,6.109953164518586e-4,1.8239036123786118e-4,4.246589343609425e-4,1.9000405358538295e-4,1.2999844248362915e-4,3.800107912527375e-4,0.0021200653155316494,0.0021499572881882425,0.002932299700415263,0.002902047835632524,0.008700078977139319,0.001349995548829342,0.003549972504811658,1.193798931733566e-4,0,2.0000948586605956e-4,9.000042115311724e-4,1.5603704753839508e-4,0.003709958131516296,0,0,0,0,0,0,0,0,0,0,0,0,1.2896196326463104e-5,1.899997730409826e-4,2.7000161259654523e-4,8.616428990793413e-4,3.5999691067769744e-4,2.0000000000000004e-4,2.6999717753316396e-4,9e-4,7.300014075825014e-4,5.533276957169082e-4,2.6000157363744765e-4,3.1999743252350847e-4,6.600103140041256e-4,7.00025439382376e-4,3.004994188243379e-4,0.0015999910901234018,0.0022,0.002069998036103391,0.0018500128927027302,0.002823542193276268,0.0038232332549270635,3.399994605965802e-4,0.0011000175162024872,9.438757007629237e-5,0,3.4661167382329176e-6,0.004572145899530741,6.118751785344352e-4,0.0011300032647730983,6.499982012447386e-4,0.001600019133263178,9.500193535900909e-4,4.299975073296378e-4,0.004120005530208764,0.001,0.0025,0.0015000020054761122
AZE,0.0015491289764945914,5.150055763966339e-4,0.0011400153301456362,0.0020100031903178997,0.0025099766400622932,0.001390006205058948,7.39126578589905e-4,8.44171238476316e-4,0.0028376463177785943,5.612182406278379e-4,3.2999812846563236e-4,4.08769028227842e-4,6.460688170036566e-4,6.109953164518586e-4,1.8239036123786118e-4,4.246589343609425e-4,1.8999876312362213e-4,1.299964390634737e-4,3.7999503598907917e-4,0.0013391190712748178,0.001705528972884456,0.001336936393108059,0.0019426267126347345,0.002467580621915937,0.0013500017381026872,0.0034919484256855995,1.193798931733566e-4,0,1.9999298097845162e-4,0.0019812390193210184,1.5603704753839508e-4,0.0012936677557542843,0,0,0,0,0,0,0,0,0,0,0,0,1.2896196326463104e-5,1.9000370943713364e-4,2.699958083237184e-4,4.5920151921519174e-4,3.6000430424890854e-4,2e-4,2.700118063754428e-4,9.000023786303846e-4,7.299993183522302e-4,5.533276957169082e-4,2.600005603535831e-4,3.200057254640012e-4,6.599906410856341e-4,6.999879866619479e-4,3.079339671512669e-4,0.0016000118570631042,0.002199990835042216,0.0020700788304898634,0.0018500146929180134,0.0025780407003654906,0.003718680972241312,3.400012580990124e-4,0.0011000121669302834,9.438757007629237e-5,0,3.4661167382329176e-6,0.004570338800012232,6.316683726584157e-4,0.0011300334235237945,6.500040022412552e-4,0.0015999793786087434,9.49995239153204e-4,4.3001058510055843e-4,0.0018036702865826747,0.0012596271006307383,0.0016431024154574545,0.0015000020054761122
BEL,4.157694689908016e-4,5.150168245452621e-4,0.001140004171446449,7.506419377185595e-4,0.0025099824098504834,0.0013900161030595813,7.39126578589905e-4,8.44171238476316e-4,0.0015781404204178156,5.612182406278379e-4,3.2999791402282076e-4,4.08769028227842e-4,6.460688170036566e-4,6.109953164518586e-4,1.8239036123786118e-4,4.246589343609425e-4,1.8999796320625417e-4,1.2999823183207457e-4,3.800057937427578e-4,0.002120011679968853,0.002149989173806799,0.0027099916298937185,0.002701970409745014,0.00869996349920915,0.0013500068437941996,0.0034919484256855995,0.0026100302952878052,0,2e-4,0.0019812390193210184,1.5603704753839508e-4,0.0012936677557542843,0,0,0,0,0,0,0,0,0,0,0,0,1.2896196326463104e-5,1.900035786156799e-4,2.7000875951755277e-4,8.431885758463313e-4,3.6000154573441706e-4,1.9999747468370412e-4,2.7000091824553885e-4,9.000353232073472e-4,7.300020335348381e-4,5.400037126415446e-4,2.5999147632734795e-4,3.2001115345292315e-4,6.599896187240469e-4,6.999924853195351e-4,3.245832778943199e-4,0.0015999808671944133,0.0022000124405187694,0.0020700655158494754,0.0018500110503897776,0.0029923159444250847,0.003162135384328174,3.400004878405737e-4,0.0010999933135887542,9.438757007629237e-5,0,3.4661167382329176e-6,0.00457032125285048,5.475281268937529e-4,0.0011300041095696288,6.500015876543993e-4,0.0016000429830217064,9.499938491819413e-4,4.299943846918059e-4,0.004120043504709938,0.001,0.0025,0.0015000020054761122
BEN,0.001023050116422622,7.000292164638202e-4,9.228608220782025e-4,0.0010249884522375487,0.0025093168630957825,0.001390006205058948,0.0013974068423279952,0.0012333957416568726,0.0015781404204178156,4.999932283606107e-4,0.0011799902666427603,4.250033721505328e-4,6.616456831435196e-4,0.00030000885504294697,1.8239036123786118e-4,4.246589343609425e-4,1.9999710317057982e-4,1.8999634998435706e-4,4.2837526447038086e-4,0.001089343785838845,0.001705528972884456,0.00199997400150794,0.0017872874535638074,0.002467580621915937,0.0013599914646061928,0.0034919484256855995,1.193798931733566e-4,0,2.2000921274868937e-4,0.0019000178922884236,1.5603704753839508e-4,0.0012000055052437447,0,0,0,0,0,0,0,0,0,0,0,0,1.2896196326463104e-5,4.111064416188586e-4,4.142938173567782e-4,0.0013513310956531405,3.275053467766575e-4,1.9999999999999998e-4,1.9999999999999998e-4,6.54442536727919e-4,4e-4,5.533276957169082e-4,3.0000894614421185e-4,2.8571428571428574e-4,7.000092561167504e-4,6.999894880689583e-4,3.436050430267179e-4,0.0018999878157745103,0.0018500377195818515,0.0019500756429652042,0.0012000018515689731,0.0028572174516346307,0.014056031099840549,3.408806434550119e-4,0.0016000292002774025,9.438757007629237e-5,0,3.4661167382329176e-6,0.0046,0.0018376102520718772,5.99996760189205e-4,2.9999485429066397e-4,0.0014000089657954901,8.749950898877877e-4,3.999957059429749e-4,0.0018036702865826747,0.0012596271006307383,0.0016431024154574545,0.0015000020054761122
BFA,0.0010230565887422596,7.000049902334003e-4,9.228608220782025e-4,0.0010250079970290965,0.0025093168630957825,0.001322162746738399,0.001397364340026097,0.0012334188130607888,0.0012000302732157724,5.000081987373945e-4,0.0011799883200311464,4.24997265843632e-4,6.616533389821532e-4,6.109953164518586e-4,1.8239036123786118e-4,4.246589343609425e-4,2.000021220947197e-4,1.900048180105996e-4,4.2837526447038086e-4,0.0013391190712748178,0.0017000036500346752,0.001504789486048049,0.0012220523770720944,0.002792135130814728,0.001359986056925284,0.0034919484256855995,1.193798931733566e-4,0,2.1999017336983226e-4,0.0019000036138918,1.5603704753839508e-4,0.0012936677557542843,0,0,0,0,0,0,0,0,0,0,0,0,1.2896196326463104e-5,4.1110604124840297e-4,2.4509583108551467e-4,8.406898221580877e-4,3.274985297678763e-4,2.0000848464279652e-4,1.9999999999999998e-4,6.54442536727919e-4,3.9999545949872867e-4,4.999910588151142e-4,3e-4,2.857015457788347e-4,6.999936134883128e-4,6.99998605163684e-4,3.033074678613684e-4,0.0018999631916895013,0.001849986084052324,0.0019499610872510305,0.0011999904104334485,0.0027024973642479867,0.01226578353436306,2.999954389965792e-4,0.0010965263099773723,9.438757007629237e-5,0,3.4661167382329176e-6,0.0045999350116824236,0.002153742594259398,5.999977952200371e-4,6.553842556551267e-4,0.0014,8.750195119413081e-4,4.0000730006935063e-4,0.0018036702865826747,0.0012596271006307383,0.0016431024154574545,0.0015000020054761122
BGD,0.0015491265787027952,5.000089865022736e-4,9.228608220782025e-4,0.002009976478222078,0.0025093168630957825,0.001322162746738399,0.002710643049720212,8.44171238476316e-4,0.0015781404204178156,0.0011999942064250745,7.000008480361603e-4,4.999855160626865e-4,6.460688170036566e-4,6.109953164518586e-4,1.900003749390724e-4,1.8999940163950773e-4,1.9000020018283364e-4,1.9000353232073472e-4,4.2837526447038086e-4,0.0030000486665368894,0.013600089387694294,0.0017333111666165083,0.001756629953081456,0.002999958989501312,0.0013500097333073778,0.0034919484256855995,1.193798931733566e-4,0,1.999964903660548e-4,0.0019812390193210184,1.5603704753839508e-4,0.0012936677557542843,0,0,0,0,0,0,0,0,0,0,0,0,1.2896196326463104e-5,1.8999894447962846e-4,2.700007913270555e-4,9.568778070673129e-4,3.59996741078703e-4,2.0000626880641926e-4,2.6999962774075867e-4,9.00010465998587e-4,7.299968584616129e-4,5.533276957169082e-4,2.5999573105656355e-4,3.1999445214979193e-4,6.574771002473922e-4,6.999971741833391e-4,4.3110610405813196e-4,0.0015999504827927708,0.004899829274241316,0.001815503263780918,0.0018500250166777852,0.002103752812178856,0.0036960769740995584,3.4e-4,0.0010965263099773723,9.438757007629237e-5,0,3.4661167382329176e-6,0.004608995502248876,0.0013387276028524189,0.0011299967881886913,6.499913395373738e-4,0.0015000315636639102,7.999915362723627e-4,4.0000249572606913e-4,0.0018036702865826747,0.0012596271006307383,0.0016431024154574545,0.0015000020054761122
BGR,4.1578067239989155e-4,5.149978248644519e-4,0.0011400087164959688,7.506407793227797e-4,0.0025099585436193224,0.0013900128619598847,7.39126578589905e-4,8.44171238476316e-4,0.0015781404204178156,5.612182406278379e-4,3.299996084113247e-4,6.100193566227302e-4,6.460688170036566e-4,6.109953164518586e-4,1.8239036123786118e-4,4.246589343609425e-4,1.8999317901377224e-4,1.2999943557035615e-4,3.799964390634737e-4,0.002119981305083237,0.002150015642924184,0.0021172873023457372,0.001834440708086619,0.008699881376037959,0.0013499608933692534,0.003550067592073593,1.193798931733566e-4,0,1.9999999999999998e-4,8.99990875079843e-4,1.5603704753839508e-4,0.0012936677557542843,0,0,0,0,0,0,0,0,0,0,0,0,1.2896196326463104e-5,1.8999931905396824e-4,2.7000241721053905e-4,6.372512771831013e-4,3.6000282023360933e-4,2e-4,2.699987478609291e-4,8.999705651491365e-4,7.299974214685494e-4,5.399994574505602e-4,2.6000239737886577e-4,3.1999600545920575e-4,6.599973260244668e-4,6.999965511889775e-4,3.753047862841454e-4,0.0015999537083918006,0.0021999951220701935,0.0020699076710118365,0.001849988976982306,0.0015686455988288244,0.005142433844340481,3.400102384086588e-4,0.0010999933636393802,9.438757007629237e-5,0,3.4661167382329176e-6,0.004571444830971471,8.824784728494921e-4,0.0011300052182988346,6.500078849655212e-4,0.0016000223338916806,9.500119019281122e-4,4.299931866848355e-4,0.004120103235321228,0.001,0.0025000182501733765,0.0015000020054761122
BHS,4.1578652638102825e-4,5.149942250102013e-4,0.0011399801492011654,7.50648531839424e-4,0.002509976640062293,0.0013899736147757256,7.39126578589905e-4,8.44171238476316e-4,0.0015781404204178156,4.799937925148074e-4,3.3000030733018647e-4,6.100111767523551e-4,6.460688170036566e-4,6.109953164518586e-4,1.8239036123786118e-4,4.246589343609425e-4,1.89997581019999e-4,1.2999884865721586e-4,3.799926999687141e-4,0.002120033508855912,0.0021499659334241776,0.001336936393108059,0.002258156683223864,0.00869969887763482,0.0013499441340782123,0.0035499155119972964,1.193798931733566e-4,0,2.0000208596251528e-4,0.0019812390193210184,1.5603704753839508e-4,0.003709990641085634,0,0,0,0,0,0,0,0,0,0,0,0,1.2896196326463104e-5,1.8999980895506284e-4,2.699953001022919e-4,7.598735741569903e-4,3.599974916968447e-4,2.000008338753523e-4,2.700052088420093e-4,6.54442536727919e-4,7.30004602685445e-4,5.399898611761036e-4,2.599993658242699e-4,3.200112264945271e-4,6.599951869083909e-4,6.999985686271703e-4,3.694109184768196e-4,0.0015999843942024461,0.002200097749941169,0.0020700029370075723,0.0018500313182299377,0.0025780407003654906,0.0033114850538649146,3.399911113434943e-4,0.0011000106459020883,9.438757007629237e-5,0,3.4661167382329176e-6,0.004578240609468373,0.0012479830419145027,0.00112998420844848,6.49991671756149e-4,0.0015999886069099092,9.499979008354676e-4,4.300056267953919e-4,0.00412011945581241,9.999999999999998e-4,0.0025,0.0015000020054761122
BIH,4.157789478191029e-4,5.149937566035924e-4,0.0011399902851988064,7.506440334292656e-4,0.0025100376411543285,0.0013900302429867555,7.39126578589905e-4,8.44171238476316e-4,0.0014423163244196894,5.612182406278379e-4,3.30001745045595e-4,6.100070972320795e-4,6.460688170036566e-4,6.109953164518586e-4,1.8239036123786118e-4,4.246589343609425e-4,1.900007525775782e-4,1.3000068437421582e-4,3.799932094049741e-4,0.0021199681392071565,0.002150031466331026,0.0021564173375674474,0.0020850560901509727,0.008700137807739582,0.001349960638374007,0.0034919484256855995,1.193798931733566e-4,0,2.0000561537489645e-4,0.0019812390193210184,1.5603704753839508e-4,0.0037099672437997193,0,0,0,0,0,0,0,0,0,0,0,0,1.2896196326463104e-5,1.9000145509809785e-4,2.6999674469724077e-4,6.499876518714199e-4,3.599987556827524e-4,2.000024110910187e-4,2.700003825993802e-4,6.54442536727919e-4,7.300278124100891e-4,5.533276957169082e-4,2.5999711811543343e-4,3.1999770980347254e-4,6.599973260244668e-4,7.000021365847405e-4,2.7944466051267705e-4,0.0015999919195728149,0.0022,0.002069967686630423,0.0018500066669091,0.0025780407003654906,0.0035050037624501547,3.4000901865734737e-4,0.0011,9.438757007629237e-5,0,3.4661167382329176e-6,0.004569987066404111,6.203628446240285e-4,0.0011300163886204142,6.500078849655212e-4,0.0015999622783855149,9.500267032883192e-4,4.29987590335061e-4,0.004120060331825038,0.001,0.0016431024154574545,0.0015000020054761122
BLR,4.1578055202551957e-4,5.150013797255601e-4,0.0011399944966899208,7.506371227075167e-4,0.0025100095178023597,0.0013899891388172213,7.39126578589905e-4,8.44171238476316e-4,0.00151740070996865,5.612182406278379e-4,3.299969312387286e-4,4.08769028227842e-4,6.460688170036566e-4,6.109953164518586e-4,1.8239036123786118e-4,4.246589343609425e-4,1.9000296945686414e-4,1.299985302043016e-4,3.7999791427677546e-4,0.0013391190712748178,0.001705528972884456,0.001336936393108059,0.001578809328434323,0.008700282220131701,0.0013500038828919779,0.0034919484256855995,1.193798931733566e-4,0,1.9999561307304232e-4,0.0019812390193210184,1.5603704753839508e-4,0.0012936677557542843,0,0,0,0,0,0,0,0,0,0,0,0,1.2896196326463104e-5,1.8999901704874343e-4,2.7000291485635726e-4,7.327969112765606e-4,3.6000052563453944e-4,1.9999999999999998e-4,2.7000116726975606e-4,9.00010465998587e-4,7.299977959003746e-4,5.400101078167116e-4,2.600087220304272e-4,3.2000425170068024e-4,6.599983956039548e-4,6.999909690237515e-4,2.756041915124488e-4,0.0016000070508187763,0.002200025276993723,0.0020699729581064746,0.0018499969225228019,0.00114583213567117,0.0033243132738709803,3.4000161720708333e-4,0.0011000235488048981,9.438757007629237e-5,0,3.4661167382329176e-6,0.004571925759607933,5.341474293662931e-4,0.0011300043437341635,6.500241863036417e-4,0.0016000158221589336,9.499649941656942e-4,4.299943223294671e-4,0.00412011945581241,0.001,0.0016431024154574545,0.0015000020054761122
BLZ,0.0017012310801723586,6.000004786887757e-4,9.228608220782025e-4,0.001400022538597348,0.0025093168630957825,0.0012000070874233673,7.39126578589905e-4,9.600062571696736e-4,0.0015781404204178156,3.9999565481880594e-4,6.999959103701858e-4,3.999953914926955e-4,3.0000439052232583e-4,6.109953164518586e-4,1.8239036123786118e-4,4.246589343609425e-4,1.607678832089772e-4,6.999969327975953e-4,6.999903947747575e-4,0.002,0.0019000032158476975,0.001336936393108059,0.0021977545002821834,0.002900101078167116,0.0019000175739796953,0.0018999662047989184,1.193798931733566e-4,0,2e-4,0.002400007300069351,0.002200021900208052,0.0012936677557542843,0,0,0,0,0,0,0,0,0,0,0,0,1.2896196326463104e-5,6.00001680135755e-4,4.0000192609570775e-4,7.283789874642536e-4,4.0000036782488597e-4,2.1989215070063872e-4,3.999976702331514e-4,6.54442536727919e-4,5e-4,7.000023268259767e-4,4.000040965138667e-4,4.999906812039885e-4,0.001,4.999999999999999e-4,3.887112306926697e-4,0.001899944822512415,0.001900041707215348,0.002099996031617188,0.0016000017602263651,0.0025780407003654906,0.005553947378081312,3.408806434550119e-4,0.0014000121667452437,9.438757007629237e-5,0,0.0024000364996806275,0.0028999971155787593,5.697589391147101e-4,7.000169769679136e-4,0.0010500285877644367,0.0011000011066966213,5.000174398325776e-4,5.999656475437994e-4,7.000122895416001e-4,0.0018999765935866426,0.0016431024154574545,0.0015000020054761122
BOL,0.0017012570690979312,6.000011140788934e-4,0.0012000219002080519,0.0013119839987831084,0.0022000219002080517,0.0012,7.39126578589905e-4,8.44171238476316e-4,0.0024174799812547118,3.9998794384847434e-4,7.000038343445189e-4,3.999968315827829e-4,6.460688170036566e-4,6e-4,1.8239036123786118e-4,4.246589343609425e-4,1.607678832089772e-4,7e-4,7.000208572322453e-4,0.0019999556231070485,0.0018999315641396093,0.002898928427852558,0.003406533299530146,0.002900025550242727,0.0019000175739796953,0.0034919484256855995,1.193798931733566e-4,0,2e-4,0.0019812390193210184,0.0021999708000778662,0.0012936677557542843,0,0,0,0,0,0,0,0,0,0,0,0,1.2896196326463104e-5,6.000027229222402e-4,3.9999999999999996e-4,0.0015071976889677314,3.9999294095501036e-4,3.999941121055111e-4,4.0001530456075914e-4,5.999901883830455e-4,5e-4,6.999923691876777e-4,4.0001091186847565e-4,5e-4,6.574771002473922e-4,5e-4,4.8277781134650446e-4,0.0019000058521740826,0.0019000286376298456,0.0021000242941208226,0.0015999974743528425,0.0014103676357483464,0.0064018053432975865,3.408806434550119e-4,0.0014000145999610667,9.438757007629237e-5,0,3.4661167382329176e-6,0.002899998918438043,0.0010969900870044667,6.999926188367286e-4,6.553842556551267e-4,0.001099993964450614,4.99993600982889e-4,6.53258265424089e-4,0.0018036702865826747,0.0018999506277331078,0.0016431024154574545,0.0015000020054761122
BRA,0.001701291895227883,5.999957259934394e-4,9.228608220782025e-4,0.0013119393117386419,0.002200018249840314,0.0012000130358267975,7.39126578589905e-4,8.44171238476316e-4,0.002456500233657622,4.000016127065146e-4,6.999956954505977e-4,4.00004370247356e-4,2.9999268256988143e-4,6.109953164518586e-4,1.8999802019402097e-4,9.000015082728768e-4,1.607678832089772e-4,6.999999999999999e-4,7.000036500346754e-4,0.002,0.0018999900454590702,0.002557195441395887,0.002480880120790101,0.0029000019312102896,0.0019000530926466686,0.0018999966203656763,1.193798931733566e-4,0,2.0000103681201044e-4,0.002399945250479058,0.0021999689368641766,0.0012936677557542843,0,0,0,0,0,0,0,0,0,0,0,0,1.2896196326463104e-5,5.999993986174214e-4,3.9999999999999996e-4,4.49235877559773e-4,3.999989912177095e-4,4e-4,3.999913915551156e-4,6.54442536727919e-4,4.999963300328095e-4,5.533276957169082e-4,3.999970980005224e-4,5e-4,6.574771002473922e-4,5.000048131997189e-4,4.8372227143073847e-4,0.0019000762864481986,0.0018999845535990114,0.002100000912666904,0.00159994562054184,0.0010612578099752235,0.007145185152974964,5.000153905348211e-4,0.0010965263099773723,9.438757007629237e-5,0,3.4661167382329176e-6,0.00292630554256038,5.663758945458829e-4,7.000079891347767e-4,0.0010499963056916977,0.0011000128882587962,4.999934961041664e-4,5.999858710497811e-4,6.999958522860817e-4,0.0018999944317612339,0.0016431024154574545,0.0015000020054761122
BRB,4.1578267852081995e-4,5.149890125391504e-4,0.0011400153301456362,7.506575554827641e-4,0.002510019345183779,0.0013900282220131702,7.39126578589905e-4,8.44171238476316e-4,0.0027000582896161214,4.799833860506725e-4,3.300013344941314e-4,6.099949931155338e-4,3.2000943173779775e-4,6.109953164518586e-4,1.8239036123786118e-4,4.246589343609425e-4,1.899983162629027e-4,1.2999936796865124e-4,3.799980090918141e-4,0.0021200131401248315,0.0021500267455397877,0.002318989204852579,0.0025105532485546833,0.008700222652115196,0.0013500157933527533,0.003549847921595133,0.0026100302952878052,0,1.9999650783118856e-4,8.999895713838773e-4,1.5603704753839508e-4,0.0012936677557542843,0,0,0,0,0,0,0,0,0,0,0,0,1.2896196326463104e-5,1.8999882200494757e-4,2.7000010398217053e-4,6.784453463112374e-4,3.6000136328005175e-4,2.0000000000000004e-4,2.6999896034285583e-4,9.000081692672167e-4,7.299830627939027e-4,5.399941779603455e-4,2.59998120212416e-4,3.199942503952853e-4,6.6e-4,6.99987603818024e-4,4.6428115523831947e-4,0.001599979294994565,0.0021999975152501524,0.002069999167337423,0.0018500104970043164,0.0025780407003654906,0.003044976155349223,3.408806434550119e-4,0.0010999873593730248,9.438757007629237e-5,0,3.4661167382329176e-6,0.004570020115057188,8.353566484162487e-4,0.0011299629139340534,6.499946932710677e-4,0.0015999899859803727,9.499569654494036e-4,4.2999215070643645e-4,0.004120064152195553,0.001,0.0016431024154574545,0.0015000020054761122
BWA,0.0010230548237061524,6.999846245379005e-4,9.228608220782025e-4,0.0010786080642162705,0.002510052656773576,0.0013899800121665072,0.0013973310892041355,0.0012334124035964973,0.0012065481674998632,4.999875853507139e-4,0.0011799995862554046,4.2500340022503304e-4,6.460688170036566e-4,8.999875456706673e-4,1.8239036123786118e-4,4.246589343609425e-4,2.0000454297655824e-4,1.9000167107890132e-4,3.9999999999999996e-4,0.0010893403998056344,0.001699972625239529,0.0019993159098615305,0.001904693322176847,0.002791997445022356,0.0013599781001916232,0.0034919484256855995,1.193798931733566e-4,0,2.1999017336983223e-4,0.0019812390193210184,1.5603704753839508e-4,0.0012936677557542843,0,0,0,0,0,0,0,0,0,0,0,0,1.2896196326463104e-5,4.111131716034189e-4,4.142841180496389e-4,0.0011071040518689818,3.2750103348491114e-4,1.99996447665228e-4,2e-4,9.000443122111792e-4,3.999929591100315e-4,5.533276957169082e-4,2.999929875411982e-4,2.8572012814395746e-4,6.999979945049436e-4,6.99970405445398e-4,1.8941619654106058e-4,0.0018999959966371754,0.001849933630416232,0.001950065826593944,0.001200017875696873,0.003140108805711442,0.014888986791397248,3.0000000000000003e-4,0.0015999635003193721,9.438757007629237e-5,0,3.4661167382329176e-6,0.004599929466000971,0.0018023954532862976,5.999821300929235e-4,2.999951973873788e-4,0.0014000000000000002,8.750094460817652e-4,3.9999999999999996e-4,0.0018036702865826747,0.0012596271006307383,0.0016431024154574545,0.0015000020054761122
CAF,0.0010230697665632423,7.000065081568899e-4,9.228608220782025e-4,0.001078600192842153,0.0025093168630957825,0.001322162746738399,0.001397391183298155,0.001233397649979523,0.0015781404204178156,5.00011960662086e-4,0.0011800314465408804,4.08769028227842e-4,6.616699933759563e-4,3.000059675398091e-4,1.8239036123786118e-4,4.246589343609425e-4,2.0000137476886698e-4,1.9000255502427273e-4,4.0000627510040156e-4,0.0013391190712748178,0.001700008690362388,0.002000009252234415,0.002258156683223864,0.002467580621915937,0.0013098437397964734,0.0034919484256855995,1.193798931733566e-4,0,5.311986377230133e-4,0.0018999900454590704,1.5603704753839508e-4,0.0011999626998524947,0,0,0,0,0,0,0,0,0,0,0,0,1.2896196326463104e-5,4.111168831168831e-4,2.4509583108551467e-4,2.0107496482647924e-4,3.274977725335324e-4,1.9999999999999998e-4,2.0000000000000004e-4,6.54442536727919e-4,3.9998911964312425e-4,5e-4,2.4171882520088997e-4,2.8571428571428574e-4,6.574771002473922e-4,5.214454796093713e-4,7.024904433015028e-4,0.0019000061648480364,0.001850035344323527,0.0019499813577308059,0.001200008338892595,0.005817371960898989,0.014311178586012935,3.408806434550119e-4,0.0010965263099773723,9.438757007629237e-5,0,3.4661167382329176e-6,0.004571454268940818,0.0017999924855734062,5.999978591766393e-4,6.553842556551267e-4,0.001399957404947111,8.749907427978967e-4,6.53258265424089e-4,0.0018036702865826747,0.0012596271006307383,0.0016431024154574545,0.0015000020054761122
CAN,4.157798373964373e-4,5.150103616652114e-4,0.001140004171446449,7.506602132511334e-4,0.002510011471477735,0.0013900302429867557,7.39126578589905e-4,8.44171238476316e-4,0.0027115795673073,4.800046349270723e-4,3.299980190555677e-4,6.099919957310565e-4,6.460688170036566e-4,5.899935856318153e-4,1.8239036123786118e-4,4.246589343609425e-4,1.9000172787382444e-4,1.300004265893118e-4,3.799956024626209e-4,0.002120006822445847,0.0021500229493147988,0.002100289421233897,0.003739223753827907,0.008699813050832369,0.0013499535334761002,0.0034919484256855995,0.0026100302952878052,0,2e-4,9.000101389029707e-4,1.5603704753839508e-4,0.003710029636562159,0,0,0,0,0,0,0,0,0,0,0,0,1.2896196326463104e-5,1.900002276815191e-4,2.6999974914080726e-4,8.647035517371804e-4,3.600041533041186e-4,2.0000651805501238e-4,2.700047701389303e-4,9.000443122111792e-4,7.299915186391776e-4,5.533276957169082e-4,2.599954088074377e-4,3.2000572546400115e-4,6.59997753854546e-4,7.000161368404067e-4,3.2438376510880224e-4,0.0015999991344689101,0.002199962553828871,0.0020700096699739078,0.0018500486854917235,0.001178022387441683,0.0037038337582375293,3.3999468862036915e-4,0.0011000073903154022,9.438757007629237e-5,0,3.4661167382329176e-6,0.004569826322338254,5.321121252169879e-4,0.0011299919159256265,6.5000750412727e-4,0.0016000327037854634,9.5e-4,4.300053676865271e-4,0.00412011945581241,0.001,0.0016431024154574545,0.0015000020054761122
CHE,4.157827032385537e-4,5.150025963861315e-4,0.001139982876712329,7.506424495840412e-4,0.0025100308224733684,0.0013899967682451573,9.782766584837965e-4,8.44171238476316e-4,0.0015098715224171019,5.612182406278379e-4,3.3000068774428036e-4,6.100377401002648e-4,6.460688170036566e-4,5.383467637975392e-4,1.8239036123786118e-4,4.246589343609425e-4,1.90001916386881e-4,1.300013176966662e-4,3.8000302069173843e-4,0.002120070664155461,0.002150008233163181,0.002568838317895597,0.003939061000920429,0.008700022461814914,0.001349970291146762,0.0034919484256855995,1.193798931733566e-4,0,1.999958710529847e-4,9.000101389029707e-4,1.5603704753839508e-4,0.0037099672437997193,0,0,0,0,0,0,0,0,0,0,0,0,1.2896196326463104e-5,1.9000635224432217e-4,2.6999819754866625e-4,8.912007521117205e-4,3.600014556015533e-4,2.0000375241561755e-4,2.7000149172094875e-4,9.000353232073472e-4,7.300001728220107e-4,5.533276957169082e-4,2.599994585375098e-4,3.199979404798682e-4,6.599919780321495e-4,6.999985961562758e-4,3.169506007860143e-4,0.0016000083796709182,0.002199957597601236,0.00207001553456785,0.0018500065463784375,0.002130172698621519,0.003547773914814229,3.400005165022468e-4,0.0011000053902959273,9.438757007629237e-5,0,3.4661167382329176e-6,0.004570000083189831,5.420675484230635e-4,0.0011299990985847782,6.499988831058592e-4,0.0016000098982950186,9.499835221943368e-4,4.299985302043016e-4,0.00412011945581241,0.001,0.0016431024154574545,0.0015000020054761122
CHL,0.0017012711746400894,6.000125244898507e-4,0.001200010579771477,0.0013119367528302381,0.002199960540593864,0.0012,7.39126578589905e-4,8.44171238476316e-4,0.0026074975424689112,4.000043452755991e-4,7.000021674577888e-4,4.0000649941505267e-4,6.460688170036566e-4,6.109953164518586e-4,1.8239036123786118e-4,4.246589343609425e-4,1.607678832089772e-4,7.000055981638023e-4,7.000208572322453e-4,0.0020000282949465225,0.0018999739289128354,0.0025067843793110767,0.0029533237123525596,0.002900038933229511,0.0019000102817191033,0.0034919484256855995,1.193798931733566e-4,0,1.9999999999999998e-4,0.0024000364996806275,0.0021999949655137695,0.0012936677557542843,0,0,0,0,0,0,0,0,0,0,0,0,1.2896196326463104e-5,6.000013967163199e-4,4.0000558959775857e-4,8.03551603227319e-4,4.0000455793707764e-4,4.000055408824779e-4,3.9998622684388126e-4,6.000026164996467e-4,5e-4,5.533276957169082e-4,3.999981353806853e-4,4.999839532719279e-4,6.574771002473922e-4,5e-4,5.634266593778443e-4,0.0018999912261603404,0.0018999845535990114,0.0020999997526472925,0.001599970802873378,0.01264999441411205,0.013439271415192643,5e-4,0.001400048667721134,9.438757007629237e-5,0,3.4661167382329176e-6,0.0029000540646877586,5.691220675692884e-4,6.999978778940221e-4,0.0010500075377425538,0.001100003779908526,5e-4,6.000027809449651e-4,7e-4,0.0019000339097999322,0.004200033182170114,0.0015000020054761122
CHN,8.025576146865451e-4,3.999983417466659e-4,0.0011000107353730541,6.119324586719547e-4,0.0025100193451837796,4.000066363606198e-4,8.524208524741655e-4,1.5439863151064706e-4,0.0014874194259005622,9.000118722545412e-4,3.9999480510893924e-4,4.0000762322627643e-4,6.460688170036566e-4,5.000001950621956e-4,1.8999900454590705e-4,1.8999905806998542e-4,1.9000152765047355e-4,1.29999668181969e-4,5.0000730001606e-4,0.0018499472787736231,0.0014000530926466686,0.002207293727742297,0.0016472156404059883,0.001999962755011779,0.0013000127177921913,0.0034919484256855995,1.193798931733566e-4,0,1e-4,0.0025,1.5603704753839508e-4,0.0012936677557542843,0,0,0,0,0,0,0,0,0,0,0,0,9.999999999999999e-5,1.9999431449762496e-4,3.0000414738625797e-4,8.569490120065155e-4,4.0001233231477546e-4,1.9999544585117042e-4,2e-4,3.0000556699883097e-4,3.999982847782647e-4,5.533276957169082e-4,2e-4,1.9999331148418164e-4,6.000066849388328e-4,2.0000181366414566e-4,4.1223696259406437e-4,0.001400026766595289,0.0013999839653651887,0.0015999935945169065,9.00022520433982e-4,0.001548425814649244,0.0039682526538523675,2.0000378143316316e-4,9.999999999999999e-5,2.999944975330607e-4,0,3.4661167382329176e-6,0.0028950335305188354,0.0010584684262001964,8.999983549655366e-4,7.000084504661841e-4,6.000030931980574e-4,7.000117550252733e-4,9.000041595607504e-4,0.00049998634532668815,0.0013000006530697542,0.0015,0.0015000021369987134
CIV,0.0010230479953536246,7.000095318468303e-4,9.228608220782025e-4,0.0010249968534502745,0.0025093168630957825,0.0013899990875079842,0.0013973845255187548,0.0012334016309679529,0.0012000000000000001,5.00009304156028e-4,0.0011799733712869014,4.249833580828511e-4,6.616460163817323e-4,3.708015414805728e-4,9.999999999999999e-5,4.246589343609425e-4,2e-4,1.8999585234342594e-4,3.9999999999999996e-4,0.0010893388663175962,0.0017000243338605669,0.0020003788801886946,0.0016706130817568728,0.00279213431882471,0.001360001186996454,0.0034919484256855995,1.193798931733566e-4,0,2.200031725888325e-4,0.0019000156429241839,1.5603704753839508e-4,0.0011999883013570425,0,0,0,0,0,0,0,0,0,0,0,0,1.2896196326463104e-5,4.1111207831158453e-4,2.4509583108551467e-4,6.703180880893084e-4,3.274952015355086e-4,2.1989215070063872e-4,2e-4,8.999949402954868e-4,4.000046339202966e-4,5.000033760060498e-4,3.0000252985225664e-4,2.8571522720532505e-4,7.000000000000001e-4,7.000031762501191e-4,7.340412158732101e-4,0.001899979234443137,0.0018500068147744308,0.001950057888643301,0.0012000063930443677,0.004076505861511526,0.01067386719733383,3.408806434550119e-4,0.0016000292002774025,9.438757007629237e-5,0,3.4661167382329176e-6,0.004600047843184104,0.0018052256976923003,6e-4,3.0000582139946445e-4,0.0014000256553783,8.750059840107233e-4,4.0000583992758494e-4,0.0018036702865826747,0.0012596271006307383,0.0016431024154574545,0.0015000020054761122
CMR,0.001023052876135797,7.000025335484035e-4,0.0010999923960155122,0.0010785986945816017,0.0025093168630957825,0.001322162746738399,0.0013973787869413679,0.0012333966117295135,0.0015781404204178156,5.000163962516783e-4,0.0011800415447878248,4.2500199501875315e-4,6.616408136323368e-4,3.1429036881445933e-4,1e-4,4.246589343609425e-4,2.000013931311668e-4,1.89999004545907e-4,3.9999999999999996e-4,0.001089323317253842,0.001699978100591284,0.001498281563774427,0.00274073172147119,0.002792185256103399,0.0013600074027996976,0.0034919484256855995,1.193798931733566e-4,0,5.311986377230133e-4,0.0018999380207974656,1.5603704753839508e-4,0.0011999799451835017,0,0,0,0,0,0,0,0,0,0,0,0,1.2896196326463104e-5,4.1110770225785855e-4,4.1428531307485995e-4,2.9832299662037684e-4,3.2750381912618397e-4,2.1989215070063872e-4,1.9999311342194063e-4,8.999980376381012e-4,4.0000360224522804e-4,4.99998163706766e-4,3.000023856100005e-4,2.8570807048074827e-4,6.999933150611671e-4,6.999894880689583e-4,6.911197932083972e-4,0.0018999834331290088,0.0018499894079017053,0.001949985367281241,0.001199993067831271,0.002791934725137429,0.011172388103825462,3.408806434550119e-4,0.0016000292002774025,9.438757007629237e-5,0,3.4661167382329176e-6,0.004599975918648818,0.001906925787262898,6.000047289149504e-4,2.9999862782496535e-4,0.0014000331180659049,8.749923113197875e-4,3.999901017049813e-4,0.0018036702865826747,0.0012596271006307383,0.0016431024154574545,0.0015000020054761122
COG,0.0010230648241770588,6.999985230151169e-4,0.001099998118567854,0.0010786068131724243,0.0025093168630957825,0.0013900302429867555,7.39126578589905e-4,8.44171238476316e-4,0.0015781404204178156,4.999980581914136e-4,0.0011799986291041195,4.249919878798473e-4,6.616578531694251e-4,8.983274131858409e-4,1e-4,4.246589343609425e-4,1.9999891931906294e-4,1.9000581720295194e-4,4.2837526447038086e-4,0.0010893392100822974,0.0017,0.001336936393108059,0.002258156683223864,0.002467580621915937,0.0013600065020466668,0.0034919484256855995,1.193798931733566e-4,0,2.2000513610683105e-4,0.0018999895713838772,1.5603704753839508e-4,0.0012000000000000001,0,0,0,0,0,0,0,0,0,0,0,0,1.2896196326463104e-5,4.1111509833655524e-4,4.142812248076844e-4,7.757025954499723e-4,3.2750192415701123e-4,2e-4,2.0000559910414334e-4,9.000353232073472e-4,4.000046556153996e-4,4.999839285140304e-4,2.9999565475586975e-4,2.8570219315121197e-4,6.574771002473922e-4,6.999974235436581e-4,4.4092911820607883e-4,0.0018999807840122983,0.001850019694617577,0.001949997714703597,0.0012,0.0028001706976065535,0.0076967108680491125,3.408806434550119e-4,0.0016000340665758223,9.438757007629237e-5,0,3.4661167382329176e-6,0.004600011821728337,0.0018296789977234227,6.000021300842448e-4,2.999976601071671e-4,0.0013999937510740343,8.749865054517975e-4,3.9999999999999996e-4,0.004120043504709938,0.001,0.0016431024154574545,0.0015000020054761122
COL,0.0017012541244545616,6.0000240835861e-4,0.00119998832014483,0.0013119361235505009,0.0025093168630957825,0.0011999951333463111,7.39126578589905e-4,8.44171238476316e-4,0.0029999589356110383,3.9999642996938693e-4,6.999962673501564e-4,4.08769028227842e-4,3.0000326979040645e-4,6.00599824632351e-4,1.8239036123786118e-4,8.999936018329226e-4,1.607678832089772e-4,6.999789429353548e-4,6.99990875079843e-4,0.0019999569322867883,0.001899990266692622,0.0024545440732139153,0.0021512833565428186,0.0028999236058059588,0.001900015103458692,0.0034919484256855995,1.193798931733566e-4,0,2.0000310587942977e-4,0.0019812390193210184,0.002200018249840314,0.0012936677557542843,0,0,0,0,0,0,0,0,0,0,0,0,1.2896196326463104e-5,5.999912050541623e-4,4.0000263938132897e-4,6.739049380747482e-4,3.999978418741165e-4,4.000047701958165e-4,2.4263488170914055e-4,5.999838704587452e-4,4.999933318218796e-4,6.999990875792159e-4,4.0000357640999966e-4,5.000038866044291e-4,6.574771002473922e-4,4.999845959518162e-4,7.347978149473274e-4,0.0019000193349534256,0.0018999858964801645,0.0021000078270884347,0.0016000048108147115,0.0017411200039328385,0.00640035156320066,5.000167743017698e-4,0.001399981750159686,9.438757007629237e-5,0,3.4661167382329176e-6,0.00290000038280296,5.62366148209829e-4,7.000295620592085e-4,0.0010500171526586623,0.0010999927855133106,5.000052898857384e-4,6.000044923125302e-4,6.999861744780865e-4,0.0018999947101142616,0.0016431024154574545,0.0015000020054761122
CPV,0.0010230583484835386,7.000028950585803e-4,9.228608220782025e-4,0.0010249559635413588,0.002510019345183779,0.0013900379598987735,7.39126578589905e-4,8.44171238476316e-4,0.0011989924481763082,4.99997152538512e-4,0.001180003312681802,4.2499827117544115e-4,6.460688170036566e-4,8.005335209983741e-4,1.8239036123786118e-4,4.246589343609425e-4,1.9999574137361992e-4,1.8999810390595373e-4,3.999927001970947e-4,0.001089316168930873,0.0016999652385504473,0.0020126873660985894,0.002258156683223864,0.0027921670255867427,0.0013599999999999999,0.0034919484256855995,1.193798931733566e-4,0,2.199967990488602e-4,0.0019812390193210184,1.5603704753839508e-4,0.0012000000000000001,0,0,0,0,0,0,0,0,0,0,0,0,1.2896196326463104e-5,4.111061455957591e-4,4.1428756812873085e-4,5.976141405391971e-4,3.274995388304741e-4,2e-4,2.00008608815427e-4,9.000417536534447e-4,4.0000086411005306e-4,5.533276957169082e-4,2.999996404649507e-4,2.8571384878884264e-4,6.999979945049436e-4,7.000029199637925e-4,2.6367035707991005e-4,0.0019000041133643208,0.0018499842022116906,0.0019499961290050136,0.0012000012183681177,0.0025780407003654906,0.00584860766208932,3.408806434550119e-4,0.0016000442428934852,9.438757007629237e-5,0,3.4661167382329176e-6,0.004599783584070596,0.0017554851469251285,6.00004244211956e-4,3e-4,0.0014000462725452917,8.749830936386996e-4,3.999957059429749e-4,0.00412004934700302,0.001,0.0016431024154574545,0.0015000020054761122
CRI,0.0017012725939643868,6.000028088288883e-4,0.0011999887113009285,0.0013999978982692249,0.0025093168630957825,0.0012000109775509083,7.39126578589905e-4,8.44171238476316e-4,0.003000034405642525,4.000014532560201e-4,7.000074695043122e-4,3.9999662036567643e-4,3e-4,5.999973931857876e-4,1.8239036123786118e-4,9.000032882838445e-4,1.607678832089772e-4,6.999908176851384e-4,6.99998539996788e-4,0.002,0.0019000255502427275,0.0020565187239944523,0.0021185361158532873,0.002899976108943219,0.0019000629326620516,0.0019000096562379297,1.193798931733566e-4,0,2e-4,0.0019812390193210184,0.002200021900208052,0.0012936677557542843,0,0,0,0,0,0,0,0,0,0,0,0,1.2896196326463104e-5,6.000082376895788e-4,4.0000099565892707e-4,7.54726454182262e-4,3.999953664017793e-4,4.0000350557386246e-4,4e-4,5.999969809953659e-4,4.999999999999999e-4,6.9998889939406e-4,4.0000453134558307e-4,4.999992566614287e-4,6.574771002473922e-4,4.99991377972444e-4,4.889655188319579e-4,0.001899986958600803,0.0018999976829861675,0.0021000045389555863,0.0015999999999999999,0.0025780407003654906,0.011251106967064127,5e-4,0.0010965263099773723,9.438757007629237e-5,0,3.4661167382329176e-6,0.00290685662785868,5.627586474556811e-4,6.999880446106812e-4,0.0010499862782765515,0.0011000053795255258,5e-4,6.000043909721612e-4,6.999910801891e-4,0.0018999232147427695,0.0016431024154574545,0.0015000020054761122
CUB,0.0017012966976126139,5.99999082482527e-4,9.228608220782025e-4,0.0013119349318501158,0.0025093168630957825,0.001322162746738399,7.39126578589905e-4,8.44171238476316e-4,0.0015781404204178156,4.0000074724593176e-4,7.000019650097269e-4,4.000055964406637e-4,3.000073863942618e-4,5.999874408876394e-4,1.8239036123786118e-4,4.246589343609425e-4,1.607678832089772e-4,6.999951333463111e-4,7.000224618149147e-4,0.0019999906410199417,0.001705528972884456,0.0018293518317053985,0.002258156683223864,0.0029000188680472876,0.0019000101389029707,0.0034919484256855995,1.193798931733566e-4,0,2e-4,0.0019812390193210184,0.002200018249840314,0.0012936677557542843,0,0,0,0,0,0,0,0,0,0,0,0,1.2896196326463104e-5,6.000014972587687e-4,4.0000989161614875e-4,0.0011047792388884214,3.999982478887059e-4,4.000093484154435e-4,4.000024121960633e-4,5.999962621713046e-4,5.000032148345325e-4,6.999989066617102e-4,3.9999662036567643e-4,5e-4,6.574771002473922e-4,5.000053414808722e-4,4.270507016048213e-4,0.001899970927817925,0.0018999854046559148,0.0020999909809698465,0.0016000040282920377,0.001,0.011462594586627307,5.000070961240971e-4,0.0010965263099773723,9.438757007629237e-5,0,3.4661167382329176e-6,0.0029012565925918585,5.673296010462556e-4,7.000033028371371e-4,0.0010500058213994646,0.001099978667425158,5.000067819599865e-4,5.999846319348394e-4,6.999958522860817e-4,0.0019000211595429537,0.0016431024154574545,0.0015000020054761122
CYP,4.1577950590231057e-4,5.149976566161537e-4,0.001140004171446449,7.506339533218416e-4,0.0025099917875718585,0.0013899554712022775,7.39126578589905e-4,8.44171238476316e-4,0.0016016032818597277,5.612182406278379e-4,3.299953504472378e-4,6.100070972320795e-4,6.460688170036566e-4,2.906696701707548e-4,1.8239036123786118e-4,4.246589343609425e-4,1.8999323546139066e-4,1.2999978840606287e-4,3.800057937427578e-4,0.0021200147339517127,0.002149998413051068,0.002401450866407511,0.005202170663626563,0.008699881376037959,0.0013500057032052014,0.003550104207739537,1.193798931733566e-4,0,2.000043870231854e-4,8.999739289128355e-4,1.5603704753839508e-4,0.0012936677557542843,0,0,0,0,0,0,0,0,0,0,0,0,1.2896196326463104e-5,1.900000631096657e-4,2.6999953856092534e-4,7.985515397884014e-4,3.599923984387563e-4,1.9999894798302046e-4,2.699982341515098e-4,9.000104659985872e-4,7.3002726997273e-4,5.399906410856341e-4,2.5999848220384e-4,3.199846094651789e-4,6.600142615206347e-4,7.000038761192294e-4,3.81562873418831e-4,0.0016000147773241958,0.002200012036487753,0.0020699936896818824,0.0018500086587583341,0.003660994414136955,0.003247009152514779,3.399948757366129e-4,0.0010965263099773723,9.438757007629237e-5,0,3.4661167382329176e-6,0.004570037834849257,0.0011576239716342808,0.0011299966797072368,6.500130389429763e-4,0.0016000232900042213,9.499980802948666e-4,4.3000101389029707e-4,0.004119956037054483,9.999999999999998e-4,0.002500048026126213,0.0015000020054761122
CZE,4.157809767863893e-4,5.149963665191253e-4,0.001139997972219406,9.569804597188345e-4,0.002510002236097494,0.0013900189972037825,7.39126578589905e-4,8.44171238476316e-4,0.0013740408395579555,5.612182406278379e-4,3.299964775863451e-4,4.08769028227842e-4,6.460688170036566e-4,6.109953164518586e-4,1.8239036123786118e-4,4.246589343609425e-4,1.8999757398521777e-4,1.3000155904659716e-4,3.799964215423152e-4,0.0021200214707461085,0.0021499990292581594,0.0023459040668634625,0.0030826068593034243,0.008700197970799307,0.001350004932425767,0.0034919484256855995,1.193798931733566e-4,0,1.9999133448873486e-4,0.0019812390193210184,1.5603704753839508e-4,0.00370995873569575,0,0,0,0,0,0,0,0,0,0,0,0,1.2896196326463104e-5,1.8999984829866958e-4,2.7000060809894235e-4,7.10148986766438e-4,3.6000267524366e-4,2e-4,2.7000505816894284e-4,8.999956391862722e-4,7.299861827820545e-4,5.399766748736556e-4,2.6000164692642356e-4,3.200024537870113e-4,6.599816639926656e-4,7.000017087104364e-4,3.194897321425705e-4,0.0015999823391761225,0.002200040779254481,0.0020699695883649497,0.0018499940194964416,0.0025192383201079345,0.004671052277584225,3.4000187035558343e-4,0.0011000055981638024,9.438757007629237e-5,0,3.4661167382329176e-6,0.004570043391023297,5.554569045013091e-4,0.0011300054080744901,6.50004778744146e-4,0.0016,9.500106269925612e-4,4.299936125558901e-4,0.00412011945581241,0.001,0.0025000608346514176,0.0015000020054761122
DEU,4.1578063310953396e-4,5.14996157909903e-4,0.0011399970259418977,7.506448183518667e-4,0.0025099999999999996,0.0013900161030595813,9.782666949715848e-4,8.44171238476316e-4,0.0013381591241635813,5.612182406278379e-4,3.2999710891143635e-4,4.08769028227842e-4,6.460688170036566e-4,6.109953164518586e-4,1.8239036123786118e-4,4.246589343609425e-4,1.899978139568469e-4,1.3000172933354427e-4,3.799964215423152e-4,0.0021200131401248315,0.0021500102817191033,0.002725297526696693,0.0037571287169613997,0.008699884125144844,0.0013499889871306755,0.0034919484256855995,1.193798931733566e-4,0,1.9999025151101578e-4,0.0019812390193210184,1.5603704753839508e-4,0.00370995873569575,0,0,0,0,0,0,0,0,0,0,0,0,1.2896196326463104e-5,1.9000025399405654e-4,2.700019466614755e-4,8.736479334365719e-4,3.5998869737213904e-4,2.0000367484933118e-4,2.699944536882973e-4,9.000023786303846e-4,7.29998947968749e-4,5.400044923629829e-4,2.6000292819644013e-4,3.1999332303968617e-4,6.599817684594349e-4,6.999933492318363e-4,3.0457817215053304e-4,0.0016000057777585182,0.0021999999999999997,0.0020699530214299505,0.0018499995197218228,0.004100208265298377,0.003708859639758167,3.3999973227313493e-4,0.001100013666180758,9.438757007629237e-5,0,3.4661167382329176e-6,0.004570112516733391,5.464588437982745e-4,0.0011300010057326763,6.499964880241624e-4,0.0016000053795255259,9.500104405930258e-4,4.2999642656592986e-4,0.00411996426596333,0.001,0.002499963500985473,0.0015000020054761122
DJI,0.0010230395953553318,6.999968789372617e-4,0.0011000109501040258,0.0010785848465873513,0.0025093168630957825,0.001322162746738399,7.39126578589905e-4,0.0012334055801613594,0.0011999933023006599,5.612182406278379e-4,0.0011799834227108862,4.08769028227842e-4,6.460688170036566e-4,9.000126486213004e-4,1.8239036123786118e-4,4.246589343609425e-4,1.9999975994747652e-4,1.8999767026481323e-4,4.000024333268444e-4,0.0010893415283925237,0.001699995451720008,0.0028529453580399032,0.002258156683223864,0.002467580621915937,0.001360010682809579,0.0034919484256855995,1.193798931733566e-4,0,5.311986377230133e-4,0.0019000629326620516,1.5603704753839508e-4,0.0011999688036187803,0,0,0,0,0,0,0,0,0,0,0,0,1.2896196326463104e-5,4.111121030377302e-4,4.1428727444817913e-4,8.821312168574739e-4,3.275013839999164e-4,2.0000683141768995e-4,1.9999311342194063e-4,9.000115433452615e-4,3.999971696644637e-4,5.533276957169082e-4,3.0000000000000003e-4,2.8572358040957076e-4,6.999848645376116e-4,7.00013140028908e-4,3.343331168666217e-4,0.0019000196502259776,0.0018499818442757597,0.0019499949387589836,0.0012000136995684637,0.0010971155970504424,0.01338065693430657,3.408806434550119e-4,0.0015999708007883788,9.438757007629237e-5,0,3.4661167382329176e-6,0.003347679975296889,0.0018046333757799672,5.999915117562176e-4,3.000053362742134e-4,0.0013999781013905616,8.750086248533775e-4,3.999927001970947e-4,0.0018036702865826747,0.001,0.0016431024154574545,0.0015000020054761122
DMA,0.001701288947780537,5.99996037995622e-4,0.0012000089846250603,0.0013119453796763335,0.0025093168630957825,0.0012,7.39126578589905e-4,8.44171238476316e-4,0.0015781404204178156,3.99997374483922e-4,6.999959317345049e-4,4.0000280467539386e-4,2.999997536745598e-4,6.000014761236991e-4,1.8999656407990966e-4,4.246589343609425e-4,1.607678832089772e-4,6.999961375794211e-4,4.2837526447038086e-4,0.002,0.001899990875079843,0.001336936393108059,0.002258156683223864,0.0029000486677211337,0.0019000096052252428,0.0034919484256855995,1.193798931733566e-4,0,1.9999999999999998e-4,0.0019812390193210184,0.0022000208572322453,0.0012936677557542843,0,0,0,0,0,0,0,0,0,0,0,0,1.2896196326463104e-5,6.000046483161474e-4,3.999985051534834e-4,6.065241237101969e-4,4.0000238953622093e-4,4.000027989350052e-4,3.9999825171344223e-4,6.54442536727919e-4,5e-4,6.999869012295759e-4,3.999977406363498e-4,4.999839176584111e-4,6.574771002473922e-4,4.999884739511295e-4,5.110421084035247e-4,0.001899976614872941,0.001900012872497908,0.0021,0.0016000007426578986,0.0025780407003654906,0.005553947378081312,3.408806434550119e-4,0.0014000073000693509,9.438757007629237e-5,0,3.4661167382329176e-6,0.003347679975296889,5.657062855105905e-4,6.999961416775985e-4,0.0010499988399341083,0.0010999915656067444,5e-4,5.999860953396213e-4,7.000331821701139e-4,0.0019000010579659549,0.0016431024154574545,0.0015000020054761122
DNK,4.1578091081507205e-4,5.149993069627146e-4,0.0011399945250479056,7.506487552152583e-4,0.002509906350109947,0.001390018537412522,7.39126578589905e-4,8.44171238476316e-4,0.0015781404204178156,5.612182406278379e-4,3.2999951920060177e-4,4.08769028227842e-4,6.460688170036566e-4,6.109953164518586e-4,1.8239036123786118e-4,4.246589343609425e-4,1.9000351284844227e-4,1.3000048709996913e-4,3.7999532054281706e-4,0.002120030323450135,0.0021500050694514858,0.002475906744544911,0.006102719253871847,0.00869996349920915,0.0013499843570758162,0.0034919484256855995,1.193798931733566e-4,0,1.9999999999999998e-4,0.0019812390193210184,1.5603704753839508e-4,0.0012936677557542843,0,0,0,0,0,0,0,0,0,0,0,0,1.2896196326463104e-5,1.9000007758192652e-4,2.7e-4,9.346511200098976e-4,3.599943241887487e-4,2.000025495245137e-4,2.699989126100982e-4,8.99992732029944e-4,7.29980402604557e-4,5.400034180521985e-4,2.599973178230657e-4,3.1999566254608543e-4,6.59981837445134e-4,7.000206171397155e-4,3.5901722262355847e-4,0.0015999895539310952,0.0022000386174937246,0.0020699962283127985,0.0018499998868709176,0.006087721951040141,0.005133928969226821,3.4000406526599777e-4,0.0010999887076034256,9.438757007629237e-5,0,3.4661167382329176e-6,0.004569950081369197,5.433705636261648e-4,0.0011299981939678525,6.499834394435653e-4,0.001599988561297149,9.500105797714769e-4,4.3000565610859726e-4,0.004120064152195554,0.001,0.0025000608346514176,0.0015000020054761122
DOM,0.0017012763108135436,5.999980805022587e-4,0.001199995133346311,0.0013119528999830576,0.0025093168630957825,0.0012000060833726217,7.39126578589905e-4,8.44171238476316e-4,0.0015781404204178156,3.9999044418608356e-4,7.000058990089665e-4,4.0000323928606136e-4,3.000102270402945e-4,6e-4,1.8239036123786118e-4,4.246589343609425e-4,1.607678832089772e-4,6.999984791568446e-4,6.999913096376118e-4,0.0019999999999999996,0.0018999895713838772,0.002143603035541634,0.0024326577008769988,0.002467580621915937,0.0013098437397964734,0.0034919484256855995,1.193798931733566e-4,0,2.000017016352715e-4,0.0019812390193210184,0.0021999867272787603,0.0012936677557542843,0,0,0,0,0,0,0,0,0,0,0,0,1.2896196326463104e-5,6.000042911088225e-4,4.0000207955331196e-4,7.789952468532791e-4,4e-4,3.9999333954975357e-4,3.999943084803643e-4,6.54442536727919e-4,4.999967343526507e-4,6.999985842493883e-4,3.9998789382887927e-4,5.000074784247446e-4,6.574771002473922e-4,5.000000000000001e-4,5.890469881414555e-4,0.0018999981195584722,0.0018999976829861675,0.002100018662030625,0.0016000040676863,0.0025780407003654906,0.00995981261195058,5.000071203770952e-4,0.0010965263099773723,9.438757007629237e-5,0,3.4661167382329176e-6,0.002900004813374764,5.633526217466009e-4,6.999975747580822e-4,0.0010500058213994644,0.0010999941637647608,5e-4,5.999856394054713e-4,7.000331821701139e-4,0.0018999506277331075,0.0016431024154574545,0.0015000020054761122
DZA,5.541415070690255e-4,5.14994173692508e-4,0.0011399994007457992,7.506381446736682e-4,0.0025093168630957825,0.001322162746738399,7.39126578589905e-4,1.5000501373764114e-4,0.0027025464230024422,5.612182406278379e-4,3.3000113897535966e-4,4.08769028227842e-4,6.460688170036566e-4,6.109953164518586e-4,1.8239036123786118e-4,4.246589343609425e-4,1.8999979471318008e-4,1.2999662047989184e-4,3.799926999687141e-4,0.0021199943845856876,0.0021500443918319027,0.002328078133172967,0.008266219409430514,0.002467580621915937,0.0013499922788595175,0.0034919484256855995,1.193798931733566e-4,0,1.9999799450494356e-4,8.99990875079843e-4,1.5603704753839508e-4,0.0012936677557542843,0,0,0,0,0,0,0,0,0,0,0,0,1.2896196326463104e-5,1.8999431904971948e-4,2.699945324698018e-4,8.458054172992812e-4,3.5999845280787745e-4,2e-4,2.6999758961468266e-4,9.000065412205919e-4,7.300024372410431e-4,5.533276957169082e-4,2.599992148596864e-4,3.2000589399233784e-4,6.600060752398499e-4,6.999772530381714e-4,3.4515352522789287e-4,0.001600068037891872,0.0022000012944229787,0.001815503263780918,0.0018499681642414546,0.0014872626815408412,0.0037629658214307564,3.399947715455892e-4,0.0010965263099773723,9.438757007629237e-5,0,3.4661167382329176e-6,0.0045700015816265305,9.315433367839837e-4,0.0011299992926363444,6.499941431416188e-4,0.0015999999999999999,9.499889795018735e-4,4.300001460003212e-4,0.004119924235092424,0.001,0.0016431024154574545,0.0015000020054761122
ECU,0.001701320352250031,5.999996714670802e-4,0.0012000000000000001,0.0013119541257300418,0.0025093168630957825,0.0012000027651426122,7.39126578589905e-4,8.44171238476316e-4,0.0023999563545104886,4.000060561098578e-4,6.999992254646567e-4,4.000046086134986e-4,6.460688170036566e-4,5.999869808618668e-4,1.8239036123786118e-4,4.246589343609425e-4,1.607678832089772e-4,7.000094396022781e-4,7.000208572322453e-4,0.0019999999999999996,0.0018999900454590702,0.0026470123345070672,0.0018700390705325932,0.002467580621915937,0.0018999753937007872,0.001900030416708912,1.193798931733566e-4,0,1.99992611337902e-4,0.002400007300069351,0.0021999708000778662,0.0012936677557542843,0,0,0,0,0,0,0,0,0,0,0,0,1.2896196326463104e-5,5.999976538763828e-4,3.999925478798718e-4,8.888568120222716e-4,3.9999999999999996e-4,4e-4,4.000114780911934e-4,6.000050316997082e-4,5.000025287277522e-4,7.000051360189005e-4,3.9999798230481325e-4,5e-4,6.574771002473922e-4,5e-4,5.148629429328445e-4,0.001900016056987709,0.0018999482714027072,0.0020999853883566077,0.0015999947502428012,0.002043032099468228,0.011567932638575638,4.999882022604468e-4,0.0014000145999610667,9.438757007629237e-5,0,3.4661167382329176e-6,0.0029013400948246274,5.69102229005825e-4,6.999956094776743e-4,0.0010499946637574263,0.001100011414222121,5.000099186669312e-4,5.999910702326204e-4,6.999861744780865e-4,0.0018999947101142616,0.0016431024154574545,0.0015000020054761122
EGY,4.000022772328584e-4,5.150000092381654e-4,0.0011399964758596385,7.506437709139481e-4,0.0025093168630957825,0.001390006205058948,7.39126578589905e-4,1.4999906285728567e-4,0.0015781404204178156,4.800121665073433e-4,3.299970479497308e-4,6.099945877683564e-4,6.460688170036566e-4,2.566754210307434e-4,1.8999872541105496e-4,4.246589343609425e-4,1.9000619571592326e-4,1.299995197387379e-4,3.8000973354422677e-4,0.002119981325863679,0.0021499680627794504,0.0030650634852030607,0.0022773252526224787,0.008699971434919225,0.0013500137368028574,0.0034919484256855995,1.193798931733566e-4,0,1.9999298097845162e-4,9e-4,1.5603704753839508e-4,0.0012936677557542843,0,0,0,0,0,0,0,0,0,0,0,0,1.2896196326463104e-5,1.900010325912133e-4,2.7000926386678913e-4,5.85915819955327e-4,3.600090447793227e-4,2.0000000000000004e-4,2.699882928172991e-4,8.999869178440607e-4,7.300190574782956e-4,5.533276957169082e-4,2.600005704018481e-4,3.2000795228628236e-4,6.599947671376244e-4,7.000091377052175e-4,3.8321522437497716e-4,0.0016000117310079867,0.002199982730334168,0.002070039580106694,0.0018500163542833356,0.0017838489204644163,0.0037070259629609177,3.40006199307744e-4,0.0010999975666731556,9.438757007629237e-5,0,3.4661167382329176e-6,0.004569933047304289,0.0010400643483440837,0.0011300240963855422,6.50005558643691e-4,0.0016,9.500010043992688e-4,4.300016222103775e-4,0.00411984515721283,0.001,0.0016431024154574545,0.0015000020054761122
ESP,4.157786908630939e-4,5.150042758298997e-4,0.0011399940272754422,7.506539746209733e-4,0.0025099736864442747,0.0013900115730437104,7.39126578589905e-4,8.44171238476316e-4,0.0015781404204178156,5.612182406278379e-4,3.2999657144381446e-4,6.099995247374174e-4,6.460688170036566e-4,6.109953164518586e-4,1.8239036123786118e-4,4.246589343609425e-4,1.8999356800739368e-4,1.299992234216044e-4,3.7999532054281706e-4,0.0021200088485786974,0.0021500436585039683,0.0024301009629396557,0.007748472717195191,0.008700222652115194,0.0013499656475437992,0.003550013099292638,1.193798931733566e-4,0,1.9999999999999998e-4,9.000486677211339e-4,1.5603704753839508e-4,0.00370987365465606,0,0,0,0,0,0,0,0,0,0,0,0,1.2896196326463104e-5,1.8999924525956412e-4,2.6999208379115103e-4,9.978907137219827e-4,3.60007054720673e-4,1.9999999999999998e-4,2.7000103302227883e-4,9.00004905928815e-4,7.299998431052607e-4,5.399945041159392e-4,2.5999965833575344e-4,3.19992938236732e-4,6.600040109632997e-4,7.000076306753148e-4,3.247475242682333e-4,0.0016000118570631042,0.0021999795556767072,0.0020700289415002135,0.0018499938223477637,0.0021704074193860065,0.0032443535632518277,3.3999548532731376e-4,0.0011000078777375138,9.438757007629237e-5,0,3.4661167382329176e-6,0.004570684857836956,9.505054339471217e-4,0.0011300088318995124,6.500016970437499e-4,0.0015999878696901465,9.499386503067486e-4,4.30006604790211e-4,0.004119980976968544,0.0010000187251891243,0.002500058872012245,0.0015000020054761122
EST,4.157821178105808e-4,5.150015330033726e-4,0.0011399952443229104,7.506588741801794e-4,0.0025099889710666493,0.0013899599012954966,7.39126578589905e-4,8.44171238476316e-4,0.0015781404204178156,5.612182406278379e-4,3.3000179313995883e-4,6.100070972320795e-4,6.460688170036566e-4,6.109953164518586e-4,1.8239036123786118e-4,4.246589343609425e-4,1.8999919650748587e-4,1.2999882528654617e-4,3.800031285848368e-4,0.0021199357617344332,0.002149977344811962,0.001336936393108059,0.002795959379561412,0.008699995133346312,0.0013499949305485147,0.0034919484256855995,1.193798931733566e-4,0,2e-4,0.0019812390193210184,1.5603704753839508e-4,0.0012936677557542843,0,0,0,0,0,0,0,0,0,0,0,0,1.2896196326463104e-5,1.9000079831361642e-4,2.699978435232656e-4,7.499702251228435e-4,3.6000182378343875e-4,2e-4,2.7000331455087834e-4,9.00004905928815e-4,7.300111296238977e-4,5.399873657612129e-4,2.600011802736924e-4,3.199933810449675e-4,6.599983956039548e-4,7.000029846737006e-4,2.921674542355022e-4,0.0016,0.0022000189143181388,0.0020699897545939433,0.0018499956615013599,0.0025780407003654906,0.007201192687200278,3.399961652765794e-4,0.0010999955379054928,9.438757007629237e-5,0,3.4661167382329176e-6,0.004570325412570877,5.330733420988186e-4,0.0011299884849481823,6.500026208197925e-4,0.00159999550076487,9.49995239153204e-4,4.300040688351164e-4,0.004119907545270203,9.999999999999998e-4,0.0016431024154574545,0.0015000020054761122
ETH,0.001023055628381102,7.000049659830163e-4,0.001099995687982407,0.0010786008196743693,0.0025093168630957825,0.0013899869155016872,0.0013973562772243067,0.0012334078117848194,0.0011999952008190603,5.612182406278379e-4,0.001179989270386266,4.249985465961281e-4,6.616549274577087e-4,9.000393122645452e-4,1.8239036123786118e-4,4.246589343609425e-4,2.0000121666342223e-4,1.8999197021680415e-4,3.9999170468685193e-4,0.0010893340820506046,0.0016999604691000129,0.002469236757533618,9.595972032829124e-4,0.002792142925751609,0.0013600296233601352,0.0034919484256855995,1.193798931733566e-4,0,5.311986377230133e-4,0.001899990875079843,1.5603704753839508e-4,0.0012,0,0,0,0,0,0,0,0,0,0,0,0,1.2896196326463104e-5,4.111090418102244e-4,4.1428418746326085e-4,6.730924553267239e-4,3.274931849159473e-4,2.0000583703011905e-4,1.9999735966626182e-4,8.999781133727292e-4,3.999939472808159e-4,5.533276957169082e-4,2.999922257638187e-4,2.8572055756777526e-4,7.000061511964077e-4,7e-4,7.774878683465217e-4,0.001899944822512415,0.001850005979430758,0.0019499813577308056,0.0012000383582662065,0.002799969291006103,0.013024082363492527,2.9999348088268846e-4,0.0010965263099773723,9.438757007629237e-5,0,3.4661167382329176e-6,0.004599980084750451,0.0018265169819734483,5.999932092896918e-4,6.553842556551267e-4,0.0014000247463499132,6.95869772096584e-4,6.53258265424089e-4,0.0018036702865826747,0.0012596271006307383,0.0016431024154574545,0.0015000020054761122
FIN,4.157813967094616e-4,5.14997404451366e-4,0.0011399982693926353,9.569804597188345e-4,0.0025099377391951607,0.0013900192281894202,7.39126578589905e-4,8.44171238476316e-4,0.0012017714052408833,5.612182406278379e-4,3.3000110158431167e-4,6.099995247374174e-4,6.460688170036566e-4,6.109953164518586e-4,1.8239036123786118e-4,4.246589343609425e-4,1.8999879050140436e-4,1.3000569588617528e-4,3.7998648191956737e-4,0.002119901450862305,0.002150011508993456,0.001336936393108059,0.002757567086147771,0.00869990510256223,0.0013500124029908927,0.0034919484256855995,1.193798931733566e-4,0,2.0000233975596345e-4,8.999908750798429e-4,1.5603704753839508e-4,0.0012936677557542843,0,0,0,0,0,0,0,0,0,0,0,0,1.2896196326463104e-5,1.9000055692883734e-4,2.699974388286077e-4,6.787746592757901e-4,3.600090447793227e-4,1.9999999999999998e-4,2.699975896146827e-4,9e-4,7.300171969441998e-4,5.400143988480922e-4,2.600087802529279e-4,3.199963376670939e-4,6.599964346198414e-4,6.99999156068291e-4,3.0620906924519535e-4,0.0015999836597413474,0.002199984020453819,0.0020700805067968855,0.001849991459534007,0.003126109406099505,0.00369950568871768,3.3999844997287455e-4,0.0010999794214168895,9.438757007629237e-5,0,3.4661167382329176e-6,0.004569946564714826,5.44234929345965e-4,0.0011300020733982998,6.500016970437499e-4,0.0015999849417118765,9.500099186669312e-4,4.299950298210735e-4,0.00412011945581241,0.001,0.0025000182501733765,0.0015000020054761122
FJI,4.1577879882653194e-4,5.150021825805601e-4,0.0011399945250479056,7.506450651859931e-4,0.002510037717483879,0.0013900302429867557,7.39126578589905e-4,8.44171238476316e-4,0.0027015155517313436,4.800029026631936e-4,3.300082014300114e-4,6.100140118497217e-4,3.199969272920481e-4,2.500037548713934e-4,1.8239036123786118e-4,4.246589343609425e-4,1.9000137416162022e-4,1.299974535268653e-4,3.8000192104504853e-4,0.0021200214707461085,0.0021500081614886555,0.002330949166850394,0.002258156683223864,0.008700040711468,0.0013499878335631436,0.0034919484256855995,1.193798931733566e-4,0,1.9999776813114462e-4,9.000255502427273e-4,1.5603704753839508e-4,0.003709936452917389,0,0,0,0,0,0,0,0,0,0,0,0,1.2896196326463104e-5,1.9000050611129386e-4,2.700006128219869e-4,6.646169125806953e-4,3.600005940358798e-4,2.1989215070063872e-4,2.6999712510228e-4,9.000230538692078e-4,7.299862203849403e-4,5.533276957169082e-4,2.600013463645098e-4,3.199996051215732e-4,6.60002341783268e-4,6.999954920434567e-4,2.700062286402743e-4,0.0015999946962966891,0.0021999696420439835,0.002069980297777889,0.0018500045683174302,0.0025780407003654906,0.0035684681312185993,3.4000210082336116e-4,0.0011000061517009454,9.438757007629237e-5,0,3.4661167382329176e-6,0.004569966880148132,5.321132965698244e-4,0.0011299945431395137,6.500065121125292e-4,0.0016000100407105172,9.499802726754637e-4,4.299910516648613e-4,0.004120103235321228,0.001,0.002500050694514854,0.0015000020054761122
FRA,4.157788712708587e-4,5.149991631368207e-4,0.001139997972219406,7.506575406262764e-4,0.0025099579465206697,0.0013899869155016872,7.39126578589905e-4,8.44171238476316e-4,0.0015067124800827046,5.612182406278379e-4,3.300035246300254e-4,4.08769028227842e-4,6.460688170036566e-4,5.571021709198589e-4,1.8239036123786118e-4,4.246589343609425e-4,1.9000015800866942e-4,1.3000043976018412e-4,3.8001258653241036e-4,0.0021199648197009675,0.0021499572881882425,0.002812158405864166,0.003858422447476169,0.00869996349920915,0.0013500191191295583,0.0034919484256855995,1.193798931733566e-4,0,1.999974931374638e-4,0.0019812390193210184,1.5603704753839508e-4,0.0012936677557542843,0,0,0,0,0,0,0,0,0,0,0,0,1.2896196326463104e-5,1.900003724767153e-4,2.699974113383381e-4,9.760595635625236e-4,3.6000378323697047e-4,2.000025495245137e-4,2.70001738409489e-4,8.999775734469612e-4,7.300010138902972e-4,5.399969370565112e-4,2.5999903554033854e-4,3.2000887680656885e-4,6.599896187240469e-4,7e-4,3.1015335296723684e-4,0.0016000030472862643,0.0022000505532775378,0.002069933521509108,0.0018499987535213023,0.002403760435537572,0.0035414140590920825,3.3999897951137153e-4,0.0011000081629797206,9.438757007629237e-5,0,3.4661167382329176e-6,0.004569856498871026,6.44797829193249e-4,0.0011299934258865384,6.499949590768694e-4,0.0016000138051234267,9.500106814783165e-4,4.3001380111861695e-4,0.004119931625650436,0.001,0.0025000869051343554,0.0015000020054761122
GAB,0.00102305987149,0.000699997393596,0.000981910256359,0.00107860943104,0.00251002738728,0.00138997815487,0.00139736679977,0.00123339886543,0.00126089091517,0.000520408525705,0.00118000173643,0.000424992251288,0.000646068817004,0.000803662722962,0.000182390361238,0.000424658934361,0.000200000186336,0.000189997436858,0.000409460449312,0.00108933845766,0.00169996630656,0.00202457073044,0.00247328270759,0.00268389802351,0.00135998678252,0.00349194842569,0.000119379893173,0,0.000219994338453,0.00198123901932,0.000156037047538,0.00126243477171,0,0,0,0,0,0,0,0,0,0,0,0,1.28961963265e-05,0.000411112138056,0.000414287583526,0.000759161298432,0.000327502681063,0.000200000460517,0.0002,0.00090002043981,0.000399997100663,0.000553327695717,0.000299997000924,0.000285716390315,0.000699995893623,0.000699992287491,0.000315034103204,0.0018999845205,0.00184997526909,0.00195001626119,0.0012000097071,0.00284755680485,0.0130345020532,0.000299996526941,0.00143215245549,9.43875700763e-05,0,3.46611673823e-06,0.00455712490954,0.00180214214228,0.00059999560078,0.000299996175721,0.00140000499415,0.000874985346634,0.000399999026665,0.00334789984791,0.00108654236688,0.00164310241546,0.00150000200548
GBR,4.1578018905605107e-4,5.150017292292958e-4,0.001140004171446449,7.506384775246992e-4,0.002510037460378446,0.0013900020419623257,7.39126578589905e-4,8.44171238476316e-4,0.001584272800304556,5.612182406278379e-4,3.300008928334431e-4,4.08769028227842e-4,6.460688170036566e-4,6.109953164518586e-4,1.8239036123786118e-4,4.246589343609425e-4,1.8999877208489673e-4,1.299979340265822e-4,3.800057937427578e-4,0.0021199927000638743,0.002150033618288349,0.0023262823166188625,0.002919061739561679,0.008699813447968205,0.0013500009972674872,0.0034919484256855995,1.193798931733566e-4,0,2.0000662207800808e-4,8.99990875079843e-4,1.5603704753839508e-4,0.0037099672437997193,0,0,0,0,0,0,0,0,0,0,0,0,1.2896196326463104e-5,1.900053076098301e-4,2.6999842841426996e-4,0.001021145541299166,3.600033614966417e-4,1.9999740077456917e-4,2.700006436248954e-4,9e-4,7.299922910538803e-4,5.399933047525458e-4,2.600064971956738e-4,3.2000552039589125e-4,6.600040109632997e-4,6.999959779592165e-4,3.0800989041077103e-4,0.0016000164709596395,0.0021999762357414452,0.0020700067483634143,0.001849991969791476,0.011157927957894042,0.0037071299588651175,3.4000490156033006e-4,0.0010999988593719703,9.438757007629237e-5,0,3.4661167382329176e-6,0.004573180943666747,5.463487378381777e-4,0.0011300112497443242,6.500093906790802e-4,0.0016000144712564667,9.500099186669312e-4,4.300012920453078e-4,0.00411996426596333,9.999999999999998e-4,0.0025000182501733765,0.0015000020054761122
GEO,0.0015491330131589733,5.150014388053373e-4,0.0011399842792992614,0.0020100114328090724,0.0025099302200751474,0.0013899862590175196,7.39126578589905e-4,8.44171238476316e-4,0.002777367262281605,4.800115874855156e-4,3.299977259499168e-4,4.08769028227842e-4,6.460688170036566e-4,6.109953164518586e-4,1.8239036123786118e-4,4.246589343609425e-4,1.8999925255998206e-4,1.2999968261021358e-4,3.8000706464146945e-4,0.0013391190712748178,0.001705528972884456,0.001336936393108059,0.001130701318431631,0.002467580621915937,0.001350014407837864,0.0034919484256855995,1.193798931733566e-4,0,2.0000233975596345e-4,9.000255502427273e-4,1.5603704753839508e-4,0.00370987365465606,0,0,0,0,0,0,0,0,0,0,0,0,1.2896196326463104e-5,1.9000047722825828e-4,2.699989861097029e-4,5.538638690973824e-4,3.5999691027664054e-4,2.0000592066311427e-4,2.700003825993802e-4,6.54442536727919e-4,7.300038154908929e-4,5.533276957169082e-4,2.599960109035304e-4,3.1999312950875986e-4,6.599973260244668e-4,6.999925255998207e-4,3.3746563122503015e-4,0.0015999808694820412,0.002200010653030787,0.0020699650087913236,0.0018499773653236759,0.0025780407003654906,0.003414455504001585,3.4e-4,0.0010999975666731556,9.438757007629237e-5,0,3.4661167382329176e-6,0.004571572834961699,5.717783577032921e-4,0.0011300147537339073,6.500172897375802e-4,0.0016000276797453463,9.499985413810204e-4,4.3000014600032125e-4,0.0018036702865826747,0.001,0.0016431024154574545,0.0015000020054761122
GHA,0.0010230692731509376,6.999997865496389e-4,0.0010999675561683836,0.0010250012147612064,0.0025093168630957825,0.0013899990875079842,0.00139735607222585,0.0012333982580574035,0.0015781404204178156,5.000065429680247e-4,0.001179990641085634,4.2500290236445964e-4,6.616643383185135e-4,3.0007612705922044e-4,1e-4,4.246589343609425e-4,2.000013931311668e-4,1.90001196744854e-4,4.2837526447038086e-4,0.0010893564271202783,0.0017000036500346752,0.0020002451264095186,0.0018000000000000002,0.0027921670255867427,0.0013600069143879104,0.0034919484256855995,1.193798931733566e-4,0,2.199956357288333e-4,0.0019812390193210184,1.5603704753839508e-4,0.00119999480060313,0,0,0,0,0,0,0,0,0,0,0,0,1.2896196326463104e-5,4.1111052461417666e-4,4.142878553805714e-4,7.995851224349295e-4,3.2750388075418257e-4,2.0000326904217062e-4,1.999977044212846e-4,6.54442536727919e-4,3.999938009484549e-4,5.000104828485622e-4,2.999965038632311e-4,2.857118514100707e-4,6.574771002473922e-4,7.000194666147557e-4,3.32575113940593e-4,0.0019000545553737043,0.0018500169222358178,0.00195,0.0012000229861939171,0.005870909690872174,0.011497173235472787,2.9999658900978953e-4,0.0016000292002774025,9.438757007629237e-5,0,3.4661167382329176e-6,0.00460002069750595,0.0018051240421826102,5.999963253532254e-4,2.9999372214200513e-4,0.001400012687020272,8.749975808480579e-4,3.9999999999999996e-4,0.00411984515721283,0.0012596271006307383,0.0016431024154574545,0.0015000020054761122
GIN,0.0010230698573035933,6.999875705974905e-4,9.228608220782025e-4,0.0010250167601707774,0.0025093168630957825,0.001322162746738399,0.0013973558925652375,0.001233419569620761,0.0015781404204178156,4.999866352717049e-4,0.0011799719232569023,4.250131864267714e-4,6.616659101225602e-4,3.000064600874265e-4,1.8239036123786118e-4,4.246589343609425e-4,1.99999456035423e-4,1.9000102817191033e-4,3.9999999999999996e-4,0.0013391190712748178,0.0017000033181803096,0.002000010176499217,0.0018000000000000002,0.002467580621915937,0.001359973913409349,0.0034919484256855995,1.193798931733566e-4,0,2.1999694819562065e-4,0.001899990875079843,1.5603704753839508e-4,0.0012936677557542843,0,0,0,0,0,0,0,0,0,0,0,0,1.2896196326463104e-5,4.1111491221294014e-4,4.1428442938733906e-4,7.881295686915335e-4,3.7775594499205565e-4,2.1989215070063872e-4,2.0000765228037957e-4,9.000083852983224e-4,4.000151578309144e-4,5.000015925646342e-4,3.0000000000000003e-4,2.8571847163619317e-4,6.999839563613028e-4,5.214454796093713e-4,3.438222143898695e-4,0.0019000512834354503,0.0018499912234509392,0.001949981644640235,0.0011999778703942758,0.002800014048890138,0.013847416836044013,3.408806434550119e-4,0.0010965263099773723,9.438757007629237e-5,0,3.4661167382329176e-6,0.004600111919418019,0.001834852907047214,5.999893230834934e-4,3.0000000000000003e-4,0.0014000147297098247,8.749552559360459e-4,6.53258265424089e-4,0.0018036702865826747,0.0012596271006307383,0.0016431024154574545,0.0015000020054761122
GMB,0.0010230537765051754,6.999955907483144e-4,9.228608220782025e-4,0.001025,0.0025093168630957825,0.001390006205058948,0.0013973836573628765,0.0012334065911228185,0.0012000298663480925,5.000040762087998e-4,0.0011800067338006183,4.2500591436006623e-4,6.460688170036566e-4,6.109953164518586e-4,1.8239036123786118e-4,4.246589343609425e-4,2.0000197602516891e-4,1.8999895713838773e-4,4.2837526447038086e-4,0.0013391190712748178,0.001705528972884456,0.001997898158466441,0.002258156683223864,0.0027921670255867427,0.0013599965484511175,0.0034919484256855995,1.193798931733566e-4,0,2.2000140385357807e-4,0.001899995228779999,1.5603704753839508e-4,0.0012936677557542843,0,0,0,0,0,0,0,0,0,0,0,0,1.2896196326463104e-5,4.111198196367577e-4,2.4509583108551467e-4,8.703919752352088e-4,3.2748650116617143e-4,2.1989215070063872e-4,2.4263488170914055e-4,6.54442536727919e-4,6.362196083924689e-4,5.533276957169082e-4,3.0000640355183676e-4,3.4639157773502923e-4,7.000178269007933e-4,5.214454796093713e-4,2.744461917812368e-4,0.001899980149164847,0.0018500240731824746,0.001949956591839266,0.0012,0.0028000692657827032,0.013541441099999838,3e-4,0.0016000121669302834,9.438757007629237e-5,0,3.4661167382329176e-6,0.004599453804225416,0.001806567275422336,6.000000000000001e-4,2.9999338711810604e-4,0.001399985201871141,8.749838285393936e-4,3.999972190550349e-4,0.004120054354695993,0.001,0.0016431024154574545,0.0015000020054761122
GNB,0.001023042744463197,6.999990026231013e-4,9.228608220782025e-4,0.0010250091339575468,0.0025093168630957825,0.001322162746738399,0.0013973962307781249,0.001233385624643468,0.0012000318585480467,4.999947351733708e-4,0.0011800144396609353,4.08769028227842e-4,6.460688170036566e-4,9.000028215908129e-4,1.8239036123786118e-4,4.246589343609425e-4,2e-4,1.8999914118859496e-4,3.999954375399215e-4,0.001089299046038988,0.001705528972884456,0.0019209698387477494,0.0017959066784756334,0.002467580621915937,0.0013599971558589307,0.0034919484256855995,1.193798931733566e-4,0,2.1999926500312374e-4,0.0019812390193210184,1.5603704753839508e-4,0.001199982341515098,0,0,0,0,0,0,0,0,0,0,0,0,1.2896196326463104e-5,4.1111147943116645e-4,4.142879425986586e-4,0.0016242573279973364,3.2749785977493516e-4,2e-4,2.4263488170914055e-4,6.54442536727919e-4,4e-4,5.000057463998806e-4,3.000101389029707e-4,2.857147969225264e-4,6.574771002473922e-4,5.214454796093713e-4,2.4953629677006714e-4,0.0018999807840122983,0.0018499779332955045,0.0019500237717418822,0.0011999832416277967,0.0025780407003654906,0.010295729178054883,3.408806434550119e-4,0.0010965263099773723,9.438757007629237e-5,0,3.4661167382329176e-6,0.004600028868360278,0.0019378342867002005,5.999978779165385e-4,2.999955667863634e-4,0.001400003749390724,8.749504086328652e-4,4.0000730006935063e-4,0.004120060331825038,0.0012596271006307383,0.0016431024154574545,0.0015000020054761122
GRC,4.1578649409486406e-4,5.150220986244227e-4,0.0011399419328079635,7.506337949519769e-4,0.0025099698538655997,0.0013900023227262168,7.39126578589905e-4,8.44171238476316e-4,0.001838314566306068,5.612182406278379e-4,3.2999981390848015e-4,6.100005760700501e-4,6.460688170036566e-4,6.109953164518586e-4,1.8239036123786118e-4,4.246589343609425e-4,1.899932055016109e-4,1.3000056154537285e-4,3.799896453533523e-4,0.002120042166293319,0.002150015642924184,0.002290557016965148,0.004827793348951475,0.008700222652115194,0.001350009733307378,0.0034919484256855995,1.193798931733566e-4,0,1.9999787297400774e-4,9e-4,1.5603704753839508e-4,0.0012936677557542843,0,0,0,0,0,0,0,0,0,0,0,0,1.2896196326463104e-5,1.8999976526228878e-4,2.6999327125284874e-4,6.436312499789843e-4,3.600051392942683e-4,2.0000163200026112e-4,2.7000052173005684e-4,9.00010465998587e-4,7.300003684191135e-4,5.533276957169082e-4,2.600004615153858e-4,3.1999618302399924e-4,6.599871650890422e-4,7.000015095999776e-4,2.9948894758478634e-4,0.0015999862301628283,0.002200004358026395,0.002070049045515465,0.0018500201029740691,0.0038094373335923067,0.0035272651507094774,3.400074659788917e-4,0.001100029594554602,9.438757007629237e-5,0,3.4661167382329176e-6,0.004570992071220048,0.0022243136721151586,0.0011300144205558468,6.500008877368039e-4,0.0016000052096221723,9.499965797934195e-4,4.3001836547291094e-4,0.004120074575277039,0.001,0.0025000456246007845,0.0015000020054761122
GRD,4.1578436925890377e-4,5.150097762583273e-4,0.001139988216143883,7.506361808183144e-4,0.002509900538370289,0.0013900011060723372,7.39126578589905e-4,8.44171238476316e-4,0.0015781404204178156,4.799890225495129e-4,3.2999959410642533e-4,6.100012517211165e-4,3.200036640475512e-4,5.896852711231443e-4,1.8239036123786118e-4,4.246589343609425e-4,1.9000118282537555e-4,1.2999666398477207e-4,4.2837526447038086e-4,0.0021199927000638743,0.0021500365005571137,0.001895828724588757,0.002258156683223864,0.008700222652115194,0.0013500195541650373,0.0034919484256855995,1.193798931733566e-4,0,1.9999833073902355e-4,0.0019812390193210184,1.5603704753839508e-4,0.0012936677557542843,0,0,0,0,0,0,0,0,0,0,0,0,1.2896196326463104e-5,1.899976612422576e-4,2.699969891609795e-4,7.700051028627312e-4,3.60000680434117e-4,1.9999999999999998e-4,2.7000124038700074e-4,9.000101731987079e-4,7.300168810149491e-4,5.400072411296162e-4,2.600019763089959e-4,3.200077587042964e-4,6.600179579271422e-4,7.00001459065906e-4,6.99196686988702e-4,0.0016000449594343285,0.0022000276663438926,0.002069980474068752,0.0018500199098437874,0.0025780407003654906,0.005553947378081312,3.408806434550119e-4,0.0010999999999999998,9.438757007629237e-5,0,3.4661167382329176e-6,0.004569920844327176,6.426907938068631e-4,0.0011299974535268654,6.499985804998533e-4,0.0015999894754844565,9.500156608895385e-4,4.299940101826894e-4,0.004120064152195554,0.001,0.0016431024154574545,0.0015000020054761122
GTM,0.0017013270662699616,6e-4,0.001199995133346311,0.0014000098625461235,0.0025093168630957825,0.001322162746738399,7.39126578589905e-4,9.599961066770489e-4,0.002999926920172468,4e-4,7.000024455657817e-4,4.08769028227842e-4,6.460688170036566e-4,6.109953164518586e-4,1.8239036123786118e-4,4.246589343609425e-4,1.607678832089772e-4,6.999916093304246e-4,7.000036500346754e-4,0.002,0.001899990875079843,0.002620443234709036,0.0013871208907083655,0.0028999895713838772,0.0018999315641396093,0.0019000175739796953,1.193798931733566e-4,0,1.9999999999999998e-4,0.0024000385658994807,0.002200018249840314,0.0012936677557542843,0,0,0,0,0,0,0,0,0,0,0,0,1.2896196326463104e-5,5.999983096258357e-4,4.000009218416553e-4,7.658727145237702e-4,4.000014118112126e-4,4.0000424580373064e-4,3.999972452928942e-4,5.999933479678041e-4,5e-4,6.999883013570425e-4,3.999956391862722e-4,5.00003019779556e-4,6.574771002473922e-4,5e-4,5.718369018559867e-4,0.0019000184255377954,0.0018999858964801645,0.0020999944632080175,0.0015999847399196764,0.0028459593751821418,0.014621584908718972,4.999999999999999e-4,0.001400017380724776,9.438757007629237e-5,0,3.4661167382329176e-6,0.00290049288632419,5.671156601969435e-4,6.999984842283964e-4,0.0010499951973873788,0.001099996051228726,5.000099186669312e-4,6e-4,7.000018434199126e-4,0.0018999947101142616,0.0016431024154574545,0.0015000020054761122
GUY,0.0017012833244506474,6.000000000000001e-4,0.001199981750159686,0.0013119368063018596,0.0025093168630957825,0.0012000359023456198,7.39126578589905e-4,8.44171238476316e-4,0.002999942912599189,3.9999999999999996e-4,7.000027058473361e-4,4.08769028227842e-4,2.999969466581173e-4,5.999819257426086e-4,1.8239036123786118e-4,4.246589343609425e-4,1.607678832089772e-4,6.999973292738295e-4,7.000033181803098e-4,0.002,0.0018999662472428708,0.0018959449668616822,0.002195822068271468,0.0028999704054453977,0.0018999673580818422,0.0018999662047989184,1.193798931733566e-4,0,1.9999899040123976e-4,0.0019812390193210184,0.0022000219002080517,0.0012936677557542843,0,0,0,0,0,0,0,0,0,0,0,0,1.2896196326463104e-5,5.99997867053441e-4,4e-4,9.594141509890036e-4,4.000030799082188e-4,3.999874945288564e-4,4.0000432937916704e-4,6.000000000000001e-4,5e-4,7.000010189836657e-4,4.00007007217434e-4,4.999898816148943e-4,6.574771002473922e-4,5e-4,3.859066090360016e-4,0.0019000025646944167,0.0019000353076176184,0.0021000051910299005,0.0016000084542123112,0.0025780407003654906,0.007383205913053291,3.408806434550119e-4,0.0010965263099773723,9.438757007629237e-5,0,3.4661167382329176e-6,0.002900027483853236,5.660970043762121e-4,6.999772641151952e-4,0.0010499788895925691,0.001100023999360017,4.999930640007768e-4,6.000000000000001e-4,0.0018036702865826747,0.0012596271006307383,0.0016431024154574545,0.0015000020054761122
HND,0.0017012113423544358,6.000110258141875e-4,0.001199981750159686,0.0014000007413049562,0.0025093168630957825,0.0011999839563613028,7.39126578589905e-4,9.60008886914019e-4,0.002999944015227858,4.000098013591218e-4,7.000010075871311e-4,3.9999999999999996e-4,6.460688170036566e-4,6.251875191240563e-4,1.8239036123786118e-4,9.000255502427273e-4,1.607678832089772e-4,6.999962525763538e-4,6.99990875079843e-4,0.001999992919501816,0.001705528972884456,0.001336936393108059,0.0021850812061603333,0.002900038933229511,0.001900016846361186,0.0019000304167089122,1.193798931733566e-4,0,2e-4,0.0019812390193210184,0.0022000208572322453,0.0012936677557542843,0,0,0,0,0,0,0,0,0,0,0,0,1.2896196326463104e-5,5.999908841164015e-4,4.000077508364444e-4,5.934540658209661e-4,4.000072757533247e-4,3.9999999999999996e-4,3.999862268438813e-4,5.999869178440607e-4,5.000040314236032e-4,6.999796753868935e-4,4e-4,5e-4,6.574771002473922e-4,5.000132731616671e-4,4.676573696527598e-4,0.0019000367849917232,0.001899966016867991,0.0020999603724985143,0.0015999989887984145,0.0025780407003654906,0.00792099540323706,5e-4,0.0014000073000693504,9.438757007629237e-5,0,3.4661167382329176e-6,0.0029000249758007507,5.668837763368995e-4,7e-4,6.553842556551267e-4,0.001100027804810232,5e-4,5.999935111284148e-4,7.000055303616856e-4,0.001900020699648106,0.0016431024154574545,0.0015000020054761122
HRV,4.157788712708587e-4,5.150080864133418e-4,0.0011399932614555256,7.506487947133263e-4,0.002509950464934388,0.0013899990875079842,7.39126578589905e-4,8.44171238476316e-4,0.0014073491392320675,5.612182406278379e-4,3.29998745645722e-4,4.08769028227842e-4,6.460688170036566e-4,6.109953164518586e-4,1.8239036123786118e-4,4.246589343609425e-4,1.9000484082435162e-4,1.3000130013338405e-4,3.80011135857461e-4,0.0021200333715715924,0.002150015642924184,0.00216370754101704,0.0030319623015143565,0.002467580621915937,0.001350004932425767,0.0034919484256855995,1.193798931733566e-4,0,1.9999799450494356e-4,8.999918890420959e-4,1.5603704753839508e-4,0.003709973928738552,0,0,0,0,0,0,0,0,0,0,0,0,1.2896196326463104e-5,1.8999895194675892e-4,2.6999949190043097e-4,7.626886746090884e-4,3.599920594548319e-4,2e-4,2.699903006789525e-4,8.999869178440607e-4,7.299897034266783e-4,5.533276957169082e-4,2.599969615313882e-4,3.1999999999999997e-4,6.600084230792371e-4,7.000003868117812e-4,3.0109952949285964e-4,0.001599971578797783,0.002200068653813147,0.0020699805026229896,0.0018500263009215063,0.001045644984907914,0.004236076077219002,3.3999999999999997e-4,0.0010999785300221856,9.438757007629237e-5,0,3.4661167382329176e-6,0.004570887328499103,6.110573398693367e-4,0.0011300199039925068,6.499959184784088e-4,0.0015999872444912146,9.499994250163871e-4,4.2999968261021355e-4,0.004119997291257534,9.999999999999998e-4,0.0016431024154574545,0.0015000020054761122
HTI,0.0017012669070046729,5.999994942261703e-4,9.228608220782025e-4,0.0013119295034146545,0.0025093168630957825,0.001322162746738399,7.39126578589905e-4,1.4999959729057095e-4,0.003,4.0000610929529276e-4,6.999932718832e-4,4.0000229581258135e-4,2.9999620612924564e-4,6.000019306323786e-4,1.8999907570015713e-4,8.99990875079843e-4,1.607678832089772e-4,7.000036500346754e-4,6.99990875079843e-4,0.002000015921475284,0.0018999585234342597,0.0018821402455380931,0.002258156683223864,0.002467580621915937,0.0019000102817191033,0.0034919484256855995,1.193798931733566e-4,0,2e-4,0.0023999615790990304,1.5603704753839508e-4,0.0012936677557542843,0,0,0,0,0,0,0,0,0,0,0,0,1.2896196326463104e-5,5.999789465012289e-4,4.0000249962505617e-4,8.706935914948089e-4,4.000025438172522e-4,3.9999398097989645e-4,4e-4,6.000086557604085e-4,5e-4,7.000135688514837e-4,4e-4,5e-4,6.574771002473922e-4,4.999942042424945e-4,6.836391893263421e-4,0.0018999221400367054,0.0019000072406053145,0.002100031146179402,0.001600006048600505,0.0014543670692887978,0.015110817166952176,3.408806434550119e-4,0.0014000073000693504,9.438757007629237e-5,0,3.4661167382329176e-6,0.0029436170469831096,8.129053010297079e-4,7.000033953551541e-4,0.0010500112060961163,0.001099980515368503,4.999999999999999e-4,6.000097333073778e-4,0.0018036702865826747,0.0012596271006307383,0.0016431024154574545,0.0015000020054761122
HUN,4.157819138928708e-4,5.150085650283305e-4,0.001140004171446449,7.506450651859931e-4,0.0025099854595091843,0.0013900018249968413,7.39126578589905e-4,8.44171238476316e-4,0.0015781404204178156,5.612182406278379e-4,3.300005531242854e-4,4.08769028227842e-4,6.460688170036566e-4,6.109953164518586e-4,1.8239036123786118e-4,4.246589343609425e-4,1.9000084943615456e-4,1.3000008295450775e-4,3.79992091735864e-4,0.0021199812821712685,0.0021500695597540726,0.002189479404973889,0.00344086043426638,0.002467580621915937,0.0013499463560849897,0.0034919484256855995,1.193798931733566e-4,0,2e-4,8.999908750798429e-4,1.5603704753839508e-4,0.003709967243799719,0,0,0,0,0,0,0,0,0,0,0,0,1.2896196326463104e-5,1.8999892048793948e-4,0.00026999955986192243,7.695583423837635e-4,3.5999614327725016e-4,2.0000538242101294e-4,2.700015651901706e-4,8.999816029925798e-4,7.300008486803021e-4,5.533276957169082e-4,2.5999665951594297e-4,3.200091365920512e-4,6.599983956039548e-4,6.99992488110991e-4,3.260252850903278e-4,0.0016000257066655242,0.0022000264804210388,0.002070041195814483,0.0018500057058085132,0.0029513677545737575,0.0027865030762320967,3.399982367980252e-4,0.0011000266573707631,9.438757007629237e-5,0,3.4661167382329176e-6,0.004573493119230189,5.408405931410697e-4,0.0011299901500666319,6.499988831058592e-4,0.0016000382677466675,9.499863621711424e-4,4.3000129777431704e-4,0.004120064152195554,9.999999999999998e-4,0.002499954375399215,0.0015000020054761122
IDN,0.00041577424230837507,5.000021951583587e-4,9.228608220782025e-4,7.506433702501505e-4,0.0025093168630957825,0.0013900379598987735,9.782592354400355e-4,8.44171238476316e-4,0.0015781404204178156,0.0011999832068063545,7e-4,5e-4,6.460688170036566e-4,4.000130915755711e-4,1.8239036123786118e-4,4.246589343609425e-4,1.89999111726024e-4,1.8999728514976924e-4,4.0000730006935063e-4,0.00299989790188371,0.01359986373369671,0.00301981392700086,0.0018236957474619766,0.003,0.0013500078284014402,0.0034919484256855995,1.193798931733566e-4,0,2.0000155983122627e-4,8.999908750798429e-4,1.5603704753839508e-4,0.0012936677557542843,0,0,0,0,0,0,0,0,0,0,0,0,1.2896196326463104e-5,1.8999660270249536e-4,2.6999670555624976e-4,8.133814873927008e-4,3.5999999999999997e-4,2e-4,2.699882928172991e-4,6.54442536727919e-4,7.299955480275716e-4,5.533276957169082e-4,2.5999909877433313e-4,3.19996724533246e-4,6.600150413637504e-4,7.000032444357926e-4,4.474427602192462e-4,0.0016000157010519704,0.004900118319858016,0.002070034687905742,0.0018499722661456566,0.0029630235566404247,0.003419282959188588,3.400038299502107e-4,0.0010999343017738521,9.438757007629237e-5,0,3.4661167382329176e-6,0.0045961022596561546,0.0013860625331213565,0.0011299741578303614,6.499927233414416e-4,0.0015000026037191526,7.999999999999999e-4,4e-4,0.004119937784434587,9.999999999999998e-4,0.0016431024154574545,0.0015000020054761122
IND,6.920441316000394e-4,3.49756709112043e-4,9.228608220782025e-4,9.569804597188345e-4,0.0025093168630957825,0.0016000340665758223,6.367058315191199e-5,4.545500549418772e-6,0.0015781404204178156,5.612182406278379e-4,3.8679962403197356e-4,4.08769028227842e-4,6.460688170036566e-4,6.109953164518586e-4,1.9000135299688812e-4,1.9000353824093558e-4,1.8999652467571222e-4,1.3000101389029707e-4,3.8000048666536883e-4,0.0013391190712748178,0.001705528972884456,4.1811728630360937e-4,2.1124805394008675e-4,0.002467580621915937,0.0013098437397964734,0.0034919484256855995,1.193798931733566e-4,0,0.001,0.003399883203153515,1.5603704753839508e-4,0.0012936677557542843,0,0,0,0,0,0,0,0,0,0,0,0,1.2896196326463104e-5,2.1752769350244432e-4,2.4509583108551467e-4,6.375379820875075e-5,3.600075206456185e-4,2.1989215070063872e-4,2.4263488170914055e-4,9.000089198109e-4,8.00001225820687e-4,5.533276957169082e-4,2.6000829142558445e-4,3.2000246791707797e-4,6.600007640003056e-4,5.214454796093713e-4,7.85668075344298e-7,0.001621420660911001,0.0017868129233028895,0.001815503263780918,0.001513548176176199,0.002199977634264307,0.0065038639289246,3.408806434550119e-4,0.0010965263099773723,9.438757007629237e-5,0,3.4661167382329176e-6,0.003347679975296889,6.415666141059425e-4,0.0011299871605877597,6.499969015306438e-4,0.0012920247912419386,6.95869772096584e-4,6.53258265424089e-4,0.0018036702865826747,0.001,0.0016431024154574545,0.0015000020054761122
IRL,4.1577934072651646e-4,5.149988271170537e-4,0.0011400014599961066,7.506220663259396e-4,0.002510087602867003,0.0013900175613787405,7.39126578589905e-4,8.44171238476316e-4,0.001659347052637075,5.612182406278379e-4,3.300001350201855e-4,4.08769028227842e-4,6.460688170036566e-4,6.109953164518586e-4,1.8239036123786118e-4,4.246589343609425e-4,1.8999885220185943e-4,1.3000023478460318e-4,3.7999478578256714e-4,0.0021199969793082615,0.002149980392748333,0.0025461926860464337,0.0023503850671281654,0.00869993105592581,0.0013500217912399215,0.003549943898449434,1.193798931733566e-4,0,1.9999657598739962e-4,8.999908750798429e-4,1.5603704753839508e-4,0.0037099776425934595,0,0,0,0,0,0,0,0,0,0,0,0,1.2896196326463104e-5,1.9000047222032752e-4,2.7000171600872715e-4,0.0015560399143196464,3.600029451636515e-4,1.9999736217356896e-4,2.700020255215718e-4,9.000122647855707e-4,7.299924275403407e-4,5.399945066682944e-4,2.599985468668468e-4,3.199961104628549e-4,6.599983956039548e-4,7.000011421131378e-4,3.1814457932290434e-4,0.001600010124332427,0.0022000264804210383,0.002070056936733034,0.0018500001341824395,0.004340333431713094,0.0033596945227330963,3.400009201960018e-4,0.0011000064147796522,9.438757007629237e-5,0,3.4661167382329176e-6,0.004569982714596203,5.390621104625938e-4,0.0011299332559489262,6.500018140260495e-4,0.0016000000000000003,9.499910733768423e-4,4.2999666014599937e-4,0.0041199632788045705,0.001,0.0025000456246007845,0.0015000020054761122
IRN,0.0015491349578405963,5.149972268995738e-4,0.001140013687692483,0.002009986421970128,0.0025093168630957825,0.001322162746738399,7.39126578589905e-4,8.44171238476316e-4,0.0015781404204178156,5.612182406278379e-4,3.3000268197521087e-4,4.08769028227842e-4,6.460688170036566e-4,6.109953164518586e-4,1.8239036123786118e-4,4.246589343609425e-4,1.8999850547049335e-4,1.2999963499653246e-4,3.800083772139779e-4,0.0021200176856285453,0.001705528972884456,0.0021569064503254827,0.0024431686816770784,0.002467580621915937,0.001349985717459612,0.0034919484256855995,1.193798931733566e-4,0,1.9999574590277258e-4,0.0019812390193210184,1.5603704753839508e-4,0.0037099672437997193,0,0,0,0,0,0,0,0,0,0,0,0,1.2896196326463104e-5,1.8999942091611072e-4,2.70001092131923e-4,7.066736850920273e-4,3.599960202853343e-4,1.999983579773565e-4,2.7000179307871616e-4,9.000022253872174e-4,7.300091463101318e-4,5.533276957169082e-4,2.600080553270153e-4,3.200010145074566e-4,6.600140271437536e-4,7.000017730042376e-4,3.163565147426646e-4,0.001599968761505249,0.002200010871633191,0.001815503263780918,0.0018500034380496723,0.002460082165092542,0.003727146969753617,3.4000576535024503e-4,0.0011000109501040258,9.438757007629237e-5,0,3.4661167382329176e-6,0.004570005401110188,8.242755451593175e-4,0.0011299938266161038,6.500065490743976e-4,0.0016000039656574067,9.500105797714769e-4,4.3000415538909043e-4,0.0018036702865826747,0.0012596271006307383,0.002500018250173377,0.0015000020054761122
IRQ,0.0015491229311548687,5.149980129118706e-4,0.0011400241677840127,0.0020099609099043943,0.0025093168630957825,0.001322162746738399,7.39126578589905e-4,8.44171238476316e-4,0.0015781404204178156,5.612182406278379e-4,3.3000209043132565e-4,4.08769028227842e-4,6.460688170036566e-4,6.109953164518586e-4,1.8239036123786118e-4,4.246589343609425e-4,1.899995210498587e-4,1.300033692722372e-4,3.799981750159686e-4,0.0021199565946532503,0.0021499895713838774,0.0023008466801687456,0.002215849004051684,0.002467580621915937,0.0013098437397964734,0.0035500453583308133,1.193798931733566e-4,0,1.999964903660548e-4,9.00004380009636e-4,1.5603704753839508e-4,0.0012936677557542843,0,0,0,0,0,0,0,0,0,0,0,0,1.2896196326463104e-5,1.8999557512800524e-4,2.700025524729536e-4,6.854130440486705e-4,3.5999569305864617e-4,1.9999723917064685e-4,2.700003825993802e-4,6.54442536727919e-4,7.300102657693623e-4,5.533276957169082e-4,2.6000319335781573e-4,3.4639157773502923e-4,6.599836310128457e-4,6.999829438853829e-4,3.9117770235658667e-4,0.001600024384296513,0.002199968583097707,0.001815503263780918,0.0018500119703136223,0.00219998339008388,0.003745468154281571,3.400060661207158e-4,0.0010965263099773723,9.438757007629237e-5,0,3.4661167382329176e-6,0.004569965013112782,0.0013814717567584504,0.0011300152897137131,6.499752450737697e-4,0.0016000190353820164,9.500108201687946e-4,6.53258265424089e-4,0.0018036702865826747,0.0012596271006307383,0.0016431024154574545,0.0015000020054761122
ISL,4.157833849232405e-4,5.1499654316971e-4,9.228608220782025e-4,9.569804597188345e-4,0.00251001597640408,0.001389956136138059,7.39126578589905e-4,8.44171238476316e-4,0.0015781404204178156,5.612182406278379e-4,3.300005531242854e-4,6.100135883767116e-4,6.460688170036566e-4,6.109953164518586e-4,1.8239036123786118e-4,4.246589343609425e-4,1.9000219019841614e-4,1.2999899409389415e-4,3.799959206020333e-4,0.0021199987117690635,0.0021499379516753047,0.001336936393108059,0.0017427461189035648,0.00869993695457411,0.0013499843570758162,0.003549927901946647,0.0026100302952878052,0,2.0000523834468308e-4,0.0019812390193210184,1.5603704753839508e-4,0.0012936677557542843,0,0,0,0,0,0,0,0,0,0,0,0,1.2896196326463104e-5,1.9000108772502313e-4,2.700001609347088e-4,9.238592864942661e-4,3.6000037188200183e-4,1.9999658434948934e-4,2.6999938510729874e-4,9.00004242951397e-4,7.300071965813055e-4,5.533276957169082e-4,2.60004090258368e-4,3.2000745503680926e-4,6.600215517241378e-4,7.000075085722867e-4,3.0140794914378105e-4,0.0016000079473882894,0.0021999269787568673,0.0020700132592191664,0.001849990035286808,0.0018765200534879337,0.005553947378081312,3.3999968405920724e-4,0.0010999822768924207,9.438757007629237e-5,0,3.4661167382329176e-6,0.004570018006407263,5.336599632922094e-4,0.0011300129926375053,6.499858690532266e-4,0.0016000785781163116,6.95869772096584e-4,4.2999943701794665e-4,0.0018036702865826747,0.001,0.0016431024154574545,0.0015000020054761122
ISR,4.1578633698035944e-4,5.149890776651089e-4,0.0011399842553496027,7.506481416472289e-4,0.0025099917875718585,0.001389990364119485,7.39126578589905e-4,8.44171238476316e-4,0.0015781404204178156,5.612182406278379e-4,3.299952556377941e-4,6.10006239276244e-4,6.460688170036566e-4,6.109953164518586e-4,1.8239036123786118e-4,4.246589343609425e-4,1.899961135848086e-4,1.3000033486253892e-4,3.7998648191956737e-4,0.002119981325863679,0.0021500044511706578,0.002522608114866708,0.0040936204406469825,0.00869969887763482,0.0013499892647317157,0.003549967893473926,1.193798931733566e-4,0,2e-4,9.000267819566132e-4,1.5603704753839508e-4,0.003709983759530953,0,0,0,0,0,0,0,0,0,0,0,0,1.2896196326463104e-5,1.9000137397687792e-4,2.700007792621404e-4,7.277962132929442e-4,3.5999788152424333e-4,2e-4,2.7000202552157176e-4,6.54442536727919e-4,7.299817817225236e-4,5.533276957169082e-4,2.6000274502685256e-4,3.1999566254608543e-4,6.600002785398939e-4,7.000046941406293e-4,4.32201527277306e-4,0.0016000027897699136,0.002199995565508525,0.0020699705069552495,0.0018500359763638182,0.0025780407003654906,0.0036408086068317348,3.4000242072137495e-4,0.0010965263099773723,9.438757007629237e-5,0,3.4661167382329176e-6,0.004569914501898441,5.984534491210754e-4,0.001129989953457856,6.49999109797568e-4,0.0015999272187775554,9.500099186669311e-4,4.300005407451468e-4,0.00412000737372496,9.999999999999998e-4,0.0016431024154574545,0.0015000020054761122
ITA,4.157661864668819e-4,5.15000843929335e-4,0.0011400093589143659,7.50641300819818e-4,0.002510011471477735,0.001389992700034913,7.39126578589905e-4,8.44171238476316e-4,0.0024452483714753463,5.612182406278379e-4,3.3000244155758724e-4,6.099976463346188e-4,6.460688170036566e-4,6.109953164518586e-4,1.8239036123786118e-4,4.246589343609425e-4,1.9000417488331136e-4,1.299981750159686e-4,3.800004866653689e-4,0.0021200826558003903,0.002149990266692622,0.0028483538445918145,0.004599278822948074,0.008700222652115194,0.0013500473360632363,0.0034919484256855995,1.193798931733566e-4,0,1.9999999999999998e-4,0.0019812390193210184,1.5603704753839508e-4,0.0012936677557542843,0,0,0,0,0,0,0,0,0,0,0,0,1.2896196326463104e-5,1.9000271332417223e-4,2.699983997969398e-4,0.0014414238442638217,3.6000341362708426e-4,1.9999865443095887e-4,2.6999244142101285e-4,9.000020656462375e-4,7.299983705393515e-4,5.399887694529119e-4,2.5999832078587226e-4,3.1999468226535493e-4,6.599817684594349e-4,7e-4,2.920856259320604e-4,0.0015999904321098394,0.002200015842839037,0.002069974221829521,0.0018500157006784597,0.0015664086971629973,0.003357599133632122,3.400068530030838e-4,0.0011000309813337466,9.438757007629237e-5,0,3.4661167382329176e-6,0.004569993370212259,7.052270665271846e-4,0.0011300226153226555,6.499992788842899e-4,0.0015999721332032883,9.500065039240342e-4,4.3001042880804857e-4,0.004120016508460586,0.001,0.0024999519738737874,0.0015000020054761122
JAM,4.1578117380833697e-4,5.149959533229976e-4,0.0011400014599961066,7.50646484170933e-4,0.0025093168630957825,0.0013900435972827741,7.39126578589905e-4,8.44171238476316e-4,0.0015781404204178156,4.79995320542817e-4,3.300014570887367e-4,6.09992434265092e-4,3.200006444317572e-4,5.900250377679411e-4,1.8239036123786118e-4,4.246589343609425e-4,1.8999626371817035e-4,1.30000766400981e-4,3.8000351479593907e-4,0.0021200345908064825,0.0021499552583243067,0.002430274104777356,0.002258156683223864,0.008700222652115194,0.0013500104286161226,0.0035499155119972964,1.193798931733566e-4,0,1.9999889807769655e-4,9.000255502427273e-4,1.5603704753839508e-4,0.0012936677557542843,0,0,0,0,0,0,0,0,0,0,0,0,1.2896196326463104e-5,1.8999828382649486e-4,2.700028017027122e-4,8.155222109342183e-4,3.5999486531911143e-4,2.000011325092441e-4,2.6999893047631007e-4,9.00004905928815e-4,7.299929818591693e-4,5.399813301767859e-4,2.6000450614395394e-4,3.1999618302399924e-4,6.574771002473922e-4,6.999919633528892e-4,5.066906781662916e-4,0.0015999953267752413,0.0022000124405187694,0.0020699369754000755,0.001849953689410312,0.0025780407003654906,0.0035114368763141585,3.400019208605455e-4,0.0011000121669302834,9.438757007629237e-5,0,3.4661167382329176e-6,0.004570070719394004,0.0013307920444089317,0.0011299929667984382,6.500048026126213e-4,0.001600008542870974,9.499934603479094e-4,4.3000947721625986e-4,0.004120064152195554,0.001,0.0016431024154574545,0.0015000020054761122
JOR,0.0015491423386063499,5.150070624670222e-4,0.0011400014599961066,0.002010056664454541,0.0025093168630957825,0.0013900379598987735,7.39126578589905e-4,8.44171238476316e-4,0.002705493458088434,5.612182406278379e-4,3.2999677602591463e-4,6.09992395865604e-4,6.460688170036566e-4,6.109953164518586e-4,1.8239036123786118e-4,4.246589343609425e-4,1.8999986494820764e-4,1.3000101389029707e-4,3.79992091735864e-4,0.0021199813621185057,0.0021500557639663386,0.0023465115300454467,0.006635654706784991,0.008700222652115194,0.0013500015208200262,0.0035499918888227972,1.193798931733566e-4,0,1.9999999999999998e-4,9e-4,1.5603704753839508e-4,0.0037100608329433786,0,0,0,0,0,0,0,0,0,0,0,0,1.2896196326463104e-5,1.9000180179132932e-4,2.700001132455806e-4,7.204241375503627e-4,3.600011358934207e-4,1.999979506096936e-4,2.699952505343149e-4,9e-4,7.300002219115461e-4,5.533276957169082e-4,2.6000033586350506e-4,3.19996591974099e-4,6.599980434357269e-4,6.999991657141903e-4,4.153509954130918e-4,0.0016000326770688668,0.0022000266981959645,0.0020699802105142396,0.001849917156404263,0.0044727516378796905,0.0037569841960800915,3.3998439037632766e-4,0.0010999732929760527,9.438757007629237e-5,0,3.4661167382329176e-6,0.004570014013881452,0.0014283011245082673,0.0011300334235237945,6.500171526586622e-4,0.0016000076612208156,9.500014748827469e-4,4.3000415538909043e-4,0.004120064152195554,0.001,0.0016431024154574545,0.0015000020054761122
JPN,8.02529045424759e-4,4.0000067389815545e-4,0.0011,6.119188064532764e-4,0.002510019345183779,3.999927001970947e-4,8.524445248767993e-4,8.44171238476316e-4,0.0015674230109443941,9.000096562379297e-4,4.000056046088567e-4,4.000015622314915e-4,2.000038236531182e-4,5.014363775578347e-4,1.8239036123786118e-4,1.8999197021680415e-4,1.8999991589854e-4,1.3000135700790195e-4,4.999946323710965e-4,0.0018500207636657706,0.0014000066363606197,0.0021790360126845115,0.0024700385212626987,0.0020000196765180434,0.001299964390634737,0.0034919484256855995,1.193798931733566e-4,0,1e-4,0.0024998986143967557,1.5603704753839508e-4,0.0012936677557542843,0,0,0,0,0,0,0,0,0,0,0,0,1e-4,1.9999929218823546e-4,2.999943815739281e-4,7.690138216153169e-4,4.000009258316283e-4,2.0000247834545657e-4,2.0000281096275475e-4,3e-4,3.9999835645256727e-4,5.533276957169082e-4,1.999989534056181e-4,1.9999602401494972e-4,5.999919781806514e-4,1.9999999999999998e-4,3.368583614793807e-4,0.0013999870677577648,0.001400012357502549,0.0016000111869336614,8.999996979664079e-4,0.002628688383096384,0.003937536290423589,1.9999999999999998e-4,0.0010965263099773723,2.9999311342194065e-4,0,3.4661167382329176e-6,0.002709234196997953,8.805895995927446e-4,8.999934955119031e-4,6.999941342092914e-4,6.000214868929952e-4,7.000011617505257e-4,8.999962468097882e-4,4.999937012635265e-4,0.0013000034916607502,0.001499964904892258,0.0015000184345389522
KAZ,4.157783941738371e-4,5.149879706092724e-4,0.0011399793695820357,7.506393365562509e-4,0.0025099917875718585,0.0013900086630089516,9.782837932366542e-4,8.44171238476316e-4,0.0028742480209040127,5.612182406278379e-4,3.2999879019182877e-4,4.08769028227842e-4,6.460688170036566e-4,6.109953164518586e-4,1.8239036123786118e-4,4.246589343609425e-4,1.899982917106236e-4,1.2999585234342597e-4,3.799981750159686e-4,0.0013391190712748178,0.0021500443918319027,0.001336936393108059,0.0018351782174596627,0.008699995133346312,0.0013499586692574423,0.003549847921595133,1.193798931733566e-4,0,1.9999999999999998e-4,0.0019812390193210184,1.5603704753839508e-4,0.0012936677557542843,0,0,0,0,0,0,0,0,0,0,0,0,1.2896196326463104e-5,1.8999785999100323e-4,2.699979580612611e-4,5.334841739916137e-4,3.6000035552079355e-4,2.0000761208799575e-4,2.700003825993802e-4,8.999651142508286e-4,7.300030772386911e-4,5.533276957169082e-4,2.5999606846154147e-4,3.19996591974099e-4,6.599994651977432e-4,6.999707632985619e-4,5.277853902078506e-4,0.001600009308468088,0.0021999880025194707,0.0020700028731261305,0.0018500087774923602,0.0010415114881176016,0.0038298488478355187,3.4001232219870884e-4,0.0011000035437116835,9.438757007629237e-5,0,3.4661167382329176e-6,0.004570964622492149,5.546199645004086e-4,0.0011300087379852702,6.499962646346278e-4,0.0016,9.499770009199631e-4,4.3000273747604705e-4,0.004120064152195554,0.001,0.0016431024154574545,0.0015000020054761122
KEN,0.0010230618739324735,6.999971595347317e-4,0.001100010950104026,0.0010786052532220426,0.0025093168630957825,0.0013899323245380579,0.0013973718017555794,0.001233387699807023,0.0011998840022647485,5.00006936833197e-4,0.0011800168762644491,4.2501052237758967e-4,6.616544392570586e-4,8.973097409537547e-4,1e-4,1.9999311342194066e-4,2.000009395118766e-4,1.899941600155733e-4,3.99990478306408e-4,0.0010893447259519486,0.001699983705393515,0.001701581981789781,0.001457048208937292,0.002792082821780535,0.0013599864188099484,0.0034919484256855995,1.193798931733566e-4,0,2.1999561307304232e-4,0.0018999634998435708,1.5603704753839508e-4,0.0012936677557542843,0,0,0,0,0,0,0,0,0,0,0,0,1.2896196326463104e-5,4.1112319403448813e-4,4.1428123568138523e-4,5.951718473309477e-4,3.274973432518597e-4,1.9999795060969363e-4,2.0000550941421153e-4,9e-4,3.999952944498035e-4,5.000170169318472e-4,3e-4,2.8570966848277774e-4,6.999770799908321e-4,7.00002190004818e-4,5.594370494381805e-4,0.0018999781482728275,0.0018499932184999322,0.0019499856597612903,0.0011999622712695719,0.002667928228777398,0.0142979419440923,2.999989432191658e-4,0.0016000202778059414,9.438757007629237e-5,0,3.4661167382329176e-6,0.004600151753726748,0.001805211623613901,5.999960973325268e-4,2.9999519738737874e-4,0.0013999969068019427,8.750074388526314e-4,3.9999707999357597e-4,0.0018036702865826747,0.0012596271006307383,0.0016431024154574545,0.0015000020054761122
KGZ,4.157929441254045e-4,5.150039658059399e-4,0.0011400153301456362,7.50644659267758e-4,0.0025099766400622932,0.0013900161030595813,7.39126578589905e-4,8.44171238476316e-4,0.001850289384833478,5.612182406278379e-4,3.2999939154596577e-4,4.08769028227842e-4,6.460688170036566e-4,6.109953164518586e-4,1.8239036123786118e-4,4.246589343609425e-4,1.9e-4,1.3000000000000002e-4,3.799977538185085e-4,0.0021200131401248315,0.00214997926171713,0.001336936393108059,0.0028784076924181987,0.002467580621915937,0.0013500425842559922,0.0034919484256855995,1.193798931733566e-4,0,5.311986377230133e-4,0.0019812390193210184,1.5603704753839508e-4,0.0037099672437997193,0,0,0,0,0,0,0,0,0,0,0,0,1.2896196326463104e-5,1.9000065475656395e-4,2.7000073871611145e-4,6.259127220687064e-4,3.5999911921433915e-4,1.9999999999999998e-4,2.7000103302227883e-4,8.999980376381012e-4,7.300051355515313e-4,5.533276957169082e-4,2.600096468099557e-4,3.200044986095207e-4,6.599951869083909e-4,6.999974235436581e-4,3.356854640736693e-4,0.0015999880867793032,0.0022000143057130887,0.002069966462356887,0.001850011133377867,0.001009106595744336,0.003871958775241176,3.399891940144236e-4,0.001100009124920157,9.438757007629237e-5,0,3.4661167382329176e-6,0.004571504355026546,6.076209732861613e-4,0.001129963217957182,6.499855921621361e-4,0.0015999999999999999,9.500102385584109e-4,4.29987590335061e-4,0.0018036702865826747,0.001,0.0016431024154574545,0.0015000020054761122
KHM,0.000544697026268,0.000466666504342,0.00105427721152,0.000819422839939,0.00250952188056,0.00103739051666,0.00073912657859,0.000844171238476,0.0023260610945,0.00109999688102,0.000600000557441,0.000469582615558,0.000530713555199,0.000493285031554,0.000187466318152,0.000346438810578,0.000190000483851,0.00016999877235,0.000442789321645,0.00244637302376,0.00556842205866,0.00164695039853,0.00175989054997,0.00266667947388,0.00133333768559,0.00351128824828,0.000119379893173,0,0.000420799775955,0.0012604204465,0.000156037047538,0.00129366775575,0,0,0,0,0,0,0,0,0,0,0,0,4.1930797551e-05,0.000202507582982,0.000271699733185,0.000670687547816,0.000373339486856,0.000206628394238,0.00026088142764,0.000618143248839,0.000619999551092,0.000553327695717,0.000240002963318,0.000280001279802,0.000657477100247,0.000533328791109,0.000403258154989,0.00153334248686,0.00373327704895,0.00191334151285,0.00153329931753,0.00255440524731,0.00290373699043,0.000293623691281,0.00109768768286,0.000162924381873,0,3.46611673823e-06,0.00395482677016,0.00115138936159,0.00105332803259,0.000668461134133,0.00120001097472,0.00076666743643,0.000568838843616,0.00257581758006,0.00108654236688,0.0015954076937,0.00150000200548
KIR,0.000544697026268,0.000466666504342,0.00105427721152,0.000819422839939,0.00250952188056,0.00103739051666,0.00073912657859,0.000844171238476,0.0023260610945,0.00109999688102,0.000600000557441,0.000469582615558,0.000530713555199,0.000493285031554,0.000187466318152,0.000346438810578,0.000190000483851,0.00016999877235,0.000442789321645,0.00244637302376,0.00556842205866,0.00164695039853,0.00175989054997,0.00266667947388,0.00133333768559,0.00351128824828,0.000119379893173,0,0.000420799775955,0.0012604204465,0.000156037047538,0.00129366775575,0,0,0,0,0,0,0,0,0,0,0,0,4.1930797551e-05,0.000202507582982,0.000271699733185,0.000670687547816,0.000373339486856,0.000206628394238,0.00026088142764,0.000618143248839,0.000619999551092,0.000553327695717,0.000240002963318,0.000280001279802,0.000657477100247,0.000533328791109,0.000403258154989,0.00153334248686,0.00373327704895,0.00191334151285,0.00153329931753,0.00255440524731,0.00290373699043,0.000293623691281,0.00109768768286,0.000162924381873,0,3.46611673823e-06,0.00395482677016,0.00115138936159,0.00105332803259,0.000668461134133,0.00120001097472,0.00076666743643,0.000568838843616,0.00257581758006,0.00108654236688,0.0015954076937,0.00150000200548
KOR,8.02523905132053e-4,3.9999846423523824e-4,0.0010999967117161552,6.119344441223118e-4,0.002510019345183779,0.001322162746738399,8.524105573551414e-4,8.44171238476316e-4,0.0015268387655889214,9.000014484147101e-4,4.0000080175745233e-4,4.000024728909331e-4,6.460688170036566e-4,9.90776781181249e-4,1.8239036123786118e-4,4.246589343609425e-4,1.9000046251329726e-4,1.3000043738791936e-4,4.999918890420958e-4,0.001850001586948932,0.001400048667721134,0.0024060816705018624,0.002096337713235712,0.0019999999999999996,0.0012999711843242725,0.0016000033796343236,1.193798931733566e-4,0,9.999999999999999e-5,0.0025000618658747834,1.5603704753839508e-4,8.000125344697919e-4,0,0,0,0,0,0,0,0,0,0,0,0,9.999999999999999e-5,1.999981322550219e-4,3.000021465522793e-4,8.598539808716618e-4,3.9999078096730696e-4,2e-4,1.9999762526715746e-4,3.0000588708569635e-4,4.000000000000001e-4,5.533276957169082e-4,1.9999480060313004e-4,1.9999999999999998e-4,6.574771002473922e-4,2e-4,3.37133176400034e-4,0.001400013218479434,0.0014000285174491141,0.0016000081626444,8.99988394053535e-4,0.0014498911858267021,0.0040293901924670535,2e-4,9.999999999999999e-5,3.0000588708569635e-4,0,3.4661167382329176e-6,0.002769756259084572,8.818673890508284e-4,8.999621068586587e-4,7.00022140673359e-4,6.000069165062421e-4,7e-4,9.000127697612054e-4,4.999956861966922e-4,0.001299973764944612,0.0014999771876996076,0.0014999979178552242
KWT,0.0015491432808077009,5.149980921356121e-4,0.0011399945250479056,0.0020099925143185417,0.0025093168630957825,0.001322162746738399,7.39126578589905e-4,8.44171238476316e-4,0.0027000167308014055,5.612182406278379e-4,3.300068879559171e-4,6.099982011741427e-4,6.460688170036566e-4,6.109953164518586e-4,1.8999900454590705e-4,4.246589343609425e-4,1.9000441367300575e-4,1.2999633439661829e-4,3.79998009091814e-4,0.0021199813621185057,0.002149990875079843,0.0023017211078024263,0.0012701574945899862,0.002467580621915937,0.0013499954375399213,0.0035499963265006244,1.193798931733566e-4,0,1.999969078540507e-4,8.999810390595374e-4,1.5603704753839508e-4,0.003710034043449268,0,0,0,0,0,0,0,0,0,0,0,0,1.2896196326463104e-5,1.900017844464609e-4,2.700022816127743e-4,6.069450779826422e-4,3.599977155089444e-4,2.0000321962684525e-4,2.699980156645773e-4,8.999956391862722e-4,7.300006580534778e-4,5.533276957169082e-4,2.600020198047168e-4,3.2000618967484865e-4,6.600161100439927e-4,6.999833935317806e-4,4.320677344641446e-4,0.0015999675178467287,0.0021999853627055043,0.001815503263780918,0.0018500266612405515,0.0022,0.003771383013179859,3.4000047006839493e-4,0.001100009124920157,9.438757007629237e-5,0,3.4661167382329176e-6,0.00456989247311828,6.059952534607463e-4,0.0011300159012253297,6.499818774918449e-4,0.0015999375352865567,9.500106814783166e-4,4.2999445573831086e-4,0.00411996426596333,0.001,0.0016431024154574545,0.0015000020054761122
LAO,4.157711744753586e-4,5.000052859436859e-4,9.228608220782025e-4,7.506518190014376e-4,0.0025093168630957825,0.001322162746738399,7.39126578589905e-4,8.44171238476316e-4,0.002699922660479505,0.0011999988354472392,7.000012840761714e-4,4.999788184458388e-4,6.460688170036566e-4,6.109953164518586e-4,1.900036607049472e-4,4.246589343609425e-4,1.9000142110262608e-4,1.8999866927741765e-4,4.2837526447038086e-4,0.0029999999999999996,0.001705528972884456,0.0012000000000000001,0.002258156683223864,0.0030000384216390674,0.001350001738102687,0.0034919484256855995,1.193798931733566e-4,0,5.311986377230133e-4,8.999967699215091e-4,1.5603704753839508e-4,0.0012936677557542843,0,0,0,0,0,0,0,0,0,0,0,0,1.2896196326463104e-5,2.1752769350244432e-4,2.4509583108551467e-4,6.493782130041224e-4,3.5999863619122307e-4,1.9999658434948934e-4,2.700090186111339e-4,6.54442536727919e-4,7.299931908227815e-4,5.533276957169082e-4,2.6000202778059413e-4,3.1999999999999997e-4,6.574771002473922e-4,6.99991239980728e-4,5.499572941640479e-4,0.0015999708632667743,0.004899923360721478,0.0020700228651484914,0.0018499216773105193,0.0025780407003654906,0.0032551034689593124,3.408806434550119e-4,0.0010965263099773723,9.438757007629237e-5,0,3.4661167382329176e-6,0.0045733024578270874,0.0011110520345952077,0.001129974145239512,6.553842556551267e-4,0.0015000103107665023,8.000075568654122e-4,6.53258265424089e-4,0.0018036702865826747,0.001,0.0016431024154574545,0.0015000020054761122
LBN,0.0015491284900381608,5.149860339578822e-4,0.00114002155247332,0.0020099706222736578,0.0025093168630957825,0.0013899748560304973,7.39126578589905e-4,8.44171238476316e-4,0.0015781404204178156,4.800008690551198e-4,3.3000232743840335e-4,6.100077533249835e-4,6.460688170036566e-4,3.6221489941685927e-4,1.8239036123786118e-4,4.246589343609425e-4,1.9000240932658035e-4,1.2999736145178785e-4,3.7999594443881177e-4,0.002120012075305999,0.0021500102817191033,0.0022494483696901737,0.006156181270548941,0.008699995133346312,0.0013499914719426913,0.0034919484256855995,1.193798931733566e-4,0,2e-4,9.000014777378789e-4,1.5603704753839508e-4,0.0037099672437997193,0,0,0,0,0,0,0,0,0,0,0,0,1.2896196326463104e-5,1.9000254967059904e-4,2.700047466083827e-4,6.12855380552708e-4,3.60004109342762e-4,1.9999893430524697e-4,2.7001296386323123e-4,6.54442536727919e-4,7.299852532182797e-4,5.533276957169082e-4,2.6000095487170236e-4,3.2001416215669414e-4,6.599999999999999e-4,6.999857262290736e-4,4.17645622997941e-4,0.0016000030028677386,0.002200105586297245,0.002069991523029104,0.0018500003917666322,0.0025780407003654906,0.0037115147083764404,3.399978472633335e-4,0.0011000198373338622,9.438757007629237e-5,0,3.4661167382329176e-6,0.004569980808610558,9.032759725715585e-4,0.0011300009609532655,6.500006319275053e-4,0.0016000100185342885,9.500015619630753e-4,4.300040688351164e-4,0.004120064152195553,0.001,0.0016431024154574545,0.0015000020054761122
LBR,0.00102305971284,0.000700000714758,0.000977366235391,0.00106159757482,0.00250942635052,0.00133259871805,0.00134674341689,0.0012334015082,0.00128726593751,0.000504711718789,0.00118000144518,0.000421256197396,0.000655661836716,0.000582007992767,0.000163377200952,0.000424658934361,0.00020000084914,0.000190600113335,0.000408730531426,0.0011854011289,0.00170127860611,0.00185656087029,0.00175723463064,0.00266730902493,0.0013561465709,0.00349194842569,0.000119379893173,0,0.00029181321026,0.00193124160121,0.000156037047538,0.00125042795409,0,0,0,0,0,0,0,0,0,0,0,0,1.28961963265e-05,0.000411110479467,0.000375242511054,0.000671870536849,0.00033136258278,0.000206122105388,0.000213120130837,0.000748888466148,0.000418169610618,0.00052871433078,0.000295515764061,0.000295048861112,0.000677102091882,0.000617590284508,0.00045100702032,0.00189999218522,0.00184998592003,0.00193964736586,0.00119999922657,0.00346239783022,0.0123219574608,0.00032201256279,0.00117398553887,9.43875700763e-05,0,3.46611673823e-06,0.00458844120408,0.00188825834904,0.000599995947539,0.000464022937095,0.00139998983175,0.000861217255053,0.000536370174219,0.00251639930436,0.00121968446976,0.00163209102776,0.00150000200548
LCA,4.1578202947203274e-4,5.150022567161835e-4,9.228608220782025e-4,7.506497508860239e-4,0.0025093168630957825,0.001390005242005941,7.39126578589905e-4,8.44171238476316e-4,0.0015781404204178156,4.8000082898118216e-4,3.300003843022992e-4,6.099941373245508e-4,3.200018587648507e-4,5.120142906323203e-4,1.8239036123786118e-4,4.246589343609425e-4,1.900023519115737e-4,1.3000030672024048e-4,3.8000511004854546e-4,0.002120063376562408,0.0021500589236611235,0.002129546509663773,0.002258156683223864,0.008699881376037959,0.0013499949305485147,0.0035500184343124006,1.193798931733566e-4,0,2.00003590406434e-4,0.0019812390193210184,1.5603704753839508e-4,0.00370987365465606,0,0,0,0,0,0,0,0,0,0,0,0,1.2896196326463104e-5,1.9000419991600171e-4,2.6999881527505366e-4,8.07551158520521e-4,3.599903718948895e-4,1.9999746880299695e-4,2.6999680689710224e-4,8.999810090523516e-4,0.00073000693851157125,5.399997009927043e-4,2.600005196762417e-4,3.2e-4,6.599994436253373e-4,6.999947624783952e-4,4.0114040160084993e-4,0.0015999624642237132,0.002200057131974862,0.002070014573976741,0.0018500187873781925,0.0025780407003654906,0.0029994744876526334,3.408806434550119e-4,0.0011000121669302834,9.438757007629237e-5,0,3.4661167382329176e-6,0.004569990846422212,6.530086230079594e-4,0.0011299992926363444,6.50021550397143e-4,0.0015999999999999999,9.499999999999999e-4,4.300040688351164e-4,0.00412011945581241,0.001,0.0016431024154574545,0.0015000020054761122
LKA,6.920441316000394e-4,3.49756709112043e-4,9.228608220782025e-4,9.569804597188345e-4,0.0025093168630957825,0.0016000292002774025,6.366931441351122e-5,8.44171238476316e-4,0.0028757881836690325,5.612182406278379e-4,3.8679962403197356e-4,4.08769028227842e-4,6.460688170036566e-4,6.109953164518586e-4,1.8999456607477782e-4,1.899951334252575e-4,1.8999443655239091e-4,1.300008902341316e-4,4.2837526447038086e-4,0.0013391190712748178,0.001705528972884456,8.976201128677174e-6,1.8197782714459846e-6,0.002467580621915937,0.0013098437397964734,0.0034919484256855995,1.193798931733566e-4,0,9.999968229190384e-4,0.003399966047024871,1.5603704753839508e-4,0.00529995320542817,0,0,0,0,0,0,0,0,0,0,0,0,1.2896196326463104e-5,2.1752769350244432e-4,2.4509583108551467e-4,6.345299667524162e-5,3.5999272815416316e-4,2.1989215070063872e-4,2.4263488170914055e-4,6.54442536727919e-4,6.362196083924689e-4,5.533276957169082e-4,2.6000000000000003e-4,3.1999794541656674e-4,6.599983956039548e-4,5.214454796093713e-4,1.2107127681315657e-6,0.001621420660911001,0.0017868129233028895,0.001815503263780918,0.001513548176176199,0.0025780407003654906,0.003476615506376532,3.400082854331728e-4,0.0010965263099773723,9.438757007629237e-5,0,3.4661167382329176e-6,5.745833458989139e-6,6.415666141059425e-4,0.0011299885081487672,6.500027288107843e-4,0.0012920247912419386,6.95869772096584e-4,6.53258265424089e-4,0.00412011945581241,9.999999999999998e-4,0.0015000101389029707,0.0015000020054761122
LSO,0.00102305650042,0.000700001322494,0.0010240862964,0.00105179267967,0.00250941368259,0.00137062181086,0.00125632365956,0.00114999341521,0.00140252243447,0.000508748852394,0.00118000514658,0.000424997565215,0.000656088053277,0.000622369831358,0.000141195180619,0.000376517387098,0.000199998936792,0.000189999324937,0.000414186176985,0.00112501943901,0.00170157905509,0.00174014757097,0.00245247411687,0.00272259160959,0.00135999920293,0.00350439165274,0.000119379893173,0,0.000286684873924,0.00193481004337,0.000156037047538,0.00122006734953,0,0,0,0,0,0,0,0,0,0,0,0,1.28961963265e-05,0.000411111307257,0.000402201595239,0.000916299236814,0.000327499909107,0.00020852481232,0.000206090212003,0.000829845597174,0.000416873064254,0.000526664269613,0.000299999251781,0.0002857136604,0.000687847373151,0.00069999772336,0.000407198767313,0.00190000306403,0.00185000993777,0.00194039664313,0.00119999975408,0.0032098539761,0.0116105935759,0.000317521062392,0.00152809174347,9.43875700763e-05,0,3.46611673823e-06,0.00458723555958,0.00185289572717,0.000599998320364,0.000325384283468,0.00140000994407,0.000875001971697,0.000436177624215,0.00296185578647,0.00114835834322,0.00164310241546,0.00150000200548
LTU,4.1578063387487596e-4,5.149999436727613e-4,0.0011399900755361967,7.506299972000124e-4,0.002510000888967908,0.0013899858787487136,7.39126578589905e-4,8.44171238476316e-4,0.0015677470498808683,5.612182406278379e-4,3.299986778478418e-4,4.08769028227842e-4,6.460688170036566e-4,6.109953164518586e-4,1.8239036123786118e-4,4.246589343609425e-4,1.9000359380834815e-4,1.3000034787355599e-4,3.8000101389029704e-4,0.0013391190712748178,0.0021499612145390074,0.001336936393108059,0.003498767828542442,0.008699881376037959,0.0013499608933692534,0.0034919484256855995,1.193798931733566e-4,0,2.0000206449481814e-4,0.0019812390193210184,1.5603704753839508e-4,0.0012936677557542843,0,0,0,0,0,0,0,0,0,0,0,0,1.2896196326463104e-5,1.9000072092855596e-4,2.700004058935747e-4,7.235824105835855e-4,3.5999871569500965e-4,2e-4,2.6999635797768433e-4,9.000353232073472e-4,7.299969628454764e-4,5.400051636222811e-4,2.600032552966389e-4,3.200091365920512e-4,6.599817684594349e-4,6.999984791568446e-4,3.029002784077913e-4,0.0016,0.0021999911732903765,0.002070057651978356,0.0018499937164724526,0.007432117040981283,0.0032727898828111847,3.400020259319287e-4,0.0010999827761225753,9.438757007629237e-5,0,3.4661167382329176e-6,0.004581612995550331,5.338967796666302e-4,0.0011299982315839114,6.500053532371789e-4,0.0016000063026492793,9.500119019281124e-4,4.299910516648613e-4,0.00412000737372496,0.001,0.002499961978921114,0.0015000020054761122
LUX,4.1577849025118075e-4,5.150008528057308e-4,0.0011399920156645058,7.506603115992539e-4,0.0025100259220942264,0.001389963412823849,7.39126578589905e-4,8.44171238476316e-4,0.0013305574787156145,5.612182406278379e-4,3.300016029125397e-4,6.099820268215126e-4,6.460688170036566e-4,6.109953164518586e-4,1.8239036123786118e-4,4.246589343609425e-4,1.8999832540484888e-4,1.2999929643677205e-4,3.8000768442622947e-4,0.0021199987117690635,0.001705528972884456,0.001336936393108059,0.002258156683223864,0.008699995133346312,0.0013499525512811153,0.0034919484256855995,0.0026100302952878052,0,2e-4,0.0019812390193210184,1.5603704753839508e-4,0.0012936677557542843,0,0,0,0,0,0,0,0,0,0,0,0,1.2896196326463104e-5,1.8999431379025037e-4,2.700013908918545e-4,8.819682638829154e-4,3.5999794109842405e-4,2e-4,2.7000712419852766e-4,9e-4,7.299983705393515e-4,5.400119943299531e-4,2.599931547846961e-4,3.1999549566457715e-4,6.599816639926656e-4,7.000081869908716e-4,2.7495439838309664e-4,0.0015999948050711163,0.0021999999999999997,0.0020699335776639726,0.0018500075017682741,0.0021826621107074056,0.005561349009910433,3.400036784991723e-4,0.0010999957058815109,9.438757007629237e-5,0,3.4661167382329176e-6,0.004587615881937481,5.771838650975202e-4,0.0011299803672479502,6.500007411469992e-4,0.0016000507842707265,9.500156608895385e-4,4.300077546327245e-4,0.0041199006171355294,9.999999999999998e-4,0.0024999662038852014,0.0015000020054761122
LVA,4.1577900758831796e-4,5.149969018666254e-4,0.0011400003979185245,7.506295441310032e-4,0.002509948483446644,0.001389965605721461,7.39126578589905e-4,8.44171238476316e-4,0.0018069478723996512,5.612182406278379e-4,3.300013239772276e-4,4.08769028227842e-4,6.460688170036566e-4,6.109953164518586e-4,1.8239036123786118e-4,4.246589343609425e-4,1.900008748216793e-4,1.2999859456510056e-4,3.7998648191956737e-4,0.0013391190712748178,0.001705528972884456,0.001336936393108059,0.0024952051849315,0.008699995133346312,0.0013499999999999999,0.0034919484256855995,1.193798931733566e-4,0,1.9999999999999998e-4,8.999895713838773e-4,1.5603704753839508e-4,0.003710029636562159,0,0,0,0,0,0,0,0,0,0,0,0,1.2896196326463104e-5,1.90000125500433e-4,2.69999369602219e-4,7.296378305017306e-4,3.5999910632498496e-4,2e-4,2.7e-4,9.000075962828856e-4,7.300000742594476e-4,5.399959890367003e-4,2.6000145211645977e-4,3.1999312950875986e-4,6.600150413637504e-4,7e-4,3.76181667223164e-4,0.0016000266560042649,0.0022000102978657673,0.002070055940877958,0.0018499933610693108,0.0025780407003654906,0.007009948712547052,3.3999377407681233e-4,0.0011000075598646783,9.438757007629237e-5,0,3.4661167382329176e-6,0.004570164032252156,5.536200063169561e-4,0.0011299897645854658,6.499959184784088e-4,0.0015999755922402098,9.500018669952577e-4,4.299981361829026e-4,0.0041199632788045705,0.001,0.0025000456246007845,0.0015000020054761122
MAR,5.541410311438763e-4,5.15013991969826e-4,0.0011399545560563083,7.506470160151525e-4,0.002510037717483879,0.0013900213387241691,9.78295849557196e-4,1.5000048325520708e-4,0.0015781404204178156,5.612182406278379e-4,3.3000026693003764e-4,6.100193566227302e-4,6.460688170036566e-4,6.109953164518586e-4,1.8239036123786118e-4,4.246589343609425e-4,1.8999930130190744e-4,1.3000052143080613e-4,3.800107353730542e-4,0.002119985400006636,0.002149976602714085,0.0028452616690240453,0.010257546379155073,0.002467580621915937,0.0013500018250173376,0.0034919484256855995,1.193798931733566e-4,0,2.0000233975596345e-4,9.000101389029707e-4,1.5603704753839508e-4,0.0012936677557542843,0,0,0,0,0,0,0,0,0,0,0,0,1.2896196326463104e-5,1.9000783343075126e-4,2.7000357092754845e-4,7.597483905034464e-4,3.5999811741081235e-4,1.9999095759110224e-4,2.700040672451193e-4,9.00005943183169e-4,7.300106287510899e-4,5.533276957169082e-4,2.60000631535737e-4,3.199915469146238e-4,6.599936528086321e-4,7.000115021364153e-4,3.871522202712779e-4,0.0016000196261223688,0.002199966200891229,0.002069980879541109,0.001850003704738075,0.002122727018878147,0.0037494425470157317,3.4000865741690015e-4,0.001099990875079843,9.438757007629237e-5,0,3.4661167382329176e-6,0.004570024880893437,6.390836920737377e-4,0.0011300134399094576,6.500000000000001e-4,0.0016000032263008043,9.499890805852807e-4,4.300037469152551e-4,0.00412004934700302,0.001,0.0016431024154574545,0.0015000020054761122
MDA,4.1577851228519875e-4,5.150012943308309e-4,0.001140048668032787,7.506482719922889e-4,0.002509975563735346,0.0013900069053960737,7.39126578589905e-4,8.44171238476316e-4,0.0015781404204178156,5.612182406278379e-4,3.300033257025143e-4,4.08769028227842e-4,6.460688170036566e-4,6.109953164518586e-4,1.8239036123786118e-4,4.246589343609425e-4,1.8999606276595595e-4,1.2999795087216003e-4,3.800033692722372e-4,0.0013391190712748178,0.0021500089461442117,0.001336936393108059,0.002782342421275628,0.002467580621915937,0.0013499960326906293,0.0034919484256855995,1.193798931733566e-4,0,1.999929809784516e-4,8.999908750798429e-4,1.5603704753839508e-4,0.0012936677557542843,0,0,0,0,0,0,0,0,0,0,0,0,1.2896196326463104e-5,1.8999334506961452e-4,2.6999319049282236e-4,7.018207033954667e-4,3.600012336731075e-4,2e-4,2.700020255215718e-4,9.000353232073472e-4,7.299925205684367e-4,5.533276957169082e-4,2.6000240925152585e-4,3.199907982516678e-4,6.600084230792371e-4,6.999876492259679e-4,3.231209812544088e-4,0.0015999999999999999,0.0022000173777044054,0.002070012439057461,0.0018499976072063583,0.0014480711674904666,0.0033367951160064068,3.399979735891114e-4,0.0010999854000389333,9.438757007629237e-5,0,3.4661167382329176e-6,0.004569976643831055,8.467953630057749e-4,0.0011299998216737698,6.499969015306439e-4,0.0016000000000000003,9.499977835896982e-4,4.3000129777431704e-4,0.00412011945581241,0.001,0.0016431024154574545,0.0015000020054761122
MDG,0.0010230443851203966,6.999950933273843e-4,9.228608220782025e-4,0.001078606760369703,0.002510019345183779,0.001322162746738399,7.39126578589905e-4,0.0012333872756751922,0.0012000044341965235,5.000113264509698e-4,0.0011799604482531313,4.249959829177822e-4,6.460688170036566e-4,2.999992131993674e-4,1e-4,4.246589343609425e-4,1.9999901217982276e-4,1.8999197021680417e-4,3.9999999999999996e-4,0.0010893419738223918,0.0017000194666147556,0.001829791398883226,0.0018001464606055017,0.0027921670255867427,0.0013599958285535508,0.0034919484256855995,1.193798931733566e-4,0,2.2e-4,0.0019812390193210184,1.5603704753839508e-4,0.0012936677557542843,0,0,0,0,0,0,0,0,0,0,0,0,1.2896196326463104e-5,4.1110869645876515e-4,4.1428032141508926e-4,9.377080923116338e-4,3.275032075955863e-4,2.000022553508198e-4,2.0000226055112236e-4,9.00009468800303e-4,3.9999494955871766e-4,5.533276957169082e-4,3.0000858295425284e-4,2.8572169313998303e-4,6.574771002473922e-4,7.000000000000001e-4,3.892412586604673e-4,0.0019000437004168347,0.0018499842915488532,0.0019499924525046904,0.0011999931503330651,0.002680536843285681,0.014797572883505871,3.408806434550119e-4,0.0010965263099773723,9.438757007629237e-5,0,3.4661167382329176e-6,0.004478809061585089,0.001800147121440724,5.999785107983239e-4,3.0000369439929075e-4,0.0013999656313098765,8.749857289644936e-4,3.999955076874698e-4,0.00412011945581241,0.0012596271006307383,0.0014999543753992151,0.0015000020054761122
MDV,0.0015491280496823072,5.149991987454643e-4,0.0011400153301456362,0.0020099868194261386,0.0025093168630957825,0.001390010950237255,0.002710771773260618,8.44171238476316e-4,0.0015781404204178156,4.79995320542817e-4,3.2999273029390384e-4,6.099955918007494e-4,3.2000242527132727e-4,5.835629749872118e-4,1.8239036123786118e-4,4.246589343609425e-4,1.8999679786755287e-4,1.2999944975330608e-4,3.8000351479593907e-4,0.0021199927000638743,0.0021500136873802353,0.0022864765974667757,0.0017005817346362564,0.008699873467004089,0.001349984357075816,0.003549967893473926,1.193798931733566e-4,0,1.9999846908704008e-4,8.999908750798429e-4,1.5603704753839508e-4,0.0012936677557542843,0,0,0,0,0,0,0,0,0,0,0,0,1.2896196326463104e-5,1.899992514771254e-4,2.7000515433579515e-4,7.241195521468405e-4,3.600076056387852e-4,2.000063433664246e-4,2.6999394581504467e-4,9.000201267988327e-4,7.299916859930862e-4,5.533276957169082e-4,2.6000006897193876e-4,3.200004203756056e-4,6.600090042156101e-4,7.00004273139048e-4,2.7834199982736097e-4,0.001599961682153463,0.0021999999999999997,0.002070006952894142,0.001850011133377867,0.0024608682746656103,0.005553947378081312,3.408806434550119e-4,0.0010965263099773723,9.438757007629237e-5,0,3.4661167382329176e-6,0.004570103775146694,0.0012543319678415738,0.0011299945431395137,6.500022869688516e-4,0.0015999738762004024,9.500040691207986e-4,4.2999869058530835e-4,0.004119924235092425,0.001,0.0016431024154574545,0.0015000020054761122
MEX,0.0017012974191697847,6.000000000000001e-4,9.228608220782025e-4,0.001400001575584739,0.0022000219002080517,0.0012000391083300743,7.39126578589905e-4,8.44171238476316e-4,0.0029964102579530857,4.000043452755991e-4,7.000119227837171e-4,4.000050694514854e-4,6.460688170036566e-4,5.999773985761103e-4,1.900075414781297e-4,9.000042115311724e-4,1.607678832089772e-4,6.999901036785209e-4,6.999985961562759e-4,0.0019999804813303924,0.0019000156429241839,0.002393615796602537,0.0026581112877836744,0.0028998996258782737,0.0019000054478099805,0.0018999662047989184,1.193798931733566e-4,0,1.9999999999999998e-4,0.0024000398181637187,0.0022000224618149147,0.0012936677557542843,0,0,0,0,0,0,0,0,0,0,0,0,1.2896196326463104e-5,5.999936209669703e-4,3.999971425033576e-4,8.134212977146222e-4,4.000026520978094e-4,3.9999909595530404e-4,3.999947586351486e-4,6.00018445079775e-4,5.00013334704903e-4,5.533276957169082e-4,4.0000234220835117e-4,5.000060062224465e-4,0.001,4.999894977840324e-4,6.914858404391837e-4,0.0018999955853256226,0.001899995017190692,0.002099999584339578,0.0016000038955600354,0.0013312630851817077,0.01520538101034881,4.999823819591262e-4,0.001400048667721134,9.438757007629237e-5,0,3.4661167382329176e-6,0.0029003336627360316,5.84177999550231e-4,7.000134734572892e-4,0.0010499679824833201,0.0010999917293854934,4.999782011596983e-4,6.000172786177106e-4,7.000050275678304e-4,0.001899994431761234,0.004199972625239529,0.0015000020054761122
MKD,4.157820101021443e-4,5.150070899637624e-4,9.228608220782025e-4,7.506556773775241e-4,0.002509995852343426,0.0013899857318246673,7.39126578589905e-4,8.44171238476316e-4,0.0015781404204178156,5.612182406278379e-4,3.2999950089796073e-4,4.08769028227842e-4,6.460688170036566e-4,6.109953164518586e-4,1.8239036123786118e-4,4.246589343609425e-4,1.9000143459296437e-4,1.3000062216138864e-4,3.7998648191956737e-4,0.0021200333425951652,0.002150008147303243,0.002233964032867218,0.0030979924566073617,0.008699814062392397,0.0013499790765797181,0.0034919484256855995,1.193798931733566e-4,0,2e-4,9.000042115311724e-4,1.5603704753839508e-4,0.0037099776425934595,0,0,0,0,0,0,0,0,0,0,0,0,1.2896196326463104e-5,1.9000129337085327e-4,2.6999292561006894e-4,6.6553867144825e-4,3.5999889349056305e-4,2.000024110910187e-4,2.700014568185731e-4,8.999651142508286e-4,7.299998574219027e-4,5.399965379954993e-4,2.6000360722475585e-4,3.200049786850048e-4,6.599994651977432e-4,6.99994892581707e-4,2.9153726953397936e-4,0.0016000289321621165,0.0021999704840613933,0.0020699700921781032,0.0018499821892015674,0.0025780407003654906,0.007993323257638078,3.3999589442181575e-4,0.0010999975666731556,9.438757007629237e-5,0,3.4661167382329176e-6,0.0045699874684793735,7.457001735565155e-4,0.0011299934706475929,6.499933297758804e-4,0.0016000350180926813,9.499567915782858e-4,4.299980533385245e-4,0.004119924235092424,0.001,0.0016431024154574545,0.0015000020054761122
MLI,0.001023072512488611,7.000269947949472e-4,9.228608220782025e-4,0.0010250015264394842,0.0025093168630957825,0.001322162746738399,0.0013974050013348758,0.0012333883073284647,0.0011999260628465802,5e-4,0.0011800138833944153,4.250092733792194e-4,6.616497083662994e-4,6.109953164518586e-4,1.8239036123786118e-4,4.246589343609425e-4,1.9999999999999998e-4,1.8999895713838773e-4,3.9999999999999996e-4,0.0013391190712748178,0.0017000208572322453,0.0014853932765633666,0.0013012505848740523,0.0027921720575022463,0.0013600067385444743,0.0034919484256855995,1.193798931733566e-4,0,2.2000140385357807e-4,0.001899990875079843,1.5603704753839508e-4,0.0011999724745389484,0,0,0,0,0,0,0,0,0,0,0,0,1.2896196326463104e-5,4.1111466569169596e-4,4.14288188764218e-4,4.142621733017514e-4,3.2749605519631197e-4,2e-4,2.4263488170914055e-4,6.54442536727919e-4,3.999991272968456e-4,5.533276957169082e-4,2.9999688036187803e-4,2.857103097292354e-4,6.574771002473922e-4,7.00002190004818e-4,3.04670269423427e-4,0.0018999882280778928,0.0018499813143985906,0.0019499758483274966,0.0012000117423723506,0.0026287449531113482,0.011648577266118709,3.408806434550119e-4,0.0010965263099773723,9.438757007629237e-5,0,3.4661167382329176e-6,0.00460009765625,0.00194235861442402,6.000023677605721e-4,6.553842556551267e-4,0.0014000147297098249,0.00087500300560244295,3.9999707999357597e-4,0.0018036702865826747,0.0012596271006307383,0.0016431024154574545,0.0015000020054761122
MLT,4.157747930063696e-4,5.149954684024058e-4,0.0011400153301456364,7.506406530157769e-4,0.0025099698538655997,0.0013900056425447877,7.39126578589905e-4,8.44171238476316e-4,0.0015781404204178156,5.612182406278379e-4,3.3000221612232997e-4,6.100377401002648e-4,6.460688170036566e-4,6.109953164518586e-4,1.8239036123786118e-4,4.246589343609425e-4,1.9000233593837384e-4,1.2999917045339332e-4,3.7999503598907917e-4,0.0021200042014600075,0.002149976602714085,0.00320921551448819,0.003514196668789826,0.008699881376037959,0.0013499775617053106,0.003549967893473926,1.193798931733566e-4,0,2.0000754773945203e-4,9.000045625294664e-4,1.5603704753839508e-4,0.0012936677557542843,0,0,0,0,0,0,0,0,0,0,0,0,1.2896196326463104e-5,1.8999806242462976e-4,2.699917000743196e-4,0.0010642589440906759,3.5999845651118724e-4,2.0000262487859937e-4,2.699975896146827e-4,8.999984174460744e-4,7.300002737501026e-4,5.533276957169082e-4,2.5999955917868693e-4,3.200018710824212e-4,6.600133702607202e-4,7.000000000000001e-4,3.055967837240208e-4,0.0016000111469904868,0.002199982730334168,0.0020700381313728503,0.001850009604628301,0.0020955299840372432,0.0031163568211137983,3.408806434550119e-4,0.0010999889392766286,9.438757007629237e-5,0,3.4661167382329176e-6,0.004570512680284518,7.708763645330361e-4,0.0011300120381516807,6.500019483302809e-4,0.0016000105826638328,9.500065039240342e-4,4.299966437321698e-4,0.0041199635369188695,9.999999999999998e-4,0.002500050694514854,0.0015000020054761122
MMR,0.000544697026268,0.000466666504342,0.00105427721152,0.000819422839939,0.00250952188056,0.00103739051666,0.00073912657859,0.000844171238476,0.0023260610945,0.00109999688102,0.000600000557441,0.000469582615558,0.000530713555199,0.000493285031554,0.000187466318152,0.000346438810578,0.000190000483851,0.00016999877235,0.000442789321645,0.00244637302376,0.00556842205866,0.00164695039853,0.00175989054997,0.00266667947388,0.00133333768559,0.00351128824828,0.000119379893173,0,0.000420799775955,0.0012604204465,0.000156037047538,0.00129366775575,0,0,0,0,0,0,0,0,0,0,0,0,4.1930797551e-05,0.000202507582982,0.000271699733185,0.000670687547816,0.000373339486856,0.000206628394238,0.00026088142764,0.000618143248839,0.000619999551092,0.000553327695717,0.000240002963318,0.000280001279802,0.000657477100247,0.000533328791109,0.000403258154989,0.00153334248686,0.00373327704895,0.00191334151285,0.00153329931753,0.00255440524731,0.00290373699043,0.000293623691281,0.00109768768286,0.000162924381873,0,3.46611673823e-06,0.00395482677016,0.00115138936159,0.00105332803259,0.000668461134133,0.00120001097472,0.00076666743643,0.000568838843616,0.00257581758006,0.00108654236688,0.0015954076937,0.00150000200548
MNE,4.157883765943719e-4,5.150037004642401e-4,0.001139976275207592,7.506374027960736e-4,0.0025099984401809393,0.001390006205058948,7.39126578589905e-4,8.44171238476316e-4,0.0015781404204178156,5.612182406278379e-4,3.299987087809047e-4,6.100070972320795e-4,6.460688170036566e-4,6.109953164518586e-4,1.8239036123786118e-4,4.246589343609425e-4,1.8999131215856045e-4,1.2999963781675942e-4,3.800045625641611e-4,0.0021200289650853293,0.002149985893638031,0.001336936393108059,0.0022875644164947998,0.002467580621915937,0.0013500529848110207,0.003549967893473926,1.193798931733566e-4,0,1.9999561307304232e-4,8.999908750798429e-4,1.5603704753839508e-4,0.0012936677557542843,0,0,0,0,0,0,0,0,0,0,0,0,1.2896196326463104e-5,1.8999671276269883e-4,2.7000091690706086e-4,6.388857041903526e-4,3.600081385518289e-4,2.0000722504199558e-4,2.700020255215718e-4,8.999617114961233e-4,7.300105420113398e-4,5.533276957169082e-4,2.600001494790655e-4,3.199926598770529e-4,6.599973260244668e-4,6.999900966031348e-4,3.072135257579651e-4,0.0015999790441513534,0.0022,0.0020700115403637963,0.0018499843079820065,0.0025780407003654906,0.0032225846209342876,3.399958068348592e-4,0.001100010950104026,9.438757007629237e-5,0,3.4661167382329176e-6,0.004569965801020785,6.641307590674679e-4,0.0011300386649482244,6.499933297758804e-4,0.0016000042518814575,9.499856383742639e-4,4.2999601822766887e-4,0.004119936402599197,0.001,0.0016431024154574545,0.0015000020054761122
MNG,8.025425535253069e-4,4.0000144841471013e-4,0.001099981519127703,9.569804597188345e-4,0.0025099319154909803,3.999927001970947e-4,7.39126578589905e-4,8.44171238476316e-4,0.0015013612075951747,8.999933491475825e-4,4.000003882462335e-4,4.08769028227842e-4,6.460688170036566e-4,6.109953164518586e-4,1.8239036123786118e-4,4.246589343609425e-4,1.8999899105600826e-4,1.3000033486253892e-4,4.999854003941894e-4,0.0013391190712748178,0.0013999562011825682,0.0023438500921069564,0.0010337661626188279,0.002,0.0013000056154537287,0.0034919484256855995,1.193798931733566e-4,0,5.311986377230133e-4,0.0019812390193210184,1.5603704753839508e-4,0.0012936677557542843,0,0,0,0,0,0,0,0,0,0,0,0,1e-4,1.9999582232341483e-4,3e-4,5.665479240978666e-4,4.0001371377634544e-4,2.1989215070063872e-4,2.4263488170914055e-4,3.0000560679543605e-4,4.0000538039384483e-4,5.533276957169082e-4,2.0000371219362802e-4,2.000040896450188e-4,6.574771002473922e-4,2e-4,2.537379853886226e-4,0.001400003444297105,0.001399970619929755,0.001599989570840069,8.999971932975947e-4,0.002467799388650594,0.0024001743661743397,1.9999489092116692e-4,0.0010965263099773723,0.00029999800546502583,0,3.4661167382329176e-6,0.0027000260055478503,0.001232032816139237,8.999660470248706e-4,6.999903947747575e-4,6.000041243066009e-4,6.999829970528224e-4,6.53258265424089e-4,0.0018036702865826747,0.0012596271006307383,0.0016431024154574545,0.0015000020054761122
MOZ,0.0010230692873698362,7e-4,0.001100009124920157,0.0010785920528532745,0.0025093168630957825,0.001322162746738399,0.0013973812340109483,0.0012334087536547023,0.0011999974319795584,5.000030789630873e-4,0.001180010773526844,4.25002374539782e-4,6.460688170036566e-4,9.000118142795258e-4,1e-4,4.246589343609425e-4,1.9999935569293612e-4,1.8999895713838773e-4,3.9999999999999996e-4,0.0010893125,0.001705528972884456,0.001879147482129229,0.0017623277119855432,0.002792075594127667,0.0013600593912397921,0.0034919484256855995,1.193798931733566e-4,0,2.19999480060313e-4,0.0019812390193210184,1.5603704753839508e-4,0.00119999480060313,0,0,0,0,0,0,0,0,0,0,0,0,1.2896196326463104e-5,4.1110942582199973e-4,4.142925584660123e-4,4.332322524552498e-4,3.274937965260546e-4,2.000040988646145e-4,2.000072492660118e-4,6.54442536727919e-4,4.000010220664139e-4,5.533276957169082e-4,2.9999594452104797e-4,2.857117038964795e-4,6.574771002473922e-4,6.99991239980728e-4,2.7440070261926935e-4,0.001899965819756181,0.0018499475919898493,0.0019500229955541927,0.0012,0.0025780407003654906,0.008127439834002591,3.408806434550119e-4,0.0010965263099773723,9.438757007629237e-5,0,3.4661167382329176e-6,0.0046000326637269315,0.0017850906216683212,6.000057548988578e-4,3e-4,0.0014,8.74996095092312e-4,4e-4,0.004119924235092424,0.0012596271006307383,0.0016431024154574545,0.0015000020054761122
MRT,0.001023058182068841,7.000030453997446e-4,0.001100041867505448,0.0010249830926522656,0.0025093168630957825,0.001322162746738399,0.0013973838073530868,0.0012334027426465274,0.0015781404204178156,5.612182406278379e-4,0.0011800210166819914,4.249928263988522e-4,6.616953548691346e-4,6.109953164518586e-4,1.8239036123786118e-4,4.246589343609425e-4,1.9999607526809533e-4,1.8999585234342594e-4,4.2837526447038086e-4,0.0010893440431492438,0.0017000122895416,0.0018212117301348184,0.002258156683223864,0.002467580621915937,0.0013599781001916232,0.0034919484256855995,1.193798931733566e-4,0,5.311986377230133e-4,0.0019812390193210184,1.5603704753839508e-4,0.0012000000000000001,0,0,0,0,0,0,0,0,0,0,0,0,1.2896196326463104e-5,4.111135055751103e-4,4.1429133084332616e-4,5.840188462223887e-4,3.2749162668597813e-4,2.1989215070063872e-4,1.9999311342194063e-4,9.000065412205919e-4,3.999917348541202e-4,5.533276957169082e-4,2.9999549387166546e-4,2.857100256456134e-4,7.00017096040294e-4,7.000036500346754e-4,2.4120670586058647e-4,0.0019000484346792306,0.0018499958080226823,0.001815503263780918,0.0012000000000000001,0.0015971176851026024,0.010089785765866967,3e-4,0.0015999656475437992,9.438757007629237e-5,0,3.4661167382329176e-6,0.004599151590469135,0.0022956144424744265,5.999958081824279e-4,2.9999842537043164e-4,0.0014000098983766663,8.750275512453163e-4,3.9999999999999996e-4,0.00412011945581241,0.0012596271006307383,0.0016431024154574545,0.0015000020054761122
MUS,0.001023050184932903,6.999980266459182e-4,0.0011000165910850569,0.0010786088613625538,0.0025093168630957825,0.0013899666094385789,7.39126578589905e-4,8.44171238476316e-4,0.0015781404204178156,5e-4,0.0011800073183003247,4.249969824984912e-4,6.460688170036566e-4,6.109953164518586e-4,1.8239036123786118e-4,4.246589343609425e-4,2.0000580165649906e-4,1.8999197021680417e-4,3.9999188904209584e-4,0.0010893528488520642,0.0016999739285187998,0.0023780883381048995,0.004997131200130785,0.002791997445022356,0.0013600060833858388,0.003549943898449434,1.193798931733566e-4,0,2.200027171451861e-4,0.0018999895713838772,1.5603704753839508e-4,0.0012000000000000001,0,0,0,0,0,0,0,0,0,0,0,0,1.2896196326463104e-5,4.1109894529853415e-4,4.142952222782039e-4,7.106083844977376e-4,3.275044031487006e-4,2.0000934841544357e-4,1.9999762526715743e-4,8.999999999999999e-4,4.0000424025271906e-4,5.533276957169082e-4,3.0000038080296113e-4,2.8571169406044775e-4,6.999811249528124e-4,6.999908750798431e-4,2.5830991071058065e-4,0.001900005364519071,0.0018499680031776155,0.001949926773136202,0.0012000078549374324,0.0028314009178240966,0.01302738467850633,2.9999493517017826e-4,0.0015999999999999999,9.438757007629237e-5,0,3.4661167382329176e-6,0.004600018067922213,0.0018378047223640685,6.000175623463294e-4,2.999941252496769e-4,0.0013999827641395612,8.750036600005856e-4,3.999927001970947e-4,0.004120118702367303,9.999999999999998e-4,0.0014999999999999998,0.0015000020054761122
MWI,0.0010230799050707715,6.999992299577247e-4,9.228608220782025e-4,0.0010785988988727827,0.0025093168630957825,0.001322162746738399,0.001397378706099971,0.001233411146853633,0.0015781404204178156,4.999983999368508e-4,0.0011799969369671599,4.08769028227842e-4,6.460688170036566e-4,6.109953164518586e-4,1.8239036123786118e-4,4.246589343609425e-4,2.0000160970329146e-4,1.899941600155733e-4,4.2837526447038086e-4,0.001089339520841564,0.0017000208572322453,0.0017381210623041072,0.002258156683223864,0.0027921089166554705,0.0013599776739813753,0.0034919484256855995,1.193798931733566e-4,0,2.1999017336983226e-4,0.0019812390193210184,1.5603704753839508e-4,0.0012936677557542843,0,0,0,0,0,0,0,0,0,0,0,0,1.2896196326463104e-5,4.111089531947951e-4,4.1428477521677554e-4,4.078311191097671e-4,3.275063087864189e-4,2.1989215070063872e-4,1.9999999999999998e-4,9.000119378549381e-4,4.000051420050392e-4,5.000075169722494e-4,2.9999365602994356e-4,3.4639157773502923e-4,6.574771002473922e-4,7e-4,2.958081882915331e-4,0.0018999737846261396,0.0018499776973782028,0.0019499799438427597,0.001199992063806992,0.0025780407003654906,0.011312871166881776,3.408806434550119e-4,0.0010965263099773723,9.438757007629237e-5,0,3.4661167382329176e-6,0.0045999924633530545,0.0018008610651578177,5.999926027295928e-4,6.553842556551267e-4,0.001399995875693399,8.750086248533775e-4,6.53258265424089e-4,0.0018036702865826747,0.0012596271006307383,0.0016431024154574545,0.0015000020054761122
MYS,4.1577966055463217e-4,5.00002511886934e-4,0.0011399372216950143,7.506501632740855e-4,0.0025093168630957825,0.0013900136266303288,7.39126578589905e-4,8.44171238476316e-4,0.002707601232632319,0.0012000130684788292,6.999962200676607e-4,4.999942392994989e-4,6.460688170036566e-4,2.1899004267425317e-4,1.9000382872822412e-4,4.246589343609425e-4,1.8999741345562327e-4,1.8999899310275387e-4,3.9999999999999996e-4,0.0029998563011927,0.013599791432696936,0.0020944690830679963,0.0027290958513989465,0.0029999999999999996,0.0013500031465670953,0.0034919484256855995,1.193798931733566e-4,0,1.9999660907749954e-4,9.000255502427273e-4,1.5603704753839508e-4,0.0016100452347527687,0,0,0,0,0,0,0,0,0,0,0,0,1.2896196326463104e-5,1.9000023882878364e-4,2.7000021894599404e-4,7.806388191169812e-4,3.6000205577010614e-4,1.999937301127012e-4,2.700005595344673e-4,9.000015943623346e-4,7.300207225876204e-4,5.533276957169082e-4,2.599983961323878e-4,3.199974238423392e-4,6.599824938330549e-4,6.999933670874881e-4,4.028778073073006e-4,0.0016000263198297983,0.004899932840832773,0.002070007403603087,0.0018499888218198076,0.0025780407003654906,0.0033907866257159207,3.4000085117249005e-4,0.0011000107353730541,9.438757007629237e-5,0,3.4661167382329176e-6,0.004573789498989538,0.0012474751367316163,0.001129989595757099,6.49996419766978e-4,0.001499987270713731,7.999895851640663e-4,4.0000621272365803e-4,0.00412006065471412,0.001,0.0015000182501733767,0.0015000020054761122
NAM,0.0010230574646678794,7.000009431559885e-4,9.228608220782025e-4,0.001078601522770672,0.0025099917875718585,0.0013899808376676703,0.0013973805774986367,0.0012334055801613594,0.0012,5.000197511356903e-4,0.0011800006858475362,4.249831023994592e-4,6.460688170036566e-4,9.00005306763652e-4,1.8239036123786118e-4,4.246589343609425e-4,1.999991167579718e-4,1.8999197021680415e-4,4.2837526447038086e-4,0.001089332968336527,0.001699978100591284,0.001999999178627592,0.002258156683223864,0.002467580621915937,0.0013599958285535508,0.0034919484256855995,1.193798931733566e-4,0,2.199969259145404e-4,0.0019812390193210184,1.5603704753839508e-4,0.0011999688036187803,0,0,0,0,0,0,0,0,0,0,0,0,1.2896196326463104e-5,4.111088202100877e-4,4.142904246095229e-4,4.774429431799193e-4,3.275055233721274e-4,2e-4,1.9999999999999998e-4,9.00010465998587e-4,3.9999532535527294e-4,5.533276957169082e-4,2.999980152298033e-4,2.857125817071425e-4,7.00005730002292e-4,7.000064570284756e-4,3.6229339876021633e-4,0.0018999709845678389,0.0018499748338164084,0.0019499599614322366,0.0012000092615639308,0.0026864472120058927,0.010522320196591193,2.9999759771302283e-4,0.0010965263099773723,9.438757007629237e-5,0,3.4661167382329176e-6,0.004471419251718834,0.0018040595663455674,6.000131604922024e-4,3.0000000000000003e-4,0.0014000113961041604,8.749961851863156e-4,3.9999707999357597e-4,0.004120105022065806,9.999999999999998e-4,0.0016431024154574545,0.0015000020054761122
NER,0.0010230579531442664,6.999844077791007e-4,0.0010999988939398968,0.0010249996378963225,0.0025093168630957825,0.001322162746738399,0.00139737335391129,0.0012334126117838837,0.0011999899854789446,5e-4,0.0011799927901946646,4.2500715125703205e-4,6.616577576911606e-4,6.109953164518586e-4,1.8239036123786118e-4,4.246589343609425e-4,2.0000301652300476e-4,1.899990875079843e-4,4.2837526447038086e-4,0.001089332968336527,0.0016999756671262876,0.0014888786261049414,9.119857658439588e-4,0.002467580621915937,0.00136002105771129,0.0034919484256855995,1.193798931733566e-4,0,2.2000141803743618e-4,0.00190002568233289,1.5603704753839508e-4,0.0012936677557542843,0,0,0,0,0,0,0,0,0,0,0,0,1.2896196326463104e-5,4.111128402998771e-4,4.1429095431469876e-4,7.181235838530879e-4,3.274983123443283e-4,2.1989215070063872e-4,2.0000765228037957e-4,6.54442536727919e-4,4e-4,5.533276957169082e-4,2.999918890420959e-4,2.857147969225264e-4,7.000000000000001e-4,5.214454796093713e-4,3.3211905467430677e-4,0.0019000311845680938,0.0018499544373569222,0.0019500318674314848,0.0012,0.0027467434760854387,0.014054212161042776,2.999954077883909e-4,0.0010965263099773723,9.438757007629237e-5,0,3.4661167382329176e-6,0.004600024038048797,0.0021579393115859456,6e-4,6.553842556551267e-4,0.0013999381379523662,8.750042507849783e-4,6.53258265424089e-4,0.0018036702865826747,0.0012596271006307383,0.0016431024154574545,0.0015000020054761122
NGA,0.0010230587637838305,7.000035119460662e-4,0.0011000109501040258,0.0010250002637282262,0.0025093168630957825,0.0013900379598987735,0.0013973789999071015,0.0012333946867759916,0.0012088506787330316,5.00001399094506e-4,0.0011799789368660274,4.2498954382220175e-4,6.616397773757845e-4,3.000245145780807e-4,1e-4,1.9999594452104792e-4,1.999991704549225e-4,1.9000247463499132e-4,4.2837526447038086e-4,0.0013391190712748178,0.001705528972884456,0.001498946365764785,0.0017965853768858475,0.0027921124085641797,0.0013600059727245577,0.0034919484256855995,1.193798931733566e-4,0,2.1999415090660947e-4,0.0019000255502427273,1.5603704753839508e-4,0.0011999784853700516,0,0,0,0,0,0,0,0,0,0,0,0,1.2896196326463104e-5,4.1111567580257057e-4,4.142901405035496e-4,7.905278727589705e-4,3.275052957471077e-4,2.1989215070063872e-4,2.4263488170914055e-4,8.999942136673179e-4,6.362196083924689e-4,4.999880451007115e-4,3.0000000000000003e-4,2.857195831942745e-4,6.999933150611671e-4,6.999749718433238e-4,3.255371402030978e-4,0.0019000000000000002,0.0018500016432773524,0.0019500406960970506,0.0012,0.002800158226603144,0.010178105517017486,3e-4,0.0010965263099773723,9.438757007629237e-5,0,3.4661167382329176e-6,0.004600052674466496,0.0018002392643147087,5.999840344855113e-4,3.0000251775013845e-4,0.0013999893520736835,8.749909831926712e-4,3.999955076874698e-4,0.004120064152195554,0.001,0.0016431024154574545,0.0015000020054761122
NIC,0.001701261137839963,5.999976597199354e-4,9.228608220782025e-4,0.001400025703469806,0.0025093168630957825,0.0011999967982582525,7.39126578589905e-4,9.599933202919988e-4,0.0029999999999999996,3.999975098981548e-4,7.000021159393712e-4,4.08769028227842e-4,6.460688170036566e-4,6.109953164518586e-4,1.8239036123786118e-4,8.999821953173685e-4,1.607678832089772e-4,7.000329981884668e-4,6.99990875079843e-4,0.0019999159238416227,0.0018999902666926223,0.001336936393108059,0.002258156683223864,0.002467580621915937,0.0018999980376381012,0.0034919484256855995,1.193798931733566e-4,0,1.9999268845507059e-4,0.002400016846361186,0.0021999416015767576,0.0012936677557542843,0,0,0,0,0,0,0,0,0,0,0,0,1.2896196326463104e-5,5.999816176470588e-4,3.9999581791188334e-4,7.934388526156412e-4,4.0000979515874283e-4,2.1989215070063872e-4,4.000045911574308e-4,6.000156989978807e-4,4.999951088285644e-4,6.999860315686549e-4,4.000014910129196e-4,5e-4,6.574771002473922e-4,5.0000730001606e-4,3.19284082858521e-4,0.0019000110989160059,0.0019000417072153482,0.0020998905619079964,0.0015999826955403933,0.001004950376722315,0.004422742598545776,5.00012027615405e-4,0.0010965263099773723,9.438757007629237e-5,0,3.4661167382329176e-6,0.0029000328249562013,5.623520741465025e-4,6.999768500655914e-4,0.0010500280156887857,0.0011000019212664988,5.000099186669312e-4,5.99993787276342e-4,0.0018036702865826747,0.001899967166466017,0.004200094900901559,0.0015000020054761122
NLD,4.157783671419597e-4,5.150011043044626e-4,0.0011399807476335634,7.506439675900885e-4,0.0025100001400252974,0.0013899892933618842,7.39126578589905e-4,8.44171238476316e-4,0.0019067628981523424,5.612182406278379e-4,3.2999921731121e-4,6.100189035916825e-4,6.460688170036566e-4,6.109953164518586e-4,1.8239036123786118e-4,4.246589343609425e-4,1.9000207838061858e-4,1.299974535268653e-4,3.7998648191956737e-4,0.002120036013237298,0.002149976602714085,0.0023888840372990232,0.002602196694909906,0.002467580621915937,0.001349998156546105,0.0034919484256855995,1.193798931733566e-4,0,2.0000570678536782e-4,9.000168463611861e-4,1.5603704753839508e-4,0.0012936677557542843,0,0,0,0,0,0,0,0,0,0,0,0,1.2896196326463104e-5,1.8999989866131596e-4,2.700004965983016e-4,0.0014686859258581538,3.5999765244439227e-4,1.9999999999999998e-4,2.7000254616438524e-4,6.54442536727919e-4,7.299985317187392e-4,5.40003979395574e-4,2.6000530744506024e-4,3.2000204273697575e-4,6.599871650890422e-4,7.000013323207695e-4,3.3232952377335777e-4,0.0015999793728486526,0.0022000286642461305,0.0020700322350235474,0.0018500218261523745,0.01194090733574966,0.003696017064133714,3.3999602227525853e-4,0.0010999975666731556,9.438757007629237e-5,0,3.4661167382329176e-6,0.004570033849488023,5.499573809533063e-4,0.0011299955471446065,6.499970499734497e-4,0.0015999786059392289,9.500099186669311e-4,4.3000298636227893e-4,0.004120086904997038,0.001,0.0016431024154574545,0.0015000020054761122
NOR,4.1577880837520423e-4,5.149965733118748e-4,0.001140004299739627,9.569804597188345e-4,0.002509998084873884,0.0013899688524468298,7.39126578589905e-4,8.44171238476316e-4,0.0015781404204178156,5.612182406278379e-4,3.3000383195181385e-4,6.100377401002648e-4,6.460688170036566e-4,6.109953164518586e-4,1.8239036123786118e-4,4.246589343609425e-4,1.900040462157077e-4,1.3000160020726494e-4,3.8000351479593907e-4,0.0021200131401248315,0.0021499637860709795,0.003309877469475012,0.004231531489675069,0.008699813447968205,0.0013499441340782123,0.0034919484256855995,1.193798931733566e-4,0,1.9999470247791595e-4,9.000026071540306e-4,1.5603704753839508e-4,0.0012936677557542843,0,0,0,0,0,0,0,0,0,0,0,0,1.2896196326463104e-5,1.899999259509746e-4,2.699962448366504e-4,8.714589921481512e-4,3.5999675295105276e-4,1.9999999999999998e-4,2.699940971994491e-4,9e-4,7.300162512720037e-4,5.533276957169082e-4,2.600028393630362e-4,3.2001416215669414e-4,6.600150413637504e-4,6.999974914080727e-4,3.287408179625811e-4,0.001600012133304573,0.0022000382377843934,0.002069999073247584,0.0018500073680121105,0.0023057049671109933,0.003309618096512865,3.4000426484699864e-4,0.0011000202778059414,9.438757007629237e-5,0,3.4661167382329176e-6,0.004569914669983921,5.501429143061961e-4,0.0011299934258865384,6.499957705355087e-4,0.0016000084600579511,9.499994332286694e-4,4.300001574976769e-4,0.004120043504709938,0.001,0.0016431024154574545,0.0015000020054761122
NPL,9.838279016039539e-4,4.000016833847818e-4,0.0010999967117161552,6.999987784469175e-4,0.0025099917875718585,4.0000730006935063e-4,0.0017066568854278354,8.44171238476316e-4,0.0015813850057110512,8.999855156431054e-4,4.0000051814377584e-4,4.08769028227842e-4,6.460688170036566e-4,5.0258256070596e-4,1.900014056130816e-4,1.900016846361186e-4,1.900013721813109e-4,1.3000101389029707e-4,4.999854003941894e-4,0.001850001738102687,0.00140001196744854,0.00393005390654126,0.0016065459968759759,0.0020000365003467534,0.001300027374760471,0.0015999864814627057,1.193798931733566e-4,0,9.999999999999999e-5,0.0025,1.5603704753839508e-4,0.0012936677557542843,0,0,0,0,0,0,0,0,0,0,0,0,1e-4,2.0000267401128433e-4,3.0000431443610317e-4,7.02043277676339e-4,3.9999701472486957e-4,1.9999999999999998e-4,2.4263488170914055e-4,3.0000000000000003e-4,4e-4,5.533276957169082e-4,2.000027218661114e-4,2.0000000000000004e-4,5.99988539995416e-4,2.000033692722372e-4,3.438677830767746e-4,0.0013999853880685463,0.0014000045431829542,0.0016000347644707109,9.000127860887356e-4,0.0025780407003654906,0.003381307634413779,1.999959126116368e-4,0.0010965263099773723,3e-4,0,3.4661167382329176e-6,0.002735400302932347,0.0012357069812001843,8.99986805647183e-4,6.99980789549515e-4,6.000123731749567e-4,7.000030518509476e-4,6.53258265424089e-4,0.0018036702865826747,0.0012596271006307383,0.0016431024154574545,0.0015000020054761122
NZL,4.1577892306127336e-4,5.149994517171696e-4,0.001140004171446449,7.506538990113933e-4,0.002510019345183779,0.0013900015037388415,7.39126578589905e-4,8.44171238476316e-4,0.002699986689737788,4.8000518840391723e-4,3.2999660827397816e-4,6.100051046452271e-4,6.460688170036566e-4,6.109953164518586e-4,1.8239036123786118e-4,4.246589343609425e-4,1.900031225084353e-4,1.2999733390887047e-4,3.7999358254452116e-4,0.002120010354646648,0.002149986663484621,0.00207621299401026,0.0031176150283847366,0.008699969793082615,0.0013499928431699986,0.003550067593665508,1.193798931733566e-4,0,2e-4,8.99990875079843e-4,1.5603704753839508e-4,0.00370987365465606,0,0,0,0,0,0,0,0,0,0,0,0,1.2896196326463104e-5,1.9000639617975355e-4,2.4509583108551467e-4,9.561081456620178e-4,3.5999875830384305e-4,2e-4,2.7000419485082066e-4,9.000088097964935e-4,7.299995640231939e-4,5.533276957169082e-4,2.5999504377994387e-4,3.200028088901373e-4,6.600234925606891e-4,7.000097667521997e-4,4.454349369474978e-4,0.0015999513240533543,0.0021999954833901675,0.0020699911684000038,0.0018500755066724567,0.0023248909844938784,0.003706625610533022,3.400068980242088e-4,0.001100009124920157,9.438757007629237e-5,0,3.4661167382329176e-6,0.004578058357739451,5.321115715015938e-4,0.0011300188628402049,6.500026681371066e-4,0.0016000133328889037,9.500105797714769e-4,4.300097335442268e-4,0.004119946091644205,0.001,0.0024999834090984503,0.0015000020054761122
OMN,0.00109579542235,0.00051499653331,0.00105314315094,0.00150626482822,0.00250958244614,0.00136286430003,0.00113343443062,0.000850791601738,0.00201830372891,0.000544974381826,0.000330000669804,0.000610005692458,0.000646068817004,0.000602600910486,0.000183912089899,0.000424658934361,0.000189999768014,0.000129999362609,0.000379995090074,0.00211998937354,0.00214999230007,0.00253292383967,0.00308398039622,0.00745337113992,0.00134998310027,0.00353839694937,0.000119379893173,0,0.000199999738027,0.00111625352504,0.000156037047538,0.00274348479978,0,0,0,0,0,0,0,0,0,0,0,0,1.28961963265e-05,0.000190000910938,0.000269999317926,0.000748255472591,0.000360002265053,0.000200002698551,0.000270000675631,0.000850889480122,0.000729998361594,0.000553327695717,0.00026000077834,0.000320001923459,0.000660011193825,0.00070000061251,0.000400722346943,0.00159999495806,0.00219998242179,0.00191730368593,0.00185000205943,0.00270690619554,0.00357320380368,0.000340179128302,0.00109930477877,9.43875700763e-05,0,3.46611673823e-06,0.00457123681212,0.000847236897377,0.0011299949972,0.000649994126184,0.00159997917454,0.000949998640822,0.000429998549093,0.00412002375692,0.001,0.00181449207127,0.00150000200548
PAK,9.838536673902661e-4,4.0000117552325477e-4,0.0010999863126197646,6.999929807673024e-4,0.0025093168630957825,0.001322162746738399,0.0017066717097136326,9.136364178554194e-4,0.0015781404204178156,8.999739289128357e-4,4.0000948933805087e-4,4.0000724217844724e-4,6.460688170036566e-4,4.999917313003357e-4,1.8999399296318545e-4,1.899951334252575e-4,1.9000109237883697e-4,1.3000048666536888e-4,4.99990875079843e-4,0.0018499982451830276,0.0013999660470248706,0.002705373096132673,0.0037153249399371133,0.002467580621915937,0.001299983778084192,0.0034919484256855995,1.193798931733566e-4,0,9.999999999999999e-5,0.0019812390193210184,1.5603704753839508e-4,8.000126474215068e-4,0,0,0,0,0,0,0,0,0,0,0,0,1.2896196326463104e-5,2.0000214491012826e-4,3.0000081355049707e-4,6.825753826324178e-4,4.000034506357796e-4,2.0000247834545657e-4,2.4263488170914055e-4,3.000039248008163e-4,3.9999999999999996e-4,5.533276957169082e-4,2.0000488621233037e-4,2.0000572549131875e-4,5.999935824415601e-4,1.9999304783092328e-4,3.9942175897765195e-4,0.0013999655273195992,0.001399996185972005,0.001815503263780918,9.000013166383589e-4,0.0020009794017948183,0.0024238917285498442,2e-4,9.999999999999999e-5,2.999913096376119e-4,0,3.4661167382329176e-6,0.002717683855908502,0.0011845310833525635,9.000060201071579e-4,6.99980789549515e-4,6.000077330549432e-4,6.95869772096584e-4,9.00004380009636e-4,4.999930871434694e-4,0.001299989420228523,0.0016431024154574545,0.0015000020054761122
PAN,0.0017012926675288532,5.999784167903447e-4,9.228608220782025e-4,0.0014000012136327366,0.0022000219002080517,0.0011999819754866619,7.39126578589905e-4,8.44171238476316e-4,0.0030000327011118376,4.000019226702044e-4,7.000199108606087e-4,3.9999999999999996e-4,3.000024580291522e-4,5.999913764110347e-4,1.8239036123786118e-4,9.000046319885128e-4,1.607678832089772e-4,7.000031738978639e-4,6.999781005912841e-4,0.0019999633168870713,0.0018999767026481324,0.002317361308429422,0.002307916018256795,0.002900057631351455,0.0018999895713838774,0.0019000732270602152,1.193798931733566e-4,0,1.9999755429465858e-4,0.0019812390193210184,0.0021999867272787603,0.0012936677557542843,0,0,0,0,0,0,0,0,0,0,0,0,1.2896196326463104e-5,6.000188363246236e-4,4.0000152483188735e-4,8.166399443702288e-4,4e-4,3.9999573724370174e-4,4.0000393530360866e-4,5.999843014128729e-4,5.000203392588375e-4,6.999925722350146e-4,4.000121514988114e-4,4.999919223250779e-4,0.001,4.999921505832117e-4,5.034920507823504e-4,0.0018999882280778928,0.0017868129233028895,0.002100007029547531,0.0016000031334210691,0.012693361723214997,0.004946727078535017,4.999906864114743e-4,0.0014000145999610667,9.438757007629237e-5,0,3.4661167382329176e-6,0.0029007286215051277,5.662805517406945e-4,6.999977364298972e-4,0.0010499660424953916,0.0010999744229170663,4.99983295748768e-4,6.000028076874482e-4,7.0000331818031e-4,0.001900044081992506,0.004200094900901558,0.0015000020054761122
PER,0.0017012398597998813,6.000016411872349e-4,0.0012000335204893993,0.0013119305751480754,0.0025093168630957825,0.0012000219002080519,7.39126578589905e-4,8.44171238476316e-4,0.0024993024383504494,4.0000726983035545e-4,6.999886556460369e-4,4.000013428947439e-4,6.460688170036566e-4,6.000035586344334e-4,1.8239036123786118e-4,9e-4,1.607678832089772e-4,7e-4,6.999781005912841e-4,0.0020000780746784294,0.001900010045876168,0.0026688185451261576,0.0027640080429207317,0.0028998996258782733,0.001899970405445398,0.0018999662047989184,1.193798931733566e-4,0,2e-4,0.0024000364996806275,0.002200027862914461,0.0037099358974358974,0,0,0,0,0,0,0,0,0,0,0,0,1.2896196326463104e-5,6.000016512822206e-4,3.999901957179799e-4,9.546968240504072e-4,4.000011312249186e-4,3.999981883729778e-4,4e-4,6.000193836014732e-4,5e-4,7.000034271893619e-4,3.999986110918207e-4,4.999971027761199e-4,0.001,5e-4,6.584992186078068e-4,0.0019000152183838077,0.0019000213060615745,0.002099928084654635,0.001600005993467121,0.001927821959946279,0.007954822571116111,5.0001865741259e-4,0.0010965263099773723,9.438757007629237e-5,0,3.4661167382329176e-6,0.0028999805808484014,5.770673626846722e-4,7.000295620592085e-4,0.0010500389408099689,0.0011000055415896302,5e-4,6.000027547071058e-4,7.0000762805599e-4,0.0018999898466849426,0.004200018249840313,0.0015000020054761122
PHL,4.1577735080453824e-4,4.999927786673845e-4,0.0011399892933618844,7.506362410976543e-4,0.0025093168630957825,0.0013900161030595813,7.39126578589905e-4,8.44171238476316e-4,0.0027768994154330788,0.0011999984584524018,7.000000000000001e-4,5e-4,3.0000303158915904e-4,2.578644617576621e-4,1.9000493251423702e-4,1.89998563011927e-4,1.900010393929945e-4,1.8999731291146046e-4,4.0000730006935063e-4,0.003,0.013599781001916233,0.0013970011034742378,0.0019877488040804334,0.0029999999999999996,0.0013500057032052014,0.003549967893473926,1.193798931733566e-4,0,2.0000205241877552e-4,9.000255502427273e-4,1.5603704753839508e-4,0.0012936677557542843,0,0,0,0,0,0,0,0,0,0,0,0,1.2896196326463104e-5,1.899992331211635e-4,2.700033684694825e-4,7.961365063474974e-4,3.600061106018943e-4,1.99996447665228e-4,2.700003825993802e-4,8.999816029925799e-4,7.300000820593618e-4,5.533276957169082e-4,2.600031499783439e-4,3.1999974976070866e-4,6.574771002473922e-4,6.999951333463111e-4,4.0607918541369785e-4,0.001600053153006836,0.004899937166195413,0.0020700121025692747,0.0018499790819831315,0.00261737565290032,0.003055933136163228,3.399955394671379e-4,0.0011000104286161226,9.438757007629237e-5,0,3.4661167382329176e-6,0.004591151847120094,0.0011110832340212005,0.001130043905498641,6.500087519691931e-4,0.0015000184890729578,8.000117553707349e-4,4e-4,0.004120112167004206,0.001,0.0015000182501733767,0.0015000020054761122
POL,4.1577887345645045e-4,5.150073325729184e-4,0.0011399706375595517,9.569804597188345e-4,0.002510039568230711,0.0013899944961038209,7.39126578589905e-4,8.44171238476316e-4,0.0013048233097465803,5.612182406278379e-4,3.3000178172963525e-4,6.099869038063453e-4,6.460688170036566e-4,6.109953164518586e-4,1.8239036123786118e-4,4.246589343609425e-4,1.8999696315990245e-4,1.2999828237718997e-4,3.79998009091814e-4,0.0021200334588038477,0.0021499948348886054,0.0023037588542523355,0.003204404406384223,0.008700222652115194,0.0013499608933692534,0.0034919484256855995,1.193798931733566e-4,0,1.9999999999999998e-4,0.0019812390193210184,1.5603704753839508e-4,0.003710029636562159,0,0,0,0,0,0,0,0,0,0,0,0,1.2896196326463104e-5,1.9000218099535175e-4,2.7001099445965465e-4,7.663139671308336e-4,3.6000258558696867e-4,2.0000251344694115e-4,2.700031303803412e-4,8.999615236629472e-4,7.299989289921816e-4,5.533276957169082e-4,2.600033010303931e-4,3.2000962290250795e-4,6.599906410856341e-4,6.999977709916858e-4,3.53441999321992e-4,0.0016000052982939495,0.0021999073215940687,0.0020699907868562133,0.0018500047748904425,0.001969621976411429,0.0036883527166491604,3.400035499752436e-4,0.0010999876768518465,9.438757007629237e-5,0,3.4661167382329176e-6,0.004570061094546173,5.334807565995446e-4,0.0011299973288220106,6.499974921001154e-4,0.0016000385900172452,6.95869772096584e-4,4.300031285848368e-4,0.004120064152195554,9.999999999999998e-4,0.0025000182501733765,0.0015000020054761122
PRT,4.157796797085767e-4,5.149987379124402e-4,0.0011399965887770765,7.506410481576451e-4,0.0025100430655553454,0.001390005116834385,7.39126578589905e-4,8.44171238476316e-4,0.0015251019402624138,5.612182406278379e-4,3.2999768214220265e-4,6.09999855158529e-4,3.2000848828881405e-4,6.109953164518586e-4,1.8239036123786118e-4,4.246589343609425e-4,1.9000162738974435e-4,1.300004573937703e-4,3.8000101389029704e-4,0.0021200296037139207,0.0021499697733572106,0.002935041438479211,0.004523278564186822,0.008700222652115194,0.0013499974827568845,0.0034919484256855995,1.193798931733566e-4,0,1.9999999999999998e-4,0.0019812390193210184,1.5603704753839508e-4,0.0012936677557542843,0,0,0,0,0,0,0,0,0,0,0,0,1.2896196326463104e-5,1.8999818504195347e-4,2.7000379368667313e-4,8.154154150906251e-4,3.599954607749854e-4,2e-4,2.699984564053242e-4,9.000028033977179e-4,7.300105309706272e-4,5.400194669062593e-4,2.5999708883568483e-4,3.1999769876884127e-4,6.599906410856341e-4,6.999965511889775e-4,3.38981383553292e-4,0.001599996895771653,0.0021999961383251916,0.002070066384013783,0.0018499963496520328,0.0028116933829611676,0.003007715677433893,3.400003311422753e-4,0.0010999903947747577,9.438757007629237e-5,0,3.4661167382329176e-6,0.004570152586527726,8.039061977770892e-4,0.0011299838603622452,6.499984422220145e-4,0.0016,9.499984256431248e-4,4.300020563438207e-4,0.004120106052473202,0.001,0.0024999519738737874,0.0015000020054761122
PRY,0.0017013114675489703,6.000013345522243e-4,0.001200007821462092,0.0013119244043334624,0.0025093168630957825,0.0011999756671262876,7.39126578589905e-4,8.44171238476316e-4,0.0030000000000000005,3.999896500866805e-4,7.000015904066669e-4,3.9999650383267345e-4,6.460688170036566e-4,6.109953164518586e-4,1.8239036123786118e-4,4.246589343609425e-4,1.607678832089772e-4,7.000114064104027e-4,6.999985961562759e-4,0.002,0.0018999810390595373,0.0029979335235223712,0.002258156683223864,0.002467580621915937,0.0019000198373338622,0.0018999507146377527,1.193798931733566e-4,0,2e-4,0.0023999855921621365,0.002200021900208052,0.0012936677557542843,0,0,0,0,0,0,0,0,0,0,0,0,1.2896196326463104e-5,6.000059131360317e-4,3.9999602666110394e-4,4.5983411019612317e-4,3.999973303848918e-4,3.9999267345593083e-4,3.999963926915932e-4,6.54442536727919e-4,4.999946138101906e-4,5.533276957169082e-4,3.9999233951279304e-4,5e-4,6.574771002473922e-4,5e-4,6.063888609127062e-4,0.0019000111181114035,0.0019001158556769284,0.0020999902930812246,0.0015999739311783107,0.0010646364121735237,0.008262047740279353,4.999929438329099e-4,0.001399981750159686,9.438757007629237e-5,0,3.4661167382329176e-6,0.0029028945340124775,5.630345966750767e-4,7.000101657009251e-4,6.553842556551267e-4,0.0010999975254262452,4.999877929687499e-4,6.000097333073778e-4,0.0018036702865826747,0.001900105801445953,0.0016431024154574545,0.0015000020054761122
ROU,4.1577780201403276e-4,5.149967794031159e-4,0.0011399871177499002,7.50648845566325e-4,0.002509930220075148,0.0013899990875079842,7.39126578589905e-4,8.44171238476316e-4,0.0013929466859490573,5.612182406278379e-4,3.300021417253681e-4,6.100070972320795e-4,6.460688170036566e-4,6.109953164518586e-4,1.8239036123786118e-4,4.246589343609425e-4,1.8999893378825034e-4,1.2999933150611672e-4,3.800031285848368e-4,0.002120011433848589,0.0021499895713838774,0.0021966088688982186,0.0017809190113336078,0.002467580621915937,0.0013499608933692534,0.0034919484256855995,1.193798931733566e-4,0,2e-4,8.999918890420959e-4,1.5603704753839508e-4,0.0037099672437997193,0,0,0,0,0,0,0,0,0,0,0,0,1.2896196326463104e-5,1.9000307109759678e-4,2.7000259342984154e-4,6.366988387396223e-4,3.599981582239139e-4,2e-4,2.6999696171764226e-4,8.99992732029944e-4,7.300035423308536e-4,5.399820963541667e-4,2.599958386794743e-4,3.199949481129097e-4,6.599906410856341e-4,7.000099903776888e-4,3.023060601114464e-4,0.001599972354689336,0.002200018474612803,0.0020699687837796884,0.0018499971307790889,0.0031199447375031397,0.005137110569609977,3.4000919902753133e-4,0.001099995944466224,9.438757007629237e-5,0,3.4661167382329176e-6,0.004574709239500205,9.724814297272571e-4,0.0011299859727367549,6.499977833931816e-4,0.0016000147297098245,9.49995332482808e-4,4.2999269996871415e-4,0.00412011945581241,9.999999999999998e-4,0.0025000182501733765,0.0015000020054761122
RUS,4.1577222215957786e-4,5.150009368559116e-4,0.0011399807476335634,7.506635632324717e-4,0.0025100130240761683,0.0013900065029053303,9.782477121967753e-4,1.499977939731346e-4,0.003107304583755278,5.612182406278379e-4,3.2999879042945867e-4,4.08769028227842e-4,6.460688170036566e-4,6.109953164518586e-4,1.8239036123786118e-4,4.246589343609425e-4,1.9000278879916844e-4,1.2999899409389415e-4,3.799888915337618e-4,0.0013391190712748178,0.0021500736050333743,0.0023769428454539694,0.003111859339978173,0.008699881376037959,0.001349971558589306,0.0034919484256855995,1.193798931733566e-4,0,1.9999999999999998e-4,9.000486677211339e-4,1.5603704753839508e-4,0.0012936677557542843,0,0,0,0,0,0,0,0,0,0,0,0,1.2896196326463104e-5,1.9000045426478923e-4,2.699932830601547e-4,7.541939657949376e-4,3.5999925296828386e-4,2.000033939723052e-4,2.699971305595409e-4,9.000353232073472e-4,7.300248484120412e-4,5.533276957169082e-4,2.600097082817907e-4,3.1999312950875986e-4,6.600103140041256e-4,7.000030416400522e-4,3.519244652280634e-4,0.0015999936577399355,0.002199966420416387,0.002070010399806469,0.0018499892895750207,0.002008101079373285,0.0032734892411968373,3.399889861972182e-4,0.0010999968534659073,9.438757007629237e-5,0,3.4661167382329176e-6,0.00457125874439252,5.392519391960257e-4,0.001130006307158625,6.500047957687618e-4,0.0016000000000000003,9.500119019281124e-4,4.299993261606882e-4,0.004119851258581236,0.001,0.0016431024154574545,0.0015000020054761122
RWA,0.001023049357102441,7.00011159261257e-4,9.228608220782025e-4,0.0010786033911023567,0.002510037717483879,0.001322162746738399,0.0013973762166737199,0.0012333979805772535,0.0012000332281109818,5.000091085072499e-4,0.001180017914945919,4.249998755397131e-4,6.616448366968352e-4,3.0006641829254685e-4,1.8239036123786118e-4,4.246589343609425e-4,2.000028185290097e-4,1.9782084491720402e-4,3.9999999999999996e-4,0.001089335493106306,0.0017000493596238278,0.001336936393108059,0.002258156683223864,0.00279214553855039,0.0013599791432696937,0.0034919484256855995,1.193798931733566e-4,0,5.311986377230133e-4,0.0019812390193210184,1.5603704753839508e-4,0.0012936677557542843,0,0,0,0,0,0,0,0,0,0,0,0,1.2896196326463104e-5,4.110977724423102e-4,4.142917141657167e-4,3.062691969888722e-4,3.2748788538520965e-4,1.9999999999999998e-4,2.4263488170914055e-4,9.000018607766882e-4,3.9998727573482633e-4,4.99986515373061e-4,2.999903864641415e-4,2.8571301009018665e-4,6.574771002473922e-4,5.214454796093713e-4,0.001318206135709695,0.0019000041133643208,0.0018499475919898493,0.0019500235737859501,0.0011999947693273356,0.002618642670970434,0.014424876995613789,3.000052328623757e-4,0.0016000104286161226,9.438757007629237e-5,0,3.4661167382329176e-6,0.004599938063599514,0.0018038124512166742,5.999703908409001e-4,3e-4,0.0013999901017049813,8.750322937811403e-4,6.53258265424089e-4,0.0018036702865826747,0.0012596271006307383,0.0016431024154574545,0.0015000020054761122
SAU,0.001549147565725534,5.150032692405574e-4,9.228608220782025e-4,0.002010042832137719,0.0025093168630957825,0.00139,0.0027106658387466565,8.77273054785381e-4,0.0026570806524988627,5.612182406278379e-4,3.2999948088802757e-4,6.099901990604617e-4,6.460688170036566e-4,5.89989701338826e-4,1.8239036123786118e-4,4.246589343609425e-4,1.8999442774547958e-4,1.3000048666536888e-4,3.7999791427677546e-4,0.002119985400006636,0.0021499895713838774,0.0024239153104301356,0.0031875388212509697,0.008699881376037959,0.0013499525512811153,0.003550104207739537,1.193798931733566e-4,0,1.9999268845507059e-4,0.0019812390193210184,1.5603704753839508e-4,0.0037100706844321847,0,0,0,0,0,0,0,0,0,0,0,0,1.2896196326463104e-5,1.8999782643620592e-4,2.7000096002349235e-4,4.917972017254708e-4,3.6000403999596e-4,2.000033939723052e-4,2.700026169717505e-4,9.000042660296062e-4,7.299883083307261e-4,5.533276957169082e-4,2.5999866645225314e-4,3.200058939923378e-4,6.600047228765774e-4,7.000124767702237e-4,4.515383716983211e-4,0.0016000083063377358,0.0021999791393491476,0.001815503263780918,0.0018499472573839661,0.002600012491802255,0.003763088768298128,3.400061460116775e-4,0.0010999903947747577,9.438757007629237e-5,0,3.4661167382329176e-6,0.0045699548231873015,6.89937827225131e-4,0.001129958899213724,6.499692857541744e-4,0.0016000102679946606,9.499707675603441e-4,4.300066495128509e-4,0.004120064152195553,0.001,0.0016431024154574545,0.0015000020054761122
SDN,0.0010230545047114883,6.999937783861133e-4,0.0011000099545409295,0.0011791313014781768,0.0025093168630957825,0.001322162746738399,0.0013973757477359575,0.001233377470577164,0.0011999975848619145,5.000065837118967e-4,0.0011800239064234282,4.249939106077213e-4,6.616633196000084e-4,6.109953164518586e-4,9.999999999999999e-5,4.246589343609425e-4,1.9999908060490068e-4,1.899990266692622e-4,4.000024333268444e-4,0.0010893237351718545,0.001699972625239529,0.002484109405175465,0.002258156683223864,0.002467580621915937,0.0013600385506592574,0.0034919484256855995,1.193798931733566e-4,0,2.1999555446366943e-4,0.0018999585234342597,1.5603704753839508e-4,0.0011999767963492924,0,0,0,0,0,0,0,0,0,0,0,0,1.2896196326463104e-5,4.1110570170284436e-4,4.142800786541937e-4,5.192544467835414e-4,3.2749821715100737e-4,1.9999809134808082e-4,1.9999999999999998e-4,6.54442536727919e-4,4.000041287197184e-4,5.533276957169082e-4,3e-4,2.857108675886491e-4,6.999859447810089e-4,7.000087858021437e-4,2.975551723320342e-4,0.0018999651813404372,0.001850003398008767,0.001815503263780918,0.0012,0.009682459817446034,0.00853426508523619,3.0000925154963454e-4,0.0010965263099773723,9.438757007629237e-5,0,3.4661167382329176e-6,0.00459987774909022,0.0018976428210621535,6.000216262975779e-4,3e-4,0.0013999775040773861,8.750247966673279e-4,6.53258265424089e-4,0.0018036702865826747,0.001,0.0016431024154574545,0.0015000020054761122
SEN,0.0010230533586287893,7.000029581975546e-4,9.228608220782025e-4,0.0010249954298196969,0.0025093168630957825,0.001322162746738399,0.001397383251094013,0.0012333908156096317,0.0011999766075031434,5.000228216714592e-4,0.0011800366342476565,4.24995106674496e-4,6.460688170036566e-4,6.109953164518586e-4,1.8239036123786118e-4,4.246589343609425e-4,1.999995110514594e-4,1.8999753937007873e-4,3.99990478306408e-4,0.0013391190712748178,0.0016999954375399213,0.0014875917825928511,0.0014946797747981944,0.002792130330276863,0.0013599683873382969,0.0034919484256855995,1.193798931733566e-4,0,2.2000214327814392e-4,0.0018999660470248707,1.5603704753839508e-4,0.0012,0,0,0,0,0,0,0,0,0,0,0,0,1.2896196326463104e-5,4.111079028591132e-4,4.142809443132211e-4,4.434212776679808e-4,3.274997731603302e-4,2.1989215070063872e-4,1.9999999999999998e-4,6.54442536727919e-4,4.000038148282374e-4,5.533276957169082e-4,2.999939470976333e-4,2.857221503482067e-4,6.999839563613027e-4,7.000194666147557e-4,3.091337634145886e-4,0.001900001219199961,0.0018500637785994543,0.001950023076415903,0.0012000000000000001,0.005716691368707443,0.011518958322042165,3.0000000000000003e-4,0.0016000340665758223,9.438757007629237e-5,0,3.4661167382329176e-6,0.004599841254769096,0.0019005292652513241,5.999933943257259e-4,3.000066549834734e-4,0.0014000046369284985,8.749902761571373e-4,3.999927001970947e-4,0.0018036702865826747,9.999999999999998e-4,0.0016431024154574545,0.0015000020054761122
SLB,0.000544697026268,0.000466666504342,0.00105427721152,0.000819422839939,0.00250952188056,0.00103739051666,0.00073912657859,0.000844171238476,0.0023260610945,0.00109999688102,0.000600000557441,0.000469582615558,0.000530713555199,0.000493285031554,0.000187466318152,0.000346438810578,0.000190000483851,0.00016999877235,0.000442789321645,0.00244637302376,0.00556842205866,0.00164695039853,0.00175989054997,0.00266667947388,0.00133333768559,0.00351128824828,0.000119379893173,0,0.000420799775955,0.0012604204465,0.000156037047538,0.00129366775575,0,0,0,0,0,0,0,0,0,0,0,0,4.1930797551e-05,0.000202507582982,0.000271699733185,0.000670687547816,0.000373339486856,0.000206628394238,0.00026088142764,0.000618143248839,0.000619999551092,0.000553327695717,0.000240002963318,0.000280001279802,0.000657477100247,0.000533328791109,0.000403258154989,0.00153334248686,0.00373327704895,0.00191334151285,0.00153329931753,0.00255440524731,0.00290373699043,0.000293623691281,0.00109768768286,0.000162924381873,0,3.46611673823e-06,0.00395482677016,0.00115138936159,0.00105332803259,0.000668461134133,0.00120001097472,0.00076666743643,0.000568838843616,0.00257581758006,0.00108654236688,0.0015954076937,0.00150000200548
SLE,0.00102305971284,0.000700000714758,0.000977366235391,0.00106159757482,0.00250942635052,0.00133259871805,0.00134674341689,0.0012334015082,0.00128726593751,0.000504711718789,0.00118000144518,0.000421256197396,0.000655661836716,0.000582007992767,0.000163377200952,0.000424658934361,0.00020000084914,0.000190600113335,0.000408730531426,0.0011854011289,0.00170127860611,0.00185656087029,0.00175723463064,0.00266730902493,0.0013561465709,0.00349194842569,0.000119379893173,0,0.00029181321026,0.00193124160121,0.000156037047538,0.00125042795409,0,0,0,0,0,0,0,0,0,0,0,0,1.28961963265e-05,0.000411110479467,0.000375242511054,0.000671870536849,0.00033136258278,0.000206122105388,0.000213120130837,0.000748888466148,0.000418169610618,0.00052871433078,0.000295515764061,0.000295048861112,0.000677102091882,0.000617590284508,0.00045100702032,0.00189999218522,0.00184998592003,0.00193964736586,0.00119999922657,0.00346239783022,0.0123219574608,0.00032201256279,0.00117398553887,9.43875700763e-05,0,3.46611673823e-06,0.00458844120408,0.00188825834904,0.000599995947539,0.000464022937095,0.00139998983175,0.000861217255053,0.000536370174219,0.00251639930436,0.00121968446976,0.00163209102776,0.00150000200548
SLV,0.0017013435961059184,5.99997091628252e-4,9.228608220782025e-4,0.0013999770339381229,0.0025093168630957825,0.0011999918889324483,7.39126578589905e-4,9.600044108728014e-4,0.00300003088040021,4.0000467231497634e-4,6.999977329232443e-4,3.999953914926955e-4,6.460688170036566e-4,5.999999993186435e-4,1.8239036123786118e-4,4.246589343609425e-4,1.607678832089772e-4,6.99979722487761e-4,6.999726252395291e-4,0.0020000095113994125,0.001899990875079843,0.001336936393108059,0.0023469198755478784,0.002900009605225243,0.0018999893540979122,0.0019000175739796953,1.193798931733566e-4,0,1.9999800590252853e-4,0.0023999721903570064,0.0021999416015767576,0.0012936677557542843,0,0,0,0,0,0,0,0,0,0,0,0,1.2896196326463104e-5,6.000075604110195e-4,3.9999834646515587e-4,6.223207995124247e-4,4.000128565125541e-4,4e-4,3.9998622684388126e-4,6.000235488048982e-4,5.000049765604004e-4,6.999904924890664e-4,3.999926264562748e-4,4.999915803654122e-4,0.001,4.99977879042605e-4,4.6873398003917616e-4,0.0019000251935122365,0.0018999976829861675,0.0020999712090005096,0.0015999861355751688,0.0025780407003654906,0.00641832425426906,5e-4,0.0014000073000693504,9.438757007629237e-5,0,3.4661167382329176e-6,0.0029002134314953863,5.626316116962846e-4,7.000164826108456e-4,0.0010500112060961163,0.0011000147297098248,4.999833305550926e-4,6e-4,7.000331821701139e-4,0.001899977959003747,0.0016431024154574545,0.0015000020054761122
SRB,4.1578169329616857e-4,5.150084230945938e-4,0.0011399992980732111,7.50649602251388e-4,0.002509942943446887,0.0013899990875079842,7.39126578589905e-4,8.44171238476316e-4,0.0013512076086412694,5.612182406278379e-4,3.299991765997009e-4,4.08769028227842e-4,6.460688170036566e-4,6.109953164518586e-4,1.8239036123786118e-4,4.246589343609425e-4,1.900013721813109e-4,1.3000456256416105e-4,3.799980090918141e-4,0.002119996618947724,0.002149962184735786,0.0022554953781630297,0.0017965652026197966,0.002467580621915937,0.0013499766027140851,0.0034919484256855995,1.193798931733566e-4,0,2.000025068939584e-4,8.999908750798429e-4,1.5603704753839508e-4,0.0037100896296029663,0,0,0,0,0,0,0,0,0,0,0,0,1.2896196326463104e-5,1.9000005542592048e-4,2.6999858166087514e-4,6.32261429344378e-4,3.6000097475387464e-4,2.000032099637274e-4,2.700045423242047e-4,8.99988055219016e-4,7.300019081137235e-4,5.533276957169082e-4,2.599935421375525e-4,3.200046173381046e-4,6.600084230792371e-4,6.999999999999999e-4,2.945462043543389e-4,0.001599975000390619,0.002199951612603056,0.002069990516416626,0.0018499843079820065,0.0025780407003654906,0.0027500383037401474,3.3999667179764525e-4,0.0010999863126197646,9.438757007629237e-5,0,3.4661167382329176e-6,0.004569991926762574,5.727278784316884e-4,0.0011299869843245996,6.5e-4,0.0015999917515568936,9.499886647018819e-4,4.29987590335061e-4,0.00411984515721283,9.999999999999998e-4,0.0016431024154574545,0.0015000020054761122
STP,0.00102305650042,0.000700001322494,0.0010240862964,0.00105179267967,0.00250941368259,0.00137062181086,0.00125632365956,0.00114999341521,0.00140252243447,0.000508748852394,0.00118000514658,0.000424997565215,0.000656088053277,0.000622369831358,0.000141195180619,0.000376517387098,0.000199998936792,0.000189999324937,0.000414186176985,0.00112501943901,0.00170157905509,0.00174014757097,0.00245247411687,0.00272259160959,0.00135999920293,0.00350439165274,0.000119379893173,0,0.000286684873924,0.00193481004337,0.000156037047538,0.00122006734953,0,0,0,0,0,0,0,0,0,0,0,0,1.28961963265e-05,0.000411111307257,0.000402201595239,0.000916299236814,0.000327499909107,0.00020852481232,0.000206090212003,0.000829845597174,0.000416873064254,0.000526664269613,0.000299999251781,0.0002857136604,0.000687847373151,0.00069999772336,0.000407198767313,0.00190000306403,0.00185000993777,0.00194039664313,0.00119999975408,0.0032098539761,0.0116105935759,0.000317521062392,0.00152809174347,9.43875700763e-05,0,3.46611673823e-06,0.00458723555958,0.00185289572717,0.000599998320364,0.000325384283468,0.00140000994407,0.000875001971697,0.000436177624215,0.00296185578647,0.00114835834322,0.00164310241546,0.00150000200548
SUR,0.0017012554006057903,5.999766298054963e-4,0.001199981750159686,0.0013119227901459988,0.0025093168630957825,0.0011999652385504475,7.39126578589905e-4,8.44171238476316e-4,0.0015781404204178156,3.9999999999999996e-4,6.999945112819293e-4,3.9999999999999996e-4,6.460688170036566e-4,0.0020725532893727957,1.9000146498681514e-4,4.246589343609425e-4,1.607678832089772e-4,6.999999999999999e-4,7.00024333860567e-4,0.002,0.0019000268384326356,0.001336936393108059,0.002258156683223864,0.0028999904783064082,0.0019000197297030677,0.0034919484256855995,1.193798931733566e-4,0,2e-4,0.0019812390193210184,1.5603704753839508e-4,0.0012936677557542843,0,0,0,0,0,0,0,0,0,0,0,0,1.2896196326463104e-5,6.000000000000001e-4,4.000009520092155e-4,0.0011399392945239018,3.999905662602297e-4,4.000098677718571e-4,4.000029058363724e-4,5.99997628561604e-4,5.000058123990096e-4,6.999893359333344e-4,4.000036868398252e-4,4.999915803654122e-4,6.574771002473922e-4,5.000156430873196e-4,1.8012955467875996e-4,0.0018999748540135793,0.001899958809597364,0.002099968016909321,0.0015999954694975835,0.0025780407003654906,0.005553947378081312,3.408806434550119e-4,0.001399981750159686,9.438757007629237e-5,0,3.4661167382329176e-6,0.002902961036546545,5.826000563399054e-4,6.999926188367286e-4,0.0010499951973873788,0.0011000312122351962,5.000149151328938e-4,5.99995017066547e-4,0.0018036702865826747,0.0018999506277331078,0.0016431024154574545,0.0015000020054761122
SVK,4.157636775740494e-4,5.149994296794799e-4,0.001140036893127674,7.506457592609475e-4,0.002510032989316304,0.0013899666094385789,7.39126578589905e-4,8.44171238476316e-4,0.0015137006108527377,5.612182406278379e-4,3.2999977343272085e-4,4.08769028227842e-4,6.460688170036566e-4,6.109953164518586e-4,1.8239036123786118e-4,4.246589343609425e-4,1.8999736435622563e-4,1.2999877286957315e-4,3.8000456256416103e-4,0.002120022151739415,0.0021500102817191033,0.002256496866809184,0.0027077189056431304,0.008699881376037959,0.0013500425842559924,0.0034919484256855995,0.0026100302952878052,0,1.999974931374638e-4,8.999908750798429e-4,1.5603704753839508e-4,0.0037099711640613143,0,0,0,0,0,0,0,0,0,0,0,0,1.2896196326463104e-5,1.8999907855582596e-4,2.700003196945547e-4,7.540685024978716e-4,3.600158153912512e-4,1.9999728142670729e-4,2.6999523792080294e-4,8.999651142508286e-4,7.299852034879545e-4,5.400013212657726e-4,2.5999928710894953e-4,3.2000465495170494e-4,6.599817684594349e-4,7.000245849669396e-4,3.9073906154952375e-4,0.0016000229393969805,0.002200014258724557,0.0020700231691879547,0.0018499961431386435,0.006242691002342376,0.008953036440174514,3.4000203846881874e-4,0.0011,9.438757007629237e-5,0,3.4661167382329176e-6,0.004579193016986864,6.510837687919473e-4,0.0011299995386815519,6.500291754567081e-4,0.001599995820009614,9.500088167871626e-4,4.2998969426313985e-4,0.004120064152195554,0.001,0.0025000182501733765,0.0015000020054761122
SVN,4.1578128776407683e-4,5.150008959981891e-4,0.0011399920156645058,7.506423318862409e-4,0.00251,0.001389957581138404,7.39126578589905e-4,8.44171238476316e-4,0.0015197629948287038,5.612182406278379e-4,3.299998428616193e-4,4.08769028227842e-4,6.460688170036566e-4,5.897968807656085e-4,1.8239036123786118e-4,4.246589343609425e-4,1.899996247291631e-4,1.3000232979085648e-4,3.799902232361089e-4,0.0021199773449545327,0.002149972278691554,0.001336936393108059,0.00203006930922269,0.008699881376037959,0.0013500529848110207,0.0035499999999999998,1.193798931733566e-4,0,2e-4,8.999927001970946e-4,1.5603704753839508e-4,0.003709967243799719,0,0,0,0,0,0,0,0,0,0,0,0,1.2896196326463104e-5,1.8999999999999998e-4,2.700001121868584e-4,8.002570270493234e-4,3.6000025796299517e-4,1.9999532601075017e-4,2.700014568185731e-4,9.000206568890726e-4,7.300101944642136e-4,5.533276957169082e-4,2.59995201187427e-4,3.2000292120061346e-4,6.599964346198414e-4,6.99995719191491e-4,2.8232142375828203e-4,0.0015999856001623254,0.0022000201480884504,0.0020699272527251174,0.001849996944699053,0.0018731784068346175,0.003437621440180699,3.3999546907644674e-4,0.0011000051049058145,9.438757007629237e-5,0,3.4661167382329176e-6,0.004569806797813967,5.406342931272183e-4,0.0011300386649482244,6.500040873048311e-4,0.0015999887177751452,9.500106269925612e-4,4.2999968261021355e-4,0.004119908707865169,0.001,0.002499954375399215,0.0015000020054761122
SWE,4.157824524279625e-4,5.150019658355388e-4,0.0011400185741128701,7.50627887570472e-4,0.0025099989292485213,0.0013899731531477179,7.39126578589905e-4,8.44171238476316e-4,0.0012943430132590923,5.612182406278379e-4,3.30001050719743e-4,6.099780331192971e-4,6.460688170036566e-4,6.109953164518586e-4,1.8239036123786118e-4,4.246589343609425e-4,1.8999940163950775e-4,1.3000105036500186e-4,3.7999620781190745e-4,0.002119962689089262,0.002149964075298175,0.00210947709989561,0.003156657898418027,0.008700022461814914,0.001349985717459612,0.0034919484256855995,0.0026100302952878052,0,1.9999999999999998e-4,9.000066363606198e-4,1.5603704753839508e-4,0.0012936677557542843,0,0,0,0,0,0,0,0,0,0,0,0,1.2896196326463104e-5,1.9000512661387152e-4,2.6999917015891456e-4,8.218536270977433e-4,3.59995420801888e-4,2.0000296850417073e-4,2.699962774537784e-4,8.999894873322353e-4,7.29999668181969e-4,5.400044923629829e-4,2.600007520993697e-4,3.2000856373868365e-4,6.600007640003056e-4,6.999976152433644e-4,3.563353628211623e-4,0.0016000031947350766,0.0022000205959082798,0.002069927913108687,0.0018500150065516407,0.0026587515340003526,0.003720498065793061,3.3999981626597333e-4,0.0010999874667164589,9.438757007629237e-5,0,3.4661167382329176e-6,0.0045699603582440166,5.515719848959897e-4,0.0011299968310018562,6.500019549322942e-4,0.0016000327037854632,9.500193535900909e-4,4.3000553466801533e-4,0.004119924235092424,0.001,0.0025000456246007845,0.0015000020054761122
SWZ,0.0010230513426217993,6.999990182892709e-4,0.0011000109501040258,0.001078589209930518,0.0025099698538655997,0.0013899990875079842,7.39126578589905e-4,0.0012333933307596277,0.0013401948390632874,5.612182406278379e-4,0.0011800069182965086,4.24990612091626e-4,6.460688170036566e-4,9.000020896021396e-4,1.8239036123786118e-4,4.246589343609425e-4,1.9999375225042296e-4,1.9000016382431483e-4,4.2837526447038086e-4,0.0010893139841688653,0.001705528972884456,0.0020089605128388375,0.008332923131209083,0.002792099820204669,0.0013600219788845716,0.0035499279019466476,1.193798931733566e-4,0,5.311986377230133e-4,0.0019812390193210184,1.5603704753839508e-4,0.0011999959309067973,0,0,0,0,0,0,0,0,0,0,0,0,1.2896196326463104e-5,4.1110946243852806e-4,4.1428896645925026e-4,9.168732439421119e-4,3.275091768102338e-4,1.9999605304704766e-4,2.000025938991492e-4,8.999962262726895e-4,4e-4,5.533276957169082e-4,2.999978729589268e-4,2.857142857142857e-4,7.00005730002292e-4,6.999800915787378e-4,2.8601107524144217e-4,0.001899993457923545,0.0018500183891136447,0.0019499893775228384,0.0011999825314161564,0.0025780407003654906,0.014451141161910307,3.408806434550119e-4,0.0015999582855355096,9.438757007629237e-5,0,3.4661167382329176e-6,0.004599193752896631,0.0018027515217097574,6.000054763762818e-4,6.553842556551267e-4,0.0013999611829496105,8.750029172209387e-4,6.53258265424089e-4,0.0018036702865826747,0.0012596271006307383,0.0016431024154574545,0.0015000020054761122
TCD,0.00102305971284,0.000700000714758,0.000977366235391,0.00106159757482,0.00250942635052,0.00133259871805,0.00134674341689,0.0012334015082,0.00128726593751,0.000504711718789,0.00118000144518,0.000421256197396,0.000655661836716,0.000582007992767,0.000163377200952,0.000424658934361,0.00020000084914,0.000190600113335,0.000408730531426,0.0011854011289,0.00170127860611,0.00185656087029,0.00175723463064,0.00266730902493,0.0013561465709,0.00349194842569,0.000119379893173,0,0.00029181321026,0.00193124160121,0.000156037047538,0.00125042795409,0,0,0,0,0,0,0,0,0,0,0,0,1.28961963265e-05,0.000411110479467,0.000375242511054,0.000671870536849,0.00033136258278,0.000206122105388,0.000213120130837,0.000748888466148,0.000418169610618,0.00052871433078,0.000295515764061,0.000295048861112,0.000677102091882,0.000617590284508,0.00045100702032,0.00189999218522,0.00184998592003,0.00193964736586,0.00119999922657,0.00346239783022,0.0123219574608,0.00032201256279,0.00117398553887,9.43875700763e-05,0,3.46611673823e-06,0.00458844120408,0.00188825834904,0.000599995947539,0.000464022937095,0.00139998983175,0.000861217255053,0.000536370174219,0.00251639930436,0.00121968446976,0.00163209102776,0.00150000200548
TGO,0.00102305971284,0.000700000714758,0.000977366235391,0.00106159757482,0.00250942635052,0.00133259871805,0.00134674341689,0.0012334015082,0.00128726593751,0.000504711718789,0.00118000144518,0.000421256197396,0.000655661836716,0.000582007992767,0.000163377200952,0.000424658934361,0.00020000084914,0.000190600113335,0.000408730531426,0.0011854011289,0.00170127860611,0.00185656087029,0.00175723463064,0.00266730902493,0.0013561465709,0.00349194842569,0.000119379893173,0,0.00029181321026,0.00193124160121,0.000156037047538,0.00125042795409,0,0,0,0,0,0,0,0,0,0,0,0,1.28961963265e-05,0.000411110479467,0.000375242511054,0.000671870536849,0.00033136258278,0.000206122105388,0.000213120130837,0.000748888466148,0.000418169610618,0.00052871433078,0.000295515764061,0.000295048861112,0.000677102091882,0.000617590284508,0.00045100702032,0.00189999218522,0.00184998592003,0.00193964736586,0.00119999922657,0.00346239783022,0.0123219574608,0.00032201256279,0.00117398553887,9.43875700763e-05,0,3.46611673823e-06,0.00458844120408,0.00188825834904,0.000599995947539,0.000464022937095,0.00139998983175,0.000861217255053,0.000536370174219,0.00251639930436,0.00121968446976,0.00163209102776,0.00150000200548
THA,4.1579156804681737e-4,4.999982087088667e-4,9.228608220782025e-4,7.506303612925951e-4,0.0025093168630957825,0.0013899808376676703,7.39126578589905e-4,8.44171238476316e-4,0.0015781404204178156,0.0012000120887718814,7e-4,5e-4,6.460688170036566e-4,3.574499655859769e-4,1.8999815327793167e-4,4.246589343609425e-4,1.9000056750468193e-4,1.899990135148466e-4,4.0000608346514176e-4,0.0030000376293508936,0.013599643117852217,0.0012657314978005956,0.0021059401042869377,0.0029999999999999996,0.0013500195541650373,0.0034919484256855995,1.193798931733566e-4,0,1.9999889634469362e-4,8.999908750798429e-4,1.5603704753839508e-4,0.0016100452347527687,0,0,0,0,0,0,0,0,0,0,0,0,1.2896196326463104e-5,1.8999648805012847e-4,2.6999948006031305e-4,8.39890160470274e-4,3.5999980754333885e-4,1.999966487935657e-4,2.700003180965105e-4,9.000353232073472e-4,7.30000126268472e-4,5.533276957169082e-4,2.600033563617039e-4,3.200016405432932e-4,6.574771002473922e-4,6.99990135148466e-4,3.8595972476162133e-4,0.001600024384296513,0.004900020853124493,0.002069991862439853,0.0018499889531850085,0.0025780407003654906,0.003110752909701891,3.4000519403428066e-4,0.0011000109501040258,9.438757007629237e-5,0,3.4661167382329176e-6,0.004622069100191093,0.0011110633683736942,0.0011299629836215204,6.500047551117451e-4,0.0014999814220780026,8.000075568654122e-4,4e-4,0.004120064089311556,0.001,0.0015000282949465228,0.0015000020054761122
TJK,4.157818289289679e-4,5.149942152737251e-4,0.0011399705079351173,7.50644242904523e-4,0.0025093168630957825,0.001322162746738399,7.39126578589905e-4,8.44171238476316e-4,0.0014136775093032078,5.612182406278379e-4,3.2999589911259023e-4,4.08769028227842e-4,6.460688170036566e-4,6.109953164518586e-4,1.8239036123786118e-4,4.246589343609425e-4,1.9000104578701624e-4,1.3000456256416105e-4,3.8000394594061356e-4,0.002119999051952977,0.0021499775617053103,0.001336936393108059,0.007040537363954773,0.002467580621915937,0.001350031937220549,0.0034919484256855995,1.193798931733566e-4,0,5.311986377230133e-4,9.000486677211339e-4,1.5603704753839508e-4,0.0012936677557542843,0,0,0,0,0,0,0,0,0,0,0,0,1.2896196326463104e-5,1.9000202671658116e-4,2.699991713264096e-4,5.997274259310827e-4,3.5998765050941644e-4,2e-4,2.4263488170914055e-4,6.54442536727919e-4,6.362196083924689e-4,5.533276957169082e-4,2.6000319335781573e-4,3.4639157773502923e-4,6.574771002473922e-4,7.000048695099478e-4,3.8688665478947516e-4,0.0015999966559098436,0.002200012036487753,0.0020700222210738462,0.0018500225295483693,0.0022000237840409083,0.003737688360907711,3.4000342128897063e-4,0.0010965263099773723,9.438757007629237e-5,0,3.4661167382329176e-6,0.004569943289224952,7.178447211187685e-4,0.0011299992926363444,6.499951973873787e-4,0.0016000218348557083,9.499910733768423e-4,6.53258265424089e-4,0.0018036702865826747,0.0012596271006307383,0.0016431024154574545,0.0015000020054761122
TKM,0.000764503649671,0.000515001744517,0.00110658960463,0.00113814506679,0.00250998796754,0.00139000550136,0.000775917220763,0.000790773281207,0.0020383188438,0.000554971575002,0.000329998828682,0.000470689270557,0.000646068817004,0.000583226310894,0.000182390361238,0.000424658934361,0.00018999969316,0.000129999701032,0.000379997841078,0.00175958994395,0.0019790588161,0.00182745015789,0.00214436770547,0.00630292993633,0.00134999135512,0.00350533597415,0.000119379893173,0,0.000199999409955,0.00131586241082,0.000156037047538,0.00222302152717,0,0,0,0,0,0,0,0,0,0,0,0,1.28961963265e-05,0.000189999842307,0.000269998298061,0.000618582337522,0.000359998804284,0.000200003122497,0.000270001302857,0.000862215973583,0.000730005380872,0.00055025254311,0.000260000359877,0.000319997475542,0.000659999345779,0.000699992598708,0.000330725340537,0.00159999448144,0.0021999874723,0.00205041313722,0.00184999400511,0.0021263973594,0.00404243472664,0.00034000158896,0.00109973461598,9.43875700763e-05,0,3.46611673823e-06,0.0045706998117,0.000665545496234,0.00113000187084,0.000650002144768,0.0016000102679,0.000949994468289,0.000429998522349,0.0035854590969,0.00101997131543,0.0017749356208,0.00150000200548
TLS,0.000544697026268,0.000466666504342,0.00105427721152,0.000819422839939,0.00250952188056,0.00103739051666,0.00073912657859,0.000844171238476,0.0023260610945,0.00109999688102,0.000600000557441,0.000469582615558,0.000530713555199,0.000493285031554,0.000187466318152,0.000346438810578,0.000190000483851,0.00016999877235,0.000442789321645,0.00244637302376,0.00556842205866,0.00164695039853,0.00175989054997,0.00266667947388,0.00133333768559,0.00351128824828,0.000119379893173,0,0.000420799775955,0.0012604204465,0.000156037047538,0.00129366775575,0,0,0,0,0,0,0,0,0,0,0,0,4.1930797551e-05,0.000202507582982,0.000271699733185,0.000670687547816,0.000373339486856,0.000206628394238,0.00026088142764,0.000618143248839,0.000619999551092,0.000553327695717,0.000240002963318,0.000280001279802,0.000657477100247,0.000533328791109,0.000403258154989,0.00153334248686,0.00373327704895,0.00191334151285,0.00153329931753,0.00255440524731,0.00290373699043,0.000293623691281,0.00109768768286,0.000162924381873,0,3.46611673823e-06,0.00395482677016,0.00115138936159,0.00105332803259,0.000668461134133,0.00120001097472,0.00076666743643,0.000568838843616,0.00257581758006,0.00108654236688,0.0015954076937,0.00150000200548
TTO,4.15781721259732e-4,5.150000191400015e-4,0.0011400009299297902,7.506363875158202e-4,0.0025099766400622932,0.001322162746738399,7.39126578589905e-4,8.44171238476316e-4,0.0027000305623471883,4.8000402333534496e-4,3.3000382771631155e-4,6.100181050090525e-4,3.199995755833077e-4,3.803750423382325e-4,1.8239036123786118e-4,4.246589343609425e-4,1.9000299201844708e-4,1.3000021856490285e-4,3.799981750159686e-4,0.0021199986095178504,0.002150010702175358,0.00209181812130426,0.001146822156081318,0.008700073000312858,0.0013499879480734136,0.0035501219619713757,1.193798931733566e-4,0,2.000049518433237e-4,8.999918890420959e-4,1.5603704753839508e-4,0.0012936677557542843,0,0,0,0,0,0,0,0,0,0,0,0,1.2896196326463104e-5,1.9000124500269752e-4,2.4509583108551467e-4,7.387993075585025e-4,3.6000133813948433e-4,2.0000299356383774e-4,2.700003359424866e-4,8.999980376381011e-4,7.299995088221008e-4,5.399942406521353e-4,2.5999978598638873e-4,3.200009574417157e-4,6.600084230792371e-4,6.999988740387106e-4,5.157671400040903e-4,0.0015999564489568166,0.002200090996410697,0.002070038673063868,0.001850026512948582,0.0025780407003654906,0.003038411092198953,3.3999600106638235e-4,0.0011000099545409295,9.438757007629237e-5,0,3.4661167382329176e-6,0.0045699411632219595,5.321137098981053e-4,0.0011299845323876712,6.499855921621362e-4,0.0016000443107547313,9.499960572487481e-4,4.3001195355191256e-4,0.004120043504709938,9.999999999999998e-4,0.0016431024154574545,0.0015000020054761122
TUN,5.541264044214666e-4,5.150055763966339e-4,0.0011399706006926277,9.569804597188345e-4,0.0025093168630957825,0.001322162746738399,9.782837932366545e-4,1.5000204641263867e-4,0.0020816171471987844,5.612182406278379e-4,3.3000742781991876e-4,4.08769028227842e-4,6.460688170036566e-4,6.109953164518586e-4,1.8239036123786118e-4,4.246589343609425e-4,1.90001374388738e-4,1.299981750159686e-4,3.799939168124097e-4,0.0021200400329683265,0.0021500268384326356,0.0028928560172296054,0.010004980539337753,0.008699813050832369,0.0013499843570758162,0.0034919484256855995,1.193798931733566e-4,0,2e-4,8.999969068019426e-4,1.5603704753839508e-4,0.0012936677557542843,0,0,0,0,0,0,0,0,0,0,0,0,1.2896196326463104e-5,1.8999856431018233e-4,2.699997655263431e-4,6.485173002855034e-4,3.600141773786589e-4,1.9999999999999998e-4,2.70000456683564e-4,8.999906375807509e-4,7.29993824693959e-4,5.533276957169082e-4,2.6000120723738816e-4,3.199937974139988e-4,6.60002819681376e-4,6.999939632563538e-4,3.7500698086337055e-4,0.0015999768438115084,0.002199968498453937,0.001815503263780918,0.0018500163792596574,0.0020137385512073273,0.003746793821370353,3.399888558692422e-4,0.0011000039248008164,9.438757007629237e-5,0,3.4661167382329176e-6,0.0045699625915700025,6.182678890991112e-4,0.001129982285208149,6.500066242713301e-4,0.0016000218023750964,9.499863621711424e-4,4.3000415538909043e-4,0.004119913360062676,9.999999999999998e-4,0.0016431024154574545,0.0015000020054761122
TUR,0.0015491244096241127,5.150143458548031e-4,0.0011400153301456362,0.002010009446338473,0.002509973209794218,0.0013900302429867555,7.39126578589905e-4,8.44171238476316e-4,0.0015781404204178156,5.612182406278379e-4,3.299976374497958e-4,4.08769028227842e-4,6.460688170036566e-4,2.4999824419707134e-4,1.8239036123786118e-4,4.246589343609425e-4,1.900037703546958e-4,1.2999908750798428e-4,3.79997126023854e-4,0.0021199565946532503,0.002149998413051068,0.002139738750626528,0.00271752101731792,0.008699971434919225,0.0013500174736923855,0.0034919484256855995,1.193798931733566e-4,0,2e-4,8.999627560521415e-4,1.5603704753839508e-4,0.003710029636562159,0,0,0,0,0,0,0,0,0,0,0,0,1.2896196326463104e-5,1.8999964606404023e-4,2.6999284525251944e-4,5.541142437727766e-4,3.5999541575569506e-4,2.0000308005051282e-4,2.7e-4,9.00010465998587e-4,7.299962208403475e-4,5.533276957169082e-4,2.600042369419802e-4,3.199922926587575e-4,6.599842429451367e-4,6.999947739448665e-4,3.2255591861586494e-4,0.0016000099611515092,0.002199965503363422,0.001815503263780918,0.0018499975799230414,0.0012547497672546109,0.0037379407474050184,3.4000593119810197e-4,0.0010965263099773723,9.438757007629237e-5,0,3.4661167382329176e-6,0.0045700184498519425,7.708425260471857e-4,0.0011300087379852702,6.499923768867205e-4,0.001600036124992474,9.499910733768423e-4,4.3001058510055843e-4,0.004120103235321228,0.001,0.0025000182501733765,0.0015000020054761122
TZA,0.0010230560605258361,6.999985230151169e-4,9.228608220782025e-4,0.0010785765920591406,0.0025093168630957825,0.001322162746738399,0.0013973348601194486,0.0012334185447038816,0.0016186173227200175,5.000011168841612e-4,0.001180007774863571,4.249965504437307e-4,6.616443847115135e-4,8.988473182723037e-4,1e-4,2.0000608346514172e-4,2.0000146733528242e-4,1.89999004545907e-4,4.000123731749567e-4,0.0010893238294493604,0.0017000033181803096,0.0017351567482359789,0.0017883199016419452,0.00279213431882471,0.0013600095069944316,0.003549981224183252,1.193798931733566e-4,0,2.1999517994858615e-4,0.0019812390193210184,1.5603704753839508e-4,0.0011999966575305836,0,0,0,0,0,0,0,0,0,0,0,0,1.2896196326463104e-5,4.111114392887734e-4,4.142883477736254e-4,0.002484131226705261,3.274971045169535e-4,1.9999719558023445e-4,1.9999311342194063e-4,9.000143588761785e-4,3.999995194335082e-4,5.000048914585351e-4,2.999942063691315e-4,2.857174658296603e-4,6.999770799908321e-4,7.000036500346754e-4,1.9379921308236648e-4,0.0018999988646555932,0.0018500018991909448,0.001949927455545433,0.0011999832416277967,0.002802442918034937,0.013709317921609804,3.0000000000000003e-4,0.0016000292002774025,9.438757007629237e-5,0,3.4661167382329176e-6,0.004572116149546545,0.001792224570736457,5.99996611433025e-4,2.9999485429066397e-4,0.0014000065121125293,8.750148780003967e-4,3.9999026669262217e-4,0.004120064152195554,0.001,0.0016431024154574545,0.0015000020054761122
UGA,0.00102305971284,0.000700000714758,0.000977366235391,0.00106159757482,0.00250942635052,0.00133259871805,0.00134674341689,0.0012334015082,0.00128726593751,0.000504711718789,0.00118000144518,0.000421256197396,0.000655661836716,0.000582007992767,0.000163377200952,0.000424658934361,0.00020000084914,0.000190600113335,0.000408730531426,0.0011854011289,0.00170127860611,0.00185656087029,0.00175723463064,0.00266730902493,0.0013561465709,0.00349194842569,0.000119379893173,0,0.00029181321026,0.00193124160121,0.000156037047538,0.00125042795409,0,0,0,0,0,0,0,0,0,0,0,0,1.28961963265e-05,0.000411110479467,0.000375242511054,0.000671870536849,0.00033136258278,0.000206122105388,0.000213120130837,0.000748888466148,0.000418169610618,0.00052871433078,0.000295515764061,0.000295048861112,0.000677102091882,0.000617590284508,0.00045100702032,0.00189999218522,0.00184998592003,0.00193964736586,0.00119999922657,0.00346239783022,0.0123219574608,0.00032201256279,0.00117398553887,9.43875700763e-05,0,3.46611673823e-06,0.00458844120408,0.00188825834904,0.000599995947539,0.000464022937095,0.00139998983175,0.000861217255053,0.000536370174219,0.00251639930436,0.00121968446976,0.00163209102776,0.00150000200548
UKR,4.157794246844637e-4,5.149987731064944e-4,0.0011399918623297672,7.50633323479556e-4,0.002509998774924874,0.001390026882738253,9.782720232910545e-4,8.44171238476316e-4,0.00425,5.612182406278379e-4,3.3000079045024676e-4,4.08769028227842e-4,6.460688170036566e-4,6.109953164518586e-4,1.8239036123786118e-4,4.246589343609425e-4,1.9000174616817805e-4,1.2999724527392305e-4,3.800022121446743e-4,0.0013391190712748178,0.0021499855921621363,0.0023347090778046142,0.0013773495350958636,0.008700222652115194,0.001350004932425767,0.0034919484256855995,1.193798931733566e-4,0,2e-4,0.0019812390193210184,1.5603704753839508e-4,0.0012936677557542843,0,0,0,0,0,0,0,0,0,0,0,0,1.2896196326463104e-5,1.8999553253508728e-4,2.700031650086572e-4,6.931330106109805e-4,3.5999999999999997e-4,2.000039180347138e-4,2.700118063754427e-4,8.999869178440607e-4,7.299968257327267e-4,5.533276957169082e-4,2.599991740201814e-4,3.200046173381046e-4,6.599816639926656e-4,7.000079636855937e-4,3.384043782446617e-4,0.0016,0.0021999741357013537,0.002070004711918536,0.001850010461345329,0.0012750716871172746,0.0032192826109231788,3.399970130784493e-4,0.0011000109501040258,9.438757007629237e-5,0,3.4661167382329176e-6,0.004573118743884568,5.882627074503956e-4,0.0011299822852081488,6.499959299959301e-4,0.0015999711586992575,9.50022040996253e-4,4.2999601822766887e-4,0.004120043504709938,0.0010000000000000002,0.0025000182501733765,0.0015000020054761122
URY,0.001701249772470637,6.000026326626938e-4,0.0012000194666147556,0.001311935415416699,0.0025093168630957825,0.0011999963224139675,7.39126578589905e-4,8.44171238476316e-4,0.003000245248905968,4.000025560085371e-4,7.000055007853899e-4,3.9999999999999996e-4,6.460688170036566e-4,0.0024000199163513244,1.8239036123786118e-4,4.246589343609425e-4,1.607678832089772e-4,7.000090123469153e-4,7.000265463233343e-4,0.002,0.0018999895713838774,0.0024603552707628267,0.0027188238809053647,0.002900025550242727,0.0019000211595429537,0.0034919484256855995,1.193798931733566e-4,0,2e-4,0.002399990266692622,0.0021999348215740594,0.0012936677557542843,0,0,0,0,0,0,0,0,0,0,0,0,1.2896196326463104e-5,6.00009622092324e-4,4e-4,7.464129832989933e-4,3.999945816252754e-4,3.999981433862778e-4,3.999913915551156e-4,5.999921505524049e-4,5e-4,5.533276957169082e-4,3.999884812532396e-4,5e-4,0.001,4.999906808566156e-4,4.4356360065909864e-4,0.0019000066721526587,0.001900037040831606,0.0021000189055410423,0.0015999922410511438,0.0014479030359371855,0.005710361861538636,5.00013183915623e-4,0.0013999895713838774,9.438757007629237e-5,0,3.4661167382329176e-6,0.00290357954168964,5.623841657976564e-4,6.999987138759919e-4,0.001050021064457239,0.0011000236127508853,4.999920653812585e-4,6.000044923125302e-4,7.000048089639087e-4,0.0019001165605666637,0.0016431024154574545,0.0015000020054761122
USA,4.157790522416212e-4,5.150055214064439e-4,0.0011399592896750193,7.506323489796703e-4,0.0025099698538655997,0.0013900435972827741,7.39126578589905e-4,1.4999696144683743e-4,0.0042499297088669065,4.800115874855156e-4,3.300005162410303e-4,6.099976457663031e-4,3.199976850065591e-4,5.123566961307859e-4,1.8239036123786118e-4,4.246589343609425e-4,1.9000564112860816e-4,1.300018930512646e-4,3.800083772139779e-4,0.0021199673356264385,0.0021500164251560387,0.002138379135092364,9.307495146835582e-4,0.008699881376037959,0.0013500391909123878,0.0035500026611315133,1.193798931733566e-4,0,1.9999025151101578e-4,9.000255502427273e-4,1.5603704753839508e-4,0.0037099672437997193,0,0,0,0,0,0,0,0,0,0,0,0,1.2896196326463104e-5,1.900048798082023e-4,2.700004373635724e-4,8.566699860181404e-4,3.599919102941507e-4,2e-4,2.699965179711378e-4,9.000353232073472e-4,7.299795258677699e-4,5.4e-4,2.6000840132893747e-4,3.1999954775176095e-4,6.600103140041256e-4,7.000145394625246e-4,3.5171869836954985e-4,0.0015999958289087905,0.002200004634027665,0.0020699668936736523,0.0018500559826492935,0.00230755991433013,0.0033952249807884002,3.3999965188937046e-4,0.0010965263099773723,9.438757007629237e-5,0,3.4661167382329176e-6,0.0045698987928014766,5.379593553327623e-4,0.0011299934258865384,6.499875697787422e-4,0.0016000113166977877,9.500099186669311e-4,4.3001166067437567e-4,0.004120086904997038,0.001,0.0016431024154574545,0.0015000020054761122
UZB,4.157718138028899e-4,5.149959495007419e-4,0.0011400002796928973,7.506443588292878e-4,0.0025093168630957825,0.001390010950237255,7.39126578589905e-4,8.44171238476316e-4,0.002627387735241952,5.612182406278379e-4,3.3000264131483574e-4,4.08769028227842e-4,6.460688170036566e-4,6.109953164518586e-4,1.8239036123786118e-4,4.246589343609425e-4,1.8999963753669943e-4,1.9782084491720402e-4,3.8000511004854546e-4,0.0013391190712748178,0.001705528972884456,0.0025430781299885905,0.007372983227224303,0.002467580621915937,0.0013098437397964734,0.0034919484256855995,1.193798931733566e-4,0,5.311986377230133e-4,8.999585234342597e-4,1.5603704753839508e-4,0.0012936677557542843,0,0,0,0,0,0,0,0,0,0,0,0,1.2896196326463104e-5,1.8999955184470778e-4,2.7000025228952743e-4,6.208771142837286e-4,3.59998603303188e-4,1.9999786862185087e-4,2.6999758961468266e-4,8.999775734469612e-4,6.362196083924689e-4,5.533276957169082e-4,2.599932409597837e-4,3.200035784576847e-4,6.574771002473922e-4,7.000071044905337e-4,3.323350709019916e-4,0.001599994303198042,0.002199977339678223,0.0020700286806883367,0.0018499886441062912,0.0015775344861962504,0.0038279156142039853,3.4000279642058167e-4,0.0010965263099773723,9.438757007629237e-5,0,3.4661167382329176e-6,0.004573308669678867,5.46009769544256e-4,0.0011300064779860162,6.553842556551267e-4,0.0015999999999999999,9.500119019281124e-4,6.53258265424089e-4,0.0018036702865826747,0.0012596271006307383,0.0016431024154574545,0.0015000020054761122
VCT,4.15777930079791e-4,5.150047602487871e-4,9.228608220782025e-4,7.50642555535157e-4,0.0025093168630957825,0.0013900023227262168,7.39126578589905e-4,8.44171238476316e-4,0.0015781404204178156,4.7999705405803503e-4,3.3000298677036423e-4,6.100026390568133e-4,3.1999827271381333e-4,5.899955885093645e-4,1.8239036123786118e-4,4.246589343609425e-4,1.8999903023331248e-4,1.3000094804702314e-4,4.2837526447038086e-4,0.0021199927000638743,0.0021499379516753047,0.002213986143077859,0.002258156683223864,0.008699441340782123,0.001349970291146762,0.0034919484256855995,1.193798931733566e-4,0,1.9999781334732793e-4,0.0019812390193210184,1.5603704753839508e-4,0.0012936677557542843,0,0,0,0,0,0,0,0,0,0,0,0,1.2896196326463104e-5,1.8999894447962846e-4,2.700022040996253e-4,9.675705963423562e-4,3.599984674645674e-4,2.000029767884917e-4,2.6999530442948816e-4,8.999617114961233e-4,7.300096932467311e-4,5.400050097390823e-4,2.599903106098822e-4,3.200049786850048e-4,6.574771002473922e-4,6.99994592548532e-4,4.7845701977402444e-4,0.0015999935839856282,0.0022,0.002070014129357431,0.001850025719585911,0.0025780407003654906,0.005553947378081312,3.408806434550119e-4,0.0010999903947747577,9.438757007629237e-5,0,3.4661167382329176e-6,0.0045700126210402835,5.803964011136071e-4,0.0011299929667984382,6.500170311329109e-4,0.0016000076969702797,9.499817451624681e-4,4.3000594819661493e-4,0.0041199632788045705,0.001,0.0016431024154574545,0.0015000020054761122
VEN,0.0017012877807436168,6.000051850446937e-4,0.0012000243338605669,0.001311953885018336,0.0025093168630957825,0.0012000000000000001,7.39126578589905e-4,8.44171238476316e-4,0.0029999818237999164,3.999965672897036e-4,6.999987319782408e-4,3.999963789763366e-4,3e-4,6.000041831815188e-4,1.8239036123786118e-4,8.999968398432563e-4,1.607678832089772e-4,6.999924853195351e-4,6.99990875079843e-4,0.0020000276514261224,0.0018999918890420958,0.002417842251070943,0.0030327352006290454,0.002900025550242727,0.001899990875079843,0.001900037551633496,1.193798931733566e-4,0,1.9999460072350303e-4,0.0019812390193210184,0.002200024333860567,0.0012936677557542843,0,0,0,0,0,0,0,0,0,0,0,0,1.2896196326463104e-5,5.999880271783052e-4,4.000017262287512e-4,6.014108672097945e-4,3.9999884551888157e-4,4.000000000000001e-4,3.999941336931335e-4,6.54442536727919e-4,5e-4,7.000201216718969e-4,3.9999269219526454e-4,4.999969601352133e-4,6.574771002473922e-4,5e-4,6.067085728035604e-4,0.0019000019149384348,0.001899962348307122,0.0020999629408826517,0.0016000152855532416,0.0018043471241154442,0.00792218514664287,4.999816749129559e-4,0.0014000066363606197,9.438757007629237e-5,0,3.4661167382329176e-6,0.0029019360771343834,5.626212939049987e-4,6.999922833551971e-4,0.0010499959810304639,0.00109999405151389,5.000208811860513e-4,5.999937204665694e-4,7.000110607233714e-4,0.0019000146360842202,0.0016431024154574545,0.0015000020054761122
VNM,0.000544697026268,0.000466666504342,0.00105427721152,0.000819422839939,0.00250952188056,0.00103739051666,0.00073912657859,0.000844171238476,0.0023260610945,0.00109999688102,0.000600000557441,0.000469582615558,0.000530713555199,0.000493285031554,0.000187466318152,0.000346438810578,0.000190000483851,0.00016999877235,0.000442789321645,0.00244637302376,0.00556842205866,0.00164695039853,0.00175989054997,0.00266667947388,0.00133333768559,0.00351128824828,0.000119379893173,0,0.000420799775955,0.0012604204465,0.000156037047538,0.00129366775575,0,0,0,0,0,0,0,0,0,0,0,0,4.1930797551e-05,0.000202507582982,0.000271699733185,0.000670687547816,0.000373339486856,0.000206628394238,0.00026088142764,0.000618143248839,0.000619999551092,0.000553327695717,0.000240002963318,0.000280001279802,0.000657477100247,0.000533328791109,0.000403258154989,0.00153334248686,0.00373327704895,0.00191334151285,0.00153329931753,0.00255440524731,0.00290373699043,0.000293623691281,0.00109768768286,0.000162924381873,0,3.46611673823e-06,0.00395482677016,0.00115138936159,0.00105332803259,0.000668461134133,0.00120001097472,0.00076666743643,0.000568838843616,0.00257581758006,0.00108654236688,0.0015954076937,0.00150000200548
VUT,0.000544697026268,0.000466666504342,0.00105427721152,0.000819422839939,0.00250952188056,0.00103739051666,0.00073912657859,0.000844171238476,0.0023260610945,0.00109999688102,0.000600000557441,0.000469582615558,0.000530713555199,0.000493285031554,0.000187466318152,0.000346438810578,0.000190000483851,0.00016999877235,0.000442789321645,0.00244637302376,0.00556842205866,0.00164695039853,0.00175989054997,0.00266667947388,0.00133333768559,0.00351128824828,0.000119379893173,0,0.000420799775955,0.0012604204465,0.000156037047538,0.00129366775575,0,0,0,0,0,0,0,0,0,0,0,0,4.1930797551e-05,0.000202507582982,0.000271699733185,0.000670687547816,0.000373339486856,0.000206628394238,0.00026088142764,0.000618143248839,0.000619999551092,0.000553327695717,0.000240002963318,0.000280001279802,0.000657477100247,0.000533328791109,0.000403258154989,0.00153334248686,0.00373327704895,0.00191334151285,0.00153329931753,0.00255440524731,0.00290373699043,0.000293623691281,0.00109768768286,0.000162924381873,0,3.46611673823e-06,0.00395482677016,0.00115138936159,0.00105332803259,0.000668461134133,0.00120001097472,0.00076666743643,0.000568838843616,0.00257581758006,0.00108654236688,0.0015954076937,0.00150000200548
WSM,0.000493136376885,0.000483000688016,0.00104513282525,0.000722900283735,0.00250960153039,0.00119201386071,0.000809611964737,0.000706216717083,0.00201056341022,0.000996004627795,0.000565999845321,0.000502003174875,0.000580854439061,0.000345291409954,0.000186956341806,0.000377726959103,0.0001899999989,0.000165998482695,0.000416004520919,0.00259395211639,0.00886987190768,0.00218365148049,0.00211282080536,0.0039400006933,0.0013400062161,0.00349194842569,0.000119379893173,0,0.000179998966677,0.00122000657013,0.000156037047538,0.00190347248679,0,0,0,0,0,0,0,0,0,0,0,0,3.03169570612e-05,0.000191997630038,0.000276000232954,0.000791095278313,0.000368002957933,0.000203975595092,0.00025599725911,0.000730901615033,0.000664000180409,0.000553327695717,0.000248000439527,0.000295997741105,0.000647496732433,0.000599996810476,0.000383704696705,0.00156001757361,0.00366000512424,0.00197600156925,0.00165999542598,0.00244911429448,0.00349150865594,0.000312003151483,0.00089999242779,0.000135508955568,0,3.46611673823e-06,0.0042513922539,0.0010670365522,0.00108398392706,0.00066000177216,0.00133999688608,0.000809997833946,0.00050600028479,0.00339603042182,0.00106000013061,0.00172863993102,0.00150000203178
YEM,0.0015491305060593447,5.149904649528878e-4,9.228608220782025e-4,0.0020100058547700556,0.0025093168630957825,0.0013900379598987735,0.0027106818948904156,8.772741599669714e-4,0.002203404280154831,5.612182406278379e-4,3.299986004956954e-4,6.100070972320795e-4,6.460688170036566e-4,6.109953164518586e-4,1.8239036123786118e-4,4.246589343609425e-4,1.9000254527185768e-4,1.299990135148466e-4,3.79998009091814e-4,0.0021199700822737474,0.0021499697733572106,0.0023264151864017253,0.007032431706189163,0.002467580621915937,0.0013499949305485147,0.0034919484256855995,1.193798931733566e-4,0,2e-4,8.999739289128356e-4,1.5603704753839508e-4,0.00370987365465606,0,0,0,0,0,0,0,0,0,0,0,0,1.2896196326463104e-5,1.9000100701131628e-4,2.700021784910319e-4,4.777837197110387e-4,3.599993394052996e-4,1.9999999999999998e-4,2.700068870523416e-4,9.000353232073472e-4,7.299891561910116e-4,5.533276957169082e-4,2.599905040753343e-4,3.1999770980347254e-4,6.60000222833777e-4,7.000029544715927e-4,3.275064467670391e-4,0.0015999999999999999,0.0022000400781523968,0.002070039580106694,0.0018499973951851445,0.0015000076907695384,0.0037364283005114477,3.408806434550119e-4,0.0010999343017738521,9.438757007629237e-5,0,3.4661167382329176e-6,0.004570010356943666,0.0013988174376470593,0.0011300002122105978,6.499791196859601e-4,0.0016,6.95869772096584e-4,4.299980533385245e-4,0.0018036702865826747,0.0012596271006307383,0.0016431024154574545,0.0015000020054761122
ZAF,0.0010230673261017798,7.000066130934986e-4,0.001100009124920157,0.0010786187061314657,0.002510037717483879,0.0013899736147757256,0.0013973887325975619,0.0012333786125312855,0.0013761245779981143,5.612182406278379e-4,0.00118000493719767,4.2499025123948525e-4,6.460688170036566e-4,6.109953164518586e-4,1.8239036123786118e-4,4.246589343609425e-4,1.999968992728795e-4,1.8999866927741765e-4,4.0000608346514176e-4,0.0010893420048445433,0.001699948193849197,0.0020743971028260757,0.003256998117362947,0.0027921160035836346,0.0013599864188099484,0.0034919484256855995,1.193798931733566e-4,0,2.199959160753484e-4,0.0019812390193210184,1.5603704753839508e-4,0.0012936677557542843,0,0,0,0,0,0,0,0,0,0,0,0,1.2896196326463104e-5,4.111144223537258e-4,4.1428820792031406e-4,6.929369002463603e-4,3.275014863333553e-4,2.0000493388592854e-4,1.9999999999999998e-4,9.000065412205919e-4,4.000030175242722e-4,5.533276957169082e-4,3.0000000000000003e-4,2.857164610933455e-4,6.999839563613028e-4,6.999999999999999e-4,3.9339271431108186e-4,0.0018999865802925497,0.0018500173430454389,0.0019500229955541927,0.0012000019840482522,0.002716114396824111,0.013692199171701855,2.999919831110874e-4,0.0015999675561683834,9.438757007629237e-5,0,3.4661167382329176e-6,0.004600026010890648,0.0017999714072053842,5.999915117562177e-4,2.9999332977588046e-4,0.0014000035863503506,8.749504086328652e-4,4e-4,0.004119924235092424,0.001,0.0016431024154574545,0.0015000020054761122
ZMB,0.00102305650042,0.000700001322494,0.0010240862964,0.00105179267967,0.00250941368259,0.00137062181086,0.00125632365956,0.00114999341521,0.00140252243447,0.000508748852394,0.00118000514658,0.000424997565215,0.000656088053277,0.000622369831358,0.000141195180619,0.000376517387098,0.000199998936792,0.000189999324937,0.000414186176985,0.00112501943901,0.00170157905509,0.00174014757097,0.00245247411687,0.00272259160959,0.00135999920293,0.00350439165274,0.000119379893173,0,0.000286684873924,0.00193481004337,0.000156037047538,0.00122006734953,0,0,0,0,0,0,0,0,0,0,0,0,1.28961963265e-05,0.000411111307257,0.000402201595239,0.000916299236814,0.000327499909107,0.00020852481232,0.000206090212003,0.000829845597174,0.000416873064254,0.000526664269613,0.000299999251781,0.0002857136604,0.000687847373151,0.00069999772336,0.000407198767313,0.00190000306403,0.00185000993777,0.00194039664313,0.00119999975408,0.0032098539761,0.0116105935759,0.000317521062392,0.00152809174347,9.43875700763e-05,0,3.46611673823e-06,0.00458723555958,0.00185289572717,0.000599998320364,0.000325384283468,0.00140000994407,0.000875001971697,0.000436177624215,0.00296185578647,0.00114835834322,0.00164310241546,0.00150000200548
ZWE,0.0010230515498472626,6.999949069672689e-4,0.0011000104286161229,0.0010785909007494543,0.0025093168630957825,0.001390006205058948,0.0013973836428867793,0.0012334140348341405,0.0011999556615581973,4.999877560682287e-4,0.0011800061293288384,4.2500724217844725e-4,6.460688170036566e-4,8.999701996622629e-4,1.8239036123786118e-4,4.246589343609425e-4,1.9999910794331872e-4,1.9000247463499132e-4,4.2837526447038086e-4,0.0010893351514400232,0.0017000248059817855,0.0019231771480511008,0.0029013135119244802,0.002792188830758,0.0013600082641782307,0.0035501413297284014,1.193798931733566e-4,0,2.1999017336983226e-4,0.0019812390193210184,1.5603704753839508e-4,0.0012936677557542843,0,0,0,0,0,0,0,0,0,0,0,0,1.2896196326463104e-5,4.1111073978767726e-4,4.1428291710425606e-4,0.0011822899618623265,3.2750099335670916e-4,1.9999999999999998e-4,1.9999384870899778e-4,6.54442536727919e-4,4.00005370761574e-4,5.533276957169082e-4,3.000023439514333e-4,2.8571830391674286e-4,6.574771002473922e-4,7.000071725720844e-4,2.6948167992819406e-4,0.0019000437004168347,0.0018500393901478285,0.0019499877521025558,0.0012000309618824825,0.003000830515100211,0.014120617613519217,3.0000995321986665e-4,0.0016000292002774027,9.438757007629237e-5,0,3.4661167382329176e-6,0.004600064026342267,0.0018001162131944305,5.999922124445136e-4,3e-4,0.0014000749906261719,8.750247966673279e-4,6.53258265424089e-4,0.0018036702865826747,0.001,0.0016431024154574545,0.0015000020054761122
