ISO3,wheat,rice,barley,maize,rye,oats,millet,sorghum,othr_grains,cassava,potato,sweet_potato,yams,othr_roots,sugar_cane,sugar_non,raw_sugar,sweeteners,honey,beans,peas,othr_pulse,nuts,soyabeans,groundnut,seed_sunflower,seed_rape,seed_cotton,coconuts,seed_sesame,preserved_olives,seed_oilcrop,oil_soyabeans,oil_groundnut,oil_sunflower,oil_rape,oil_cotton,oil_palmkernel,oil_palm,oil_coconut,oil_sesame,oil_olive,oil_ricebran,oil_maize,oil_oilcrop,tomato,onion,othr_vegetables,orange,lemon,grapefruit,citrus,banana,plantains,apple,pineapple,dates,grapes,othr_fruits,beef,lamb,pork,poultry,othr_meat,offals,butter,cream,fat_ani,oil_fish_body,oil_fish_liver,eggs,milk,fish_freshw,fish_demrs,fish_pelag,fish_marine,crustaceans,cephalopods,othr_molluscs,fish_aquatic,fish_aquaticplant
AGO,0.0030424487465663353,7.278414282701905e-4,0.0013365294301129957,0.002737306364084855,0.0031589060956950382,0.006800014600138701,0.0019290152281401652,0.0015042858071315725,0.003296244696769313,3.999964057382389e-4,8.4e-4,9.000047295729196e-4,0.0031666435788324653,0.0016844516014324765,1.6908553133587464e-5,6.607691505523258e-5,0,1.100010950104026e-4,3.057586463533126e-5,0.008859222811510617,0.003902087155728654,0.003755858667874233,0.005956586677336011,0.007049976602714086,0.008739938080495356,0.014974489239088305,0.009910816089427319,0,7.000191436411206e-4,0.006799931866848356,4.914985379209765e-5,0.0024747958794801082,0,0,0,0,0,0,0,0,0,0,0,0,0,6.000018830973185e-4,5.000056327238726e-4,8.069985852820058e-4,9.000030552076014e-4,2.8953154730238396e-4,4.081496867092869e-4,3.699993409345548e-4,3e-4,6.467458184143425e-4,2e-4,6.857319934481384e-4,5.091301414936565e-4,6.899637091728195e-4,4.745055850967346e-4,6.000018108068955e-4,0.001799974491964969,0.007199959441744584,9.333468715449357e-4,7.000000000000001e-4,0.001751558838448414,9.999999999999999e-5,2.2168551746202015e-4,6.292511199161295e-5,0,2.0000135158999336e-4,6.848567530695771e-4,3.785355488593948e-4,7.000086617583369e-4,7.999999999999999e-4,0.0011999670497137443,7.500163945176734e-4,4.7001496514216887e-4,2.0000921743939534e-4,1.419690139988815e-4,0.0011847534324444051,5.000144036189739e-4
ALB,0.0012482220944855012,0.0018,0.0019099826626517017,0.0011111154065717973,0.0031600021791239924,0.007630032485308609,0.0013021295021853594,0.0015042858071315725,0.003296244696769313,4.370845002291372e-4,8.10002028809089e-4,7.800123762376237e-4,0.0031666435788324653,0.0016844516014324765,1.6908553133587464e-5,6.607691505523258e-5,0,1.0999983383920066e-4,3.057586463533126e-5,0.006900031439065722,0.003902087155728654,0.00919092487739722,0.004925256684952305,0.008740008030076286,0.006400041714464491,0.014974489239088305,0.009910816089427319,0,6.599906410856341e-4,0.007406903937167938,2.999931094902007e-5,0.0024747958794801082,0,0,0,0,0,0,0,0,0,0,0,0,0,3.7000064728177613e-4,4.599954166240022e-4,5.346708705697738e-4,8.60005645942247e-4,3e-4,3.5e-4,3.699978196089832e-4,3.100016500969432e-4,6.467458184143425e-4,1.6999954164183893e-4,7.899947516579989e-4,5.000054795121042e-4,9.200366155508955e-4,3.197404289986613e-4,8.000225543771937e-4,0.00119997863262131,0.005950001191298754,6.000017162520487e-4,0.0013165268462981018,0.001225790200207563,5.000176622275601e-5,2.2000182498403136e-4,6.292511199161295e-5,0,2.0000135158999336e-4,3.999985487585209e-4,1.3646511447968303e-4,8.000044095599259e-4,5.600012597036547e-4,0.001,7.600335037912184e-4,4.6999949655137697e-4,1.999941786005356e-4,2.599978840457046e-4,0.0011847534324444051,5.000144036189739e-4
ARE,0.004711668236338022,0.0018000034879563775,0.0013365294301129957,0.00385,0.0031589060956950382,0.006943228688856288,0.0013021295021853594,0.0015042858071315725,0.003296244696769313,8.699865694045769e-4,8.09994324453561e-4,7.800078346429476e-4,0.0031666435788324653,0.0014300096339113682,1.6908553133587464e-5,6.607691505523258e-5,0,1.0999854000389333e-4,3.057586463533126e-5,0.006899930291999071,0.00726,0.007063242091611565,0.003969305658116228,0.008739962689593641,0.00639996157909903,0.014974489239088305,0.009910816089427319,0,6.600004638254779e-4,0.006989942140269292,3.0000640368852455e-5,0.0024747958794801082,0,0,0,0,0,0,0,0,0,0,0,0,0,3.6999260848140527e-4,4.6000912091730367e-4,8.134660351512993e-4,8.600009801279067e-4,3.000010635695521e-4,3.5e-4,3.6999324073872186e-4,3.1000031335847166e-4,6.467458184143425e-4,1.7000123919925199e-4,7.899999999999999e-4,5e-4,9.199690234905197e-4,2.3816590901359493e-4,7.999925146899209e-4,0.0012,0.004065842431079392,6.000017528534994e-4,0.001598857383631587,0.001243685906809974,5.0001192250372575e-5,2.199972625239529e-4,6.292511199161295e-5,0,2.0000135158999336e-4,4.489023626218838e-4,3.96144604351325e-4,8e-4,5.5999896648171e-4,0.001,7.599962659862465e-4,4.700055442616891e-4,2.0000276518084283e-4,2.599962659862464e-4,0.0011847534324444051,5.000144036189739e-4
ARG,0.0019202154956986168,9.999859795394746e-4,0.0013365294301129957,0.0030000131456715683,0.0031589060956950382,0.004399955757106515,0.0013021295021853594,0.0015042858071315725,0.003296244696769313,4.99988971480248e-4,7.999940944987572e-4,0.0010000057607336872,0.0031666435788324653,0.0016844516014324765,1.6908553133587464e-5,6.607691505523258e-5,0,1.9999999999999998e-4,9.999999999999999e-5,0.004500121669302835,0.003902087155728654,0.003694852993115089,0.0028494632795730136,0.004969776308453613,0.007304414514339843,0.014974489239088305,0.009910816089427319,0,5.000109675579635e-4,0.012400233599377069,3.000036500346753e-4,0.0024747958794801082,0,0,0,0,0,0,0,0,0,0,0,0,0,6.000081277972433e-4,3.9999899497739956e-4,6.22671237462265e-4,5.999981903236606e-4,2.9999898504978333e-4,3.0000372259241333e-4,4.070978240380842e-4,4.999823841316258e-4,6.467458184143425e-4,3.9998846214863636e-4,7.000073030015337e-4,5.091301414936565e-4,3.9999999999999996e-4,2.7881147541496235e-4,7.000050383677563e-4,9.000148290946838e-4,0.007300219545933324,6.000006523518917e-4,0.0032138303319294566,0.0016273317466678795,9.999999999999999e-5,3.000060834651417e-4,6.292511199161295e-5,0,2.0000135158999336e-4,0.002499983503467571,2.999996923797141e-4,2e-4,7.999908084011214e-4,5e-4,8.000158696572153e-4,0.0013000336927223722,1.9999999999999996e-4,5.000125952515901e-4,0.0011847534324444051,5.000144036189739e-4
ARM,0.0047117097666906855,0.001800028257900438,0.0013365294301129957,0.003850009733307378,0.0031599598503513093,0.007630096986129941,0.0013021295021853594,0.0015042858071315725,0.0039000064897026436,4.370845002291372e-4,8.099985242518287e-4,5.568065980075054e-4,0.0031666435788324653,0.0016844516014324765,1.6908553133587464e-5,6.607691505523258e-5,0,1.0999963861081998e-4,3.057586463533126e-5,0.004408817267692809,0.003902087155728654,0.003755858667874233,0.001869160504515748,0.004969776308453613,0.006399917046868519,0.014974489239088305,0.009910816089427319,0,6.59998440180939e-4,0.006989974693400818,3e-5,0.0024747958794801082,0,0,0,0,0,0,0,0,0,0,0,0,0,3.699978946418635e-4,4.6000047322717274e-4,5.01965759130779e-4,8.600005877800527e-4,3.0000799275323707e-4,3.499945630504911e-4,3.7000619706672175e-4,3.0999432750241463e-4,6.467458184143425e-4,1.7000103365038703e-4,7.90002477359685e-4,5e-4,9.199949084998679e-4,2.591609214126109e-4,7.999944144219625e-4,0.0012,0.005949960153780136,6.000000000000001e-4,0.0013165268462981018,0.0013418620488374353,5.000101698362656e-5,2.200021900208052e-4,6.292511199161295e-5,0,2.0000135158999336e-4,4.1211220404511784e-4,1.0460615834805322e-4,7.999902434265085e-4,5.599942368648545e-4,0.001,7.600086561350357e-4,4.7000423400931485e-4,2.5993212060793894e-4,2.599978840457046e-4,0.0011847534324444051,5.000144036189739e-4
ATG,0.0019202328446582249,0.0010000103399428546,0.0013365294301129957,0.002999991141191687,0.0031589060956950382,0.004399955906129047,0.0013021295021853594,0.0015042858071315725,0.003296244696769313,5.000197511356904e-4,8.000065765676892e-4,0.001,0.00139998704075682,0.0016844516014324765,1.6908553133587464e-5,6.607691505523258e-5,0,2e-4,1e-4,0.004499974475470928,0.0051000317393144305,0.003755858667874233,0.004192752838328064,0.00729999668181969,0.004900032686859883,0.014974489239088305,0.009910816089427319,0,5e-4,0.007406903937167938,2.9999255121042833e-4,0.0024747958794801082,0,0,0,0,0,0,0,0,0,0,0,0,0,5.999849368288259e-4,4.0000220861470163e-4,7.004225223874317e-4,5.999997345427565e-4,2.9999428277399805e-4,2.999947295374291e-4,7.999854640598881e-4,5.000084868030213e-4,6.000000000000001e-4,3.999980502166697e-4,6.999958268998038e-4,9.00011460004584e-4,4.000024132147641e-4,3.717949653194183e-4,6.999832333260508e-4,9.000025673281816e-4,0.0072999116466231145,5.999962796999871e-4,0.0013165268462981018,0.0014305778547280593,5.4578272141110955e-5,2.999969583599477e-4,6.292511199161295e-5,0,2.0000135158999336e-4,9.453051226743081e-4,3.044773480274989e-4,1.9999773642989725e-4,7.999933219807005e-4,4.99996733669983e-4,7.99977612165205e-4,0.0012999817501596859,1.9999999999999998e-4,5.000124878243712e-4,0.0011847534324444051,5.000144036189739e-4
AUS,0.0012482059275165022,0.00180001750924286,0.0013365294301129957,0.0011111187025475912,0.003160031937949127,0.0076304015071235135,0.0013021295021853594,0.0015042858071315725,0.003296244696769313,8.69998024886431e-4,8.100051104423373e-4,7.799885938787149e-4,0.0031666435788324653,0.0010880445702646253,1.6908553133587464e-5,6.607691505523258e-5,0,1.0999907442060743e-4,3.057586463533126e-5,0.00689996045867932,0.007260048971149605,0.00643570587572014,0.0037948136618804413,0.008740096618357488,0.006399869643148118,0.014974489239088305,0.009910816089427319,0,6.599941507165371e-4,0.007406903937167938,2.99996893638171e-5,0.0024747958794801082,0,0,0,0,0,0,0,0,0,0,0,0,0,3.700051802016244e-4,4.5999966714930016e-4,7.552483259547988e-4,8.600022516250215e-4,3e-4,3.500051651113942e-4,3.699895342752486e-4,3.0999739486154044e-4,6.467458184143425e-4,1.6999319508200503e-4,7.900051845005973e-4,5.000069155336717e-4,9.200188595273663e-4,2.668730581127733e-4,8.000012693899312e-4,0.0012000115747439087,0.005949967870868181,5.999964278333024e-4,0.0012999892525122254,0.001152949817283906,5.000000000000001e-5,2.200018249840314e-4,6.292511199161295e-5,0,2.0000365003467531e-4,3.999976710189662e-4,6.353262371001137e-5,8.000312940071977e-4,5.600009336850214e-4,0.001,7.6e-4,4.699855880694279e-4,1.9999999999999998e-4,2.5999472660756073e-4,0.0012000182498403138,5.000144036189739e-4
AUT,0.0012482157703720637,0.0018000039673880701,0.0019100269189238513,0.001111122963089384,0.0031600663637019405,0.007629917925346347,0.0013021295021853594,0.0015042858071315725,0.003296244696769313,4.370845002291372e-4,8.100037981710345e-4,7.800027037074589e-4,0.0031666435788324653,0.0016844516014324765,1.6908553133587464e-5,6.607691505523258e-5,0,1.1000128664395853e-4,3.057586463533126e-5,0.0069000096052252435,0.00725984313116409,0.007070327592833775,0.002886376541751522,0.008739994450255075,0.006399893171904211,0.014800430757950692,0.009910816089427319,0,6.600265604249668e-4,0.00699001867112153,3e-5,0.011629587061817584,0,0,0,0,0,0,0,0,0,0,0,0,0,3.7000509626157235e-4,4.5999918166742486e-4,6.615832438033717e-4,8.599900959961474e-4,2.999916742985597e-4,3.4999717753316395e-4,3.6998953427524854e-4,3.0999820411887764e-4,6.467458184143425e-4,1.699986784501046e-4,7.900125164478963e-4,5e-4,9.200207939299422e-4,2.2230211000679186e-4,7.999955450617009e-4,0.0012000000000000001,0.005950011604843599,5.999904054305263e-4,0.0015774222505038525,0.0013291387924662934,5e-5,2.199987691317171e-4,6.292511199161295e-5,0,2.0000135158999336e-4,4.176460560342054e-4,8.127910689471605e-5,7.999999999999999e-4,5.599884879663273e-4,0.001,7.600154828720727e-4,4.699989317127019e-4,1.999965436195216e-4,2.599969334559951e-4,0.0012000208572322453,5.000144036189739e-4
AZE,0.0047118189267638996,0.001799993240731353,0.0019100266452531298,0.0038499933106237584,0.0031599182402180263,0.007630032485308611,0.0013021295021853594,0.0015042858071315725,0.0036434430388606024,4.370845002291372e-4,8.100298026646054e-4,5.568065980075054e-4,0.0031666435788324653,0.0016844516014324765,1.6908553133587464e-5,6.607691505523258e-5,0,1.0999732929760527e-4,3.057586463533126e-5,0.004408817267692809,0.003902087155728654,0.003755858667874233,0.0036624936557349934,0.004969776308453613,0.0064000417144644915,0.014974489239088305,0.009910816089427319,0,6.599775391310452e-4,0.007406903937167938,2.9999594452104795e-5,0.0024747958794801082,0,0,0,0,0,0,0,0,0,0,0,0,0,3.7000136212587585e-4,4.600040620368089e-4,4.4063973959733736e-4,8.600043042489084e-4,3.0000000000000003e-4,3.5000983864620226e-4,3.699959563283462e-4,3.0999068414714503e-4,6.467458184143425e-4,1.7000077048617677e-4,7.89994751657999e-4,4.999933150611672e-4,9.199944154212298e-4,2.7489381503564787e-4,8.000059285315521e-4,0.0011999793788449863,0.005949981152793484,6e-4,0.0013165268462981018,0.001171997865968074,5.000062904950619e-5,2.200024333860567e-4,6.292511199161295e-5,0,2.0000135158999336e-4,4.026501163275309e-4,8.314913426814013e-5,7.999893893575257e-4,5.600096053790123e-4,0.001,7.599898435268353e-4,4.7001496514216887e-4,2.5993212060793894e-4,1.419690139988815e-4,0.0011847534324444051,5.000144036189739e-4
BEL,0.0012482313158087089,0.0017999887692380792,0.0019100010428616122,0.0011111433750782976,0.003159982409850484,0.007630059044551798,0.0013021295021853594,0.0015042858071315725,0.003296244696769313,4.370845002291372e-4,8.099932090875091e-4,5.568065980075054e-4,0.0031666435788324653,0.0016844516014324765,1.6908553133587464e-5,6.607691505523258e-5,0,1.0999898961832832e-4,3.057586463533126e-5,0.006899941600155732,0.007260045160691639,0.006338278794114361,0.004135130260421891,0.008740114369144665,0.0064000121667452435,0.014974489239088305,0.008050151476439027,0,6.599927476170742e-4,0.007406903937167938,3e-5,0.0024747958794801082,0,0,0,0,0,0,0,0,0,0,0,0,0,3.7000329976251005e-4,4.600094333265952e-4,6.900519370301697e-4,8.600079862944882e-4,3.0000757594888757e-4,3.5000459122769425e-4,3.700066721613878e-4,3.1000314273565895e-4,5.200018563207723e-4,1.700005643527555e-4,7.900052669083247e-4,5e-4,9.200008588206247e-4,2.4905698926624823e-4,7.999904335972066e-4,0.0012000124405187695,0.00595002884396965,6.000110503897774e-4,0.0016101816373378923,0.0011514946163034957,4.999878039856575e-5,2.1999866271775085e-4,6.292511199161295e-5,0,2.0000000000000004e-4,4.016767413878724e-4,6.674690438933762e-5,8.000056683719019e-4,5.599974597529609e-4,0.001,7.59995079345553e-4,4.7000129584035243e-4,1.9999262632034953e-4,2.600051074386195e-4,0.0011999951333463111,5.000144036189739e-4
BEN,0.0030424590958103488,7.278054320676066e-4,0.0013365294301129957,0.003371946635751873,0.0031589060956950382,0.006800014600138701,0.0019290542797959775,0.002018339847486812,0.003296244696769313,3.9998842665268014e-4,8.400143438948797e-4,9.000044962007103e-4,0.003250092645273989,0.001,1.6908553133587464e-5,6.607691505523258e-5,0,1.1000104286161226e-4,3.057586463533126e-5,0.008859493399106614,0.003902087155728654,0.0030002559767541297,0.00593974547263678,0.004969776308453613,0.008739794027470492,0.014974489239088305,0.009910816089427319,0,6.999934194652219e-4,0.006800143138307389,2.9999087507984303e-5,0.001,0,0,0,0,0,0,0,0,0,0,0,0,0,6.000058640135263e-4,5e-4,7.553144257994478e-4,9.000152765047358e-4,4.400010657004316e-4,5.000172170379807e-4,4.070978240380842e-4,3.000032404406999e-4,6.467458184143425e-4,2.0000596409614123e-4,6.85728293813514e-4,6.000123414890006e-4,6.900031535793126e-4,3.976450877751978e-4,5.99991877183007e-4,0.0018000323310701585,0.00719994957135653,9.333296301953868e-4,7.064090917813027e-4,0.0018710049691948783,5.4578272141110955e-5,3.000036500346753e-4,6.292511199161295e-5,0,2.0000135158999336e-4,3.9999999999999996e-4,4.223621751186728e-4,6.9999352037841e-4,8.000034304728906e-4,0.0011999820684090196,7.499901797755751e-4,4.699845413947097e-4,2.5993212060793894e-4,1.419690139988815e-4,0.0011847534324444051,5.000144036189739e-4
BFA,0.0030424661290072265,7.278255414403239e-4,0.0013365294301129957,0.003371940810994194,0.0031589060956950382,0.006943228688856288,0.0019290189032429958,0.0020183098126508162,0.0031001286611670328,4.000081987373944e-4,8.400038933229511e-4,9.000199432582138e-4,0.003250013239421702,0.0016844516014324765,1.6908553133587464e-5,6.607691505523258e-5,0,1.099995619990364e-4,3.057586463533126e-5,0.004408817267692809,0.008800233602219222,0.006849874166907101,0.002009254908491795,0.007050141205307188,0.008739894622531472,0.014974489239088305,0.009910816089427319,0,6.999789429353549e-4,0.006799898811029597,3.0000365003467532e-5,0.0024747958794801082,0,0,0,0,0,0,0,0,0,0,0,0,0,6e-4,3.1753623524931053e-4,6.099581436598671e-4,8.999896218908916e-4,4.4001357542847446e-4,4.999890343662961e-4,4.070978240380842e-4,3.00013621503814e-4,7.000053647109316e-4,2e-4,6.856817281014664e-4,5.999808404649381e-4,6.899976287782628e-4,4.0782897353701836e-4,6.000000000000001e-4,0.0018000278318953521,0.007200011529703398,9.333285385500576e-4,7.325587414650812e-4,0.0017237512965667516,1e-4,2.2168551746202015e-4,6.292511199161295e-5,0,2.0000135158999336e-4,4.0000309468178933e-4,5.158487818674915e-4,7.000066143398888e-4,5.159412782665541e-4,0.0012,7.500130079608721e-4,4.7001496514216887e-4,2.5993212060793894e-4,1.419690139988815e-4,0.0011847534324444051,5.000144036189739e-4
BGD,0.0047118108640197,0.0019000003171706684,0.0013365294301129957,0.003849947278773623,0.0031589060956950382,0.006943228688856288,0.004202903379049523,0.0015042858071315725,0.003296244696769313,4.999855160626864e-4,0.0011999711667705511,7.999768257002983e-4,0.0031666435788324653,0.0016844516014324765,1.6908553133587464e-5,6.607691505523258e-5,0,1.1000039248008164e-4,3.057586463533126e-5,0.005300029199922134,0.007260018870735462,0.0060019525317904,0.006529010277741038,0.0051000656167979,0.006400014599961067,0.014974489239088305,0.009910816089427319,0,6.600042115607343e-4,0.007406903937167938,4.914985379209765e-5,0.0024747958794801082,0,0,0,0,0,0,0,0,0,0,0,0,0,3.6998627823517e-4,4.59998417345889e-4,7.386920751047849e-4,8.599750149367226e-4,2.9999373119358075e-4,3.400029780739307e-4,3.6999921505010596e-4,3.0999734177521084e-4,6.467458184143425e-4,1.6999786552828177e-4,7.899583911234397e-4,5.091301414936565e-4,9.200011303266645e-4,4.276308455034994e-4,8e-4,0.0011999930316016864,0.004065842431079392,6.000250166777851e-4,0.0012006715282514033,0.0012508834599985615,5.000187230855645e-5,2.2168551746202015e-4,6.292511199161295e-5,0,2.0000135158999336e-4,6.709554313752214e-4,0.00047747214329541823,7.999959215094493e-4,5.600012597036547e-4,0.001,7.499920652553401e-4,4.3000112307673105e-4,2.5993212060793894e-4,1.419690139988815e-4,0.0011847534324444051,5.000144036189739e-4
BGR,0.0012482252853302444,0.0017999511920803845,0.0019100021791239922,0.0011111240134954248,0.0031599675558759916,0.007630096986129942,0.0013021295021853594,0.0015042858071315725,0.003296244696769313,4.370845002291372e-4,8.099933429925206e-4,7.800258088303069e-4,0.0031666435788324653,0.0016844516014324765,1.6908553133587464e-5,6.607691505523258e-5,0,1.0999981185678537e-4,3.057586463533126e-5,0.006899982195317369,0.007260141829179268,0.007868165793432622,0.002437153865598358,0.008739939775526964,0.006399930477100895,0.014800026377394573,0.009910816089427319,0,6.60005703130141e-4,0.006989993004227879,3.00002122105978e-5,0.0024747958794801082,0,0,0,0,0,0,0,0,0,0,0,0,0,3.69995321241782e-4,4.599951655789219e-4,5.446061020124873e-4,8.600145712069815e-4,3.0000000000000003e-4,3.499979131015485e-4,3.69991169544741e-4,3.100001516783206e-4,5.200065105932778e-4,1.700007991262886e-4,7.900036616623947e-4,5e-4,9.199703402252074e-4,2.8543377366086115e-4,8.000057864510249e-4,0.0011999951220701933,0.0059499785725926355,6.000059878120806e-4,4.255518278459723e-4,0.0013856218304581604,5.00014626298084e-5,2.199953545475661e-4,6.292511199161295e-5,0,2.0000135158999336e-4,4.1174816609594524e-4,1.514548512775933e-4,8.000000000000001e-4,5.600045876163033e-4,0.001,7.599857176862651e-4,4.6999708000778663e-4,2.0000921743939534e-4,2.599955918007494e-4,0.0012000219002080519,5.000144036189739e-4
BHS,0.0012482318909890796,0.0017999294552144354,0.0019099990394774759,0.0011111311646621136,0.003160015573291804,0.007629727352682498,0.0013021295021853594,0.0015042858071315725,0.003296244696769313,8.700049142591108e-4,8.099958239251126e-4,7.799976049816383e-4,0.0031666435788324653,0.0016844516014324765,1.6908553133587464e-5,6.607691505523258e-5,0,1.0999977953010517e-4,3.057586463533126e-5,0.0069004308281474394,0.007259952306793848,0.003755858667874233,0.004192752838328064,0.008739848526325394,0.006399851024208566,0.014799594457587021,0.009910816089427319,0,6.599985398262393e-4,0.007406903937167938,2.9999999999999997e-5,0.01163020589611605,0,0,0,0,0,0,0,0,0,0,0,0,0,3.6999785355394156e-4,4.60000184309714e-4,6.996149908944011e-4,8.599896532494843e-4,3.0000750487817077e-4,3.499962018860349e-4,4.070978240380842e-4,3.0999203291504193e-4,5.20004679457183e-4,1.7000031708786506e-4,7.900084198708954e-4,5e-4,9.200005725491318e-4,2.054875087302945e-4,7.999921971012231e-4,0.0012000072407363828,0.005950121949662243,5.999985311382944e-4,0.0013165268462981018,0.0011576483276751683,5.000130715536849e-5,2.200051708667285e-4,6.292511199161295e-5,0,2.0000135158999336e-4,4.680724599688632e-4,2.8243089058907337e-4,7.999605211212001e-4,5.599911165398922e-4,0.0010000284827252272,7.600235106427642e-4,4.700002961471259e-4,2.0000368690779042e-4,2.6000485319097304e-4,0.0011999951333463111,5.000144036189739e-4
BIH,0.0012482106775928603,0.0018000000000000002,0.0019099299146485324,0.0011111134482172933,0.0031601460020531536,0.007630096986129941,0.0013021295021853594,0.0015042858071315725,0.004085830740947467,4.370845002291372e-4,8.099865910436994e-4,7.799984791645543e-4,0.0031666435788324653,0.0016844516014324765,1.6908553133587464e-5,6.607691505523258e-5,0,1.1000174895632931e-4,3.057586463533126e-5,0.006899962362250212,0.007259911894273128,0.005725556250091465,0.0013726409620241746,0.008739990316212896,0.006399842553496029,0.014974489239088305,0.009910816089427319,0,6.60003088456193e-4,0.007406903937167938,3.000052143080613e-5,0.011629854936827328,0,0,0,0,0,0,0,0,0,0,0,0,0,3.6999911077338464e-4,4.599968413894019e-4,6.104109013204801e-4,8.600009776778373e-4,3.000120554550934e-4,3.500019129969009e-4,4.070978240380842e-4,3.1000287714587127e-4,6.467458184143425e-4,1.700009761221919e-4,7.900032921575083e-4,5e-4,9.200133892643739e-4,2.675167729624813e-4,8.000296282330125e-4,0.0012,0.005949993945226608,5.999814134655402e-4,0.0013165268462981018,0.0011174165891463682,5.000112733216843e-5,2.2000579374275783e-4,6.292511199161295e-5,0,2.0000135158999336e-4,3.999976696223623e-4,8.011495476367211e-5,8.000168088414506e-4,5.600045876163033e-4,0.0010000000000000002,7.59990844586862e-4,4.699905102562231e-4,2.0000502765208647e-4,2.600037616965251e-4,0.0011847534324444051,5.000144036189739e-4
BLR,0.001248211894278969,0.0018000401374708376,0.001909972321587543,0.0011111142001909052,0.003159978206267281,0.007629879961723415,0.0013021295021853594,0.0015042858071315725,0.0040458122251892485,4.370845002291372e-4,8.099900790731501e-4,5.568065980075054e-4,0.0031666435788324653,0.0016844516014324765,1.6908553133587464e-5,6.607691505523258e-5,0,1.0999951006810052e-4,3.057586463533126e-5,0.004408817267692809,0.003902087155728654,0.003755858667874233,0.0021660152972491653,0.008740169332079021,0.006399860215888793,0.014974489239088305,0.009910816089427319,0,6.599692915112963e-4,0.007406903937167938,3.0000152084315547e-5,0.0024747958794801082,0,0,0,0,0,0,0,0,0,0,0,0,0,3.6999923548235603e-4,4.5999646544977156e-4,5.727423953705665e-4,8.60003810850411e-4,3e-4,3.500058363487802e-4,3.6999921505010596e-4,3.099928366762178e-4,5.200190925426774e-4,1.6999890494331642e-4,7.900368480725624e-4,5e-4,9.199855504380024e-4,2.2426683099372182e-4,7.999858983624473e-4,0.0012000252769937228,0.005950040019367398,5.999940730068775e-4,0.0010083400402414488,0.0010788076183771093,5e-5,2.200047097609796e-4,6.292511199161295e-5,0,2.0000135158999336e-4,4.1519142877493486e-4,6.40284407869392e-5,8.000072395569391e-4,5.600165848939257e-4,0.001000039555397334,7.6e-4,4.699894557547247e-4,2.0000276518084283e-4,2.6000317393144306e-4,0.0011847534324444051,5.000144036189739e-4
BLZ,0.0019202220978327426,0.001000004786887757,0.0013365294301129957,0.003000012521442971,0.0031589060956950382,0.00439987242637939,0.0013021295021853594,0.0033199499426426115,0.003296244696769313,4.999999999999999e-4,8.000059485524569e-4,0.001,0.0013999912189553486,0.0016844516014324765,1.6908553133587464e-5,6.607691505523258e-5,0,1.9999693279759532e-4,1.0000000000000002e-4,0.004499876410974705,0.00510001286339079,0.003755858667874233,0.003318285586537513,0.007300089847259658,0.004900031092425615,0.01999932409597837,0.009910816089427319,0,5.00022354361336e-4,0.012400262802496623,3.0000365003467536e-4,0.0024747958794801082,0,0,0,0,0,0,0,0,0,0,0,0,0,6.00001680135755e-4,4.0000192609570775e-4,5.468461577244442e-4,6.000143451705513e-4,2.8953154730238396e-4,3.00004077091985e-4,4.070978240380842e-4,5e-4,6.000031024346356e-4,4.000040965138667e-4,6.999906812039885e-4,8.999679127226055e-4,3.9999999999999996e-4,2.956597186238899e-4,6.999938691680461e-4,9.000417072153482e-4,0.007300020563438207,5.99995159377496e-4,0.0013165268462981018,0.0014305778547280593,5.4578272141110955e-5,3.0000152084315543e-4,6.292511199161295e-5,0,1.9999999999999998e-4,0.002499985577893796,3.0139170925348583e-4,2.0000282949465226e-4,7.999999999999999e-4,4.999944665168937e-4,8.000348796651552e-4,0.0012999541967250658,2e-4,4.999921978622142e-4,0.0011847534324444051,5.000144036189739e-4
BOL,0.0019201687898794187,9.999972148027662e-4,0.0027000401503814286,0.002999967080356849,0.0030000365003467534,0.004399999999999999,0.0013021295021853594,0.0015042858071315725,0.00266097063464573,5.000037675473519e-4,7.999769939328872e-4,0.001,0.0031666435788324653,4.999935860432301e-4,1.6908553133587464e-5,6.607691505523258e-5,0,2.000057937427578e-4,9.999999999999999e-5,0.004500038829781333,0.005099840316325755,0.003664707431692471,0.0033261156396156223,0.007300069350658831,0.004900031092425615,0.014974489239088305,0.009910816089427319,0,5.00006381213707e-4,0.007406903937167938,3.000048666536889e-4,0.0024747958794801082,0,0,0,0,0,0,0,0,0,0,0,0,0,6.000027229222402e-4,3.9999999999999996e-4,0.0011948724583081237,5.999992156616679e-4,3.000176636834668e-4,3.000076522803796e-4,7.99980376766091e-4,5e-4,6.000062841983832e-4,4.0001091186847565e-4,7.000036986352035e-4,5.091301414936565e-4,4.000057254093668e-4,3.4857127408828093e-4,6.999850444440109e-4,9.000026034208951e-4,0.007299708470550127,5.99999052882316e-4,6.155374697598971e-4,0.0017603745164455216,5.4578272141110955e-5,3.000048666536889e-4,6.292511199161295e-5,0,2.0000135158999336e-4,0.0024999904267412544,3.854176532655186e-4,2.000049207755142e-4,5.159412782665541e-4,5e-4,8.000051192136887e-4,4.0065045614475316e-4,2.5993212060793894e-4,5e-4,0.0011847534324444051,5.000144036189739e-4
BRA,0.0019202271073890064,0.001,0.0013365294301129957,0.0030000304587990993,0.0029999087507984303,0.004400026071653595,0.0013021295021853594,0.0015042858071315725,0.002951265696026607,4.999994960292141e-4,8.000131668569953e-4,0.0010000000000000002,0.0013999707302795258,0.0016844516014324765,1.6908553133587464e-5,1.9999698345424653e-4,0,1.9999999999999998e-4,1e-4,0.0044999610518233315,0.005100043136344028,0.0038706158657205955,0.004652580518194074,0.007299974894266237,0.0049001858242633395,0.019999999999999997,0.009910816089427319,0,4.99997407969974e-4,0.012399854001277487,2.999922342160441e-4,0.0024747958794801082,0,0,0,0,0,0,0,0,0,0,0,0,0,5.999993986174214e-4,3.9999999999999996e-4,6.143080730389851e-4,5.999984868265643e-4,3.0000649814802783e-4,3.000043042224422e-4,4.070978240380842e-4,4.999963300328095e-4,6.467458184143425e-4,3.999970980005224e-4,7.000029945050831e-4,5.091301414936565e-4,4.000057758396627e-4,3.8034320021319146e-4,7.000064258563277e-4,8.999845535990114e-4,0.007299966231324554,6.000008496790337e-4,0.0012923657492190026,0.0017192499666106554,9.999999999999998e-5,2.2168551746202015e-4,6.292511199161295e-5,0,2.0000135158999336e-4,0.002414461031013577,3.0140748541077235e-4,2.0000798913477667e-4,7.999901485111938e-4,4.999935558706018e-4,7.999921953249998e-4,0.001299981161399708,2.000027651426122e-4,5e-4,0.0011847534324444051,5.000144036189739e-4
BRB,0.001248231148992152,0.0018000039673880701,0.0019100266452531298,0.0011111147146484876,0.0031600175201664414,0.0076301034807149575,0.0013021295021853594,0.0015042858071315725,0.003899991672911983,8.699958465126682e-4,8.099955728686752e-4,7.800100137689323e-4,0.0011200188634755955,0.0016844516014324765,1.6908553133587464e-5,6.607691505523258e-5,0,1.0999873593730249e-4,3.057586463533126e-5,0.006900025550242728,0.007259998112079544,0.00997967613312323,0.0033207943275619374,0.008740008030076286,0.00639999298073211,0.014799763433592428,0.008050151476439027,0,6.600024445181681e-4,0.006989779956199812,3.0000456246007846e-5,0.0024747958794801082,0,0,0,0,0,0,0,0,0,0,0,0,0,3.700023559901048e-4,4.6001712239741296e-4,7.803825482176069e-4,8.599979550799222e-4,3.0000000000000003e-4,3.500063534603255e-4,3.70002450780165e-4,3.099982115993562e-4,5.200051751463597e-4,1.70003289628272e-4,7.89995687796464e-4,5e-4,9.199950415272097e-4,2.892956755159087e-4,8.000131759125494e-4,0.0012000099389993912,0.005950021741745075,6.000018456271325e-4,0.0013165268462981018,0.001128842850910271,5.4578272141110955e-5,2.1999431171786118e-4,6.292511199161295e-5,0,2.0000135158999336e-4,4.000026992200428e-4,1.1935877724518403e-4,7.999979789609838e-4,5.599925705794947e-4,0.0010000111266884751,7.599983605885486e-4,4.699921507064364e-4,2e-4,2.5998842879576827e-4,0.0011847534324444051,5.000144036189739e-4
BWA,0.0030424968681304213,7.27827580905013e-4,0.0013365294301129957,0.0027372841504357997,0.0025000598372426994,0.006799774050577909,0.0019289619215145338,0.0020183340336380634,0.00311872677194528,3.9998758535071384e-4,8.400049649351456e-4,8.999962906636003e-4,0.0031666435788324653,0.002799712327260558,1.6908553133587464e-5,6.607691505523258e-5,0,1.1000096746673234e-4,3.057586463533126e-5,0.008859344806933882,0.008799890500958116,0.003072065883977931,0.003354569670759714,0.007049913313258508,0.008739848526325394,0.014974489239088305,0.009910816089427319,0,6.999789429353548e-4,0.007406903937167938,2.9999270019709464e-5,0.0024747958794801082,0,0,0,0,0,0,0,0,0,0,0,0,0,6.000050575720282e-4,5e-4,7.189539659487818e-4,9.000103348491111e-4,4.400099465373617e-4,4.999808700309905e-4,3.70006963347471e-4,2.9999471933252366e-4,6.467458184143425e-4,1.9999532502746546e-4,6.857405766478086e-4,6.000040109901129e-4,6.900266350991417e-4,3.7597487062822674e-4,6.000000000000001e-4,0.001800037925476439,0.007200300921572316,9.333348229747395e-4,7.753980103771589e-4,0.0018649864090670716,1e-4,2.999954375399215e-4,6.292511199161295e-5,0,2.0000135158999336e-4,4e-4,3.857865964371472e-4,6.99964260185847e-4,7.999951973873788e-4,0.0012,7.499811078364694e-4,4.6998813760379594e-4,2.5993212060793894e-4,1.419690139988815e-4,0.0011847534324444051,5.000144036189739e-4
CAF,0.003042470094309773,7.278288788615064e-4,0.0013365294301129957,0.002737360331234757,0.0031589060956950382,0.006943228688856288,0.0019290532787039438,0.002018319688915723,0.003296244696769313,3.9999268288907683e-4,8.399970050913447e-4,5.568065980075054e-4,0.003249991799502487,9.99998387151403e-4,1.6908553133587464e-5,6.607691505523258e-5,0,1.100010950104026e-4,3.057586463533126e-5,0.004408817267692809,0.00879986095420179,0.0029999907477655857,0.004192752838328064,0.004969776308453613,0.007304414514339843,0.014974489239088305,0.009910816089427319,0,5.559095079680671e-4,0.006799946909115041,4.914985379209765e-5,9.999830453874974e-4,0,0,0,0,0,0,0,0,0,0,0,0,0,6e-4,3.1753623524931053e-4,5.004208600302872e-4,8.999767219720503e-4,4.400138148805999e-4,4.999931815082504e-4,4.070978240380842e-4,3.000031734374221e-4,7.000029671829565e-4,3.7134893630695723e-4,6.857283188324445e-4,5.091301414936565e-4,7.053548415335735e-4,4.7412809168552206e-4,6.000019467941168e-4,0.0018000296717777756,0.007199931167006052,9.333305537024683e-4,0.0011614692121313392,0.0018232950877978737,5.4578272141110955e-5,2.2168551746202015e-4,6.292511199161295e-5,0,2.0000135158999336e-4,4.546723138896611e-4,3.783292777530981e-4,6.999957183532787e-4,5.159412782665541e-4,0.0011999634899546668,7.499920652553401e-4,4.0065045614475316e-4,2.5993212060793894e-4,1.419690139988815e-4,0.0011847534324444051,5.000144036189739e-4
CAN,0.0012481970617018786,0.0018000067453878411,0.0019100010428616126,0.0011111186220695995,0.003160027114401919,0.007630096986129941,0.0013021295021853594,0.0015042858071315725,0.003878514532768196,8.700047797685434e-4,8.100137672533118e-4,7.799826574172891e-4,0.0031666435788324653,0.0014299459360395859,1.6908553133587464e-5,6.607691505523258e-5,0,1.1000138641526336e-4,3.057586463533126e-5,0.006899880607197679,0.007260070377898717,0.008352933540026423,0.0034239671226412834,0.008739873586753317,0.006399989225153878,0.014974489239088305,0.008050151476439027,0,6.599789974023103e-4,0.006989962486059009,3e-5,0.011629854936827328,0,0,0,0,0,0,0,0,0,0,0,0,0,3.7000144198295426e-4,4.5999213974529427e-4,7.121368270051755e-4,8.600053332200613e-4,3.0000977708251857e-4,3.5000894401049425e-4,3.70006963347471e-4,3.100016645661427e-4,6.467458184143425e-4,1.7000038259938017e-4,7.900027036913339e-4,4.999919780519502e-4,9.199843242121764e-4,2.400350196920355e-4,8.000103863730785e-4,0.001199962553828871,0.005949974942768342,6.000040377122322e-4,0.0012826767637009978,0.0011057010919236134,5e-5,2.2000147806308044e-4,6.292511199161295e-5,0,2.0000135158999336e-4,4.000027727425543e-4,6.302658817128124e-5,8e-4,5.599954975236379e-4,0.001,7.599999999999999e-4,4.699946323134729e-4,2.000027651808428e-4,2.59999675466922e-4,0.0011847534324444051,5.000144036189739e-4
CHE,0.001248241080757886,0.0018000105360596642,0.0019099900865176642,0.0011111111111111111,0.0031601146379711246,0.0076299830808128815,0.0041391100039219674,0.0015042858071315725,0.004119771998496663,4.370845002291372e-4,8.099995687027394e-4,7.800371768151861e-4,0.0031666435788324653,5.132552921880228e-4,1.6908553133587464e-5,6.607691505523258e-5,0,1.0999999999999999e-4,3.057586463533126e-5,0.006899975179945395,0.0072600032932652716,0.006827014651683441,0.003613056076604455,0.008740172955974844,0.006399881164587048,0.014974489239088305,0.009910816089427319,0,6.600018580261569e-4,0.006989962486059009,2.9999999999999997e-5,0.011629854936827328,0,0,0,0,0,0,0,0,0,0,0,0,0,3.6999760759629424e-4,4.599945926459986e-4,6.660695960712512e-4,8.600005891720573e-4,3.000056286234263e-4,3.500074586047437e-4,3.700066721613878e-4,3.1000236190081176e-4,6.467458184143425e-4,1.6999756341879417e-4,7.899975972265129e-4,5e-4,9.200089845998343e-4,2.3825026896202403e-4,7.999892261373907e-4,0.0011999878850289245,0.00595004880328838,6.000021231497635e-4,0.0012711249172111744,0.0011210798196935692,5e-5,2.2000107805918547e-4,6.292511199161295e-5,0,2.0000135158999336e-4,4.000016637966175e-4,6.632576239144185e-5,7.999909858477809e-4,5.599995532423437e-4,9.999999999999998e-4,7.599817476614191e-4,4.700014697956984e-4,2.0000221214467426e-4,2.599977125210877e-4,0.0011847534324444051,5.000144036189739e-4
CHL,0.0019202067881385597,9.999910539358209e-4,0.002700010579771477,0.003000022201904116,0.003,0.0044000417144644905,0.0013021295021853594,0.0015042858071315725,0.004572378178053815,5.000108631889978e-4,8.00008669831155e-4,0.001,0.0031666435788324653,0.0016844516014324765,1.6908553133587464e-5,6.607691505523258e-5,0,2e-4,9.999999999999999e-5,0.0045000282949465235,0.005099939167463282,0.002027655707708828,0.0027020965210747664,0.007299980533385243,0.0049000102817191036,0.014974489239088305,0.009910816089427319,0,4.999920236101141e-4,0.012399854001277487,3.000050344862307e-4,0.0024747958794801082,0,0,0,0,0,0,0,0,0,0,0,0,0,6.000013967163199e-4,4.0000558959775857e-4,8.530976393535393e-4,5.999954420629224e-4,3.0000184696082595e-4,2.9999311342194065e-4,8.000078494989402e-4,5e-4,6.467458184143425e-4,3.999981353806853e-4,6.999903719631567e-4,5.091301414936565e-4,4.0000376775554795e-4,3.3345081652555886e-4,6.999899263322426e-4,8.999845535990114e-4,0.007300120460768624,6.000009520802159e-4,0.003108401963848221,0.0021497987712668365,1e-4,3.000060834651417e-4,6.292511199161295e-5,0,2.0000135158999336e-4,0.0024999044838326548,3.023852490328138e-4,2.0000212210597796e-4,7.999913854370815e-4,5.000062998475437e-4,8.000026449428691e-4,0.0012999944381100698,1.9999999999999998e-4,5.000067819599865e-4,5.999889392766287e-4,5.000144036189739e-4
CHN,0.0028151556069911836,0.0011000207742292692,0.003400107353730542,0.00254035423195642,0.003160017520166442,0.003899857318246673,0.004172316359080531,0.0011197841090072552,0.0033582395269063795,0.0021000118722545413,8.000014167884711e-4,4.0000762322627643e-4,0.0031666435788324653,3.000039402563507e-4,1.6908553133587464e-5,6.607691505523258e-5,0,1.1000099545409297e-4,9.999999999999999e-5,0.0024999594452104795,0.0049001858242633395,0.002536664240610299,0.0015557529249317983,0.004100021415868228,0.007200050871168764,0.014974489239088305,0.009910816089427319,0,1e-4,0.006600034066575822,4.914985379209765e-5,0.0024747958794801082,0,0,0,0,0,0,0,0,0,0,0,0,0,3.000050086568542e-4,3.0000414738625797e-4,3.768051295002489e-4,5.000068512859864e-4,4.999999999999999e-4,5.00017658484902e-4,4.0000278349941546e-4,2.000034304434706e-4,6.467458184143425e-4,5.99989021243893e-4,3.9999331148418167e-4,5e-4,4.000036273282913e-4,2.3917743910890798e-4,3.9999999999999996e-4,4.999919826825943e-4,0.0021999631684722124,6.999880774173037e-4,0.001766814329714998,0.0014223938773253624,5.0001890716581585e-5,2.200021900208052e-4,1.9999633168870713e-4,0,2.0000135158999336e-4,0.0011000031441879684,1.2756571152124213e-4,2.9999945165517887e-4,2.9999154953381596e-4,2.9999381360388503e-4,2.9999412248736334e-4,3e-4,2.9999317266334404e-4,9.999804079073685e-5,0.0012,5.000149589909946e-4
CIV,0.003042546177840467,7.278494991130733e-4,0.0013365294301129957,0.0033719420504905308,0.0031589060956950382,0.006799890500958116,0.001929042084518422,0.0020183483894702418,0.003099909420289855,3.9999952489416026e-4,8.399981635370277e-4,8.99994879410108e-4,0.0032499064043841628,0.0012124082555409785,2.000023043067493e-4,6.607691505523258e-5,0,1.0999585234342596e-4,3.057586463533126e-5,0.008859365155234972,0.008800340674047938,0.003017242959979911,0.005873553216140144,0.007049913313258509,0.008740003264240247,0.014974489239088305,0.009910816089427319,0,7.000317258883249e-4,0.006799979142767755,3.0000365003467532e-5,0.001,0,0,0,0,0,0,0,0,0,0,0,0,0,5.999984173083163e-4,3.1753623524931053e-4,7.211199589634025e-4,9e-4,2.8953154730238396e-4,5.000055956577696e-4,3.6999089253187615e-4,3.0000463392029655e-4,6.999979743963701e-4,1.9999747014774334e-4,6.857349985171516e-4,6.000000000000001e-4,6.899979883749247e-4,4.68157169625341e-4,5.999861562954247e-4,0.001799986370451138,0.007200294705820441,9.333205472445979e-4,8.94944119554518e-4,0.001582981137381581,5.4578272141110955e-5,3.000036500346753e-4,6.292511199161295e-5,0,2.0000135158999336e-4,4.000000000000001e-4,3.7861201730259844e-4,7e-4,8.000058213994644e-4,0.0011999720123145815,7.499999999999999e-4,4.699973720325868e-4,2.5993212060793894e-4,1.419690139988815e-4,0.0011847534324444051,5.000144036189739e-4
CMR,0.003042366593278272,7.278208950181993e-4,3.9999239601551216e-4,0.002737293387852946,0.0031589060956950382,0.006943228688856288,0.00192907669780775,0.0020183075905312506,0.003296244696769313,3.9999926101400886e-4,8.400016957056255e-4,8.999844598539226e-4,0.0032500130278448466,0.0010428743992748838,1.9999681711121013e-4,6.607691505523258e-5,0,1.1000099545409297e-4,3.057586463533126e-5,0.008859451306023088,0.008799912402365136,0.006914842580068835,0.0036996426589138926,0.007050023934897081,0.008739930393119507,0.014974489239088305,0.009910816089427319,0,5.559095079680671e-4,0.0067998071758143385,3.0000365003467532e-5,0.001,0,0,0,0,0,0,0,0,0,0,0,0,0,6.0000256292161e-4,5.000140423799026e-4,3.7930087489558567e-4,9.000305530094716e-4,2.8953154730238396e-4,4.999862268438813e-4,3.70003336015228e-4,3.00002701683921e-4,6.999949807984938e-4,1.9999761438999953e-4,6.857080704807482e-4,6e-4,6.900031535793126e-4,4.60714082377622e-4,6.000047333917118e-4,0.0017999947039508525,0.007199882938249927,9.333298672489688e-4,7.033949373701085e-4,0.0016324543250753856,5.4578272141110955e-5,3.000036500346753e-4,6.292511199161295e-5,0,2.0000135158999336e-4,4.0000218921374384e-4,4.427502194804616e-4,6.999976355425247e-4,7.999917669497921e-4,0.0012000000000000001,7.499846226395752e-4,4.6999579322461703e-4,2.5993212060793894e-4,1.419690139988815e-4,0.0011847534324444051,5.000144036189739e-4
COG,0.003042410965060105,7.278212257497544e-4,3.999924742714154e-4,0.002737293498897934,0.0031589060956950382,0.006799979142767755,0.0013021295021853594,0.0015042858071315725,0.003296244696769313,3.9999491599206473e-4,8.400164507505654e-4,9.00008740494712e-4,0.003250051507451411,0.0027700997528933057,1.9999718800967325e-4,6.607691505523258e-5,0,1.0999988593719702e-4,3.057586463533126e-5,0.008859371233772942,0.00880005367686527,0.003755858667874233,0.004192752838328064,0.004969776308453613,0.008740080684488186,0.014974489239088305,0.009910816089427319,0,7.000085601780517e-4,0.006799979142767755,4.914985379209765e-5,0.001,0,0,0,0,0,0,0,0,0,0,0,0,0,5.999976848368388e-4,4.999931681856067e-4,7.970488285120885e-4,9.000062405092256e-4,4.3998968673456223e-4,5.000055991041433e-4,3.700066721613878e-4,2.999962173124878e-4,7.000096428915817e-4,1.9999710317057982e-4,6.856868026163909e-4,5.091301414936565e-4,6.900007729369026e-4,4.191084442836035e-4,5.999951960030745e-4,0.0017999721958340093,0.007200054847113671,9.333247289623128e-4,7.000509913261151e-4,0.001384972127812656,5.4578272141110955e-5,3.000048666536889e-4,6.292511199161295e-5,0,2.0000135158999336e-4,4e-4,3.7990252947658134e-4,6.999989349578776e-4,7.999976601071672e-4,0.0012000281201668464,7.50026989096405e-4,4.699972625239529e-4,1.9999262632034953e-4,2.6000654928335726e-4,0.0011847534324444051,5.000144036189739e-4
COL,0.0019201816518360276,0.0010000040139310166,0.002699973720325868,0.0029999576841868722,0.0031589060956950382,0.004399941600155733,0.0013021295021853594,0.0015042858071315725,0.004699819316688568,4.999955374617337e-4,7.999957341144644e-4,5.568065980075054e-4,0.0013999934604191871,4.999999971638962e-4,1.6908553133587464e-5,2.0000365609547285e-4,0,1.9999298097845162e-4,9.999999999999999e-5,0.004500037684249061,0.005100009733307377,0.003863032435439447,0.0047107493826857505,0.00729988965283083,0.004900065448320999,0.014974489239088305,0.009910816089427319,0,5.000155293971489e-4,0.007406903937167938,2.9999087507984304e-4,0.0024747958794801082,0,0,0,0,0,0,0,0,0,0,0,0,0,5.999912050541623e-4,4.0000263938132897e-4,6.799449822060264e-4,6.000129487553009e-4,2.9999761490209174e-4,4.081496867092869e-4,7.999901820183665e-4,4.999933318218796e-4,5.999977696380832e-4,4.0000357640999966e-4,7.000007773208859e-4,5.091301414936565e-4,3.999815151421794e-4,4.764666692913569e-4,7.000011373502015e-4,8.999858964801645e-4,0.0072999899366005825,6.000048108147115e-4,0.0012249139615902347,0.001673489862663151,1e-4,2.9999087507984304e-4,6.292511199161295e-5,0,2.0000135158999336e-4,0.002500009570073996,3.000015819032993e-4,2.000042231513155e-4,8e-4,4.999999999999999e-4,7.99989420228523e-4,0.001299962938421626,1.9999999999999998e-4,5e-4,0.0011847534324444051,5.000144036189739e-4
CPV,0.0030424940424075854,7.278251503389074e-4,0.0013365294301129957,0.0033719908419928514,0.0025000182501733765,0.006799931866848355,0.0013021295021853594,0.0015042858071315725,0.003116942522551789,4e-4,8.400067742481795e-4,8.999994680539819e-4,0.0031666435788324653,0.0010093949637335728,1.6908553133587464e-5,6.607691505523258e-5,0,1.0999952597648844e-4,3.057586463533126e-5,0.008859360638405263,0.00879986095420179,0.0032436387887539095,0.004192752838328064,0.007050041975398766,0.008740096618357488,0.014974489239088305,0.009910816089427319,0,7.000022863936712e-4,0.007406903937167938,3e-5,9.999999999999998e-4,0,0,0,0,0,0,0,0,0,0,0,0,0,5.999969179559883e-4,5.000072093895089e-4,6.610791743527318e-4,9.000052705088675e-4,4.4e-4,5.000172176308539e-4,3.700125260960334e-4,3.000017282201061e-4,6.467458184143425e-4,1.999985618598029e-4,6.857107903107414e-4,6.000040109901129e-4,6.899874441556925e-4,3.7953157760335963e-4,5.999958866356793e-4,0.0018,0.00720005067484346,9.333308965970977e-4,0.0013165268462981018,0.001264873234780557,5.4578272141110955e-5,3.000055303616856e-4,6.292511199161295e-5,0,2.0000135158999336e-4,4.000033119766596e-4,4.5942900661993016e-4,6.999978778940221e-4,7.9998719303301e-4,0.0011999678104032752,7.500112709075335e-4,4.699845413947097e-4,1.9999787297400774e-4,2.5998842879576827e-4,0.0011847534324444051,5.000144036189739e-4
CRI,0.0019202044228119153,0.0010000170008064295,0.002699974600427089,0.0030000105086538764,0.0031589060956950382,0.004400076842856358,0.0013021295021853594,0.0015042858071315725,0.004700154825391364,5e-4,8.000126406996053e-4,0.001,0.0014,0.0017000338885847606,1.6908553133587464e-5,1.9999342343231068e-4,0,1.9999770442128458e-4,9.999999999999999e-5,0.00450004361859897,0.005100193451837792,0.004243498613037448,0.0036215853922774615,0.007300045127551697,0.004900125865324103,0.020000482811896488,0.009910816089427319,0,5.000134985556545e-4,0.007406903937167938,3.0000365003467536e-4,0.0024747958794801082,0,0,0,0,0,0,0,0,0,0,0,0,0,6.000082376895788e-4,4.0000099565892707e-4,7.2219598433566e-4,6.000046335982208e-4,2.999982472130688e-4,2.999916422900125e-4,7.999909429860975e-4,4.999999999999999e-4,6.000068900312731e-4,4.0000453134558307e-4,7.000019326802857e-4,5.091301414936565e-4,3.9999310237795514e-4,3.457891542075873e-4,6.999971019112896e-4,8.999976829861673e-4,0.007299775321698477,6.000136733438162e-4,0.0013165268462981018,0.001962654258804387,9.999999999999999e-5,2.2168551746202015e-4,6.292511199161295e-5,0,2.0000135158999336e-4,0.0024920002037033834,3.0008223706333713e-4,1.9999658417448036e-4,7.99996079507586e-4,5e-4,8.000291184392516e-4,0.0012999473083340652,1.9999999999999998e-4,4.999829366095043e-4,0.0011847534324444051,5.000144036189739e-4
CUB,0.0019202067224942255,9.99979355856858e-4,0.0013365294301129957,0.0029999799532363677,0.0031589060956950382,0.006943228688856288,0.0013021295021853594,0.0015042858071315725,0.003296244696769313,5.000009340574146e-4,7.999882099416392e-4,9.999906725988938e-4,0.001400001197793664,0.0017000207708396733,1.6908553133587464e-5,6.607691505523258e-5,0,2e-4,1e-4,0.004500031586557697,0.003902087155728654,0.00447089768742135,0.004192752838328064,0.007299982433197353,0.004899929027679205,0.014974489239088305,0.009910816089427319,0,5e-4,0.007406903937167938,3e-4,0.0024747958794801082,0,0,0,0,0,0,0,0,0,0,0,0,0,6.000014972587687e-4,4.0000989161614875e-4,6.096606207103144e-4,6.000105126677647e-4,3.0000934841544353e-4,3.000048243921266e-4,7.999887865139141e-4,5.000032148345325e-4,6.000021866765797e-4,3.9999662036567643e-4,6.999953451566355e-4,5.091301414936565e-4,4.0000213659234886e-4,3.740955436176146e-4,7.000062297533019e-4,8.999854046559147e-4,0.007300003006343385,6.000140990221321e-4,0.001299997845152671,0.0020801987041208798,1e-4,2.2168551746202015e-4,6.292511199161295e-5,0,2.0000135158999336e-4,0.0024985409033027677,3.0173832912913976e-4,1.999966971628629e-4,8.000058213994644e-4,5e-4,8e-4,0.0012999846319348394,2.000027651426122e-4,5e-4,0.0011847534324444051,5.000144036189739e-4
CYP,0.0012482408461544868,0.0018000028404652681,0.0019100010428616122,0.0011111070098442709,0.0031599598503513093,0.0076297539966420904,0.0013021295021853594,0.0015042858071315725,0.00398124072712682,4.370845002291372e-4,8.100053459615459e-4,7.800027037074589e-4,0.0031666435788324653,8.029437121085712e-4,1.6908553133587464e-5,6.607691505523258e-5,0,1.1000063478181137e-4,3.057586463533126e-5,0.006899842614606704,0.007259973974037516,0.00736538302449536,0.0031781258886052276,0.008739848526325394,0.006400136876924831,0.014800315439644005,0.009910816089427319,0,6.60005703130141e-4,0.006989948147504417,3.0000284416803345e-5,0.0024747958794801082,0,0,0,0,0,0,0,0,0,0,0,0,0,3.6999093324469935e-4,4.60016304180638e-4,6.172360781612708e-4,8.599997076322599e-4,2.9999842197453067e-4,3.50001558101609e-4,3.6999921505010596e-4,3.1000235666431e-4,5.2e-4,1.6999924110192e-4,7.899961523662946e-4,5.000089134503967e-4,9.200356602969107e-4,3.086027410446339e-4,7.999981528344754e-4,0.0012000378289615092,0.005949942130494986,6.000086587583341e-4,0.0013842213602982397,0.0011579915343053959,5e-5,2.2168551746202015e-4,6.292511199161295e-5,0,2.0000135158999336e-4,4.000032522793058e-4,2.1727460403141044e-4,8.000028872110984e-4,5.600008692628651e-4,0.001,7.599984642358933e-4,4.6999898610970296e-4,1.9999651087733986e-4,2.600100762012721e-4,0.0012000000000000001,5.000144036189739e-4
CZE,0.0012482131348300247,0.0017999768778489793,0.0019100070972320794,0.002276700586381456,0.003159984175310043,0.007630045465218041,0.0013021295021853594,0.0015042858071315725,0.00411799199443119,4.370845002291372e-4,8.100080669891011e-4,5.568065980075054e-4,0.0031666435788324653,0.0016844516014324765,1.6908553133587464e-5,6.607691505523258e-5,0,1.0999990829137663e-4,3.057586463533126e-5,0.006900053676865271,0.0072599840798338085,0.009222050552323807,0.002690687680533678,0.008740410789408562,0.006399822432672388,0.014974489239088305,0.009910816089427319,0,6.599826689774697e-4,0.007406903937167938,3.0000553036168564e-5,0.011629727315267794,0,0,0,0,0,0,0,0,0,0,0,0,0,3.699995448960087e-4,4.599987838021152e-4,5.710812649831574e-4,8.599996351940465e-4,3.0000417920427954e-4,3.5000583634878024e-4,3.700041427730415e-4,3.099991540478809e-4,5.199775387672239e-4,1.7000054897547455e-4,7.89996728283985e-4,5e-4,9.200266558828053e-4,2.524635244422112e-4,7.999999999999999e-4,0.0011999851711801887,0.005950052884286138,5.999940194964415e-4,5.894923683715646e-4,0.001301489988813464,4.999964031623397e-5,2.1999664110171864e-4,6.292511199161295e-5,0,2.0000135158999336e-4,3.9999934106266824e-4,6.89442818963072e-5,7.999952973265301e-4,5.600210264742426e-4,0.001,7.6e-4,4.699972625239529e-4,2.000027651808428e-4,2.600084638171815e-4,0.0012000243338605669,5.000144036189739e-4
DEU,0.0012482349024468286,0.0018000192104504853,0.0019100212239600933,0.0011111061270079083,0.00316,0.007629987475398103,0.004138933066988693,0.0015042858071315725,0.0041483221072996564,4.370845002291372e-4,8.099866459242535e-4,5.568065980075054e-4,0.0031666435788324653,0.0016844516014324765,1.6908553133587464e-5,6.607691505523258e-5,0,1.1000033114897656e-4,3.057586463533126e-5,0.006900025550242728,0.007259921858934813,0.006617068958492009,0.003674657913990114,0.008739860950173811,0.006400050344545483,0.014974489239088305,0.009910816089427319,0,6.599727042308442e-4,0.007406903937167938,2.9999999999999994e-5,0.011629727315267794,0,0,0,0,0,0,0,0,0,0,0,0,0,3.7000584186330044e-4,4.599961066770488e-4,6.278412964533064e-4,8.600015412674356e-4,3.0000367484933117e-4,3.4999537807358104e-4,3.699959563283462e-4,3.100003875904608e-4,5.2000786163522e-4,1.7000062747066574e-4,7.90009598130451e-4,4.999817684594348e-4,9.199912589904134e-4,2.582555130672495e-4,7.999788148854318e-4,0.0012000000000000001,0.005949975330887874,5.999955174036802e-4,0.0015427464737680808,0.0011070618168209103,5e-5,2.2000273323615163e-4,6.292511199161295e-5,0,2.0000135158999336e-4,4.0112201421741876e-4,6.603999932125172e-5,8e-4,5.600021071855025e-4,0.001,7.599916475255794e-4,4.6999846852825564e-4,2e-4,2.5999722911445016e-4,0.0011999416015767573,5.000144036189739e-4
DJI,0.0030424717189877987,7.278236172460071e-4,4.0000730006935063e-4,0.0027372908505773905,0.0031589060956950382,0.006943228688856288,0.0013021295021853594,0.0020183685748044623,0.00309999665115033,4.370845002291372e-4,8.400158449590727e-4,5.568065980075054e-4,0.0031666435788324653,0.0028000252972426006,1.6908553133587464e-5,6.607691505523258e-5,0,1.0999456395123088e-4,3.057586463533126e-5,0.008859369427954102,0.008800163738079715,0.0054261716060292654,0.004192752838328064,0.004969776308453613,0.008739873586753317,0.014974489239088305,0.009910816089427319,0,5.559095079680671e-4,0.006799874134675897,4.914985379209765e-5,0.001,0,0,0,0,0,0,0,0,0,0,0,0,0,5.999983768473505e-4,4.999939327015253e-4,5.525693354277103e-4,8.999968664152835e-4,4.400116134100729e-4,4.999862268438813e-4,3.7001038901073534e-4,3.0000141516776815e-4,6.467458184143425e-4,2e-4,6.857138209795216e-4,5.999848645376117e-4,6.899829179624195e-4,5.754312528579931e-4,6e-4,0.0018000103746995662,0.007200121469784391,9.333515994246181e-4,0.0013066095679692307,0.0017942728804042673,5.4578272141110955e-5,2.999927001970947e-4,6.292511199161295e-5,0,2.0000135158999336e-4,9.453051226743081e-4,3.785820863799242e-4,6.999915117562177e-4,7.999964424838578e-4,0.001199989050695281,7.50017249706755e-4,4.699905102562231e-4,2.5993212060793894e-4,2.6000317393144306e-4,0.0011847534324444051,5.000144036189739e-4
DMA,0.0019201710499076245,0.0010000099050109451,0.0026999921384530724,0.002999987483885503,0.0031589060956950382,0.004399999999999999,0.0013021295021853594,0.0015042858071315725,0.003296244696769313,4.999967181049025e-4,8.0002440959297e-4,0.0010000070116884846,0.0014000316938733116,6.885032105690456e-4,1.6908553133587464e-5,6.607691505523258e-5,0,1.9999613757942103e-4,3.057586463533126e-5,0.0045001161363108465,0.005099917875718587,0.003755858667874233,0.004192752838328064,0.007300158170093685,0.004900009605225243,0.014974489239088305,0.009910816089427319,0,5.000095838684327e-4,0.007406903937167938,3e-4,0.0024747958794801082,0,0,0,0,0,0,0,0,0,0,0,0,0,6.000046483161474e-4,3.999985051534834e-4,4.6466027294474e-4,6.000125450651597e-4,3.000003498668756e-4,3.0000111696085635e-4,4.070978240380842e-4,5e-4,6.000091121881211e-4,3.999977406363498e-4,6.999758764876166e-4,5.091301414936565e-4,3.9998847395112953e-4,4.21279904468864e-4,6.99994803305098e-4,9.000128724979082e-4,0.007299999999999999,5.999933160789148e-4,0.0013165268462981018,0.0014305778547280593,5.4578272141110955e-5,3.0000365003467536e-4,6.292511199161295e-5,0,2.0000135158999336e-4,9.453051226743081e-4,3.0062252507536167e-4,1.9999614167759855e-4,8.000046402635669e-4,5.000128349462582e-4,7.999886647018818e-4,0.0012999930476698107,1.9999999999999998e-4,4.999947101702267e-4,0.0011847534324444051,5.000144036189739e-4
DNK,0.0012482142449100838,0.0017999828390767422,0.0019100282872524866,0.00111111824308835,0.003159986159015058,0.007630157065053385,0.0013021295021853594,0.0015042858071315725,0.003296244696769313,4.370845002291372e-4,8.100003015182667e-4,5.568065980075054e-4,0.0031666435788324653,0.0016844516014324765,1.6908553133587464e-5,6.607691505523258e-5,0,1.1000016236665639e-4,3.057586463533126e-5,0.006899988769092543,0.007259961472168712,0.009162199633933955,0.003003676704600655,0.008740114369144665,0.006400041714464491,0.014974489239088305,0.009910816089427319,0,6.599945657096277e-4,0.007406903937167938,2.9999999999999997e-5,0.0024747958794801082,0,0,0,0,0,0,0,0,0,0,0,0,0,3.7000760302879844e-4,4.6e-4,7.079871726004566e-4,8.600053160767354e-4,3.000025495245137e-4,3.499945630504911e-4,3.699978196089832e-4,3.100000903105781e-4,5.200078126907395e-4,1.700003476896026e-4,7.899949396370998e-4,4.999848645376116e-4,9.199825899709069e-4,2.5628095202463513e-4,7.999947769655476e-4,0.0012000386174937246,0.005950150867488057,5.999914021897265e-4,0.002147027157432105,0.001321267984125191,5.00009239240904e-5,2.2000138422925748e-4,6.292511199161295e-5,0,2.0000135158999336e-4,3.9998994313298833e-4,6.51245455497389e-5,7.999999999999999e-4,5.600044161483826e-4,9.99980935495248e-4,7.599978840457046e-4,4.6998727375565605e-4,1.9999999999999998e-4,2.6000637348629703e-4,0.0012000243338605669,5.000144036189739e-4
DOM,0.0019202243120378635,9.999844963643973e-4,0.0027000194666147556,0.0030000282374202294,0.0031589060956950382,0.00440010341733457,0.0013021295021853594,0.0015042858071315725,0.003296244696769313,5.000079631782637e-4,8.000039326726443e-4,0.001,0.001400013636053726,0.0017000373831775701,1.6908553133587464e-5,6.607691505523258e-5,0,2.000060833726218e-4,9.999999999999999e-5,0.004500011639004632,0.005100010428616123,0.006013411683989738,0.004428830077240946,0.004969776308453613,0.007304414514339843,0.014974489239088305,0.009910816089427319,0,5e-4,0.007406903937167938,3e-4,0.0024747958794801082,0,0,0,0,0,0,0,0,0,0,0,0,0,6.000042911088225e-4,4.0000207955331196e-4,6.660570200772716e-4,5.999796147181734e-4,2.999933395497535e-4,3e-4,4.070978240380842e-4,4.999967343526507e-4,5.999951092251597e-4,3.9998789382887927e-4,6.99980556095664e-4,5.091301414936565e-4,4.0000481324605316e-4,4.0076411463719466e-4,7.00025699367545e-4,8.999976829861674e-4,0.007299800610935949,6.000040676863e-4,0.0013165268462981018,0.0018906136204079758,1e-4,2.2168551746202015e-4,6.292511199161295e-5,0,2.0000135158999336e-4,0.0025000133704854554,3.0018938521644644e-4,2.0000000000000004e-4,8.000058213994644e-4,4.999902729412681e-4,8.000070531809847e-4,0.0012999928197027356,2e-4,5e-4,0.0011847534324444051,5.000144036189739e-4
DZA,0.0016710353706827104,0.0017999862910411952,0.0019100138100854483,0.0011111242264801265,0.0031589060956950382,0.006943228688856288,0.0013021295021853594,0.0011659346609710609,0.003895145789156543,4.370845002291372e-4,8.100302243328885e-4,5.568065980075054e-4,0.0031666435788324653,0.0016844516014324765,1.6908553133587464e-5,6.607691505523258e-5,0,1.0999662047989185e-4,3.057586463533126e-5,0.006900115817920192,0.007260037486435829,0.006604186116043472,0.0025357989843355884,0.004969776308453613,0.006399983153875311,0.014974489239088305,0.009910816089427319,0,6.599983956039548e-4,0.006989993004227879,3.0000259787493832e-5,0.0024747958794801082,0,0,0,0,0,0,0,0,0,0,0,0,0,3.6999977688110684e-4,4.6000529843132613e-4,6.309801036793144e-4,8.599993737555695e-4,2.9999693768182516e-4,3.4999942609873397e-4,3.6999324073872186e-4,3.0999756275895685e-4,6.467458184143425e-4,1.7000099652424424e-4,7.900054729928852e-4,5.000099775836954e-4,9.199936114915717e-4,2.942315800099657e-4,8.000078505259852e-4,0.0011999948223080854,0.004065842431079392,5.999953411085056e-4,3.4344218035953873e-4,0.0013491625234081847,4.9999999999999996e-5,2.2168551746202015e-4,6.292511199161295e-5,0,2.0000135158999336e-4,3.99998682279884e-4,1.6277751781388418e-4,8e-4,5.600093709734099e-4,0.001,7.599955918007493e-4,4.7000423400931485e-4,2.000027651426122e-4,2.6000317393144306e-4,0.0011847534324444051,5.000144036189739e-4
ECU,0.0019201677425699454,9.999720747018153e-4,0.0026999532054281703,0.003000007575011552,0.0031589060956950382,0.004400033181711347,0.0013021295021853594,0.0015042858071315725,0.002600043645489512,5.000075701373222e-4,7.99991738289671e-4,0.001,0.0031666435788324653,5e-4,1.6908553133587464e-5,6.607691505523258e-5,0,2e-4,9.999999999999999e-5,0.004499956548188059,0.005100043136344028,0.003587616351171817,0.0022150935636438417,0.004969776308453613,0.004899934383202099,0.020000675926864712,0.009910816089427319,0,4.999907641723775e-4,0.012400262802496623,3.000048666536889e-4,0.0024747958794801082,0,0,0,0,0,0,0,0,0,0,0,0,0,5.999976538763828e-4,3.999925478798718e-4,7.668672269295451e-4,6e-4,2.9998975304846806e-4,3.0000860856839505e-4,7.999899366005836e-4,5.000025287277522e-4,6.000068480252008e-4,3.9999798230481325e-4,6.999720436119654e-4,5.091301414936565e-4,3.999959065045643e-4,3.8365594699032757e-4,7.00011677809243e-4,8.999913785671178e-4,0.007299977038846097,5.999947502428012e-4,3.307164302803329e-4,0.0019901994521923927,9.999999999999999e-5,3.000048666536889e-4,6.292511199161295e-5,0,2.0000135158999336e-4,0.0024984064159069234,3.008910898886678e-4,2.000029270148839e-4,7.999976283366339e-4,5.000114142221209e-4,8.000198373338623e-4,0.0012999955351163102,1.9999999999999998e-4,5e-4,0.0011847534324444051,5.000144036189739e-4
EGY,0.0012000068316985755,0.0017999641559180613,0.0019099582137642854,0.0011111210564728239,0.0031589060956950382,0.007630032485308609,0.0013021295021853594,0.0011659304890010685,0.003296244696769313,8.699921786738507e-4,8.100004217214671e-4,7.800108244632871e-4,0.0031666435788324653,9.59428502531951e-4,1.6908553133587464e-5,6.607691505523258e-5,0,1.0999903947747575e-4,3.057586463533126e-5,0.006900093370681607,0.007259786476868328,0.006091624687060212,0.004794548503144346,0.008739962548005204,0.00640017269123592,0.014974489239088305,0.009910816089427319,0,6.599775391310452e-4,0.00699017313991577,3.000007464190546e-5,0.0024747958794801082,0,0,0,0,0,0,0,0,0,0,0,0,0,3.699991033878765e-4,4.600070413255e-4,5.85869478746225e-4,8.600013797121001e-4,2.999916742985597e-4,3.49989670132911e-4,3.699895342752486e-4,3.1000164694256876e-4,6.467458184143425e-4,1.7000256680831644e-4,7.900198807157058e-4,5e-4,9.200146203283481e-4,3.1210518796637675e-4,8.000058655039934e-4,0.0012000115131105547,0.0059502093730281645,6.00003964674748e-4,7.255491936288734e-4,0.0011199601151712882,5e-5,2.1999708000778665e-4,6.292511199161295e-5,0,2.0000135158999336e-4,4.000029570029808e-4,3.327175325189574e-4,7.999999999999999e-4,5.600000000000001e-4,0.001,7.599987947208774e-4,0.00047000069523301893,1.9999209985779745e-4,2.599939545076702e-4,0.0011847534324444051,5.000144036189739e-4
ESP,0.0012482334081513387,0.0018000077742361814,0.0019100109499950225,0.0011111111111111111,0.003159960954078601,0.007629929671503606,0.0013021295021853594,0.0015042858071315725,0.003296244696769313,4.370845002291372e-4,8.099865917562445e-4,7.800009505251652e-4,0.0031666435788324653,0.0016844516014324765,1.6908553133587464e-5,6.607691505523258e-5,0,1.0999456395123088e-4,3.057586463533126e-5,0.006900047929801275,0.007260055222107722,0.006864963699451469,0.003023325252181574,0.008740008030076286,0.006399862590175197,0.014800104794341105,0.009910816089427319,0,6.599906410856341e-4,0.006989901447864704,3.000023397468394e-5,0.011629854936827328,0,0,0,0,0,0,0,0,0,0,0,0,0,3.7000039956846604e-4,4.5999937840392413e-4,6.785542679982972e-4,8.599937439269503e-4,3e-4,3.499879480734134e-4,3.7000515122525575e-4,3.1000047068421795e-4,5.199942651644584e-4,1.6999846251089054e-4,7.899940246618502e-4,4.999888584352786e-4,9.2e-4,2.775132606869041e-4,8.000059285315521e-4,0.0011999965926127846,0.005949969160696494,5.999991479100364e-4,5.744492573853577e-4,0.0011360788908044942,5e-5,2.1999894963499816e-4,6.292511199161295e-5,0,2.0000135158999336e-4,4.046955590491915e-4,1.6604816198768582e-4,8.000065421477871e-4,5.599972847300002e-4,9.999924185563416e-4,7.599754601226995e-4,4.7001772864740845e-4,2e-4,2.59999250992435e-4,0.0012000470976097962,5.000144036189739e-4
EST,0.001248231382238374,0.001800037960083512,0.0019099988110807277,0.001111108316903392,0.003159992064287802,0.007630063746658441,0.0013021295021853594,0.0015042858071315725,0.003296244696769313,4.370845002291372e-4,8.099869356945856e-4,7.799858055358411e-4,0.0031666435788324653,0.0016844516014324765,1.6908553133587464e-5,6.607691505523258e-5,0,1.1000352414036148e-4,3.057586463533126e-5,0.006899846704138989,0.007259980868952324,0.003755858667874233,0.0032501294990417767,0.008740023359937708,0.006400081111223766,0.014974489239088305,0.009910816089427319,0,6.59998440180939e-4,0.007406903937167938,2.9999170468685194e-5,0.0024747958794801082,0,0,0,0,0,0,0,0,0,0,0,0,0,3.700075731913342e-4,4.600043129534688e-4,6.49895332044001e-4,8.600115940518606e-4,3e-4,3.5000552425146393e-4,3.7000515122525575e-4,3.0999624622152564e-4,5.199831543482838e-4,1.6999875415554697e-4,7.899722831258016e-4,5e-4,9.200256681938248e-4,2.1721168757649387e-4,8e-4,0.001200018914318139,0.00595003056033137,5.999994015863945e-4,0.0013165268462981018,0.001619147312272752,4.9999999999999996e-5,2.1999910758109854e-4,6.292511199161295e-5,0,2.0000365003467531e-4,4.021198857161147e-4,6.346303908727064e-5,8e-4,5.600036691477095e-4,0.001,7.599898435268353e-4,4.6999832459730494e-4,1.9999716396534365e-4,2.600051074386195e-4,0.0011847534324444051,5.000144036189739e-4
ETH,0.003042435211104815,7.278144708745097e-4,4.0000304377712446e-4,0.002737344695552771,0.0031589060956950382,0.0067998071758143385,0.0019290478860280904,0.0020183022421682,0.003100004265938613,4.370845002291372e-4,8.400010218679746e-4,9.000058136154874e-4,0.0032499548491963155,0.0027999851917927276,1.6908553133587464e-5,6.607691505523258e-5,0,1.0999343017738521e-4,3.057586463533126e-5,0.008859417321794278,0.008800105415733298,0.0050893155369844244,0.001838537957235308,0.007049947171261167,0.00873994921709691,0.014974489239088305,0.009910816089427319,0,5.559095079680671e-4,0.006799890500958116,4.914985379209765e-5,0.001,0,0,0,0,0,0,0,0,0,0,0,0,0,6.000093118539901e-4,5e-4,8.081746049592e-4,8.999886415265789e-4,4.40012841466262e-4,5e-4,0.00036999343401181883,3.0000302635959205e-4,6.467458184143425e-4,2e-4,6.857095818241687e-4,6.00018453589223e-4,6.9e-4,4.658540713531667e-4,5.999915111557562e-4,0.0018000179382922745,0.007199931167006051,9.333333333333333e-4,7.000115158727113e-4,0.0017771336538843258,9.999999999999999e-5,2.2168551746202015e-4,6.292511199161295e-5,0,2.0000135158999336e-4,3.999977871944945e-4,3.8631820304364307e-4,6.999864185793834e-4,5.159412782665541e-4,0.0012000123731749567,4.910311899613233e-4,4.0065045614475316e-4,2.5993212060793894e-4,1.419690139988815e-4,0.0011847534324444051,5.000144036189739e-4
FIN,0.0012482011503201363,0.0018000129777431706,0.001910039882633355,0.002276700586381456,0.0031598983918013934,0.007629790278585164,0.0013021295021853594,0.0015042858071315725,0.003938085647145971,4.370845002291372e-4,8.099927558064802e-4,7.800009505251652e-4,0.0031666435788324653,0.0016844516014324765,1.6908553133587464e-5,6.607691505523258e-5,0,1.10000348727725e-4,3.057586463533126e-5,0.006899899625878273,0.007259873072243596,0.003755858667874233,0.0032981944815673094,0.0087400540185415,0.006399943300613062,0.014974489239088305,0.009910816089427319,0,6.599983621708256e-4,0.006990145086230495,3e-5,0.0024747958794801082,0,0,0,0,0,0,0,0,0,0,0,0,0,3.699935310573508e-4,4.5999887558329124e-4,6.068345587914566e-4,8.600013797121001e-4,3.0000000000000003e-4,3.49999426098734e-4,3.69995939910678e-4,3.100014292366493e-4,5.200143988480922e-4,1.7000056646793082e-4,7.899957272782763e-4,5e-4,9.19969956031158e-4,2.2366048878005542e-4,7.999918298706737e-4,0.001199984020453819,0.00595007918701333,6.000151830506545e-4,0.0015121417282930442,0.0010998563272213565,5e-5,2.200012996999859e-4,6.292511199161295e-5,0,2.0000135158999336e-4,4e-4,6.529552609067072e-5,8.000175924704226e-4,5.599904965550012e-4,9.99995817142188e-4,7.600178536004761e-4,4.699987574552684e-4,2.000027651808428e-4,2.6000256476019494e-4,0.0012000219002080519,5.000144036189739e-4
FJI,0.001248215275382942,0.0017999777400463672,0.0019100282872524864,0.0011111149827605134,0.0031600559678793038,0.007630096986129941,0.0013021295021853594,0.0015042858071315725,0.003897014047679959,8.69998223369942e-4,8.099905701619692e-4,7.799929678357203e-4,0.0011200020484719681,9.500266374994147e-4,1.6908553133587464e-5,6.607691505523258e-5,0,1.0999915117562179e-4,3.057586463533126e-5,0.006900053676865271,0.0072600975751310375,0.00996867477963758,0.004192752838328064,0.008740050257605323,0.0063999513342525745,0.014974489239088305,0.009910816089427319,0,6.59997098570488e-4,0.006990181406723363,2.9999087507984303e-5,0.011629693818601964,0,0,0,0,0,0,0,0,0,0,0,0,0,3.6999898777741224e-4,4.5999585615608867e-4,8.444317696697523e-4,8.60015444932874e-4,2.8953154730238396e-4,3.500077401092461e-4,3.6999154691462385e-4,3.099968884740188e-4,6.467458184143425e-4,1.6999687888227268e-4,7.900036526254479e-4,5e-4,9.199837713564441e-4,1.5529442805232394e-4,7.999973481483446e-4,0.0012000321437181354,0.005949946380028432,5.999957830916029e-4,0.0013165268462981018,0.0010957711883886644,5.0000404004492535e-5,2.200053314741526e-4,6.292511199161295e-5,0,2.0000135158999336e-4,3.999961821496406e-4,6.302693373260696e-5,8.000363790699086e-4,5.60009116957541e-4,0.001000009127918652,7.599842181403709e-4,4.6999167961820444e-4,2.0000921743939534e-4,2.5999609011143185e-4,0.0012000405556118828,5.000144036189739e-4
FRA,0.0012482279824792782,0.001800028324599915,0.0019100070972320794,0.0011111195941380587,0.0031599619138300405,0.0076296398319674955,0.0013021295021853594,0.0015042858071315725,0.003995548126877171,4.370845002291372e-4,8.099956722897156e-4,5.568065980075054e-4,0.0031666435788324653,8.461369823396644e-4,1.6908553133587464e-5,6.607691505523258e-5,0,1.1000014658672803e-4,3.057586463533126e-5,0.006899736147757255,0.00725984313116409,0.00675184493773961,0.0036735204552022288,0.008740114369144665,0.006400041714464491,0.014974489239088305,0.009910816089427319,0,6.599942342161668e-4,0.007406903937167938,3e-5,0.0024747958794801082,0,0,0,0,0,0,0,0,0,0,0,0,0,3.700066065606872e-4,4.600051773233238e-4,6.980065878717959e-4,8.59997614915823e-4,3.000025495245137e-4,3.4999531966676027e-4,3.699932720340884e-4,3.0999695832910877e-4,5.200112307927919e-4,1.7000048222983073e-4,7.90008044605953e-4,5e-4,9.200207161882214e-4,2.506906188062643e-4,7.999888266170298e-4,0.0012000084255462562,0.005949987746295182,6.000049859147907e-4,0.0010725147971399637,0.0011456147757511117,4.9999304212298744e-5,2.200039648758644e-4,6.292511199161295e-5,0,1.9999999999999998e-4,3.999934020937356e-4,9.779760607339457e-5,7.999922657488689e-4,5.600007332251826e-4,0.0010000086282021415,7.600024414807581e-4,4.7000072637466407e-4,1.9999497247429678e-4,2.6000135290536427e-4,0.0012000034762053742,5.000144036189739e-4
GAB,0.00304248322759,0.00072782844273,0.00102435143259,0.00273729678842,0.00250002501576,0.00679985886693,0.00192900756274,0.00201833798131,0.00306605461046,0.00041235736186,0.000839998754852,0.000899989355394,0.00316664357883,0.00242805745379,1.69085531336e-05,6.60769150552e-05,0,0.000109997942445,3.05758646353e-05,0.00885936843526,0.00879992802157,0.00412477434921,0.00412211318177,0.00635660910873,0.00873985583234,0.0149744892391,0.00991081608943,0,0.000699981883209,0.00740690393717,2.99998783411e-05,0.00198319725299,0,0,0,0,0,0,0,0,0,0,0,0,0,0.000599996399133,0.000499997786312,0.000682969914078,0.000899998917434,0.000440006835269,0.000500003418197,0.000369999806379,0.000299997435944,0.000646745818414,0.000199998000616,0.000685724154018,0.000599994843055,0.000690007506289,0.000355899949916,0.000599993856939,0.00180003229469,0.00720013837845,0.000933332764447,0.000898900230233,0.0018087695443,0.0001,0.000273892299841,6.29251119916e-05,0,0.00020000135159,0.000481686508236,0.000380887912164,0.000699987450729,0.000799995142884,0.00120000684238,0.000749992278512,0.000469997300216,0.000219980157344,0.000220655809011,0.00118475343244,0.000500014403619
GBR,0.0012482073910645341,0.0017999946792944745,0.0019100010428616124,0.001111114414577802,0.0031600230525405826,0.007629919852978712,0.0013021295021853594,0.0015042858071315725,0.004028299590848369,4.370845002291372e-4,8.100171086192209e-4,5.568065980075054e-4,0.0031666435788324653,0.0016844516014324765,1.6908553133587464e-5,6.607691505523258e-5,0,1.0999931134219407e-4,3.057586463533126e-5,0.006900036499680628,0.007260013447315339,0.00976029237744155,0.003935591918122555,0.008739962689593641,0.006400063825119173,0.014974489239088305,0.009910816089427319,0,6.600158929872193e-4,0.006989993004227879,3e-5,0.011629854936827328,0,0,0,0,0,0,0,0,0,0,0,0,0,3.7000096178164705e-4,4.5999441213962665e-4,7.735802563768945e-4,8.600001292883322e-4,3.000025992254308e-4,3.500032181244771e-4,3.69995939910678e-4,3.1000067359723376e-4,5.199939526797188e-4,1.6999511968635454e-4,7.899883677372292e-4,5e-4,9.200016088163134e-4,2.1307321662612986e-4,8.000082354798197e-4,0.0011999960392902408,0.005949950354396537,6.000059759691341e-4,0.002925680598604447,0.001243125405690033,5.000058351908691e-5,2.2000433438651323e-4,6.292511199161295e-5,0,2.0000135158999336e-4,4.2531340503490446e-4,6.57158856045734e-5,8.000102270402945e-4,5.600064393227979e-4,0.001,7.60034384712028e-4,4.700030147723847e-4,2e-4,2.599962483586569e-4,0.0012000219002080519,5.000144036189739e-4
GEO,0.004711743232160397,0.0018000212034470747,0.0019099873144840576,0.003849946955885837,0.0031600644122383257,0.007629680522157333,0.0013021295021853594,0.0015042858071315725,0.003755766377835943,8.700028968713788e-4,8.100026146567036e-4,5.568065980075054e-4,0.0031666435788324653,0.0016844516014324765,1.6908553133587464e-5,6.607691505523258e-5,0,1.099993652204272e-4,3.057586463533126e-5,0.004408817267692809,0.003902087155728654,0.003755858667874233,0.006428953487846374,0.004969776308453613,0.00639996157909903,0.014974489239088305,0.009910816089427319,0,6.599983621708256e-4,0.006990181406723363,3.000052143080613e-5,0.011629854936827328,0,0,0,0,0,0,0,0,0,0,0,0,0,3.7001097624994036e-4,4.6000202778059417e-4,5.252915579396539e-4,8.599913929134988e-4,3.000059206631142e-4,3.49998087003099e-4,4.070978240380842e-4,3.099985942928289e-4,6.467458184143425e-4,1.700019945482348e-4,7.899919844268864e-4,5e-4,9.199940204798565e-4,2.514391789883589e-4,8.000000000000001e-4,0.0012000106530307873,0.005949985202722699,6.000000000000001e-4,0.0013165268462981018,0.0011101998723284075,5.0000912825193975e-5,2.1999708000778665e-4,6.292511199161295e-5,0,2.0000135158999336e-4,4.1257353447089577e-4,7.430807952979962e-5,8.000161684755149e-4,5.599953894033119e-4,0.001,7.599988331048163e-4,4.7000423400931485e-4,2.5993212060793894e-4,2.6000406917599185e-4,0.0011847534324444051,5.000144036189739e-4
GHA,0.0030424146516743003,7.278230411126741e-4,3.9999188904209584e-4,0.0033718912831594084,0.0031589060956950382,0.006799890500958116,0.0019290725751340187,0.0020183539219958318,0.003296244696769313,4.0000523437441976e-4,8.399999999999999e-4,9.000038698192795e-4,0.00324987481794299,0.001000224919500799,1.999938210578349e-4,6.607691505523258e-5,0,1.1000478697941599e-4,3.057586463533126e-5,0.008859543404152749,0.008800233602219222,0.0030067734354781352,0.006000000000000001,0.007050041975398766,0.008740052256816323,0.014974489239088305,0.009910816089427319,0,6.999927262147222e-4,0.007406903937167938,4.914985379209765e-5,0.001,0,0,0,0,0,0,0,0,0,0,0,0,0,5.999973607637948e-4,5e-4,6.760518913923086e-4,8.999945533274629e-4,4.4001307616868253e-4,5e-4,4.070978240380842e-4,3e-4,6.999975611331916e-4,1.9999650386323114e-4,6.857118514100708e-4,5.091301414936565e-4,6.899941600155733e-4,3.9034117919175117e-4,6e-4,0.0018000312410507407,0.007200000000000001,9.333113048974959e-4,0.0011696294680631847,0.0016597074013351503,1e-4,3.000036500346753e-4,6.292511199161295e-5,0,2.0000135158999336e-4,3.9997930249404946e-4,3.78597151397609e-4,7.000018373233873e-4,7.999874442840102e-4,0.0012000108745888044,7.499951616961159e-4,4.699968714151632e-4,1.9999209985779745e-4,1.419690139988815e-4,0.0011847534324444051,5.000144036189739e-4
GIN,0.0030424403849536393,7.278400426843872e-4,0.0013365294301129957,0.00337195033500739,0.0031589060956950382,0.006943228688856288,0.001928993306208164,0.0020183402522912777,0.003296244696769313,3.999990280197604e-4,8.40009358914366e-4,8.999882787317588e-4,0.0032501134816159782,0.001,1.6908553133587464e-5,6.607691505523258e-5,0,1.0999897182808967e-4,3.057586463533126e-5,0.004408817267692809,0.008800145999933636,0.003000476769237715,0.005999999999999999,0.004969776308453613,0.008740059746707619,0.014974489239088305,0.009910816089427319,0,7.000076295109484e-4,0.006799890500958116,4.914985379209765e-5,0.0024747958794801082,0,0,0,0,0,0,0,0,0,0,0,0,0,5.999977929086154e-4,5e-4,0.0015774448730366492,7.141599000872495e-4,2.8953154730238396e-4,5.000153045607591e-4,3.6999617548588715e-4,3.0000000000000003e-4,6.99995859331951e-4,2e-4,6.857126113455228e-4,5.999919781806514e-4,7.053548415335735e-4,6.037925987565929e-4,6.000026991281816e-4,0.0018000000000000002,0.00719988986784141,9.333161214177702e-4,7.000070244450689e-4,0.0018126181707527232,5.4578272141110955e-5,2.2168551746202015e-4,6.292511199161295e-5,0,2.0000135158999336e-4,3.9999999999999996e-4,4.0688404518222975e-4,6.99978646166987e-4,7.999924368476782e-4,0.0012,7.499701706240305e-4,4.0065045614475316e-4,2.5993212060793894e-4,1.419690139988815e-4,0.0011847534324444051,5.000144036189739e-4
GMB,0.003042466313284907,7.278491562735586e-4,0.0013365294301129957,0.003371875,0.0031589060956950382,0.006800014600138701,0.0019290488924206671,0.002018330034135013,0.003100052266109162,3.999983695164802e-4,8.400110189464663e-4,8.999966203656765e-4,0.0031666435788324653,0.0016844516014324765,1.6908553133587464e-5,6.607691505523258e-5,0,1.1000104286161227e-4,3.057586463533126e-5,0.004408817267692809,0.003902087155728654,0.0030637942452540054,0.004192752838328064,0.007050041975398766,0.008740184657865217,0.014974489239088305,0.009910816089427319,0,6.999964903660548e-4,0.00679994274535999,3.0000365003467532e-5,0.0024747958794801082,0,0,0,0,0,0,0,0,0,0,0,0,0,5.999980647720786e-4,3.1753623524931053e-4,6.730790491750728e-4,8.999968050097446e-4,2.8953154730238396e-4,4.081496867092869e-4,4.070978240380842e-4,3.7735868451261293e-4,6.467458184143425e-4,2.000021345172789e-4,7.17075331043796e-4,6.000089134503967e-4,7.053548415335735e-4,3.99054246662997e-4,6.000056716671866e-4,0.0018000120365912373,0.007200018603497458,9.333333333333333e-4,7.000296853354443e-4,0.0017965210674315193,1e-4,3.000060834651417e-4,6.292511199161295e-5,0,2.0000135158999336e-4,3.999979728816614e-4,3.7867896600166236e-4,7e-4,7.999933871181062e-4,0.0012000049327096196,7.500107809737375e-4,4.699936038265803e-4,2.0000632031348754e-4,2.6000317393144306e-4,0.0011847534324444051,5.000144036189739e-4
GNB,0.003042476568808674,7.278457656363763e-4,0.0013365294301129957,0.0033719347513056185,0.0031589060956950382,0.006943228688856288,0.0019290507573129843,0.0020183301839703364,0.0031000358408665527,3.9999812806164293e-4,8.400139048586785e-4,5.568065980075054e-4,0.0031666435788324653,0.0028000056431816255,1.6908553133587464e-5,6.607691505523258e-5,0,1.0999656475437993e-4,3.057586463533126e-5,0.00885939444214019,0.003902087155728654,0.00361285015202173,0.005980753140870928,0.004969776308453613,0.008740045506257111,0.014974489239088305,0.009910816089427319,0,7.00011024953144e-4,0.007406903937167938,4.914985379209765e-5,0.001,0,0,0,0,0,0,0,0,0,0,0,0,0,5.999933702390028e-4,4.999888584352786e-4,8.212263094826788e-4,8.999987592898174e-4,4.400052626962547e-4,4.081496867092869e-4,4.070978240380842e-4,3.0000000000000003e-4,7.000034478399283e-4,2e-4,6.857040615494723e-4,5.091301414936565e-4,7.053548415335735e-4,1.5139750559641828e-4,6.00003202664617e-4,0.0017999810856818613,0.0072000592749927456,9.333296092506215e-4,0.0013165268462981018,0.0015797089332913177,5.4578272141110955e-5,2.2168551746202015e-4,6.292511199161295e-5,0,2.0000135158999336e-4,4.0000481139337954e-4,4.4003875403134834e-4,7.000010610417308e-4,8.000029554757577e-4,0.001200011248172172,7.499880980718877e-4,4.7001496514216887e-4,2.0000502765208647e-4,1.419690139988815e-4,0.0011847534324444051,5.000144036189739e-4
GRC,0.001248245409629687,0.0018000198639320654,0.001909995852343426,0.0011111235202144294,0.003159936733673097,0.007629989713641039,0.0013021295021853594,0.0015042858071315725,0.0039766984195807225,4.370845002291372e-4,8.100191674265403e-4,7.799988478598998e-4,0.0031666435788324653,0.0016844516014324765,1.6908553133587464e-5,6.607691505523258e-5,0,1.1000112309074573e-4,3.057586463533126e-5,0.006899986823033337,0.007260141829179268,0.007467464940477689,0.0029151641585600245,0.008740008030076286,0.006400014599961067,0.014974489239088305,0.009910816089427319,0,6.599948951376186e-4,0.006989885664028144,3.0000078242363547e-5,0.0024747958794801082,0,0,0,0,0,0,0,0,0,0,0,0,0,3.699976628288752e-4,4.5999328958730966e-4,5.574371522537857e-4,8.599954425126301e-4,3.000024480003917e-4,3.5000260865028433e-4,3.6999921505010596e-4,3.100025789337951e-4,6.467458184143425e-4,1.699991923480749e-4,7.900186077580038e-4,4.999919781806514e-4,9.199933577600985e-4,3.0700583553981307e-4,7.999931150814142e-4,0.0011999825678944197,0.005950038150520489,6.000054648861548e-4,0.0011621635428004937,0.0012376519060099615,5.000169681338447e-5,2.199960540593864e-4,6.292511199161295e-5,0,2.0000135158999336e-4,4.081613587360431e-4,4.447680280255941e-4,8.000131095962244e-4,5.600021305683291e-4,0.001,7.600383063137014e-4,4.7001836547291094e-4,2e-4,2.600021591277124e-4,0.001199981750159686,5.000144036189739e-4
GRD,0.001248195205254957,0.001800002341618761,0.0019099833228476987,0.0011111100521334692,0.0031599598503513093,0.007630055672307636,0.0013021295021853594,0.0015042858071315725,0.003296244696769313,8.700086904816356e-4,8.100012176807241e-4,7.800100137689323e-4,0.0011199772014819035,0.0014241604179222218,1.6908553133587464e-5,6.607691505523258e-5,0,1.1000019623618989e-4,3.057586463533126e-5,0.0068999604586793195,0.007260152918123487,0.006595763877697436,0.004192752838328064,0.008740008030076286,0.006400208577760396,0.014974489239088305,0.009910816089427319,0,6.59984058557675e-4,0.007406903937167938,4.914985379209765e-5,0.0024747958794801082,0,0,0,0,0,0,0,0,0,0,0,0,0,3.699990192306242e-4,4.599976582363174e-4,7.546603523947262e-4,8.599836695811928e-4,3e-4,3.4999586537666423e-4,3.699865205117119e-4,0.00031000156627973753,5.200036205648081e-4,1.6999962944206327e-4,7.900203665987781e-4,5e-4,9.199994163736376e-4,4.1013888079307795e-4,8.000020436106514e-4,0.0012000276663438926,0.005949904687961713,6.00000832467336e-4,0.0013165268462981018,0.0014305778547280593,5.4578272141110955e-5,2.2e-4,6.292511199161295e-5,0,2.0000135158999336e-4,3.9999999999999996e-4,8.35673249947214e-5,7.999745352686529e-4,5.600022712002347e-4,9.999934221777854e-4,7.599968678220924e-4,4.700134770889487e-4,1.9999999999999998e-4,2.6000317393144306e-4,0.0011847534324444051,5.000144036189739e-4
GTM,0.0019202566494971882,0.001000034112229234,0.0027000194666147556,0.003000015008222362,0.0031589060956950382,0.006943228688856288,0.0013021295021853594,0.0033199824800467194,0.004700007307982753,5.000195733020161e-4,7.999853266053101e-4,5.568065980075054e-4,0.0031666435788324653,0.0016844516014324765,1.6908553133587464e-5,6.607691505523258e-5,0,1.9999580466521227e-4,1e-4,0.00449989664235301,0.005099917875718587,0.0018732595680367268,0.006420706161265447,0.007300031285848369,0.004899855524294731,0.02000054073783678,0.009910816089427319,0,5e-4,0.012399900830544193,3e-4,0.0024747958794801082,0,0,0,0,0,0,0,0,0,0,0,0,0,5.999983096258357e-4,4.000009218416553e-4,6.986512788529154e-4,5.999844700766613e-4,3.000014152679102e-4,3.000013773535529e-4,7.999733918712166e-4,5e-4,5.999941506785213e-4,3.999956391862722e-4,6.999849011022195e-4,5.091301414936565e-4,4e-4,4.0867066506111564e-4,7.000092127688977e-4,8.999858964801645e-4,0.007300038757543878,5.999986127199706e-4,0.0015871619455615786,0.002206116806699569,1e-4,3e-4,6.292511199161295e-5,0,2.0000135158999336e-4,0.0024994422874515232,3.017097089295169e-4,2.0000606308641415e-4,8.00019210450485e-4,4.999934187145433e-4,8.000198373338623e-4,0.0012999805333852442,1.9999262632034953e-4,5e-4,0.0011847534324444051,5.000144036189739e-4
GUY,0.0019202099636896248,0.001,0.0027000638744410985,0.0030000372088136735,0.0031589060956950382,0.00440007180469124,0.0013021295021853594,0.0015042858071315725,0.00469994862133927,5e-4,8.000030923969555e-4,5.568065980075054e-4,0.0013999877866324691,4.7016704784812066e-4,1.6908553133587464e-5,6.607691505523258e-5,0,2.0000178048411362e-4,9.999999999999999e-5,0.004499951333463111,0.005100041602235532,0.004775553799959249,0.0023037869181014624,0.007299990135148466,0.004899848660197632,0.01999932409597837,0.009910816089427319,0,5.000037859953508e-4,0.007406903937167938,3.000036500346753e-4,0.0024747958794801082,0,0,0,0,0,0,0,0,0,0,0,0,0,5.99997867053441e-4,4e-4,0.0013113335918969098,6.000046198623281e-4,3.0000000000000003e-4,3.0000432937916704e-4,8e-4,5e-4,5.999979620326685e-4,4.00007007217434e-4,6.999898816148943e-4,5.091301414936565e-4,4.000118609892065e-4,3.2215589698549496e-4,7.0000769408325e-4,9.000353076176184e-4,0.007299885797342193,6.000052025921915e-4,0.0013165268462981018,0.0019925804722543514,5.4578272141110955e-5,2.2168551746202015e-4,6.292511199161295e-5,0,2.0000135158999336e-4,0.002500034354816545,3.0069464317371324e-4,1.9999242137173174e-4,7.999788895925691e-4,5.000133329777873e-4,7.999981504002072e-4,0.0012999919426315368,2.5993212060793894e-4,1.419690139988815e-4,0.0011847534324444051,5.000144036189739e-4
HND,0.0019202307982269637,9.999954059107554e-4,0.0027000638744410985,0.0030000148260991236,0.0031589060956950382,0.004399967912722606,0.0013021295021853594,0.0033198971657092077,0.00469986563654686,5e-4,7.999939544772133e-4,0.001,0.0031666435788324653,5.0000818716352e-4,1.6908553133587464e-5,2.0000365003467531e-4,0,2e-4,9.999999999999999e-5,0.004500010620747276,0.003902087155728654,0.003755858667874233,0.003296303313285703,0.007299980533385243,0.004900044923629829,0.01999954938209019,0.009910816089427319,0,4.999948765242341e-4,0.007406903937167938,3e-4,0.0024747958794801082,0,0,0,0,0,0,0,0,0,0,0,0,0,5.999908841164015e-4,4.000077508364444e-4,5.483541719302496e-4,5.999995452654173e-4,3.0000000000000003e-4,2.9999311342194065e-4,7.999738356881214e-4,5.000040314236032e-4,5.999825789030515e-4,4e-4,7e-4,5.091301414936565e-4,4.000132731616672e-4,3.5034842739171257e-4,7e-4,9.000123575025487e-4,0.0072999801862492575,5.999964607944505e-4,0.0013165268462981018,0.0017574559463527908,1e-4,3.000036500346753e-4,6.292511199161295e-5,0,2.0000135158999336e-4,0.0024999846581728975,3.008441726129336e-4,1.9999380421313506e-4,5.159412782665541e-4,5.00013902405116e-4,8e-4,0.0012999967555642074,2.000027651808428e-4,5.000114998045033e-4,0.0011847534324444051,5.000144036189739e-4
HRV,0.0012482279824792782,0.001800080122260635,0.0019100404312668465,0.001111111111111111,0.0031599461197531933,0.007630030112236517,0.0013021295021853594,0.0015042858071315725,0.004108230248532141,4.370845002291372e-4,8.100021519655962e-4,5.568065980075054e-4,0.0031666435788324653,0.0016844516014324765,1.6908553133587464e-5,6.607691505523258e-5,0,1.1000091490867766e-4,3.057586463533126e-5,0.006900093857545104,0.007259881113776201,0.0077595040778043805,0.0025744548271605435,0.004969776308453613,0.006399822432672388,0.014974489239088305,0.009910816089427319,0,6.599983956039548e-4,0.006990023521777923,2.999974150187411e-5,0.01162995521090982,0,0,0,0,0,0,0,0,0,0,0,0,0,3.700064629949868e-4,4.6000101619913804e-4,7.732050948732344e-4,8.599982630057444e-4,3.000090620752152e-4,3.4999030067895255e-4,3.699895342752486e-4,3.100015471535043e-4,6.467458184143425e-4,1.6999432286127791e-4,7.90011797090051e-4,5.000100274752823e-4,9.200060342637876e-4,2.730104641705828e-4,7.999857893988915e-4,0.0012000114423021911,0.005950066247993708,5.999987011890614e-4,0.001291019704453376,0.0012166457705206008,4.9999999999999996e-5,2.1999570600443713e-4,6.292511199161295e-5,0,2.0000135158999336e-4,4.071722981393029e-4,8.1376088583142e-5,8.000234164617726e-4,5.599847623193926e-4,9.999681112280365e-4,7.600018399475615e-4,4.6999079569619447e-4,2.0000225728538856e-4,2.599962483586569e-4,0.0011847534324444051,5.000144036189739e-4
HTI,0.0019202032570717316,9.999991570436172e-4,0.0013365294301129957,0.003000100850761804,0.0031589060956950382,0.006943228688856288,0.0013021295021853594,0.0011659404473296335,0.004699980131134512,4.999949089205893e-4,7.999955145888e-4,9.999985651171367e-4,0.0014000042887234616,4.999951734190535e-4,1.6908553133587464e-5,1.999969583599477e-4,0,2.0000365003467534e-4,9.999999999999999e-5,0.004499806952112183,0.005099875570302779,0.007471446367087166,0.004192752838328064,0.004969776308453613,0.0049000102817191036,0.014974489239088305,0.009910816089427319,0,5e-4,0.012400345788108731,4.914985379209765e-5,0.0024747958794801082,0,0,0,0,0,0,0,0,0,0,0,0,0,5.999789465012289e-4,4.0000249962505617e-4,9.806783572225716e-4,5.999974561827478e-4,2.999969904899482e-4,3.0000000000000003e-4,8.000086557604086e-4,5e-4,0.00059998677906778505,4e-4,7.000044194988289e-4,5.091301414936565e-4,3.9999420424249453e-4,5.34647455135705e-4,6.999888771481008e-4,9.000072406053146e-4,0.0073000155730897015,5.999984878498737e-4,8.001177342693935e-4,0.0022144424333957863,5.4578272141110955e-5,3.000036500346753e-4,6.292511199161295e-5,0,2.0000135158999336e-4,0.002358321721129915,3.89728336622733e-4,2.0000339535515413e-4,7.999871930330101e-4,4.999999999999999e-4,8.000396746677247e-4,0.0012999805333852442,2.5993212060793894e-4,1.419690139988815e-4,0.0011847534324444051,5.000144036189739e-4
HUN,0.001248229619011146,0.0017999736460666755,0.0019100010428616122,0.0011111149827605134,0.0031600344223864213,0.007630031024946303,0.0013021295021853594,0.0015042858071315725,0.003296244696769313,4.370845002291372e-4,8.09996854621601e-4,5.568065980075054e-4,0.0031666435788324653,0.0016844516014324765,1.6908553133587464e-5,6.607691505523258e-5,0,1.0999975113647675e-4,3.057586463533126e-5,0.006899859616284511,0.007260093643883978,0.008197313391139403,0.00322017930109247,0.004969776308453613,0.006399995575759587,0.014974489239088305,0.009910816089427319,0,6.600089336991897e-4,0.006990145086230495,3.0000486665368893e-5,0.011630322882545625,0,0,0,0,0,0,0,0,0,0,0,0,0,3.700087560422689e-4,4.600008802761552e-4,6.793699675731181e-4,8.600009641806875e-4,3.0000538242101293e-4,3.50007825950853e-4,3.69994480897774e-4,3.1000594076211494e-4,6.467458184143425e-4,1.699993214641759e-4,7.900106593573932e-4,5e-4,9.199752685500321e-4,2.9148884885707687e-4,8.000021422221269e-4,0.0011999933798947403,0.005949983239093636,6.000000000000001e-4,0.0012466360000466413,0.0010682379333043415,4.9999999999999996e-5,2.200002050566982e-4,6.292511199161295e-5,0,2.0000135158999336e-4,4.2906381255379463e-4,6.588189408883705e-5,7.999884118430963e-4,5.599995532423437e-4,9.999999999999998e-4,7.599990081579014e-4,4.700051910972682e-4,1.9999999999999998e-4,2.5999764899494533e-4,0.0012000182498403138,5.000144036189739e-4
IDN,0.0012482270284318291,0.0018999918779140728,0.0013365294301129957,0.001111122474939562,0.0031589060956950382,0.0076299396534942575,0.004139022292009455,0.0015042858071315725,0.003296244696769313,4.999990873264323e-4,0.0012000232855978578,7.99988591963038e-4,0.0031666435788324653,0.002700006545787785,1.6908553133587464e-5,6.607691505523258e-5,0,1.0999969834997435e-4,3.057586463533126e-5,0.0052999132166011535,0.007259952306793848,0.005298938387312257,0.005081727756458171,0.005100027862914461,0.00640001174260216,0.014974489239088305,0.009910816089427319,0,6.600035876118204e-4,0.006989962587827356,4.914985379209765e-5,0.0024747958794801082,0,0,0,0,0,0,0,0,0,0,0,0,0,3.699985753268529e-4,4.600065888875004e-4,6.805999513407781e-4,8.600284945385468e-4,3e-4,3.3999035879071695e-4,4.070978240380842e-4,3.100005628930657e-4,6.467458184143425e-4,1.6999819754866618e-4,7.90009826400262e-4,5.000050137879168e-4,9.199922133540976e-4,4.01275677719268e-4,7.999947663160098e-4,0.001200059159929008,0.005950041664244326,6.000033115049962e-4,0.0013520364201934005,0.0011778862850185376,5.0000638325035105e-5,2.1999416015767574e-4,6.292511199161295e-5,0,2.0000135158999336e-4,5.804917569499359e-4,4.812217194570136e-4,8.000036786006603e-4,5.599908522006695e-4,9.999843776850854e-4,7.500106269925611e-4,4.300065373719765e-4,2e-4,2.6000317393144306e-4,0.0011847534324444051,5.000144036189739e-4
IND,0.0020225655186218677,0.0010065861613957024,0.0013365294301129957,0.002276700586381456,0.0031589060956950382,0.009799980533385244,3.602238545527064e-4,8.182002197675092e-5,0.003296244696769313,4.370845002291372e-4,7.188903621772154e-4,5.568065980075054e-4,0.0031666435788324653,0.0016844516014324765,1.6908553133587464e-5,6.607691505523258e-5,0,1.1000101389029707e-4,3.057586463533126e-5,0.004408817267692809,0.003902087155728654,0.0014377017102487866,0.009516018232345392,0.009999999999999998,0.01,0.014974489239088305,0.01,0,5e-4,0.010100007299802906,4.914985379209765e-5,0.0024747958794801082,0,0,0,0,0,0,0,0,0,0,0,0,0,3.4349602949243957e-4,3.1753623524931053e-4,1.1726580040478052e-4,8.600002892556007e-4,2.8953154730238396e-4,4.081496867092869e-4,3.7000267594327e-4,5.000122582068695e-4,6.467458184143425e-4,1.700012617386759e-4,7.89980256663376e-4,5.199977079990831e-4,7.053548415335735e-4,9.267972582068088e-7,6.759853210912744e-4,9.681631381061935e-4,0.004065842431079392,6.000062202593848e-4,0.0011999776342643072,9.209633294739441e-4,5.4578272141110955e-5,2.2168551746202015e-4,6.292511199161295e-5,0,2.0000135158999336e-4,9.453051226743081e-4,1.3678354874652104e-4,7.999904893242665e-4,5.59986366734833e-4,8.470248088251072e-4,4.910311899613233e-4,4.0065045614475316e-4,2.5993212060793894e-4,2.6000317393144306e-4,0.0011847534324444051,5.000144036189739e-4
IRL,0.0012482267324035378,0.001800046915317851,0.001910039906560249,0.0011111054477719138,0.003160074329705336,0.0076299886367549325,0.0013021295021853594,0.0015042858071315725,0.0036265057544995487,4.370845002291372e-4,8.100130969579953e-4,5.568065980075054e-4,0.0031666435788324653,0.0016844516014324765,1.6908553133587464e-5,6.607691505523258e-5,0,1.10000198663895e-4,3.057586463533126e-5,0.006900015103458693,0.00725981116708395,0.00638481962887813,0.0032966472688769335,0.008739945655847403,0.006400087164959686,0.014799994592621633,0.009910816089427319,0,6.599955487836195e-4,0.006990145086230495,3.000039248008164e-5,0.011630010918733428,0,0,0,0,0,0,0,0,0,0,0,0,0,3.7001086106753275e-4,4.6001291092280413e-4,8.372326064064495e-4,8.600166603865383e-4,3e-4,3.499966241307137e-4,3.699988478534767e-4,3.099989391240091e-4,5.200048829615162e-4,1.700033686268552e-4,7.900038895371451e-4,5e-4,9.200292380963259e-4,1.767967342484971e-4,7.999910005933984e-4,0.0012000099301578894,0.005950065424196344,6.000101978654256e-4,0.00163767490786357,0.0013124364622161978,5e-5,2.2000128295593047e-4,6.292511199161295e-5,0,1.9999999999999998e-4,3.999990731686972e-4,6.432582850213789e-5,7.999854904236797e-4,5.599989115843704e-4,0.001,7.59992858701474e-4,4.6999856863399976e-4,1.9999778787979338e-4,2.5999603266439644e-4,0.001199981750159686,5.000144036189739e-4
IRN,0.004711779534538634,0.0018000169883629715,0.0019100034219231208,0.003850028470062634,0.0031589060956950382,0.006943228688856288,0.0013021295021853594,0.0015042858071315725,0.003296244696769313,4.370845002291372e-4,8.100203702402923e-4,5.568065980075054e-4,0.0031666435788324653,0.0016844516014324765,1.6908553133587464e-5,6.607691505523258e-5,0,1.100010950104026e-4,3.057586463533126e-5,0.006900029162472601,0.003902087155728654,0.006773115446132238,0.004952117090671683,0.004969776308453613,0.006400006347795728,0.014974489239088305,0.009910816089427319,0,6.600019143437523e-4,0.007406903937167938,2.9999999999999994e-5,0.011629854936827328,0,0,0,0,0,0,0,0,0,0,0,0,0,3.70001324571195e-4,4.599994457838002e-4,4.6750105327737697e-4,8.599967209393248e-4,2.9999753696603477e-4,3.499970115354731e-4,3.700040056969913e-4,3.0999825295199726e-4,6.467458184143425e-4,1.7000010327342327e-4,7.899969564776301e-4,4.999938477439677e-4,9.199921987813551e-4,2.901212774715147e-4,7.999955373578927e-4,0.0011999972820917022,0.004065842431079392,5.999951201875622e-4,0.0015999957646859516,0.0012017131724014738,5.000057653502451e-5,2.200021900208052e-4,6.292511199161295e-5,0,2.0000135158999336e-4,4.000258049899267e-4,1.379964022156652e-4,8.00004409559926e-4,5.600004366049599e-4,9.999999999999998e-4,7.599978840457046e-4,4.6999696768904216e-4,2.5993212060793894e-4,1.419690139988815e-4,0.0012000219002080519,5.000144036189739e-4
IRQ,0.004711876309194971,0.0018000256940700727,0.0019099998344672328,0.0038500211934253286,0.0031589060956950382,0.006943228688856288,0.0013021295021853594,0.0015042858071315725,0.003296244696769313,4.370845002291372e-4,8.09987127343942e-4,5.568065980075054e-4,0.0031666435788324653,0.0016844516014324765,1.6908553133587464e-5,6.607691505523258e-5,0,1.1000112309074573e-4,3.057586463533126e-5,0.006899970405445398,0.007260011471477735,0.007970916634622079,0.0035379600576200816,0.004969776308453613,0.007304414514339843,0.014799978654903147,0.009910816089427319,0,6.600042115607343e-4,0.006990057378126231,2.999925512104283e-5,0.0024747958794801082,0,0,0,0,0,0,0,0,0,0,0,0,0,3.700035820392338e-4,4.6000471225776055e-4,5.888763230791365e-4,8.60024406001005e-4,2.999917175119406e-4,3.49998087003099e-4,4.070978240380842e-4,3.100034219231208e-4,6.467458184143425e-4,1.7000372558411835e-4,7.17075331043796e-4,4.999970976973131e-4,9.200068224458468e-4,2.1781455746682627e-4,8e-4,0.0011999947638496177,0.004065842431079392,5.999920197909185e-4,0.0011999833900838799,0.0012764094527479555,4.9999999999999996e-5,2.2168551746202015e-4,6.292511199161295e-5,0,2.0000135158999336e-4,4.0000116817653485e-4,2.7114953189036085e-4,8.000210892602941e-4,5.599762352708189e-4,0.001,7.600086561350357e-4,4.0065045614475316e-4,2.5993212060793894e-4,1.419690139988815e-4,0.0011847534324444051,5.000144036189739e-4
ISL,0.0012482416005725266,0.0017999918662816709,0.0013365294301129957,0.002276700586381456,0.0031600098316332797,0.007629990714948933,0.0013021295021853594,0.0015042858071315725,0.003296244696769313,4.370845002291372e-4,8.09996854621601e-4,7.800250862339291e-4,0.0031666435788324653,0.0016844516014324765,1.6908553133587464e-5,6.607691505523258e-5,0,1.0999942519651095e-4,3.057586463533126e-5,0.006899979603010167,0.007259799985400394,0.003755858667874233,0.004252720190283164,0.00874008693632412,0.006400041714464491,0.014799927901946647,0.008050151476439027,0,6.600314300680985e-4,0.007406903937167938,2.999929809784516e-5,0.0024747958794801082,0,0,0,0,0,0,0,0,0,0,0,0,0,3.699896666122804e-4,4.599996781305824e-4,6.318140816095383e-4,8.599957233569788e-4,2.9999658434948933e-4,3.500030744635061e-4,3.699959691961729e-4,3.1000070055216245e-4,6.467458184143425e-4,1.7000601144032872e-4,7.899916130835895e-4,5.000059865900383e-4,9.200086765724202e-4,1.8724465437451975e-4,8.000039736941447e-4,0.0012000112340374049,0.005950038803978339,5.999929660848056e-4,0.0012269512775180162,0.0014305778547280593,5e-5,2.200012454075596e-4,6.292511199161295e-5,0,2.0000640368852458e-4,3.999991843077118e-4,6.331449023801359e-5,8.000173235166738e-4,5.6e-4,0.001000001584236216,4.910311899613233e-4,4.7000243958889796e-4,2.5993212060793894e-4,2.6000317393144306e-4,0.0011847534324444051,5.000144036189739e-4
ISR,0.0012482431269916275,0.0017999928896192392,0.0019099692263651327,0.001111137114788031,0.0031599598503513093,0.007629865389669168,0.0013021295021853594,0.0015042858071315725,0.003296244696769313,4.370845002291372e-4,8.099956857216202e-4,7.799875214475121e-4,0.0031666435788324653,0.0016844516014324765,1.6908553133587464e-5,6.607691505523258e-5,0,1.1000066972507785e-4,3.057586463533126e-5,0.006900093370681607,0.007259948366420369,0.005479898780634936,0.004091711610032975,0.008739848526325394,0.006399976577596471,0.014800094629761059,0.009910816089427319,0,6.600065295461965e-4,0.006990014156177067,3.0001131797860904e-5,0.011629827410608603,0,0,0,0,0,0,0,0,0,0,0,0,0,3.7000087900384117e-4,4.6000182957198183e-4,6.059693854066698e-4,8.599952334295474e-4,3.000032570107156e-4,3.50010127607859e-4,4.070978240380842e-4,3.0999837411253644e-4,6.467458184143425e-4,1.6999907023284026e-4,7.899949396370998e-4,4.999930365026531e-4,9.200154545553025e-4,3.145726367281791e-4,7.999897708436496e-4,0.0011999955655085253,0.005949931492533848,5.999998347813373e-4,0.0013165268462981018,0.0011184167733849814,4.999999999999999e-5,2.2168551746202015e-4,6.292511199161295e-5,0,2.0000135158999336e-4,4.0001873075707375e-4,7.991494145098811e-5,7.999917987411068e-4,5.599996439190272e-4,0.001,7.600178536004761e-4,4.7001568160925754e-4,2e-4,2.600037540740235e-4,0.0011847534324444051,5.000144036189739e-4
ITA,0.001248213190456156,0.0018000309440756158,0.0019099672437997194,0.0011111204179710813,0.003160027114401919,0.007629891770082839,0.0013021295021853594,0.0015042858071315725,0.0029636172137059383,4.370845002291372e-4,8.100025427620469e-4,7.800047073307624e-4,0.0031666435788324653,0.0016844516014324765,1.6908553133587464e-5,6.607691505523258e-5,0,1.0999863126197645e-4,3.057586463533126e-5,0.006900021243313184,0.007260073973136071,0.006087602578558209,0.004320194463840049,0.008740008030076286,0.006400063875169668,0.014974489239088305,0.009910816089427319,0,6.60005703130141e-4,0.007406903937167938,2.9999339367113694e-5,0.0024747958794801082,0,0,0,0,0,0,0,0,0,0,0,0,0,3.7000113784562056e-4,4.600032004061206e-4,7.259505006690813e-4,8.600038930690906e-4,3.0000134556904115e-4,3.499958007894516e-4,3.6999855404763385e-4,3.099990688796294e-4,5.199903738167816e-4,1.700000763279149e-4,7.899937959762474e-4,4.999817684594348e-4,9.200040555611883e-4,2.627566712950445e-4,7.999952160549197e-4,0.0012000158428390369,0.005949996354168901,5.999879469539098e-4,5.478894983742459e-4,0.0010955942813796412,5.000081583370046e-5,2.1999651459995355e-4,6.292511199161295e-5,0,2.0000365003467531e-4,3.999971937406385e-4,1.0382161493132226e-4,8.00024783915239e-4,5.600040382479773e-4,0.001,7.600052031392275e-4,4.7000797497086065e-4,1.9999999999999998e-4,2.5999973484296075e-4,0.0011999807895495152,5.000144036189739e-4
JAM,0.0012482135071222014,0.0018000084275499515,0.001910039906560249,0.0011111234458259327,0.0031589060956950382,0.00763003143059921,0.0013021295021853594,0.0015042858071315725,0.003296244696769313,8.699946520489337e-4,8.100164442871714e-4,7.799989480796385e-4,0.0011200022555111501,0.001430005176584933,1.6908553133587464e-5,6.607691505523258e-5,0,1.0999770079705703e-4,3.057586463533126e-5,0.006899967430734157,0.007259925587528846,0.006399978917827012,0.004192752838328064,0.008740008030076286,0.006400041714464491,0.014799594457587021,0.009910816089427319,0,6.599963636563987e-4,0.006990181406723363,3.0000365003467532e-5,0.0024747958794801082,0,0,0,0,0,0,0,0,0,0,0,0,0,3.7001415843141745e-4,4.600034343452602e-4,6.287291732680903e-4,8.59999343238491e-4,3.0000169876386615e-4,3.4999930248455003e-4,3.7000515122525575e-4,3.0999978732906575e-4,5.200123182338732e-4,1.69999480060313e-4,7.899995228779999e-4,5.091301414936565e-4,9.199951780117334e-4,3.090456180850351e-4,7.999976633876207e-4,0.0012000124405187695,0.00595001597397694,6.000056134048106e-4,0.0013165268462981018,0.001084290347431632,5e-5,2.200024333860567e-4,6.292511199161295e-5,0,2.0000135158999336e-4,4.000000013260267e-4,4.5288548798355074e-4,8.000024252419179e-4,5.60003842090097e-4,0.0010000142381182903,7.599698553179827e-4,4.6999308419354014e-4,1.9999999999999998e-4,2.600007148473801e-4,0.0011847534324444051,5.000144036189739e-4
JOR,0.004711711540271283,0.0017999952856446065,0.001910039906560249,0.003849992342641278,0.0031589060956950382,0.0076299396534942575,0.0013021295021853594,0.0015042858071315725,0.00388966118542854,4.370845002291372e-4,8.099979018581348e-4,7.80001126538429e-4,0.0031666435788324653,0.0016844516014324765,1.6908553133587464e-5,6.607691505523258e-5,0,1.1000202778059414e-4,3.057586463533126e-5,0.006899821386969014,0.007260062861198418,0.005749873758626495,0.0035951580975494756,0.008740008030076286,0.006399914834078535,0.014800194668252852,0.009910816089427319,0,6.599910394265233e-4,0.006990150637311703,2.9999746527425735e-5,0.011629948525970987,0,0,0,0,0,0,0,0,0,0,0,0,0,3.6999688076984924e-4,4.6000354836152525e-4,5.672458687151469e-4,8.599930223689867e-4,2.9998975304846806e-4,3.499940631678936e-4,3.699921507064364e-4,3.100015533808224e-4,6.467458184143425e-4,1.700015113857728e-4,7.899974439805743e-4,5e-4,9.199669622819386e-4,2.492364242103376e-4,8e-4,0.0011999885579160152,0.005950038718559095,5.999962382680987e-4,0.0010690589636688506,0.0013215146298721288,5.000169669822525e-5,2.1999465859521053e-4,6.292511199161295e-5,0,2.0000135158999336e-4,4.000000350961219e-4,2.4485789884123394e-4,7.999893893575257e-4,5.600137221269297e-4,0.001,7.600070794371847e-4,4.6999696768904216e-4,1.9999999999999998e-4,2.6000052898857384e-4,0.0011847534324444051,5.000144036189739e-4
JPN,0.0028151126301484445,0.0010999702642438905,0.0034,0.0025403448781977796,0.0031600175201664414,0.0038999197021680415,0.004172418353425954,0.0015042858071315725,0.002604556044137146,0.002100038624951719,8.000112092177134e-4,4.000015622314915e-4,5.00019118265591e-4,2.994337445446272e-4,1.6908553133587464e-5,6.607691505523258e-5,0,1.100011482374555e-4,1e-4,0.002499945358774288,0.004899956863655971,0.0024064790320757617,0.0018939592033895268,0.004099996064696391,0.00719976853912579,0.014974489239088305,0.009910816089427319,0,1e-4,0.006599797228793511,3.0000486665368893e-5,0.0024747958794801082,0,0,0,0,0,0,0,0,0,0,0,0,0,2.999989382823532e-4,2.999943815739281e-4,4.4583173858298334e-4,4.999953708418587e-4,4.999938041363585e-4,5.000140548137738e-4,4e-4,2.0000328709486557e-4,6.467458184143425e-4,6.000125591325826e-4,3.999840960597988e-4,5e-4,3.999902666926221e-4,2.4582847305772593e-4,4.0000143691580397e-4,5.00015446878186e-4,0.0021999944065331694,6.9999305322738e-4,0.0012480242691194747,0.0014135492117379022,4.9999999999999996e-5,2.2168551746202015e-4,1.9999311342194066e-4,0,2.0000135158999336e-4,0.0010965779103871839,6.01186025155927e-5,3.0000325224404837e-4,3.0000586579070855e-4,3.0000179057441625e-4,2.9999883824947433e-4,2.999924936195766e-4,2.999962207581159e-4,1.0000116388691674e-4,0.0011999719239138063,5.000184345389522e-4
KAZ,0.0012482508284008362,0.0017999869952532673,0.0019099998016305964,0.0011111302780305414,0.0031599598503513093,0.007630031764366156,0.00413909856860964,0.0015042858071315725,0.00357509528023051,4.370845002291372e-4,8.099868090432487e-4,5.568065980075054e-4,0.0031666435788324653,0.0016844516014324765,1.6908553133587464e-5,6.607691505523258e-5,0,1.0999585234342596e-4,3.057586463533126e-5,0.004408817267692809,0.007260037486435829,0.003755858667874233,0.00294987737813914,0.008740023359937708,0.006399931294350034,0.014799763433592432,0.009910816089427319,0,6.599866633910084e-4,0.007406903937167938,2.9999293552489054e-5,0.0024747958794801082,0,0,0,0,0,0,0,0,0,0,0,0,0,3.700031881766687e-4,4.6000259341124494e-4,5.087467088688744e-4,8.600047995307126e-4,2.999923879120043e-4,3.49998087003099e-4,3.6999389499389496e-4,3.1000102574623036e-4,6.467458184143425e-4,1.7000605562467262e-4,7.899974439805743e-4,5.000133700564216e-4,9.200183143110894e-4,2.4136868048615722e-4,8.00004654234044e-4,0.0011999980004199118,0.005950075208301644,5.999863859302172e-4,0.0012409724302970076,0.0011930143880903975,5.000133936942488e-5,2.2000070874233675e-4,6.292511199161295e-5,0,2.0000135158999336e-4,4.081238463370485e-4,6.852122477581831e-5,8.000249656722007e-4,5.599953041121036e-4,0.001,7.600045998160073e-4,4.6998813760379594e-4,1.9999999999999998e-4,2.599978840457046e-4,0.0011847534324444051,5.000144036189739e-4
KEN,0.0030424289339464495,7.278337191631989e-4,4.000073000693507e-4,0.002737302000878452,0.0031589060956950382,0.0067998631282792195,0.001928993306208164,0.0020183195234304493,0.0031025458580840274,4.000055494665576e-4,8.400008133139494e-4,8.999984411292459e-4,0.003250065684431779,0.0027517352731931755,2.0000665302795937e-4,6.607691505523258e-5,0,1.0999975666731556e-4,3.057586463533126e-5,0.008859448033582424,0.008800065178425942,0.0060914358998146075,0.004165023199158135,0.007049971795467365,0.008739495798319327,0.014974489239088305,0.009910816089427319,0,6.999780653652116e-4,0.006799979142767755,4.914985379209765e-5,0.0024747958794801082,0,0,0,0,0,0,0,0,0,0,0,0,0,6e-4,5e-4,8.303032227769053e-4,9.000000000000001e-4,4.4000409878061273e-4,4.999931132322356e-4,3.699945740640261e-4,3.0000235277509826e-4,7.000255253977707e-4,1.9999999999999998e-4,6.857050512512698e-4,5.99988539995416e-4,6.900048180105996e-4,4.557674923182292e-4,5.999775576856067e-4,0.0017999909579999099,0.007199902927614887,9.333144689681191e-4,7.406217698974318e-4,0.0018358389615714503,1e-4,3.0000000000000003e-4,6.292511199161295e-5,0,2.0000135158999336e-4,4.0000000043900183e-4,3.9504430634934123e-4,7.000019513337366e-4,7.999951973873788e-4,0.0011999907204058278,7.499950407649124e-4,4.7000423400931485e-4,2.5993212060793894e-4,1.419690139988815e-4,0.0011847534324444051,5.000144036189739e-4
KGZ,0.0012482296178914147,0.0018000352516083546,0.0019100266452531298,0.0011111345516271055,0.0031599182402180263,0.007630059044551798,0.0013021295021853594,0.0015042858071315725,0.003580962942692956,4.370845002291372e-4,8.100165055229277e-4,5.568065980075054e-4,0.0031666435788324653,0.0016844516014324765,1.6908553133587464e-5,6.607691505523258e-5,0,1.1000000000000002e-4,3.057586463533126e-5,0.006900025550242728,0.007259892160929075,0.003755858667874233,0.005960312025628624,0.004969776308453613,0.006400413675629639,0.014974489239088305,0.009910816089427319,0,5.559095079680671e-4,0.007406903937167938,2.9999087507984303e-5,0.011629854936827328,0,0,0,0,0,0,0,0,0,0,0,0,0,3.6999808423079445e-4,0.00045999852256777723,5.918975366097705e-4,8.599991192143391e-4,2.9999467149784196e-4,3.499879480734134e-4,3.70003336015228e-4,3.09998107954699e-4,6.467458184143425e-4,1.7000015140733113e-4,7.899967282839849e-4,5e-4,9.200010305825369e-4,2.538197824273253e-4,8.000153169980386e-4,0.0011999938689801048,0.005950040476465826,6.000000000000001e-4,0.0012817743328348463,0.0012592821619030498,4.99988254363504e-5,2.199972625239529e-4,6.292511199161295e-5,0,2.0000135158999336e-4,4.125899455787734e-4,7.847364989350516e-5,7.999811374139394e-4,5.600086447027183e-4,9.999999999999998e-4,7.600081908467287e-4,4.699905102562231e-4,2.5993212060793894e-4,2.6000317393144306e-4,0.0011847534324444051,5.000144036189739e-4
KHM,0.00177053117289,0.00163333369331,0.00221551305034,0.00149965741226,0.00315923516742,0.00615773581186,0.00130212950219,0.00150428580713,0.00327767382603,0.00103332872422,0.0010666652134,0.000718936787872,0.00237776440695,0.00148415421179,1.69085531336e-05,6.60769150552e-05,0,0.000109999436008,5.37172430902e-05,0.0050030144885,0.00535396761171,0.00604477508131,0.00325848696419,0.00476667179014,0.00666677112076,0.0149163577026,0.00991081608943,0,0.000590605107194,0.00712899173274,3.6383527933e-05,0.00247479587948,0,0,0,0,0,0,0,0,0,0,0,0,0,0.000337832450798,0.00035917923803,0.000517612701981,0.00074001428668,0.00029650760105,0.000362718821466,0.000392368442964,0.000273333033738,0.000646745818414,0.000313333745318,0.000660001132627,0.000509130141494,0.000746663779117,0.000342576419045,0.000666662303986,0.000966652277041,0.0047000403195,0.000633333310118,0.00113374753612,0.00129482911173,5.15263766453e-05,0.000221124373549,0.000108617406173,0,0.00020000135159,0.000689647953921,0.000367972681925,0.000633339641705,0.00045864214062,0.000766667354051,0.000599997271286,0.000410434680291,0.00023995734353,0.000220658714347,0.0011898429217,0.000500014403619
KIR,0.00177053117289,0.00163333369331,0.00221551305034,0.00149965741226,0.00315923516742,0.00615773581186,0.00130212950219,0.00150428580713,0.00327767382603,0.00103332872422,0.0010666652134,0.000718936787872,0.00237776440695,0.00148415421179,1.69085531336e-05,6.60769150552e-05,0,0.000109999436008,5.37172430902e-05,0.0050030144885,0.00535396761171,0.00604477508131,0.00325848696419,0.00476667179014,0.00666677112076,0.0149163577026,0.00991081608943,0,0.000590605107194,0.00712899173274,3.6383527933e-05,0.00247479587948,0,0,0,0,0,0,0,0,0,0,0,0,0,0.000337832450798,0.00035917923803,0.000517612701981,0.00074001428668,0.00029650760105,0.000362718821466,0.000392368442964,0.000273333033738,0.000646745818414,0.000313333745318,0.000660001132627,0.000509130141494,0.000746663779117,0.000342576419045,0.000666662303986,0.000966652277041,0.0047000403195,0.000633333310118,0.00113374753612,0.00129482911173,5.15263766453e-05,0.000221124373549,0.000108617406173,0,0.00020000135159,0.000689647953921,0.000367972681925,0.000633339641705,0.00045864214062,0.000766667354051,0.000599997271286,0.000410434680291,0.00023995734353,0.000220658714347,0.0011898429217,0.000500014403619
KOR,0.0028151229705434687,0.001099991510633678,0.003400085495379961,0.0025403448334669235,0.0031600175201664414,0.006943228688856288,0.004172283311302529,0.0015042858071315725,0.002361057523936154,0.0021000564881736936,7.999935859403814e-4,4.000024728909331e-4,0.0031666435788324653,1.0368943862872617e-4,1.6908553133587464e-5,6.607691505523258e-5,0,1.100008747758387e-4,9.999999999999999e-5,0.00249998413051068,0.004900109502372551,0.008314705287512566,0.0016437065864011848,0.004100002327800926,0.007200076841801941,0.018900604954543918,0.009910816089427319,0,9.999999999999999e-5,0.00659985152190052,2.9999999999999997e-5,0.0020000208907829864,0,0,0,0,0,0,0,0,0,0,0,0,0,2.999971983825328e-4,3.000021465522793e-4,3.957288420759241e-4,4.999942381045669e-4,5.000000000000001e-4,5e-4,4.0000784944759513e-4,2.0000000000000004e-4,6.467458184143425e-4,5.99997400301565e-4,3.9999999999999996e-4,5.091301414936565e-4,4e-4,2.6548570969702644e-4,4e-4,5.000178234056964e-4,0.0022000181804352546,7.000144195092443e-4,0.0021309786709909654,0.001400573880317173,5e-5,2.2e-4,2.0000392472379756e-4,0,2.0000135158999336e-4,0.0010984858203400797,6.081751775941116e-5,2.9999242137173173e-4,3.000014132344697e-4,2.999996157496532e-4,3e-4,3e-4,2.9999913723933845e-4,9.999839377211909e-5,0.0011999954375399213,5.00006246434327e-4
KWT,0.004711716758825322,0.001799998860976485,0.0019100282872524866,0.0038500194395603756,0.0031589060956950382,0.006943228688856288,0.0013021295021853594,0.0015042858071315725,0.0039001171156098375,4.370845002291372e-4,8.099908160587772e-4,7.800035976517146e-4,0.0031666435788324653,0.0016844516014324765,1.6908553133587464e-5,6.607691505523258e-5,0,1.0999929807594819e-4,3.057586463533126e-5,0.006899821386969014,0.00726001459987225,0.006879014231740144,0.004429144417100648,0.004969776308453613,0.0063998540012774885,0.01479979428403497,0.009910816089427319,0,6.599876314162028e-4,0.006989950701554798,3.0000206215330044e-5,0.011630107979737713,0,0,0,0,0,0,0,0,0,0,0,0,0,3.700030753226241e-4,4.5999372127612494e-4,5.896791917657297e-4,8.600051189521801e-4,3.0000482944026786e-4,3.500017508841965e-4,3.700041427730415e-4,3.100016816922211e-4,6.467458184143425e-4,1.6999845857008455e-4,7.899959380258806e-4,4.999896730487225e-4,9.19998339353178e-4,2.5638326415648553e-4,8.000206704611727e-4,0.0011999920160211841,0.004065842431079392,6.000005450338783e-4,0.0012000000000000001,0.001382452599845529,4.9998824829012625e-5,2.200018249840314e-4,6.292511199161295e-5,0,2.0000135158999336e-4,3.9998746448270103e-4,9.648996316221157e-5,8.000187073239174e-4,5.599764407393984e-4,0.001,7.600024414807581e-4,4.699963038255406e-4,2e-4,2.600033909799932e-4,0.0011847534324444051,5.000144036189739e-4
LAO,0.0012482219155048968,0.0018999930945331422,0.0013365294301129957,0.0011111381856283046,0.0031589060956950382,0.006943228688856288,0.0013021295021853594,0.0015042858071315725,0.003899922660479505,5.000007278454755e-4,0.0011999948636953143,8.000037656096286e-4,0.0031666435788324653,0.0016844516014324765,1.6908553133587464e-5,6.607691505523258e-5,0,1.0999942969032185e-4,3.057586463533126e-5,0.005300226197820276,0.003902087155728654,0.004599921476246565,0.004192752838328064,0.0051000883697698545,0.006400041714464491,0.014974489239088305,0.009910816089427319,0,5.559095079680671e-4,0.00698988985432346,4.914985379209765e-5,0.0024747958794801082,0,0,0,0,0,0,0,0,0,0,0,0,0,3.4349602949243957e-4,3.1753623524931053e-4,5.543192154864841e-4,8.600092909472931e-4,2.9999658434948933e-4,3.4000983848487333e-4,4.070978240380842e-4,3.099939669984229e-4,6.467458184143425e-4,1.6999898610970294e-4,7.9e-4,5.091301414936565e-4,9.199991239980727e-4,3.847194085903565e-4,8.000036420916532e-4,0.0011999928707647886,0.005950027094540121,5.999969875888661e-4,0.0013165268462981018,0.00112926122163351,5.4578272141110955e-5,2.2168551746202015e-4,6.292511199161295e-5,0,2.0000135158999336e-4,4.226105854691102e-4,4.600170140365802e-4,8.000231692354678e-4,5.159412782665541e-4,0.001,7.499811078364694e-4,4.0065045614475316e-4,2.5993212060793894e-4,2.6000317393144306e-4,0.0011847534324444051,5.000144036189739e-4
LBN,0.004711636758060615,0.0017999874462542762,0.0019100010428616124,0.003849995548829342,0.0031589060956950382,0.007629978100413659,0.0013021295021853594,0.0015042858071315725,0.003296244696769313,8.700110804527778e-4,8.09963531809198e-4,7.799994035903858e-4,0.0031666435788324653,0.0011084331113488147,1.6908553133587464e-5,6.607691505523258e-5,0,1.0999814324385071e-4,3.057586463533126e-5,0.006899939623470004,0.007259921858934813,0.006556954731043959,0.0033692528200043237,0.008740023359937708,0.0064001364489169365,0.014974489239088305,0.009910816089427319,0,6.59990844586862e-4,0.00698999571456015,3.0000414771391834e-5,0.011629854936827328,0,0,0,0,0,0,0,0,0,0,0,0,0,3.6999832763541355e-4,4.600015454073805e-4,5.298518404225613e-4,8.599655842543684e-4,2.999984014578704e-4,3.5001620482903907e-4,4.070978240380842e-4,3.0999925679349417e-4,6.467458184143425e-4,1.6999899207986973e-4,7.900207374437308e-4,5e-4,9.200057095083706e-4,3.0655004137719003e-4,8.000015014338693e-4,0.0012000078212072033,0.005949985871715174,6.000036564885696e-4,0.0013165268462981018,0.0011593710608815257,5e-5,2.2000396746677244e-4,6.292511199161295e-5,0,2.0000135158999336e-4,3.999979356328251e-4,1.7792918389217572e-4,8.000096095326563e-4,5.600015166260127e-4,0.001,7.600043734966105e-4,4.6999832459730494e-4,2e-4,2.599939545076702e-4,0.0011847534324444051,5.000144036189739e-4
LBR,0.00304245519631,0.000727830472796,0.00104836693284,0.00293867658069,0.00305754201057,0.00692117979641,0.00188081134135,0.00201833888788,0.0031452876139,0.000402852462692,0.000840006832154,0.00082080459538,0.00321795153814,0.00173129854322,5.916057438e-05,6.60769150552e-05,0,0.000110777424663,3.05758646353e-05,0.00714765459664,0.00766976649332,0.00476662238222,0.0041641096331,0.00624995365074,0.0086295875561,0.0149744892391,0.00991081608943,0,0.000666746778839,0.00703337523254,4.47306427258e-05,0.00179411955398,0,0,0,0,0,0,0,0,0,0,0,0,0,0.000600004608876,0.000457892284865,0.000669086926158,0.000885700589936,0.000393706871788,0.000471739351679,0.00039282949834,0.000305952533509,0.000671324556892,0.000213179312141,0.000690535640298,0.000551071143921,0.000697086333628,0.000405741324232,0.000599996319355,0.00180000032006,0.00695890937697,0.000933330037647,0.000974195363859,0.00171858387277,7.55421465375e-05,0.00023373436735,6.29251119916e-05,0,0.00020000135159,0.000422015541014,0.000429305138125,0.000699993953572,0.000668897309148,0.00119999190285,0.000730076964407,0.000432659616064,0.000241492766443,0.000160128115527,0.00118592764917,0.000500014403619
LCA,0.0012482464968156224,0.0017999960752762023,0.0013365294301129957,0.001111130515177975,0.0031589060956950382,0.007630030869590542,0.0013021295021853594,0.0015042858071315725,0.003296244696769313,8.700157506424603e-4,8.100044369447268e-4,7.800117253508983e-4,0.001119998760823433,0.0013168392968065919,1.6908553133587464e-5,6.607691505523258e-5,0,1.0999907983927858e-4,3.057586463533126e-5,0.006900064550202452,0.007260049757758282,0.008857706212372477,0.004192752838328064,0.008739848526325394,0.006400081111223766,0.014799680471918398,0.009910816089427319,0,6.600064627315812e-4,0.007406903937167938,2.999969583599477e-5,0.011629854936827328,0,0,0,0,0,0,0,0,0,0,0,0,0,3.6999580008399837e-4,4.600023694498927e-4,6.841691280305939e-4,8.599987684981835e-4,2.9999746880299695e-4,3.499973390809185e-4,3.7000063303158824e-4,3.099909846550333e-4,5.19996112905155e-4,1.6999909056657702e-4,7.899724241664577e-4,5.000139093665675e-4,9.199968574870371e-4,1.7689958690572186e-4,8e-4,0.0011999936520027932,0.0059498366269954235,5.99996027338532e-4,0.0013165268462981018,0.0011250746559035361,5.4578272141110955e-5,2.200024333860567e-4,6.292511199161295e-5,0,2.0000135158999336e-4,4.0000120297915967e-4,8.548163463452626e-5,8e-4,5.600024629025306e-4,9.999824945295405e-4,7.600039039625219e-4,4.6999832459730494e-4,2.000027651808428e-4,2.599955918007494e-4,0.0011847534324444051,5.000144036189739e-4
LKA,0.0020225655186218677,0.0010065861613957024,0.0013365294301129957,0.002276700586381456,0.0031589060956950382,0.009799978099791948,3.6021439037556876e-4,0.0015042858071315725,0.0051803680496531005,4.370845002291372e-4,7.188903621772154e-4,5.568065980075054e-4,0.0031666435788324653,0.0016844516014324765,1.6908553133587464e-5,6.607691505523258e-5,0,1.0999732929760527e-4,3.057586463533126e-5,0.004408817267692809,0.003902087155728654,2.5340312669649345e-5,0.009996563830067912,0.004969776308453613,0.01,0.014974489239088305,0.009910816089427319,0,4.999984114595192e-4,0.010100161276631865,3.0000365003467532e-5,0.0022999532054281705,0,0,0,0,0,0,0,0,0,0,0,0,0,3.4349602949243957e-4,3.1753623524931053e-4,4.347355726623381e-6,8.599765684967479e-4,2.8953154730238396e-4,4.081496867092869e-4,4.070978240380842e-4,3.7735868451261293e-4,6.467458184143425e-4,1.6999999999999999e-4,7.899873300688285e-4,5.200048131881356e-4,7.053548415335735e-4,9.76223730843473e-7,6.759853210912744e-4,9.681631381061935e-4,0.004065842431079392,6.000023341853109e-4,0.0013165268462981018,0.0010904335343670185,5.00010356791466e-5,2.2168551746202015e-4,6.292511199161295e-5,0,2.0000135158999336e-4,5.029193321587828e-7,1.3678354874652104e-4,7.999895528625157e-4,5.600065491458822e-4,8.470248088251072e-4,4.910311899613233e-4,4.0065045614475316e-4,2.000027651808428e-4,2.6000317393144306e-4,0.0012000000000000001,5.000144036189739e-4
LSO,0.00304244798247,0.000727826846841,0.000801369849894,0.00305462597446,0.00306477554303,0.00684088766519,0.00179470073336,0.00190818066246,0.00316134639644,0.00040529685557,0.000840004359297,0.000900000869477,0.00322024252181,0.00180138343971,0.0001084538645,6.60769150552e-05,0,0.000110000503352,3.05758646353e-05,0.00822358539673,0.00740063081957,0.00466282146051,0.00471804917561,0.00660423596556,0.00873998050948,0.0149370819311,0.00991081608943,0,0.00066912076835,0.00706008499475,4.09428213943e-05,0.00131602768846,0,0,0,0,0,0,0,0,0,0,0,0,0,0.000599996817137,0.000486967334833,0.000804025114417,0.000900004288271,0.0003755133385,0.000486879023181,0.000380599809017,0.000305526201658,0.000673376688079,0.000199998873438,0.000685714367513,0.000574036251896,0.000689992551676,0.000412155715065,0.000599996190907,0.00180000351615,0.00697612015122,0.000933329335158,0.000952307171212,0.00166919958275,8.05335452033e-05,0.000288814564625,6.29251119916e-05,0,0.00020000135159,0.000424149834704,0.000407762615748,0.000700003212361,0.00077970796073,0.00120000096342,0.000749999632607,0.000460089866528,0.000229965673288,0.000192553874668,0.00118475343244,0.000500014403619
LTU,0.0012482335517990629,0.0017999932407313528,0.0019099814375769606,0.0011110972840120711,0.003160019452709522,0.007630023216294488,0.0013021295021853594,0.0015042858071315725,0.003847660244225192,4.370845002291372e-4,8.099971886367465e-4,5.568065980075054e-4,0.0031666435788324653,0.0016844516014324765,1.6908553133587464e-5,6.607691505523258e-5,0,1.1000029435454737e-4,3.057586463533126e-5,0.004408817267692809,0.007259807180851063,0.003755858667874233,0.0039022359460535875,0.008739848526325394,0.006400017380724776,0.014974489239088305,0.009910816089427319,0,6.599983484041456e-4,0.007406903937167938,2.9999188904209585e-5,0.0024747958794801082,0,0,0,0,0,0,0,0,0,0,0,0,0,3.700001966168789e-4,4.6001271799867407e-4,5.964659988181254e-4,8.600027291481044e-4,3.0000000000000003e-4,3.4999834453531105e-4,3.700066721613878e-4,3.100006749232275e-4,5.200025818111406e-4,1.7000108509887963e-4,7.900106593573932e-4,4.999817684594348e-4,9.200036500235729e-4,2.522340050148311e-4,8e-4,0.0011999911732903767,0.0059499927903405745,5.999906363118897e-4,0.00215615069063164,0.0010785161413650974,5e-5,2.2000021987928625e-4,6.292511199161295e-5,0,2.0000135158999336e-4,4.954848753592014e-4,6.388555089025251e-5,8.00011789440591e-4,5.599944938131874e-4,9.999940912663006e-4,7.599857176862653e-4,4.6999952903499276e-4,2e-4,2.5999735506251204e-4,0.0012000060833726217,5.000144036189739e-4
LUX,0.0012482401434155926,0.001800017056114617,0.001909967112141893,0.0011110943652154254,0.0031600544015251025,0.007629954331519983,0.0013021295021853594,0.0015042858071315725,0.004147307055332069,4.370845002291372e-4,8.100262972879038e-4,7.799898612839302e-4,0.0031666435788324653,0.0016844516014324765,1.6908553133587464e-5,6.607691505523258e-5,0,1.1000104468479301e-4,3.057586463533126e-5,0.006899979603010167,0.003902087155728654,0.003755858667874233,0.004192752838328064,0.008740023359937708,0.006399810205124462,0.014974489239088305,0.008050151476439027,0,6.59998440180939e-4,0.007406903937167938,2.9999708003620753e-5,0.0024747958794801082,0,0,0,0,0,0,0,0,0,0,0,0,0,3.69995199068415e-4,4.59997218216291e-4,6.049541822811808e-4,8.599911946976288e-4,3.000054650781506e-4,3.500092350721655e-4,3.699967564060979e-4,3.0999748174263407e-4,5.200141751172173e-4,1.7000514172565065e-4,7.899978729527169e-4,5e-4,9.200130991853944e-4,1.8511264363669163e-4,7.999974025355582e-4,0.0012,0.005949963458276363,5.999985710917574e-4,9.653073920138481e-4,0.0014952802683199054,5e-5,2.2000200392196154e-4,6.292511199161295e-5,0,2.0000135158999336e-4,5.450612192483788e-4,7.379818251310633e-5,7.999769026446472e-4,5.59995849576805e-4,0.001,7.599968678220924e-4,4.700109634462658e-4,1.9999198525286524e-4,2.600052659294365e-4,0.0011999918889324483,5.000144036189739e-4
LVA,0.0012482492864659435,0.0018000154906668733,0.0019100089169923871,0.0011111111111111111,0.0031600210232103024,0.007629992434818553,0.0013021295021853594,0.0015042858071315725,0.003735168036817785,4.370845002291372e-4,8.09990353880199e-4,5.568065980075054e-4,0.0031666435788324653,0.0016844516014324765,1.6908553133587464e-5,6.607691505523258e-5,0,1.1000008267264114e-4,3.057586463533126e-5,0.004408817267692809,0.003902087155728654,0.003755858667874233,0.002990347709876971,0.008740023359937708,0.0064003476245654695,0.014974489239088305,0.009910816089427319,0,6.599932859279152e-4,0.006989779956199812,3.000039248008164e-5,0.011629854936827328,0,0,0,0,0,0,0,0,0,0,0,0,0,3.7000037650129894e-4,4.600152696351398e-4,5.807342381192556e-4,8.599834670122209e-4,2.9999693768182516e-4,3.5e-4,3.7000227888486564e-4,3.100034901940399e-4,5.199946520489338e-4,1.700013483938555e-4,7.899919844268866e-4,5e-4,9.199976514795679e-4,2.4460935536917497e-4,7.999999999999999e-4,0.0011999974255335582,0.005949939947413411,5.999933610693105e-4,0.0013165268462981018,0.0016007939761652705,5e-5,2.1999914951522368e-4,6.292511199161295e-5,0,2.0000135158999336e-4,4.019607366992166e-4,6.840339027394047e-5,8.000035294532876e-4,5.599847623193926e-4,0.0010000140813998788,7.599977596056905e-4,4.699925447316103e-4,1.9999778787979338e-4,2.5999885004599816e-4,0.001199981750159686,5.000144036189739e-4
MAR,0.0016710227701061226,0.0018000365007908505,0.0019100187343410251,0.0011111204823341736,0.0031600559678793038,0.007629997753818509,0.004139093265203345,0.0011659305079012225,0.003296244696769313,4.370845002291372e-4,8.100045378106398e-4,7.800258088303069e-4,0.0031666435788324653,0.0016844516014324765,1.6908553133587464e-5,6.607691505523258e-5,0,1.1000104286161226e-4,3.057586463533126e-5,0.006900155954474566,0.007260177819372953,0.0064751860279195625,0.0020171704202022207,0.004969776308453613,0.006399970799722598,0.014974489239088305,0.009910816089427319,0,6.599983621708256e-4,0.006989962486059009,2.9998563011927003e-5,0.0024747958794801082,0,0,0,0,0,0,0,0,0,0,0,0,0,3.700053308467476e-4,4.599960464730714e-4,6.169945883884832e-4,8.599981174108124e-4,2.9999095759110226e-4,3.500067787418655e-4,3.7000772613811963e-4,3.0999675409397855e-4,6.467458184143425e-4,1.699988948124602e-4,7.900112707805015e-4,4.999936528086321e-4,9.200005112060629e-4,3.4739743991553276e-4,8e-4,0.001199957306388921,0.005950095602294455,5.999965802417768e-4,0.0012388869905457498,0.0012951100205551111,5.0001139133802655e-5,2.200018249840314e-4,6.292511199161295e-5,0,2.0000135158999336e-4,4.0000000012597184e-4,9.426640334749071e-5,7.999929263634434e-4,5.600207684319835e-4,9.999919342479895e-4,7.599912644682246e-4,4.700052973629469e-4,1.9999787297400774e-4,2.6000317393144306e-4,0.0011847534324444051,5.000144036189739e-4
MDA,0.001248218351068315,0.0018000258866166191,0.001910028176229508,0.0011111018517361098,0.003160011135513007,0.0076299694189602444,0.0013021295021853594,0.0015042858071315725,0.003296244696769313,4.370845002291372e-4,8.100345808484739e-4,5.568065980075054e-4,0.0031666435788324653,0.0016844516014324765,1.6908553133587464e-5,6.607691505523258e-5,0,1.0999974385902e-4,3.057586463533126e-5,0.004408817267692809,0.007259974950796206,0.003755858667874233,0.003552982040349565,0.004969776308453613,0.006399904784575101,0.014974489239088305,0.009910816089427319,0,6.599775391310451e-4,0.006989871338625786,3.0000663658083357e-5,0.0024747958794801082,0,0,0,0,0,0,0,0,0,0,0,0,0,3.700042945609877e-4,4.6000608081452765e-4,5.679973657194356e-4,8.600089441300291e-4,2.999943911604689e-4,3.499966241307137e-4,3.700066721613878e-4,3.0999439042632757e-4,6.467458184143425e-4,1.7000080308384195e-4,7.899956547299542e-4,5.000100274752823e-4,9.200121700309974e-4,2.786455759599535e-4,7.999999999999999e-4,0.0012000173777044053,0.005950114073820794,6.000022087325925e-4,4.038379821161512e-4,0.0011267433892195085,4.9998311324259515e-5,2.1999951333463112e-4,6.292511199161295e-5,0,2.0000135158999336e-4,4.012582552306412e-4,1.2924289725746237e-4,7.999893004261996e-4,5.599987606122576e-4,0.001,7.600070925129661e-4,4.700051910972682e-4,2.000027651808428e-4,2.6000052898857384e-4,0.0011847534324444051,5.000144036189739e-4
MDG,0.0030424214118533696,7.278113380849222e-4,0.0013365294301129957,0.002737408882592387,0.0025000182501733765,0.006943228688856288,0.0013021295021853594,0.0020183794774329207,0.003099946789641717,3.9999533212929726e-4,8.400270188888075e-4,9.000074683782076e-4,0.0031666435788324653,0.0010000236040189777,2.000067444526877e-4,6.607691505523258e-5,0,1.0999343017738521e-4,3.057586463533126e-5,0.00885940421608053,0.008799883200311465,0.004760432647059151,0.006063434231498805,0.007050041975398766,0.008739962456981958,0.014974489239088305,0.009910816089427319,0,7e-4,0.007406903937167938,4.914985379209765e-5,0.0024747958794801082,0,0,0,0,0,0,0,0,0,0,0,0,0,6.000116610040125e-4,5e-4,7.534161010363221e-4,8.999948678470619e-4,4.399963914386883e-4,5e-4,3.700091531736262e-4,2.999993686948397e-4,6.467458184143425e-4,1.9999999999999998e-4,6.857251499386418e-4,5.091301414936565e-4,6.899964776329694e-4,4.1149478169098607e-4,5.999983192147371e-4,0.0017999528746465595,0.007199879240075044,9.333356165556451e-4,7.368145005341285e-4,0.0018512046033454508,5.4578272141110955e-5,2.2168551746202015e-4,6.292511199161295e-5,0,2.0000135158999336e-4,6.314503786499111e-4,3.7833985709285204e-4,7.000107446008381e-4,8.000221663957441e-4,0.0011999828156549384,7.499714579289873e-4,4.6999696768904216e-4,2.000027651808428e-4,1.419690139988815e-4,0.0012000182498403138,5.000144036189739e-4
MDV,0.004711745013486698,0.0018000326225060953,0.0019100266452531298,0.003849994930548515,0.0031589060956950382,0.00762988198077625,0.00420309370352008,0.0015042858071315725,0.003296244696769313,8.699946520489339e-4,8.099952689214294e-4,7.799977959003747e-4,0.0011199902989146911,0.0014125718615601139,1.6908553133587464e-5,6.607691505523258e-5,0,1.0999981658443537e-4,3.057586463533126e-5,0.006899808376676704,0.007259968975271466,0.008986311007813531,0.006389526509756259,0.008740023359937708,0.006400041714464491,0.014800094629761059,0.009910816089427319,0,6.59999540726112e-4,0.006989871338625786,2.9999151175621767e-5,0.0024747958794801082,0,0,0,0,0,0,0,0,0,0,0,0,0,3.7001175905290127e-4,4.600021758787786e-4,6.865541550021368e-4,8.599899181067266e-4,2.9999365663357545e-4,3.499924322688058e-4,3.7000100633994166e-4,3.0999941656091834e-4,6.467458184143425e-4,1.6999858607525528e-4,7.900013662207182e-4,4.999795358736136e-4,9.19985471327237e-4,1.3326814326364753e-4,7.999999999999999e-4,0.0012000000000000001,0.0059499391621762555,6.000000000000001e-4,0.0012481408276414127,0.0014305778547280593,5.4578272141110955e-5,2.2168551746202015e-4,6.292511199161295e-5,0,2.0000135158999336e-4,4.012315367087931e-4,1.971799309221816e-4,8.000363790699086e-4,5.600100626629466e-4,9.999972787708752e-4,7.599930824946422e-4,4.7000130941469157e-4,2.000027651426122e-4,2.599962659862464e-4,0.0011847534324444051,5.000144036189739e-4
MEX,0.0019202083875314347,0.001,0.0013365294301129957,0.003000007877923695,0.0030000365003467534,0.004400143397210272,0.0013021295021853594,0.0015042858071315725,0.0046987631019664725,5.000108631889978e-4,7.999826577691387e-4,0.001,0.0031666435788324653,6.209439861377933e-4,1.6908553133587464e-5,2.0000561537489647e-4,0,1.999988357268848e-4,1e-4,0.004499980481330392,0.005100114714777349,0.003945068804952154,0.00430806269711853,0.007299936125558901,0.004900032686859883,0.01999932409597837,0.009910816089427319,0,5.000175481697259e-4,0.012400039818163717,3.0000561545372867e-4,0.0024747958794801082,0,0,0,0,0,0,0,0,0,0,0,0,0,5.999936209669703e-4,3.999971425033576e-4,7.456575425056026e-4,6.000039781467141e-4,3.000027121340879e-4,2.999895172702972e-4,8.000092225398874e-4,5.00013334704903e-4,6.467458184143425e-4,4.0000234220835117e-4,7.000012012444893e-4,8.999905749293119e-4,3.999873973408389e-4,4.726526695019833e-4,7.000068226785837e-4,8.999950171906921e-4,0.007299828332245689,5.999941566599469e-4,0.0013362209980831675,0.0022220355966906104,1e-4,3.000060834651417e-4,6.292511199161295e-5,0,2.0000135158999336e-4,0.002499610238278712,3.0763215273827115e-4,2e-4,8.000041312924748e-4,4.999917293854934e-4,8.000174390722414e-4,0.0013000431965442764,1.999966482881132e-4,5e-4,5.999863126197645e-4,5.000144036189739e-4
MKD,0.0012482187286350398,0.0018000630219001104,0.0013365294301129957,0.001111117601359837,0.0031599336374948154,0.007630045016646205,0.0013021295021853594,0.0015042858071315725,0.003296244696769313,4.370845002291372e-4,8.100003129961941e-4,5.568065980075054e-4,0.0031666435788324653,0.0016844516014324765,1.6908553133587464e-5,6.607691505523258e-5,0,1.09998133515834e-4,3.057586463533126e-5,0.006900275329005533,0.007259898973439792,0.008128872073242817,0.0015458161431032129,0.008739756215136698,0.006400009299297903,0.014974489239088305,0.009910816089427319,0,6.599906410856341e-4,0.00699001867112153,2.9999677942265784e-5,0.011630010918733428,0,0,0,0,0,0,0,0,0,0,0,0,0,3.699990573737849e-4,4.5999082661525424e-4,5.671685879138076e-4,0.00085999494167114535,3.000120554550934e-4,3.4999404028765544e-4,3.6999389499389496e-4,3.099932988294338e-4,5.2e-4,1.7000077297673341e-4,7.899928431403056e-4,5.000133700564216e-4,9.200008048053067e-4,2.60861434728308e-4,7.999983926576602e-4,0.0012000000000000001,0.005949977068516688,6.000033925330348e-4,0.0013165268462981018,0.0017394539993495436,4.999945979234418e-5,2.1999708000778665e-4,6.292511199161295e-5,0,2.0000365003467531e-4,4.0000114080349406e-4,1.1351612992613107e-4,7.999643853505075e-4,5.599919957310564e-4,0.001,7.599890014926546e-4,4.6999708000778663e-4,2.000027651426122e-4,2.6000052898857384e-4,0.0011847534324444051,5.000144036189739e-4
MLI,0.003042469131923717,7.278455745645664e-4,0.0013365294301129957,0.0033719306924032987,0.0031589060956950382,0.006943228688856288,0.001929013081783394,0.002018362331914935,0.0030998890942698708,4.0000993196603267e-4,8.40020004030663e-4,8.999986261660415e-4,0.0032499831336976455,0.0016844516014324765,1.6908553133587464e-5,6.607691505523258e-5,0,1.1000104286161226e-4,3.057586463533126e-5,0.004408817267692809,0.008800187715090209,0.006991487509845475,0.003634215297646514,0.007050202156334233,0.00873989218328841,0.014974489239088305,0.009910816089427319,0,6.999964903660548e-4,0.006799890500958116,4.914985379209765e-5,0.001,0,0,0,0,0,0,0,0,0,0,0,0,0,6.000000000000001e-4,5e-4,3.853620835549542e-4,9.000030939636768e-4,4.4001065687812677e-4,4.081496867092869e-4,4.070978240380842e-4,3.000004363515772e-4,6.467458184143425e-4,1.9999999999999998e-4,6.856983817740846e-4,5.091301414936565e-4,6.900048180105996e-4,3.6600529359690577e-4,5.999962825509135e-4,0.0018000106774865197,0.0071999154691462395,9.333424662896061e-4,7.57279862400605e-4,0.0017105639140709038,5.4578272141110955e-5,2.2168551746202015e-4,6.292511199161295e-5,0,2.0000135158999336e-4,4.0000610351562495e-4,5.160170387595133e-4,7.000047355211442e-4,5.159412782665541e-4,0.0012000000000000001,7.500060112048859e-4,4.7000423400931485e-4,2.5993212060793894e-4,1.419690139988815e-4,0.0011847534324444051,5.000144036189739e-4
MLT,0.001248239232146252,0.0018000329570734116,0.00191002664525313,0.0011111256662382002,0.003159936733673097,0.007630131189166314,0.0013021295021853594,0.0015042858071315725,0.003296244696769313,4.370845002291372e-4,8.099647100519949e-4,7.800371768151861e-4,0.0031666435788324653,0.0016844516014324765,1.6908553133587464e-5,6.607691505523258e-5,0,1.1000095244240027e-4,3.057586463533126e-5,0.006900110288325193,0.007260177819372953,0.005773245146681609,0.003438166535067115,0.008739939775526964,0.006400000000000001,0.014800094629761059,0.009910816089427319,0,6.600120763831233e-4,0.006990099311058051,2.999986531442348e-5,0.0024747958794801082,0,0,0,0,0,0,0,0,0,0,0,0,0,3.6999736836778067e-4,0.00046000394201263257,6.952471988555242e-4,8.600075955896838e-4,2.9999737512140067e-4,3.49999426098734e-4,3.7000110778774787e-4,3.0999917874969206e-4,6.467458184143425e-4,1.6999959066592356e-4,7.900177752830012e-4,5.000095501862287e-4,9.200019466614756e-4,2.541697051496148e-4,8.000055734952434e-4,0.0012000115131105547,0.005949978681645328,6.000067797376242e-4,5.142352026611784e-4,0.0011000066874116917,5.4578272141110955e-5,2.200033182170114e-4,6.292511199161295e-5,0,2.0000135158999336e-4,4.0391539858212355e-4,1.1428276642030744e-4,8.000123468222366e-4,5.600085726532362e-4,0.0010000176377730548,7.600052031392275e-4,4.6999496559825473e-4,1.9999999999999998e-4,2.600002377471084e-4,0.0012000000000000001,5.000144036189739e-4
MMR,0.00177053117289,0.00163333369331,0.00221551305034,0.00149965741226,0.00315923516742,0.00615773581186,0.00130212950219,0.00150428580713,0.00327767382603,0.00103332872422,0.0010666652134,0.000718936787872,0.00237776440695,0.00148415421179,1.69085531336e-05,6.60769150552e-05,0,0.000109999436008,5.37172430902e-05,0.0050030144885,0.00535396761171,0.00604477508131,0.00325848696419,0.00476667179014,0.00666677112076,0.0149163577026,0.00991081608943,0,0.000590605107194,0.00712899173274,3.6383527933e-05,0.00247479587948,0,0,0,0,0,0,0,0,0,0,0,0,0,0.000337832450798,0.00035917923803,0.000517612701981,0.00074001428668,0.00029650760105,0.000362718821466,0.000392368442964,0.000273333033738,0.000646745818414,0.000313333745318,0.000660001132627,0.000509130141494,0.000746663779117,0.000342576419045,0.000666662303986,0.000966652277041,0.0047000403195,0.000633333310118,0.00113374753612,0.00129482911173,5.15263766453e-05,0.000221124373549,0.000108617406173,0,0.00020000135159,0.000689647953921,0.000367972681925,0.000633339641705,0.00045864214062,0.000766667354051,0.000599997271286,0.000410434680291,0.00023995734353,0.000220658714347,0.0011898429217,0.000500014403619
MNE,0.0012482141380051946,0.0017999394469487991,0.0019100282872524866,0.0011111205541154974,0.0031598814537513653,0.007630032485308609,0.0013021295021853594,0.0015042858071315725,0.003296244696769313,4.370845002291372e-4,8.100042835681098e-4,7.799858055358411e-4,0.0031666435788324653,0.0016844516014324765,1.6908553133587464e-5,6.607691505523258e-5,0,1.1000041584001697e-4,3.057586463533126e-5,0.0068999530295913575,0.007260015516998166,0.003755858667874233,0.0016404903781954703,0.004969776308453613,0.006399976451195102,0.014800545247670868,0.009910816089427319,0,6.599692915112963e-4,0.006990145086230495,2.9999485914044826e-5,0.0024747958794801082,0,0,0,0,0,0,0,0,0,0,0,0,0,3.7000097122920263e-4,4.6000521931711583e-4,5.719640046252311e-4,8.60002876557112e-4,3.000018062604989e-4,3.499966241307137e-4,3.6998181296065856e-4,3.1000161454227727e-4,6.467458184143425e-4,1.70004409632431e-4,7.8997155702358e-4,5e-4,9.200030610499401e-4,3.0599570312898314e-4,7.999895220756767e-4,0.0012000000000000001,0.005949991756883002,6.00020922690658e-4,0.0013165268462981018,0.0010749263512294836,4.9998835231905324e-5,2.200021900208052e-4,6.292511199161295e-5,0,2.0000135158999336e-4,4.000011214049815e-4,8.858830790412268e-5,8.000088884938446e-4,5.599919957310564e-4,0.001,7.600172339508832e-4,4.6998186081493605e-4,1.9999999999999996e-4,2.6000637348629703e-4,0.0011847534324444051,5.000144036189739e-4
MNG,0.0028151564957672797,0.0010999985515852898,0.003400018480872297,0.002276700586381456,0.003159893310872464,0.0038999197021680415,0.0013021295021853594,0.0015042858071315725,0.0022082230240183967,0.002099984481344359,8.00000776492467e-4,5.568065980075054e-4,0.0031666435788324653,0.0016844516014324765,1.6908553133587464e-5,6.607691505523258e-5,0,1.1000066972507785e-4,1e-4,0.004408817267692809,0.004899846704138988,0.008831141038465941,0.0018972713401408626,0.004100009124920157,0.007200134770889489,0.014974489239088305,0.009910816089427319,0,5.559095079680671e-4,0.007406903937167938,3.0000365003467532e-5,0.0024747958794801082,0,0,0,0,0,0,0,0,0,0,0,0,0,2.9999895558085375e-4,3e-4,3.70132218904041e-4,5.000099996285852e-4,2.8953154730238396e-4,4.081496867092869e-4,4.0000280339771803e-4,2.0000538039384485e-4,6.467458184143425e-4,6.000018560968141e-4,3.9999795517749057e-4,5.091301414936565e-4,4e-4,2.76999880172033e-4,3.9998622281157975e-4,4.999953772616747e-4,0.0021999791416801376,6.99991579892784e-4,7.803640980131143e-4,0.001680019674413128,5e-5,2.2168551746202015e-4,2.0000199453497415e-4,0,2.0000135158999336e-4,0.0011000130027739251,1.8389350492352578e-4,2.999957558781088e-4,2.999903947747575e-4,3.0000206215330047e-4,2.9998866470188165e-4,4.0065045614475316e-4,2.5993212060793894e-4,1.419690139988815e-4,0.0011847534324444051,5.000144036189739e-4
MOZ,0.0030424474887604984,7.278275862068966e-4,3.9999999999999996e-4,0.0027373096081214224,0.0031589060956950382,0.006943228688856288,0.0019290392439788638,0.002018350645725284,0.0030999858758875717,3.9999835788635335e-4,8.400255097302283e-4,9.00006922387161e-4,0.0031666435788324653,0.002799984247627299,1.9999519115171917e-4,6.607691505523258e-5,0,1.1000104286161226e-4,3.057586463533126e-5,0.008859375,0.003902087155728654,0.003937394786073305,0.00582422178772191,0.007050044610268473,0.008740410789408562,0.014974489239088305,0.009910816089427319,0,6.9999480060313e-4,0.007406903937167938,4.914985379209765e-5,0.001,0,0,0,0,0,0,0,0,0,0,0,0,0,6.000190999432618e-4,5.000055708444286e-4,5.105651568763369e-4,9e-4,4.400131163667664e-4,4.999999999999999e-4,4.070978240380842e-4,3.000020441328277e-4,6.467458184143425e-4,1.9999594452104792e-4,6.857153184414083e-4,5.091301414936565e-4,6.900048180105996e-4,2.0643048147737721e-4,5.999772131707872e-4,0.0017999669002041155,0.007200035770862078,9.333223738287029e-4,0.0013165268462981018,0.0014175590102512002,5.4578272141110955e-5,2.2168551746202015e-4,6.292511199161295e-5,0,2.0000135158999336e-4,3.9999999999999996e-4,4.0304469504797623e-4,6.999971225505712e-4,7.9998719303301e-4,0.0012000000000000001,7.49992190184624e-4,4.699970800077867e-4,2.000027651426122e-4,1.419690139988815e-4,0.0011847534324444051,5.000144036189739e-4
MRT,0.0030424693997824328,7.278236677719676e-4,3.9999570589687713e-4,0.0033719218681624694,0.0031589060956950382,0.006943228688856288,0.001929038605829806,0.0020183430295584305,0.003296244696769313,4.370845002291372e-4,8.400105083409956e-4,8.999808703969392e-4,0.0032500589483612356,0.0016844516014324765,1.6908553133587464e-5,6.607691505523258e-5,0,1.0999585234342596e-4,3.057586463533126e-5,0.008859427854045823,0.0087999262627504,0.004428795555256871,0.004192752838328064,0.004969776308453613,0.008739939775526964,0.014974489239088305,0.009910816089427319,0,5.559095079680671e-4,0.007406903937167938,4.914985379209765e-5,0.001,0,0,0,0,0,0,0,0,0,0,0,0,0,5.999968073813344e-4,4.999945394578774e-4,7.464440934919253e-4,8.999637910744999e-4,2.8953154730238396e-4,4.999862268438813e-4,3.6999324073872186e-4,2.999917348541202e-4,6.467458184143425e-4,2e-4,6.857219538378959e-4,5.999986849199774e-4,6.900025550242727e-4,3.788342686436566e-4,6.000000000000001e-4,0.0017999969512892235,0.004065842431079392,9.333422746781115e-4,0.0013365239508474377,0.0016375992939099736,1e-4,2.9999570594297487e-4,6.292511199161295e-5,0,2.0000135158999336e-4,4.000002389886002e-4,5.353534676800335e-4,7.000125754527163e-4,7.999905522225896e-4,0.001200013197835555,7.499816325031225e-4,4.6999708000778663e-4,2.000027651808428e-4,1.419690139988815e-4,0.0011847534324444051,5.000144036189739e-4
MUS,0.003042418595153114,7.278152715053308e-4,4.000110607233713e-4,0.0027372558361124346,0.0031589060956950382,0.006799913481946115,0.0013021295021853594,0.0015042858071315725,0.003296244696769313,4.000037784327061e-4,8.400036591501624e-4,9.000000000000001e-4,0.0031666435788324653,0.0016844516014324765,1.6908553133587464e-5,6.607691505523258e-5,0,1.0999343017738521e-4,3.057586463533126e-5,0.008859364163959558,0.008800031739194504,0.005703314038880371,0.003979750010617151,0.007049913313258509,0.008740087340039542,0.014799994592621633,0.009910816089427319,0,7.000045285753102e-4,0.006799979142767755,3.0000561545372868e-5,0.001,0,0,0,0,0,0,0,0,0,0,0,0,0,6.00001117268502e-4,5.000093302730039e-4,6.326847510005664e-4,9.000395384781281e-4,4.4001121809853226e-4,5e-4,3.7e-4,2.9999787987364045e-4,6.467458184143425e-4,2.0000152321184448e-4,6.857153223758209e-4,5.999905624764062e-4,6.899899625878274e-4,3.272414770348493e-4,6.000000000000001e-4,0.001799986759935565,0.007199944208103773,0.00093333272910737695,7.252552432697769e-4,0.0017806407715787865,1e-4,3.0000579374275777e-4,6.292511199161295e-5,0,2.0000135158999336e-4,4.0000000069706493e-4,3.803291723096734e-4,7.000058541154432e-4,7.999941252496769e-4,0.0011999852264053383,7.500073200011712e-4,4.699905102562231e-4,2.000067444526877e-4,2.6000769452726744e-4,0.001199972625239529,5.000144036189739e-4
MWI,0.003042462865085143,7.278285577878226e-4,0.0013365294301129957,0.0027372945775020166,0.0031589060956950382,0.006943228688856288,0.001929017520991654,0.002018338320351043,0.003296244696769313,3.9999978665824674e-4,8.400094078865803e-4,5.568065980075054e-4,0.0031666435788324653,0.0016844516014324765,1.6908553133587464e-5,6.607691505523258e-5,0,1.0999975666731556e-4,3.057586463533126e-5,0.00885965481251732,0.008800187715090209,0.006008174004441575,0.004192752838328064,0.007050024631644946,0.008740195646426368,0.014974489239088305,0.009910816089427319,0,6.999789429353549e-4,0.007406903937167938,4.914985379209765e-5,0.0024747958794801082,0,0,0,0,0,0,0,0,0,0,0,0,0,6.000000000000001e-4,4.999970120533767e-4,4.859397425349757e-4,9.000152940276822e-4,2.8953154730238396e-4,4.999999999999999e-4,3.7000528676432975e-4,2.9999314399328114e-4,7.000019329357212e-4,1.9999365602994354e-4,7.17075331043796e-4,5.091301414936565e-4,6.89996574169236e-4,3.996837004905183e-4,5.999825230840931e-4,0.0017999702631709372,0.00719995988768552,9.333359787310029e-4,0.0013165268462981018,0.0016260233141690288,5.4578272141110955e-5,2.2168551746202015e-4,6.292511199161295e-5,0,2.0000135158999336e-4,4.000075366469457e-4,3.7837815993307076e-4,7.000036986352035e-4,5.159412782665541e-4,0.0011999670055471922,7.50017249706755e-4,4.0065045614475316e-4,2.5993212060793894e-4,1.419690139988815e-4,0.0011847534324444051,5.000144036189739e-4
MYS,0.001248240872643315,0.0018999912769017383,0.001909920432148332,0.0011111045931835515,0.0031589060956950382,0.0076299396534942575,0.0013021295021853594,0.0015042858071315725,0.003885771379550585,5e-4,0.0011999867702368128,8e-4,0.0031666435788324653,0.0010709322683006893,1.6908553133587464e-5,6.607691505523258e-5,0,1.1000100689724614e-4,3.057586463533126e-5,0.00529989941083489,0.007259746510508584,0.004696733835328295,0.0033251037937737176,0.005099917875718587,0.006400117471838224,0.014974489239088305,0.009910816089427319,0,6.600006781845001e-4,0.006990181406723363,2.9999087507984303e-5,0.008540009358914366,0,0,0,0,0,0,0,0,0,0,0,0,0,3.699995223424327e-4,4.6000553336239346e-4,8.420746466323899e-4,8.599726876257323e-4,2.999984325281753e-4,3.4000111906893466e-4,3.7000366703337e-4,3.0999977475448234e-4,6.467458184143425e-4,1.6999851069436013e-4,7.899787466992981e-4,4.999840853027771e-4,9.199849653983063e-4,3.738056739088066e-4,8.000021933191498e-4,0.0012,0.005950029014120205,5.999963746442619e-4,0.0013165268462981018,0.0011672258912650293,4.9999999999999996e-5,2.200107353730542e-4,6.292511199161295e-5,0,2.0000365003467531e-4,4.255210728222013e-4,4.629374066582226e-4,7.999974623797803e-4,5.599995908305118e-4,0.001000012729286269,7.499983726818853e-4,4.2998260437375745e-4,1.9999999999999998e-4,2.5999472660756073e-4,0.0012000219002080519,5.000144036189739e-4
NAM,0.0030425044086797364,7.278334763786582e-4,0.0013365294301129957,0.0027372912594684283,0.002499954375399215,0.006799890500958116,0.0019290296843472547,0.0020183685748044623,0.003100100704934542,4e-4,8.399917698295668e-4,8.999662047989186e-4,0.0031666435788324653,0.002800008432665529,1.6908553133587464e-5,6.607691505523258e-5,0,1.0999343017738521e-4,3.057586463533126e-5,0.008859384980381422,0.008799912402365136,0.0030001006206708254,0.004192752838328064,0.004969776308453613,0.008740223172385025,0.014974489239088305,0.009910816089427319,0,6.999692591454042e-4,0.007406903937167938,3.0000365003467532e-5,0.001,0,0,0,0,0,0,0,0,0,0,0,0,0,5.99986978036288e-4,4.999877880493851e-4,5.139052013072735e-4,9.000052189342936e-4,4.400016782747336e-4,5.000172170379807e-4,3.6999921505010596e-4,2.9999532535527295e-4,6.467458184143425e-4,1.9999867681986887e-4,6.857078104871416e-4,5.99988539995416e-4,6.899980628914574e-4,3.9641911665747357e-4,5.999986504450158e-4,0.0017999895864067895,0.00720007844290827,9.333341051303275e-4,0.001193359716699716,0.0016429714706230206,1e-4,2.2168551746202015e-4,6.292511199161295e-5,0,2.0000135158999336e-4,6.450572628911841e-4,3.785449797594701e-4,7.000065802461011e-4,8.000302526092875e-4,0.0012000097680892803,7.50007629627369e-4,4.7000423400931485e-4,2.000055862800961e-4,2.6000052898857384e-4,0.0011847534324444051,5.000144036189739e-4
NER,0.003042416769420469,7.278377842036628e-4,3.9999557575958676e-4,0.0033719094451123244,0.0031589060956950382,0.006943228688856288,0.0019290356152395142,0.0020183369111503604,0.0030999949927394722,4e-4,8.399783705839942e-4,8.999936433270826e-4,0.0032500172061758702,0.0016844516014324765,1.6908553133587464e-5,6.607691505523258e-5,0,1.099990875079843e-4,3.057586463533126e-5,0.008859384980381422,0.008799983778084193,0.006967448770387605,0.0018192437151490642,0.004969776308453613,0.008739827589988813,0.014974489239088305,0.009910816089427319,0,7.00007090187181e-4,0.006799981321939716,4.914985379209765e-5,0.0024747958794801082,0,0,0,0,0,0,0,0,0,0,0,0,0,6.000225390811569e-4,5.000010852131032e-4,6.04917005591295e-4,8.999976721990735e-4,2.8953154730238396e-4,5.000153045607591e-4,4.070978240380842e-4,3.0001296176279977e-4,6.467458184143425e-4,2e-4,6.857040615494722e-4,6.000000000000001e-4,7.053548415335735e-4,4.056330435102594e-4,5.99998515020567e-4,0.0018000577867668306,0.007200127469725939,9.333333333333332e-4,7.178996916926563e-4,0.0018253015957440041,1e-4,2.2168551746202015e-4,6.292511199161295e-5,0,2.0000135158999336e-4,3.9999313198605795e-4,5.271190138062615e-4,6.999770589584767e-4,5.159412782665541e-4,0.001199969068976183,7.499971661433477e-4,4.0065045614475316e-4,2.5993212060793894e-4,1.419690139988815e-4,0.0011847534324444051,5.000144036189739e-4
NGA,0.003042443066086947,7.278326569809617e-4,4.0000730006935063e-4,0.0033719704952581663,0.0031589060956950382,0.006799931866848355,0.0019290341105828105,0.0020183536482280915,0.0030939816797262995,4.0000111927560484e-4,8.400088686879885e-4,8.999884621486364e-4,0.0032500141656116458,9.999807676050582e-4,1.9999744754709277e-4,6.607691505523258e-5,0,1.10003711952487e-4,3.057586463533126e-5,0.004408817267692809,0.003902087155728654,0.006887983818583044,0.005980039002499775,0.007050017063074024,0.008739921027308624,0.014974489239088305,0.009910816089427319,0,6.999707545330474e-4,0.006800014600138701,4.914985379209765e-5,0.001,0,0,0,0,0,0,0,0,0,0,0,0,0,5.999960874073205e-4,4.999932644511202e-4,6.767240467153462e-4,9e-4,2.8953154730238396e-4,4.081496867092869e-4,3.7000604572000936e-4,3.7735868451261293e-4,7.00010588625084e-4,2e-4,6.857177290762785e-4,6e-4,6.899637091728195e-4,3.771363262619181e-4,6.000000000000001e-4,0.0018000460117658659,0.007200108522925469,9.333438138657443e-4,7.000220616453933e-4,0.0016163198240278802,9.999999999999999e-5,2.2168551746202015e-4,6.292511199161295e-5,0,2.0000135158999336e-4,4.000046377488527e-4,3.7834706463386533e-4,7.000079827572444e-4,7.99989928999446e-4,0.0012000212958526327,7.500060112048859e-4,4.6999696768904216e-4,1.9999999999999998e-4,2.6000052898857384e-4,0.0011847534324444051,5.000144036189739e-4
NIC,0.0019201160944751694,9.999682390562654e-4,0.0013365294301129957,0.002999985358783022,0.0031589060956950382,0.004399993596516505,0.0013021295021853594,0.003320053437664011,0.004700055682732166,5e-4,7.999661449700594e-4,5.568065980075054e-4,0.0031666435788324653,0.0016844516014324765,1.6908553133587464e-5,2e-4,0,2.0000269372967078e-4,9.999999999999999e-5,0.004500084990029665,0.0051000097333073775,0.003755858667874233,0.004192752838328064,0.004969776308453613,0.004900017661257089,0.014974489239088305,0.009910816089427319,0,4.999926884550706e-4,0.01240004492362983,2.999927001970947e-4,0.0024747958794801082,0,0,0,0,0,0,0,0,0,0,0,0,0,5.999816176470588e-4,3.9999581791188334e-4,5.897306380744718e-4,6.000146927381143e-4,2.8953154730238396e-4,2.9998622652770764e-4,7.999947670007065e-4,4.999951088285644e-4,6.000000000000001e-4,4.000014910129196e-4,6.999983258835149e-4,5.091301414936565e-4,3.9999707999357597e-4,2.2023444235928975e-4,6.999963003613313e-4,9.000417072153483e-4,0.007299898109362617,6.00001236032829e-4,0.0013003702467902021,0.0015389103136024716,9.999999999999999e-5,2.2168551746202015e-4,6.292511199161295e-5,0,2.0000135158999336e-4,0.002500023505756097,2.999864303871437e-4,1.9999999999999998e-4,8.000080044825102e-4,5.000096063324943e-4,8.000198373338623e-4,0.0012999968936381712,2.5993212060793894e-4,4.999999999999999e-4,5.999926999306494e-4,5.000144036189739e-4
NLD,0.0012482380510402823,0.0018000162739605008,0.0019099550778116478,0.0011111230116440764,0.003159997572894836,0.0076299396534942575,0.0013021295021853594,0.0015042858071315725,0.004048493215952678,4.370845002291372e-4,8.100051470858838e-4,7.80022340608352e-4,0.0031666435788324653,0.0016844516014324765,1.6908553133587464e-5,6.607691505523258e-5,0,1.0999915117562179e-4,3.057586463533126e-5,0.006899941600155734,0.007260177819372953,0.0070256843167506,0.003704282884612366,0.004969776308453613,0.006400103233418132,0.014974489239088305,0.009910816089427319,0,6.59989727786338e-4,0.006990116801437556,2.9999652379462584e-5,0.0024747958794801082,0,0,0,0,0,0,0,0,0,0,0,0,0,3.7000780307866926e-4,4.599990068033967e-4,8.55461000789512e-4,8.599878709626933e-4,3.000021144778297e-4,3.500006062296155e-4,4.070978240380842e-4,3.100005409457277e-4,5.199964627594898e-4,1.7000484334111997e-4,7.900285253627682e-4,4.999919781806514e-4,9.200007993924618e-4,2.2474196117127003e-4,7.999896864243263e-4,0.0011999808905025797,0.0059500551321906145,5.999869971858194e-4,0.0030468490153155886,0.0014049675217210013,4.9999005568814636e-5,2.1999708000778665e-4,6.292511199161295e-5,0,2.0000135158999336e-4,3.9999929406698604e-4,7.06206955855947e-5,7.999833017922743e-4,5.599976399787598e-4,9.999940572053413e-4,7.600079349335449e-4,4.699981196978244e-4,2e-4,2.600014521164597e-4,0.0011847534324444051,5.000144036189739e-4
NOR,0.0012482380819199724,0.0017999738185626392,0.0019099921171440175,0.002276700586381456,0.003160014419773114,0.007630035459147642,0.0013021295021853594,0.0015042858071315725,0.003296244696769313,4.370845002291372e-4,8.099974482883802e-4,7.800371768151861e-4,0.0031666435788324653,0.0016844516014324765,1.6908553133587464e-5,6.607691505523258e-5,0,1.0999900939550266e-4,3.057586463533126e-5,0.006900025550242728,0.0072599397705180495,0.005585653856738784,0.002450347792927249,0.008739962689593641,0.006399851024208566,0.014974489239088305,0.009910816089427319,0,6.600050326459799e-4,0.006990040671602879,2.999929809784516e-5,0.0024747958794801082,0,0,0,0,0,0,0,0,0,0,0,0,0,3.69998296872416e-4,4.600075103266992e-4,7.767903726556078e-4,8.600026926747369e-4,3e-4,3.499901619990818e-4,3.7000100633994166e-4,3.1000060752418704e-4,6.467458184143425e-4,1.699950311146866e-4,7.900207374437308e-4,5e-4,9.200010034367709e-4,2.4259533090064582e-4,7.999892148403796e-4,0.0012000291335500142,0.005949994390709063,5.999906225300414e-4,0.0014138783177520624,0.0011347630496806433,5e-5,2.1999898610970296e-4,6.292511199161295e-5,0,2.0000135158999336e-4,4.000060271255548e-4,7.120002135581032e-5,7.999922657488689e-4,5.600102673896621e-4,9.999999999999998e-4,7.600063478389008e-4,4.700045674326303e-4,1.9999262632034953e-4,2.5999405646359583e-4,0.0011847534324444051,5.000144036189739e-4
NPL,0.0039031870774707896,0.0011000077856546157,0.003400085495379961,0.0021000126227151868,0.0031599598503513093,0.0039000620505894802,0.0044675921223407255,0.0015042858071315725,0.0026880856354428843,0.0021000144843568947,8.000139898819475e-4,5.568065980075054e-4,0.0031666435788324653,2.9896424660348105e-4,1.6908553133587464e-5,6.607691505523258e-5,0,1.1000101389029707e-4,1e-4,0.002500017381026871,0.00490007180469124,0.003511215937899702,0.0017613653988178596,0.004100083950797533,0.0071999270006387435,0.018899929027679202,0.009910816089427319,0,9.999999999999999e-5,0.006600034066575822,4.914985379209765e-5,0.0024747958794801082,0,0,0,0,0,0,0,0,0,0,0,0,0,2.9999732598871566e-4,3.0000431443610317e-4,4.4644342216262493e-4,4.999962684060869e-4,5.000225784601491e-4,4.081496867092869e-4,4e-4,2e-4,6.467458184143425e-4,6.000081655983342e-4,4.000000000000001e-4,5e-4,4e-4,2.1432136149031962e-4,4.000016235479393e-4,5e-4,0.0021999826177646446,6.999957379704216e-4,0.0013165268462981018,0.0014873891658071922,4.9999999999999996e-5,2.2168551746202015e-4,2e-4,0,2.0000135158999336e-4,0.0010999963919093355,3.904125731431269e-4,3.0000000000000003e-4,3e-4,3.0000618658747834e-4,3.0000000000000003e-4,4.0065045614475316e-4,2.5993212060793894e-4,1.419690139988815e-4,0.0011847534324444051,5.000144036189739e-4
NZL,0.001248235832294274,0.0017999864234727713,0.0019100010428616126,0.0011111184998005054,0.0031600175201664414,0.007629970882147886,0.0013021295021853594,0.0015042858071315725,0.0039000399307866367,8.700304818730138e-4,8.099991749855622e-4,7.80007392934467e-4,0.0031666435788324653,0.0016844516014324765,1.6908553133587464e-5,6.607691505523258e-5,0,1.1000165043736591e-4,3.057586463533126e-5,0.006900077659849858,0.0072599778192691585,0.00826120711890637,0.0035820059636919033,0.008739993958616523,0.0063998759482799756,0.014800115874855156,0.009910816089427319,0,6.600146914789421e-4,0.006989993004227879,3.000014038437241e-5,0.011629854936827328,0,0,0,0,0,0,0,0,0,0,0,0,0,3.6999147808691594e-4,3.1753623524931053e-4,7.155377483226218e-4,8.599909977028621e-4,3.000055123752825e-4,3.4999475643647423e-4,3.699938331424544e-4,3.1000130793041805e-4,6.467458184143425e-4,1.7000022528272985e-4,7.90000351111267e-4,5.000195771339076e-4,9.199836628872295e-4,2.953565765359839e-4,8.000027042192581e-4,0.0011999954833901672,0.005949958204969917,6.000025925037753e-4,0.0015330438958940035,0.0011962621518968872,5.000082119335819e-5,2.200018249840314e-4,6.292511199161295e-5,0,2.0000135158999336e-4,4.663933181473045e-4,6.302663541495061e-5,7.999865265427108e-4,5.599975097387005e-4,0.0010000333322222592,7.599978840457046e-4,4.7000851685119845e-4,1.9999999999999998e-4,2.5999526290857415e-4,0.0011999867272787601,5.000144036189739e-4
OMN,0.00332634106313,0.00180001362625,0.00168061660382,0.00275445065333,0.00315932297422,0.00735529079131,0.00188229158417,0.00182342619404,0.00353800221699,0.000523664914064,0.000809986650127,0.000780004387219,0.00316664357883,0.00158267357422,1.69085531336e-05,6.60769150552e-05,0,0.00010999960005,3.05758646353e-05,0.00689998907669,0.00726003045143,0.00636788788047,0.0039947977048,0.00798589341509,0.00639992047262,0.0148349576445,0.00991081608943,0,0.000659998123154,0.00707338204925,3.00002310077e-05,0.00796789119446,0,0,0,0,0,0,0,0,0,0,0,0,0,0.000369999183147,0.000460000209307,0.000652066350703,0.000860002593619,0.000300001983823,0.000350002123183,0.000377420656637,0.000309999788824,0.000646745818414,0.0001699996482,0.000790002825188,0.000499999027908,0.000919996480008,0.000262537374925,0.000800002536532,0.00120000160698,0.00481948749348,0.000600000823525,0.00134992688455,0.00123866713119,5.09156578441e-05,0.000220337200428,6.29251119916e-05,0,0.00020000135159,0.000410564098924,0.000158161542025,0.000800002783587,0.000559997618264,0.00100000352755,0.000759999675651,0.00047000348203,0.000200000553036,0.000260001364544,0.00118780274596,0.000500014403619
PAK,0.003903131177649628,0.0010999958856686082,0.003399945250479058,0.002100004010990113,0.0031589060956950382,0.006943228688856288,0.004467623236107144,0.0027182181449492233,0.003296244696769313,0.002099982619275224,7.99985088183063e-4,4.0000724217844724e-4,0.0031666435788324653,3.0000496121979856e-4,1.6908553133587464e-5,6.607691505523258e-5,0,1.0999854000389333e-4,9.999999999999999e-5,0.002500017548169726,0.0048998387233681355,0.004568171142482708,0.001325574911300662,0.004969776308453613,0.007199691783599644,0.014974489239088305,0.009910816089427319,0,9.999999999999999e-5,0.007406903937167938,4.914985379209765e-5,0.0020000316185537674,0,0,0,0,0,0,0,0,0,0,0,0,0,2.999978550898717e-4,3.0000081355049707e-4,3.824774330134306e-4,5.000028755298163e-4,4.999938041363585e-4,4.081496867092869e-4,4.000156992032654e-4,1.9999999999999998e-4,6.467458184143425e-4,6.000024431061652e-4,3.999971372543407e-4,4.999919780519502e-4,3.9998609566184657e-4,1.8199811217615864e-4,4.000029976243827e-4,5e-4,0.004065842431079392,6.999907835314874e-4,0.0033989160457141335,0.0016380235959751824,5.000196039992159e-5,2.200021900208052e-4,1.999971032125373e-4,0,2.0000135158999336e-4,0.0010999990574439573,3.5626333513647326e-4,3e-4,3e-4,3.000038665274716e-4,4.910311899613233e-4,3.00001460003212e-4,3.0000414771391834e-4,9.999999999999999e-5,0.0011847534324444051,5.000144036189739e-4
PAN,0.0019202395327028337,0.0010000220473647017,0.0013365294301129957,0.0029999484206086977,0.0030000365003467534,0.0044000090122566695,0.0013021295021853594,0.0015042858071315725,0.004700130804447352,5e-4,7.999954051860134e-4,0.001,0.0014000114708027105,0.0016909392381921507,1.6908553133587464e-5,2e-4,0,1.9999999999999998e-4,1e-4,0.00449991746299591,0.00509986798167275,0.0037039413209415915,0.002514673586507801,0.007299971184324273,0.004899989571383877,0.020000563285078578,0.009910816089427319,0,5e-4,0.007406903937167938,3e-4,0.0024747958794801082,0,0,0,0,0,0,0,0,0,0,0,0,0,6.000188363246236e-4,4.0000152483188735e-4,7.038531603753595e-4,6.000042805470539e-4,3.000021313781491e-4,3.0000787060721737e-4,8e-4,5.000203392588375e-4,6.00014855529971e-4,4.000121514988114e-4,6.999951533950468e-4,8.999679127226055e-4,3.99990580699854e-4,3.17508693652084e-4,6.999956629760659e-4,9.681631381061935e-4,0.00729995079316728,5.999913830920599e-4,0.0031182046878248095,0.0015711087376501995,9.999999999999999e-5,3.000048666536889e-4,6.292511199161295e-5,0,2.0000135158999336e-4,0.0024991414104469922,3.007337713460595e-4,1.9999773642989725e-4,7.999902978558261e-4,5e-4,7.999749436231521e-4,0.0013000014038437242,1.9999778787979338e-4,5e-4,5.999926999306494e-4,5.000144036189739e-4
PER,0.0019202240622568623,9.999753821914772e-4,0.002699982308630595,0.0030000507749807386,0.0031589060956950382,0.004400116801109611,0.0013021295021853594,0.0015042858071315725,0.0029476381781585997,4.999977281780138e-4,7.999870350240423e-4,9.99986571052561e-4,0.0031666435788324653,6.546879077601955e-4,1.6908553133587464e-5,2.000057937427578e-4,0,2e-4,1e-4,0.00450002927800441,0.00509995646786994,0.004178782872016741,0.0037595145571356395,0.007299936125558901,0.004899970405445398,0.01999932409597837,0.009910816089427319,0,5.00006267234896e-4,0.012399854001277487,3.0000000000000003e-4,0.011630128205128204,0,0,0,0,0,0,0,0,0,0,0,0,0,6.000016512822206e-4,3.999901957179799e-4,0.0010886160406270021,6.000016968373778e-4,3.000054348810667e-4,3.0000000000000003e-4,7.999935387995088e-4,5e-4,6.000029375908818e-4,3.999986110918207e-4,7.000272339044727e-4,8.99996236215138e-4,4.0000510568773617e-4,4.6352051201774665e-4,7e-4,9.000213060615745e-4,0.007299921235574124,5.999960043552528e-4,0.0016684789625896687,0.001901851595791485,9.999999999999999e-5,2.2168551746202015e-4,6.292511199161295e-5,0,2.0000135158999336e-4,0.0025,3.052689811366814e-4,2.000042231513155e-4,8.000389408099689e-4,4.999974810956226e-4,8e-4,0.001300001377353553,2.0000762805598996e-4,5e-4,6e-4,5.000144036189739e-4
PHL,0.001248215107404966,0.001900009433826013,0.00190999124002336,0.0011111334647728643,0.0031589060956950382,0.007630059044551798,0.0013021295021853594,0.0015042858071315725,0.0037248757936028803,5.000009634672488e-4,0.0012000000000000001,7.999999999999999e-4,8.000060631783182e-4,0.0010835594325037136,1.6908553133587464e-5,6.607691505523258e-5,0,1.099982086076403e-4,3.057586463533126e-5,0.0053,0.0072599689752714655,0.004703262729229618,0.003685436714093639,0.005099917875718587,0.006400136876924831,0.014800094629761059,0.009910816089427319,0,6.59996305646204e-4,0.006990181406723363,3.0000365003467532e-5,0.0024747958794801082,0,0,0,0,0,0,0,0,0,0,0,0,0,3.700023673216256e-4,4.600014788402606e-4,6.283866715512004e-4,8.600235694644495e-4,2.9999467149784196e-4,3.399969392049585e-4,3.700047014574518e-4,3.0999975382191476e-4,6.467458184143425e-4,1.70000393747293e-4,7.900054427045863e-4,5.091301414936565e-4,9.199922133540977e-4,3.6600996837294735e-4,7.999970470551758e-4,0.0011999685830977064,0.005950114722271249,6.000113628733608e-4,0.0013043516640615243,0.0010752064391295506,5.000085779478117e-5,2.200020857232245e-4,6.292511199161295e-5,0,2.0000135158999336e-4,5.463202735191146e-4,4.6000752681427587e-4,7.999999999999999e-4,5.599947488184841e-4,0.001,7.500220413201281e-4,4.3000312858483677e-4,2.000077893752921e-4,2.600039551095071e-4,0.0012000219002080519,5.000144036189739e-4
POL,0.0012482242724808374,0.0018000000000000002,0.001910009342594688,0.002276700586381456,0.0031600300685511043,0.0076298484980157006,0.0013021295021853594,0.0015042858071315725,0.004025981539153906,4.370845002291372e-4,8.100082298940295e-4,7.800261923873093e-4,0.0031666435788324653,0.0016844516014324765,1.6908553133587464e-5,6.607691505523258e-5,0,1.0999656475437993e-4,3.057586463533126e-5,0.006900117866240827,0.0072600805757377495,0.009106183138108112,0.0030352794698828775,0.008740008030076286,0.006399930477100895,0.014974489239088305,0.009910816089427319,0,6.599910394265233e-4,0.007406903937167938,3.000014038437241e-5,0.011629854936827328,0,0,0,0,0,0,0,0,0,0,0,0,0,3.7000245361977073e-4,4.5998878996270505e-4,5.815310325581473e-4,8.600308654444381e-4,3.0000502689388225e-4,3.500039129754265e-4,3.6998845709888416e-4,3.100032130234551e-4,6.467458184143425e-4,1.7000070736365564e-4,7.900402959042522e-4,4.999933150611672e-4,9.200008916033257e-4,3.094314502509877e-4,8.00015894881848e-4,0.0012,0.005950034087512552,5.999915113058794e-4,0.001090597105441038,0.0010902232465085063,5.000046710200574e-5,2.1999753537036928e-4,6.292511199161295e-5,0,2.0000365003467531e-4,3.999974221710475e-4,6.369875114049637e-5,8.000178078532633e-4,5.599889652405076e-4,0.0010000000000000002,4.910311899613233e-4,4.699968714151632e-4,1.9999999999999998e-4,2.600070534297302e-4,0.0012000219002080519,5.000144036189739e-4
PRT,0.001248216507199392,0.001800004914323242,0.001910011939280232,0.0011111141133270468,0.003160032493907392,0.007629882312809142,0.0013021295021853594,0.0015042858071315725,0.004113610950241444,4.370845002291372e-4,8.100034391319664e-4,7.800002896829421e-4,0.0011199766572057616,0.0016844516014324765,1.6908553133587464e-5,6.607691505523258e-5,0,1.1000320175639208e-4,3.057586463533126e-5,0.006900020184350401,0.007259983346830765,0.005380149020267613,0.0027629888950586007,0.008740008030076286,0.006399964758596385,0.014974489239088305,0.009910816089427319,0,6.599972740902276e-4,0.007406903937167938,3.0000561545372865e-5,0.0024747958794801082,0,0,0,0,0,0,0,0,0,0,0,0,0,3.7000013961215744e-4,4.6000426789750726e-4,7.118159724471421e-4,8.600085546932967e-4,3.000054650781506e-4,3.5000415583181946e-4,3.6999243082616124e-4,3.100025985511937e-4,5.19991015274034e-4,1.700019575070395e-4,7.900011506155793e-4,4.999933150611672e-4,9.199703402252074e-4,2.482525077084533e-4,7.999984478858265e-4,0.0011999961383251916,0.005950068411006571,5.999988161033621e-4,0.0013748997079940418,0.001094029287420675,4.99991721443118e-5,2.199980789549515e-4,6.292511199161295e-5,0,2.0000365003467531e-4,4.016461557943922e-4,1.2075385322792027e-4,7.999880447127741e-4,5.599900302208929e-4,9.999701715137958e-4,7.600050379420007e-4,4.7000308451573104e-4,2.0000325314334976e-4,2.599957036599447e-4,0.0011999807895495152,5.000144036189739e-4
PRY,0.0019201345091923192,9.999799817166344e-4,0.002699968714151632,0.0030000036911946547,0.0031589060956950382,0.004399789115094492,0.0013021295021853594,0.0015042858071315725,0.004700012631047114,5.000043124638831e-4,7.999904575599981e-4,9.999912595816836e-4,0.0031666435788324653,0.0016844516014324765,1.6908553133587464e-5,6.607691505523258e-5,0,2.0000285160260065e-4,1e-4,0.004499983705393515,0.005100018960940462,0.0036009472075072854,0.004192752838328064,0.004969776308453613,0.004900218210672486,0.019999295923396467,0.009910816089427319,0,4.999941506785213e-4,0.012399865526846606,3.0000365003467536e-4,0.0024747958794801082,0,0,0,0,0,0,0,0,0,0,0,0,0,6.000059131360317e-4,3.9999602666110394e-4,4.5703507237781235e-4,5.999959955773377e-4,3e-4,3.000018036542034e-4,4.070978240380842e-4,4.999946138101906e-4,6.467458184143425e-4,3.9999233951279304e-4,7e-4,5.091301414936565e-4,4.0000292517404783e-4,4.3923486694481546e-4,6.999962939628655e-4,9.000331016219796e-4,0.007300054403893604,6.000018620586921e-4,0.001310004695291725,0.0017856605515225216,9.999999999999999e-5,2.9999087507984304e-4,6.292511199161295e-5,0,2.0000135158999336e-4,0.0024904274096248518,3.0012582783184094e-4,1.9999999999999998e-4,5.159412782665541e-4,4.999876271312266e-4,7.9998779296875e-4,0.0012999805333852442,2.5993212060793894e-4,5.000176335743256e-4,0.0011847534324444051,5.000144036189739e-4
ROU,0.0012482156057246033,0.0017999869309111955,0.0019099776094224459,0.0011111136089526638,0.0031600644122383257,0.007629801989232594,0.0013021295021853594,0.0015042858071315725,0.004127671575515025,4.370845002291372e-4,8.099838708965988e-4,7.800111527932677e-4,0.0031666435788324653,0.0016844516014324765,1.6908553133587464e-5,6.607691505523258e-5,0,1.0999933150611672e-4,3.057586463533126e-5,0.006900107742034784,0.007260011471477735,0.008494806358435724,0.0019202612489081317,0.004969776308453613,0.006399930477100895,0.014974489239088305,0.009910816089427319,0,6.599906410856341e-4,0.006990023521777923,3.0000357845768473e-5,0.011629854936827328,0,0,0,0,0,0,0,0,0,0,0,0,0,3.699997637617233e-4,4.599968552110582e-4,6.008405859715224e-4,8.600326915255278e-4,2.9999677065168246e-4,3.5e-4,3.699978196089832e-4,3.1e-4,5.199869791666668e-4,1.7000034677671047e-4,7.899888437493422e-4,4.999933150611672e-4,9.200086232733735e-4,2.632748852170848e-4,8.000059239951422e-4,0.0012000030791021337,0.005950074252174527,6.000114768836435e-4,0.0016388782225123474,0.0013846057450201037,5.00013141467902e-5,2.1999918889324484e-4,6.292511199161295e-5,0,2.0000135158999336e-4,4.392114046953919e-4,1.4864934860649268e-4,7.999856130633385e-4,5.600035465709093e-4,9.999999999999998e-4,7.599962659862465e-4,4.699968714151632e-4,2.000027651808428e-4,2.600070534297302e-4,0.0012000219002080519,5.000144036189739e-4
RUS,0.0012482346026340715,0.0017999625257635375,0.0019099550778116478,0.0011111451399948276,0.003159991997746304,0.007630005663820772,0.004139138381833147,0.0011659413517730438,0.002246861684850106,4.370845002291372e-4,8.100192614283674e-4,5.568065980075054e-4,0.0031666435788324653,0.0016844516014324765,1.6908553133587464e-5,6.607691505523258e-5,0,1.1000301771831756e-4,3.057586463533126e-5,0.004408817267692809,0.0072600778398435135,0.009541870501938955,0.004675126576099375,0.008739939775526964,0.006399791429654912,0.014974489239088305,0.009910816089427319,0,6.599984047220228e-4,0.006989901447864704,2.9999580466521233e-5,0.0024747958794801082,0,0,0,0,0,0,0,0,0,0,0,0,0,3.7000708316578816e-4,4.6000650919943766e-4,5.911485360810498e-4,8.600202632353009e-4,3.0000339397230516e-4,3.499913916786227e-4,3.700066721613878e-4,3.099981664021649e-4,6.467458184143425e-4,1.7000062634076068e-4,7.899919844268866e-4,5e-4,9.200048666240837e-4,2.813693761673226e-4,7.999968288699678e-4,0.0012,0.005950085916866391,6.000079705488221e-4,0.001275159176261478,0.0010896155467063234,4.9999111790098236e-5,2.2000566376136684e-4,6.292511199161295e-5,0,2.0000135158999336e-4,4.102449557747272e-4,6.642563946525099e-5,7.999973720172395e-4,5.599950672092737e-4,0.0010000432619511142,7.599857176862653e-4,4.7000291997035106e-4,1.9999046529366898e-4,2.6000232237088266e-4,0.0011847534324444051,5.000144036189739e-4
RWA,0.0030424631073707213,7.278163185597114e-4,0.0013365294301129957,0.00273729716010351,0.0025000608346514176,0.006943228688856288,0.0019290487114952003,0.0020183512452630714,0.003100016614055491,3.999976989034316e-4,8.399945806801247e-4,9.000256743791743e-4,0.003250042160885941,0.001000174379458051,1.6908553133587464e-5,6.607691505523258e-5,0,1.2012052057967467e-4,3.057586463533126e-5,0.008859419229154782,0.008800041565999013,0.003755858667874233,0.004192752838328064,0.0070500721917412645,0.0087397721803305,0.014974489239088305,0.009910816089427319,0,5.559095079680671e-4,0.007406903937167938,4.914985379209765e-5,0.0024747958794801082,0,0,0,0,0,0,0,0,0,0,0,0,0,6.000114331446865e-4,4.999999999999999e-4,4.973815963100834e-4,8.999929770349042e-4,4.3999595796281323e-4,4.081496867092869e-4,3.6999683667963013e-4,2.999968189337066e-4,6.999889386973225e-4,1.9999038646414152e-4,6.857130100901866e-4,5.091301414936565e-4,7.053548415335735e-4,5.842257320548553e-4,5.999958866356793e-4,0.0017999669002041155,0.0072002200220022,9.333350768908883e-4,7.563091556362227e-4,0.0018343817802218797,1.0000000000000002e-4,3e-4,6.292511199161295e-5,0,2.0000135158999336e-4,3.9999772524905946e-4,4.123249571381638e-4,6.999703908409001e-4,8.00019210450485e-4,0.0011999950508524905,7.500276803838346e-4,4.0065045614475316e-4,2.5993212060793894e-4,1.419690139988815e-4,0.0011847534324444051,5.000144036189739e-4
SAU,0.004711837961366628,0.001800039935633156,0.0013365294301129957,0.003849971046065464,0.0031589060956950382,0.00763,0.0042029399121131066,0.0030999877416692475,0.0039011598790422777,4.370845002291372e-4,8.099877143499854e-4,7.799858055358411e-4,0.0031666435788324653,0.0014300034328870582,1.6908553133587464e-5,6.607691505523258e-5,0,1.0999854000389333e-4,3.057586463533126e-5,0.00689999004545907,0.007260011471477735,0.006644039151665959,0.004045660303694078,0.008739939775526964,0.006399810205124462,0.014800315439644005,0.009910816089427319,0,6.599839146011553e-4,0.007406903937167938,2.9999311342194066e-5,0.011629928822993374,0,0,0,0,0,0,0,0,0,0,0,0,0,3.7000198455824684e-4,4.599924327560016e-4,5.559699423339583e-4,8.6000403999596e-4,3.0000339397230516e-4,3.499993113232236e-4,3.700069678483569e-4,3.099993962048732e-4,6.467458184143425e-4,1.6999988233402236e-4,7.90005472992885e-4,5.000028798027911e-4,9.199976359803786e-4,2.4939535957496916e-4,8.000041531688679e-4,0.0012000089402789368,0.004065842431079392,5.999952052167241e-4,0.0021200149901627057,0.0013487736885084336,5.000000000000001e-5,2.199980789549515e-4,6.292511199161295e-5,0,2.0000135158999336e-4,3.9999653817527215e-4,1.039754347419596e-4,7.999910650464618e-4,5.600044675266656e-4,0.001,7.599766140482753e-4,4.7000491485732466e-4,2e-4,2.6000317393144306e-4,0.0011847534324444051,5.000144036189739e-4
SDN,0.0030424820762021063,7.278251311723594e-4,4.000066363606198e-4,0.0015472392589889383,0.0031589060956950382,0.006943228688856288,0.001929050738013075,0.0020183543964944835,0.003099950489669247,4.000000000000001e-4,8.399977231977688e-4,8.999969553038607e-4,0.003250036231133931,0.0016844516014324765,1.9999999999999998e-4,6.607691505523258e-5,0,1.1000097333073778e-4,3.057586463533126e-5,0.00885937341579641,0.008800072999361254,0.004928992965044581,0.004192752838328064,0.004969776308453613,0.008740029118051142,0.014974489239088305,0.009910816089427319,0,7.000081891458722e-4,0.0067999170468685186,2.9999087507984303e-5,0.001,0,0,0,0,0,0,0,0,0,0,0,0,0,5.999966424362483e-4,4.999984709526883e-4,4.7024451380534645e-4,8.999933143162774e-4,4.4000152692153535e-4,5e-4,4.070978240380842e-4,2.999996559400235e-4,6.467458184143425e-4,1.9999999999999998e-4,6.857204383404317e-4,6.000136948287607e-4,6.89992971358285e-4,3.991086946000141e-4,5.999983805274622e-4,0.0018000101940263006,0.004065842431079392,9.333141542002301e-4,0.0017525798017650382,0.001563527918435312,1e-4,2.2168551746202015e-4,6.292511199161295e-5,0,2.0000135158999336e-4,4.000711770893007e-4,4.5964504596364154e-4,6.999891868512111e-4,8e-4,0.001199988752038693,7.49983468888448e-4,4.0065045614475316e-4,2.5993212060793894e-4,2.6000317393144306e-4,0.0011847534324444051,5.000144036189739e-4
SEN,0.003042408215000424,7.27820394851906e-4,0.0013365294301129957,0.003371948156489118,0.0031589060956950382,0.006943228688856288,0.0019290315110622595,0.002018317685380341,0.0031000906459253195,4e-4,8.39981912798228e-4,9e-4,0.0031666435788324653,0.0016844516014324765,1.6908553133587464e-5,6.607691505523258e-5,0,1.0999835958005249e-4,3.057586463533126e-5,0.004408817267692809,0.008799844876357332,0.006981353536661167,0.004504049019174596,0.007049942134781447,0.008740069048708455,0.014974489239088305,0.009910816089427319,0,6.999946418046403e-4,0.006799932094049742,3.0000486665368893e-5,0.001,0,0,0,0,0,0,0,0,0,0,0,0,0,5.999960753422161e-4,4.999991166717605e-4,4.8826405778174133e-4,8.999977316033028e-4,2.8953154730238396e-4,5.000172170379807e-4,4.070978240380842e-4,2.9999809258588134e-4,6.467458184143425e-4,1.9999394709763332e-4,6.857056346169726e-4,5.999919781806514e-4,6.899941600155733e-4,4.46309333705002e-4,5.99992684800234e-4,0.0018000096878885248,0.007199841761719523,9.333333333333332e-4,0.0016167913740864296,0.0016904341228117718,1.0000000000000002e-4,3.000048666536889e-4,6.292511199161295e-5,0,2.0000135158999336e-4,3.9998678297530955e-4,4.1167780799053396e-4,7.000033028371371e-4,8.000177466225959e-4,0.001199998454357167,7.499883313885647e-4,4.699905102562231e-4,2.5993212060793894e-4,2.600055683162803e-4,0.0011847534324444051,5.000144036189739e-4
SLB,0.00177053117289,0.00163333369331,0.00221551305034,0.00149965741226,0.00315923516742,0.00615773581186,0.00130212950219,0.00150428580713,0.00327767382603,0.00103332872422,0.0010666652134,0.000718936787872,0.00237776440695,0.00148415421179,1.69085531336e-05,6.60769150552e-05,0,0.000109999436008,5.37172430902e-05,0.0050030144885,0.00535396761171,0.00604477508131,0.00325848696419,0.00476667179014,0.00666677112076,0.0149163577026,0.00991081608943,0,0.000590605107194,0.00712899173274,3.6383527933e-05,0.00247479587948,0,0,0,0,0,0,0,0,0,0,0,0,0,0.000337832450798,0.00035917923803,0.000517612701981,0.00074001428668,0.00029650760105,0.000362718821466,0.000392368442964,0.000273333033738,0.000646745818414,0.000313333745318,0.000660001132627,0.000509130141494,0.000746663779117,0.000342576419045,0.000666662303986,0.000966652277041,0.0047000403195,0.000633333310118,0.00113374753612,0.00129482911173,5.15263766453e-05,0.000221124373549,0.000108617406173,0,0.00020000135159,0.000689647953921,0.000367972681925,0.000633339641705,0.00045864214062,0.000766667354051,0.000599997271286,0.000410434680291,0.00023995734353,0.000220658714347,0.0011898429217,0.000500014403619
SLE,0.00304245519631,0.000727830472796,0.00104836693284,0.00293867658069,0.00305754201057,0.00692117979641,0.00188081134135,0.00201833888788,0.0031452876139,0.000402852462692,0.000840006832154,0.00082080459538,0.00321795153814,0.00173129854322,5.916057438e-05,6.60769150552e-05,0,0.000110777424663,3.05758646353e-05,0.00714765459664,0.00766976649332,0.00476662238222,0.0041641096331,0.00624995365074,0.0086295875561,0.0149744892391,0.00991081608943,0,0.000666746778839,0.00703337523254,4.47306427258e-05,0.00179411955398,0,0,0,0,0,0,0,0,0,0,0,0,0,0.000600004608876,0.000457892284865,0.000669086926158,0.000885700589936,0.000393706871788,0.000471739351679,0.00039282949834,0.000305952533509,0.000671324556892,0.000213179312141,0.000690535640298,0.000551071143921,0.000697086333628,0.000405741324232,0.000599996319355,0.00180000032006,0.00695890937697,0.000933330037647,0.000974195363859,0.00171858387277,7.55421465375e-05,0.00023373436735,6.29251119916e-05,0,0.00020000135159,0.000422015541014,0.000429305138125,0.000699993953572,0.000668897309148,0.00119999190285,0.000730076964407,0.000432659616064,0.000241492766443,0.000160128115527,0.00118592764917,0.000500014403619
SLV,0.0019201740373798023,0.0010000072709293703,0.0013365294301129957,0.0029999794408616383,0.0031589060956950382,0.004399983777864896,0.0013021295021853594,0.0033200639576556213,0.004699996911959979,5e-4,8.00013602460534e-4,0.001,0.0031666435788324653,0.0016999028624106775,1.6908553133587464e-5,6.607691505523258e-5,0,1.999971032125373e-4,9.999999999999999e-5,0.004500080846895004,0.005099917875718587,0.003755858667874233,0.004169824785375811,0.007299971184324273,0.004900004562529467,0.02000054073783678,0.009910816089427319,0,5e-4,0.012399972190357008,2.999927001970947e-4,0.0024747958794801082,0,0,0,0,0,0,0,0,0,0,0,0,0,6.000075604110195e-4,3.9999834646515587e-4,6.30860074790224e-4,5.999900654221173e-4,3.0000790576330147e-4,2.9999311342194065e-4,8.000313984065308e-4,5.000049765604004e-4,5.999833618558661e-4,3.999926264562748e-4,6.999831607308243e-4,8.999959890098872e-4,3.99995575808521e-4,4.097436827415966e-4,6.999973937745963e-4,8.999976829861673e-4,0.007299847186233472,6.000144946259598e-4,0.0013165268462981018,0.0016632363950027588,9.999999999999999e-5,3.000036500346753e-4,6.292511199161295e-5,0,2.0000135158999336e-4,0.00249975440393849,3.0005359526789405e-4,1.9999999999999998e-4,7.9998719303301e-4,5.000147297098247e-4,8e-4,0.0013000107353730542,1.9999999999999998e-4,4.999779590037469e-4,0.0011847534324444051,5.000144036189739e-4
SRB,0.0012482154363038984,0.0018000153147174434,0.0019100129856455973,0.001111112999352522,0.0031599681154556134,0.007629801989232594,0.0013021295021853594,0.0015042858071315725,0.0041371139751579826,4.370845002291372e-4,8.100046823211039e-4,5.568065980075054e-4,0.0031666435788324653,0.0016844516014324765,1.6908553133587464e-5,6.607691505523258e-5,0,1.100034219231208e-4,3.057586463533126e-5,0.006900036115785672,0.007259955279339712,0.008443321683468681,0.0014524530710832626,0.004969776308453613,0.006400093589143659,0.014974489239088305,0.009910816089427319,0,6.600150413637504e-4,0.006989916963226572,3e-5,0.011629890932651812,0,0,0,0,0,0,0,0,0,0,0,0,0,3.700049698575369e-4,4.599851074391887e-4,6.16248031755408e-4,8.599766059070085e-4,3.000032099637274e-4,3.499934063035738e-4,3.699981229629882e-4,3.1000487629062693e-4,6.467458184143425e-4,1.6999677106877624e-4,7.900034630035785e-4,5.000100274752823e-4,9.200043582479842e-4,2.791847450971477e-4,7.999875001953095e-4,0.0011999888336776282,0.005950008564469566,6.000104613453291e-4,0.0013165268462981018,0.0010599921690131254,5e-5,2.199972625239529e-4,6.292511199161295e-5,0,2.0000135158999336e-4,3.999975617941839e-4,7.092744465692313e-5,8.00011317978609e-4,5.600069856793573e-4,0.001,7.600090682384948e-4,4.699905102562231e-4,1.9999209985779745e-4,2.600070534297302e-4,0.0011847534324444051,5.000144036189739e-4
STP,0.00304244798247,0.000727826846841,0.000801369849894,0.00305462597446,0.00306477554303,0.00684088766519,0.00179470073336,0.00190818066246,0.00316134639644,0.00040529685557,0.000840004359297,0.000900000869477,0.00322024252181,0.00180138343971,0.0001084538645,6.60769150552e-05,0,0.000110000503352,3.05758646353e-05,0.00822358539673,0.00740063081957,0.00466282146051,0.00471804917561,0.00660423596556,0.00873998050948,0.0149370819311,0.00991081608943,0,0.00066912076835,0.00706008499475,4.09428213943e-05,0.00131602768846,0,0,0,0,0,0,0,0,0,0,0,0,0,0.000599996817137,0.000486967334833,0.000804025114417,0.000900004288271,0.0003755133385,0.000486879023181,0.000380599809017,0.000305526201658,0.000673376688079,0.000199998873438,0.000685714367513,0.000574036251896,0.000689992551676,0.000412155715065,0.000599996190907,0.00180000351615,0.00697612015122,0.000933329335158,0.000952307171212,0.00166919958275,8.05335452033e-05,0.000288814564625,6.29251119916e-05,0,0.00020000135159,0.000424149834704,0.000407762615748,0.000700003212361,0.00077970796073,0.00120000096342,0.000749999632607,0.000460089866528,0.000229965673288,0.000192553874668,0.00118475343244,0.000500014403619
SUR,0.0019202147942004027,9.99978754368633e-4,0.002700063874441098,0.002999904029057049,0.0031589060956950382,0.004399930477100895,0.0013021295021853594,0.0015042858071315725,0.003296244696769313,5.000034817729187e-4,7.999937271793478e-4,9.999999999999998e-4,0.0031666435788324653,5e-4,1.6908553133587464e-5,6.607691505523258e-5,0,1.9999999999999998e-4,1e-4,0.004500053676865271,0.005100107353730542,0.003755858667874233,0.004192752838328064,0.007299965087123496,0.004899970405445398,0.014974489239088305,0.009910816089427319,0,5.00022354361336e-4,0.007406903937167938,4.914985379209765e-5,0.0024747958794801082,0,0,0,0,0,0,0,0,0,0,0,0,0,6.000000000000001e-4,4.000009520092155e-4,7.670547656145398e-4,6.000072897080043e-4,3.000098677718571e-4,2.999985470818138e-4,8.00004742876792e-4,5.000058123990096e-4,5.999908593714294e-4,4.000036868398252e-4,6.999831607308243e-4,5.091301414936565e-4,3.9999374276507207e-4,8.408414552357206e-5,7.000083819954738e-4,8.999588095973638e-4,0.007299792805195166,6.000003236073154e-4,0.0013165268462981018,0.0014305778547280593,5.4578272141110955e-5,2.9999087507984304e-4,6.292511199161295e-5,0,2.0000135158999336e-4,0.0024965581219889986,3.0376447496357594e-4,2.000049207755142e-4,8.00019210450485e-4,4.99995998431385e-4,8.000178981594727e-4,0.0012999975085332734,2.5993212060793894e-4,5e-4,0.0011847534324444051,5.000144036189739e-4
SVK,0.001248212479037868,0.0018000171096156038,0.0019100435652890616,0.0011111212406681456,0.0031600133167882334,0.0076299460614007815,0.0013021295021853594,0.0015042858071315725,0.004070224296251693,4.370845002291372e-4,8.099961483562544e-4,5.568065980075054e-4,0.0031666435788324653,0.0016844516014324765,1.6908553133587464e-5,6.607691505523258e-5,0,1.0999940070374502e-4,3.057586463533126e-5,0.006900015103458691,0.007259921858934813,0.008719926444807848,0.0028777573965528915,0.008739848526325394,0.00640041367562964,0.014974489239088305,0.008050151476439027,0,6.599942342161668e-4,0.006989962587827356,2.9999999999999997e-5,0.011630115849648402,0,0,0,0,0,0,0,0,0,0,0,0,0,3.6998693717376805e-4,4.599947935458236e-4,6.544101754062622e-4,8.599978433557384e-4,2.999945628534146e-4,3.499945052932342e-4,3.6999389499389496e-4,3.100012928991108e-4,5.200006606328862e-4,1.7000075249610879e-4,7.900034912137788e-4,4.999817684594348e-4,9.199953417957377e-4,2.5288314318802716e-4,7.999971325753774e-4,0.001200014258724557,0.005949953231952987,5.999873775446519e-4,0.0017113404306389696,0.0018736983242401166,5.000072802457811e-5,2.1999773294037635e-4,6.292511199161295e-5,0,2.0000135158999336e-4,4.7498523811561336e-4,8.94264684028399e-5,7.999723208931125e-4,5.59989227523677e-4,0.001,7.600335037912184e-4,4.699931295087598e-4,1.9999999999999998e-4,2.6000052898857384e-4,0.0012000219002080519,5.000144036189739e-4
SVN,0.0012482194639528812,0.00180001320418384,0.001909967112141893,0.0011111299308418326,0.00316,0.0076299694189602444,0.0013021295021853594,0.0015042858071315725,0.003957714980676741,4.370845002291372e-4,8.100021352332904e-4,5.568065980075054e-4,0.0031666435788324653,0.0014263854809010918,1.6908553133587464e-5,6.607691505523258e-5,0,1.1000197136149393e-4,3.057586463533126e-5,0.00690003461187502,0.0072597486601367585,0.003755858667874233,0.0022419712847890506,0.008739939775526964,0.006399976451195102,0.0148,0.009910816089427319,0,6.599908842297174e-4,0.0069897802759325495,2.9999284334072856e-5,0.011630322882545625,0,0,0,0,0,0,0,0,0,0,0,0,0,3.699862637362637e-4,4.5999977562628314e-4,6.053040965121348e-4,8.599841352757946e-4,2.999953260107502e-4,3.4999404028765544e-4,3.700061970667218e-4,3.099982688645675e-4,6.467458184143425e-4,1.7000072540190053e-4,7.900021909004601e-4,5e-4,9.199979535647127e-4,2.484344339940032e-4,8.000091635330656e-4,0.00120002014808845,0.005949936859394005,6.000122212037886e-4,0.001291155482084631,0.0010949276618787852,5.00012585898759e-5,2.2000102098116293e-4,6.292511199161295e-5,0,2.0000135158999336e-4,3.9999736092631485e-4,6.544175239982541e-5,8.000088884938446e-4,5.600016349219325e-4,0.001,7.6e-4,4.6999079569619447e-4,1.9999561095505617e-4,2.600074682598954e-4,0.0012000182498403138,5.000144036189739e-4
SWE,0.0012482098822971129,0.0018000011736331574,0.0019100235416081729,0.001111106588240083,0.0031599765694382332,0.007629935748544538,0.0013021295021853594,0.0015042858071315725,0.004078744710875505,4.370845002291372e-4,8.099965142789478e-4,7.79976343359243e-4,0.0031666435788324653,0.0016844516014324765,1.6908553133587464e-5,6.607691505523258e-5,0,1.1000078777375139e-4,3.057586463533126e-5,0.006899949981750099,0.007259951142405518,0.0071989108201092385,0.003267841563296275,0.008740172955974844,0.00639984765290253,0.014974489239088305,0.008050151476439027,0,6.6e-4,0.006990078640873345,3e-5,0.0024747958794801082,0,0,0,0,0,0,0,0,0,0,0,0,0,3.6999311954454087e-4,4.599964731753869e-4,7.264381706178169e-4,8.599988454158606e-4,2.9999703149582925e-4,3.4998138726889194e-4,3.700108630900235e-4,3.1000099545409296e-4,5.2000786163522e-4,1.700004917572802e-4,7.90004893564962e-4,4.999999999999999e-4,9.200391100088235e-4,2.3882577712409762e-4,7.999882859713859e-4,0.0012000205959082797,0.005950041123394374,6.000058562152745e-4,0.0016162996723386842,0.0011362280442296562,4.999954066493344e-5,2.2000005115625936e-4,6.292511199161295e-5,0,2.0000135158999336e-4,3.999877648901287e-4,6.674817257928797e-5,8.000022635701029e-4,5.599968721083292e-4,0.001000009084384851,7.600154828720727e-4,4.7000782487546995e-4,2.000027651426122e-4,2.600074682598954e-4,0.001199981750159686,5.000144036189739e-4
SWZ,0.0030424866712969686,7.278207003524341e-4,4.0000730006935063e-4,0.0027373014437803993,0.0024999662038852014,0.006799981750159685,0.0013021295021853594,0.002018320105488511,0.00300401347253777,4.370845002291372e-4,8.40016381253802e-4,9.000187758167479e-4,0.0031666435788324653,0.0027999623871614843,1.6908553133587464e-5,6.607691505523258e-5,0,1.1000147441883326e-4,3.057586463533126e-5,0.008859278803869833,0.003902087155728654,0.004986962732096287,0.0020672537158967566,0.007050004731456072,0.0087401389379489,0.014799927901946647,0.009910816089427319,0,5.559095079680671e-4,0.007406903937167938,3.0000365003467532e-5,0.001,0,0,0,0,0,0,0,0,0,0,0,0,0,5.999872816686451e-4,5e-4,0.0010459056079166608,8.999915870014745e-4,4.4000631512472373e-4,5e-4,3.6999509415449634e-4,3.0000000000000003e-4,6.467458184143425e-4,1.999985819726179e-4,6.857088843051931e-4,6.00002865001146e-4,6.899761098944855e-4,3.763143380696396e-4,5.999956386156967e-4,0.0018,0.007199915020182707,9.333245990414114e-4,0.0013165268462981018,0.0018337466329353522,5.4578272141110955e-5,3.0000000000000003e-4,6.292511199161295e-5,0,2.0000135158999336e-4,4.0000852593194994e-4,3.784765050112283e-4,7.000041072822113e-4,5.159412782665541e-4,0.0012000048521312986,7.500058344418773e-4,4.0065045614475316e-4,2.5993212060793894e-4,1.419690139988815e-4,0.0011847534324444051,5.000144036189739e-4
TCD,0.00304245519631,0.000727830472796,0.00104836693284,0.00293867658069,0.00305754201057,0.00692117979641,0.00188081134135,0.00201833888788,0.0031452876139,0.000402852462692,0.000840006832154,0.00082080459538,0.00321795153814,0.00173129854322,5.916057438e-05,6.60769150552e-05,0,0.000110777424663,3.05758646353e-05,0.00714765459664,0.00766976649332,0.00476662238222,0.0041641096331,0.00624995365074,0.0086295875561,0.0149744892391,0.00991081608943,0,0.000666746778839,0.00703337523254,4.47306427258e-05,0.00179411955398,0,0,0,0,0,0,0,0,0,0,0,0,0,0.000600004608876,0.000457892284865,0.000669086926158,0.000885700589936,0.000393706871788,0.000471739351679,0.00039282949834,0.000305952533509,0.000671324556892,0.000213179312141,0.000690535640298,0.000551071143921,0.000697086333628,0.000405741324232,0.000599996319355,0.00180000032006,0.00695890937697,0.000933330037647,0.000974195363859,0.00171858387277,7.55421465375e-05,0.00023373436735,6.29251119916e-05,0,0.00020000135159,0.000422015541014,0.000429305138125,0.000699993953572,0.000668897309148,0.00119999190285,0.000730076964407,0.000432659616064,0.000241492766443,0.000160128115527,0.00118592764917,0.000500014403619
TGO,0.00304245519631,0.000727830472796,0.00104836693284,0.00293867658069,0.00305754201057,0.00692117979641,0.00188081134135,0.00201833888788,0.0031452876139,0.000402852462692,0.000840006832154,0.00082080459538,0.00321795153814,0.00173129854322,5.916057438e-05,6.60769150552e-05,0,0.000110777424663,3.05758646353e-05,0.00714765459664,0.00766976649332,0.00476662238222,0.0041641096331,0.00624995365074,0.0086295875561,0.0149744892391,0.00991081608943,0,0.000666746778839,0.00703337523254,4.47306427258e-05,0.00179411955398,0,0,0,0,0,0,0,0,0,0,0,0,0,0.000600004608876,0.000457892284865,0.000669086926158,0.000885700589936,0.000393706871788,0.000471739351679,0.00039282949834,0.000305952533509,0.000671324556892,0.000213179312141,0.000690535640298,0.000551071143921,0.000697086333628,0.000405741324232,0.000599996319355,0.00180000032006,0.00695890937697,0.000933330037647,0.000974195363859,0.00171858387277,7.55421465375e-05,0.00023373436735,6.29251119916e-05,0,0.00020000135159,0.000422015541014,0.000429305138125,0.000699993953572,0.000668897309148,0.00119999190285,0.000730076964407,0.000432659616064,0.000241492766443,0.000160128115527,0.00118592764917,0.000500014403619
THA,0.0012482197660927876,0.0019000062206655723,0.0013365294301129957,0.0011111540658840307,0.0031589060956950382,0.007629893238434163,0.0013021295021853594,0.0015042858071315725,0.003296244696769313,5.00005036988284e-4,0.0012000000000000001,8.000072421784471e-4,0.0031666435788324653,0.0022035611809820064,1.6908553133587464e-5,6.607691505523258e-5,0,1.0999901351484659e-4,3.057586463533126e-5,0.005300094073377234,0.007259712872090194,0.004628791957696826,0.003972475192762792,0.0050999999999999995,0.006400208577760396,0.014974489239088305,0.009910816089427319,0,6.599858732120784e-4,0.006990145086230495,3.0000365003467532e-5,0.008540009358914366,0,0,0,0,0,0,0,0,0,0,0,0,0,3.700116448864162e-4,4.5999584048250406e-4,6.483960036208306e-4,8.599925904185452e-4,2.999966487935657e-4,3.399974552279162e-4,3.700066721613878e-4,3.100017256691177e-4,6.467458184143425e-4,1.7000251727127794e-4,7.899899516723288e-4,5.091301414936565e-4,9.199960540593863e-4,5.046590283710008e-4,8e-4,0.0011999814638893392,0.005950148598924426,6.000065810812717e-4,0.0013165268462981018,0.001090211756442638,5e-5,2.200021900208052e-4,6.292511199161295e-5,0,2.0000135158999336e-4,7.603880434630996e-4,4.599900414266541e-4,8e-4,5.6e-4,9.999876147186683e-4,7.499811078364694e-4,4.3000101389029707e-4,1.9999999999999998e-4,2.599959751609936e-4,0.0012000169769679136,5.000144036189739e-4
TJK,0.0012482303245246024,0.0018000225245978847,0.0019099762019476442,0.00111112676469725,0.0031589060956950382,0.006943228688856288,0.0013021295021853594,0.0015042858071315725,0.003690665354478662,4.370845002291372e-4,8.099950064024058e-4,5.568065980075054e-4,0.0031666435788324653,0.0016844516014324765,1.6908553133587464e-5,6.607691505523258e-5,0,1.100034219231208e-4,3.057586463533126e-5,0.006899886234357224,0.0072598354525056094,0.003755858667874233,0.004562986295573682,0.004969776308453613,0.006399945250479058,0.014974489239088305,0.009910816089427319,0,5.559095079680671e-4,0.006989901447864704,4.914985379209765e-5,0.0024747958794801082,0,0,0,0,0,0,0,0,0,0,0,0,0,3.6999780350611353e-4,4.600004205209266e-4,4.999438299267707e-4,8.599876505094165e-4,2.9999333940187826e-4,4.081496867092869e-4,4.070978240380842e-4,3.7735868451261293e-4,6.467458184143425e-4,1.7000372558411835e-4,7.17075331043796e-4,5.091301414936565e-4,9.200042031559549e-4,3.0397171365494096e-4,7.9998996772953e-4,0.0012000378289615092,0.0059500800992196784,5.999965339156355e-4,0.0012000067954402594,0.0012996359642779222,5.000213830560663e-5,2.2168551746202015e-4,6.292511199161295e-5,0,2.0000135158999336e-4,3.9999999999999996e-4,1.5433057743010123e-4,8e-4,5.599942368648545e-4,0.0010000000000000002,7.59992858701474e-4,4.0065045614475316e-4,2.5993212060793894e-4,1.419690139988815e-4,0.0011847534324444051,5.000144036189739e-4
TKM,0.00231392514727,0.00179999936616,0.00182176789966,0.0019538452028,0.00315998814655,0.00762999463988,0.00173858934419,0.00147825931057,0.00352855025359,0.000470385915355,0.000810001291947,0.000625483219372,0.00316664357883,0.00162795491921,1.69085531336e-05,6.60769150552e-05,0,0.000109999782054,3.05758646353e-05,0.00575023957559,0.00596849604401,0.00602023638782,0.00303187977095,0.00728989776114,0.00639995603303,0.0149342482653,0.00991081608943,0,0.000659991863292,0.00715034200899,2.99998902564e-05,0.00599599920612,0,0,0,0,0,0,0,0,0,0,0,0,0,0.000370001488676,0.000459999063605,0.000545078224855,0.000860002262851,0.000300002749414,0.00034999859235,0.000375704586061,0.000309998020218,0.000617498752868,0.000170001268582,0.000789999041225,0.000500001633659,0.000920001401193,0.000271442529247,0.000800002006845,0.00119999991503,0.0058050708603,0.000600000761808,0.00119423429104,0.00121793051866,5.0000435479e-05,0.00022013060069,6.29251119916e-05,0,0.000200001528393,0.000405587906135,9.3665941829e-05,0.000800004319569,0.000560000115496,0.00100000637057,0.000760000452209,0.000469998111502,0.000213830930648,0.000250921751549,0.00118710242748,0.000500014403619
TLS,0.00177053117289,0.00163333369331,0.00221551305034,0.00149965741226,0.00315923516742,0.00615773581186,0.00130212950219,0.00150428580713,0.00327767382603,0.00103332872422,0.0010666652134,0.000718936787872,0.00237776440695,0.00148415421179,1.69085531336e-05,6.60769150552e-05,0,0.000109999436008,5.37172430902e-05,0.0050030144885,0.00535396761171,0.00604477508131,0.00325848696419,0.00476667179014,0.00666677112076,0.0149163577026,0.00991081608943,0,0.000590605107194,0.00712899173274,3.6383527933e-05,0.00247479587948,0,0,0,0,0,0,0,0,0,0,0,0,0,0.000337832450798,0.00035917923803,0.000517612701981,0.00074001428668,0.00029650760105,0.000362718821466,0.000392368442964,0.000273333033738,0.000646745818414,0.000313333745318,0.000660001132627,0.000509130141494,0.000746663779117,0.000342576419045,0.000666662303986,0.000966652277041,0.0047000403195,0.000633333310118,0.00113374753612,0.00129482911173,5.15263766453e-05,0.000221124373549,0.000108617406173,0,0.00020000135159,0.000689647953921,0.000367972681925,0.000633339641705,0.00045864214062,0.000766667354051,0.000599997271286,0.000410434680291,0.00023995734353,0.000220658714347,0.0011898429217,0.000500014403619
TTO,0.0012482393314265376,0.0018000022968001745,0.0019099827962988794,0.001111144542350216,0.0031599182402180263,0.006943228688856288,0.0013021295021853594,0.0015042858071315725,0.0039001375305623472,8.699859183262925e-4,8.100046609606787e-4,7.79963789981895e-4,0.001120035651002154,0.0010759581579826978,1.6908553133587464e-5,6.607691505523258e-5,0,1.1000152995431992e-4,3.057586463533126e-5,0.006899920047276392,0.007260017799407438,0.006398145296986678,0.004223524314342791,0.008739962456981958,0.006399917358217691,0.014800305639639109,0.009910816089427319,0,6.600064373963208e-4,0.006990023521777923,2.9999999999999997e-5,0.0024747958794801082,0,0,0,0,0,0,0,0,0,0,0,0,0,3.7000096833543137e-4,3.1753623524931053e-4,6.840221774900206e-4,8.600055198253729e-4,3.0001496781918875e-4,3.499848825881009e-4,3.700033360152279e-4,3.09998744767591e-4,5.20002658160553e-4,1.6999903693874928e-4,7.90001117015335e-4,5.000100274752823e-4,9.20000450384516e-4,2.4885271690693294e-4,8.000054438803979e-4,0.0012000067404748665,0.005950007246432086,5.999944408333619e-4,0.0013165268462981018,0.001073129642535292,4.9999333511063716e-5,2.19998672727876e-4,6.292511199161295e-5,0,2.0000135158999336e-4,3.999969851545463e-4,6.302657630829162e-5,7.999962274116272e-4,5.59984631639612e-4,9.999744361030396e-4,7.600047313015021e-4,4.700136612021858e-4,1.9999262632034953e-4,2.600051074386195e-4,0.0011847534324444051,5.000144036189739e-4
TUN,0.0016710289140225904,0.0018000101389029708,0.0019100206791738297,0.002276700586381456,0.0031589060956950382,0.006943228688856288,0.004139098568609641,0.0011659313223918472,0.004018274883032751,4.370845002291372e-4,8.100021543893272e-4,5.568065980075054e-4,0.0031666435788324653,0.0016844516014324765,1.6908553133587464e-5,6.607691505523258e-5,0,1.1000091249201568e-4,3.057586463533126e-5,0.006900388555280819,0.007260064412238325,0.0066724746546199505,0.0026097538381043097,0.008739873586753317,0.006400041714464491,0.014974489239088305,0.009910816089427319,0,6.599789424426766e-4,0.006990008970274367,2.9999104303820144e-5,0.0024747958794801082,0,0,0,0,0,0,0,0,0,0,0,0,0,3.700009705442069e-4,4.6000381857098357e-4,5.406327040648513e-4,8.600124227525872e-4,3e-4,3.500022834178198e-4,3.699990637580751e-4,3.1000036325329653e-4,6.467458184143425e-4,1.700016599514087e-4,7.899947516579989e-4,5e-4,9.199997317002824e-4,2.9726097632634126e-4,7.999999999999999e-4,0.0011999602085733944,0.004065842431079392,5.999848806833931e-4,0.0010916840133222314,0.001282367281495434,4.999876176324914e-5,2.2000470976097966e-4,6.292511199161295e-5,0,2.0000135158999336e-4,4.000011440735198e-4,8.513151393870688e-5,8.000073811632713e-4,5.599827768945416e-4,9.999795602733473e-4,7.599990081579014e-4,4.6999696768904216e-4,1.999953914926955e-4,2.5999764899494533e-4,0.0011847534324444051,5.000144036189739e-4
TUR,0.004711751303237513,0.0017999904238196437,0.0019100266452531298,0.0038499439952503077,0.003160074404239638,0.007630096986129941,0.0013021295021853594,0.0015042858071315725,0.003296244696769313,4.370845002291372e-4,8.099984624673275e-4,5.568065980075054e-4,0.0031666435788324653,9.49994732591214e-4,1.6908553133587464e-5,6.607691505523258e-5,0,1.099990875079843e-4,3.057586463533126e-5,0.006899970405445398,0.007259973974037516,0.006829209854802883,0.004288999017806996,0.008739962548005204,0.006400031064342018,0.014974489239088305,0.009910816089427319,0,6.599911150599734e-4,0.006989795158286778,3.000022290083142e-5,0.011630010918733428,0,0,0,0,0,0,0,0,0,0,0,0,0,3.6999953519253475e-4,4.6000711879397565e-4,5.004137279360319e-4,8.60008639537344e-4,2.9999691994948716e-4,3.5e-4,3.6999921505010596e-4,3.099941594805373e-4,6.467458184143425e-4,1.7000383540172718e-4,7.90002477359685e-4,4.999856754046698e-4,9.199975705905866e-4,2.77521218545915e-4,8.000049805757546e-4,0.0012000229977577187,0.004065842431079392,5.999975799230416e-4,0.0010428075384344415,0.0012443982628655992,5e-5,2.2168551746202015e-4,6.292511199161295e-5,0,2.0000135158999336e-4,4.000024855463522e-4,1.1555176359464153e-4,8.000249656722007e-4,5.599939015093763e-4,0.001,7.59992858701474e-4,4.7001496514216887e-4,2.0000921743939534e-4,2.5999722911445016e-4,0.0012000219002080519,5.000144036189739e-4
TZA,0.0030424410361401836,7.278212257497544e-4,0.0013365294301129957,0.0027373460452555344,0.0031589060956950382,0.006943228688856288,0.001929083030221384,0.0020183115313445925,0.002813192469467653,4.0000089350732896e-4,8.400051176317175e-4,9.000032532400587e-4,0.0032501002098512177,0.0027793922333730825,2e-4,6.607691505523258e-5,0,1.1000099545409297e-4,3.057586463533126e-5,0.008859322591649985,0.008800145999933636,0.005747074907167426,0.006001201713333863,0.007049913313258509,0.008740210059305538,0.014799849793466017,0.009910816089427319,0,6.999919665809769e-4,0.007406903937167938,4.914985379209765e-5,0.001,0,0,0,0,0,0,0,0,0,0,0,0,0,5.999940928020794e-4,5.00008379279717e-4,0.0011311299435882998,9.000359439274731e-4,4.399854170172191e-4,4.999862268438813e-4,3.7000430766285353e-4,3.0000564665627844e-4,7.000166309590194e-4,1.9999613757942103e-4,6.857107875873735e-4,5.99988539995416e-4,6.900025550242727e-4,3.757817827788572e-4,6.000068120664404e-4,0.0017999772097086642,0.007199952761750514,9.333296092506215e-4,7.00155895548573e-4,0.0018026914340666556,1.0000000000000002e-4,3.000036500346753e-4,6.292511199161295e-5,0,2.0000135158999336e-4,4.5325136970189074e-4,3.9125276082361605e-4,6.999932228660499e-4,8.000034304728906e-4,0.001200019536337588,7.500099186669311e-4,4.6999708000778663e-4,1.9999999999999998e-4,2.599978840457046e-4,0.0011847534324444051,5.000144036189739e-4
UGA,0.00304245519631,0.000727830472796,0.00104836693284,0.00293867658069,0.00305754201057,0.00692117979641,0.00188081134135,0.00201833888788,0.0031452876139,0.000402852462692,0.000840006832154,0.00082080459538,0.00321795153814,0.00173129854322,5.916057438e-05,6.60769150552e-05,0,0.000110777424663,3.05758646353e-05,0.00714765459664,0.00766976649332,0.00476662238222,0.0041641096331,0.00624995365074,0.0086295875561,0.0149744892391,0.00991081608943,0,0.000666746778839,0.00703337523254,4.47306427258e-05,0.00179411955398,0,0,0,0,0,0,0,0,0,0,0,0,0,0.000600004608876,0.000457892284865,0.000669086926158,0.000885700589936,0.000393706871788,0.000471739351679,0.00039282949834,0.000305952533509,0.000671324556892,0.000213179312141,0.000690535640298,0.000551071143921,0.000697086333628,0.000405741324232,0.000599996319355,0.00180000032006,0.00695890937697,0.000933330037647,0.000974195363859,0.00171858387277,7.55421465375e-05,0.00023373436735,6.29251119916e-05,0,0.00020000135159,0.000422015541014,0.000429305138125,0.000699993953572,0.000668897309148,0.00119999190285,0.000730076964407,0.000432659616064,0.000241492766443,0.000160128115527,0.00118592764917,0.000500014403619
UKR,0.0012482363890991015,0.0017999550139047931,0.0019099590723055935,0.0011111318996710835,0.003160009224095066,0.007630154102457309,0.004139054278180147,0.0015042858071315725,0.0010099844686043931,4.370845002291372e-4,8.099851625176155e-4,5.568065980075054e-4,0.0031666435788324653,0.0016844516014324765,1.6908553133587464e-5,6.607691505523258e-5,0,1.0999965565924038e-4,3.057586463533126e-5,0.004408817267692809,0.007259869368936702,0.007323270178102464,0.0017783252956071229,0.008740008030076286,0.006399822432672388,0.014974489239088305,0.009910816089427319,0,6.600040109632997e-4,0.007406903937167938,3e-5,0.0024747958794801082,0,0,0,0,0,0,0,0,0,0,0,0,0,3.7000340588909186e-4,4.599967729323494e-4,5.720188905153352e-4,8.599888392857142e-4,3.000039180347138e-4,3.500098386462023e-4,3.699895342752486e-4,3.099989419109089e-4,6.467458184143425e-4,1.7000041298990926e-4,7.900034630035785e-4,5e-4,9.200047782113562e-4,2.703171155825863e-4,8e-4,0.001199995689283559,0.0059501060181670635,6.000104613453291e-4,7.499379346078496e-4,0.001079630201468125,5.000106675769666e-5,2.200021900208052e-4,6.292511199161295e-5,0,2.0000135158999336e-4,4.2631622467120226e-4,8.012643029063614e-5,7.999704753469147e-4,5.600000000000001e-4,0.001,7.599735508044964e-4,4.6998186081493605e-4,1.9999262632034953e-4,2.600019592476489e-4,0.0012000219002080519,5.000144036189739e-4
URY,0.0019202093718072083,9.999981195266472e-4,0.0026999708000778663,0.0030000595404394083,0.0031589060956950382,0.004400047808618423,0.0013021295021853594,0.0015042858071315725,0.004699075247381524,4.999936099786573e-4,7.999975552064934e-4,9.99985457718316e-4,0.0031666435788324653,5.000099581756622e-4,1.6908553133587464e-5,6.607691505523258e-5,0,1.9999899862812052e-4,9.999999999999999e-5,0.004500018069459,0.005100010428616122,0.0038869307532715712,0.0025975643240027236,0.007300069350658831,0.0049000211595429536,0.014974489239088305,0.009910816089427319,0,5.000106675769665e-4,0.012400233599377069,3.0000000000000003e-4,0.0024747958794801082,0,0,0,0,0,0,0,0,0,0,0,0,0,6.00009622092324e-4,4e-4,6.503694368710012e-4,6.000003386484202e-4,3.0000092830686115e-4,3.000043042224422e-4,7.999960752762025e-4,5e-4,6.467458184143425e-4,3.999884812532396e-4,6.99991742134383e-4,8.999679127226055e-4,4.0001491062941494e-4,2.6768021767649094e-4,7.000076606197194e-4,9.000133977476021e-4,0.007300116870617352,6.00009213751767e-4,0.0017430002561889244,0.0017414430760415841,9.999999999999999e-5,3e-4,6.292511199161295e-5,0,2.0000135158999336e-4,0.002495844538545304,3.000120338626039e-4,2.000051444960323e-4,7.999999999999999e-4,5.000236127508855e-4,7.999682615250337e-4,0.001299962938421626,2.0000480896390874e-4,5.000179323948713e-4,0.0011847534324444051,5.000144036189739e-4
USA,0.001248234767134131,0.0017999785007182714,0.0019099459535340774,0.0011111149983032405,0.003159936733673097,0.00763003143059921,0.0013021295021853594,0.0011659110797802518,0.0010099941211052321,8.700028968713788e-4,8.099996762556251e-4,7.800047084673938e-4,0.0011199938266841577,1.0992611786827392e-4,1.6908553133587464e-5,6.607691505523258e-5,0,1.0999988864404325e-4,3.057586463533126e-5,0.006899977728836207,0.007259918969230208,0.007084998220327434,0.0049023621610007435,0.008739939775526964,0.006400051474631196,0.014800149023364734,0.009910816089427319,0,6.599727042308442e-4,0.006990181406723364,2.999929809784516e-5,0.011629854936827328,0,0,0,0,0,0,0,0,0,0,0,0,0,3.699955445229457e-4,4.599871971754265e-4,6.912375885001486e-4,8.599979602878414e-4,3e-4,3.499941966185631e-4,3.700066721613878e-4,3.1000058195207887e-4,5.2e-4,1.6999961812141193e-4,7.899985301932231e-4,5e-4,9.199844912399739e-4,2.7358955765222775e-4,7.999979144543952e-4,0.0011999814638893394,0.005949896902135071,6.000042504309155e-4,0.001565536796227199,0.0010858285753860021,5.000087027657389e-5,2.2168551746202015e-4,6.292511199161295e-5,0,2.0000135158999336e-4,4.000094036885968e-4,6.41645527071952e-5,7.999922657488689e-4,5.599927678712681e-4,0.001,7.600079349335449e-4,4.6999805655427077e-4,2e-4,2.600074243642888e-4,0.0011847534324444051,5.000144036189739e-4
UZB,0.0012482268852150795,0.0017999690523652185,0.0019100227949711219,0.0011111260787958798,0.0031589060956950382,0.00762988198077625,0.0013021295021853594,0.0015042858071315725,0.0039018340631916,4.370845002291372e-4,8.100032162949361e-4,5.568065980075054e-4,0.0031666435788324653,0.0016844516014324765,1.6908553133587464e-5,6.607691505523258e-5,0,1.2012052057967467e-4,3.057586463533126e-5,0.004408817267692809,0.003902087155728654,0.008807160261695913,0.0025086248664085947,0.004969776308453613,0.007304414514339843,0.014974489239088305,0.009910816089427319,0,5.559095079680671e-4,0.006989879717959353,3.0000365003467532e-5,0.0024747958794801082,0,0,0,0,0,0,0,0,0,0,0,0,0,3.699979238520136e-4,4.5999949542094504e-4,5.320295928593449e-4,8.600160620133386e-4,3.000021313781491e-4,3.4999942609873397e-4,3.699932720340884e-4,3.7735868451261293e-4,6.467458184143425e-4,0.00016999662047989184,7.899982107711577e-4,5.091301414936565e-4,9.199984799694673e-4,2.6370766291389914e-4,7.99997151599021e-4,0.0011999773396782233,0.0059500478011472275,6.000075705958059e-4,0.0012324414733138895,0.0011513618988723332,5.000000000000001e-5,2.2168551746202015e-4,6.292511199161295e-5,0,2.0000135158999336e-4,4.2729608081823266e-4,6.986309277069361e-5,8.000089351531262e-4,5.159412782665541e-4,0.001,7.599857176862653e-4,4.0065045614475316e-4,2.5993212060793894e-4,1.419690139988815e-4,0.0011847534324444051,5.000144036189739e-4
VCT,0.0012482521306244102,0.0018000581491468607,0.0013365294301129957,0.0011111162107582157,0.0031589060956950382,0.007629989713641039,0.0013021295021853594,0.0015042858071315725,0.003296244696769313,8.700103107968773e-4,8.100004099488735e-4,7.799947218863732e-4,0.0011200217144549177,0.0014299599191305353,1.6908553133587464e-5,6.607691505523258e-5,0,1.099971558589306e-4,3.057586463533126e-5,0.00689996045867932,0.007259799985400394,0.00920726820028245,0.004192752838328064,0.008739664804469274,0.006399881164587048,0.014974489239088305,0.009910816089427319,0,6.599973760167935e-4,0.007406903937167938,4.914985379209765e-5,0.0024747958794801082,0,0,0,0,0,0,0,0,0,0,0,0,0,3.699968334388854e-4,4.599955918007494e-4,5.61012627308311e-4,8.599979762673133e-4,3.0000074419712295e-4,3.5000260865028433e-4,3.6998181296065856e-4,3.099997006835926e-4,5.200034395223549e-4,1.7000134852336693e-4,7.900032154007322e-4,5.091301414936565e-4,9.199967555291192e-4,2.428001802422184e-4,8.000235253860303e-4,0.0012000000000000001,0.005949935679790802,5.999995344871329e-4,0.0013165268462981018,0.0014305778547280593,5.4578272141110955e-5,2.199980789549515e-4,6.292511199161295e-5,0,2.0000135158999336e-4,3.9999718661517473e-4,7.199736324769344e-5,8.000024252419179e-4,5.600177123782274e-4,0.0010000288636385502,7.600016226522251e-4,4.700048667063213e-4,1.9999778787979338e-4,2.5998959417273675e-4,0.0011847534324444051,5.000144036189739e-4
VEN,0.0019201633233573297,0.0010000040934563372,0.0027000851685119844,0.0030000372729298884,0.0031589060956950382,0.004399937607237561,0.0013021295021853594,0.0015042858071315725,0.004700001817620008,5.000028605919137e-4,7.999949279129629e-4,0.001,0.001400043530307977,0.0012489202162704845,1.6908553133587464e-5,2.0000632031348756e-4,0,1.9999785294843857e-4,9.999999999999999e-5,0.004499993087143469,0.005099927001378863,0.004055069589344887,0.0031593633318104304,0.007300069350658831,0.0049000821242814125,0.02,0.009910816089427319,0,4.99989201447006e-4,0.007406903937167938,3.000060834651417e-4,0.0024747958794801082,0,0,0,0,0,0,0,0,0,0,0,0,0,5.999880271783052e-4,4.000017262287512e-4,5.077605058359368e-4,6.000126992923031e-4,3e-4,3.000029331534333e-4,4.070978240380842e-4,5e-4,6.00011131137645e-4,3.9999269219526454e-4,7.000200631075929e-4,5.091301414936565e-4,3.999889825373217e-4,4.2192971859892893e-4,7.000057448153042e-4,9.000057925681351e-4,0.007300001611265972,5.999961786116897e-4,0.0012007868164688896,0.0017605042500884553,1e-4,2.9999668181969003e-4,6.292511199161295e-5,0,2.0000135158999336e-4,0.002497769720339217,3.0004913453400014e-4,2e-4,8.000160758781448e-4,4.999940515138897e-4,7.999999999999999e-4,0.0012999890108164964,2.0000221214467426e-4,5.000104543458716e-4,0.0011847534324444051,5.000144036189739e-4
VNM,0.00177053117289,0.00163333369331,0.00221551305034,0.00149965741226,0.00315923516742,0.00615773581186,0.00130212950219,0.00150428580713,0.00327767382603,0.00103332872422,0.0010666652134,0.000718936787872,0.00237776440695,0.00148415421179,1.69085531336e-05,6.60769150552e-05,0,0.000109999436008,5.37172430902e-05,0.0050030144885,0.00535396761171,0.00604477508131,0.00325848696419,0.00476667179014,0.00666677112076,0.0149163577026,0.00991081608943,0,0.000590605107194,0.00712899173274,3.6383527933e-05,0.00247479587948,0,0,0,0,0,0,0,0,0,0,0,0,0,0.000337832450798,0.00035917923803,0.000517612701981,0.00074001428668,0.00029650760105,0.000362718821466,0.000392368442964,0.000273333033738,0.000646745818414,0.000313333745318,0.000660001132627,0.000509130141494,0.000746663779117,0.000342576419045,0.000666662303986,0.000966652277041,0.0047000403195,0.000633333310118,0.00113374753612,0.00129482911173,5.15263766453e-05,0.000221124373549,0.000108617406173,0,0.00020000135159,0.000689647953921,0.000367972681925,0.000633339641705,0.00045864214062,0.000766667354051,0.000599997271286,0.000410434680291,0.00023995734353,0.000220658714347,0.0011898429217,0.000500014403619
VUT,0.00177053117289,0.00163333369331,0.00221551305034,0.00149965741226,0.00315923516742,0.00615773581186,0.00130212950219,0.00150428580713,0.00327767382603,0.00103332872422,0.0010666652134,0.000718936787872,0.00237776440695,0.00148415421179,1.69085531336e-05,6.60769150552e-05,0,0.000109999436008,5.37172430902e-05,0.0050030144885,0.00535396761171,0.00604477508131,0.00325848696419,0.00476667179014,0.00666677112076,0.0149163577026,0.00991081608943,0,0.000590605107194,0.00712899173274,3.6383527933e-05,0.00247479587948,0,0,0,0,0,0,0,0,0,0,0,0,0,0.000337832450798,0.00035917923803,0.000517612701981,0.00074001428668,0.00029650760105,0.000362718821466,0.000392368442964,0.000273333033738,0.000646745818414,0.000313333745318,0.000660001132627,0.000509130141494,0.000746663779117,0.000342576419045,0.000666662303986,0.000966652277041,0.0047000403195,0.000633333310118,0.00113374753612,0.00129482911173,5.15263766453e-05,0.000221124373549,0.000108617406173,0,0.00020000135159,0.000689647953921,0.000367972681925,0.000633339641705,0.00045864214062,0.000766667354051,0.000599997271286,0.000410434680291,0.00023995734353,0.000220658714347,0.0011898429217,0.000500014403619
WSM,0.00156161170991,0.00171999757795,0.00197862298667,0.00139697006974,0.00315935835503,0.00688394536996,0.00244354543153,0.00142738546751,0.00354670286954,0.000894002843988,0.00104200040856,0.000715999285041,0.00275731527276,0.00144490611457,1.69085531336e-05,6.60769150552e-05,0,0.000109999973078,4.44606917083e-05,0.00505998396458,0.00678793901776,0.00542596064012,0.00362556250125,0.00562800348242,0.00656006799952,0.0149744892391,0.00991081608943,0,0.000547997447516,0.00691210091082,3.76596495207e-05,0.00673186085908,0,0,0,0,0,0,0,0,0,0,0,0,0,0.000356002747798,0.000428001593255,0.000678461500153,0.00078800321376,0.000337905325725,0.000374002866336,0.000383420498729,0.000288000476447,0.000646745818414,0.000255997025128,0.000711995097776,0.000501823848117,0.000815992126299,0.000334842449432,0.000719998861557,0.00106001295004,0.00520002576516,0.000619998025548,0.00141368625776,0.00119069779969,5.00005866092e-05,0.000220002921409,9.0339355931e-05,0,0.000200001811279,0.000653280039915,0.000318948362559,0.000700007394341,0.000507998221905,0.000859997532642,0.000661993689628,0.000411996367051,0.000220000478021,0.00022799760132,0.00119696657305,0.000500014514693
YEM,0.004711645165765016,0.0018000063648581494,0.0013365294301129957,0.0038499069038815544,0.0031589060956950382,0.0076299396534942575,0.0042030224177164194,0.0030999005589121857,0.0038685930906925637,4.370845002291372e-4,8.0999697526489e-4,7.799858055358411e-4,0.0031666435788324653,0.0016844516014324765,1.6908553133587464e-5,6.607691505523258e-5,0,1.0999967117161552e-4,3.057586463533126e-5,0.006899925205684368,0.007259983346830765,0.005961679835880372,0.002750149325272094,0.004969776308453613,0.006400081111223766,0.014974489239088305,0.009910816089427319,0,6.59998440180939e-4,0.00698991917962979,2.9999270019709464e-5,0.011629854936827328,0,0,0,0,0,0,0,0,0,0,0,0,0,3.700137205291844e-4,4.5999564301793625e-4,6.362055957629943e-4,8.600117255559318e-4,3.0000000000000003e-4,3.5001721763085403e-4,3.700066721613878e-4,3.099963853970039e-4,6.467458184143425e-4,1.7000079132705546e-4,7.900032921575083e-4,5.000055708444286e-4,9.200224539841049e-4,2.3049100687379842e-4,7.999999999999999e-4,0.0012000025048845247,0.0059502093730281645,5.999756883946815e-4,3.000015381539077e-4,0.0012143512884304373,5.4578272141110955e-5,2.1999416015767574e-4,6.292511199161295e-5,0,2.0000135158999336e-4,4.0000797293610757e-4,2.931862198430933e-4,8.000127326358679e-4,5.599849661738912e-4,0.001,4.910311899613233e-4,4.6999708000778663e-4,2.5993212060793894e-4,1.419690139988815e-4,0.0011847534324444051,5.000144036189739e-4
ZAF,0.0030424484059515906,7.278242709064419e-4,3.999954375399215e-4,0.0027373149553414486,0.0025000608346514176,0.006799912049252418,0.0019290310823585693,0.002018311335486769,0.0029793363545119983,4.370845002291372e-4,8.399995297906981e-4,9.000055707202942e-4,0.0031666435788324653,0.0016844516014324765,1.6908553133587464e-5,6.607691505523258e-5,0,1.0999942969032185e-4,3.057586463533126e-5,0.008859375518465674,0.008799981161399708,0.006302156542996228,0.004819017036224457,0.007050137704482861,0.008739495798319327,0.014974489239088305,0.009910816089427319,0,6.999974475470928e-4,0.007406903937167938,2.9999999999999997e-5,0.0024747958794801082,0,0,0,0,0,0,0,0,0,0,0,0,0,5.999971617920445e-4,5.00005570885808e-4,8.160505749771575e-4,8.999811985182399e-4,4.400088809946714e-4,5.00012167522449e-4,3.6999324073872186e-4,3.000022631432041e-4,6.467458184143425e-4,2e-4,6.857240749200549e-4,5.999919781806514e-4,6.899978208760078e-4,2.9530586246282375e-4,5.99982920372336e-4,0.001800069372181755,0.007200035770862078,9.333293652368293e-4,7.279429636231062e-4,0.001918350753219106,1e-4,2.9999594452104797e-4,6.292511199161295e-5,0,2.0000135158999336e-4,4.00002261816578e-4,3.7833216029560556e-4,6.999915117562177e-4,7.999599786552827e-4,0.0012000107590510519,7.499880980718876e-4,4.6999952903499276e-4,2.000027651426122e-4,2.599978840457046e-4,0.0011847534324444051,5.000144036189739e-4
ZMB,0.00304244798247,0.000727826846841,0.000801369849894,0.00305462597446,0.00306477554303,0.00684088766519,0.00179470073336,0.00190818066246,0.00316134639644,0.00040529685557,0.000840004359297,0.000900000869477,0.00322024252181,0.00180138343971,0.0001084538645,6.60769150552e-05,0,0.000110000503352,3.05758646353e-05,0.00822358539673,0.00740063081957,0.00466282146051,0.00471804917561,0.00660423596556,0.00873998050948,0.0149370819311,0.00991081608943,0,0.00066912076835,0.00706008499475,4.09428213943e-05,0.00131602768846,0,0,0,0,0,0,0,0,0,0,0,0,0,0.000599996817137,0.000486967334833,0.000804025114417,0.000900004288271,0.0003755133385,0.000486879023181,0.000380599809017,0.000305526201658,0.000673376688079,0.000199998873438,0.000685714367513,0.000574036251896,0.000689992551676,0.000412155715065,0.000599996190907,0.00180000351615,0.00697612015122,0.000933329335158,0.000952307171212,0.00166919958275,8.05335452033e-05,0.000288814564625,6.29251119916e-05,0,0.00020000135159,0.000424149834704,0.000407762615748,0.000700003212361,0.00077970796073,0.00120000096342,0.000749999632607,0.000460089866528,0.000229965673288,0.000192553874668,0.00118475343244,0.000500014403619
ZWE,0.0030424541597153985,7.278368192312917e-4,4.000069524107484e-4,0.002737309570384395,0.0031589060956950382,0.006800014600138701,0.001928980331220831,0.002018356580183566,0.0031507053008932033,3.999956466020369e-4,8.4e-4,9.000217265353417e-4,0.0031666435788324653,0.0027999403993245256,1.6908553133587464e-5,6.607691505523258e-5,0,1.10003711952487e-4,3.057586463533126e-5,0.008859275787501895,0.008800099223927143,0.0034614229208338077,0.0032873352685021274,0.007050127752767977,0.008740057160566096,0.014799987710458401,0.009910816089427319,0,6.999789429353549e-4,0.007406903937167938,4.914985379209765e-5,0.0024747958794801082,0,0,0,0,0,0,0,0,0,0,0,0,0,5.999844044157782e-4,4.999910998771783e-4,0.001540666890375059,9.000160331258322e-4,4.3999779565744517e-4,4.999923108862473e-4,4.070978240380842e-4,3.00001790253858e-4,6.467458184143425e-4,2.0000234395143332e-4,6.857183039167429e-4,5.091301414936565e-4,6.900014345144168e-4,3.7003334318426017e-4,5.999983192147371e-4,0.0018000370730803094,0.0071999265126153345,9.333287463877804e-4,7.307030442482308e-4,0.0018046118551767103,1.0000000000000002e-4,3.0000365003467536e-4,6.292511199161295e-5,0,2.0000135158999336e-4,4.0000457331016196e-4,3.783360597279905e-4,7.00023362666459e-4,8e-4,0.0012000374953130858,7.49983468888448e-4,4.0065045614475316e-4,2.5993212060793894e-4,2.6000317393144306e-4,0.0011847534324444051,5.000144036189739e-4
