ISO3,wheat,rice,barley,maize,rye,oats,millet,sorghum,othr_grains,cassava,potato,sweet_potato,yams,othr_roots,sugar_cane,sugar_non,raw_sugar,sweeteners,honey,beans,peas,othr_pulse,nuts,soyabeans,groundnut,seed_sunflower,seed_rape,seed_cotton,coconuts,seed_sesame,preserved_olives,seed_oilcrop,oil_soyabeans,oil_groundnut,oil_sunflower,oil_rape,oil_cotton,oil_palmkernel,oil_palm,oil_coconut,oil_sesame,oil_olive,oil_ricebran,oil_maize,oil_oilcrop,tomato,onion,othr_vegetables,orange,lemon,grapefruit,citrus,banana,plantains,apple,pineapple,dates,grapes,othr_fruits,beef,lamb,pork,poultry,othr_meat,offals,butter,cream,fat_ani,oil_fish_body,oil_fish_liver,eggs,milk,fish_freshw,fish_demrs,fish_pelag,fish_marine,crustaceans,cephalopods,othr_molluscs,fish_aquatic,fish_aquaticplant
AGO,7.904216975956132e-6,0,3.173673562680972e-4,0,0,0,0,4.501897185568449e-4,0.008656562171423583,0.3,0.1725,0.3100004069632512,0.1304590545379722,0.11904570801212484,0.0025362745113395807,0.0066076915055232575,0,0.0022489748119091132,0.004999839912912625,0.0066647371828107965,0.009070367103040971,0.02627845692887395,0.0030519115719819007,0.06,0.008320122997277668,0.013576769050818078,0.0032474830184571193,0,0.020000000000000004,0,0.013912500796910659,0.0037937889389099587,0,0,0,0,0,0,0,0,0,0,0,0,0,0.2963618559807171,0.1026248493246364,0.49591207978204727,0.4683327732119398,0.44185046933220534,0.37204610697291113,0.43900019771963356,0.13399953358208955,0.15347988699969303,0.04,0.2974997663562894,0.014272412495199421,0.0399993742960831,0.38329295177739114,5.076430039926327e-4,0,0.0037381729332455265,0.012480583770218743,0.0019992132110924358,0.018609055809644386,0,0.006060914289322545,0,0,0,0,0.014942471943211915,0.011963050549048145,0.008477826872613246,0.012030230626800602,0.02076078147348593,0.03000036500346753,0.05000184348787907,0.02085171102296227,5.082183604681701e-4,0.5699975299138822
ALB,7.904216975956132e-6,0,3.173673562680972e-4,0,0,0,0,4.501897185568449e-4,0.008656562171423583,0.32039424213227136,0.08600047503822573,0.0240003808073115,0.1304590545379722,0.11904570801212484,0.0025362745113395807,0.0066076915055232575,0,0.0022489748119091132,0.005000198373338623,0.0066647371828107965,0.009070367103040971,0.021257732792568942,0.07897093195087881,0.05999926999306493,0.008320122997277668,0.013576769050818078,0.0032474830184571193,0,0.0329995320542817,0,0.01500004921792714,0.0037937889389099587,0,0,0,0,0,0,0,0,0,0,0,0,0,0.1370000647281776,0.07399958066985553,0.29522347613240296,0.4879987993439272,0.5299999999999999,0.34399544678429145,0.43899992732029947,0.08700033001938863,0.15347988699969303,0.04600082504468992,0.4779927477455986,0.004000043836096833,0.039999810935193315,0.08161458794942016,5.076430039926327e-4,0,0.004000023825975078,0.016000188787725366,0.0019992132110924358,0.11476175602285207,0,0.006,0,0,0,0,0.004113200516053469,0.011963050549048145,0.008477826872613246,0.012030230626800602,0.02076078147348593,0.03,0.05,0.019999735505713073,5.082183604681701e-4,0.5699975299138822
ARE,7.904216975956132e-6,0,3.173673562680972e-4,0,0,0,0,4.501897185568449e-4,0.008656562171423583,0.2059989992889685,0.08600016981949975,0.02399935479411019,0.1304590545379722,0.0260004816955684,0.0025362745113395807,0.0066076915055232575,0,0.0022489748119091132,0.004999999999999999,0.0066647371828107965,0.018,0.04063561411886121,0.012095925489898587,0.06000081109579042,0.008320122997277668,0.013576769050818078,0.0032474830184571193,0,0.032999636670042284,0,0.015000640368852458,0.0037937889389099587,0,0,0,0,0,0,0,0,0,0,0,0,0,0.13700034783616916,0.07399887074357192,0.29418721139567416,0.487999558942442,0.529997979217851,0.34400532164658004,0.4390031179818154,0.0869987570113958,0.15347988699969303,0.04599963950567215,0.47799019607843135,0.004,0.04000049962112065,0.18561177231379924,5.076430039926327e-4,0,0.0037381729332455265,0.016000631027259793,0.0019992132110924358,0.1149995421029313,0,0.006000091249201569,0,0,0,0,0.015080915535612222,0.011963050549048145,0.008477826872613246,0.012030230626800602,0.02076078147348593,0.03,0.05,0.0200003111678128,5.082183604681701e-4,0.5699975299138822
ARG,1.2624774948401715e-4,0,3.173673562680972e-4,0,0,0,0,4.501897185568449e-4,0.008656562171423583,0.3069898758188676,0.14999973156812532,0.20000115214673742,0.1304590545379722,0.11904570801212484,0.0025362745113395807,0.0066076915055232575,0,0.02,0.013000273747604709,0.020000608346514175,0.009070367103040971,0.01008373498897149,0.01955077491782393,0.05439928177604612,0.008320122997277668,0.013576769050818078,0.0032474830184571193,0,0.02,0,0.013912500796910659,0.0037937889389099587,0,0,0,0,0,0,0,0,0,0,0,0,0,0.18400096120036966,0.0909997713573584,0.25061653741087986,0.5400006333867188,0.3600028418606067,0.39999255481517326,0.3933346688928698,0.12320097944228159,0.15347988699969303,0.08000057689256818,0.15000365150076683,0.014272412495199421,0.04,0.13060829345470093,5.076430039926327e-4,0,0.0037381729332455265,0.012480583770218743,0.001254257822942559,0.03265551739144332,0,0.01,0,0,0,0,0.010000036355124687,0.011963050549048145,0.012000091915988786,0.015999514798641437,0.02076078147348593,0.023286944793123807,0.022999446979123463,0.05000125952515901,5.082183604681701e-4,0.5699975299138822
ARM,7.904216975956132e-6,0,3.173673562680972e-4,0,0,0,0,4.501897185568449e-4,0.009999617411905425,0.32039424213227136,0.0859997753338605,0.26269443842762014,0.1304590545379722,0.11904570801212484,0.0025362745113395807,0.0066076915055232575,0,0.0022489748119091132,0.005000054478099804,0.0066647371828107965,0.009070367103040971,0.02627845692887395,0.02154437117217812,0.05439928177604612,0.008320122997277668,0.013576769050818078,0.0032474830184571193,0,0.03299992200904695,0,0.01500017548169726,0.0037937889389099587,0,0,0,0,0,0,0,0,0,0,0,0,0,0.1370000714317939,0.07400089913162813,0.2234831582007144,0.48799459242351506,0.5299994671497842,0.34400183648072297,0.4390070921985816,0.0870007818848023,0.15347988699969303,0.04599946898744824,0.47799278813069446,0.003999933150611672,0.04000091385899809,0.0892189150626747,5.076430039926327e-4,0,0.004000035029643836,0.016,0.0019992132110924358,0.11331228718746959,0,0.005999926999306493,0,0,0,0,0.002891220191621168,0.011963050549048145,0.008477826872613246,0.012030230626800602,0.02076078147348593,0.0300001460003212,0.04884140140089657,0.019999735505713077,5.082183604681701e-4,0.5699975299138822
ATG,1.26245273937563e-4,0,3.173673562680972e-4,0,0,0,0,4.501897185568449e-4,0.008656562171423583,0.3069998024886431,0.14999835585807766,0.20000355751614224,0.08999870407568197,0.11904570801212484,0.0025362745113395807,0.0066076915055232575,0,0.02,0.012999745352686531,0.019999999999999997,0.02,0.02627845692887395,0.05829584227590707,0.009999999999999998,0.01,0.013576769050818078,0.0032474830184571193,0,0.02,0,0.013912500796910659,0.0037937889389099587,0,0,0,0,0,0,0,0,0,0,0,0,0,0.18399977405243237,0.09100044724447708,0.23747260180625185,0.5399997610884809,0.3600022868904008,0.39999297271657214,0.23999806187465175,0.12319952473903081,0.08489939167056622,0.07999961004333393,0.15000208655009806,0.014272412495199421,0.040000241321476414,0.24743792840780077,5.076430039926327e-4,0,0.0037381729332455265,0.012480583770218743,0.0019992132110924358,0.08644221316394061,0,0.01,0,0,0,0,0.009552127251339956,0.011963050549048145,0.012000400681157968,0.015999790954878915,0.02076078147348593,0.023286944793123807,0.023000624386763,0.05000124878243711,5.082183604681701e-4,0.5699975299138822
AUS,7.904216975956132e-6,0,3.173673562680972e-4,0,0,0,0,4.501897185568449e-4,0.008656562171423583,0.2060043452498519,0.08600032503196474,0.023999746530638105,0.1304590545379722,0.028889886243979906,0.0025362745113395807,0.0066076915055232575,0,0.0022489748119091132,0.005,0.0066647371828107965,0.018000699587851506,0.04418270403226442,0.005445779150390678,0.060000000000000005,0.008320122997277668,0.013576769050818078,0.0032474830184571193,0,0.03299970753582686,0,0.014999844681908549,0.0037937889389099587,0,0,0,0,0,0,0,0,0,0,0,0,0,0.13699938838117892,0.07399936758367033,0.16174742452337473,0.4880012087671168,0.5299999999999999,0.3439964188561,0.43899136577708014,0.08699754272075028,0.15347988699969303,0.04599951558210883,0.47799968442170276,0.00400008298640406,0.0399998237427349,0.15552993874371998,5.076430039926327e-4,0,0.003999890835382237,0.015999479484281192,0.01,0.10899431800260442,0,0.005999999999999999,0,0,0,0,8.754560223094197e-6,0.011963050549048145,0.008477826872613246,0.012030230626800602,0.02076078147348593,0.029999686697161475,0.049999999999999996,0.01999934082594509,5.082183604681701e-4,0.5699975299138822
AUT,7.904216975956132e-6,0,3.173673562680972e-4,0,0,0,0,4.501897185568449e-4,0.008656562171423583,0.32039424213227136,0.08599977461402653,0.0240004731488053,0.1304590545379722,0.11904570801212484,0.0025362745113395807,0.0066076915055232575,0,0.0022489748119091132,0.0049998413051068015,0.0066647371828107965,0.017999534052962646,0.015756092492290125,0.029147568617550107,0.06000128071036736,0.008320122997277668,0.013999633397488774,0.0032474830184571193,0,0.03300132802124834,0,0.015,0.005999917904933914,0,0,0,0,0,0,0,0,0,0,0,0,0,0.13700071595253666,0.07399892654021022,0.2258538227815081,0.4880016173510879,0.529997502289568,0.34400225797346884,0.4389900575614861,0.08699830604726566,0.15347988699969303,0.045999867081108786,0.47799993581308775,0.00400011460004584,0.04000011060601033,0.16425479702937493,5.076430039926327e-4,0,0.003999972794505851,0.016000143918542105,4.880384829200948e-4,0.12768019465813057,0,0.00600000946821756,0,0,0,0,9.023869721092417e-4,0.011963050549048145,0.008477826872613246,0.012030230626800602,0.02076078147348593,0.029999881301411326,0.049999999999999996,0.02,5.082183604681701e-4,0.5699975299138822
AZE,7.904216975956132e-6,0,3.173673562680972e-4,0,0,0,0,4.501897185568449e-4,0.009112382552097002,0.32039424213227136,0.08600004459251562,0.26269443842762014,0.1304590545379722,0.11904570801212484,0.0025362745113395807,0.0066076915055232575,0,0.0022489748119091132,0.0050000730001606005,0.0066647371828107965,0.009070367103040971,0.02627845692887395,0.036766123303998165,0.05439928177604612,0.008320122997277668,0.013576769050818078,0.0032474830184571193,0,0.03299922790762968,0,0.014999594452104793,0.0037937889389099587,0,0,0,0,0,0,0,0,0,0,0,0,0,0.13699987920770534,0.07400037163315486,0.19206787807174175,0.4879942200086085,0.530013674730042,0.34400826446280997,0.4390000237863038,0.08700097702847016,0.15347988699969303,0.04600152696351397,0.4780046757956009,0.004,0.04000116886532399,0.10497178859339744,5.076430039926327e-4,0,0.004000032777750464,0.015999999999999997,0.0019992132110924358,0.11751901514076124,0,0.006000121669302835,0,0,0,0,0.0013746747960115626,0.011963050549048145,0.008477826872613246,0.012030230626800602,0.02076078147348593,0.03000036500346753,0.04884140140089657,0.02085171102296227,5.082183604681701e-4,0.5699975299138822
BEL,7.904216975956132e-6,0,3.173673562680972e-4,0,0,0,0,4.501897185568449e-4,0.008656562171423583,0.32039424213227136,0.08600015254282457,0.26269443842762014,0.1304590545379722,0.11904570801212484,0.0025362745113395807,0.0066076915055232575,0,0.0022489748119091132,0.005000057937427578,0.0066647371828107965,0.01799993813603885,0.02328470800557445,0.02636796194686192,0.06000121669302835,0.008320122997277668,0.013576769050818078,0.07100047450450779,0,0.03300093244923332,0,0.015000000000000001,0.0037937889389099587,0,0,0,0,0,0,0,0,0,0,0,0,0,0.13700056235389255,0.07400444713968062,0.15259926627638887,0.48800123658753364,0.5299881310134094,0.3440053870404946,0.43898897130970604,0.08700016638012312,0.18399851494338224,0.04600058770528331,0.4779874213836478,0.003999858437146093,0.039999570589687714,0.19947704858909512,5.076430039926327e-4,0,0.004000078442523692,0.015999959816764445,0.006242880069507711,0.06488883248174393,0,0.006000070797295543,0,0,0,0,2.1807528188246816e-4,0.011963050549048145,0.008477826872613246,0.012030230626800602,0.02076078147348593,0.029999568053215842,0.04999907829004369,0.020000486422725672,5.082183604681701e-4,0.5699975299138822
BEN,7.904216975956132e-6,0,3.173673562680972e-4,0,0,0,0,4.501897185568449e-4,0.008656562171423583,0.2999999384396419,0.172500704387695,0.31000179848028414,0.13199988427950907,0.07999867174355796,0.0025362745113395807,0.0066076915055232575,0,0.0022489748119091132,0.01956466237652995,0.0066647371828107965,0.009070367103040971,0.059996420302114425,0.0030714659772818945,0.05439928177604612,0.008320122997277668,0.013576769050818078,0.0032474830184571193,0,0.02,0,0.008999908750798431,0.0037937889389099587,0,0,0,0,0,0,0,0,0,0,0,0,0,0.29636333427809103,0.10262620533182076,0.7649989023008656,0.46833944393522764,0.45500079927532366,0.36100685238111635,0.3933346688928698,0.13400194426441997,0.15347988699969303,0.03999970179519294,0.29750019101953495,0.13999876585109994,0.03999964960229861,0.21920139494903804,5.076430039926327e-4,0,0.0037381729332455265,0.012480583770218743,0.0019992132110924358,0.025163147854868853,0,0.008000146001387013,0,0,0,0,0.014068462032554716,0.011963050549048145,0.008477826872613246,0.012030230626800602,0.02076078147348593,0.029999570594297493,0.04884140140089657,0.02085171102296227,5.082183604681701e-4,0.5699975299138822
BFA,7.904216975956132e-6,0,3.173673562680972e-4,0,0,0,0,4.501897185568449e-4,0.011000529781276016,0.3000081987373945,0.1724995133346311,0.31000186565963933,0.1320008170614536,0.11904570801212484,0.0025362745113395807,0.0066076915055232575,0,0.0022489748119091132,0.01956466237652995,0.0066647371828107965,0.009070367103040971,0.009846140354189925,0.007668250786607744,0.06000159855064741,0.008320122997277668,0.013576769050818078,0.0032474830184571193,0,0.019999298097845165,0,0.009000255502427272,0.0037937889389099587,0,0,0,0,0,0,0,0,0,0,0,0,0,0.29635882460302976,0.08699204898672196,0.3982130568802977,0.4683294703704985,0.4550144238927541,0.36098866153475007,0.3933346688928698,0.13400154377043227,0.18399170258042596,0.04,0.297483154974237,0.13999872269766253,0.0399997210327368,0.44426972874467524,5.076430039926327e-4,0,0.0037381729332455265,0.012480583770218743,5.423523504350931e-4,0.020412421361005448,0,0.006060914289322545,0,0,0,0,0.021082873241354955,0.011963050549048145,0.008477826872613246,0.012030230626800602,0.02076078147348593,0.03000036500346753,0.04884140140089657,0.02085171102296227,5.082183604681701e-4,0.5699975299138822
BGD,7.904216975956132e-6,0,3.173673562680972e-4,0,0,0,0,4.501897185568449e-4,0.008656562171423583,0.44998696445641784,0.30000021200904003,0.2699950754613134,0.1304590545379722,0.11904570801212484,0.0025362745113395807,0.0066076915055232575,0,0.0022489748119091132,0.01956466237652995,0.0066647371828107965,0.017999950340169837,0.023309550919421787,0.007898602071323127,0.049999999999999996,0.008320122997277668,0.013576769050818078,0.0032474830184571193,0,0.032999333169550414,0,0.013912500796910659,0.0037937889389099587,0,0,0,0,0,0,0,0,0,0,0,0,0,0.136998627823517,0.07399897127482788,0.2904386837217924,0.48799630655586335,0.5299962387161484,0.6100026058146895,0.43899631073549805,0.0870000724970397,0.15347988699969303,0.04599786552828175,0.47799167822468797,0.014272412495199421,0.040000847744998305,0.2733868538000046,5.076430039926327e-4,0,0.0037381729332455265,0.016000250166777853,0.0019992132110924358,0.10793699503728034,0,0.006060914289322545,0,0,0,0,0.010320283345527105,0.011963050549048145,0.008477826872613246,0.012030230626800602,0.02076078147348593,0.029999875213696542,0.04884140140089657,0.02085171102296227,5.082183604681701e-4,0.5699975299138822
BGR,7.904216975956132e-6,0,3.173673562680972e-4,0,0,0,0,4.501897185568449e-4,0.008656562171423583,0.32039424213227136,0.08600070485961546,0.024000368697575814,0.1304590545379722,0.11904570801212484,0.0025362745113395807,0.0066076915055232575,0,0.0022489748119091132,0.004999910976586842,0.0066647371828107965,0.018000052143080612,0.0431144768220194,0.008948670614098922,0.0599990875079843,0.008320122997277668,0.013999802169540701,0.0032474830184571193,0,0.0329991884007107,0,0.015000106105298899,0.0037937889389099587,0,0,0,0,0,0,0,0,0,0,0,0,0,0.13699975178418844,0.07399976723157772,0.39219629262187555,0.4880022561868875,0.5299889531483527,0.3440001669518761,0.43899136577708003,0.08699965113986258,0.18400021701977592,0.04600037292560134,0.47799673779168467,0.004,0.04000017244055112,0.13283902183626461,5.076430039926327e-4,0,0.003999983904294937,0.015999978226137888,8.203305852970289e-4,0.08335394823960827,0,0.005999933636393801,0,0,0,0,0.00503754061376495,0.011963050549048145,0.008477826872613246,0.012030230626800602,0.02076078147348593,0.030000486665368895,0.05000184348787907,0.02,5.082183604681701e-4,0.5699975299138822
BHS,7.904216975956132e-6,0,3.173673562680972e-4,0,0,0,0,4.501897185568449e-4,0.008656562171423583,0.20599798256731242,0.08600002530954477,0.024000079833945392,0.1304590545379722,0.11904570801212484,0.0025362745113395807,0.0066076915055232575,0,0.0022489748119091132,0.005,0.0066647371828107965,0.01800053533190578,0.02627845692887395,0.05829584227590707,0.06000091249201569,0.008320122997277668,0.013999324095978372,0.0032474830184571193,0,0.03299992699131197,0,0.01499954375399215,0.006000233972859149,0,0,0,0,0,0,0,0,0,0,0,0,0,0.13700057201101765,0.07399942863988647,0.1745628381055158,0.48799989698040613,0.5299986657994363,0.34400060769823443,0.3933346688928698,0.08700010046470769,0.18399820620807986,0.045999936582426994,0.4779960707269155,0.003999919781806514,0.03999971372543406,0.2047749033513739,5.076430039926327e-4,0,0.003999948921607437,0.016000100721945527,0.0019992132110924358,0.09034230877648819,0,0.00600003041686311,0,0,0,0,0.0057224561423830506,0.011963050549048145,0.008477826872613246,0.012030230626800602,0.02076078147348593,0.029999703852874107,0.05000184345389521,0.020000485319097303,5.082183604681701e-4,0.5699975299138822
BIH,7.904216975956132e-6,0,3.173673562680972e-4,0,0,0,0,4.501897185568449e-4,3.024358018571501e-4,0.32039424213227136,0.08600025818890215,0.02400005069451485,0.1304590545379722,0.11904570801212484,0.0025362745113395807,0.0066076915055232575,0,0.0022489748119091132,0.005,0.0066647371828107965,0.018000629326620516,0.03403566523183446,0.027595313136207472,0.060002234720101306,0.008320122997277668,0.013576769050818078,0.0032474830184571193,0,0.033000154422809645,0,0.015,0.005999999999999999,0,0,0,0,0,0,0,0,0,0,0,0,0,0.13699950688342238,0.07400012247673748,0.4416042025769631,0.4879990045462019,0.5300060277275467,0.3439951027279336,0.3933346688928698,0.08699849749048943,0.15347988699969303,0.04600092034378094,0.4780069564719523,0.004,0.0399997151220346,0.11930686523346165,5.076430039926327e-4,0,0.003999974506217296,0.01600017778424266,0.0019992132110924358,0.09789554608853311,0,0.006,0,0,0,0,0.0011329677582928176,0.011963050549048145,0.008477826872613246,0.012030230626800602,0.02076078147348593,0.029999270019709468,0.050001005530417295,0.020000470212065642,5.082183604681701e-4,0.5699975299138822
BLR,7.904216975956132e-6,0,3.173673562680972e-4,0,0,0,0,4.501897185568449e-4,6.419491934524421e-4,0.32039424213227136,0.08599993273947898,0.26269443842762014,0.1304590545379722,0.11904570801212484,0.0025362745113395807,0.0066076915055232575,0,0.0022489748119091132,0.005,0.0066647371828107965,0.009070367103040971,0.02627845692887395,0.01907812976469794,0.06,0.008320122997277668,0.013576769050818078,0.0032474830184571193,0,0.032999341960956344,0,0.015000076042157773,0.0037937889389099587,0,0,0,0,0,0,0,0,0,0,0,0,0,0.13699883138017277,0.07400062887452118,0.23585716813172508,0.48799910642128297,0.5299999999999999,0.34400606980273146,0.43899631073549805,0.08699994489750937,0.184001572327044,0.0460000653191706,0.47801162131519276,0.003999959890098871,0.04,0.19609906604202687,5.076430039926327e-4,0,0.003999960474698867,0.01599991793394138,0.007083357286576603,0.08215921376433734,0,0.006000235488048981,0,0,0,0,3.123780784883491e-5,0.011963050549048145,0.008477826872613246,0.012030230626800602,0.02076078147348593,0.029999188904209585,0.05,0.019999999999999997,5.082183604681701e-4,0.5699975299138822
BLZ,1.2624864288156157e-4,0,3.173673562680972e-4,0,0,0,0,4.501897185568449e-4,0.008656562171423583,0.3069957417224298,0.15000018589226427,0.19999539149269552,0.08999985364925582,0.11904570801212484,0.0025362745113395807,0.0066076915055232575,0,0.01999969327975953,0.012999903947747575,0.02,0.020000160792384872,0.02627845692887395,0.008566273172682427,0.01,0.01,0.013576769050818078,0.0032474830184571193,0,0.02,0,0.013912500796910659,0.0037937889389099587,0,0,0,0,0,0,0,0,0,0,0,0,0,0.18400006720543022,0.09099935475793793,0.31610705624009405,0.5400000367824885,0.44185046933220534,0.4,0.3933346688928698,0.12319617026424486,0.08489812380265413,0.08000081930277333,0.14999906812039884,0.014272412495199421,0.039999999999999994,0.25196886496782883,5.076430039926327e-4,0,0.0037381729332455265,0.012480583770218743,0.0019992132110924358,0.08644221316394061,0,0.01,0,0,0,0,0.009862080740107589,0.011963050549048145,0.011999999999999999,0.01599951305348665,0.02076078147348593,0.023286944793123807,0.022999877104584,0.04999921978622142,5.082183604681701e-4,0.5699975299138822
BOL,1.2624331830821863e-4,0,0.01,0,0,0,0,4.501897185568449e-4,0.01002903482141038,0.30699985180980416,0.15000029494957837,0.20000633683443436,0.1304590545379722,0.180001282791354,0.0025362745113395807,0.0066076915055232575,0,0.020000579374275785,0.01300031285848368,0.019999556231070484,0.019999239601551214,0.01070348780792104,0.13703513028020156,0.01,0.01,0.013576769050818078,0.0032474830184571193,0,0.020000000000000004,0,0.013912500796910659,0.0037937889389099587,0,0,0,0,0,0,0,0,0,0,0,0,0,0.18400147037800968,0.09100276093701078,0.13669442784637706,0.5399992940955011,0.36001530852567126,0.4000153045607591,0.23999215070643642,0.12320074112674424,0.08489952015656632,0.0800003637289492,0.15,0.014272412495199421,0.040000572540936676,0.25455126113820103,5.076430039926327e-4,0,0.0037381729332455265,0.012480583770218743,0.019482317405713805,0.03457124744695321,0,0.01,0,0,0,0,0.014709205264162407,0.011963050549048145,0.008477826872613246,0.016000241421975436,0.02076078147348593,0.023286944793123807,0.04884140140089657,0.05,5.082183604681701e-4,0.5699975299138822
BRA,1.2625026289567954e-4,0,3.173673562680972e-4,0,0,0,0,4.501897185568449e-4,0.008656562171423583,0.306999851832589,0.1500008862307593,0.2,0.08999707302795258,0.11904570801212484,0.0025362745113395807,0.019999698345424654,0,0.02,0.012999963499653246,0.02,0.02000033181803099,0.013734881813079003,0.013554279890346698,0.009999806878971052,0.01,0.013576769050818078,0.0032474830184571193,0,0.020000103681201042,0,0.013912500796910659,0.0037937889389099587,0,0,0,0,0,0,0,0,0,0,0,0,0,0.18400051718901755,0.09100171290014014,0.1052807155382901,0.5399994787958166,0.3599974007407889,0.39999139155511554,0.3933346688928698,0.12320079858486066,0.15347988699969303,0.08000087059984329,0.15000224587881236,0.014272412495199421,0.040000577583966274,0.39126514474522944,5.076430039926327e-4,0,0.0037381729332455265,0.012480583770218743,0.009234285791231284,0.033810133174306874,0,0.006060914289322545,0,0,0,0,0.009997393900532245,0.011963050549048145,0.011999852227667907,0.015999484469648148,0.02076078147348593,0.023286944793123807,0.023000456248531018,0.049999999999999996,5.082183604681701e-4,0.5699975299138822
BRB,7.904216975956132e-6,0,3.173673562680972e-4,0,0,0,0,4.501897185568449e-4,0.01,0.20599699670916005,0.08599967379032343,0.02400018775816748,0.1710021221410045,0.11904570801212484,0.0025362745113395807,0.0066076915055232575,0,0.0022489748119091132,0.004999944696994835,0.0066647371828107965,0.017999748277272583,0.01877113465026351,0.0068111271235104685,0.059999269993064944,0.008320122997277668,0.013999662047989185,0.07100047450450779,0,0.033000122225908396,0,0.014999771876996075,0.0037937889389099587,0,0,0,0,0,0,0,0,0,0,0,0,0,0.13700082459653667,0.07400064468945725,0.20270860694708218,0.4879997273439896,0.5300011090983031,0.3439994455161897,0.43900008169267213,0.08700043132015528,0.18399262541643754,0.045999409209616454,0.47799338795457813,0.0040000408163265305,0.04,0.11385564640981025,5.076430039926327e-4,0,0.00400001850361283,0.016000433722376153,0.0019992132110924358,0.06105314892203298,0,0.006000031601567438,0,0,0,0,9.741131618675257e-4,0.011963050549048145,0.008477826872613246,0.012030230626800602,0.02076078147348593,0.029999215070643643,0.050000553036168564,0.019999173485412018,5.082183604681701e-4,0.5699975299138822
BWA,7.904216975956132e-6,0,3.173673562680972e-4,0,0,0,0,4.501897185568449e-4,0.010654378150725575,0.2999937926753569,0.1725004654626699,0.31000160737910654,0.1304590545379722,0.16947918023136893,0.0025362745113395807,0.0066076915055232575,0,0.0022489748119091132,0.00499990875079843,0.0066647371828107965,0.009070367103040971,0.058877176921989634,0.006479583209531036,0.05999863126197646,0.008320122997277668,0.013576769050818078,0.0032474830184571193,0,0.019999298097845158,0,0.008999927001970947,0.0037937889389099587,0,0,0,0,0,0,0,0,0,0,0,0,0,0.2963652915690274,0.10262301493079319,0.13854200084788995,0.4683340223232741,0.4550007992753238,0.3610016451773348,0.4390074064695828,0.13400045765784796,0.15347988699969303,0.040000233748626726,0.2975052825301615,0.1399995989009887,0.04,0.24575447495014743,5.076430039926327e-4,0,0.0037381729332455265,0.012480583770218743,0.0019992132110924358,0.014539543275518655,0,0.00799981750159686,0,0,0,0,0.014899723379366752,0.011963050549048145,0.008477826872613246,0.012030230626800602,0.02076078147348593,0.0299990875079843,0.04884140140089657,0.02085171102296227,5.082183604681701e-4,0.5699975299138822
CAF,7.904216975956132e-6,0,3.173673562680972e-4,0,0,0,0,4.501897185568449e-4,0.008656562171423583,0.2999998592863284,0.17250299490865528,0.26269443842762014,0.1320001037913715,0.08000051611155107,0.0025362745113395807,0.0066076915055232575,0,0.0022489748119091132,0.005,0.0066647371828107965,0.009070367103040971,0.06000074017875317,0.05829584227590707,0.05439928177604612,0.008320122997277668,0.013576769050818078,0.0032474830184571193,0,0.02144197108029037,0,0.013912500796910659,0.0037937889389099587,0,0,0,0,0,0,0,0,0,0,0,0,0,0.29636835891381347,0.08699204898672196,0.08007480944557283,0.4683298416291409,0.45501282810341426,0.3609914087003955,0.3933346688928698,0.13400066188837662,0.18400243309002434,0.04346191942316276,0.29750210496772383,0.014272412495199421,0.09612104599371017,0.38565907799779775,5.076430039926327e-4,0,0.0037381729332455265,0.012480583770218743,0.0019992132110924358,0.015994230237245267,0,0.006060914289322545,0,0,0,0,0.014999900544353904,0.011963050549048145,0.008477826872613246,0.012030230626800602,0.02076078147348593,0.023286944793123807,0.04884140140089657,0.02085171102296227,5.082183604681701e-4,0.5699975299138822
CAN,7.904216975956132e-6,0,3.173673562680972e-4,0,0,0,0,4.501897185568449e-4,0.009925467819657488,0.20599354007039297,0.0859996907491137,0.023999799893276413,0.1304590545379722,0.025999266929350315,0.0025362745113395807,0.0066076915055232575,0,0.0022489748119091132,0.005,0.0066647371828107965,0.018000131138941708,0.0434554400755499,0.015321761004685151,0.05999732929760527,0.008320122997277668,0.013576769050818078,0.07100047450450779,0,0.03300005526999392,0,0.015,0.006,0,0,0,0,0,0,0,0,0,0,0,0,0,0.13699976472909695,0.07399928087031415,0.16837103548886068,0.4880002548618436,0.5299993481944988,0.3440164569793095,0.4390074064695828,0.08700132372640873,0.15347988699969303,0.04599992348012396,0.47799672376226604,0.004000064175584399,0.04,0.19596382424845293,5.076430039926327e-4,0,0.0039999811776663605,0.01600021120340907,0.00850104188009995,0.10902967915724662,0,0.006000114960461812,0,0,0,0,0.006476611664546836,0.011963050549048145,0.008477826872613246,0.012030230626800602,0.02076078147348593,0.030000000000000002,0.049999999999999996,0.019999350933843932,5.082183604681701e-4,0.5699975299138822
CHE,7.904216975956132e-6,0,3.173673562680972e-4,0,0,0,0,4.501897185568449e-4,0.0012345775712865417,0.32039424213227136,0.0859995080879893,0.024000450628062865,0.1304590545379722,0.03374712694120035,0.0025362745113395807,0.0066076915055232575,0,0.0022489748119091132,0.005,0.0066647371828107965,0.018000164663263624,0.032214896179567215,0.03389995277467789,0.060001123090745734,0.008320122997277668,0.013576769050818078,0.0032474830184571193,0,0.03299957678293093,0,0.015,0.005999999999999999,0,0,0,0,0,0,0,0,0,0,0,0,0,0.1370005857264245,0.07399963950973325,0.1997952555669259,0.4880008179094442,0.5299911818232987,0.3439908507781811,0.43898897130970604,0.08699860014171405,0.15347988699969303,0.046000487316241165,0.47799745992517073,0.0040000308537225015,0.03999971923125518,0.15292829180441977,5.076430039926327e-4,0,0.003999979378892234,0.016000056617327025,0.003771700478704225,0.09493863879923317,0,0.006000015400845506,0,0,0,0,1.2631073368656428e-4,0.011963050549048145,0.008477826872613246,0.012030230626800602,0.02076078147348593,0.03,0.05000110607233713,0.01999971406513596,5.082183604681701e-4,0.5699975299138822
CHL,1.2624770617438087e-4,0,0.01,0,0,0,0,4.501897185568449e-4,0.008398730363977895,0.3069937210767593,0.1499996387570352,0.20000649941505266,0.1304590545379722,0.11904570801212484,0.0025362745113395807,0.0066076915055232575,0,0.02,0.01300031285848368,0.020000282949465226,0.02,0.018564970637446533,0.004840852664201003,0.01,0.01,0.013576769050818078,0.0032474830184571193,0,0.019999999999999997,0,0.013912500796910659,0.0037937889389099587,0,0,0,0,0,0,0,0,0,0,0,0,0,0.18399642440622097,0.09099865150954074,0.213509873033763,0.5400015952779772,0.3600003693921652,0.3999862268438813,0.2399984301002119,0.12320103920965371,0.15347988699969303,0.08000149169545172,0.1499983953271928,0.014272412495199421,0.0400003767755548,0.2537120527721313,5.076430039926327e-4,0,0.0037381729332455265,0.012480583770218743,4.5217261649117294e-5,0.039374463450862165,0,0.01,0,0,0,0,0.009994850219673255,0.011963050549048145,0.01199987078155622,0.016000352791462447,0.02076078147348593,0.023286944793123807,0.023,0.05000067819599865,0.02,0.5699975299138822
CHN,7.904216975956132e-6,0,3.173673562680972e-4,0,0,0,0,0.005340765646198313,3.0010303085863154e-4,0.3499940638727294,0.269999740255447,0.26000071997137053,0.1304590545379722,0.06089416510454359,0.0025362745113395807,0.0066076915055232575,0,0.0022489748119091132,0.0600002920006424,0.0066647371828107965,0.018000398194850015,0.016428027246346323,0.16045742612510183,0.05999981377505889,0.02,0.013576769050818078,0.0032474830184571193,0,0.0599991491896031,0,0.013912500796910659,0.0037937889389099587,0,0,0,0,0,0,0,0,0,0,0,0,0,0.1900000135369104,0.08000011849675022,0.19443499708125994,0.2799983556913633,0.21999726751070223,0.3599858732120784,0.3499972165005846,0.07999965695565295,0.15347988699969303,0.04000000000000001,0.17999464918734534,0.014272412495199421,0.24999546583963583,0.15705105946480044,5.076430039926327e-4,0,0.004000064054830935,0.016000105978512855,0.0014515371065191398,0.12063711252373452,0,0.005999926999306493,0,0,0,0,0.012661502279491432,0.011963050549048145,0.017000084504661842,0.012030230626800602,0.01699952979898907,0.02,0.04999863453266881,0.02000026122790175,5.082183604681701e-4,0.5699973928615695
CIV,7.904216975956132e-6,0,3.173673562680972e-4,0,0,0,0,4.501897185568449e-4,0.011000000000000001,0.3000000395921533,0.17249896698957806,0.3100005120589892,0.131999924456951,0.09056277302314274,0.029999769569325065,0.0066076915055232575,0,0.0022489748119091132,0.004999999999999999,0.0066647371828107965,0.009070367103040971,0.05971109474133271,0.0036061557780721664,0.0599990875079843,0.008320122997277668,0.013576769050818078,0.0032474830184571193,0,0.02000039657360406,0,0.009000255502427272,0.0037937889389099587,0,0,0,0,0,0,0,0,0,0,0,0,0,0.29636693123995983,0.08699204898672196,0.2501728401103624,0.4683301343570057,0.44185046933220534,0.361003861003861,0.43900526209269375,0.13400370713623727,0.1839999257278669,0.039999494029548666,0.2975022242725805,0.14000193911188674,0.04000063525002382,0.38387221539023275,5.076430039926327e-4,0,0.0037381729332455265,0.012480583770218743,1.6723612816410772e-6,0.02481075500595616,0,0.008000146001387013,0,0,0,0,0.014921195849523913,0.011963050549048145,0.008477826872613246,0.012030230626800602,0.02076078147348593,0.029999708003620753,0.04884140140089657,0.02085171102296227,5.082183604681701e-4,0.5699975299138822
CMR,7.904216975956132e-6,0,3.173673562680972e-4,0,0,0,0,4.501897185568449e-4,0.008656562171423583,0.30000013855987334,0.1725041332824622,0.31000071400671164,0.1320010190669747,0.08213084325948726,0.030000318288878988,0.0066076915055232575,0,0.0022489748119091132,0.0049999087507984295,0.0066647371828107965,0.009070367103040971,0.009340618197794243,0.09054970430443453,0.059998803255146,0.008320122997277668,0.013576769050818078,0.0032474830184571193,0,0.02144197108029037,0,0.009000255502427272,0.0037937889389099587,0,0,0,0,0,0,0,0,0,0,0,0,0,0.2963634403755132,0.10262522292278095,0.2561078089935347,0.46834097158570126,0.44185046933220534,0.3609875352937126,0.438999980376381,0.13399966293276797,0.18400025463266179,0.039999522877999905,0.2974983685011964,0.1399959890367003,0.03999964960229861,0.1716567188486886,5.076430039926327e-4,0,0.0037381729332455265,0.012480583770218743,4.468934774846119e-5,0.023349494471708154,0,0.008000146001387013,0,0,0,0,0.017042466171537207,0.011963050549048145,0.008477826872613246,0.012030230626800602,0.02076078147348593,0.029999257627873598,0.04884140140089657,0.02085171102296227,5.082183604681701e-4,0.5699975299138822
COG,7.904216975956132e-6,0,3.173673562680972e-4,0,0,0,0,4.501897185568449e-4,0.008656562171423583,0.3000000706112213,0.17249982863801494,0.3099962124522915,0.13200054941281505,0.1672169163766525,0.02999831280580395,0.0066076915055232575,0,0.0022489748119091132,0.01956466237652995,0.0066647371828107965,0.009070367103040971,0.02627845692887395,0.05829584227590707,0.05439928177604612,0.008320122997277668,0.013576769050818078,0.0032474830184571193,0,0.02,0,0.013912500796910659,0.0037937889389099587,0,0,0,0,0,0,0,0,0,0,0,0,0,0.2963640362554551,0.102624783089893,0.18886336669619622,0.4683294156803195,0.45498689355850624,0.36100783874580067,0.43898897130970604,0.1340002502393277,0.18399922856867346,0.03999942063411596,0.2974913428241631,0.014272412495199421,0.03999948470873162,0.3528232553440366,5.076430039926327e-4,0,0.0037381729332455265,0.012480583770218743,0.0019992132110924358,0.03204223355520252,0,0.007999927000194666,0,0,0,0,0.01455546063074302,0.011963050549048145,0.008477826872613246,0.012030230626800602,0.02076078147348593,0.03,0.04999907829004369,0.019999748104486258,5.082183604681701e-4,0.5699975299138822
COL,1.2624696544529036e-4,0,0.01,0,0,0,0,4.501897185568449e-4,0.010999917871222079,0.3069996825222776,0.14999920014646206,0.26269443842762014,0.08999771114671551,0.17994228471822982,0.0025362745113395807,0.020000365609547283,0,0.01999929809784516,0.013000273747604709,0.01999956932286788,0.019999999999999997,0.018479046355707643,0.010809328867189757,0.01,0.009999999999999998,0.013576769050818078,0.0032474830184571193,0,0.020000310587942972,0,0.013912500796910659,0.0037937889389099587,0,0,0,0,0,0,0,0,0,0,0,0,0,0.18399906187244397,0.0910014692556065,0.25238557965566955,0.5400008632503533,0.3600066782741431,0.37204610697291113,0.24000056102752187,0.12319859168078097,0.08489974016283669,0.0799989270770001,0.14999961133955708,0.014272412495199421,0.03999815151421794,0.4110340441909871,5.076430039926327e-4,0,0.0037381729332455265,0.012480583770218743,0.0014683539944022423,0.033232575798341435,0,0.009999999999999998,0,0,0,0,0.009999895968578455,0.011963050549048145,0.012,0.015999927855133104,0.02076078147348593,0.023286944793123807,0.02299944697912346,0.049999999999999996,5.082183604681701e-4,0.5699975299138822
CPV,7.904216975956132e-6,0,3.173673562680972e-4,0,0,0,0,4.501897185568449e-4,0.010778506160292802,0.29999715253851195,0.172499530083059,0.31000218097867427,0.1304590545379722,0.03271755066559598,0.0025362745113395807,0.0066076915055232575,0,0.0022489748119091132,0.0049998540039418934,0.0066647371828107965,0.009070367103040971,0.055934378757929844,0.05829584227590707,0.05999926999306493,0.008320122997277668,0.013576769050818078,0.0032474830184571193,0,0.020000228639367124,0,0.009,0.0037937889389099587,0,0,0,0,0,0,0,0,0,0,0,0,0,0.2963629312293246,0.10262565965914007,0.20847205305343836,0.46833412390966345,0.45499310978410656,0.3610106749311295,0.4390146137787056,0.13400186647771462,0.15347988699969303,0.039998274231763484,0.29749816491313924,0.1399995989009887,0.040000583992758486,0.3187527545445459,5.076430039926327e-4,0,0.0037381729332455265,0.012480583770218743,0.0019992132110924358,0.03649036740893338,0,0.008000221214467427,0,0,0,0,0.01493834471371135,0.011963050549048145,0.008477826872613246,0.012030230626800602,0.02076078147348593,0.029999570594297493,0.05,0.019999173485412018,5.082183604681701e-4,0.5699975299138822
CRI,1.2624967442202023e-4,0,0.009999905927507737,0,0,0,0,4.501897185568449e-4,0.011000172028212626,0.3070003342488846,0.1499991381341178,0.2000067592686471,0.09,0.05,0.0025362745113395807,0.019999342343231065,0,0.01999977044212846,0.013000014600032118,0.020000000000000004,0.020000365003467534,0.01445596393897365,0.008257368545920888,0.01,0.01,0.013576769050818078,0.0032474830184571193,0,0.02,0,0.013912500796910659,0.0037937889389099587,0,0,0,0,0,0,0,0,0,0,0,0,0,0.1839995415546669,0.09099824764028835,0.21342846552147146,0.539999536640178,0.3599961438687514,0.39999999999999997,0.23999577339351214,0.12319886403314788,0.08490049646503117,0.08000090626911661,0.1499997769984286,0.014272412495199421,0.039999310237795516,0.24852791955576564,5.076430039926327e-4,0,0.0037381729332455265,0.012480583770218743,0.0019992132110924358,0.03685651620848789,0,0.006060914289322545,0,0,0,0,0.009992667466563536,0.011963050549048145,0.011999843180303444,0.016000053795255258,0.02076078147348593,0.023286944793123807,0.023000624386763,0.04999829366095044,5.082183604681701e-4,0.5699975299138822
CUB,1.2624519535186523e-4,0,3.173673562680972e-4,0,0,0,0,4.501897185568449e-4,0.008656562171423583,0.3070003866997697,0.1499990174951366,0.2000004663700553,0.09000021959550508,0.04999975847860844,0.0025362745113395807,0.0066076915055232575,0,0.02,0.013000056154537287,0.019999906410199417,0.009070367103040971,0.011599582296252001,0.05829584227590707,0.010000065062232026,0.01,0.013576769050818078,0.0032474830184571193,0,0.020000000000000004,0,0.013912500796910659,0.0037937889389099587,0,0,0,0,0,0,0,0,0,0,0,0,0,0.18399979371101408,0.09099933584863001,0.23408521356178807,0.5400007008445177,0.36000747873235484,0.4000024121960633,0.2400059805259125,0.12319888895318558,0.08489990487956879,0.0799993240731353,0.15000232742168226,0.014272412495199421,0.04000021365923488,0.42298235192237343,5.076430039926327e-4,0,0.0037381729332455265,0.012480583770218743,0.010000000000000002,0.03864014357049953,0,0.006060914289322545,0,0,0,0,0.009994948091382927,0.011963050549048145,0.012000087320991967,0.01600014221716561,0.02076078147348593,0.023286944793123807,0.023000456248531018,0.05,5.082183604681701e-4,0.5699975299138822
CYP,7.904216975956132e-6,0,3.173673562680972e-4,0,0,0,0,4.501897185568449e-4,0.002595117557493205,0.32039424213227136,0.08600034001134736,0.0240004731488053,0.1304590545379722,0.04390538962122476,0.0025362745113395807,0.0066076915055232575,0,0.0022489748119091132,0.005000057937427578,0.0066647371828107965,0.017999174786555366,0.032742726584976845,0.025313355651992855,0.06,0.008320122997277668,0.014000450628062863,0.0032474830184571193,0,0.033000285156507055,0,0.015000142208401672,0.0037937889389099587,0,0,0,0,0,0,0,0,0,0,0,0,0,0.13700056588333548,0.0739994462731104,0.14273136698435007,0.48799976610580786,0.5300008942144326,0.3439976732349306,0.4389963107354981,0.087001312998687,0.1839981282171268,0.046001366016543976,0.47798383993843785,0.004000089134503967,0.04,0.13693776927603377,5.076430039926327e-4,0,0.00400002392537675,0.016000086587583343,0.007844471773741452,0.0817514582209831,0,0.006060914289322545,0,0,0,0,0.008535743590153253,0.011963050549048145,0.008477826872613246,0.012030230626800602,0.02076078147348593,0.030000000000000002,0.04999912771933498,0.02000062976257951,5.082183604681701e-4,0.5699975299138822
CZE,7.904216975956132e-6,0,3.173673562680972e-4,0,0,0,0,4.501897185568449e-4,0.008656562171423583,0.32039424213227136,0.08599983968973346,0.26269443842762014,0.1304590545379722,0.11904570801212484,0.0025362745113395807,0.0066076915055232575,0,0.0022489748119091132,0.005000178922884236,0.0066647371828107965,0.017999883510979094,0.02374121887055483,0.019334920077008416,0.06000123731749567,0.008320122997277668,0.013576769050818078,0.0032474830184571193,0,0.03299913344887348,0,0.015000000000000001,0.00599991491896031,0,0,0,0,0,0,0,0,0,0,0,0,0,0.13699843747629667,0.07400096360293947,0.26717800662114854,0.4880009241750825,0.5300066867268473,0.3440060698027314,0.4390031179818154,0.08699912584947692,0.1839963716470131,0.04600071366811688,0.4779977097987895,0.004,0.03999977217194184,0.1615404662151715,5.076430039926327e-4,0,0.00400005580116523,0.016000089707553376,8.10207662682607e-5,0.0731040512670215,0,0.006,0,0,0,0,2.028112513055467e-4,0.011963050549048145,0.008477826872613246,0.012030230626800602,0.02076078147348593,0.03,0.049999999999999996,0.020000211595429536,5.082183604681701e-4,0.5699975299138822
DEU,7.904216975956132e-6,0,3.173673562680972e-4,0,0,0,0,4.501897185568449e-4,0.008656562171423583,0.32039424213227136,0.08600024780759118,0.26269443842762014,0.1304590545379722,0.11904570801212484,0.0025362745113395807,0.0066076915055232575,0,0.0022489748119091132,0.005000178922884236,0.0066647371828107965,0.01800020563438207,0.027688741784125847,0.01962917490604661,0.06,0.008320122997277668,0.013576769050818078,0.0032474830184571193,0,0.032998635211542206,0,0.014999999999999998,0.00599991491896031,0,0,0,0,0,0,0,0,0,0,0,0,0,0.13700016086290248,0.0740001730365756,0.2018618850852295,0.48799866423488913,0.5300235190357195,0.34399611758180804,0.4390000237863038,0.086997447439965,0.184001572327044,0.04599987450586685,0.47800776196636485,0.004,0.04000009501097377,0.19327417943254752,5.076430039926327e-4,0,0.004000042902803699,0.015999987192581944,2.080602747734083e-4,0.1084529364569983,0,0.006000022776967931,0,0,0,0,2.0077946533159072e-4,0.011963050549048145,0.008477826872613246,0.012030230626800602,0.02076078147348593,0.030000510490581448,0.04999787297400774,0.019999496202627306,5.082183604681701e-4,0.5699975299138822
DJI,7.904216975956132e-6,0,3.173673562680972e-4,0,0,0,0,4.501897185568449e-4,0.0109999665115033,0.32039424213227136,0.17250034119922372,0.26269443842762014,0.1304590545379722,0.16950101188970404,0.0025362745113395807,0.0066076915055232575,0,0.0022489748119091132,0.005,0.0066647371828107965,0.009070367103040971,0.12638375097918414,0.05829584227590707,0.05439928177604612,0.008320122997277668,0.013576769050818078,0.0032474830184571193,0,0.02144197108029037,0,0.013912500796910659,0.0037937889389099587,0,0,0,0,0,0,0,0,0,0,0,0,0,0.2963633264890397,0.10262471332014707,0.19464606909591792,0.46833512644014325,0.45500657523952664,0.3609875352937126,0.43899342029320104,0.13399940562953738,0.15347988699969303,0.04000000000000001,0.29749995933570816,0.1399954593612835,0.039999999999999994,0.4014087224490118,5.076430039926327e-4,0,0.0037381729332455265,0.012480583770218743,0.009905711525955813,0.017756316676024706,0,0.007999854003941893,0,0,0,0,0.014930636782382978,0.011963050549048145,0.008477826872613246,0.012030230626800602,0.02076078147348593,0.029999270019709468,0.04884140140089657,0.019999999999999997,5.082183604681701e-4,0.5699975299138822
DMA,1.262498783672675e-4,0,0.01,0,0,0,0,4.501897185568449e-4,0.008656562171423583,0.3070015950010174,0.15000203413274749,0.20000140233769692,0.08999992610236793,0.034161635545058675,0.0025362745113395807,0.0066076915055232575,0,0.019999613757942104,0.01956466237652995,0.02,0.019999999999999997,0.02627845692887395,0.05829584227590707,0.01,0.01,0.013576769050818078,0.0032474830184571193,0,0.02,0,0.013912500796910659,0.0037937889389099587,0,0,0,0,0,0,0,0,0,0,0,0,0,0.18400359469782074,0.09099878170008895,0.17329595802853115,0.5399999402615945,0.35999902037274817,0.40000019425406197,0.3933346688928698,0.12319917398874358,0.08489996525978279,0.07999841844544484,0.14999195882920552,0.014272412495199421,0.03999884739511295,0.48141864016898706,5.076430039926327e-4,0,0.0037381729332455265,0.012480583770218743,0.0019992132110924358,0.08644221316394061,0,0.01,0,0,0,0,0.009937891407567203,0.011963050549048145,0.012000185610542677,0.016000044005530026,0.02076078147348593,0.023286944793123807,0.023000221214467424,0.04999947101702268,5.082183604681701e-4,0.5699975299138822
DNK,7.904216975956132e-6,0,3.173673562680972e-4,0,0,0,0,4.501897185568449e-4,0.008656562171423583,0.32039424213227136,0.0860003438938069,0.26269443842762014,0.1304590545379722,0.11904570801212484,0.0025362745113395807,0.0066076915055232575,0,0.0022489748119091132,0.005,0.0066647371828107965,0.018000101389029705,0.017785013224853846,0.012042078586001386,0.06000121669302835,0.008320122997277668,0.013576769050818078,0.0032474830184571193,0,0.03300018114301241,0,0.015,0.0037937889389099587,0,0,0,0,0,0,0,0,0,0,0,0,0,0.1369999844836147,0.074,0.19455930941266567,0.48799985610619356,0.529995155903424,0.3439957954257131,0.43899992732029947,0.0870006953914512,0.18399863277912057,0.04599933442276076,0.4779874213836478,0.003999924322688059,0.04,0.27677801704514055,5.076430039926327e-4,0,0.003999874277093287,0.01600007240261283,2.497886816798184e-4,0.11610166339414729,0,0.005999905289577117,0,0,0,0,4.4490672571645596e-5,0.011963050549048145,0.008477826872613246,0.012030230626800602,0.02076078147348593,0.029999646493212666,0.050000553036168564,0.0200006373486297,5.082183604681701e-4,0.5699975299138822
DOM,1.262473065265908e-4,0,0.01,0,0,0,0,4.501897185568449e-4,0.008656562171423583,0.30699910281524895,0.15000196633632215,0.19999352142787727,0.09000136360537261,0.050000747663551406,0.0025362745113395807,0.0066076915055232575,0,0.02000060833726218,0.012999913096376119,0.02,0.02,0.029495917432710347,0.009887888566787125,0.05439928177604612,0.008320122997277668,0.013576769050818078,0.0032474830184571193,0,0.02000017016352715,0,0.013912500796910659,0.0037937889389099587,0,0,0,0,0,0,0,0,0,0,0,0,0,0.18399968123191604,0.09100125293087045,0.30804733146210045,0.5399979614718173,0.359990675369655,0.39999430848036427,0.3933346688928698,0.12319981189871267,0.08489999008974572,0.08000060530855604,0.14999850431505107,0.014272412495199421,0.04000048132460531,0.3430349026244827,5.076430039926327e-4,0,0.0037381729332455265,0.012480583770218743,0.0019992132110924358,0.03597152600534082,0,0.006060914289322545,0,0,0,0,0.009981092081121199,0.011963050549048145,0.011999941786005356,0.015999844367060288,0.02076078147348593,0.023286944793123807,0.023000221214467424,0.05,5.082183604681701e-4,0.5699975299138822
DZA,7.904216975956132e-6,0,3.173673562680972e-4,0,0,0,0,0.005340633335338829,0.009983302898304071,0.32039424213227136,0.08600018253777288,0.26269443842762014,0.1304590545379722,0.11904570801212484,0.0025362745113395807,0.0066076915055232575,0,0.0022489748119091132,0.005,0.0066647371828107965,0.01800039459406136,0.037559313326980724,0.004294229862717345,0.05439928177604612,0.008320122997277668,0.013576769050818078,0.0032474830184571193,0,0.03300042115396186,0,0.015000129893746916,0.0037937889389099587,0,0,0,0,0,0,0,0,0,0,0,0,0,0.13700014931802854,0.07400048475010006,0.2688658718994769,0.48799913062537875,0.5299954065227377,0.3439964188561,0.4390031179818154,0.08700073117231294,0.15347988699969303,0.04600016306760361,0.47800277859638785,0.003999902441403868,0.039999806408835506,0.07470875464773762,5.076430039926327e-4,0,0.0037381729332455265,0.016000186355659776,4.130738905441387e-4,0.14048640732110038,0,0.006060914289322545,0,0,0,0,0.005663316691089367,0.011963050549048145,0.008477826872613246,0.012030230626800602,0.02076078147348593,0.0300001460003212,0.04999930871434694,0.019999999999999997,5.082183604681701e-4,0.5699975299138822
ECU,1.2625180585506797e-4,0,0.01,0,0,0,0,4.501897185568449e-4,0.010000000000000002,0.30699934896819026,0.14999909637543277,0.20000230430674928,0.1304590545379722,0.17999934904309334,0.0025362745113395807,0.0066076915055232575,0,0.019999999999999997,0.01300031285848368,0.02,0.02000033181803099,0.0167333763573445,0.0070004798135581605,0.05439928177604612,0.009999999999999998,0.013576769050818078,0.0032474830184571193,0,0.0199992611337902,0,0.013912500796910659,0.0037937889389099587,0,0,0,0,0,0,0,0,0,0,0,0,0,0.18400647530118364,0.09100156494522692,0.22351794497559332,0.5400102197240674,0.35999590121938724,0.4000114780911934,0.23999949683002916,0.12320017802243376,0.08490010443238431,0.08000060530855603,0.14999720436119654,0.014272412495199421,0.039999590650456426,0.356103585658048,5.076430039926327e-4,0,0.0037381729332455265,0.012480583770218743,0.014097072771989788,0.03723332356766292,0,0.01,0,0,0,0,0.010067810198461495,0.011963050549048145,0.011999430800792136,0.016000228284442416,0.02076078147348593,0.023286944793123807,0.02299944697912346,0.049999999999999996,5.082183604681701e-4,0.5699975299138822
EGY,7.904216975956132e-6,0,3.173673562680972e-4,0,0,0,0,0.005340588900481691,0.008656562171423583,0.20599635004779698,0.08600025303288021,0.0239996391845571,0.1304590545379722,0.04462738036576118,0.0025362745113395807,0.0066076915055232575,0,0.0022489748119091132,0.005000121669302835,0.0066647371828107965,0.017999817501596863,0.019992277655872897,0.01579662055942692,0.05999936522042721,0.008320122997277668,0.013576769050818078,0.0032474830184571193,0,0.03299922790762968,0,0.01500003732095273,0.0037937889389099587,0,0,0,0,0,0,0,0,0,0,0,0,0,0.13699978285839096,0.07400079067398073,0.2522186634823752,0.4880003372629578,0.529997502289568,0.3439914606432064,0.43899136577708014,0.08700091758228831,0.15347988699969303,0.046000057040184804,0.4780119284294234,0.004,0.03999878163930431,0.21986922320075789,5.076430039926327e-4,0,0.004000114724946939,0.01599994052987878,0.007770216572469902,0.11085179399780984,0,0.005999975666731556,0,0,0,0,0.01371254925988008,0.011963050549048145,0.008477826872613246,0.012030230626800602,0.02076078147348593,0.029999304766981066,0.04999841997155949,0.019999999999999997,5.082183604681701e-4,0.5699975299138822
ESP,7.904216975956132e-6,0,3.173673562680972e-4,0,0,0,0,4.501897185568449e-4,0.008656562171423583,0.32039424213227136,0.08600027146005496,0.024000760420132126,0.1304590545379722,0.11904570801212484,0.0025362745113395807,0.0066076915055232575,0,0.0022489748119091132,0.005,0.0066647371828107965,0.017999889870440437,0.03132500264623531,0.01255489450143268,0.05999926999306493,0.008320122997277668,0.013999999999999999,0.0032474830184571193,0,0.0329995320542817,0,0.015000116987341971,0.005999999999999999,0,0,0,0,0,0,0,0,0,0,0,0,0,0.13699959599188433,0.07399918461220632,0.2587290563949626,0.48800031945904937,0.53,0.34399986226369617,0.4390070400078495,0.08699813295260209,0.18400458786843332,0.046001674154808075,0.4779998913574882,0.004000044566258886,0.04,0.14857092788050144,5.076430039926327e-4,0,0.00399997627745884,0.015999906270104,3.558030448800051e-4,0.0811338934354802,0,0.006000078777375138,0,0,0,0,0.0058631089943048656,0.011963050549048145,0.008477826872613246,0.012030230626800602,0.02076078147348593,0.03,0.049999320606019436,0.02000037450378249,5.082183604681701e-4,0.5699975299138822
EST,7.904216975956132e-6,0,3.173673562680972e-4,0,0,0,0,4.501897185568449e-4,0.008656562171423583,0.32039424213227136,0.08599984630228924,0.023999797221940587,0.1304590545379722,0.11904570801212484,0.0025362745113395807,0.0066076915055232575,0,0.0022489748119091132,0.005,0.0066647371828107965,0.017999966436758462,0.02627845692887395,0.011792739410509427,0.05999975666731555,0.008320122997277668,0.013576769050818078,0.0032474830184571193,0,0.0329995320542817,0,0.014999585234342597,0.0037937889389099587,0,0,0,0,0,0,0,0,0,0,0,0,0,0.1369992469960753,0.0740019338726844,0.22069452450751229,0.4879988536218385,0.5300066119559722,0.3440061871616396,0.4390070400078495,0.08700204811422023,0.18399663086965676,0.04600116715954022,0.4780126587514996,0.003999959890098871,0.03999985076631498,0.20971543812974516,5.076430039926327e-4,0,0.0040001055320795535,0.016000083777904774,0.0019992132110924358,0.10597040887561913,0,0.006,0,0,0,0,1.46276944214422e-5,0.011963050549048145,0.008477826872613246,0.012030230626800602,0.02076078147348593,0.02999928197027357,0.04999929099133591,0.019999270365911495,5.082183604681701e-4,0.5699975299138822
ETH,7.904216975956132e-6,0,3.173673562680972e-4,0,0,0,0,4.501897185568449e-4,0.010999989335153467,0.32039424213227136,0.17250408747189863,0.3100052322539387,0.13199987959785683,0.16950020537573182,0.0025362745113395807,0.0066076915055232575,0,0.0022489748119091132,0.004999917046868519,0.0066647371828107965,0.009070367103040971,0.10332783296627254,0.007939196157644962,0.060000000000000005,0.008320122997277668,0.013576769050818078,0.0032474830184571193,0,0.02144197108029037,0,0.013912500796910659,0.0037937889389099587,0,0,0,0,0,0,0,0,0,0,0,0,0,0.29636372101685443,0.10262918826484263,0.8436650893358832,0.46832689686506135,0.45501400887228577,0.36098642868458575,0.43899102648281896,0.13399963683684896,0.15347988699969303,0.03999922257638187,0.29750301832949183,0.14000123023928152,0.04,0.3650322241414288,5.076430039926327e-4,0,0.0037381729332455265,0.012480583770218743,0.0019992132110924358,0.018521998504684545,0,0.006060914289322545,0,0,0,0,0.01544162704669642,0.011963050549048145,0.008477826872613246,0.012030230626800602,0.02076078147348593,0.023286944793123807,0.04884140140089657,0.02085171102296227,5.082183604681701e-4,0.5699975299138822
FIN,7.904216975956132e-6,0,3.173673562680972e-4,0,0,0,0,4.501897185568449e-4,3.2916839904517827e-4,0.32039424213227136,0.08600017654530029,0.024000760420132126,0.1304590545379722,0.11904570801212484,0.0025362745113395807,0.0066076915055232575,0,0.0022489748119091132,0.004999864819195674,0.0066647371828107965,0.018000065765676893,0.02627845692887395,0.007356208698168509,0.05999854003941893,0.008320122997277668,0.013576769050818078,0.0032474830184571193,0,0.03299991810854128,0,0.015000000000000001,0.0037937889389099587,0,0,0,0,0,0,0,0,0,0,0,0,0,0.137000209919331,0.07399911296015194,0.1576812637971692,0.4880003372629578,0.530001654807215,0.34399641885610005,0.43900392475301125,0.08699901797610869,0.1840028797696184,0.04600073640831008,0.4779954831227492,0.004000044567251984,0.039999831213658195,0.2126265216276879,5.076430039926327e-4,0,0.003999934010822225,0.016000088567795483,0.0035915608053046556,0.10760655592978988,0,0.005999740060002815,0,0,0,0,5.919880249402769e-5,0.011963050549048145,0.008477826872613246,0.012030230626800602,0.02076078147348593,0.03,0.049999999999999996,0.02000032059502437,5.082183604681701e-4,0.5699975299138822
FJI,7.904216975956132e-6,0,3.173673562680972e-4,0,0,0,0,4.501897185568449e-4,0.00999006032454659,0.20600025523417737,0.08599940024784938,0.024000146940746148,0.17100259899880932,0.04500014577735998,0.0025362745113395807,0.0066076915055232575,0,0.0022489748119091132,0.005,0.0066647371828107965,0.01800016322977311,0.01713343816175225,0.05829584227590707,0.06000028076874482,0.008320122997277668,0.013576769050818078,0.0032474830184571193,0,0.03300041289573824,0,0.01499990875079843,0.005999999999999999,0,0,0,0,0,0,0,0,0,0,0,0,0,0.1369980008603892,0.07399971401640612,0.17538509372486621,0.4880004752287038,0.44185046933220534,0.34399256949512375,0.43899177745331597,0.08700048895408277,0.15347988699969303,0.04599976744613012,0.4780003356466628,0.004000058544581699,0.04,0.284309802569267,5.076430039926327e-4,0,0.00400004987904332,0.015999887549109415,0.0019992132110924358,0.09940892522904148,0,0.005999958988660365,0,0,0,0,0.006476611664546836,0.011963050549048145,0.008477826872613246,0.012030230626800602,0.02076078147348593,0.0300004709650073,0.05000184348787907,0.02000022999344519,5.082183604681701e-4,0.5699975299138822
FRA,7.904216975956132e-6,0,3.173673562680972e-4,0,0,0,0,4.501897185568449e-4,4.4387808045278087e-4,0.32039424213227136,0.08600008030802589,0.26269443842762014,0.1304590545379722,0.03093419340236519,0.0025362745113395807,0.0066076915055232575,0,0.0022489748119091132,0.005000125865324103,0.0066647371828107965,0.017999534052962646,0.02622457380119893,0.03315099653669903,0.06000121669302835,0.008320122997277668,0.013576769050818078,0.0032474830184571193,0,0.033000338426442385,0,0.015000278629144609,0.0037937889389099587,0,0,0,0,0,0,0,0,0,0,0,0,0,0.1370008566964452,0.07399976989674115,0.19070367103656946,0.4880005592611174,0.529995155903424,0.3440044931199101,0.43898856245795026,0.0870006590286931,0.18400122517739548,0.045999903554033855,0.47801603373186496,0.003999858437146093,0.04,0.16225540561462576,5.076430039926327e-4,0,0.004000020565658435,0.016000049859147908,8.826708397068533e-4,0.08037221969987315,0,0.006000023322799202,0,0,0,0,0.001629496341710376,0.011963050549048145,0.008477826872613246,0.012030230626800602,0.02076078147348593,0.030000363187332024,0.049999999999999996,0.02,5.082183604681701e-4,0.5699975299138822
GAB,7.90421697596e-06,0,0.000317367356268,0,0,0,0,0.000450189718557,0.0106731686501,0.306796011603,0.172500128168,0.309993987169,0.130459054538,0.152674912225,0.00253627451134,0.00660769150552,0,0.00224897481191,0.00985489759888,0.00666473718281,0.00907036710304,0.0496253330022,0.0232909867821,0.0581324164673,0.00832012299728,0.0135767690508,0.00324748301846,0,0.0199996809509,0,0.0090000304184,0.00379378893891,0,0,0,0,0,0,0,0,0,0,0,0,0,0.296363678385,0.102625351088,0.202922719798,0.468332845688,0.45501195484,0.361006296208,0.439002278396,0.133999952625,0.153479887,0.0399999897042,0.29750181416,0.139999178725,0.0400000717448,0.196909381461,0.000507643003993,0,0.00373817293325,0.0124805837702,0.00665322360622,0.0246174685374,0,0.00735352319059,0,0,0,0,0.0149463248978,0.011963050549,0.00847782687261,0.0120302306268,0.0207607814735,0.0299997445028,0.0496139424571,0.0202836685683,0.000508218360468,0.569997529914
GBR,7.904216975956132e-6,0,3.173673562680972e-4,0,0,0,0,4.501897185568449e-4,0.0017540955216092024,0.32039424213227136,0.08600013030542143,0.26269443842762014,0.1304590545379722,0.11904570801212484,0.0025362745113395807,0.0066076915055232575,0,0.0022489748119091132,0.005000057937427578,0.0066647371828107965,0.018000000000000002,0.018185282759762552,0.012730310295237437,0.06000081109579042,0.008320122997277668,0.013576769050818078,0.0032474830184571193,0,0.03300112575326137,0,0.015000000000000001,0.005999999999999999,0,0,0,0,0,0,0,0,0,0,0,0,0,0.13700045239358954,0.07399986030349066,0.19513216704987776,0.48800010343066585,0.5299820653445273,0.3439960524339748,0.43900392475301125,0.08699882494704778,0.1840005183417384,0.04599955201984166,0.4779874213836478,0.003999933150611672,0.04,0.19599556989994427,5.076430039926327e-4,0,0.004000017193282584,0.01599991036046299,1.806552487909407e-4,0.12481553344564565,0,0.006000045625121192,0,0,0,0,9.954223247593578e-5,0.011963050549048145,0.008477826872613246,0.012030230626800602,0.02076078147348593,0.030000430681769243,0.04999787297400774,0.02,5.082183604681701e-4,0.5699975299138822
GEO,7.904216975956132e-6,0,3.173673562680972e-4,0,0,0,0,4.501897185568449e-4,0.009501176426121385,0.20600376593279257,0.08600016629617348,0.26269443842762014,0.1304590545379722,0.11904570801212484,0.0025362745113395807,0.0066076915055232575,0,0.0022489748119091132,0.00500011774402449,0.0066647371828107965,0.009070367103040971,0.02627845692887395,0.06302496425824579,0.05439928177604612,0.008320122997277668,0.013576769050818078,0.0032474830184571193,0,0.03299991810854128,0,0.015000260715403065,0.005999999999999999,0,0,0,0,0,0,0,0,0,0,0,0,0,0.13700087037344247,0.07399878333164352,0.2073131615074659,0.48799973516656914,0.5300118413262286,0.3439989287217355,0.3933346688928698,0.08700122497339197,0.15347988699969303,0.04600093078917625,0.4779858009847704,0.004,0.04,0.09083159550246536,5.076430039926327e-4,0,0.004000052225684592,0.016,0.0019992132110924358,0.09127911083679982,0,0.005999975666731556,0,0,0,0,6.571165847799156e-4,0.011963050549048145,0.008477826872613246,0.012030230626800602,0.02076078147348593,0.0300001460003212,0.04884140140089657,0.02000040691759919,5.082183604681701e-4,0.5699975299138822
GHA,7.904216975956132e-6,0,3.173673562680972e-4,0,0,0,0,4.501897185568449e-4,0.008656562171423583,0.30000003536739467,0.17249976602714087,0.3100015479277118,0.13199990625635913,0.0800107420570327,0.029999382105783488,0.0066076915055232575,0,0.0022489748119091132,0.01956466237652995,0.0066647371828107965,0.009070367103040971,0.05987936613434915,0.0030000000000000005,0.05999926999306493,0.008320122997277668,0.013576769050818078,0.0032474830184571193,0,0.020000484919018523,0,0.013912500796910659,0.0037937889389099587,0,0,0,0,0,0,0,0,0,0,0,0,0,0.29636313250945173,0.10262514699439693,0.7750847539777939,0.46833213809130436,0.45501797973193847,0.3610027087828842,0.3933346688928698,0.1339986981991755,0.1840000924202159,0.039999300772646226,0.2975036210275198,0.014272412495199421,0.04,0.3826966575013142,5.076430039926327e-4,0,0.0037381729332455265,0.012480583770218743,0.0019992132110924358,0.022557846443189783,0,0.008000146001387013,0,0,0,0,0.014922866828557202,0.011963050549048145,0.008477826872613246,0.012030230626800602,0.02076078147348593,0.030001042861612263,0.04999841997155949,0.02085171102296227,5.082183604681701e-4,0.5699975299138822
GIN,7.904216975956132e-6,0,3.173673562680972e-4,0,0,0,0,4.501897185568449e-4,0.008656562171423583,0.2999997570049401,0.17249883013570427,0.31000117212682415,0.13200181570585567,0.07999956932750489,0.0025362745113395807,0.0066076915055232575,0,0.0022489748119091132,0.005,0.0066647371828107965,0.009070367103040971,0.05999676230712206,0.0029999465383587277,0.05439928177604612,0.008320122997277668,0.013576769050818078,0.0032474830184571193,0,0.019999618524452582,0,0.013912500796910659,0.0037937889389099587,0,0,0,0,0,0,0,0,0,0,0,0,0,0.2963682311266098,0.10262483323089838,0.06995104534376007,0.4360785391885434,0.44185046933220534,0.36101163146617693,0.43899899989978547,0.13399901474099055,0.1840001401456878,0.04000000000000001,0.2974976558837319,0.13999679127226056,0.09612104599371017,0.47299016851130204,5.076430039926327e-4,0,0.0037381729332455265,0.012480583770218743,0.0019992132110924358,0.016814599104789094,0,0.006060914289322545,0,0,0,0,0.01573270493524763,0.011963050549048145,0.008477826872613246,0.012030230626800602,0.02076078147348593,0.023286944793123807,0.04884140140089657,0.02085171102296227,5.082183604681701e-4,0.5699975299138822
GMB,7.904216975956132e-6,0,3.173673562680972e-4,0,0,0,0,4.501897185568449e-4,0.011000522661091616,0.30000081524176,0.172501606929693,0.3099969583291088,0.1304590545379722,0.11904570801212484,0.0025362745113395807,0.0066076915055232575,0,0.0022489748119091132,0.01956466237652995,0.0066647371828107965,0.009070367103040971,0.05930289824045789,0.05829584227590707,0.05999926999306493,0.008320122997277668,0.013576769050818078,0.0032474830184571193,0,0.01999964903660548,0,0.009000255502427272,0.0037937889389099587,0,0,0,0,0,0,0,0,0,0,0,0,0,0.29636273912160005,0.08699204898672196,0.16302149370116065,0.46832167161890154,0.44185046933220534,0.37204610697291113,0.3933346688928698,0.09229756854661432,0.15347988699969303,0.04000085380691157,0.30810210238415586,0.14000356538015865,0.09612104599371017,0.24964177000071922,5.076430039926327e-4,0,0.0037381729332455265,0.012480583770218743,0.0019992132110924358,0.017493106532774683,0,0.008000365007908504,0,0,0,0,0.014901832129151395,0.011963050549048145,0.008477826872613246,0.012030230626800602,0.02076078147348593,0.029999443811006977,0.049999999999999996,0.019999999999999997,5.082183604681701e-4,0.5699975299138822
GNB,7.904216975956132e-6,0,3.173673562680972e-4,0,0,0,0,4.501897185568449e-4,0.010999960176814942,0.30000035098844197,0.17250046795197477,0.26269443842762014,0.1304590545379722,0.16950001410795404,0.0025362745113395807,0.0066076915055232575,0,0.0022489748119091132,0.004999999999999999,0.0066647371828107965,0.009070367103040971,0.05202227655624099,0.0030228630459265375,0.05439928177604612,0.008320122997277668,0.013576769050818078,0.0032474830184571193,0,0.02,0,0.013912500796910659,0.0037937889389099587,0,0,0,0,0,0,0,0,0,0,0,0,0,0.29636357609308184,0.10262495264834993,0.33717976857612647,0.4683308725914713,0.4550039470221911,0.37204610697291113,0.3933346688928698,0.13399739583333334,0.18399972417280577,0.04000000000000001,0.297502236536053,0.014272412495199421,0.09612104599371017,0.03567444835305404,5.076430039926327e-4,0,0.0037381729332455265,0.012480583770218743,0.0019992132110924358,0.025395023698206395,0,0.006060914289322545,0,0,0,0,0.0174685388933866,0.011963050549048145,0.008477826872613246,0.012030230626800602,0.02076078147348593,0.03000036500346753,0.050001005530417295,0.02085171102296227,5.082183604681701e-4,0.5699975299138822
GRC,7.904216975956132e-6,0,3.173673562680972e-4,0,0,0,0,4.501897185568449e-4,0.004037895375810263,0.32039424213227136,0.08600033496473565,0.024000230428020047,0.1304590545379722,0.11904570801212484,0.0025362745113395807,0.0066076915055232575,0,0.0022489748119091132,0.005,0.0066647371828107965,0.018000052143080612,0.03669201870182663,0.05737845163066285,0.05999926999306493,0.008320122997277668,0.013576769050818078,0.0032474830184571193,0,0.03300080826987706,0,0.01499984351527291,0.0037937889389099587,0,0,0,0,0,0,0,0,0,0,0,0,0,0.13700007246251086,0.0739997176493021,0.2419495638573067,0.4880002327227594,0.5300002448000392,0.3440027129962957,0.43899631073549805,0.08699848948163431,0.15347988699969303,0.0460003922880779,0.4779808196955962,0.003999919781806514,0.04000008626285586,0.1428867348536686,5.076430039926327e-4,0,0.003999942278172311,0.01600001561396044,0.0019295573744816557,0.11261959217669838,0,0.006,0,0,0,0,0.023716962516852215,0.011963050549048145,0.008477826872613246,0.012030230626800602,0.02076078147348593,0.030000918273645545,0.049998952594423614,0.02,5.082183604681701e-4,0.5699975299138822
GRD,7.904216975956132e-6,0,3.173673562680972e-4,0,0,0,0,4.501897185568449e-4,0.008656562171423583,0.20600100626629464,0.08600073060843445,0.023999874827888346,0.17099906363229245,0.026049129715786278,0.0025362745113395807,0.0066076915055232575,0,0.0022489748119091132,0.01956466237652995,0.0066647371828107965,0.018000153686556268,0.0036343810395651588,0.05829584227590707,0.05999926999306493,0.008320122997277668,0.013576769050818078,0.0032474830184571193,0,0.03300003755837197,0,0.013912500796910659,0.0037937889389099587,0,0,0,0,0,0,0,0,0,0,0,0,0,0.13699839304709957,0.07399973236986486,0.185163365097429,0.48799884326200116,0.5299952312827849,0.34400066153973374,0.4389989572471324,0.08699813786742312,0.18399710354815352,0.04599982707296286,0.4780137717001261,0.004000128270908158,0.0400002918131812,0.17656901766649646,5.076430039926327e-4,0,0.003999976823820478,0.016000022199128962,0.0019992132110924358,0.08644221316394061,0,0.006,0,0,0,0,3.552261289112849e-4,0.011963050549048145,0.008477826872613246,0.012030230626800602,0.02076078147348593,0.03000037436358191,0.050000553036168564,0.019999999999999997,5.082183604681701e-4,0.5699975299138822
GTM,1.2624621581480786e-4,0,0.01,0,0,0,0,4.501897185568449e-4,0.01099997564005749,0.30700332746134273,0.1499987772171092,0.26269443842762014,0.1304590545379722,0.11904570801212484,0.0025362745113395807,0.0066076915055232575,0,0.019999580466521227,0.012999963499653246,0.02,0.019999999999999997,0.04780423895249796,0.008033125757690957,0.01,0.01,0.013576769050818078,0.0032474830184571193,0,0.02,0,0.013912500796910659,0.0037937889389099587,0,0,0,0,0,0,0,0,0,0,0,0,0,0.18399934075407592,0.09099959899887997,0.30862978051881895,0.5400001411811213,0.3600016983214922,0.39999724529289427,0.2399986695935608,0.12319871708000182,0.08489997660271409,0.07999912783725444,0.14999849011022195,0.014272412495199421,0.04,0.3641061037262935,5.076430039926327e-4,0,0.0037381729332455265,0.012480583770218743,0.008422218336539023,0.040020908886530836,0,0.01,0,0,0,0,0.010000022167593882,0.011963050549048145,0.01199980789549515,0.016000421202269226,0.02076078147348593,0.023286944793123807,0.0230003502497834,0.049999999999999996,5.082183604681701e-4,0.5699975299138822
GUY,1.2624661147898637e-4,0,0.009999999999999998,0,0,0,0,4.501897185568449e-4,0.010999600388194326,0.3069973029667366,0.15000057982442916,0.26269443842762014,0.09000030533418828,0.1561437529109982,0.0025362745113395807,0.0066076915055232575,0,0.020000178048411362,0.012999966818196899,0.02,0.019999686020863917,0.010345013491371504,0.0052305825687591345,0.01,0.01,0.013576769050818078,0.0032474830184571193,0,0.01999989904012398,0,0.013912500796910659,0.0037937889389099587,0,0,0,0,0,0,0,0,0,0,0,0,0,0.18399863491420224,0.09099911233849492,0.2382159215675177,0.5400003079908219,0.36000125054711435,0.400004329379167,0.24000000000000002,0.1232003432003432,0.08489968105811263,0.08000140144348679,0.14999898816148943,0.014272412495199421,0.04000118609892065,0.408648723040324,5.076430039926327e-4,0,0.0037381729332455265,0.012480583770218743,0.0019992132110924358,0.037988193641210824,0,0.006060914289322545,0,0,0,0,0.00993030329387815,0.011963050549048145,0.012000211104074308,0.016000106663822296,0.02076078147348593,0.023286944793123807,0.04884140140089657,0.02085171102296227,5.082183604681701e-4,0.5699975299138822
HND,1.2624732682357597e-4,0,0.009999999999999998,0,0,0,0,4.501897185568449e-4,0.010999888030455715,0.3069949032932567,0.14999949620643444,0.2,0.1304590545379722,0.1774877812786861,0.0025362745113395807,0.02000036500346753,0,0.02,0.013000273747604709,0.01999992919501816,0.009070367103040971,0.02627845692887395,0.008490009948632903,0.01,0.01,0.013576769050818078,0.0032474830184571193,0,0.02,0,0.013912500796910659,0.0037937889389099587,0,0,0,0,0,0,0,0,0,0,0,0,0,0.18399996685133235,0.09099998708193925,0.2708581969323705,0.5399995907388755,0.36,0.3999862268438813,0.23999215070643645,0.12320030531314753,0.08489881246189135,0.08,0.15,0.014272412495199421,0.040001327316166714,0.286851201608369,5.076430039926327e-4,0,0.0037381729332455265,0.012480583770218743,0.0019992132110924358,0.03426641463675086,0,0.01,0,0,0,0,0.0099154292279672,0.011963050549048145,0.008477826872613246,0.01600027804810232,0.02076078147348593,0.023286944793123807,0.023000221214467424,0.05000114998045033,5.082183604681701e-4,0.5699975299138822
HRV,7.904216975956132e-6,0,3.173673562680972e-4,0,0,0,0,4.501897185568449e-4,4.002813670448849e-4,0.32039424213227136,0.08600037055236469,0.26269443842762014,0.1304590545379722,0.11904570801212484,0.0025362745113395807,0.0066076915055232575,0,0.0022489748119091132,0.005000123731749567,0.0066647371828107965,0.018000312858483677,0.033827479876529315,0.022469284813809547,0.05439928177604612,0.008320122997277668,0.013576769050818078,0.0032474830184571193,0,0.03300042115396186,0,0.015000129249062943,0.005999899725917508,0,0,0,0,0,0,0,0,0,0,0,0,0,0.1370002096106482,0.07399777360007022,0.34618388274926004,0.4879992307596868,0.5300045310376076,0.3439864209505335,0.43899136577708014,0.08699804205056524,0.15347988699969303,0.04599921639493695,0.47800235941801017,0.003999959890098871,0.04000020629961667,0.1172517206813033,5.076430039926327e-4,0,0.004000059246173236,0.016000051952437543,0.009587913418236406,0.08894576169749412,0,0.005999856866814571,0,0,0,0,0.0011129983204784975,0.011963050549048145,0.008477826872613246,0.012030230626800602,0.02076078147348593,0.03,0.05000112864269429,0.02,5.082183604681701e-4,0.5699975299138822
HTI,1.2624756908782806e-4,0,3.173673562680972e-4,0,0,0,0,0.005340651906023728,0.010999403934035368,0.30699972508171186,0.15000112135280003,0.19999971302342734,0.09000051134779732,0.18000250982209223,0.0025362745113395807,0.01999969583599477,0,0.020000365003467534,0.013000273747604709,0.020000159214752837,0.02,0.03255147223641034,0.05829584227590707,0.05439928177604612,0.01,0.013576769050818078,0.0032474830184571193,0,0.019999999999999997,0,0.013912500796910659,0.0037937889389099587,0,0,0,0,0,0,0,0,0,0,0,0,0,0.18399842556443974,0.09100009998500225,0.28335070239820287,0.5400015262903513,0.35999759239195855,0.39999999999999997,0.2399982688479183,0.1232,0.08489925997571524,0.07999892669314157,0.14999779025058557,0.014272412495199421,0.03999942042424945,0.6182557752784037,5.076430039926327e-4,0,0.0037381729332455265,0.012480583770218743,0.01272620241573279,0.04008655175433878,0,0.01,0,0,0,0,0.01,0.011963050549048145,0.01199980789549515,0.01599980515368503,0.02076078147348593,0.023286944793123807,0.04884140140089657,0.02085171102296227,5.082183604681701e-4,0.5699975299138822
HUN,7.904216975956132e-6,0,3.173673562680972e-4,0,0,0,0,4.501897185568449e-4,0.008656562171423583,0.32039424213227136,0.08600009411368437,0.26269443842762014,0.1304590545379722,0.11904570801212484,0.0025362745113395807,0.0066076915055232575,0,0.0022489748119091132,0.004999847917997384,0.0066647371828107965,0.018000269263564152,0.03932250222729828,0.06849931936616149,0.05439928177604612,0.008320122997277668,0.013576769050818078,0.0032474830184571193,0,0.03300044668495948,0,0.015,0.006,0,0,0,0,0,0,0,0,0,0,0,0,0,0.13699967614638184,0.07399978621864803,0.36206671477614155,0.48800077134455,0.5300123795683298,0.343997495695727,0.43898325872324767,0.0869999151319698,0.15347988699969303,0.04599950936640412,0.4780112684635298,0.003999959890098871,0.04000023113504642,0.13679684883481566,5.076430039926327e-4,0,0.0040000387855684445,0.016,3.298702207297023e-4,0.04722288364974917,0,0.005999958988660365,0,0,0,0,1.2682999149489916e-4,0.011963050549048145,0.008477826872613246,0.012030230626800602,0.02076078147348593,0.02999967555642074,0.050000553036168564,0.01999941224873633,5.082183604681701e-4,0.5699975299138822
IDN,7.904216975956132e-6,0,3.173673562680972e-4,0,0,0,0,4.501897185568449e-4,0.008656562171423583,0.45000009126735674,0.3,0.269999714799076,0.1304590545379722,0.09000130915755711,0.0025362745113395807,0.0066076915055232575,0,0.0022489748119091132,0.01956466237652995,0.0066647371828107965,0.01800053533190578,0.012467099413294214,0.009040798216497314,0.05,0.008320122997277668,0.013576769050818078,0.0032474830184571193,0,0.03300017938059102,0,0.013912500796910659,0.0037937889389099587,0,0,0,0,0,0,0,0,0,0,0,0,0,0.13699876163026445,0.07400002272030172,0.42509852731425957,0.48799746715212916,0.5300047956519423,0.6099786516080161,0.3933346688928698,0.08700024050885534,0.15347988699969303,0.045998558038932956,0.4780052407468064,0.004000050137879168,0.04000064888715852,0.2793455071602491,5.076430039926327e-4,0,0.003999961242563416,0.016000364265549585,0.0019992132110924358,0.08791660857706558,0,0.0059998540039418935,0,0,0,0,0.0064648811707635236,0.011963050549048145,0.008477826872613246,0.012030230626800602,0.02076078147348593,0.03,0.04999942392994988,0.019999999999999997,5.082183604681701e-4,0.5699975299138822
IND,7.904216975956132e-6,0,3.173673562680972e-4,0,0,0,0,5.454571742525013e-4,0.008656562171423583,0.25000345958512654,0.17000069015854824,0.23999874827888343,0.1304590545379722,0.11904570801212484,0.0025362745113395807,0.0066076915055232575,0,0.0022489748119091132,0.005,0.0066647371828107965,0.009070367103040971,0.01919773322151915,3.2689924260534344e-4,0.06000091249201569,0.008320122997277668,0.013576769050818078,0.0032474830184571193,0,0.01,0,0.013912500796910659,0.0037937889389099587,0,0,0,0,0,0,0,0,0,0,0,0,0,0.26999903148346677,0.11000051013250692,0.33392483277641283,0.30000144627800357,0.49998136900547757,0.30999557282699597,0.438997413254839,0.07000049032827477,0.15347988699969303,0.01,0.01,0.014272412495199421,0.009999999999999998,0.1640132400140988,0.019999999999999997,0,0.02,0.027999875594812304,0.0019992132110924358,0.10704608800156541,0,0.006060914289322545,0,0,0,0,0.009666272158449146,0.10999809786485329,0.09999999999999998,0.220001349770539,0.1499990081529825,0.0199995575808521,0.04884140140089657,0.019999999999999997,5.082183604681701e-4,0.5699975299138822
IRL,7.904216975956132e-6,0,3.173673562680972e-4,0,0,0,0,4.501897185568449e-4,0.008656562171423583,0.32039424213227136,0.08599975696366607,0.26269443842762014,0.1304590545379722,0.11904570801212484,0.0025362745113395807,0.0066076915055232575,0,0.0022489748119091132,0.004999913096376118,0.0066647371828107965,0.017999758679979487,0.030663760371255806,0.011372118017580583,0.06000027036891839,0.008320122997277668,0.013999702594189773,0.0032474830184571193,0,0.03300063344233107,0,0.015000196240040821,0.0060001039879374,0,0,0,0,0,0,0,0,0,0,0,0,0,0.1369989873497421,0.07400083348995318,0.1302721616853427,0.48799990182787834,0.529992086520707,0.34400108027817156,0.43900127479437895,0.0869991476410142,0.18400219733268228,0.046000250995726466,0.4779852197588487,0.003999959890098871,0.04000022842262755,0.13382865160865204,5.076430039926327e-4,0,0.004000070728860911,0.015999914123238517,0.0019992132110924358,0.11054045342215536,0,0.006,0,0,0,0,3.610527730688122e-5,0.011963050549048145,0.008477826872613246,0.012030230626800602,0.02076078147348593,0.030000000000000002,0.04999944696994835,0.019999669388699706,5.082183604681701e-4,0.5699975299138822
IRN,7.904216975956132e-6,0,3.173673562680972e-4,0,0,0,0,4.501897185568449e-4,0.008656562171423583,0.32039424213227136,0.0860004086819369,0.26269443842762014,0.1304590545379722,0.11904570801212484,0.0025362745113395807,0.0066076915055232575,0,0.0022489748119091132,0.005000119674485399,0.0066647371828107965,0.009070367103040971,0.037057976233387815,0.03584806918974922,0.05439928177604612,0.008320122997277668,0.013576769050818078,0.0032474830184571193,0,0.033000095717187615,0,0.014999543753992152,0.005999999999999999,0,0,0,0,0,0,0,0,0,0,0,0,0,0.13699993277301975,0.07399927299874975,0.14526697356568333,0.4879998991058253,0.5300038587532122,0.34399617476540556,0.4390021363717287,0.08699785215863196,0.15347988699969303,0.04599970394951995,0.47800040580298264,0.0039998892593914185,0.04000094560225999,0.09607870678633647,5.076430039926327e-4,0,0.0037381729332455265,0.0160000177447725,0.0019992132110924358,0.12143833368643626,0,0.005999926999306493,0,0,0,0,0.004342121980324988,0.011963050549048145,0.008477826872613246,0.012030230626800602,0.02076078147348593,0.029999663076560237,0.04884140140089657,0.02085171102296227,5.082183604681701e-4,0.5699975299138822
IRQ,7.904216975956132e-6,0,3.173673562680972e-4,0,0,0,0,4.501897185568449e-4,0.008656562171423583,0.32039424213227136,0.08600107822247324,0.26269443842762014,0.1304590545379722,0.11904570801212484,0.0025362745113395807,0.0066076915055232575,0,0.0022489748119091132,0.00499990875079843,0.0066647371828107965,0.017999791427677547,0.03974116992865363,0.012639208637789896,0.05439928177604612,0.008320122997277668,0.014000071150322844,0.0032474830184571193,0,0.032999333169550414,0,0.014999627560521414,0.0037937889389099587,0,0,0,0,0,0,0,0,0,0,0,0,0,0.13700035820392337,0.07400011780644401,0.12963438453050208,0.48799799009403494,0.5299964109218409,0.3439989287217355,0.3933346688928698,0.08700239534618455,0.15347988699969303,0.04600031933578157,0.30810210238415586,0.004000011609210748,0.04,0.11248102556911495,5.076430039926327e-4,0,0.0037381729332455265,0.015999920197909186,0.0019992132110924358,0.1310964532703358,0,0.006060914289322545,0,0,0,0,0.012745240572008673,0.011963050549048145,0.008477826872613246,0.012030230626800602,0.02076078147348593,0.023286944793123807,0.04884140140089657,0.02085171102296227,5.082183604681701e-4,0.5699975299138822
ISL,7.904216975956132e-6,0,3.173673562680972e-4,0,0,0,0,4.501897185568449e-4,0.008656562171423583,0.32039424213227136,0.08600009411368437,0.024000209051949408,0.1304590545379722,0.11904570801212484,0.0025362745113395807,0.0066076915055232575,0,0.0022489748119091132,0.004999946323710964,0.0066647371828107965,0.017999854003941895,0.02627845692887395,0.009162320768416981,0.05999933636393801,0.008320122997277668,0.013999864816149963,0.07100047450450779,0,0.033000523834468304,0,0.01499964904892258,0.0037937889389099587,0,0,0,0,0,0,0,0,0,0,0,0,0,0.13699896666122804,0.07400019312165054,0.18588035406607367,0.4880002975056015,0.5300064897359702,0.3440017216995634,0.43899696628975116,0.08699902559562855,0.15347988699969303,0.04600053297306007,0.477998322616718,0.004,0.03999983314283807,0.12404779666198984,5.076430039926327e-4,0,0.004000103095440604,0.01600004689276796,0.002695486731223133,0.08644221316394061,0,0.00599999041994185,0,0,0,0,4.97135622700482e-6,0.011963050549048145,0.008477826872613246,0.012030230626800602,0.02076078147348593,0.03000006255356149,0.04884140140089657,0.02,5.082183604681701e-4,0.5699975299138822
ISR,7.904216975956132e-6,0,3.173673562680972e-4,0,0,0,0,4.501897185568449e-4,0.008656562171423583,0.32039424213227136,0.0860006370616673,0.02399976602714085,0.1304590545379722,0.11904570801212484,0.0025362745113395807,0.0066076915055232575,0,0.0022489748119091132,0.004999864819195674,0.0066647371828107965,0.01799964390634737,0.031654920394431726,0.01971467590278093,0.06000091249201569,0.008320122997277668,0.014000135185372943,0.0032474830184571193,0,0.03300032647730983,0,0.015000282949465225,0.005999889895125107,0,0,0,0,0,0,0,0,0,0,0,0,0,0.13700000256020536,0.0739994104712503,0.27475850891425074,0.4880014829330297,0.5300003257010716,0.34400951995138745,0.3933346688928698,0.08700165507005908,0.15347988699969303,0.045999123362392244,0.47799465047350537,0.0039999721460106125,0.04000129991586655,0.14477297053621432,5.076430039926327e-4,0,0.003999907108520471,0.015999775302618636,0.0019992132110924358,0.10558982645423637,0,0.006060914289322545,0,0,0,0,9.346607104416004e-4,0.011963050549048145,0.008477826872613246,0.012030230626800602,0.02076078147348593,0.03000054074514681,0.05,0.020000682558913366,5.082183604681701e-4,0.5699975299138822
ITA,7.904216975956132e-6,0,3.173673562680972e-4,0,0,0,0,4.501897185568449e-4,0.008656562171423583,0.32039424213227136,0.08599975457918553,0.024000144840946536,0.1304590545379722,0.11904570801212484,0.0025362745113395807,0.0066076915055232575,0,0.0022489748119091132,0.005,0.0066647371828107965,0.01799980533385244,0.02412163185185581,0.04777247501573749,0.05999926999306493,0.008320122997277668,0.013576769050818078,0.0032474830184571193,0,0.0329991884007107,0,0.015,0.0037937889389099587,0,0,0,0,0,0,0,0,0,0,0,0,0,0.13700011378456206,0.07400111462420059,0.11143193068601483,0.4880000460264326,0.5299994617723836,0.34399932812631223,0.4389911383776414,0.08700155962662075,0.18399647039948658,0.04600029004607662,0.477997872906142,0.004,0.04,0.12622278348138777,5.076430039926327e-4,0,0.003999977124197024,0.016000101499335496,0.0018261460944674723,0.0858872461559984,0,0.006000019363333592,0,0,0,0,0.002667767042050745,0.011963050549048145,0.008477826872613246,0.012030230626800602,0.02076078147348593,0.030000613459296974,0.0500008254230293,0.01999946968592149,5.082183604681701e-4,0.5699975299138822
JAM,7.904216975956132e-6,0,3.173673562680972e-4,0,0,0,0,4.501897185568449e-4,0.008656562171423583,0.20599639013303025,0.08600154035095023,0.023999967633219644,0.17099996677148752,0.026000190160262844,0.0025362745113395807,0.0066076915055232575,0,0.0022489748119091132,0.004999932407770403,0.0066647371828107965,0.01800028257900438,0.00805552960871174,0.05829584227590707,0.05999926999306493,0.008320122997277668,0.013999324095978372,0.0032474830184571193,0,0.03299981818281993,0,0.015000182501733765,0.0037937889389099587,0,0,0,0,0,0,0,0,0,0,0,0,0,0.13700070077084792,0.07400019883051506,0.22965401283526418,0.48800066870262737,0.5299973386032764,0.344000669614832,0.4390070400078495,0.08700013469159171,0.18399880667109353,0.04599906410856341,0.4779999045756,0.014272412495199421,0.039999598167644465,0.2867570185398564,5.076430039926327e-4,0,0.004000029043594436,0.016000449072384855,0.0019992132110924358,0.09452224829106937,0,0.006000121669302835,0,0,0,0,0.01212997853006646,0.011963050549048145,0.008477826872613246,0.012030230626800602,0.02076078147348593,0.029999231577060016,0.050000553036168564,0.02,5.082183604681701e-4,0.5699975299138822
JOR,7.904216975956132e-6,0,3.173673562680972e-4,0,0,0,0,4.501897185568449e-4,0.00996436189777907,0.32039424213227136,0.08599950872775843,0.02399949305770693,0.1304590545379722,0.11904570801212484,0.0025362745113395807,0.0066076915055232575,0,0.0022489748119091132,0.004999847917997384,0.0066647371828107965,0.018,0.03613927579532066,0.029123622911194802,0.05999926999306493,0.008320122997277668,0.014000162223544043,0.0032474830184571193,0,0.03299955197132617,0,0.015000506945148536,0.006,0,0,0,0,0,0,0,0,0,0,0,0,0,0.13700007555899124,0.07399843721098784,0.1859318910929563,0.48800009736229316,0.5299928271339277,0.3439978627404417,0.4389874411302983,0.08699820251647693,0.15347988699969303,0.046000705313360646,0.47799267274431284,0.004000032609404552,0.03999983314283807,0.18928565147586557,5.076430039926327e-4,0,0.0040000573608282896,0.016000013679025097,0.0019992132110924358,0.13683844710465634,0,0.0059999109765868424,0,0,0,0,0.012507850743010944,0.011963050549048145,0.008477826872613246,0.012030230626800602,0.02076078147348593,0.029999663076560237,0.050000553036168564,0.019999999999999997,5.082183604681701e-4,0.5699975299138822
JPN,7.904216975956132e-6,0,3.173673562680972e-4,0,0,0,0,4.501897185568449e-4,0.003583446323028174,0.3500048281189649,0.26999969641702026,0.26000218712408807,0.050001911826559095,0.07904570000627699,0.0025362745113395807,0.0066076915055232575,0,0.0022489748119091132,0.05999935588453157,0.0066647371828107965,0.018000132727212396,0.01866126842575154,0.11605241849986223,0.05999862264373696,0.02,0.013576769050818078,0.0032474830184571193,0,0.0600004010990113,0,0.009000024333268445,0.0037937889389099587,0,0,0,0,0,0,0,0,0,0,0,0,0,0.19000145101411728,0.08000047313061658,0.2178665143425734,0.27999925933469744,0.22000272618000224,0.36,0.34998852421390864,0.07999967129051345,0.15347988699969303,0.040000837275505505,0.17999681921195976,0.014272412495199421,0.25,0.16912000592474927,5.076430039926327e-4,0,0.0039998881306633855,0.015999927511937878,0.006555429413267306,0.11496938205278752,0,0.006060914289322545,0,0,0,0,0.00999589712612701,0.011963050549048145,0.01700052792116377,0.012030230626800602,0.016999895442452687,0.020000750638042335,0.049999370126352645,0.02000023277738335,5.082183604681701e-4,0.5699959444014305
KAZ,7.904216975956132e-6,0,3.173673562680972e-4,0,0,0,0,4.501897185568449e-4,0.008875395464385483,0.32039424213227136,0.0859998210023598,0.26269443842762014,0.1304590545379722,0.11904570801212484,0.0025362745113395807,0.0066076915055232575,0,0.0022489748119091132,0.004999999999999999,0.0066647371828107965,0.01800039459406136,0.02627845692887395,0.011290550493882657,0.05999975666731555,0.008320122997277668,0.013999662047989187,0.0032474830184571193,0,0.03300003509633945,0,0.01500023548250365,0.0037937889389099587,0,0,0,0,0,0,0,0,0,0,0,0,0,0.13699988208113692,0.07400015798942067,0.23858502487562713,0.48800561722853764,0.5299916267032048,0.3439989287217355,0.4389935461364033,0.08699969227613089,0.15347988699969303,0.04600031927258622,0.47799267274431284,0.004000053480225686,0.039999669018474286,0.1062401005196258,5.076430039926327e-4,0,0.004000067602967771,0.016000114644798172,0.009363278596724818,0.10318064911274893,0,0.006000212622701017,0,0,0,0,2.606619938271992e-4,0.011963050549048145,0.008477826872613246,0.012030230626800602,0.02076078147348593,0.0299990875079843,0.050000553036168564,0.019999735505713077,5.082183604681701e-4,0.5699975299138822
KEN,7.904216975956132e-6,0,3.173673562680972e-4,0,0,0,0,4.501897185568449e-4,0.010966842956339975,0.29999861263336064,0.17249982208757358,0.31000015588707536,0.13200145516279632,0.1658062115753154,0.030000166325698987,0.0066076915055232575,0,0.0022489748119091132,0.005,0.0066647371828107965,0.009070367103040971,0.012049009491872915,0.005173493632500281,0.05999933636393801,0.008320122997277668,0.013576769050818078,0.0032474830184571193,0,0.019999561307304233,0,0.013912500796910659,0.0037937889389099587,0,0,0,0,0,0,0,0,0,0,0,0,0,0.29636476619543267,0.10262497889888345,0.4391773702656678,0.4683315621679065,0.4550056358233425,0.36100436621076265,0.43899439319949357,0.13399995294449804,0.18400408406364333,0.04,0.29749284329116266,0.1400011460004584,0.040000438000963603,0.39350241947797465,5.076430039926327e-4,0,0.0037381729332455265,0.012480583770218743,0.0019992132110924358,0.015822666037039926,0,0.008,0,0,0,0,0.015215696254255704,0.011963050549048145,0.008477826872613246,0.012030230626800602,0.02076078147348593,0.0300001460003212,0.04884140140089657,0.02085171102296227,5.082183604681701e-4,0.5699975299138822
KGZ,7.904216975956132e-6,0,3.173673562680972e-4,0,0,0,0,4.501897185568449e-4,0.008656562171423583,0.32039424213227136,0.08600014873320837,0.26269443842762014,0.1304590545379722,0.11904570801212484,0.0025362745113395807,0.0066076915055232575,0,0.0022489748119091132,0.005,0.0066647371828107965,0.018,0.02627845692887395,0.030034669514291595,0.05439928177604612,0.008320122997277668,0.013576769050818078,0.0032474830184571193,0,0.02144197108029037,0,0.01499990875079843,0.005999999999999999,0,0,0,0,0,0,0,0,0,0,0,0,0,0.1370005359303727,0.07399965526581469,0.18266762670937334,0.48799929537147135,0.5299994671497842,0.34399986226369617,0.438999980376381,0.0870016487823337,0.15347988699969303,0.045999710163108956,0.47799770979878947,0.003999919781806514,0.03999948470873162,0.1330374758956264,5.076430039926327e-4,0,0.004,0.016,0.009817871325548726,0.12445119539816643,0,0.006000091249201569,0,0,0,0,0.0010545535517023617,0.011963050549048145,0.008477826872613246,0.012030230626800602,0.02076078147348593,0.029999270019709468,0.04884140140089657,0.019999999999999997,5.082183604681701e-4,0.5699975299138822
KHM,7.90421697596e-06,0,0.000317367356268,0,0,0,0,0.000450189718557,0.010686304765,0.416663206323,0.289999578445,0.267563760806,0.116973309343,0.0951502009922,0.00253627451134,0.00660769150552,0,0.00224897481191,0.0330426215975,0.00666473718281,0.0150233462029,0.0141824640572,0.0460030499471,0.05333366953,0.0122135089224,0.0137178910957,0.00324748301846,0,0.0252949278841,0,0.012637646267,0.00379378893891,0,0,0,0,0,0,0,0,0,0,0,0,0,0.169201720607,0.0803307828459,0.273632088936,0.418673499273,0.500621769018,0.530684695712,0.394110784424,0.0846673021245,0.153479887,0.0440005044694,0.378664901902,0.0142724124952,0.110000227111,0.205565509889,0.000507643003993,0,0.00400003745106,0.0160000893833,0.00393484868208,0.0872945872658,0,0.00604064428827,0,0,0,0,0.00901017478023,0.011963050549,0.011318519231,0.0120302306268,0.0195071309725,0.0255246298621,0.0492281202256,0.0202840684706,0.000508218360468,0.569997529914
KIR,7.90421697596e-06,0,0.000317367356268,0,0,0,0,0.000450189718557,0.010686304765,0.416663206323,0.289999578445,0.267563760806,0.116973309343,0.0951502009922,0.00253627451134,0.00660769150552,0,0.00224897481191,0.0330426215975,0.00666473718281,0.0150233462029,0.0141824640572,0.0460030499471,0.05333366953,0.0122135089224,0.0137178910957,0.00324748301846,0,0.0252949278841,0,0.012637646267,0.00379378893891,0,0,0,0,0,0,0,0,0,0,0,0,0,0.169201720607,0.0803307828459,0.273632088936,0.418673499273,0.500621769018,0.530684695712,0.394110784424,0.0846673021245,0.153479887,0.0440005044694,0.378664901902,0.0142724124952,0.110000227111,0.205565509889,0.000507643003993,0,0.00400003745106,0.0160000893833,0.00393484868208,0.0872945872658,0,0.00604064428827,0,0,0,0,0.00901017478023,0.011963050549,0.011318519231,0.0120302306268,0.0195071309725,0.0255246298621,0.0492281202256,0.0202840684706,0.000508218360468,0.569997529914
KOR,7.904216975956132e-6,0,3.173673562680972e-4,0,0,0,0,4.501897185568449e-4,0.008047474609572086,0.34999493054851466,0.26999983964850954,0.25999975271090664,0.1304590545379722,0.0023980520029978484,0.0025362745113395807,0.0066076915055232575,0,0.0022489748119091132,0.05999918890420958,0.0066647371828107965,0.018000365007908505,0.015975232109267098,0.14778844666799804,0.060001396680555874,0.02,0.013999966203656764,0.0032474830184571193,0,0.06000028076874482,0,0.008999908750798431,0.00800012534469792,0,0,0,0,0,0,0,0,0,0,0,0,0,0.19000102725973794,0.08000057241394115,0.253258407727035,0.2800004609516346,0.2200007612087996,0.3599857516029447,0.3500068682666458,0.08,0.15347988699969303,0.0400002599698435,0.18,0.014272412495199421,0.25,0.22976954531461416,5.076430039926327e-4,0,0.004000066785272364,0.016000028135627793,0.0019992132110924358,0.11663413277987471,0,0.006,0,0,0,0,0.010006431191128644,0.011963050549048145,0.017000268514549246,0.012030230626800602,0.016999785545785975,0.02,0.04999956861966922,0.020000214163717455,5.082183604681701e-4,0.5699996252139403
KWT,7.904216975956132e-6,0,3.173673562680972e-4,0,0,0,0,4.501897185568449e-4,0.009999999999999998,0.32039424213227136,0.0860010495932826,0.02399960752890386,0.1304590545379722,0.11904570801212484,0.0025362745113395807,0.0066076915055232575,0,0.0022489748119091132,0.004999999999999999,0.0066647371828107965,0.017999817501596863,0.035832244104852,0.026644512640700748,0.05439928177604612,0.008320122997277668,0.01400007346998751,0.0032474830184571193,0,0.03299938157081014,0,0.015000103107665022,0.006000070192678903,0,0,0,0,0,0,0,0,0,0,0,0,0,0.13699992786280266,0.07399973581325772,0.2191342700038163,0.48799901851495386,0.5299988731306041,0.3440020543707906,0.4390031179818154,0.08700198147213874,0.15347988699969303,0.04599998936944886,0.477997640186464,0.004,0.03999875451488354,0.18317855207448805,5.076430039926327e-4,0,0.0037381729332455265,0.01600037789015569,0.0019992132110924358,0.1448040461419638,0,0.00599990875079843,0,0,0,0,0.0011003603482133732,0.011963050549048145,0.008477826872613246,0.012030230626800602,0.02076078147348593,0.03,0.04999787297400774,0.020000339097999323,5.082183604681701e-4,0.5699975299138822
LAO,7.904216975956132e-6,0,3.173673562680972e-4,0,0,0,0,4.501897185568449e-4,0.011000000000000001,0.45000065506092796,0.2999987159238286,0.26999891738723175,0.1304590545379722,0.11904570801212484,0.0025362745113395807,0.0066076915055232575,0,0.0022489748119091132,0.01956466237652995,0.0066647371828107965,0.009070367103040971,0.02627845692887395,0.05829584227590707,0.05000192108195336,0.008320122997277668,0.013576769050818078,0.0032474830184571193,0,0.02144197108029037,0,0.013912500796910659,0.0037937889389099587,0,0,0,0,0,0,0,0,0,0,0,0,0,0.18060319371790287,0.08699204898672196,0.40079069521169336,0.48800061371394965,0.5300064897359702,0.6100106583586128,0.3933346688928698,0.08700046923345599,0.15347988699969303,0.04600020277805942,0.4779983660130719,0.014272412495199421,0.040000438000963603,0.19893336633384803,5.076430039926327e-4,0,0.004000013216848839,0.016000421737558744,0.0019992132110924358,0.07268019594121763,0,0.006060914289322545,0,0,0,0,0.006476611664546836,0.011963050549048145,0.008477826872613246,0.012030230626800602,0.02076078147348593,0.023286944793123807,0.04884140140089657,0.019999999999999997,5.082183604681701e-4,0.5699975299138822
LBN,7.904216975956132e-6,0,3.173673562680972e-4,0,0,0,0,4.501897185568449e-4,0.008656562171423583,0.20600082560236382,0.08599997156184587,0.0239995228723087,0.1304590545379722,0.03872899485870052,0.0025362745113395807,0.0066076915055232575,0,0.0022489748119091132,0.005,0.0066647371828107965,0.01800020563438207,0.039024392592733485,0.021847397941813104,0.05999975666731555,0.008320122997277668,0.013576769050818078,0.0032474830184571193,0,0.032999923704890514,0,0.01499951610004286,0.005999999999999999,0,0,0,0,0,0,0,0,0,0,0,0,0,0.1370001069216703,0.07400072854919364,0.1644941150338516,0.48800157524805876,0.5300019715352932,0.3440123156700697,0.3933346688928698,0.08699818892309377,0.15347988699969303,0.04600094426201679,0.47799807799302,0.004,0.04,0.10011977596202587,5.076430039926327e-4,0,0.004,0.016000010447110198,0.0019992132110924358,0.11551067948420224,0,0.005999999999999999,0,0,0,0,0.005307364998512806,0.011963050549048145,0.008477826872613246,0.012030230626800602,0.02076078147348593,0.02999928197027357,0.050000553036168564,0.019999244313458776,5.082183604681701e-4,0.5699975299138822
LBR,7.90421697596e-06,0,0.000317367356268,0,0,0,0,0.000450189718557,0.0104592725355,0.301569583962,0.172500332312,0.299083470552,0.131407995324,0.118675397524,0.0088741089319,0.00660769150552,0,0.00224897481191,0.00948140713888,0.00666473718281,0.00907036710304,0.0444624433857,0.0257323560288,0.0578460714963,0.00832012299728,0.0135767690508,0.00324748301846,0,0.0203325492362,0,0.0127788790558,0.00379378893891,0,0,0,0,0,0,0,0,0,0,0,0,0,0.29636376483,0.0990179784546,0.29159264054,0.465849285196,0.450957423929,0.364397523719,0.410897926679,0.130792007775,0.167565656924,0.0402660206195,0.299131111447,0.0723008074468,0.0659020333621,0.345115453022,0.000507643003993,0,0.00373817293325,0.0124805837702,0.00152272954317,0.0204086677862,0,0.00635924720139,0,0,0,0,0.0166547661281,0.011963050549,0.00847782687261,0.0120302306268,0.0207607814735,0.0263852766497,0.0491979174502,0.0207206785579,0.000508218360468,0.569997529914
LCA,7.904216975956132e-6,0,3.173673562680972e-4,0,0,0,0,4.501897185568449e-4,0.008656562171423583,0.20600182375860068,0.08599986724102392,0.024000068972652343,0.17100636626961385,0.03060456409642341,0.0025362745113395807,0.0066076915055232575,0,0.0022489748119091132,0.005000182501733766,0.0066647371828107965,0.017999541704857926,0.04256129030201881,0.05829584227590707,0.06,0.008320122997277668,0.014000245790832002,0.0032474830184571193,0,0.03299942553497056,0,0.014999847917997385,0.005999999999999999,0,0,0,0,0,0,0,0,0,0,0,0,0,0.13699958000839985,0.07399923651059012,0.15261841083866073,0.48799938798091547,0.5300073404713089,0.34399696655224715,0.4390010761537001,0.08700043896705859,0.1840016146393972,0.04599979212950332,0.4779994986212084,0.00400005563746627,0.039998952495679044,0.1426150429724324,5.076430039926327e-4,0,0.003999983004108757,0.015999894062360853,0.0019992132110924358,0.059525332466718005,0,0.006000121669302835,0,0,0,0,3.8833222155088416e-4,0.011963050549048145,0.008477826872613246,0.012030230626800602,0.02076078147348593,0.02999928197027357,0.049999999999999996,0.02,5.082183604681701e-4,0.5699975299138822
LKA,7.904216975956132e-6,0,3.173673562680972e-4,0,0,0,0,4.501897185568449e-4,0.00748967207606096,0.24999770820919467,0.1700015679463521,0.2400006417043668,0.1304590545379722,0.11904570801212484,0.0025362745113395807,0.0066076915055232575,0,0.0022489748119091132,0.01956466237652995,0.0066647371828107965,0.009070367103040971,0.0034162178477504294,3.496409179414388e-5,0.05439928177604612,0.008320122997277668,0.013576769050818078,0.0032474830184571193,0,0.009999968229190385,0,0.009000255502427272,0.0037937889389099587,0,0,0,0,0,0,0,0,0,0,0,0,0,0.2700055061025971,0.11000099940338647,0.30049775915030297,0.2999959600856462,0.5,0.37204610697291113,0.3933346688928698,0.09229756854661432,0.23999955220204644,0.009999999999999998,0.01,0.014272412495199421,0.01,0.16350572658835455,0.019999999999999997,0,0.020000573624734695,0.027999719897762683,0.0019992132110924358,0.09370691839617754,0,0.006060914289322545,0,0,0,0,0.009409644394391658,0.10999791057250312,0.1,0.22000109323704273,0.1499962921764924,0.019999768255660355,0.049999999999999996,0.019999999999999997,5.082183604681701e-4,0.5699975299138822
LSO,7.90421697596e-06,0,0.000317367356268,0,0,0,0,0.000450189718557,0.00978093582775,0.302913252848,0.172500547685,0.3100005415,0.131449976518,0.117321772974,0.0162680089943,0.00660769150552,0,0.00224897481191,0.0122823116454,0.00666473718281,0.00907036710304,0.0355315983864,0.0260259758807,0.058799500002,0.00832012299728,0.013667447352,0.00324748301846,0,0.0203089363403,0,0.0118071932833,0.00379378893891,0,0,0,0,0,0,0,0,0,0,0,0,0,0.296363557432,0.101508594732,0.362352746195,0.468333029111,0.449363847797,0.362578663878,0.425953249158,0.131021410988,0.168740310923,0.0399994663049,0.297500297383,0.104077541457,0.0400000777755,0.316700478158,0.000507643003993,0,0.00373817293325,0.0124805837702,0.0024893279306,0.0228563048904,0,0.0077230434314,0,0,0,0,0.0157545734566,0.011963050549,0.00847782687261,0.0120302306268,0.0207607814735,0.029040926431,0.0494207326877,0.020486564604,0.000508218360468,0.569997529914
LTU,7.904216975956132e-6,0,3.173673562680972e-4,0,0,0,0,4.501897185568449e-4,5.714143759002516e-5,0.32039424213227136,0.0860000315025424,0.26269443842762014,0.1304590545379722,0.11904570801212484,0.0025362745113395807,0.0066076915055232575,0,0.0022489748119091132,0.005,0.0066647371828107965,0.017999916888297874,0.02627845692887395,0.020304194501286014,0.06,0.008320122997277668,0.013576769050818078,0.0032474830184571193,0,0.03300094966761633,0,0.014999594452104791,0.0037937889389099587,0,0,0,0,0,0,0,0,0,0,0,0,0,0.13699936427209153,0.07400116356158083,0.2549622181570576,0.4879997752466267,0.5300148387967085,0.34400556236135477,0.43898897130970604,0.08699760402254243,0.18399922545665784,0.04600005425494398,0.4780112684635298,0.004,0.03999969583136891,0.15972037830004687,5.076430039926327e-4,0,0.00399996964353926,0.016000078852110404,3.480039622481708e-4,0.07879289759116644,0,0.006000139256881305,0,0,0,0,2.7260769777630873e-5,0.011963050549048145,0.008477826872613246,0.012030230626800602,0.02076078147348593,0.0300004709650073,0.05,0.019999796543270158,5.082183604681701e-4,0.5699975299138822
LUX,7.904216975956132e-6,0,3.173673562680972e-4,0,0,0,0,4.501897185568449e-4,5.068848459115541e-6,0.32039424213227136,0.08600022535998082,0.023999723489561732,0.1304590545379722,0.11904570801212484,0.0025362745113395807,0.0066076915055232575,0,0.0022489748119091132,0.005000128073770492,0.0066647371828107965,0.009070367103040971,0.02627845692887395,0.05829584227590707,0.05999975666731555,0.008320122997277668,0.013576769050818078,0.07100047450450779,0,0.03299992200904695,0,0.014999854001810376,0.0037937889389099587,0,0,0,0,0,0,0,0,0,0,0,0,0,0.13700020089004505,0.0740027671427421,0.14845561072765814,0.4880001519189513,0.5300032790468904,0.343993245204359,0.4389879987025624,0.0869983853526301,0.18400392541707558,0.04600047197603237,0.4779975726636888,0.004,0.039999590650456426,0.16605500843068444,5.076430039926327e-4,0,0.004000037755286415,0.015999961895780197,8.6166532933034e-4,0.0859834052204792,0,0.006000028627456593,0,0,0,0,4.5357193791108804e-4,0.011963050549048145,0.008477826872613246,0.012030230626800602,0.02076078147348593,0.029999732598871568,0.049999198525286524,0.019999760639571065,5.082183604681701e-4,0.5699975299138822
LVA,7.904216975956132e-6,0,3.173673562680972e-4,0,0,0,0,4.501897185568449e-4,0.0018472915545493347,0.32039424213227136,0.08600020174891088,0.26269443842762014,0.1304590545379722,0.11904570801212484,0.0025362745113395807,0.0066076915055232575,0,0.0022489748119091132,0.004999864819195674,0.0066647371828107965,0.009070367103040971,0.02627845692887395,0.01340969784293827,0.05999975666731555,0.008320122997277668,0.013576769050818078,0.0032474830184571193,0,0.03299966429639576,0,0.015000196240040821,0.006,0,0,0,0,0,0,0,0,0,0,0,0,0,0.13700129265445965,0.07400169506958891,0.2256042711893618,0.48800017873500307,0.5299954065227377,0.34400000000000003,0.4390018484288355,0.0870023688763803,0.1839962564342536,0.04599993776643744,0.4779915263941372,0.004,0.04,0.1851230741448952,5.076430039926327e-4,0,0.003999989179714129,0.016000099583960346,0.0019992132110924358,0.0961353425406551,0,0.005999933851184063,0,0,0,0,1.25366810164153e-4,0.011963050549048145,0.008477826872613246,0.012030230626800602,0.02076078147348593,0.029999689363817097,0.04999944696994835,0.02,5.082183604681701e-4,0.5699975299138822
MAR,7.904216975956132e-6,0,3.173673562680972e-4,0,0,0,0,0.0053409365485913105,0.008656562171423583,0.32039424213227136,0.08599951952593227,0.024000368697575814,0.1304590545379722,0.11904570801212484,0.0025362745113395807,0.0066076915055232575,0,0.0022489748119091132,0.0050001073537305415,0.0066647371828107965,0.018,0.023136768956398747,0.0022002943846167163,0.05439928177604612,0.008320122997277668,0.013576769050818078,0.0032474830184571193,0,0.03299991810854128,0,0.014999856301192702,0.0037937889389099587,0,0,0,0,0,0,0,0,0,0,0,0,0,0.13699933321563187,0.07399950262080575,0.2000633170260759,0.488000062752973,0.5299846279048738,0.3440075921908894,0.43899322477118746,0.08700301041872188,0.15347988699969303,0.04599948424581476,0.47798675683291064,0.004,0.039999744396968545,0.15076067375591515,5.076430039926327e-4,0,0.004,0.015999908806447385,2.821318367978376e-4,0.1334765921042349,0,0.005999999999999999,0,0,0,0,0.001530948918841927,0.011963050549048145,0.008477826872613246,0.012030230626800602,0.02076078147348593,0.029999870796025684,0.05,0.019999999999999997,5.082183604681701e-4,0.5699975299138822
MDA,7.904216975956132e-6,0,3.173673562680972e-4,0,0,0,0,4.501897185568449e-4,0.008656562171423583,0.32039424213227136,0.08600008394977221,0.26269443842762014,0.1304590545379722,0.11904570801212484,0.0025362745113395807,0.0066076915055232575,0,0.0022489748119091132,0.005000056154537287,0.0066647371828107965,0.018,0.02627845692887395,0.009822605548824363,0.05439928177604612,0.008320122997277668,0.013576769050818078,0.0032474830184571193,0,0.03299922790762967,0,0.015000663658083358,0.0037937889389099587,0,0,0,0,0,0,0,0,0,0,0,0,0,0.13699977379793274,0.07399999497453344,0.2583272303949498,0.488010239486792,0.5299904649727971,0.34400108027817156,0.43898897130970604,0.0869988780852655,0.15347988699969303,0.046000642467073555,0.478005265444879,0.003999959890098871,0.040001445944276924,0.10393897911237814,5.076430039926327e-4,0,0.003999952837696828,0.0160000588995358,0.0010383926978269706,0.06579422069705275,0,0.006000097333073779,0,0,0,0,0.004403324641226962,0.011963050549048145,0.008477826872613246,0.012030230626800602,0.02076078147348593,0.02999967555642074,0.049999999999999996,0.019999999999999997,5.082183604681701e-4,0.5699975299138822
MDG,7.904216975956132e-6,0,3.173673562680972e-4,0,0,0,0,4.501897185568449e-4,0.011000133025895708,0.2999999313548426,0.17249770095298553,0.31000106367810837,0.1304590545379722,0.08000188832151821,0.030000674445268768,0.0066076915055232575,0,0.0022489748119091132,0.0049999087507984295,0.0066647371828107965,0.009070367103040971,0.03724306081717266,0.004393608860474516,0.05999926999306493,0.008320122997277668,0.013576769050818078,0.0032474830184571193,0,0.019999999999999997,0,0.013912500796910659,0.0037937889389099587,0,0,0,0,0,0,0,0,0,0,0,0,0,0.29636441697630167,0.1026263279943914,0.2366761140191981,0.4683294842186298,0.45499447439049145,0.36099871148586027,0.43900514471483126,0.13400083332281157,0.15347988699969303,0.04000085829542528,0.2975093765663619,0.014272412495199421,0.04,0.4601864582535631,5.076430039926327e-4,0,0.0037381729332455265,0.012480583770218743,7.948210535525424e-6,0.014879890346916646,0,0.006060914289322545,0,0,0,0,0.014999209742485316,0.011963050549048145,0.008477826872613246,0.012030230626800602,0.02076078147348593,0.029999663076560237,0.049999999999999996,0.02085171102296227,5.082183604681701e-4,0.5699975299138822
MDV,7.904216975956132e-6,0,3.173673562680972e-4,0,0,0,0,4.501897185568449e-4,0.008656562171423583,0.20599639013303028,0.08599889223526154,0.02400044081992506,0.17099981810465045,0.026407702153277514,0.0025362745113395807,0.0066076915055232575,0,0.0022489748119091132,0.004999932407770403,0.0066647371828107965,0.017999817501596863,0.021194538140383645,0.007813018610632272,0.060000973330737783,0.008320122997277668,0.014000135185372943,0.0032474830184571193,0,0.033000359764545587,0,0.014999575587810883,0.0037937889389099587,0,0,0,0,0,0,0,0,0,0,0,0,0,0.1369990027743638,0.07399949705097085,0.28472888890739945,0.48799900949820474,0.5299882647721146,0.34399122143181476,0.43900070443795913,0.08699806006505346,0.15347988699969303,0.04600083456045908,0.47799859174172127,0.004,0.039998718058285615,0.16162653941295949,5.076430039926327e-4,0,0.004,0.016,0.0019992132110924358,0.08644221316394061,0,0.006060914289322545,0,0,0,0,0.002319802551351983,0.011963050549048145,0.008477826872613246,0.012030230626800602,0.02076078147348593,0.03,0.04999930871434695,0.0200003111678128,5.082183604681701e-4,0.5699975299138822
MEX,1.262465563360082e-4,0,3.173673562680972e-4,0,0,0,0,4.501897185568449e-4,0.010975746216329975,0.3069937210767593,0.14999945805528558,0.2000025347257427,0.1304590545379722,0.16689268090556372,0.0025362745113395807,0.020000561537489647,0,0.01999988357268848,0.013000014038437242,0.019999804813303924,0.02,0.01627670949696441,0.014943143011757861,0.009999999999999998,0.01,0.013576769050818078,0.0032474830184571193,0,0.019999999999999997,0,0.013912500796910659,0.0037937889389099587,0,0,0,0,0,0,0,0,0,0,0,0,0,0.18399865129015944,0.09100174307295189,0.456898686776732,0.540000265209781,0.35999963838212157,0.3999947586351486,0.24000276676196627,0.12320124355648009,0.15347988699969303,0.07999812623331909,0.14999939937775533,0.014272412495199421,0.03999873973408389,0.4429838804058449,5.076430039926327e-4,0,0.0037381729332455265,0.012480583770218743,0.0091944523868552,0.04018860794389773,0,0.01,0,0,0,0,0.009980350754860012,0.011963050549048145,0.012000371816322738,0.016,0.02076078147348593,0.023286944793123807,0.02299944696753867,0.049999999999999996,0.019999771876996076,0.5699975299138822
MKD,7.904216975956132e-6,0,3.173673562680972e-4,0,0,0,0,4.501897185568449e-4,0.008656562171423583,0.32039424213227136,0.08600035698484844,0.26269443842762014,0.1304590545379722,0.11904570801212484,0.0025362745113395807,0.0066076915055232575,0,0.0022489748119091132,0.004999864819195674,0.0066647371828107965,0.018000000000000002,0.02006855233531421,0.01643887909146497,0.0599979340265822,0.008320122997277668,0.013576769050818078,0.0032474830184571193,0,0.033,0,0.015000375734023253,0.0060001039879374,0,0,0,0,0,0,0,0,0,0,0,0,0,0.13700012495277736,0.07400122830066935,0.5668516119912098,0.4880022762479846,0.5300060277275467,0.34399459652747433,0.4389935461364033,0.08699972910161541,0.18399861519819974,0.04599984540465332,0.47798487724429783,0.004000053480225686,0.04000037144860311,0.13782702352549916,5.076430039926327e-4,0,0.004000025838291055,0.01599986429867861,0.0019992132110924358,0.10999904344665302,0,0.005999975666731556,0,0,0,0,0.0029366489483268333,0.011963050549048145,0.008477826872613246,0.012030230626800602,0.02076078147348593,0.03,0.04999930871434694,0.019999999999999997,5.082183604681701e-4,0.5699975299138822
MLI,7.904216975956132e-6,0,3.173673562680972e-4,0,0,0,0,4.501897185568449e-4,0.010999630314232902,0.29999503401698363,0.17249744351473806,0.3100001373833958,0.13199874882702534,0.11904570801212484,0.0025362745113395807,0.0066076915055232575,0,0.0022489748119091132,0.00499990875079843,0.0066647371828107965,0.009070367103040971,0.00804234543224489,0.0058117840394521746,0.060001123090745734,0.008320122997277668,0.013576769050818078,0.0032474830184571193,0,0.01999964903660548,0,0.013912500796910659,0.0037937889389099587,0,0,0,0,0,0,0,0,0,0,0,0,0,0.29636671084502536,0.10262899593910584,0.1554544905807682,0.46833328176727207,0.45498949113406945,0.37204610697291113,0.3933346688928698,0.1339992058401295,0.15347988699969303,0.04,0.29749512941831335,0.014272412495199421,0.040000438000963603,0.5233768558685651,5.076430039926327e-4,0,0.0037381729332455265,0.012480583770218743,9.541722509730376e-4,0.02148698555761879,0,0.006060914289322545,0,0,0,0,0.01817704460389492,0.011963050549048145,0.008477826872613246,0.012030230626800602,0.02076078147348593,0.0300001460003212,0.04884140140089657,0.02085171102296227,5.082183604681701e-4,0.5699975299138822
MLT,7.904216975956132e-6,0,3.173673562680972e-4,0,0,0,0,4.501897185568449e-4,0.008656562171423583,0.32039424213227136,0.08599994719708527,0.024000450628062865,0.1304590545379722,0.11904570801212484,0.0025362745113395807,0.0066076915055232575,0,0.0022489748119091132,0.0050000730001606005,0.0066647371828107965,0.018,0.016892154239215116,0.014718142838061677,0.0599990875079843,0.008320122997277668,0.013999966203656764,0.0032474830184571193,0,0.033000981206128766,0,0.014999932657211739,0.0037937889389099587,0,0,0,0,0,0,0,0,0,0,0,0,0,0.1370003152174856,0.07399953346822973,0.16196357928093189,0.48800038993401584,0.5300154867837363,0.34399641885610005,0.4390004589406383,0.08699778262416849,0.15347988699969303,0.0459997040199755,0.47801478155112737,0.004000095501862287,0.04,0.15742925239633423,5.076430039926327e-4,0,0.0040000828567630965,0.015999954801749174,5.031718639900098e-4,0.058447726753045645,0,0.005999889392766286,0,0,0,0,0.0028560194814067374,0.011963050549048145,0.008477826872613246,0.012030230626800602,0.02076078147348593,0.029999160933042456,0.049999392281981164,0.020000475494216803,5.082183604681701e-4,0.5699975299138822
MMR,7.90421697596e-06,0,0.000317367356268,0,0,0,0,0.000450189718557,0.010686304765,0.416663206323,0.289999578445,0.267563760806,0.116973309343,0.0951502009922,0.00253627451134,0.00660769150552,0,0.00224897481191,0.0330426215975,0.00666473718281,0.0150233462029,0.0141824640572,0.0460030499471,0.05333366953,0.0122135089224,0.0137178910957,0.00324748301846,0,0.0252949278841,0,0.012637646267,0.00379378893891,0,0,0,0,0,0,0,0,0,0,0,0,0,0.169201720607,0.0803307828459,0.273632088936,0.418673499273,0.500621769018,0.530684695712,0.394110784424,0.0846673021245,0.153479887,0.0440005044694,0.378664901902,0.0142724124952,0.110000227111,0.205565509889,0.000507643003993,0,0.00400003745106,0.0160000893833,0.00393484868208,0.0872945872658,0,0.00604064428827,0,0,0,0,0.00901017478023,0.011963050549,0.011318519231,0.0120302306268,0.0195071309725,0.0255246298621,0.0492281202256,0.0202840684706,0.000508218360468,0.569997529914
MNE,7.904216975956132e-6,0,3.173673562680972e-4,0,0,0,0,4.501897185568449e-4,0.008656562171423583,0.32039424213227136,0.0860003156313344,0.023999797221940587,0.1304590545379722,0.11904570801212484,0.0025362745113395807,0.0066076915055232575,0,0.0022489748119091132,0.005000190106840044,0.0066647371828107965,0.017999717872760616,0.02627845692887395,0.019277067014166004,0.05439928177604612,0.008320122997277668,0.013999571912985682,0.0032474830184571193,0,0.032999341960956344,0,0.015,0.0037937889389099587,0,0,0,0,0,0,0,0,0,0,0,0,0,0.13700028389776692,0.07400145294503493,0.45223113069258225,0.48799914404885936,0.5299929555840543,0.34400108027817156,0.43897769694649186,0.08700008547576762,0.15347988699969303,0.04600031390603746,0.4779796311588219,0.004,0.040000720247044735,0.095239801629312,5.076430039926327e-4,0,0.004,0.015999999999999997,0.0019992132110924358,0.07533668009378945,0,0.0059999269993064935,0,0,0,0,0.0016946180277377198,0.011963050549048145,0.008477826872613246,0.012030230626800602,0.02076078147348593,0.0299995575808521,0.049999308723904325,0.0200006373486297,5.082183604681701e-4,0.5699975299138822
MNG,7.904216975956132e-6,0,3.173673562680972e-4,0,0,0,0,4.501897185568449e-4,0.010850249100853072,0.3499900237213736,0.27000001941231166,0.26269443842762014,0.1304590545379722,0.11904570801212484,0.0025362745113395807,0.0066076915055232575,0,0.0022489748119091132,0.05999854003941893,0.0066647371828107965,0.017999854003941895,0.014853002132217385,0.06891857592549172,0.0599990875079843,0.020000280772686434,0.013576769050818078,0.0032474830184571193,0,0.02144197108029037,0,0.009000255502427272,0.0037937889389099587,0,0,0,0,0,0,0,0,0,0,0,0,0,0.1900007310934024,0.08000077606612084,0.2374347902687759,0.2800010285332259,0.44185046933220534,0.37204610697291113,0.35000420509657704,0.08000107607876895,0.15347988699969303,0.0399998143903186,0.1799955013904793,0.014272412495199421,0.25,0.15698183213264622,5.076430039926327e-4,0,0.003999947854200344,0.01599988773190379,0.009355741261154661,0.13188292525369666,0,0.006060914289322545,0,0,0,0,0.01407730101159921,0.011963050549048145,0.016999903947747575,0.012030230626800602,0.01699982997052822,0.023286944793123807,0.04884140140089657,0.02085171102296227,5.082183604681701e-4,0.5699975299138822
MOZ,7.904216975956132e-6,0,3.173673562680972e-4,0,0,0,0,4.501897185568449e-4,0.010999987159897792,0.3,0.172500263146489,0.31000059564726734,0.1304590545379722,0.16949553026424607,0.029999519115171916,0.0066076915055232575,0,0.0022489748119091132,0.00499990875079843,0.0066647371828107965,0.009070367103040971,0.04779841887690639,0.0032092230097540385,0.06000081109579042,0.008320122997277668,0.013576769050818078,0.0032474830184571193,0,0.019999480060313005,0,0.013912500796910659,0.0037937889389099587,0,0,0,0,0,0,0,0,0,0,0,0,0,0.2963637078607501,0.10262498189475559,0.231474629955959,0.46833746898263023,0.4550149608558429,0.36099532422342234,0.3933346688928698,0.1339980171911571,0.15347988699969303,0.03999918890420959,0.2974987349092749,0.014272412495199421,0.040000438000963603,0.0421642292727073,5.076430039926327e-4,0,0.0037381729332455265,0.012480583770218743,0.0019992132110924358,0.030935038999715093,0,0.006060914289322545,0,0,0,0,0.01499979320613213,0.011963050549048145,0.008477826872613246,0.012030230626800602,0.02076078147348593,0.03,0.04999930871434694,0.02085171102296227,5.082183604681701e-4,0.5699975299138822
MRT,7.904216975956132e-6,0,3.173673562680972e-4,0,0,0,0,4.501897185568449e-4,0.008656562171423583,0.32039424213227136,0.17250098515696835,0.30999521759923476,0.13200306531478426,0.11904570801212484,0.0025362745113395807,0.0066076915055232575,0,0.0022489748119091132,0.01956466237652995,0.0066647371828107965,0.009070367103040971,0.04122098406907859,0.05829584227590707,0.05439928177604612,0.008320122997277668,0.013576769050818078,0.0032474830184571193,0,0.02144197108029037,0,0.013912500796910659,0.0037937889389099587,0,0,0,0,0,0,0,0,0,0,0,0,0,0.2963628091851639,0.10262542865255664,0.0987275609910916,0.46831719018738116,0.44185046933220534,0.3609875352937126,0.4390031179818154,0.1339945450037193,0.15347988699969303,0.03999954938716655,0.2975040257648953,0.1400034192080588,0.04000073000693507,0.20699118917405274,5.076430039926327e-4,0,0.0037381729332455265,0.012480583770218743,0.00943202786017809,0.024808152130305707,0,0.007999828237718996,0,0,0,0,0.02332587635031444,0.011963050549048145,0.008477826872613246,0.012030230626800602,0.02076078147348593,0.03,0.049999999999999996,0.02085171102296227,5.082183604681701e-4,0.5699975299138822
MUS,7.904216975956132e-6,0,3.173673562680972e-4,0,0,0,0,4.501897185568449e-4,0.008656562171423583,0.2999886647018816,0.17249919956090198,0.31,0.1304590545379722,0.11904570801212484,0.0025362745113395807,0.0066076915055232575,0,0.0022489748119091132,0.005,0.0066647371828107965,0.009070367103040971,0.03761501622869669,0.008964277510864885,0.05999863126197646,0.008320122997277668,0.013999702594189773,0.0032474830184571193,0,0.02000022642876551,0,0.00900016846361186,0.0037937889389099587,0,0,0,0,0,0,0,0,0,0,0,0,0,0.2963638496603504,0.10262367276866521,0.19803937296388793,0.46833327342654835,0.45501542488548186,0.3610068867252434,0.439005376344086,0.13399905301022608,0.15347988699969303,0.03999954303644665,0.2975037190232575,0.13999858437146093,0.04,0.18669271775941496,5.076430039926327e-4,0,0.0037381729332455265,0.012480583770218743,0.0019992132110924358,0.01861736045327801,0,0.008,0,0,0,0,0.01443328717168802,0.011963050549048145,0.008477826872613246,0.012030230626800602,0.02076078147348593,0.02999927001970947,0.050001348890537534,0.020000961815908436,5.082183604681701e-4,0.5699975299138822
MWI,7.904216975956132e-6,0,3.173673562680972e-4,0,0,0,0,4.501897185568449e-4,0.008656562171423583,0.30000010667087657,0.17249979944427832,0.26269443842762014,0.1304590545379722,0.11904570801212484,0.0025362745113395807,0.0066076915055232575,0,0.0022489748119091132,0.01956466237652995,0.0066647371828107965,0.009070367103040971,0.009271147917761291,0.05829584227590707,0.06000044784808994,0.008320122997277668,0.013576769050818078,0.0032474830184571193,0,0.019999298097845165,0,0.013912500796910659,0.0037937889389099587,0,0,0,0,0,0,0,0,0,0,0,0,0,0.29636045834142555,0.10262401472460098,0.5309051647368385,0.46834136269786647,0.44185046933220534,0.36100188526797733,0.4390060883060184,0.13400065132063832,0.18400044672292223,0.03999936560299436,0.30810210238415586,0.014272412495199421,0.04,0.5027730216838017,5.076430039926327e-4,0,0.0037381729332455265,0.012480583770218743,0.0019992132110924358,0.023246754316085458,0,0.006060914289322545,0,0,0,0,0.014986858208599036,0.011963050549048145,0.008477826872613246,0.012030230626800602,0.02076078147348593,0.023286944793123807,0.04884140140089657,0.02085171102296227,5.082183604681701e-4,0.5699975299138822
MYS,7.904216975956132e-6,0,3.173673562680972e-4,0,0,0,0,4.501897185568449e-4,0.010946021163384305,0.45001306847882905,0.2999990550169152,0.2700040324903508,0.1304590545379722,0.03569865411970675,0.0025362745113395807,0.0066076915055232575,0,0.0022489748119091132,0.01956466237652995,0.0066647371828107965,0.01799975934541954,0.01701980214494688,0.014311897290754709,0.049999999999999996,0.008320122997277668,0.013576769050818078,0.0032474830184571193,0,0.03299961004391244,0,0.01499990875079843,0.006,0,0,0,0,0,0,0,0,0,0,0,0,0,0.13699816101836595,0.073999765130661,0.3904694123134628,0.4880031130233036,0.5299935733655187,0.6100044762757386,0.4389917252594824,0.08700108117848454,0.15347988699969303,0.04600006873718338,0.4779996135763509,0.003999920426513886,0.04000088438833492,0.2286429651312949,5.076430039926327e-4,0,0.0040000133398253816,0.015999903323846983,0.0019992132110924358,0.08309196102567852,0,0.006,0,0,0,0,0.00323256662803329,0.011963050549048145,0.008477826872613246,0.012030230626800602,0.02076078147348593,0.029999689363817097,0.05,0.01999934082594509,5.082183604681701e-4,0.5699975299138822
NAM,7.904216975956132e-6,0,3.173673562680972e-4,0,0,0,0,4.501897185568449e-4,0.011000335683115139,0.3,0.17249922842152188,0.3099864819195674,0.1304590545379722,0.16949984843010663,0.0025362745113395807,0.0066076915055232575,0,0.0022489748119091132,0.01956466237652995,0.0066647371828107965,0.009070367103040971,0.05999802033944598,0.05829584227590707,0.05439928177604612,0.008320122997277668,0.013576769050818078,0.0032474830184571193,0,0.02,0,0.009000255502427272,0.0037937889389099587,0,0,0,0,0,0,0,0,0,0,0,0,0,0.29636361663338834,0.10262617997972814,0.31487195965315856,0.468329767061566,0.4550222371402199,0.36100685238111635,0.43899631073549805,0.13399869109947643,0.15347988699969303,0.039999735363973776,0.2974974951094995,0.1400011460004584,0.04000021523428252,0.1835766479447823,5.076430039926327e-4,0,0.0037381729332455265,0.012480583770218743,0.01749460651787745,0.024112514290970735,0,0.006060914289322545,0,0,0,0,0.01493903136934973,0.011963050549048145,0.008477826872613246,0.012030230626800602,0.02076078147348593,0.0300001460003212,0.05000111725601922,0.019999999999999997,5.082183604681701e-4,0.5699975299138822
NER,7.904216975956132e-6,0,3.173673562680972e-4,0,0,0,0,4.501897185568449e-4,0.010999949927394722,0.3,0.1724981975486662,0.3099990464990624,0.13200578127509235,0.11904570801212484,0.0025362745113395807,0.0066076915055232575,0,0.0022489748119091132,0.01956466237652995,0.0066647371828107965,0.009070367103040971,0.0083377399230752,0.007996544557039825,0.05439928177604612,0.008320122997277668,0.013576769050818078,0.0032474830184571193,0,0.02,0,0.013912500796910659,0.0037937889389099587,0,0,0,0,0,0,0,0,0,0,0,0,0,0.29636208497233596,0.10262426232639303,0.34999966221133993,0.46833026839544684,0.44185046933220534,0.36101163146617693,0.3933346688928698,0.13400129617627998,0.15347988699969303,0.03999918890420959,0.29750223653605296,0.1400025068939584,0.09612104599371017,0.30479090241397344,5.076430039926327e-4,0,0.0037381729332455265,0.012480583770218743,2.98092349494611e-4,0.01632851424836568,0,0.006060914289322545,0,0,0,0,0.021313277090056825,0.011963050549048145,0.008477826872613246,0.012030230626800602,0.02076078147348593,0.023286944793123807,0.04884140140089657,0.02085171102296227,5.082183604681701e-4,0.5699975299138822
NGA,7.904216975956132e-6,0,3.173673562680972e-4,0,0,0,0,4.501897185568449e-4,0.01096788433947688,0.3000001399094506,0.17249598137575523,0.3100004326694261,0.1319998207098705,0.07999920429115663,0.030000255245290725,0.0066076915055232575,0,0.0022489748119091132,0.01956466237652995,0.0066647371828107965,0.009070367103040971,0.009393853268828106,0.0030243582452499805,0.05999970325088654,0.008320122997277668,0.013576769050818078,0.0032474830184571193,0,0.019999025151101576,0,0.013912500796910659,0.0037937889389099587,0,0,0,0,0,0,0,0,0,0,0,0,0,0.29636324510436846,0.10262551695337652,0.47592104204017105,0.4683395795991527,0.44185046933220534,0.37204610697291113,0.4389990841632065,0.09229756854661432,0.18399956279225457,0.04000000000000001,0.2975025030592947,0.1399959890367003,0.0399993742960831,0.3769936029300445,5.076430039926327e-4,0,0.0037381729332455265,0.012480583770218743,0.0019992132110924358,0.025004803455838023,0,0.006060914289322545,0,0,0,0,0.014995874598379299,0.011963050549048145,0.008477826872613246,0.012030230626800602,0.02076078147348593,0.029999663076560237,0.050000553036168564,0.019999999999999997,5.082183604681701e-4,0.5699975299138822
NIC,1.2624679141479115e-4,0,3.173673562680972e-4,0,0,0,0,4.501897185568449e-4,0.010999814390892778,0.30699843123583753,0.14999894203031436,0.26269443842762014,0.1304590545379722,0.11904570801212484,0.0025362745113395807,0.02,0,0.020000269372967075,0.013000273747604709,0.019999159238416227,0.02,0.02627845692887395,0.05829584227590707,0.05439928177604612,0.009999999999999998,0.013576769050818078,0.0032474830184571193,0,0.019999268845507057,0,0.013912500796910659,0.0037937889389099587,0,0,0,0,0,0,0,0,0,0,0,0,0,0.18399509803921568,0.09100014637308408,0.39238577713622763,0.5400009795158743,0.44185046933220534,0.4000045911574308,0.24000104659985874,0.12319882611885548,0.08490012571588211,0.08000029820258392,0.15000083705824252,0.014272412495199421,0.0399997079993576,0.15101185617708238,5.076430039926327e-4,0,0.0037381729332455265,0.012480583770218743,0.009998274572981095,0.031494534531988465,0,0.006060914289322545,0,0,0,0,0.009999943583666461,0.011963050549048145,0.012000320179300408,0.01600011527598993,0.02076078147348593,0.023286944793123807,0.04884140140089657,0.049999999999999996,0.020000365003467534,0.5699975299138822
NLD,7.904216975956132e-6,0,3.173673562680972e-4,0,0,0,0,4.501897185568449e-4,0.00414074616352625,0.32039424213227136,0.08599987456245882,0.024000687403333908,0.1304590545379722,0.11904570801212484,0.0025362745113395807,0.0066076915055232575,0,0.0022489748119091132,0.004999864819195674,0.0066647371828107965,0.018,0.036734977051979936,0.007115795119679581,0.05439928177604612,0.008320122997277668,0.013576769050818078,0.0032474830184571193,0,0.03300062774639046,0,0.015000000000000001,0.0037937889389099587,0,0,0,0,0,0,0,0,0,0,0,0,0,0.13699976692102675,0.07399976825412591,0.11888594148100579,0.4879996869925856,0.5299938680142938,0.3439989330358767,0.3933346688928698,0.08699952860443728,0.1839984082417704,0.045999840538646176,0.4780004523203303,0.003999919781806514,0.03999960030376914,0.20888197745911785,5.076430039926327e-4,0,0.00400008105191882,0.015999962849102344,1.2884153358907286e-7,0.13647795682880956,0,0.005999975666731556,0,0,0,0,2.2678154659650052e-4,0.011963050549048145,0.008477826872613246,0.012030230626800602,0.02076078147348593,0.02999966818196901,0.05000197511356903,0.019999792554791465,5.082183604681701e-4,0.5699975299138822
NOR,7.904216975956132e-6,0,3.173673562680972e-4,0,0,0,0,4.501897185568449e-4,0.008656562171423583,0.32039424213227136,0.08599969660061153,0.024000450628062865,0.1304590545379722,0.11904570801212484,0.0025362745113395807,0.0066076915055232575,0,0.0022489748119091132,0.004999932407770403,0.0066647371828107965,0.01800022871955171,0.01449204138244314,0.012623432204787873,0.06000081109579042,0.008320122997277668,0.013576769050818078,0.0032474830184571193,0,0.032999589442038485,0,0.01499964904892258,0.0037937889389099587,0,0,0,0,0,0,0,0,0,0,0,0,0,0.1370005701774955,0.07399924896733008,0.21540541897965448,0.4879997782503158,0.5300052410901468,0.34398898143897155,0.43899567273825096,0.08700126061268815,0.15347988699969303,0.04600004732271727,0.47799807799302,0.004,0.04,0.194926126678911,5.076430039926327e-4,0,0.003999912202402728,0.01599997320722869,7.35024838324695e-4,0.0873031381977762,0,0.006000202778059414,0,0,0,0,2.489600860461191e-4,0.011963050549048145,0.008477826872613246,0.012030230626800602,0.02076078147348593,0.03000015749767691,0.04999907829004369,0.019999405646359582,5.082183604681701e-4,0.5699975299138822
NPL,7.904216975956132e-6,0,3.173673562680972e-4,0,0,0,0,4.501897185568449e-4,0.002051631945497367,0.35000724217844725,0.27000018782711876,0.26269443842762014,0.1304590545379722,0.1293236218110074,0.0025362745113395807,0.0066076915055232575,0,0.0022489748119091132,0.05999854003941893,0.0066647371828107965,0.0180002393489708,0.03814688688334723,0.02187527063851141,0.05999926999306493,0.019999999999999997,0.014000135185372943,0.0032474830184571193,0,0.059999402619513434,0,0.013912500796910659,0.0037937889389099587,0,0,0,0,0,0,0,0,0,0,0,0,0,0.190001871807899,0.08000043144361033,0.25504998818007235,0.2799964176698435,0.22,0.37204610697291113,0.3500067668155366,0.08,0.15347988699969303,0.040000544373222285,0.18000000000000002,0.014272412495199421,0.2500033692722372,0.33372974730583344,5.076430039926327e-4,0,0.004,0.01600008524059157,0.0019992132110924358,0.10766963744960356,0,0.006060914289322545,0,0,0,0,0.019183895879079885,0.011963050549048145,0.01699980789549515,0.012030230626800602,0.017000030518509474,0.023286944793123807,0.04884140140089657,0.02085171102296227,5.082183604681701e-4,0.5699975299138822
NZL,7.904216975956132e-6,0,3.173673562680972e-4,0,0,0,0,4.501897185568449e-4,0.01,0.206005577534211,0.08600042167404597,0.024000633680097166,0.1304590545379722,0.11904570801212484,0.0025362745113395807,0.0066076915055232575,0,0.0022489748119091132,0.005,0.0066647371828107965,0.018000084230623447,0.04090020921101653,0.006189997221698092,0.059999748275688464,0.008320122997277668,0.014000096562379296,0.0032474830184571193,0,0.03300032647730983,0,0.015000070192186205,0.005999999999999999,0,0,0,0,0,0,0,0,0,0,0,0,0,0.136999717201548,0.08699204898672196,0.1782108135076388,0.4879982305829763,0.5300038586626977,0.34400398510827956,0.43900977887410797,0.08699917164406853,0.15347988699969303,0.04600085607437334,0.4780028791123907,0.004000097885669538,0.04000017757731272,0.5540214085640386,5.076430039926327e-4,0,0.003999917296053546,0.01599996111244337,7.239620656532545e-4,0.11952173765033337,0,0.00599990875079843,0,0,0,0,0.006476611664546836,0.011963050549048145,0.008477826872613246,0.012030230626800602,0.02076078147348593,0.030000608346514173,0.049999999999999996,0.02,5.082183604681701e-4,0.5699975299138822
OMN,7.90421697596e-06,0,0.000317367356268,0,0,0,0,0.000469241561036,0.00913851236431,0.297515193564,0.0860002707549,0.0239998628327,0.130459054538,0.0818273838309,0.00253627451134,0.00660769150552,0,0.00224897481191,0.00499998756387,0.00666473718281,0.0179998505671,0.0306978423417,0.0188739008692,0.058879836076,0.00832012299728,0.0139154789076,0.00324748301846,0,0.0329999043309,0,0.0150001229509,0.00511751744461,0,0,0,0,0,0,0,0,0,0,0,0,0,0.137000016632,0.0739996840329,0.213518308957,0.488000332465,0.530003076002,0.344001472932,0.429868850095,0.0870003129813,0.153479887,0.0459996018254,0.478000009377,0.00400002274494,0.0400000845435,0.165921549363,0.000507643003993,0,0.003842901753,0.0160001861626,0.0117002122667,0.112858545317,0,0.00601216073642,0,0,0,0,0.00441620439296,0.011963050549,0.00847782687261,0.0120302306268,0.0207607814735,0.0299998246919,0.0499995636584,0.0200003616638,0.000508218360468,0.569997529914
PAK,7.904216975956132e-6,0,3.173673562680972e-4,0,0,0,0,5.454437016433795e-4,0.008656562171423583,0.349995654818806,0.26999877994225063,0.26000144843568945,0.1304590545379722,0.12999884238204698,0.0025362745113395807,0.0066076915055232575,0,0.0022489748119091132,0.06,0.0066647371828107965,0.01799974535268653,0.0334287449157328,0.15881525750155337,0.05439928177604612,0.019999594452104794,0.013576769050818078,0.0032474830184571193,0,0.060001079884452364,0,0.013912500796910659,0.00800012647421507,0,0,0,0,0,0,0,0,0,0,0,0,0,0.1899961391617691,0.08000048813029824,0.17864140485358862,0.28000184033908243,0.22000272618000224,0.37204610697291113,0.3500058872012245,0.07999999999999999,0.15347988699969303,0.039999755689383486,0.1799951333323791,0.014272412495199421,0.24999304783092327,0.47207220445617354,5.076430039926327e-4,0,0.0037381729332455265,0.015999789337862568,0.0019992132110924358,0.11664641399042017,0,0.005999926999306493,0,0,0,0,0.018249742041875152,0.011963050549048145,0.01699980789549515,0.012030230626800602,0.02076078147348593,0.020000584001284804,0.04999930871434694,0.019999999999999997,5.082183604681701e-4,0.5699975299138822
PAN,1.2625114158049906e-4,0,3.173673562680972e-4,0,0,0,0,4.501897185568449e-4,0.01100032701111838,0.30700236488435134,0.1500015316046622,0.2,0.08999664069349196,0.050984210208604615,0.0025362745113395807,0.02,0,0.02,0.012999489013796627,0.019999633168870712,0.01999922342160441,0.03609026404555666,0.010385451014075406,0.01,0.01,0.013576769050818078,0.0032474830184571193,0,0.01999975542946586,0,0.013912500796910659,0.0037937889389099587,0,0,0,0,0,0,0,0,0,0,0,0,0,0.1840022276001294,0.0909981549534164,0.1999679921925116,0.5399995719452946,0.3600004262756298,0.40000393530360867,0.23999215070643642,0.12319895862994754,0.08489935378444625,0.07999863295638372,0.1499991922325078,0.014272412495199421,0.0399990580699854,0.2182422418468215,5.076430039926327e-4,0,0.0037381729332455265,0.012480583770218743,9.503810020806508e-6,0.031900015965168706,0,0.01,0,0,0,0,0.009926954728878123,0.011963050549048145,0.011999611914233047,0.016000063942707334,0.02076078147348593,0.023286944793123807,0.023000519848248555,0.05,0.02000036500346753,0.5699975299138822
PER,1.2624289305710753e-4,0,0.01000027933741166,0,0,0,0,4.501897185568449e-4,0.01016554560156904,0.3070003922679296,0.14999996998848159,0.19999731421051217,0.1304590545379722,0.16324464425517782,0.0025362745113395807,0.020000579374275785,0,0.02,0.012999489013796627,0.0200007807467843,0.019999665137461074,0.01549159638737022,0.03738935607205425,0.009999999999999998,0.01,0.013576769050818078,0.0032474830184571193,0,0.020000000000000004,0,0.013912500796910659,0.006,0,0,0,0,0,0,0,0,0,0,0,0,0,0.18400237784639772,0.09100089464073434,0.15430189896984645,0.5399986990913436,0.3599974637221689,0.39999999999999997,0.2400012922400982,0.12319937280567202,0.08490004847024954,0.08000111112654341,0.150000869167164,0.014272412495199421,0.040000510568773615,0.4468236859217215,5.076430039926327e-4,0,0.0037381729332455265,0.012480583770218743,0.010873296263702092,0.03648963584025743,0,0.006060914289322545,0,0,0,0,0.010000060442434025,0.011963050549048145,0.012000259605399792,0.016000080604940074,0.02076078147348593,0.023286944793123807,0.023000495823639347,0.049999999999999996,0.019999999999999997,0.5699975299138822
PHL,7.904216975956132e-6,0,3.173673562680972e-4,0,0,0,0,4.501897185568449e-4,0.010208665194216992,0.4499989401860263,0.30000000000000004,0.2699979266017002,0.09000181895349542,0.04735918695243581,0.0025362745113395807,0.0066076915055232575,0,0.0022489748119091132,0.01956466237652995,0.0066647371828107965,0.01799981750159686,0.0014159331106387589,0.010794731639766157,0.049999999999999996,0.008320122997277668,0.014000135185372943,0.0032474830184571193,0,0.03300084149169796,0,0.015000182501733765,0.0037937889389099587,0,0,0,0,0,0,0,0,0,0,0,0,0,0.1370012370089058,0.07399952348480492,0.18267078132784656,0.48801885557155955,0.5300083479867143,0.6099973218043386,0.43899347928292554,0.087000361061191675,0.15347988699969303,0.046001496239713356,0.47800083830162593,0.014272412495199421,0.040000243332684454,0.2607813312010643,5.076430039926327e-4,0,0.004000151282115933,0.015999958680460506,4.495915739795809e-4,0.05732064060234812,0,0.006000104286161226,0,0,0,0,0.006476611664546836,0.011963050549048145,0.008477826872613246,0.012030230626800602,0.02076078147348593,0.030000000000000002,0.05000155787505842,0.020000494388688388,5.082183604681701e-4,0.5699975299138822
POL,7.904216975956132e-6,0,3.173673562680972e-4,0,0,0,0,4.501897185568449e-4,5.855280563288734e-5,0.32039424213227136,0.08599984728031698,0.024000253474715894,0.1304590545379722,0.11904570801212484,0.0025362745113395807,0.0066076915055232575,0,0.0022489748119091132,0.004999834090984504,0.0066647371828107965,0.018000068868151923,0.02501793747971092,0.015872288820003855,0.05999926999306493,0.008320122997277668,0.013576769050818078,0.0032474830184571193,0,0.03299955197132617,0,0.015000070192186205,0.006,0,0,0,0,0,0,0,0,0,0,0,0,0,0.13700058614250077,0.07399971974906763,0.22978330108006426,0.4879972204940087,0.5300105564771527,0.34400140867115353,0.4389842247018083,0.08700064260469102,0.15347988699969303,0.04599985852726887,0.4780116677692909,0.004,0.03999955419833716,0.4741944116057509,5.076430039926327e-4,0,0.004000049256175773,0.01600012733041181,9.6039406937592e-4,0.10627494071588889,0,0.0060001995176367715,0,0,0,0,2.094583888140627e-5,0.011963050549048145,0.008477826872613246,0.012030230626800602,0.02076078147348593,0.03,0.050000553036168564,0.020000881678716276,5.082183604681701e-4,0.5699975299138822
PRT,7.904216975956132e-6,0,3.173673562680972e-4,0,0,0,0,4.501897185568449e-4,0.001270289614184593,0.32039424213227136,0.08600005522693668,0.024000231746353618,0.17099923074882623,0.11904570801212484,0.0025362745113395807,0.0066076915055232575,0,0.0022489748119091132,0.005,0.0066647371828107965,0.018000250938166554,0.022461769083050385,0.06856889384287351,0.05999926999306493,0.008320122997277668,0.013576769050818078,0.0032474830184571193,0,0.032999863704511384,0,0.015000280772686433,0.0037937889389099587,0,0,0,0,0,0,0,0,0,0,0,0,0,0.13700001396121575,0.07400060066705658,0.20832834548165838,0.48799986033153797,0.5300032790468904,0.3439960104014534,0.4390120826441647,0.08700131751104384,0.18400344414495357,0.04599974234522728,0.4780002301231158,0.004,0.04000017244055112,0.14669415384553583,5.076430039926327e-4,0,0.003999932433573757,0.01599996842942299,2.508725006585153e-4,0.06284993869069021,0,0.005999903947747576,0,0,0,0,0.0035981846429953184,0.011963050549048145,0.008477826872613246,0.012030230626800602,0.02076078147348593,0.03,0.05000081328583744,0.019999462957493087,5.082183604681701e-4,0.5699975299138822
PRY,1.2624636783661945e-4,0,0.01,0,0,0,0,4.501897185568449e-4,0.011000000000000001,0.30700016387362755,0.1499992047966665,0.1999982519163367,0.1304590545379722,0.11904570801212484,0.0025362745113395807,0.0066076915055232575,0,0.020000285160260065,0.013000014038437242,0.02,0.02,0.01003666195541375,0.05829584227590707,0.05439928177604612,0.01,0.013576769050818078,0.0032474830184571193,0,0.02,0,0.013912500796910659,0.0037937889389099587,0,0,0,0,0,0,0,0,0,0,0,0,0,0.18399905389823493,0.09100038740054237,0.19045912708700452,0.5399997330384892,0.35999706938237236,0.39999639269159315,0.3933346688928698,0.12319831950877948,0.15347988699969303,0.0800022981461621,0.14999565481880595,0.014272412495199421,0.040000292517404785,0.41369011248607557,5.076430039926327e-4,0,0.0037381729332455265,0.012480583770218743,0.009944752845814484,0.034643678659904344,0,0.009999999999999998,0,0,0,0,0.009987593378732918,0.011963050549048145,0.008477826872613246,0.016000098982950184,0.02076078147348593,0.023286944793123807,0.04884140140089657,0.050001763357432553,5.082183604681701e-4,0.5699975299138822
ROU,7.904216975956132e-6,0,3.173673562680972e-4,0,0,0,0,4.501897185568449e-4,5.004632137914947e-4,0.32039424213227136,0.08599983042632096,0.02400005069451485,0.1304590545379722,0.11904570801212484,0.0025362745113395807,0.0066076915055232575,0,0.0022489748119091132,0.005,0.0066647371828107965,0.017999791427677547,0.02923785188217684,0.020985259389824165,0.05439928177604612,0.008320122997277668,0.013576769050818078,0.0032474830184571193,0,0.033,0,0.015000178922884235,0.005999999999999999,0,0,0,0,0,0,0,0,0,0,0,0,0,0.13699963889291994,0.07400055952738314,0.329690647138229,0.4880015962059412,0.5300006458696634,0.34399939234352844,0.43899992732029947,0.08699964576691463,0.18399251302083336,0.045999930644657905,0.4779927168627781,0.004,0.039999894838129595,0.10853367379580406,5.076430039926327e-4,0,0.003999919181306637,0.015999923487442374,0.003787576977906201,0.10031669859046922,0,0.006000027036891839,0,0,0,0,0.006095741941819282,0.011963050549048145,0.008477826872613246,0.012030230626800602,0.02076078147348593,0.030001042861612263,0.049999999999999996,0.020000881678716276,5.082183604681701e-4,0.5699975299138822
RUS,7.904216975956132e-6,0,3.173673562680972e-4,0,0,0,0,0.005340590493227498,0.008656562171423583,0.32039424213227136,0.08600002882009232,0.26269443842762014,0.1304590545379722,0.11904570801212484,0.0025362745113395807,0.0066076915055232575,0,0.0022489748119091132,0.0049999206538125845,0.0066647371828107965,0.017999959668474865,0.02041060922977637,0.024159136833824806,0.0599990875079843,0.008320122997277668,0.013576769050818078,0.0032474830184571193,0,0.03299992023610114,0,0.014999580466521228,0.0037937889389099587,0,0,0,0,0,0,0,0,0,0,0,0,0,0.1369995305930511,0.07399944140912626,0.2227381456867588,0.48799846858498186,0.5300027151778441,0.34399426111908177,0.43898897130970604,0.08700105589944296,0.15347988699969303,0.046000814242988894,0.4779915263941372,0.00400011460004584,0.04000060832801046,0.3715358871577977,5.076430039926327e-4,0,0.00400005985500126,0.015999880441767672,0.006878419619934623,0.08015370596397335,0,0.005999968534659073,0,0,0,0,1.0668451963451021e-4,0.011963050549048145,0.008477826872613246,0.012030230626800602,0.02076078147348593,0.029999326160688216,0.04999809305873379,0.019999483917581634,5.082183604681701e-4,0.5699975299138822
RWA,7.904216975956132e-6,0,3.173673562680972e-4,0,0,0,0,4.501897185568449e-4,0.011000166140554908,0.29999971236292894,0.17250007066559192,0.30999999288798363,0.13200011242902918,0.08000819622857785,0.0025362745113395807,0.0066076915055232575,0,0.0022489748119091132,0.004999999999999999,0.0066647371828107965,0.009070367103040971,0.02627845692887395,0.05829584227590707,0.05999999999999999,0.008320122997277668,0.013576769050818078,0.0032474830184571193,0,0.02144197108029037,0,0.013912500796910659,0.0037937889389099587,0,0,0,0,0,0,0,0,0,0,0,0,0,0.2963623544655958,0.10262494750104997,0.20846531183044953,0.4683194044525599,0.45499696847210996,0.37204610697291113,0.4389944362777023,0.1339992365440896,0.18399988430580946,0.0399980772928283,0.29749977676578265,0.014272412495199421,0.09612104599371017,0.1955146303900927,5.076430039926327e-4,0,0.0037381729332455265,0.012480583770218743,0.0019992132110924358,0.01566375498439937,0,0.007999791427677547,0,0,0,0,0.015340118523590615,0.011963050549048145,0.008477826872613246,0.012030230626800602,0.02076078147348593,0.023286944793123807,0.04884140140089657,0.02085171102296227,5.082183604681701e-4,0.5699975299138822
SAU,7.904216975956132e-6,0,3.173673562680972e-4,0,0,0,0,5.454489309519109e-4,0.00972287530726855,0.32039424213227136,0.0859995501029572,0.024000135185372945,0.1304590545379722,0.025999313422588398,0.0025362745113395807,0.0066076915055232575,0,0.0022489748119091132,0.005,0.0066647371828107965,0.017999791427677547,0.028474278851340178,0.021196247474726107,0.0599990875079843,0.008320122997277668,0.014000450628062863,0.0032474830184571193,0,0.032999195730057766,0,0.014999655671097031,0.006000049257444031,0,0,0,0,0,0,0,0,0,0,0,0,0,0.13699948968502226,0.07400086966834013,0.11754797519144033,0.488001211998788,0.5300027151778441,0.3439940498326516,0.43900288668003357,0.08700138872879169,0.15347988699969303,0.04599955286928487,0.4780027785963878,0.0040000460768446575,0.03999986866557659,0.1586151994933206,5.076430039926327e-4,0,0.0037381729332455265,0.01600019179133103,0.0520002498360451,0.14045158513381414,0,0.006,0,0,0,0,0.002109065889117427,0.011963050549048145,0.008477826872613246,0.012030230626800602,0.02076078147348593,0.029999421781491228,0.050000553036168564,0.019999999999999997,5.082183604681701e-4,0.5699975299138822
SDN,7.904216975956132e-6,0,3.173673562680972e-4,0,0,0,0,4.501897185568449e-4,0.010999987924309573,0.30000658371189676,0.17250334405327716,0.309995737425405,0.13200140783834705,0.11904570801212484,0.030000477440916686,0.0066076915055232575,0,0.0022489748119091132,0.005,0.0066647371828107965,0.009070367103040971,0.09654394351486446,0.05829584227590707,0.05439928177604612,0.008320122997277668,0.013576769050818078,0.0032474830184571193,0,0.020000233975596346,0,0.008999908750798431,0.0037937889389099587,0,0,0,0,0,0,0,0,0,0,0,0,0,0.2963637584568637,0.10262506842486721,0.18562369040553456,0.46833214476733825,0.45500353100605045,0.3609976976208749,0.3933346688928698,0.13400103906112915,0.15347988699969303,0.03999959324791539,0.2975068191606451,0.1400007928585072,0.039999560709892815,0.5044273736484548,5.076430039926327e-4,0,0.0037381729332455265,0.012480583770218743,0.0019992132110924358,0.028140363328647285,0,0.006060914289322545,0,0,0,0,0.017068181499720645,0.011963050549048145,0.008477826872613246,0.012030230626800602,0.02076078147348593,0.023286944793123807,0.04884140140089657,0.019999999999999997,5.082183604681701e-4,0.5699975299138822
SEN,7.904216975956132e-6,0,3.173673562680972e-4,0,0,0,0,4.501897185568449e-4,0.01100002924062107,0.30000000000000004,0.1725028548655339,0.31000195733020164,0.1304590545379722,0.11904570801212484,0.0025362745113395807,0.0066076915055232575,0,0.0022489748119091132,0.005,0.0066647371828107965,0.009070367103040971,0.00813487190263767,0.004843384777210521,0.059999109765868426,0.008320122997277668,0.013576769050818078,0.0032474830184571193,0,0.019999999999999997,0,0.009000024333268445,0.0037937889389099587,0,0,0,0,0,0,0,0,0,0,0,0,0,0.29636492589405106,0.10262507486206829,0.20817167492514566,0.4683331821068868,0.44185046933220534,0.36100685238111635,0.3933346688928698,0.1340015640795773,0.15347988699969303,0.03999878941952666,0.2975033719617936,0.13999679127226053,0.04,0.4432360688078216,5.076430039926327e-4,0,0.0037381729332455265,0.012480583770218743,0.00538006934822731,0.02197604465882608,0,0.007999927000194666,0,0,0,0,0.01667651534933982,0.011963050549048145,0.008477826872613246,0.012030230626800602,0.02076078147348593,0.029999270019709468,0.04884140140089657,0.019999999999999997,5.082183604681701e-4,0.5699975299138822
SLB,7.90421697596e-06,0,0.000317367356268,0,0,0,0,0.000450189718557,0.010686304765,0.416663206323,0.289999578445,0.267563760806,0.116973309343,0.0951502009922,0.00253627451134,0.00660769150552,0,0.00224897481191,0.0330426215975,0.00666473718281,0.0150233462029,0.0141824640572,0.0460030499471,0.05333366953,0.0122135089224,0.0137178910957,0.00324748301846,0,0.0252949278841,0,0.012637646267,0.00379378893891,0,0,0,0,0,0,0,0,0,0,0,0,0,0.169201720607,0.0803307828459,0.273632088936,0.418673499273,0.500621769018,0.530684695712,0.394110784424,0.0846673021245,0.153479887,0.0440005044694,0.378664901902,0.0142724124952,0.110000227111,0.205565509889,0.000507643003993,0,0.00400003745106,0.0160000893833,0.00393484868208,0.0872945872658,0,0.00604064428827,0,0,0,0,0.00901017478023,0.011963050549,0.011318519231,0.0120302306268,0.0195071309725,0.0255246298621,0.0492281202256,0.0202840684706,0.000508218360468,0.569997529914
SLE,7.90421697596e-06,0,0.000317367356268,0,0,0,0,0.000450189718557,0.0104592725355,0.301569583962,0.172500332312,0.299083470552,0.131407995324,0.118675397524,0.0088741089319,0.00660769150552,0,0.00224897481191,0.00948140713888,0.00666473718281,0.00907036710304,0.0444624433857,0.0257323560288,0.0578460714963,0.00832012299728,0.0135767690508,0.00324748301846,0,0.0203325492362,0,0.0127788790558,0.00379378893891,0,0,0,0,0,0,0,0,0,0,0,0,0,0.29636376483,0.0990179784546,0.29159264054,0.465849285196,0.450957423929,0.364397523719,0.410897926679,0.130792007775,0.167565656924,0.0402660206195,0.299131111447,0.0723008074468,0.0659020333621,0.345115453022,0.000507643003993,0,0.00373817293325,0.0124805837702,0.00152272954317,0.0204086677862,0,0.00635924720139,0,0,0,0,0.0166547661281,0.011963050549,0.00847782687261,0.0120302306268,0.0207607814735,0.0263852766497,0.0491979174502,0.0207206785579,0.000508218360468,0.569997529914
SLV,1.2624626119602254e-4,0,3.173673562680972e-4,0,0,0,0,4.501897185568449e-4,0.01100006176080042,0.30700224271118864,0.15000113353837782,0.19999539149269552,0.1304590545379722,0.050014213437253645,0.0025362745113395807,0.0066076915055232575,0,0.01999971032125373,0.01299981750159686,0.020000095113994122,0.019999999999999997,0.02627845692887395,0.009438806806682134,0.01,0.01,0.013576769050818078,0.0032474830184571193,0,0.01999980059025285,0,0.013912500796910659,0.0037937889389099587,0,0,0,0,0,0,0,0,0,0,0,0,0,0.18400039136245275,0.0910022901457591,0.25915594806964853,0.5399998246839197,0.3599968376946795,0.3999862268438813,0.24000549472114288,0.1231997292751142,0.08490207263738353,0.07999557587376493,0.14999579018270606,0.014272412495199421,0.0399995575808521,0.5204034831581091,5.076430039926327e-4,0,0.0037381729332455265,0.012480583770218743,0.0019992132110924358,0.03307011386174092,0,0.01,0,0,0,0,0.00999441639671524,0.011963050549048145,0.01199980789549515,0.016,0.02076078147348593,0.023286944793123807,0.023000221214467424,0.049997795900374696,5.082183604681701e-4,0.5699975299138822
SRB,7.904216975956132e-6,0,3.173673562680972e-4,0,0,0,0,4.501897185568449e-4,1.6185554823487257e-4,0.32039424213227136,0.08599985989905358,0.26269443842762014,0.1304590545379722,0.11904570801212484,0.0025362745113395807,0.0066076915055232575,0,0.0022489748119091132,0.004999944696994835,0.0066647371828107965,0.018000065765676893,0.015822414027038306,0.02044505363454845,0.05439928177604612,0.008320122997277668,0.013576769050818078,0.0032474830184571193,0,0.03300075206818752,0,0.014999834090984503,0.0059997840250530935,0,0,0,0,0,0,0,0,0,0,0,0,0,0.13699994272654883,0.07400184384086235,0.4007311532941653,0.4880007798030997,0.5299971110326454,0.3440004688850792,0.43900482910431204,0.0870004452265355,0.15347988699969303,0.04599935421375525,0.47800992727692493,0.003999959890098871,0.039999999999999994,0.1335512725276471,5.076430039926327e-4,0,0.004000025066740196,0.016000104613453293,0.0019992132110924358,0.04399993190446196,0,0.005999863126197645,0,0,0,0,5.653889106008307e-4,0.011963050549048145,0.008477826872613246,0.012030230626800602,0.02076078147348593,0.029999270019709468,0.04999841997155949,0.020000881678716276,5.082183604681701e-4,0.5699975299138822
STP,7.90421697596e-06,0,0.000317367356268,0,0,0,0,0.000450189718557,0.00978093582775,0.302913252848,0.172500547685,0.3100005415,0.131449976518,0.117321772974,0.0162680089943,0.00660769150552,0,0.00224897481191,0.0122823116454,0.00666473718281,0.00907036710304,0.0355315983864,0.0260259758807,0.058799500002,0.00832012299728,0.013667447352,0.00324748301846,0,0.0203089363403,0,0.0118071932833,0.00379378893891,0,0,0,0,0,0,0,0,0,0,0,0,0,0.296363557432,0.101508594732,0.362352746195,0.468333029111,0.449363847797,0.362578663878,0.425953249158,0.131021410988,0.168740310923,0.0399994663049,0.297500297383,0.104077541457,0.0400000777755,0.316700478158,0.000507643003993,0,0.00373817293325,0.0124805837702,0.0024893279306,0.0228563048904,0,0.0077230434314,0,0,0,0,0.0157545734566,0.011963050549,0.00847782687261,0.0120302306268,0.0207607814735,0.029040926431,0.0494207326877,0.020486564604,0.000508218360468,0.569997529914
SUR,1.2624732852596133e-4,0,0.009999999999999998,0,0,0,0,4.501897185568449e-4,0.008656562171423583,0.3070018453396469,0.1499988238461277,0.19999999999999998,0.1304590545379722,0.032743444257015794,0.0025362745113395807,0.0066076915055232575,0,0.02,0.013000365007908505,0.02,0.020000268384326357,0.02627845692887395,0.05829584227590707,0.01,0.01,0.013576769050818078,0.0032474830184571193,0,0.02,0,0.013912500796910659,0.0037937889389099587,0,0,0,0,0,0,0,0,0,0,0,0,0,0.18399942288270094,0.09099780085871231,0.17081000527243903,0.5400001286419059,0.3600059206631142,0.4000029058363723,0.24000142286303755,0.12319960940678658,0.08490120503953322,0.07999889394805242,0.14999579018270606,0.014272412495199421,0.0399993742765072,0.16023596449755156,5.076430039926327e-4,0,0.0037381729332455265,0.012480583770218743,0.0019992132110924358,0.08644221316394061,0,0.009999999999999998,0,0,0,0,0.009623522213370731,0.011963050549048145,0.01199980789549515,0.01599987194980432,0.02076078147348593,0.023286944793123807,0.04884140140089657,0.05,5.082183604681701e-4,0.5699975299138822
SVK,7.904216975956132e-6,0,3.173673562680972e-4,0,0,0,0,4.501897185568449e-4,8.597989969655435e-4,0.32039424213227136,0.08600040782110248,0.26269443842762014,0.1304590545379722,0.11904570801212484,0.0025362745113395807,0.0066076915055232575,0,0.0022489748119091132,0.0050000570320520125,0.0066647371828107965,0.01800020563438207,0.03395154020116642,0.019107571365942665,0.06,0.008320122997277668,0.013576769050818078,0.07100047450450779,0,0.033000338426442385,0,0.014999532054281704,0.0060000252946830574,0,0,0,0,0,0,0,0,0,0,0,0,0,0.13699977776934627,0.07400015528021228,0.2866530227767741,0.4880018690916933,0.5299858634188778,0.3439942855049635,0.4389935461364033,0.08699774460932899,0.18400277465812248,0.046001275282879124,0.4780111718840917,0.004,0.03999974121087432,0.15705962659591674,5.076430039926327e-4,0,0.0040000727135713265,0.016000014024950385,9.786954877301398e-5,0.11016591788503151,0,0.006,0,0,0,0,0.001466022096934149,0.011963050549048145,0.008477826872613246,0.012030230626800602,0.02076078147348593,0.03,0.050000553036168564,0.019999999999999997,5.082183604681701e-4,0.5699975299138822
SVN,7.904216975956132e-6,0,3.173673562680972e-4,0,0,0,0,4.501897185568449e-4,5.727122417492951e-4,0.32039424213227136,0.08599998705919218,0.26269443842762014,0.1304590545379722,0.02603029417110169,0.0025362745113395807,0.0066076915055232575,0,0.0022489748119091132,0.004999837053935148,0.0066647371828107965,0.017999907595638513,0.02627845692887395,0.016935920850332437,0.05999908750798431,0.008320122997277668,0.013999999999999999,0.0032474830184571193,0,0.032999999999999995,0,0.014999642167036427,0.006,0,0,0,0,0,0,0,0,0,0,0,0,0,0.13699862637362636,0.07399845182135364,0.22983553985502836,0.4880014961853722,0.5299836410376256,0.34399459652747433,0.43901053501342696,0.08699917290196002,0.15347988699969303,0.04600052452137424,0.4780179653837727,0.004000044567251984,0.04000050116782544,0.0969131645477304,5.076430039926327e-4,0,0.003999938021491048,0.015999999999999997,0.005960025137985682,0.0906442286700148,0,0.00599979580376742,0,0,0,0,1.222095880032609e-4,0.011963050549048145,0.008477826872613246,0.012030230626800602,0.02076078147348593,0.03,0.049999999999999996,0.020000622354991286,5.082183604681701e-4,0.5699975299138822
SWE,7.904216975956132e-6,0,3.173673562680972e-4,0,0,0,0,4.501897185568449e-4,1.3271175895777538e-4,0.32039424213227136,0.08599974315739616,0.02399881716796215,0.1304590545379722,0.11904570801212484,0.0025362745113395807,0.0066076915055232575,0,0.0022489748119091132,0.005,0.0066647371828107965,0.017999712602385403,0.04070453680126868,0.009631703595119268,0.060001123090745734,0.008320122997277668,0.013576769050818078,0.07100047450450779,0,0.0329995320542817,0,0.01500017548169726,0.0037937889389099587,0,0,0,0,0,0,0,0,0,0,0,0,0,0.13700032378613927,0.07400107879341107,0.19292491564568878,0.48799966340936957,0.5299967346454122,0.3439942920957935,0.4390090058520517,0.08699854000066364,0.184001572327044,0.04599955452575796,0.47800954245167604,0.00399992359996944,0.04000031796755141,0.1697296334411951,5.076430039926327e-4,0,0.004000006047557997,0.015999912156770883,7.689323692462348e-4,0.11152983218012853,0,0.00600011765939651,0,0,0,0,1.930469665034542e-4,0.011963050549048145,0.008477826872613246,0.012030230626800602,0.02076078147348593,0.02999980914937878,0.04999930871434694,0.020000622354991286,5.082183604681701e-4,0.5699975299138822
SWZ,7.904216975956132e-6,0,3.173673562680972e-4,0,0,0,0,4.501897185568449e-4,0.01049470027139561,0.32039424213227136,0.17250016898138024,0.3100012517211165,0.1304590545379722,0.16950016716817115,0.0025362745113395807,0.0066076915055232575,0,0.0022489748119091132,0.01956466237652995,0.0066647371828107965,0.009070367103040971,0.05610944057193471,0.0029425406964605034,0.06000027036891839,0.008320122997277668,0.013999864816149964,0.0032474830184571193,0,0.02144197108029037,0,0.009000255502427272,0.0037937889389099587,0,0,0,0,0,0,0,0,0,0,0,0,0,0.29636361709343734,0.10262558810138109,0.150952995183745,0.46833391633937155,0.4550047363435428,0.3609994293421872,0.4389976980263406,0.134,0.15347988699969303,0.03999971639452358,0.29749948517819585,0.1400011460004584,0.039999004578936896,0.2116543751968037,5.076430039926327e-4,0,0.0037381729332455265,0.012480583770218743,0.0019992132110924358,0.015637012230634826,0,0.008,0,0,0,0,0.014959185944161263,0.011963050549048145,0.008477826872613246,0.012030230626800602,0.02076078147348593,0.023286944793123807,0.04884140140089657,0.02085171102296227,5.082183604681701e-4,0.5699975299138822
TCD,7.90421697596e-06,0,0.000317367356268,0,0,0,0,0.000450189718557,0.0104592725355,0.301569583962,0.172500332312,0.299083470552,0.131407995324,0.118675397524,0.0088741089319,0.00660769150552,0,0.00224897481191,0.00948140713888,0.00666473718281,0.00907036710304,0.0444624433857,0.0257323560288,0.0578460714963,0.00832012299728,0.0135767690508,0.00324748301846,0,0.0203325492362,0,0.0127788790558,0.00379378893891,0,0,0,0,0,0,0,0,0,0,0,0,0,0.29636376483,0.0990179784546,0.29159264054,0.465849285196,0.450957423929,0.364397523719,0.410897926679,0.130792007775,0.167565656924,0.0402660206195,0.299131111447,0.0723008074468,0.0659020333621,0.345115453022,0.000507643003993,0,0.00373817293325,0.0124805837702,0.00152272954317,0.0204086677862,0,0.00635924720139,0,0,0,0,0.0166547661281,0.011963050549,0.00847782687261,0.0120302306268,0.0207607814735,0.0263852766497,0.0491979174502,0.0207206785579,0.000508218360468,0.569997529914
TGO,7.90421697596e-06,0,0.000317367356268,0,0,0,0,0.000450189718557,0.0104592725355,0.301569583962,0.172500332312,0.299083470552,0.131407995324,0.118675397524,0.0088741089319,0.00660769150552,0,0.00224897481191,0.00948140713888,0.00666473718281,0.00907036710304,0.0444624433857,0.0257323560288,0.0578460714963,0.00832012299728,0.0135767690508,0.00324748301846,0,0.0203325492362,0,0.0127788790558,0.00379378893891,0,0,0,0,0,0,0,0,0,0,0,0,0,0.29636376483,0.0990179784546,0.29159264054,0.465849285196,0.450957423929,0.364397523719,0.410897926679,0.130792007775,0.167565656924,0.0402660206195,0.299131111447,0.0723008074468,0.0659020333621,0.345115453022,0.000507643003993,0,0.00373817293325,0.0124805837702,0.00152272954317,0.0204086677862,0,0.00635924720139,0,0,0,0,0.0166547661281,0.011963050549,0.00847782687261,0.0120302306268,0.0207607814735,0.0263852766497,0.0491979174502,0.0207206785579,0.000508218360468,0.569997529914
THA,7.904216975956132e-6,0,3.173673562680972e-4,0,0,0,0,4.501897185568449e-4,0.008656562171423583,0.4500011752972663,0.3,0.2700028968713789,0.1304590545379722,0.07723400641799183,0.0025362745113395807,0.0066076915055232575,0,0.0022489748119091132,0.01956466237652995,0.0066647371828107965,0.01799983778084192,4.339756154009501e-4,0.022342807556601903,0.049999999999999996,0.008320122997277668,0.013576769050818078,0.0032474830184571193,0,0.03299984548825711,0,0.015000182501733765,0.006,0,0,0,0,0,0,0,0,0,0,0,0,0,0.1370011644886416,0.07399781625331461,0.2513165819539021,0.48800273288458856,0.5299932975871313,0.6099977733244266,0.43898897130970604,0.0869989772253766,0.15347988699969303,0.04600173412021369,0.477999630877759,0.014272412495199421,0.04,0.3178896773253619,5.076430039926327e-4,0,0.004000008845174073,0.01600001880308935,0.0019992132110924358,0.061540261712992365,0,0.005999926999306493,0,0,0,0,0.006476611664546836,0.011963050549048145,0.008477826872613246,0.012030230626800602,0.02076078147348593,0.030000000000000002,0.05,0.01999971251149954,5.082183604681701e-4,0.5699975299138822
TJK,7.904216975956132e-6,0,3.173673562680972e-4,0,0,0,0,4.501897185568449e-4,0.008656562171423583,0.32039424213227136,0.08600007253270248,0.26269443842762014,0.1304590545379722,0.11904570801212484,0.0025362745113395807,0.0066076915055232575,0,0.0022489748119091132,0.005,0.0066647371828107965,0.017999700822737472,0.02627845692887395,0.014902094450059942,0.05439928177604612,0.008320122997277668,0.013576769050818078,0.0032474830184571193,0,0.02144197108029037,0,0.013912500796910659,0.0037937889389099587,0,0,0,0,0,0,0,0,0,0,0,0,0,0.1369996742397956,0.07400055162450946,0.1527707680736192,0.4879849747864567,0.5300059945383095,0.37204610697291113,0.3933346688928698,0.09229756854661432,0.15347988699969303,0.04600031933578157,0.30810210238415586,0.014272412495199421,0.039999179872008774,0.09767149822029973,5.076430039926327e-4,0,0.004,0.015999965339156357,0.0019992132110924358,0.13325519026688598,0,0.006060914289322545,0,0,0,0,0.0028463392648437045,0.011963050549048145,0.008477826872613246,0.012030230626800602,0.02076078147348593,0.023286944793123807,0.04884140140089657,0.02085171102296227,5.082183604681701e-4,0.5699975299138822
TKM,7.90421697596e-06,0,0.000317367356268,0,0,0,0,0.000826374393532,0.00696416810974,0.311594974732,0.0860001061061,0.18925004179,0.130459054538,0.113349978862,0.00253627451134,0.00660769150552,0,0.00224897481191,0.00500001008848,0.00666473718281,0.0145655253594,0.0272449913544,0.0310165496047,0.0578456265018,0.00832012299728,0.0136743635876,0.00324748301846,0,0.0329997607676,0,0.0150000307107,0.00464232603998,0,0,0,0,0,0,0,0,0,0,0,0,0,0.136999909345,0.0740002908981,0.320729303901,0.487999493705,0.530000776331,0.343999627036,0.431970689075,0.0870001620161,0.160523021119,0.0460003580732,0.477995596245,0.00400000359265,0.0400002814419,0.138568675635,0.000507643003993,0,0.00397987800312,0.0160000202332,0.0035666618108,0.0953743936071,0,0.00600469651528,0,0,0,0,0.00186003657326,0.011963050549,0.00847782687261,0.0120302306268,0.0207607814735,0.0299997852974,0.0497326600164,0.0200655610629,0.000508218360468,0.569997529914
TLS,7.90421697596e-06,0,0.000317367356268,0,0,0,0,0.000450189718557,0.010686304765,0.416663206323,0.289999578445,0.267563760806,0.116973309343,0.0951502009922,0.00253627451134,0.00660769150552,0,0.00224897481191,0.0330426215975,0.00666473718281,0.0150233462029,0.0141824640572,0.0460030499471,0.05333366953,0.0122135089224,0.0137178910957,0.00324748301846,0,0.0252949278841,0,0.012637646267,0.00379378893891,0,0,0,0,0,0,0,0,0,0,0,0,0,0.169201720607,0.0803307828459,0.273632088936,0.418673499273,0.500621769018,0.530684695712,0.394110784424,0.0846673021245,0.153479887,0.0440005044694,0.378664901902,0.0142724124952,0.110000227111,0.205565509889,0.000507643003993,0,0.00400003745106,0.0160000893833,0.00393484868208,0.0872945872658,0,0.00604064428827,0,0,0,0,0.00901017478023,0.011963050549,0.011318519231,0.0120302306268,0.0195071309725,0.0255246298621,0.0492281202256,0.0202840684706,0.000508218360468,0.569997529914
TTO,7.904216975956132e-6,0,3.173673562680972e-4,0,0,0,0,4.501897185568449e-4,0.01,0.2059947696640515,0.08599993229889517,0.023999999999999997,0.17099748533109807,0.04222513655028992,0.0025362745113395807,0.0066076915055232575,0,0.0022489748119091132,0.004999999999999999,0.0066647371828107965,0.01799993240731353,0.03350477785234979,0.006114517260871878,0.06000104286161226,0.008320122997277668,0.014000058776853676,0.0032474830184571193,0,0.03300032186981604,0,0.01499954375399215,0.0037937889389099587,0,0,0,0,0,0,0,0,0,0,0,0,0,0.13700101905776352,0.08699204898672196,0.14830813813800872,0.4879985615000544,0.5300104774734321,0.344005106325797,0.43899998037638094,0.08699852100877026,0.18400008860535175,0.045999550571416345,0.4780027765809756,0.003999959890098871,0.03999977480774211,0.13961798822534166,5.076430039926327e-4,0,0.004000030511292992,0.015999709212822004,0.0019992132110924358,0.06358097465916077,0,0.005999933636393801,0,0,0,0,0.006476611664546836,0.011963050549048145,0.008477826872613246,0.012030230626800602,0.02076078147348593,0.030000853825136613,0.04999907829004369,0.019999270365911495,5.082183604681701e-4,0.5699975299138822
TUN,7.904216975956132e-6,0,3.173673562680972e-4,0,0,0,0,0.005340645847828757,0.005452873195505258,0.32039424213227136,0.08600032798165876,0.26269443842762014,0.1304590545379722,0.11904570801212484,0.0025362745113395807,0.0066076915055232575,0,0.0022489748119091132,0.004999847920310243,0.0066647371828107965,0.018000000000000002,0.019333928665230867,0.004902957484241968,0.059999554882934215,0.008320122997277668,0.013576769050818078,0.0032474830184571193,0,0.0329995320542817,0,0.014999776075955039,0.0037937889389099587,0,0,0,0,0,0,0,0,0,0,0,0,0,0.13700014177996017,0.07399988611279523,0.3903627218183396,0.4880001122960686,0.530001348981519,0.34400146138740473,0.4390000936241925,0.086999164517418,0.15347988699969303,0.04599951710504475,0.4779927477455986,0.004,0.04000013414985881,0.12214308219753092,5.076430039926327e-4,0,0.0037381729332455265,0.016000016799240672,6.313687006859363e-4,0.1318592988125619,0,0.006000235488048982,0,0,0,0,0.0012245371427256327,0.011963050549048145,0.008477826872613246,0.012030230626800602,0.02076078147348593,0.029999663076560237,0.049997695746347756,0.01999941224873633,5.082183604681701e-4,0.5699975299138822
TUR,7.904216975956132e-6,0,3.173673562680972e-4,0,0,0,0,4.501897185568449e-4,0.008656562171423583,0.32039424213227136,0.08599963999234983,0.26269443842762014,0.1304590545379722,0.04500122906205008,0.0025362745113395807,0.0066076915055232575,0,0.0022489748119091132,0.0049998563011927006,0.0066647371828107965,0.017999174786555366,0.04180469559593136,0.05567595359338551,0.05999936522042721,0.008320122997277668,0.013576769050818078,0.0032474830184571193,0,0.03299955575299867,0,0.015000111450415708,0.006000038995476524,0,0,0,0,0,0,0,0,0,0,0,0,0,0.13700008144791362,0.073999503841632,0.3005985469325219,0.4879994181536075,0.5299996919949487,0.34400000000000003,0.43899631073549805,0.08699969079602844,0.15347988699969303,0.045999897538004396,0.47799278813069446,0.003999928377023349,0.04000050848104001,0.14211685767930315,5.076430039926327e-4,0,0.0037381729332455265,0.016000036301154374,0.006227511763077775,0.12691622908985423,0,0.006060914289322545,0,0,0,0,0.0033785147838163577,0.011963050549048145,0.008477826872613246,0.012030230626800602,0.02076078147348593,0.03000036500346753,0.05000184348787907,0.019999496202627306,5.082183604681701e-4,0.5699975299138822
TZA,7.904216975956132e-6,0,3.173673562680972e-4,0,0,0,0,4.501897185568449e-4,0.009490113706671102,0.3000001116884161,0.17250109487793958,0.3100001233987608,0.13199877390299686,0.1679302298398794,0.030000000000000002,0.0066076915055232575,0,0.0022489748119091132,0.005000123731749567,0.0066647371828107965,0.009070367103040971,0.016444762295522664,0.0030319647814706116,0.0599990875079843,0.008320122997277668,0.014000000000000002,0.0032474830184571193,0,0.02000020083547558,0,0.013912500796910659,0.0037937889389099587,0,0,0,0,0,0,0,0,0,0,0,0,0,0.2963641196798299,0.102626066263344,0.4940728133768347,0.46833339989616196,0.45498906276291434,0.3609875352937126,0.43900349399320343,0.13399995915184817,0.18400199571508233,0.03999922751588421,0.2975045634655625,0.1400011460004584,0.04000073000693507,0.3373694239398149,5.076430039926327e-4,0,0.0037381729332455265,0.012480583770218743,0.0019992132110924358,0.017162667774905827,0,0.008000146001387013,0,0,0,0,0.014999928752938941,0.011963050549048145,0.008477826872613246,0.012030230626800602,0.02076078147348593,0.030000486665368895,0.050000553036168564,0.019999294681901536,5.082183604681701e-4,0.5699975299138822
UGA,7.90421697596e-06,0,0.000317367356268,0,0,0,0,0.000450189718557,0.0104592725355,0.301569583962,0.172500332312,0.299083470552,0.131407995324,0.118675397524,0.0088741089319,0.00660769150552,0,0.00224897481191,0.00948140713888,0.00666473718281,0.00907036710304,0.0444624433857,0.0257323560288,0.0578460714963,0.00832012299728,0.0135767690508,0.00324748301846,0,0.0203325492362,0,0.0127788790558,0.00379378893891,0,0,0,0,0,0,0,0,0,0,0,0,0,0.29636376483,0.0990179784546,0.29159264054,0.465849285196,0.450957423929,0.364397523719,0.410897926679,0.130792007775,0.167565656924,0.0402660206195,0.299131111447,0.0723008074468,0.0659020333621,0.345115453022,0.000507643003993,0,0.00373817293325,0.0124805837702,0.00152272954317,0.0204086677862,0,0.00635924720139,0,0,0,0,0.0166547661281,0.011963050549,0.00847782687261,0.0120302306268,0.0207607814735,0.0263852766497,0.0491979174502,0.0207206785579,0.000508218360468,0.569997529914
UKR,7.904216975956132e-6,0,3.173673562680972e-4,0,0,0,0,4.501897185568449e-4,0.008656562171423583,0.32039424213227136,0.08599994219614936,0.26269443842762014,0.1304590545379722,0.11904570801212484,0.0025362745113395807,0.0066076915055232575,0,0.0022489748119091132,0.005000055303616856,0.0066647371828107965,0.017999951973873787,0.03686059825656332,0.02227606222953632,0.05999926999306493,0.008320122997277668,0.013576769050818078,0.0032474830184571193,0,0.03299986630122335,0,0.015000521430806131,0.0037937889389099587,0,0,0,0,0,0,0,0,0,0,0,0,0,0.13699989826565048,0.07400069506072472,0.24431291567844474,0.48800223214285704,0.5299925557340438,0.34400826446280997,0.43899136577708014,0.08699925933763622,0.15347988699969303,0.0459988160955934,0.47799838393166344,0.004,0.04000026545618646,0.1877150676385401,5.076430039926327e-4,0,0.003999895290699196,0.016000104613453293,0.004499077070469539,0.07566705864065651,0,0.005999926999306493,0,0,0,0,8.108406938131764e-4,0.011963050549048145,0.008477826872613246,0.012030230626800602,0.02076078147348593,0.0299995575808521,0.04999907829004369,0.02,5.082183604681701e-4,0.5699975299138822
URY,1.2624774659398215e-4,0,0.009999999999999998,0,0,0,0,4.501897185568449e-4,0.010997493711861891,0.3070021853872992,0.15000030559918834,0.2,0.1304590545379722,0.11904570801212484,0.0025362745113395807,0.0066076915055232575,0,0.019999899862812053,0.013000398194850013,0.02,0.02,0.016943715943752696,0.009001844743316898,0.01,0.01,0.013576769050818078,0.0032474830184571193,0,0.02,0,0.013912500796910659,0.0037937889389099587,0,0,0,0,0,0,0,0,0,0,0,0,0,0.18400086598830917,0.09100245590533602,0.3156876195866405,0.5400003047835783,0.3599974007407889,0.39999139155511554,0.23999686022096195,0.12320168950065394,0.15347988699969303,0.08000009598955633,0.1500041289328085,0.014272412495199421,0.04000149106294149,0.12413662644134808,5.076430039926327e-4,0,0.0037381729332455265,0.012480583770218743,0.006786750974567097,0.03439861580718414,0,0.01,0,0,0,0,0.00999934715109606,0.011963050549048145,0.012000280859429856,0.01600047225501771,0.02076078147348593,0.023286944793123807,0.02300007213445863,0.050001793239487134,5.082183604681701e-4,0.5699975299138822
USA,7.904216975956132e-6,0,3.173673562680972e-4,0,0,0,0,0.005340500267392678,0.008656562171423583,0.20600376593279257,0.0859996307564156,0.024000627795652516,0.17099699050852687,0.037313361640840356,0.0025362745113395807,0.0066076915055232575,0,0.0022489748119091132,0.005000119674485399,0.0066647371828107965,0.018000146001387014,0.0376133333862604,0.016309458924382184,0.0599990875079843,0.008320122997277668,0.014000212890521049,0.0032474830184571193,0,0.032998635211542206,0,0.01499964904892258,0.005999999999999999,0,0,0,0,0,0,0,0,0,0,0,0,0,0.13699955445229456,0.07400191644765354,0.19576761316034721,0.48799940537204867,0.5299985656913367,0.3439935002127906,0.43898897130970604,0.08700183579428523,0.1840026118184786,0.04600109471861913,0.47799247006681966,0.00400011460004584,0.0399998788378123,0.2089563515726215,5.076430039926327e-4,0,0.004000073934723854,0.015999516793116987,0.0010254358640144066,0.08567411803290292,0,0.006060914289322545,0,0,0,0,8.142239769228837e-5,0.011963050549048145,0.008477826872613246,0.012030230626800602,0.02076078147348593,0.029999514138567683,0.05,0.019999381302975933,5.082183604681701e-4,0.5699975299138822
UZB,7.904216975956132e-6,0,3.173673562680972e-4,0,0,0,0,4.501897185568449e-4,0.009531713518858597,0.32039424213227136,0.08599995328286685,0.26269443842762014,0.1304590545379722,0.11904570801212484,0.0025362745113395807,0.0066076915055232575,0,0.0022489748119091132,0.005000182501733767,0.0066647371828107965,0.009070367103040971,0.017110674148385806,0.010710019402044425,0.05439928177604612,0.008320122997277668,0.013576769050818078,0.0032474830184571193,0,0.02144197108029037,0,0.015000182501733765,0.0037937889389099587,0,0,0,0,0,0,0,0,0,0,0,0,0,0.13700015822625622,0.07400030274743295,0.1671004137609428,0.48800586612661057,0.5299991474487403,0.3439964188561,0.43898856245795026,0.09229756854661432,0.15347988699969303,0.045998648191956745,0.4780103775272857,0.014272412495199421,0.03999993391171596,0.09358946338357986,5.076430039926327e-4,0,0.004,0.015999697176167765,0.0050689411413222035,0.1122873090670175,0,0.006060914289322545,0,0,0,0,2.1318335272744394e-4,0.011963050549048145,0.008477826872613246,0.012030230626800602,0.02076078147348593,0.023286944793123807,0.04884140140089657,0.02085171102296227,5.082183604681701e-4,0.5699975299138822
VCT,7.904216975956132e-6,0,3.173673562680972e-4,0,0,0,0,4.501897185568449e-4,0.008656562171423583,0.2059949918986596,0.08600141725181988,0.024000073648097114,0.1710013324779154,0.025999485719273498,0.0025362745113395807,0.0066076915055232575,0,0.0022489748119091132,0.01956466237652995,0.0066647371828107965,0.017999854003941895,0.013040111233673466,0.05829584227590707,0.059998510242085655,0.008320122997277668,0.013576769050818078,0.0032474830184571193,0,0.032998775474503625,0,0.013912500796910659,0.0037937889389099587,0,0,0,0,0,0,0,0,0,0,0,0,0,0.13700126662444584,0.07400044081992506,0.30062805328721437,0.48800054228176837,0.5299948650398517,0.3440027129962957,0.43897769694649186,0.08699976745417581,0.18399949154886924,0.04599963040470685,0.4779952495047246,0.014272412495199421,0.04000162223544044,0.18809037225851938,5.076430039926327e-4,0,0.004,0.0159996772444121,0.0019992132110924358,0.08644221316394061,0,0.006,0,0,0,0,1.5511256454549916e-4,0.011963050549048145,0.008477826872613246,0.012030230626800602,0.02076078147348593,0.029999999999999995,0.04999944696994835,0.01999913284772806,5.082183604681701e-4,0.5699975299138822
VEN,1.26250370729866e-4,0,0.01,0,0,0,0,4.501897185568449e-4,0.010999872766599413,0.3069987241760065,0.14999936598912036,0.20000724204732678,0.09,0.0988705409899499,0.0025362745113395807,0.020000632031348754,0,0.019999785294843857,0.01299990875079843,0.020000276514261225,0.019999999999999997,0.020765352835270184,0.008900244777451013,0.01,0.009999999999999998,0.013576769050818078,0.0032474830184571193,0,0.019999460072350303,0,0.013912500796910659,0.0037937889389099587,0,0,0,0,0,0,0,0,0,0,0,0,0,0.18399982040767457,0.09099814861966433,0.3125037646872117,0.5399998845518883,0.36,0.39999413369313347,0.3933346688928698,0.1232,0.0849006117844498,0.0799985384390529,0.14999908804056397,0.014272412495199421,0.039998898253732165,0.3674687469089732,5.076430039926327e-4,0,0.0037381729332455265,0.012480583770218743,0.0019992132110924358,0.03431388593575167,0,0.009999999999999998,0,0,0,0,0.009995153101033556,0.011963050549048145,0.012000241138172173,0.01600023793944441,0.02076078147348593,0.023286944793123807,0.02299966817829886,0.05000104543458715,5.082183604681701e-4,0.5699975299138822
VNM,7.90421697596e-06,0,0.000317367356268,0,0,0,0,0.000450189718557,0.010686304765,0.416663206323,0.289999578445,0.267563760806,0.116973309343,0.0951502009922,0.00253627451134,0.00660769150552,0,0.00224897481191,0.0330426215975,0.00666473718281,0.0150233462029,0.0141824640572,0.0460030499471,0.05333366953,0.0122135089224,0.0137178910957,0.00324748301846,0,0.0252949278841,0,0.012637646267,0.00379378893891,0,0,0,0,0,0,0,0,0,0,0,0,0,0.169201720607,0.0803307828459,0.273632088936,0.418673499273,0.500621769018,0.530684695712,0.394110784424,0.0846673021245,0.153479887,0.0440005044694,0.378664901902,0.0142724124952,0.110000227111,0.205565509889,0.000507643003993,0,0.00400003745106,0.0160000893833,0.00393484868208,0.0872945872658,0,0.00604064428827,0,0,0,0,0.00901017478023,0.011963050549,0.011318519231,0.0120302306268,0.0195071309725,0.0255246298621,0.0492281202256,0.0202840684706,0.000508218360468,0.569997529914
VUT,7.90421697596e-06,0,0.000317367356268,0,0,0,0,0.000450189718557,0.010686304765,0.416663206323,0.289999578445,0.267563760806,0.116973309343,0.0951502009922,0.00253627451134,0.00660769150552,0,0.00224897481191,0.0330426215975,0.00666473718281,0.0150233462029,0.0141824640572,0.0460030499471,0.05333366953,0.0122135089224,0.0137178910957,0.00324748301846,0,0.0252949278841,0,0.012637646267,0.00379378893891,0,0,0,0,0,0,0,0,0,0,0,0,0,0.169201720607,0.0803307828459,0.273632088936,0.418673499273,0.500621769018,0.530684695712,0.394110784424,0.0846673021245,0.153479887,0.0440005044694,0.378664901902,0.0142724124952,0.110000227111,0.205565509889,0.000507643003993,0,0.00400003745106,0.0160000893833,0.00393484868208,0.0872945872658,0,0.00604064428827,0,0,0,0,0.00901017478023,0.011963050549,0.011318519231,0.0120302306268,0.0195071309725,0.0255246298621,0.0492281202256,0.0202840684706,0.000508218360468,0.569997529914
WSM,7.90421697596e-06,0,0.000317367356268,0,0,0,0,0.00142830490409,0.00770986177233,0.38120173083,0.251199639104,0.218801502215,0.13856776343,0.0617656561154,0.00253627451134,0.00660769150552,0,0.00224897481191,0.024738855826,0.00666473718281,0.0180001387766,0.0126964685163,0.052889754293,0.0540000189088,0.0106560983978,0.0135767690508,0.00324748301846,0,0.0383998393996,0,0.0145650003194,0.00511751557556,0,0,0,0,0,0,0,0,0,0,0,0,0,0.147599220307,0.0751994873235,0.287340922478,0.446400428796,0.450367880689,0.506791868783,0.412060871883,0.0856000889645,0.153479887,0.0448000256685,0.418399894007,0.00810897081987,0.081999399823,0.25344780233,0.000507643003993,0,0.00400001947229,0.016000055984,0.00188967799018,0.0905189738137,0,0.00599993339824,0,0,0,0,0.00706243468148,0.011963050549,0.010182278399,0.0120302306268,0.0200085311386,0.0280000320658,0.0499999803901,0.0199999089118,0.000508218360468,0.569997502503
YEM,7.904216975956132e-6,0,3.173673562680972e-4,0,0,0,0,5.454610026680398e-4,0.006485544176920293,0.32039424213227136,0.08600179678294591,0.023999797221940587,0.1304590545379722,0.11904570801212484,0.0025362745113395807,0.0066076915055232575,0,0.0022489748119091132,0.004999834090984504,0.0066647371828107965,0.018000250938166554,0.033921583390380226,0.005080043240628076,0.05439928177604612,0.008320122997277668,0.013576769050818078,0.0032474830184571193,0,0.0329995320542817,0,0.014999635009854732,0.005999999999999999,0,0,0,0,0,0,0,0,0,0,0,0,0,0.13700074267084578,0.07400043569820637,0.21596277745149461,0.4879978200374887,0.5300025075225677,0.34401687327823693,0.43898897130970604,0.08699947789067834,0.15347988699969303,0.0459998417345889,0.4780069564719523,0.003999977716622286,0.03999985227642036,0.2921204480557358,5.076430039926327e-4,0,0.004000114724946939,0.015999930538270517,0.0019992132110924358,0.12210810604635618,0,0.0059998540039418935,0,0,0,0,0.01234413616046867,0.011963050549048145,0.008477826872613246,0.012030230626800602,0.02076078147348593,0.03,0.04884140140089657,0.02085171102296227,5.082183604681701e-4,0.5699975299138822
ZAF,7.904216975956132e-6,0,3.173673562680972e-4,0,0,0,0,4.501897185568449e-4,0.010364792116548557,0.32039424213227136,0.1725006906199122,0.3099938722076765,0.1304590545379722,0.11904570801212484,0.0025362745113395807,0.0066076915055232575,0,0.0022489748119091132,0.005000121669302835,0.0066647371828107965,0.009070367103040971,0.030000801745081365,0.005097534860792687,0.05999933636393802,0.008320122997277668,0.013576769050818078,0.0032474830184571193,0,0.019999744754709278,0,0.008999908750798431,0.0037937889389099587,0,0,0,0,0,0,0,0,0,0,0,0,0,0.29636212695304187,0.10262685835465746,0.15535419889378896,0.46833474767903327,0.45501282810341426,0.3610103910641715,0.4390031179818154,0.13400070911820397,0.15347988699969303,0.04,0.2975026648393483,0.13999679127226056,0.039999999999999994,0.1613970214869256,5.076430039926327e-4,0,0.0037381729332455265,0.012480583770218743,4.6585108968646196e-4,0.03520034804572746,0,0.007999837780841918,0,0,0,0,0.015000219944573968,0.011963050549048145,0.008477826872613246,0.012030230626800602,0.02076078147348593,0.030000000000000002,0.04999930871434694,0.01999929468190154,5.082183604681701e-4,0.5699975299138822
ZMB,7.90421697596e-06,0,0.000317367356268,0,0,0,0,0.000450189718557,0.00978093582775,0.302913252848,0.172500547685,0.3100005415,0.131449976518,0.117321772974,0.0162680089943,0.00660769150552,0,0.00224897481191,0.0122823116454,0.00666473718281,0.00907036710304,0.0355315983864,0.0260259758807,0.058799500002,0.00832012299728,0.013667447352,0.00324748301846,0,0.0203089363403,0,0.0118071932833,0.00379378893891,0,0,0,0,0,0,0,0,0,0,0,0,0,0.296363557432,0.101508594732,0.362352746195,0.468333029111,0.449363847797,0.362578663878,0.425953249158,0.131021410988,0.168740310923,0.0399994663049,0.297500297383,0.104077541457,0.0400000777755,0.316700478158,0.000507643003993,0,0.00373817293325,0.0124805837702,0.0024893279306,0.0228563048904,0,0.0077230434314,0,0,0,0,0.0157545734566,0.011963050549,0.00847782687261,0.0120302306268,0.0207607814735,0.029040926431,0.0494207326877,0.020486564604,0.000508218360468,0.569997529914
ZWE,7.904216975956132e-6,0,3.173673562680972e-4,0,0,0,0,4.501897185568449e-4,0.010295651885110295,0.3000008162621181,0.17250383083052404,0.3100050695249131,0.1304590545379722,0.1694943876030595,0.0025362745113395807,0.0066076915055232575,0,0.0022489748119091132,0.01956466237652995,0.0066647371828107965,0.009070367103040971,0.05667066381818,0.06718115573723522,0.060001216693028346,0.008320122997277668,0.013999938552292,0.0032474830184571193,0,0.019999298097845165,0,0.013912500796910659,0.0037937889389099587,0,0,0,0,0,0,0,0,0,0,0,0,0,0.2963606590248304,0.10262375620783568,0.2663031850383678,0.4683345764814957,0.45499283588669676,0.36100389069155886,0.3933346688928698,0.13400050127108026,0.15347988699969303,0.039999531209713335,0.2975036917235075,0.014272412495199421,0.04000143451441687,0.2517636663278531,5.076430039926327e-4,0,0.0037381729332455265,0.012480583770218743,0.0019992132110924358,0.016554021627977485,0,0.008000146001387013,0,0,0,0,0.014999682972784215,0.011963050549048145,0.008477826872613246,0.012030230626800602,0.02076078147348593,0.023286944793123807,0.04884140140089657,0.019999999999999997,5.082183604681701e-4,0.5699975299138822
