ISO3,wheat,rice,barley,maize,rye,oats,millet,sorghum,othr_grains,cassava,potato,sweet_potato,yams,othr_roots,sugar_cane,sugar_non,raw_sugar,sweeteners,honey,beans,peas,othr_pulse,nuts,soyabeans,groundnut,seed_sunflower,seed_rape,seed_cotton,coconuts,seed_sesame,preserved_olives,seed_oilcrop,oil_soyabeans,oil_groundnut,oil_sunflower,oil_rape,oil_cotton,oil_palmkernel,oil_palm,oil_coconut,oil_sesame,oil_olive,oil_ricebran,oil_maize,oil_oilcrop,tomato,onion,othr_vegetables,orange,lemon,grapefruit,citrus,banana,plantains,apple,pineapple,dates,grapes,othr_fruits,beef,lamb,pork,poultry,othr_meat,offals,butter,cream,fat_ani,oil_fish_body,oil_fish_liver,eggs,milk,fish_freshw,fish_demrs,fish_pelag,fish_marine,crustaceans,cephalopods,othr_molluscs,fish_aquatic,fish_aquaticplant
AGO,3.0825764063399365e-4,0,0.007422295423679569,0.3471067488899852,0.00997772807819678,0.0011694880530215964,0.0024015598182913892,0.0016493204491296487,0.001742784197531726,0.012499943839659983,0.011291754385964912,1.351527157097714,0.024003549479122088,0.039811490696680114,0,0.009911357240928427,0,0,0.0981879665561023,0.14916614571780032,0.12034469879931313,0.03142714043914047,2.0765405686767017e-4,0.01,0.007942550694646196,0.030604791424696416,0.020000365003467534,0,0,0.025,0.21971129500955408,0,0,0,0,0,0,0,57.1999016836672,0,0,0,0,0,0.0011074646470953299,0.5197066134377826,0.008762390507889992,1.9376747368159575,0.059998166875439185,0.03037334153318248,0.07658329768961175,0.15,0.04,0.43055331660970947,0.02,0.051165513204558755,0.055761674689375415,0.041666249530722066,1.132105479277936,0.1600028972910329,0.07961783699765192,0.10373511605358637,0.19000127860887353,0.0935773203040145,4.7455175796397295,6.959982312624365,4.07102192918144,0.10382846049315572,0,299.5697236460714,1.6159853224820058,0.3354131004285136,0.07000086617583369,0.07000073773515308,0.18999958812142181,0.2700045904649485,0.16000292002774025,0.45001382615909297,0.25406805636953605,0.1758104952601965,0.12999812365546043
ALB,1.4494227923835024e-5,0,0.009999999999999998,0.10999944588557149,0.01,0.0011694880530215964,0.0012609603704971761,0.0016493204491296487,0.001742784197531726,0.02304254127061766,0.014167356508078733,7.090084729626809,0.024003549479122088,0.039811490696680114,0,0.009911357240928427,0,0,0.0981879665561023,0.04858635035697405,0.12034469879931313,0.021630097841634797,0.00945085528094363,0.01,0.007942550694646196,0.030604791424696416,0.020000365003467534,0,0,0.027536783427960485,0.17000068905097993,0,0,0,0,0,0,0,20.432334733378706,0,0,0,0,0,0.0011074646470953299,0.4200002876807894,0.008762390507889992,0.675267626132096,0.10999939252520127,0.01,0.07658329768961175,0.14999636601497204,0.029999793737882096,0.43055331660970947,0.03000045835816107,0.03000023856100005,0.07000076713169459,0.02999985820139498,0.2031341842838486,0.02340984250778248,0.07961783699765192,0.020000119129875392,0.16999905606137317,0.0935773203040145,7.543477782872558,6.840086191670494,4.1100465370928,0.10382846049315572,0,299.5697236460714,1.599994238571328,0.34763826081355154,0.3000044095599259,0.17999590596312215,0.3199990697025374,0.2800123435020278,0.06999949655137692,0.4500087320991967,0.25999788404570456,0.1758104952601965,0.12999812365546043
ARE,1.4494227923835024e-5,0,0.007422295423679569,0.11,0.00997772807819678,0.0011694880530215964,0.0012609603704971761,0.0016493204491296487,0.001742784197531726,0.01,0.014167356508078733,7.090121436965689,0.024003549479122088,0.01,0,0.009911357240928427,0,0,0.0981879665561023,0.04858635035697405,0.06999999999999999,0.02432477864017142,0.023591297296207278,0.01,0.007942550694646196,0.030604791424696416,0.020000365003467534,0,0,0.030000540745146815,0.17000512295081965,0,0,0,0,0,0,0,20.432334733378706,0,0,0,0,0,0.0011074646470953299,0.41999949273891996,0.008762390507889992,1.6258989039655076,0.1100009801279067,0.009999999999999998,0.07658329768961175,0.15000109020343197,0.02999989554717612,0.43055331660970947,0.029999887345522547,0.03,0.07000119374477737,0.029999750189439674,0.15913350178597221,0.02340984250778248,0.07961783699765192,0.10373511605358637,0.17000049664182482,0.019682248550042133,0.19793136579734968,6.840178837555887,4.10995528789123,0.10382846049315572,0,299.5697236460714,1.6123382766609622,0.4738485424966516,0.30000000000000004,0.18000012918978625,0.32000205359893213,0.2800012446712512,0.06999999999999999,0.4500055303616856,0.2599962659862464,0.1758104952601965,0.12999812365546043
ARG,1.4494227923835024e-5,0,0.007422295423679569,0.17200310797109866,0.00997772807819678,0.0011694880530215964,0.0012609603704971761,0.0016493204491296487,0.001742784197531726,0.11000066171118512,0.014167356508078733,0.8600026499374961,0.024003549479122088,0.039811490696680114,0,0.009911357240928427,0,0,0.0981879665561023,0.04858635035697405,0.12034469879931313,0.03142714043914047,0.09433848250422606,0.26682741885412264,0.007942550694646196,0.030604791424696416,0.020000365003467534,0,0,0.01,0.8700222652115195,0,0,0,0,0,0,0,94.00231171675387,0,0,0,0,0,0.0011074646470953299,0.8600004593972355,0.008762390507889992,1.8380158051087776,0.11999963806473213,0.09000071046515168,0.03000037225924133,0.31932780931604626,0.36000229006288864,0.43055331660970947,0.009999855776857953,0.10999780909953992,0.055761674689375415,0.030000000000000002,0.09753795771620424,0.02340984250778248,0.07961783699765192,0.02000025381032754,0.19999967382405415,0.0935773203040145,0.26333647224277945,6.710038674962166,2.400048667721134,0.10382846049315572,0,299.5697236460714,1.5599978884438492,0.3050734695121729,0.01300006063178318,0.1,0.266728853019839,0.29998942022852304,0.47908258374507223,0.44999308723904324,0.051001322501416965,0.1758104952601965,0.12999812365546043
ARM,1.4494227923835024e-5,0,0.007422295423679569,0.10999975666731555,0.009999999999999998,0.0011694880530215964,0.0012609603704971761,0.0016493204491296487,0.001742784197531726,0.02304254127061766,0.014167356508078733,0.9597938674221256,0.024003549479122088,0.039811490696680114,0,0.009911357240928427,0,0,0.0981879665561023,0.04858635035697405,0.12034469879931313,0.03142714043914047,0.019659519594035963,0.26682741885412264,0.007942550694646196,0.030604791424696416,0.020000365003467534,0,0,0.030000486665368895,0.16999964903660547,0,0,0,0,0,0,0,20.432334733378706,0,0,0,0,0,0.0011074646470953299,0.42000015038272404,0.008762390507889992,0.9096247342573284,0.11000303686360563,0.01,0.07658329768961175,0.15000344281484543,0.029999846689254445,0.43055331660970947,0.030000182408891823,0.030000825786561703,0.06999966575305835,0.03000003263782136,0.12412181123929766,0.02340984250778248,0.07961783699765192,0.02000017514821918,0.17,0.0935773203040145,3.4364724194960603,6.840048815214075,4.109939044420922,0.10382846049315572,0,299.5697236460714,1.603054734322563,0.3295474378375991,0.29999512171325426,0.1800019210450485,0.3200030178050498,0.2799971146216548,0.0699998539996788,0.39006089962843005,0.2599978840457046,0.1758104952601965,0.12999812365546043
ATG,1.4494227923835024e-5,0,0.007422295423679569,0.17200310797109866,0.00997772807819678,0.0011694880530215964,0.0012609603704971761,0.0016493204491296487,0.001742784197531726,0.11000197511356903,0.014167356508078733,0.8599939522225583,0.024003549479122088,0.039811490696680114,0,0.009911357240928427,0,0,0.0981879665561023,0.04858635035697405,0.12034469879931313,0.03142714043914047,0.08057009140042903,0.019999999999999997,0.007942550694646196,0.030604791424696416,0.020000365003467534,0,0,0.027536783427960485,0.86994413407821225,0,0,0,0,0,0,0,20.432334733378706,0,0,0,0,0,0.019999580457720625,0.8600003765792793,0.008762390507889992,1.1907947353977595,0.11999994690855131,0.0899994282773998,0.029999472953742907,0.31932780931604626,0.35999321055758293,0.4121946654188114,0.009999951255416742,0.1100029211701373,0.049999999999999996,0.0299998793392618,0.32102287248461353,0.02340984250778248,0.07961783699765192,0.01999990844209649,0.20000039161052766,0.0935773203040145,7.543477782872558,6.835232269981125,2.3999756668795813,0.10382846049315572,0,299.5697236460714,1.962791907130008,0.32723842320300367,0.012999683100185613,0.09999999999999999,0.266728853019839,0.30000129160585354,0.47908258374507223,0.45000445990544996,0.05100027473213616,0.1758104952601965,0.12999812365546043
AUS,1.4494227923835024e-5,0,0.007422295423679569,0.1099999145963396,0.01,0.0011694880530215964,0.0012609603704971761,0.0016493204491296487,0.001742784197531726,0.01,0.014167356508078733,7.089918256130789,0.024003549479122088,0.007591790233208473,0,0.009911357240928427,0,0,0.0981879665561023,0.04858635035697405,0.06999984791568445,0.007220131690393839,0.006871953643665018,0.01,0.007942550694646196,0.030604791424696416,0.020000365003467534,0,0,0.027536783427960485,0.16999565109343936,0,0,0,0,0,0,0,20.432334733378706,0,0,0,0,0,0.0011074646470953299,0.4199997740722033,0.008762390507889992,1.4817385796291687,0.1100007702927705,0.01,0.07658329768961175,0.15000000000000002,0.029999929590852445,0.43055331660970947,0.02999930797444119,0.030000225413069452,0.0700004149320203,0.029999867807051172,0.15346758083302933,0.02340984250778248,0.07961783699765192,0.019999950379719196,0.16999941314404254,0.0935773203040145,7.543477782872558,6.84002725591356,4.1100465370928,0.10382846049315572,0,300.00365003467533,1.5999965062373995,0.32149766132277713,0.3000039117508997,0.18000280105506408,0.3199913390454391,0.27999673469387754,0.06999812018296886,0.4499964998249912,0.25999472660756073,0.1499954375399215,0.12999812365546043
AUT,1.4494227923835024e-5,0,0.01,0.1099986844304117,0.010000144268917262,0.0011694880530215964,0.0012609603704971761,0.0016493204491296487,0.001742784197531726,0.02304254127061766,0.014167356508078733,7.0899658656933315,0.024003549479122088,0.039811490696680114,0,0.009911357240928427,0,0,0.0981879665561023,0.04858635035697405,0.06999844684320881,0.026059305605015567,0.009866488908976134,0.01,0.007942550694646196,0.029999541746860967,0.020000365003467534,0,0,0.03000014038437241,0.1699979436561793,0,0,0,0,0,0,0,20.432334733378706,0,0,0,0,0,0.0011074646470953299,0.4200000412652759,0.008762390507889992,1.9084170396330793,0.11000031801847235,0.01,0.07658329768961175,0.14999476713762427,0.02999995146267237,0.43055331660970947,0.029999946526882846,0.030000000000000002,0.0700005730002292,0.030000221212020662,0.11846649115946457,0.02340984250778248,0.07961783699765192,0.02000028905837534,0.17000077955876972,0.005495505542903299,1.5035406536640499,6.839985975511085,4.109997017511468,0.10382846049315572,0,299.5697236460714,1.6044562517090588,0.3346206968470573,0.30001088257699426,0.18000143900420906,0.32000382665263566,0.28000774143603635,0.07000011869858867,0.44998617447808653,0.2599969334559951,0.15,0.12999812365546043
AZE,1.4494227923835024e-5,0,0.01,0.11000078900335154,0.01,0.0011694880530215964,0.0012609603704971761,0.0016493204491296487,0.001742784197531726,0.02304254127061766,0.014167356508078733,0.9597938674221256,0.024003549479122088,0.039811490696680114,0,0.009911357240928427,0,0,0.0981879665561023,0.04858635035697405,0.12034469879931313,0.03142714043914047,0.014672468012548496,0.26682741885412264,0.007942550694646196,0.030604791424696416,0.020000365003467534,0,0,0.027536783427960485,0.16999756671262875,0,0,0,0,0,0,0,20.432334733378706,0,0,0,0,0,0.0011074646470953299,0.41999994859902356,0.008762390507889992,0.42385840720478896,0.10999969255364939,0.01,0.07658329768961175,0.14999643205442306,0.029999318352230128,0.43055331660970947,0.029999929955802113,0.029999045755999806,0.06999933150611672,0.029999902594556333,0.4370163018585943,0.02340984250778248,0.07961783699765192,0.01999934444499074,0.1700029385836027,0.0935773203040145,7.543477782872558,6.840032710574322,4.11011071906558,0.10382846049315572,0,299.5697236460714,1.6006729863783258,0.32542539491582284,0.3000053053212372,0.18000480268950614,0.3199993126202914,0.28000126955914556,0.07000036500346753,0.39006089962843005,0.25406805636953605,0.1758104952601965,0.12999812365546043
BEL,1.4494227923835024e-5,0,0.01,0.11000012444673056,0.01,0.0011694880530215964,0.0012609603704971761,0.0016493204491296487,0.001742784197531726,0.02304254127061766,0.014167356508078733,0.9597938674221256,0.024003549479122088,0.039811490696680114,0,0.009911357240928427,0,0,0.0981879665561023,0.04858635035697405,0.06999907204058275,0.02598675541368776,0.007501134586468532,0.01,0.007942550694646196,0.030604791424696416,0.020000365003467534,0,0,0.027536783427960485,0.17000208572322453,0,0,0,0,0,0,0,20.432334733378706,0,0,0,0,0,0.0011074646470953299,0.4200005112308114,0.008762390507889992,2.75542960768635,0.10999832545438151,0.01,0.07658329768961175,0.15000196240040817,0.03000018486680347,0.5600055689623168,0.030000214064838295,0.029999690181863246,0.06999811249528123,0.02999967794226578,0.1218838368826104,0.02340984250778248,0.07961783699765192,0.01999957510299667,0.1700002009161778,0.016172887929754708,1.8952218523090818,6.840017562260654,4.109991464992704,0.10382846049315572,0,299.99884737297094,1.60042530461479,0.32147332131742873,0.2999985829070245,0.1800082558028768,0.3200085966043413,0.2799913888547177,0.0699969763725109,0.44999723487013105,0.26000510743861954,0.15,0.12999812365546043
BEN,3.082620993577222e-4,0,0.007422295423679569,0.5,0.00997772807819678,0.0011694880530215964,0.0024015246007528346,0.002415167955831306,0.001742784197531726,0.012500138510805687,0.01129171896211675,1.3515354525426015,0.02458344067327284,0.018749889311963162,0,0.009911357240928427,0,0,0.0981879665561023,0.1491681460418205,0.12034469879931313,0.02000178990143318,2.84656835760327e-4,0.26682741885412264,0.007942550694646196,0.030604791424696416,0.020000365003467534,0,0,0.025000178922884232,0.1699990875079843,0,0,0,0,0,0,0,57.19984102264617,0,0,0,0,0,0.0011074646470953299,0.5197021081128628,0.008762390507889992,0.7061397636496598,0.06000229147571036,0.0074998667874460485,0.01,0.31932780931604626,0.04,0.43055331660970947,0.020000596409614123,0.05116776609021216,0.019999999999999997,0.041665790672413196,0.17427958408754948,0.1599991877183007,0.07961783699765192,0.10373511605358637,0.18999875019094303,0.0024956929418363445,10.524642478141697,6.835232269981125,3.3300361353432852,0.10382846049315572,0,299.5697236460714,1.6,0.4170434428412527,0.069999352037841,0.0700005145709336,0.18999865513067646,0.2700037971534443,0.15999656475437996,0.39006089962843005,0.25406805636953605,0.1758104952601965,0.12999812365546043
BFA,3.0826095278494825e-4,0,0.007422295423679569,0.5000002892234755,0.00997772807819678,0.0011694880530215964,0.0024014906713486404,0.0024151920955098384,0.001742784197531726,0.012500614905304583,0.011291609889040296,1.3515288759079007,0.02458295821638511,0.039811490696680114,0,0.009911357240928427,0,0,0.0981879665561023,0.04858635035697405,0.01250027375260065,0.026685419907863397,0.016680664021840635,0.009999999999999998,0.007942550694646196,0.030604791424696416,0.020000365003467534,0,0,0.025000180694590004,0.17000036500346752,0,0,0,0,0,0,0,57.200272255381535,0,0,0,0,0,0.0011074646470953299,0.5197025004562876,0.008762390507889992,0.36455050016736973,0.05999930812605944,0.007500254539283896,0.01,0.31932780931604626,0.039999545949872865,0.4299994635289069,0.02,0.05116428854538248,0.019999680674415633,0.041666550430307,1.2539428430186723,0.16000163592491104,0.07961783699765192,0.10373511605358637,0.19000047947832757,0.0935773203040145,12.326407569234345,6.960091220068415,4.07102192918144,0.10382846049315572,0,299.5697236460714,1.5999969053182106,0.35686925803537983,0.07000066143398888,0.15055409782611082,0.18999999999999997,0.26999323586034657,0.16000292002774025,0.39006089962843005,0.25406805636953605,0.1758104952601965,0.12999812365546043
BGD,1.4494227923835024e-5,0,0.007422295423679569,0.1100008110957904,0.00997772807819678,0.0011694880530215964,2.0621641464151967e-4,0.0016493204491296487,0.001742784197531726,0.02304254127061766,0.014167356508078733,0.6299933373888357,0.024003549479122088,0.039811490696680114,0,0.009911357240928427,0,0,0.0981879665561023,0.07999927000194668,0.07000049659830164,0.053166329427460746,0.019687207647211432,0.049999999999999996,0.007942550694646196,0.030604791424696416,0.020000365003467534,0,0,0.027536783427960485,0.21971129500955408,0,0,0,0,0,0,0,20.432334733378706,0,0,0,0,0,0.0011074646470953299,0.41999155583702763,0.008762390507889992,0.7291083503330089,0.339997827385802,0.015000000000000001,0.4600007445184827,0.15000392474947016,0.02999927502960296,0.43055331660970947,0.029999573105656353,0.029999445214979194,0.055761674689375415,0.0300002825816661,0.14776240089924597,0.02340984250778248,0.07961783699765192,0.10373511605358637,0.410006671114076,1.7975956449417814e-4,7.543477782872558,6.839917618423516,4.07102192918144,0.10382846049315572,0,299.5697236460714,1.6180727817909228,0.5087698866983498,0.2999984705660435,0.17999590596312215,0.3600025250931128,0.2800012695591456,0.16000099829042763,0.39006089962843005,0.25406805636953605,0.1758104952601965,0.12999812365546043
BGR,1.4494227923835024e-5,0,0.01,0.1100008022937155,0.01,0.0011694880530215964,0.0012609603704971761,0.0016493204491296487,0.001742784197531726,0.02304254127061766,0.014167356508078733,7.090238731680339,0.024003549479122088,0.039811490696680114,0,0.009911357240928427,0,0,0.0981879665561023,0.04858635035697405,0.06999947856919386,0.022242300577250098,0.00986372932768539,0.009999999999999998,0.007942550694646196,0.029999670282567836,0.020000365003467534,0,0,0.02999969583599477,0.1700019098953802,0,0,0,0,0,0,0,20.432334733378706,0,0,0,0,0,0.0011074646470953299,0.42000092257204297,0.008762390507889992,1.0379197472719435,0.10999694474692319,0.01,0.07658329768961175,0.14999509419152277,0.03000045503496185,0.5599924043078425,0.029999866812285232,0.03000066575679904,0.06999799451835015,0.030000344881102238,0.19419341460792264,0.02340984250778248,0.07961783699765192,0.019999919521474688,0.16999942843611957,9.596648025543569e-4,4.709475338508887,6.840207693432793,4.110064040879982,0.10382846049315572,0,299.5697236460714,1.6029658370736941,0.35103875905815557,0.30000347886588974,0.1800065946984359,0.32,0.2799968261525034,0.0699995133346311,0.45001382615909297,0.2599955918007494,0.15000182501733764,0.12999812365546043
BHS,1.4494227923835024e-5,0,0.01,0.11000134759862737,0.009999999999999998,0.0011694880530215964,0.0012609603704971761,0.0016493204491296487,0.001742784197531726,0.010000000000000002,0.014167356508078733,7.090012773431264,0.024003549479122088,0.039811490696680114,0,0.009911357240928427,0,0,0.0981879665561023,0.04858635035697405,0.0699995133346311,0.03142714043914047,0.08057009140042903,0.009999999999999998,0.007942550694646196,0.02999932409597837,0.020000365003467534,0,0,0.027536783427960485,0.16999726252395292,0,0,0,0,0,0,0,20.432334733378706,0,0,0,0,0,0.0011074646470953299,0.41999993257237506,0.008762390507889992,0.7065077158503927,0.10999973125323335,0.010000041693767616,0.07658329768961175,0.31932780931604626,0.02999922899177825,0.5599945406332866,0.030000000000000002,0.03,0.06999839563613028,0.03000014313728297,0.169773479383618,0.02340984250778248,0.07961783699765192,0.019999999999999997,0.1699997586870055,0.0935773203040145,7.543477782872558,6.840056469111919,4.110078627591137,0.10382846049315572,0,299.5697236460714,1.617177677792817,0.6029416023305784,0.2999901302803,0.1799983343512298,0.3199977213819818,0.28000335866325204,0.07000029614712588,0.44998709582273344,0.26000485319097305,0.15,0.12999812365546043
BIH,1.4494227923835024e-5,0,0.01,0.10999970026613214,0.01,0.0011694880530215964,0.0012609603704971761,0.0016493204491296487,0.001742784197531726,0.02304254127061766,0.014167356508078733,7.090008111122376,0.024003549479122088,0.039811490696680114,0,0.009911357240928427,0,0,0.0981879665561023,0.04858635035697405,0.06999999999999999,0.029858923729504515,0.019468197418232767,0.010000000000000002,0.007942550694646196,0.030604791424696416,0.020000365003467534,0,0,0.027536783427960485,0.16999947856919387,0,0,0,0,0,0,0,20.432334733378706,0,0,0,0,0,0.0011074646470953299,0.41999991916121676,0.008762390507889992,1.4668187259216336,0.11000208867537983,0.01,0.07658329768961175,0.31932780931604626,0.03000031968287459,0.43055331660970947,0.029999488697899476,0.030000143137282966,0.06999799451835015,0.029999786341525947,0.14325781031331491,0.02340984250778248,0.07961783699765192,0.019999872531086482,0.17000214149201384,0.0935773203040145,7.543477782872558,6.840200665125979,4.11008111239861,0.10382846049315572,0,299.5697236460714,1.6000023303776376,0.32748784529958336,0.3000042022103626,0.1800065946984359,0.31999622783855153,0.279995422293431,0.0699978100591284,0.450010055304173,0.2600037616965251,0.1758104952601965,0.12999812365546043
BLR,1.4494227923835024e-5,0,0.00999983813793885,0.10999657112142863,0.010000022607606554,0.0011694880530215964,0.0012609603704971761,0.0016493204491296487,0.001742784197531726,0.02304254127061766,0.014167356508078733,0.9597938674221256,0.024003549479122088,0.039811490696680114,0,0.009911357240928427,0,0,0.0981879665561023,0.04858635035697405,0.12034469879931313,0.03142714043914047,0.0178587163733431,0.01,0.007942550694646196,0.030604791424696416,0.020000365003467534,0,0,0.027536783427960485,0.16999984791568448,0,0,0,0,0,0,0,20.432334733378706,0,0,0,0,0,0.0011074646470953299,0.4199986893983246,0.008762390507889992,2.152871722030084,0.1100021682424752,0.01,0.07658329768961175,0.15000392474947016,0.030000551024906327,0.5600011230907457,0.030000710826268297,0.030000708616780045,0.06999979945049435,0.03,0.12093012679675563,0.02340984250778248,0.07961783699765192,0.019999802373494333,0.16999984042710822,0.0935773203040145,7.543477782872558,6.840017789277917,4.110090662898857,0.10382846049315572,0,299.5697236460714,1.6038327786588193,0.32084316316646,0.3000072395569391,0.1800013820744938,0.3200031644317867,0.2799953325554259,0.06999837780841918,0.4500055303616856,0.26000317393144307,0.1758104952601965,0.12999812365546043
BLZ,1.4494227923835024e-5,0,0.007422295423679569,0.17200310797109866,0.00997772807819678,0.0011694880530215964,0.0012609603704971761,0.0016493204491296487,0.001742784197531726,0.10999826192752236,0.014167356508078733,0.8599935480897738,0.024003549479122088,0.039811490696680114,0,0.009911357240928427,0,0,0.0981879665561023,0.04858635035697405,0.12034469879931313,0.03142714043914047,0.1623760330080145,0.020000280772686434,0.007942550694646196,0.049998648191956735,0.020000365003467534,0,0,0.01,0.8700222652115195,0,0,0,0,0,0,0,20.432334733378706,0,0,0,0,0,0.01999962273760457,0.8600026882172078,0.008762390507889992,1.4294954599742868,0.12000011034746577,0.03037334153318248,0.030000407709198502,0.31932780931604626,0.359996889203809,0.41220497785637283,0.009999999999999998,0.10999906812039884,0.05,0.029999999999999995,0.3642478359614899,0.02340984250778248,0.07961783699765192,0.01999992784758524,0.19999911988681746,0.0935773203040145,7.543477782872558,6.835232269981125,2.4000425836083528,0.10382846049315572,0,1.7199927000638744,1.5599988462315038,0.31190322869300324,0.01300011317978609,0.09999999999999999,0.266728853019839,0.3000087199162888,0.47908258374507223,0.45000000000000007,0.050999453850354995,0.1758104952601965,0.12999812365546043
BOL,1.4494227923835024e-5,0,0.007422295423679569,0.17200310797109866,0.00997772807819678,0.0011694880530215964,0.0012609603704971761,0.0016493204491296487,0.001742784197531726,0.1099998241811236,0.014167356508078733,0.860003485258939,0.024003549479122088,0.04999935860432301,0,0.009911357240928427,0,0,0.0981879665561023,0.04858635035697405,0.12034469879931313,0.0028139512316841565,1.566391454127916e-4,0.02000036500346753,0.007942550694646196,0.030604791424696416,0.020000365003467534,0,0,0.027536783427960485,0.8699995133346311,0,0,0,0,0,0,0,20.432334733378706,0,0,0,0,0,0.019999999999999997,0.8600009530227841,0.008762390507889992,1.211821856747625,0.11999984313233357,0.09000235515779557,0.030000765228037955,0.31932780931604626,0.3599965259683863,0.4122007711609159,0.01,0.10999926027295927,0.055761674689375415,0.029998282377189968,0.3131209632533287,0.02340984250778248,0.07961783699765192,0.020000134967337903,0.1999996842941053,0.0935773203040145,0.5189702775363745,6.835232269981125,2.399990266692622,0.10382846049315572,0,299.5697236460714,1.560045826221959,0.32453811753775574,0.012999458714693435,0.15055409782611082,0.266728853019839,0.2999987201965778,0.47908258374507223,0.39006089962843005,0.050999788404570465,0.1758104952601965,0.12999812365546043
BRA,1.4494227923835024e-5,0,0.007422295423679569,0.17200310797109866,0.00997772807819678,0.0011694880530215964,0.0012609603704971761,0.0016493204491296487,0.001742784197531726,0.10999968753811278,0.014167356508078733,0.8600209771873089,0.024003549479122088,0.039811490696680114,0,0.029999547518136983,0,0,0.0981879665561023,0.04858635035697405,0.12034469879931313,0.014994034283082503,0.24837313394993069,0.019999613757942104,0.007942550694646196,0.05000168981716178,0.020000365003467534,0,0,0.009999999999999998,0.8700007765783956,0,0,0,0,0,0,0,94.00057296861407,0,0,0,0,0,0.0011074646470953299,0.8599996391704529,0.008762390507889992,0.48008805577868,0.11999969736531285,0.09000064981480278,0.03000043042224422,0.31932780931604626,0.3599999266006562,0.43055331660970947,0.010000290199947763,0.11000314423033734,0.055761674689375415,0.029999711208016863,0.6072735163801467,0.02340984250778248,0.07961783699765192,0.020000182533380793,0.20000028322634456,0.0935773203040145,0.25832585308481304,6.710196229318969,4.07102192918144,0.10382846049315572,0,299.5697236460714,1.516560578781478,0.3051801629325022,0.013000119837021649,0.1,0.266728853019839,0.2999986992208333,0.47908258374507223,0.4499993087143469,0.05099949885851106,0.1758104952601965,0.12999812365546043
BRB,1.4494227923835024e-5,0,0.01,0.11000035675020027,0.01,0.0011694880530215964,0.0012609603704971761,0.0016493204491296487,0.001742784197531726,0.01,0.014167356508078733,7.090030041306797,0.07000235793444942,0.039811490696680114,0,0.009911357240928427,0,0,0.0981879665561023,0.04858635035697405,0.06999937069318146,0.020278337939503094,0.010249004146562626,0.01,0.007942550694646196,0.02999915511997296,0.020000365003467534,0,0,0.03,0.16999954375399215,0,0,0,0,0,0,0,20.432334733378706,0,0,0,0,0,0.0011074646470953299,0.42000235599010477,0.008762390507889992,0.9994440728464205,0.11000034082001293,0.01,0.07658329768961175,0.15000408463360837,0.029999894799962127,0.559999353106705,0.029999395782562284,0.030000000000000002,0.06999999999999999,0.030000247923639516,0.11978688414784104,0.02340984250778248,0.07961783699765192,0.01999962992774339,0.169999561663556,0.0935773203040145,1.2290668426871354,6.835232269981125,4.109973454683352,0.10382846049315572,0,299.5697236460714,1.6000037554365811,0.4598253108020676,0.3000030315585242,0.17999893865421354,0.3200007788681933,0.27999508176564614,0.06999843014128727,0.4500055303616856,0.2599884287957683,0.1758104952601965,0.12999812365546043
BWA,3.0825873067426426e-4,0,0.007422295423679569,0.3471062214980151,0.01,0.0011694880530215964,0.0024014565748345378,0.002415164080561271,0.001742784197531726,0.012499689633767849,0.01129160719088107,1.3515585395106149,0.024003549479122088,0.039811490696680114,0,0.009911357240928427,0,0,0.0981879665561023,0.14916434068231388,0.012500228123003923,0.021051443045209554,0.009957018644545094,0.009999999999999998,0.007942550694646196,0.030604791424696416,0.020000365003467534,0,0,0.027536783427960485,0.1699978100591284,0,0,0,0,0,0,0,57.19984913373565,0,0,0,0,0,0.0011074646470953299,0.5197076723367668,0.008762390507889992,1.1479148103060175,0.05999896651508888,0.00750004440418465,0.01,0.15000316515794138,0.03999929591100315,0.43055331660970947,0.019999532502746546,0.05116897280348987,0.02,0.04166676531518201,0.08931369157244673,0.1599983986548701,0.07961783699765192,0.10373511605358637,0.18999631313751997,0.049697666569416564,6.506816462144383,6.9599694834627295,3.329957112875262,0.10382846049315572,0,299.5697236460714,1.599999979620341,0.3393283120627339,0.0699964260185847,0.07000048026126213,0.1900014320492625,0.26999924431345873,0.1599981750159686,0.39006089962843005,0.25406805636953605,0.1758104952601965,0.12999812365546043
CAF,3.082611960387062e-4,0,0.007422295423679569,0.3471068118654642,0.00997772807819678,0.0011694880530215964,0.0024015862087128606,0.002415167469569219,0.001742784197531726,0.012499876875537351,0.011291928721174004,0.9597938674221256,0.02458337800768546,0.018749364940864908,0,0.009911357240928427,0,0,0.0981879665561023,0.04858635035697405,0.012500217259059702,0.020000092522344148,0.08057009140042903,0.26682741885412264,0.007942550694646196,0.030604791424696416,0.020000365003467534,0,0,0.02499917045492252,0.21971129500955408,0,0,0,0,0,0,0,57.200229429554696,0,0,0,0,0,0.0011074646470953299,0.5197166469893743,0.008762390507889992,0.9986679635454057,0.05999951838562863,0.007500197355437142,0.01,0.31932780931604626,0.03999891196431243,0.4300041540561391,0.028802629844407526,0.051167087660211434,0.055761674689375415,0.04374450417414797,1.136258398933221,0.1600005191450978,0.07961783699765192,0.10373511605358637,0.190001667778519,0.35350697635558526,5.434312963524034,6.835232269981125,4.07102192918144,0.10382846049315572,0,299.5697236460714,1.6030754471172453,0.3300004641263485,0.06999957183532787,0.15055409782611082,0.19000436092208148,0.27000349128765033,0.47908258374507223,0.39006089962843005,0.25406805636953605,0.1758104952601965,0.12999812365546043
CAN,1.4494227923835024e-5,0,0.01,0.1099998648027472,0.01,0.0011694880530215964,0.0012609603704971761,0.0016493204491296487,0.001742784197531726,0.01,0.014167356508078733,7.089881270010672,0.024003549479122088,0.010000000000000002,0,0.009911357240928427,0,0,0.0981879665561023,0.04858635035697405,0.06999978143509715,0.020691793961948448,0.008789145880526254,0.01,0.007942550694646196,0.030604791424696416,0.020000365003467534,0,0,0.030001013890297072,0.17,0,0,0,0,0,0,0,20.432334733378706,0,0,0,0,0,0.0011074646470953299,0.4200003035753588,0.008762390507889992,1.84438695860447,0.11000002359831884,0.01,0.07658329768961175,0.15000316515794138,0.02999984146989117,0.43055331660970947,0.02999961740061981,0.0299998409593333,0.069999518683117,0.02999976947370848,0.08434754928690477,0.02340984250778248,0.07961783699765192,0.019999905888331802,0.17000010870763702,0.0935773203040145,7.543477782872558,6.839968131722215,4.1099925275699825,0.10382846049315572,0,299.5697236460714,1.5999972272574459,0.32024311611765466,0.3,0.17999962479363651,0.3200065407570926,0.27999999999999997,0.06999999999999999,0.45000553036168567,0.259999675466922,0.1758104952601965,0.12999812365546043
CHE,1.4494227923835024e-5,0,0.01,0.11000105778624007,0.01,0.0011694880530215964,0.0020938948041195186,0.0016493204491296487,0.001742784197531726,0.02304254127061766,0.014167356508078733,7.090069284064665,0.024003549479122088,0.0035440517397433862,0,0.009911357240928427,0,0,0.0981879665561023,0.04858635035697405,0.07000109775509084,0.024474423752292154,0.0073376435429351764,0.01,0.007942550694646196,0.030604791424696416,0.020000365003467534,0,0,0.030001013890297072,0.17000092404361486,0,0,0,0,0,0,0,20.432334733378706,0,0,0,0,0,0.0011074646470953299,0.4200004949800771,0.008762390507889992,1.7307287147759842,0.11000015595730929,0.009999999999999998,0.07658329768961175,0.15000196240040817,0.03000017282201061,0.43055331660970947,0.030000270731245095,0.030000343253355304,0.06999938292554997,0.03000014038437241,0.14426946003878194,0.02340984250778248,0.07961783699765192,0.02000075610728475,0.17000060155909966,0.004739141651491858,0.6223912741952752,6.840019885336502,4.110000539029593,0.10382846049315572,0,299.5697236460714,1.60000665518647,0.3225597871994285,0.299990985847781,0.17999865972703105,0.32001187795402236,0.2799959439247598,0.07000146979569839,0.4499944696383143,0.2599977125210877,0.1758104952601965,0.12999812365546043
CHL,1.4494227923835024e-5,0,0.007422295423679569,0.17200310797109866,0.00997772807819678,0.0011694880530215964,0.0012609603704971761,0.0016493204491296487,0.001742784197531726,0.11000065179133986,0.014167356508078733,0.860002599766021,0.024003549479122088,0.039811490696680114,0,0.009911357240928427,0,0,0.0981879665561023,0.04858635035697405,0.12034469879931313,0.01482294398554217,0.06377326830949885,0.019999513334631108,0.007942550694646196,0.030604791424696416,0.020000365003467534,0,0,0.009999999999999998,0.8700095655238383,0,0,0,0,0,0,0,20.432334733378706,0,0,0,0,0,0.019999513334631108,0.860000139671632,0.008762390507889992,1.6955192589506516,0.11999908841258446,0.0900005540882478,0.029999311342194065,0.31932780931604626,0.3599972652377534,0.43055331660970947,0.009999953384517132,0.11000032093456144,0.055761674689375415,0.029999811612222597,0.15010492283812749,0.02340984250778248,0.07961783699765192,0.01999995052945847,0.20000031736007196,0.517604556985795,0.4066623615619898,6.709911054637866,2.400048667721134,0.10382846049315572,0,299.5697236460714,1.56033086203821,0.3052838318604415,0.01300002122105978,0.1,0.266728853019839,0.3000026449428692,0.47908258374507223,0.44998249912495625,0.05100101729399797,0.7400176971573941,0.12999812365546043
CHN,1.4494227923835024e-5,0,0.01,0.0819319275010771,0.01,0.029999999999999995,0.0020938663444194667,8.889282132955819e-4,0.016506829728165463,0.01,0.049999645802882214,0.36999964001431473,0.024003549479122088,0.2666878049065945,0,0.009911357240928427,0,0,0.37999503598907913,0.46998945575472467,0.42001592779400054,0.07264769297821866,0.22036593125953427,0.3700010242371761,0.02,0.030604791424696416,0.020000365003467534,0,0,0.030000486665368892,0.21971129500955408,0,0,0,0,0,0,0,0.17999469091150413,0,0,0,0,0,0.0011074646470953299,0.8799993502283,0.030000414738625792,1.1816915397747785,1.480001096205758,0.019999544585117043,0.11000176584849021,0.6199966598007014,0.09999742716739707,0.43055331660970947,0.03000054893780535,0.029999331148418167,0.055761674689375415,0.07999981863358543,0.20540138846068526,0.06999999999999999,0.21999518960955664,0.180000480411232,0.4799987635840167,0.2167629805843115,15.534070608785427,6.8402344488561155,2.9700332153155453,0.3300012839089525,0,299.5697236460714,2.38052984058967,0.276591861102243,0.2500013708620529,0.14000169009323682,0.14999845340097126,0.15,0.8700137265504763,0.3499897589950161,0.2600001306139509,0.15,0.12999790574126074
CIV,3.0827086215827725e-4,0,0.007422295423679569,0.5,0.00997772807819678,0.0011694880530215964,0.0024015307431528724,0.0024151559434270765,0.001742784197531726,0.012500034643134147,0.01129149258528075,1.3515028931332889,0.024583263437497567,0.01653728902129245,0,0.009911357240928427,0,0,0.0981879665561023,0.1491689660416712,0.012500304173257086,0.020120753060568704,9.689106303058348e-4,0.009999999999999998,0.007942550694646196,0.030604791424696416,0.020000365003467534,0,0,0.025,0.17000036500346752,0,0,0,0,0,0,0,57.19994555937739,0,0,0,0,0,0.0011074646470953299,0.5197005547334352,0.008762390507889992,0.29076910724945315,0.060000000000000005,0.03037334153318248,0.010000000000000002,0.15,0.04000046339202966,0.43000020256036303,0.019999747014774333,0.051168155007084715,0.02,0.04166710781251654,1.010790532478298,0.15999861562954246,0.07961783699765192,0.10373511605358637,0.19000127860887356,0.1502016441700124,3.662667858097647,6.835232269981125,3.3300361353432852,0.10382846049315572,0,299.5697236460714,1.6000000285801577,0.3374210621491405,0.07,0.06999941786005356,0.1900013993842709,0.2699985638374263,0.15999941600724152,0.39006089962843005,0.25406805636953605,0.1758104952601965,0.12999812365546043
CMR,3.082555862354186e-4,0,0.007422295423679569,0.3471068157580788,0.00997772807819678,0.0011694880530215964,0.002401524057002619,0.002415221330572094,0.001742784197531726,0.012499948040047499,0.011291703760227225,1.3515307043886213,0.024583253718725932,0.018302943964673118,0,0.009911357240928427,0,0,0.0981879665561023,0.14916590749563163,0.0124994525147821,0.02680751237843648,0.0056407698516199615,0.01,0.007942550694646196,0.030604791424696416,0.020000365003467534,0,0,0.024998967013291098,0.17000036500346752,0,0,0,0,0,0,0,57.19980404603538,0,0,0,0,0,0.0011074646470953299,0.5197024598770853,0.008762390507889992,0.4234234592438133,0.06000122212037886,0.03037334153318248,0.01,0.14999901881905062,0.0400003602245228,0.429999889822406,0.019999761438999952,0.05116597781161627,0.02,0.041665790672413196,0.0551061747310282,0.1600004733391712,0.07961783699765192,0.10373511605358637,0.18999341443970746,1.8513399919895955e-4,7.6002187666292205,6.835232269981125,3.3300361353432852,0.10382846049315572,0,299.5697236460714,1.5999868647175368,0.3379886133980643,0.06999976355425247,0.07000013721750346,0.18999834409670474,0.2700059459126976,0.16000098982950184,0.39006089962843005,0.25406805636953605,0.1758104952601965,0.12999812365546043
COG,3.08257499157398e-4,0,0.007422295423679569,0.34711162516640115,0.00997772807819678,0.0011694880530215964,0.0012609603704971761,0.0016493204491296487,0.001742784197531726,0.01249995145478534,0.011291726643361436,1.351542697316668,0.024583476409587253,0.039811490696680114,0,0.009911357240928427,0,0,0.0981879665561023,0.14916669536172997,0.012499999999999999,0.03142714043914047,0.08057009140042903,0.26682741885412264,0.007942550694646196,0.030604791424696416,0.020000365003467534,0,0,0.025,0.21971129500955408,0,0,0,0,0,0,0,57.20001804945551,0,0,0,0,0,0.0011074646470953299,0.5197078264090662,0.008762390507889992,0.7279251780540822,0.060000416033948366,0.00749989257015169,0.01,0.15000196240040817,0.04000046556153996,0.42999903571084186,0.01999971031705798,0.05116506348595614,0.055761674689375415,0.0416664519619715,0.850170243730338,0.15999951960030745,0.07961783699765192,0.10373511605358637,0.18999999999999997,2.509467318589229e-5,1.970733685923459,6.835232269981125,3.3300077866459024,0.10382846049315572,0,299.5697236460714,1.6000118217283368,0.37200926164136866,0.06999989349578775,0.07000023398928329,0.1899985939916577,0.26999892043614376,0.1599963500319372,0.44999723487013105,0.26000654928335726,0.1758104952601965,0.12999812365546043
COL,1.4494227923835024e-5,0,0.007422295423679569,0.17200310797109866,0.00997772807819678,0.0011694880530215964,0.0012609603704971761,0.0016493204491296487,0.001742784197531726,0.11000029325251463,0.014167356508078733,0.9597938674221256,0.024003549479122088,0.05072618582396718,0,0.029999786727764086,0,0,0.0981879665561023,0.04858635035697405,0.12034469879931313,0.033916667721109586,0.04161786605211012,0.02,0.007942550694646196,0.030604791424696416,0.020000365003467534,0,0,0.027536783427960485,0.8699881376037959,0,0,0,0,0,0,0,93.99980932872816,0,0,0,0,0,0.0011074646470953299,0.8599991205054162,0.008762390507889992,2.453260747920292,0.12000258975106018,0.09000166956853578,0.07658329768961175,0.31932780931604626,0.36000160036274886,0.41220028244492274,0.01,0.10999867855449409,0.055761674689375415,0.029999691919036325,0.6165323774184545,0.02340984250778248,0.07961783699765192,0.02000044726219628,0.2,0.0027921734792754663,0.2569843291301202,6.710223936928626,2.4000364996806276,0.10382846049315572,0,299.5697236460714,1.5599986219093447,0.3050832591880068,0.013000126694539465,0.1,0.266728853019839,0.3,0.47908258374507223,0.44999308723904324,0.05099978840457046,0.1758104952601965,0.12999812365546043
CPV,3.0826050478494825e-4,0,0.007422295423679569,0.5,0.01,0.0011694880530215964,0.0012609603704971761,0.0016493204491296487,0.001742784197531726,0.012499786440388393,0.01129159230192303,1.3515258871529716,0.024003549479122088,0.039811490696680114,0,0.009911357240928427,0,0,0.0981879665561023,0.14916666223920008,0.012499782740940296,0.021468191264143385,0.08057009140042903,0.01,0.007942550694646196,0.030604791424696416,0.020000365003467534,0,0,0.027536783427960485,0.16999898610970296,0,0,0,0,0,0,0,57.20043800187715,0,0,0,0,0,0.0011074646470953299,0.5197019663440794,0.008762390507889992,1.0162370827600793,0.060001449389938594,0.007499954065227376,0.01,0.15000417536534447,0.04000008641100531,0.43055331660970947,0.01999985618598029,0.05116528015659408,0.02,0.04166496335445441,0.6201934390309674,0.16000164534572828,0.07961783699765192,0.10373511605358637,0.19000146204174126,0.0935773203040145,1.5260484173671323,6.835232269981125,3.330051985399845,0.10382846049315572,0,299.5697236460714,1.5999966880233403,0.3339544264137598,0.0699997877894022,0.06999967982582525,0.1899990946675921,0.2699968441458906,0.15999656475437996,0.4499936189220232,0.2599884287957683,0.1758104952601965,0.12999812365546043
CRI,1.4494227923835024e-5,0,0.007422295423679569,0.17200310797109866,0.00997772807819678,0.0011694880530215964,0.0012609603704971761,0.0016493204491296487,0.001742784197531726,0.10999694816235776,0.014167356508078733,0.8599986481462706,0.024003549479122088,0.01,0,0.03000065765676893,0,0,0.0981879665561023,0.04858635035697405,0.12034469879931313,0.017824202496532594,0.07867083166909687,0.01999946908762709,0.007942550694646196,0.05,0.020000365003467534,0,0,0.027536783427960485,0.8700222652115195,0,0,0,0,0,0,0,94.00008970822401,0,0,0,0,0,0.0011074646470953299,0.8599986748064591,0.008762390507889992,2.2572724621009956,0.12000092671964413,0.0899968449835238,0.029999164229001254,0.31932780931604626,0.3599944132777765,0.41219994870754495,0.009999924477573616,0.11000072847179997,0.055761674689375415,0.02999948267834664,0.33083540232203223,0.02340984250778248,0.07961783699765192,0.019999773052220685,0.19999999999999998,0.0935773203040145,0.2539811631153998,6.7099309493066865,4.07102192918144,0.10382846049315572,0,299.5697236460714,1.5962776477118177,0.30543207789712673,0.012999948762617206,0.09999999999999999,0.266728853019839,0.3,0.47908258374507223,0.45000445990544996,0.05099820834399796,0.1758104952601965,0.12999812365546043
CUB,1.4494227923835024e-5,0,0.007422295423679569,0.17200310797109866,0.00997772807819678,0.0011694880530215964,0.0012609603704971761,0.0016493204491296487,0.001742784197531726,0.11000020549263123,0.014167356508078733,0.8600003730960443,0.024003549479122088,0.00999995169572169,0,0.009911357240928427,0,0,0.0981879665561023,0.04858635035697405,0.12034469879931313,0.006397997252595421,0.08057009140042903,0.02000013012446405,0.007942550694646196,0.030604791424696416,0.020000365003467534,0,0,0.027536783427960485,0.8699881376037959,0,0,0,0,0,0,0,20.432334733378706,0,0,0,0,0,0.020000214707461085,0.8600004824500477,0.008762390507889992,1.8071954260196197,0.12000210253355292,0.09000186968308871,0.030000482439212658,0.31932780931604626,0.36000038578014393,0.41220056197588095,0.01,0.10999976725783178,0.055761674689375415,0.02999989317038256,0.6923403655098654,0.02340984250778248,0.07961783699765192,0.02,0.2000013427640126,0.0935773203040145,0.5565129577952925,6.709953023658478,4.07102192918144,0.10382846049315572,0,299.5697236460714,1.5665602441668638,0.30527813258750996,0.01299996697162863,0.1,0.266728853019839,0.3000067819599864,0.47908258374507223,0.4499993087143469,0.05100084638171815,0.1758104952601965,0.12999812365546043
CYP,1.4494227923835024e-5,0,0.01,0.1099967148852609,0.009999999999999998,0.0011694880530215964,0.0012609603704971761,0.0016493204491296487,0.001742784197531726,0.02304254127061766,0.014167356508078733,7.0899658656933315,0.024003549479122088,0.033742143611991765,0,0.009911357240928427,0,0,0.0981879665561023,0.04858635035697405,0.0700003173897864,0.024700117375348142,0.01809637660653412,0.009999999999999998,0.007942550694646196,0.03000056328507858,0.020000365003467534,0,0,0.029999130963761188,0.17000540391926353,0,0,0,0,0,0,0,20.432334733378706,0,0,0,0,0,0.0011074646470953299,0.420001135973982,0.008762390507889992,0.8823549340414808,0.11000043855161022,0.009999947399151023,0.07658329768961175,0.15000392474947016,0.03000033666633,0.56,0.029999848220384,0.02999923047325894,0.07000089134503967,0.030000387611922943,0.13821373517844857,0.02340984250778248,0.07961783699765192,0.020000119626883747,0.1699995670620833,0.09738295702993609,0.6075178827623399,6.839898795798105,4.07102192918144,0.10382846049315572,0,299.5697236460714,1.6000075886517136,0.3860412727142008,0.29999566918335235,0.18000260778859525,0.3200046580008442,0.2799953927076801,0.06999898610970294,0.4499921494740148,0.2600100762012721,0.14999903947747575,0.12999812365546043
CZE,1.4494227923835024e-5,0,0.01,0.17200310797109866,0.009999827992500473,0.0011694880530215964,0.0012609603704971761,0.0016493204491296487,0.001742784197531726,0.02304254127061766,0.014167356508078733,0.9597938674221256,0.024003549479122088,0.039811490696680114,0,0.009911357240928427,0,0,0.0981879665561023,0.04858635035697405,0.07000019414836818,0.02105636304650184,0.010701027550325232,0.01,0.007942550694646196,0.030604791424696416,0.020000365003467534,0,0,0.027536783427960485,0.1700033182170114,0,0,0,0,0,0,0,20.432334733378706,0,0,0,0,0,0.0011074646470953299,0.42000030340266087,0.008762390507889992,1.2424222498686595,0.11000115521885317,0.010000000000000002,0.07658329768961175,0.15000109020343197,0.030000281984039704,0.5599758109800873,0.030000137243868633,0.030000000000000002,0.0699977079990832,0.02999982912895638,0.14774257349971742,0.02340984250778248,0.07961783699765192,0.01999964490167581,0.17000079740047444,0.010173394780804215,3.910524467492898,6.839976692491962,4.1100039187146615,0.10382846049315572,0,299.5697236460714,1.5999986821253362,0.32751746431981416,0.3000070540102048,0.1800009557488292,0.32,0.28,0.06999908750798431,0.45000553036168567,0.26000846381718157,0.15000608346514174,0.12999812365546043
DEU,1.4494227923835024e-5,0,0.01,0.10999950657378293,0.01,0.0011694880530215964,0.0020938099231939083,0.0016493204491296487,0.001742784197531726,0.02304254127061766,0.014167356508078733,0.9597938674221256,0.024003549479122088,0.039811490696680114,0,0.009911357240928427,0,0,0.0981879665561023,0.04858635035697405,0.06999794365617931,0.02061083476729134,0.012047803442004368,0.01,0.007942550694646196,0.030604791424696416,0.020000365003467534,0,0,0.027536783427960485,0.17000194666147556,0,0,0,0,0,0,0,20.432334733378706,0,0,0,0,0,0.0011074646470953299,0.4200003386587421,0.008762390507889992,1.462868998580812,0.11000025687790592,0.01,0.07658329768961175,0.14999643205442306,0.030000055370065833,0.5600067385444744,0.029999372529334253,0.030000417310019612,0.06999817684594348,0.030000190021947537,0.13048452660822202,0.02340984250778248,0.07961783699765192,0.020000214514018493,0.16999926357346176,0.021310849748567562,0.11714887818587158,6.840013118616388,4.110012755102041,0.10382846049315572,0,299.5697236460714,1.6002831861796427,0.3210028221911838,0.30001005732676256,0.18000632155650767,0.3200010759051052,0.28000417623721024,0.07000051049058144,0.4499936189220232,0.25999722911445017,0.14999635009854734,0.12999812365546043
DJI,3.08263226814842e-4,0,0.007422295423679569,0.3471047166926359,0.00997772807819678,0.0011694880530215964,0.0012609603704971761,0.0024151945469350674,0.001742784197531726,0.02304254127061766,0.01129153060307379,0.9597938674221256,0.024003549479122088,0.039811490696680114,0,0.009911357240928427,0,0,0.0981879665561023,0.14916825743114262,0.012499810488333662,0.030000250894158906,0.08057009140042903,0.26682741885412264,0.007942550694646196,0.030604791424696416,0.020000365003467534,0,0,0.025000629326620515,0.21971129500955408,0,0,0,0,0,0,0,57.200060613780416,0,0,0,0,0,0.0011074646470953299,0.5197026384346315,0.008762390507889992,1.7185509117696638,0.05999979109435224,0.007500042696360563,0.01,0.15000115433452615,0.03999971696644637,0.43055331660970947,0.020000000000000004,0.05116706517672701,0.019999243226880584,0.04166659366650607,0.9646497110765649,0.16,0.07961783699765192,0.10373511605358637,0.18999931502157683,0.009389473302640283,12.206836047164515,6.835232269981125,3.329878093291481,0.10382846049315572,0,299.5697236460714,1.962791907130008,0.33656499882498664,0.06999915117562176,0.06999946637257867,0.18999781013905617,0.27000275995308076,0.15999708007883787,0.39006089962843005,0.26000317393144307,0.1758104952601965,0.12999812365546043
DMA,1.4494227923835024e-5,0,0.007422295423679569,0.17200310797109866,0.00997772807819678,0.0011694880530215964,0.0012609603704971761,0.0016493204491296487,0.001742784197531726,0.11000255987817606,0.014167356508078733,0.8599976160259152,0.024003549479122088,0.011499372647427855,0,0.009911357240928427,0,0,0.0981879665561023,0.04858635035697405,0.12034469879931313,0.03142714043914047,0.08057009140042903,0.020000608346514175,0.007942550694646196,0.030604791424696416,0.020000365003467534,0,0,0.027536783427960485,0.8700073000312858,0,0,0,0,0,0,0,20.432334733378706,0,0,0,0,0,0.02000027239049902,0.8600004648316147,0.008762390507889992,1.3922570273975294,0.12000011947681104,0.08999975509318704,0.030000111696085636,0.31932780931604626,0.35999919018504273,0.4122012198941847,0.009999943515908744,0.10999517529752331,0.055761674689375415,0.029999423697556475,0.8403952626746317,0.02340984250778248,0.07961783699765192,0.019999999999999997,0.19999962867105084,0.0935773203040145,7.543477782872558,6.835232269981125,2.4000073000693507,0.10382846049315572,0,299.5697236460714,1.962791907130008,0.3081491742778691,0.012999845667103943,0.09999999999999999,0.266728853019839,0.2999886647018817,0.47908258374507223,0.45000553036168567,0.0509992488441722,0.1758104952601965,0.12999812365546043
DNK,1.4494227923835024e-5,0,0.009999999999999998,0.11000412635825961,0.01000011162084631,0.0011694880530215964,0.0012609603704971761,0.0016493204491296487,0.001742784197531726,0.02304254127061766,0.014167356508078733,0.9597938674221256,0.024003549479122088,0.039811490696680114,0,0.009911357240928427,0,0,0.0981879665561023,0.04858635035697405,0.06999898610970294,0.022137543702071327,0.005981990010083719,0.01,0.007942550694646196,0.030604791424696416,0.020000365003467534,0,0,0.027536783427960485,0.17000092404361486,0,0,0,0,0,0,0,20.432334733378706,0,0,0,0,0,0.0011074646470953299,0.41999945692651436,0.008762390507889992,1.9083282721154837,0.11000081939528628,0.01,0.07658329768961175,0.14999636601497204,0.029999819378843842,0.5599990234136575,0.030000645709261954,0.02999891563652136,0.06999848645376117,0.029999770920669827,0.1345386036228205,0.02340984250778248,0.07961783699765192,0.02,0.16999907234152312,0.04060227885118816,3.7880166290549706,6.840050261470518,4.10999522805177,0.10382846049315572,0,299.5697236460714,1.5999987809858165,0.3250983756100546,0.3,0.17999852795053914,0.3199977122594298,0.2799936521371138,0.069997878959276,0.45000553036168567,0.260006373486297,0.15000608346514174,0.12999812365546043
DOM,1.4494227923835024e-5,0,0.007422295423679569,0.17200310797109866,0.00997772807819678,0.0011694880530215964,0.0012609603704971761,0.0016493204491296487,0.001742784197531726,0.11000069014211618,0.014167356508078733,0.86001425285867,0.024003549479122088,0.01,0,0.009911357240928427,0,0,0.0981879665561023,0.04858635035697405,0.12034469879931313,0.01952083290866876,0.2840161923274676,0.26682741885412264,0.007942550694646196,0.030604791424696416,0.020000365003467534,0,0,0.027536783427960485,0.869993695457411,0,0,0,0,0,0,0,93.99987786374291,0,0,0,0,0,0.020000280772686434,0.8599995095875632,0.008762390507889992,1.8863784912330432,0.12,0.08999600372985213,0.030000000000000002,0.31932780931604626,0.359999738748212,0.41219965172534956,0.01,0.1100001495684949,0.055761674689375415,0.030000481324605317,0.4908785611221903,0.02340984250778248,0.07961783699765192,0.019999803557572363,0.2,0.0935773203040145,0.25943624475923655,6.709958559405306,4.07102192918144,0.10382846049315572,0,299.5697236460714,1.5600040646275786,0.306000039477568,0.01300002425241918,0.09999999999999999,0.266728853019839,0.3000070531809847,0.47908258374507223,0.4500055303616856,0.050999788404570465,0.1758104952601965,0.12999812365546043
DZA,1.4494227923835024e-5,0,0.009999918283518058,0.11000050166286483,0.00997772807819678,0.0011694880530215964,0.0012609603704971761,8.889156288229749e-4,0.001742784197531726,0.02304254127061766,0.014167356508078733,0.9597938674221256,0.024003549479122088,0.039811490696680114,0,0.009911357240928427,0,0,0.0981879665561023,0.04858635035697405,0.06999999999999999,0.02571641940496457,0.008941905140149402,0.26682741885412264,0.007942550694646196,0.030604791424696416,0.020000365003467534,0,0,0.02999969583599477,0.17000493596238278,0,0,0,0,0,0,0,20.432334733378706,0,0,0,0,0,0.0011074646470953299,0.42000072084565493,0.008762390507889992,1.3358612018150025,0.10999983422941545,0.010000000000000002,0.07658329768961175,0.15000109020343197,0.030000487448208626,0.43055331660970947,0.02999990940688689,0.030000420999452704,0.07000050996538887,0.029999854806626626,0.3232145189200005,0.02340984250778248,0.07961783699765192,0.10373511605358637,0.1700029506312798,7.902423043476016e-5,7.543477782872558,6.8399802480611145,4.07102192918144,0.10382846049315572,0,299.5697236460714,1.6000013180495627,0.35503626086433354,0.2999929263634435,0.18,0.3199916960763961,0.28000881639850117,0.0699998539996788,0.4499993087143469,0.26000317393144307,0.1758104952601965,0.12999812365546043
ECU,1.4494227923835024e-5,0,0.007422295423679569,0.17200310797109866,0.00997772807819678,0.0011694880530215964,0.0012609603704971761,0.0016493204491296487,0.001742784197531726,0.11000015140274644,0.014167356508078733,0.8600133649791459,0.024003549479122088,0.05,0,0.009911357240928427,0,0,0.0981879665561023,0.04858635035697405,0.12034469879931313,0.02495105488108405,0.01,0.26682741885412264,0.007942550694646196,0.049999999999999996,0.020000365003467534,0,0,0.01,0.8699995133346311,0,0,0,0,0,0,0,94.0001380424765,0,0,0,0,0,0.0011074646470953299,0.86000680375849,0.008762390507889992,1.4374747623049542,0.12000170328734457,0.08999897530484681,0.030000860856839506,0.31932780931604626,0.35999979770177987,0.4121997568951054,0.01,0.10999720436119653,0.055761674689375415,0.030001228048630726,0.5575265039033823,0.02340984250778248,0.07961783699765192,0.02,0.19999999999999998,0.0031849518008674107,0.2652557598079108,6.709964370826549,2.399990266692622,0.10382846049315572,0,299.5697236460714,1.5671542430207548,0.3053693945219255,0.012999897554479067,0.1,0.266728853019839,0.30000991866693116,0.47908258374507223,0.44999308723904324,0.05099978840457046,0.1758104952601965,0.12999812365546043
EGY,1.4494227923835024e-5,0,0.009999999999999998,0.11000013770500833,0.00997772807819678,0.0011694880530215964,0.0012609603704971761,8.889111026421176e-4,0.001742784197531726,0.01,0.014167356508078733,7.090023453003788,0.024003549479122088,0.0394109938037974,0,0.009911357240928427,0,0,0.0981879665561023,0.04858635035697405,0.06999726252395291,0.028205946106764912,0.01814338633911052,0.01,0.007942550694646196,0.030604791424696416,0.020000365003467534,0,0,0.03,0.1699969396818762,0,0,0,0,0,0,0,20.432334733378706,0,0,0,0,0,0.0011074646470953299,0.4199998895169895,0.008762390507889992,0.4720994243063834,0.10999946344529442,0.01,0.07658329768961175,0.15000000000000002,0.03000023527750982,0.43055331660970947,0.03000028520092405,0.03000079522862823,0.06999999999999999,0.029999999999999995,0.26197781269441184,0.02340984250778248,0.07961783699765192,0.020000573624734695,0.1700002973506061,0.07919921044752397,7.543477782872558,6.840006199307744,4.110010706638116,0.10382846049315572,0,299.5697236460714,1.5999971308287908,0.44227713634609417,0.2999967871485944,0.18000222345747638,0.32000407000407005,0.27999638416263234,0.06999837778962248,0.4499841997155949,0.2599939545076702,0.1758104952601965,0.12999812365546043
ESP,1.4494227923835024e-5,0,0.009999999999999998,0.11000093696267091,0.01,0.0011694880530215964,0.0012609603704971761,0.0016493204491296487,0.001742784197531726,0.02304254127061766,0.014167356508078733,7.089967206881802,0.024003549479122088,0.039811490696680114,0,0.009911357240928427,0,0,0.0981879665561023,0.04858635035697405,0.06999992133602888,0.02497566188507654,0.009689848904330021,0.01,0.007942550694646196,0.03,0.020000365003467534,0,0,0.030000608346514177,0.1699982061940898,0,0,0,0,0,0,0,20.432334733378706,0,0,0,0,0,0.0011074646470953299,0.41999973362102266,0.008762390507889992,0.8325303806216662,0.11000039932381168,0.009999999999999998,0.07658329768961175,0.14999877351779628,0.029999843105260677,0.5599947430674201,0.02999982916787673,0.030000271606279535,0.07000022283129442,0.030000763067531477,0.12906204591163062,0.02340984250778248,0.07961783699765192,0.02000047445082317,0.17000046864948004,0.006384535112862468,0.33259678430061057,6.839909706546275,4.110025733942545,0.10382846049315572,0,299.5697236460714,1.6011879007655088,0.357931518168012,0.3000065421477871,0.18000203645249974,0.31999757393802924,0.2799918200408998,0.07000034762053742,0.4500033969699028,0.25999925099243504,0.15,0.12999812365546043
EST,1.4494227923835024e-5,0,0.01,0.11000130768921257,0.010000063997679018,0.0011694880530215964,0.0012609603704971761,0.0016493204491296487,0.001742784197531726,0.02304254127061766,0.014167356508078733,7.0901348474095105,0.024003549479122088,0.039811490696680114,0,0.009911357240928427,0,0,0.0981879665561023,0.04858635035697405,0.07000033563241538,0.03142714043914047,0.008898328281503743,0.01,0.007942550694646196,0.030604791424696416,0.020000365003467534,0,0,0.027536783427960485,0.16999585234342596,0,0,0,0,0,0,0,20.432334733378706,0,0,0,0,0,0.0011074646470953299,0.4199992664145146,0.008762390507889992,2.3353548759878824,0.11000019540536844,0.01,0.07658329768961175,0.14999877351779628,0.02999993414423729,0.5599845581525935,0.029999934429239313,0.02999958631531047,0.06999979945049435,0.029999701532629947,0.11306959061504987,0.02340984250778248,0.07961783699765192,0.02000008794339963,0.17000032912748303,0.0935773203040145,8.987054522936154,6.839996165276578,4.109990629601534,0.10382846049315572,0,300.00365003467533,1.6005305030288317,0.3204940597657937,0.29999670998519495,0.17999790334416604,0.3200080986232341,0.28000126955914556,0.06999952131351571,0.4499936189220232,0.2600051074386195,0.1758104952601965,0.12999812365546043
ETH,3.0826349128489636e-4,0,0.007422295423679569,0.34710692991629416,0.00997772807819678,0.0011694880530215964,0.0024014965282270237,0.002415175104102375,0.001742784197531726,0.02304254127061766,0.011291641119967302,1.3515377012964362,0.024583107579314912,0.039811490696680114,0,0.009911357240928427,0,0,0.0981879665561023,0.14916595098103982,0.01250006588483331,0.035178584498280034,0.019396993108285063,0.01,0.007942550694646196,0.030604791424696416,0.020000365003467534,0,0,0.025000456246007847,0.21971129500955408,0,0,0,0,0,0,0,57.199722449289965,0,0,0,0,0,0.0011074646470953299,0.5196945711891238,0.008762390507889992,0.35937367510130075,0.06000113584734212,0.007500000000000001,0.010000000000000002,0.14999726417159115,0.039999394728081596,0.43055331660970947,0.02,0.05116727033256504,0.02,0.041666666666666664,0.8168221905116002,0.1600005659229496,0.07961783699765192,0.10373511605358637,0.1899980820866897,0.0935773203040145,13.447050453957209,6.959972619707291,4.07102192918144,0.10382846049315572,0,299.5697236460714,1.5999690207229234,0.3317211784705933,0.06999864185793833,0.15055409782611082,0.19000247463499131,0.22260015192314783,0.47908258374507223,0.39006089962843005,0.25406805636953605,0.1758104952601965,0.12999812365546043
FIN,1.4494227923835024e-5,0,0.009999764008086656,0.17200310797109866,0.010000067260502166,0.0011694880530215964,0.0012609603704971761,0.0016493204491296487,0.001742784197531726,0.02304254127061766,0.014167356508078733,7.089967206881802,0.024003549479122088,0.039811490696680114,0,0.009911357240928427,0,0,0.0981879665561023,0.04858635035697405,0.0700009864851534,0.03142714043914047,0.007168700178542187,0.01,0.007942550694646196,0.030604791424696416,0.020000365003467534,0,0,0.02999954375399215,0.16999999999999998,0,0,0,0,0,0,0,20.432334733378706,0,0,0,0,0,0.0011074646470953299,0.42000145658311305,0.008762390507889992,2.3861474169642167,0.10999946344529442,0.01,0.07658329768961175,0.1500067668155366,0.030000138313224123,0.5600143988480921,0.029999787574525937,0.029999084416773483,0.07000178269007933,0.03000008439317091,0.09836864204753262,0.02340984250778248,0.07961783699765192,0.019999670054111126,0.16999955716102255,0.014469999422260757,0.04206985335764558,6.8399984499728745,4.109987111308473,0.10382846049315572,0,299.5697236460714,1.599995528428019,0.3250292925157189,0.30000188490754526,0.17999864236500016,0.3200011712001874,0.2800039674667725,0.0699987574552684,0.45000553036168567,0.26000256476019495,0.15000182501733764,0.12999812365546043
FJI,1.4494227923835024e-5,0,0.009999999999999998,0.11000029618117926,0.01,0.0011694880530215964,0.0012609603704971761,0.0016493204491296487,0.001742784197531726,0.01000005004591713,0.014167356508078733,7.090016950664644,0.070000128029498,0.04000042407959267,0,0.009911357240928427,0,0,0.0981879665561023,0.04858635035697405,0.0699983677022689,0.020512264473993118,0.08057009140042903,0.01,0.007942550694646196,0.030604791424696416,0.020000365003467534,0,0,0.03000036500346753,0.1699990875079843,0,0,0,0,0,0,0,20.432334733378706,0,0,0,0,0,0.0011074646470953299,0.41999645722094286,0.008762390507889992,1.6911588675990599,0.11000059403587976,0.03037334153318248,0.07658329768961175,0.1499961576884654,0.029999555496288393,0.43055331660970947,0.030000061198386812,0.029999901280393298,0.06999882910836602,0.029999999999999995,0.2651908116498138,0.02340984250778248,0.07961783699765192,0.020000249395216604,0.16999997657273114,0.0935773203040145,7.543477782872558,6.8400061408682875,4.110012918571985,0.10382846049315572,0,299.5697236460714,1.6000038178503595,0.3202435630344029,0.30000000000000004,0.18000130242250584,0.3199997261624405,0.2800008767699794,0.0699995290349927,0.45001382615909297,0.2599960901114318,0.15000506945148537,0.12999812365546043
FRA,1.4494227923835024e-5,0,0.01,0.10999958009016608,0.01,0.0011694880530215964,0.0012609603704971761,0.0016493204491296487,0.001742784197531726,0.02304254127061766,0.014167356508078733,0.9597938674221256,0.024003549479122088,0.0058882035999673074,0,0.009911357240928427,0,0,0.0981879665561023,0.04858635035697405,0.06999844684320881,0.02506675085408416,0.015065088849224252,0.01,0.007942550694646196,0.030604791424696416,0.020000365003467534,0,0,0.027536783427960485,0.17000278629144608,0,0,0,0,0,0,0,20.432334733378706,0,0,0,0,0,0.0011074646470953299,0.4199988629658164,0.008762390507889992,1.4736316505830418,0.10999967102287214,0.01,0.07658329768961175,0.1499943933617403,0.029999746527425736,0.5600081678493032,0.030000000000000006,0.030000832200615824,0.06999811249528123,0.03,0.16090413212237453,0.02340984250778248,0.07961783699765192,0.020000102828292177,0.1699997507042605,0.00526787581445949,1.1695908846793213,6.840005937388384,4.1100253052371345,0.10382846049315572,0,299.9981750159686,1.599996601078591,0.33573437091795016,0.2999922657488689,0.17999761701815647,0.3200027610246853,0.28000122074037903,0.07000072637466405,0.45000125688142584,0.26000135290536425,0.15000000000000002,0.12999812365546043
GAB,0.00030825989123,0,0.00742229542368,0.347106864075,0.01,0.00116948805302,0.00240150637471,0.00241517120357,0.00174278419753,0.0160141098867,0.0112916217092,1.35151369377,0.0240035494791,0.0398114906967,0,0.00991135724093,0,0,0.0981879665561,0.149165515743,0.0124996973105,0.0188317173028,0.0315418408042,0.095609139618,0.00794255069465,0.0306047914247,0.0200003650035,0,0,0.027536783428,0.169998479196,0,0,0,0,0,0,0,44.9443249039,0,0,0,0,0,0.0011074646471,0.519703176414,0.00876239050789,1.58905470761,0.0600004828888,0.00750008472951,0.01,0.150002726704,0.0399997100663,0.43055331661,0.0199998000616,0.0511678323703,0.019999866303,0.0416669999739,0.195462091972,0.159998133941,0.0796178369977,0.103735116054,0.189999341554,0.108565999644,14.0109075099,6.95999705083,3.5769776032,0.103828460493,0,299.569723646,1.60458427244,0.335025478395,0.0699987450729,0.0699990186188,0.190001250066,0.269995923189,0.16000028965,0.430022862588,0.258022156468,0.17581049526,0.129998123655
GBR,1.4494227923835024e-5,0,0.01,0.10999964322559737,0.01,0.0011694880530215964,0.0012609603704971761,0.0016493204491296487,0.001742784197531726,0.02304254127061766,0.014167356508078733,0.9597938674221256,0.024003549479122088,0.039811490696680114,0,0.009911357240928427,0,0,0.0981879665561023,0.04858635035697405,0.06999903947747575,0.020808355449936936,0.010875386830503786,0.01,0.007942550694646196,0.030604791424696416,0.020000365003467534,0,0,0.02999969583599477,0.16999999999999998,0,0,0,0,0,0,0,20.432334733378706,0,0,0,0,0,0.0011074646470953299,0.41999935881223527,0.008762390507889992,1.6914997140026562,0.10999980606750144,0.01,0.07658329768961175,0.1500067668155366,0.030000149688274167,0.5600034556115893,0.02999983682841915,0.029999408529011652,0.06999966575305835,0.030000000000000002,0.1244638814233273,0.02340984250778248,0.07961783699765192,0.020000085966412923,0.16999951445250783,0.09657049417992887,0.00857232445960063,6.840022407132937,4.110024979753852,0.10382846049315572,0,299.5697236460714,1.6063902357328714,0.3246844800556895,0.30001022704029456,0.18000590271256472,0.31999565862305995,0.2800039674667725,0.06999870795469229,0.4499936189220232,0.25999624835865687,0.15000182501733764,0.12999812365546043
GEO,1.4494227923835024e-5,0,0.009999766524246457,0.10999958800688027,0.01,0.0011694880530215964,0.0012609603704971761,0.0016493204491296487,0.001742784197531726,0.009999999999999998,0.014167356508078733,0.9597938674221256,0.024003549479122088,0.039811490696680114,0,0.009911357240928427,0,0,0.0981879665561023,0.04858635035697405,0.12034469879931313,0.03142714043914047,0.009997132189578123,0.26682741885412264,0.007942550694646196,0.030604791424696416,0.020000365003467534,0,0,0.03000036500346753,0.16999947856919387,0,0,0,0,0,0,0,20.432334733378706,0,0,0,0,0,0.0011074646470953299,0.41999950004658654,0.008762390507889992,1.0004939766570518,0.10999966895821149,0.009999999999999998,0.07658329768961175,0.31932780931604626,0.029999799184689837,0.43055331660970947,0.030000664849411607,0.029998282377189968,0.06999799451835015,0.02999925255998206,0.10399889219665406,0.02340984250778248,0.07961783699765192,0.019999825914384695,0.17,0.0935773203040145,0.011336076695417708,6.840073026015518,4.110010706638116,0.10382846049315572,0,299.5697236460714,1.603178323242053,0.3246523284083449,0.30000606317831807,0.1800015368655627,0.3200055359490692,0.28000233379036726,0.0699998539996788,0.39006089962843005,0.26000406917599184,0.1758104952601965,0.12999812365546043
GHA,3.0826782037229265e-4,0,0.007422295423679569,0.5,0.00997772807819678,0.0011694880530215964,0.0024015322935807683,0.002415199735401125,0.001742784197531726,0.012500075155713795,0.01129153018249883,1.3515343833442979,0.02458341240571333,0.018747468178944137,0,0.009911357240928427,0,0,0.0981879665561023,0.14916841706552803,0.01250027375260065,0.020043215626686154,0.08057009140042903,0.01,0.007942550694646196,0.030604791424696416,0.020000365003467534,0,0,0.027536783427960485,0.21971129500955408,0,0,0,0,0,0,0,57.20037832365322,0,0,0,0,0,0.0011074646470953299,0.5197018982706404,0.008762390507889992,0.32790679701502323,0.059999636888497535,0.007500163452108533,0.01,0.31932780931604626,0.03999938009484549,0.4300000299509959,0.019999650386323113,0.05116639686461617,0.055761674689375415,0.04166634222308741,0.7562429408589695,0.16000545553737044,0.07961783699765192,0.10373511605358637,0.1900024422831037,0.3597368409198175,8.167311729882723,6.959784425418699,3.3300361353432852,0.10382846049315572,0,299.5697236460714,1.5999862016626998,0.3372941692445128,0.07000018373233872,0.06999811664260154,0.19000021145033788,0.2699967099533587,0.16,0.4499841997155949,0.25406805636953605,0.1758104952601965,0.12999812365546043
GIN,0.00030825885814955343,0,0.007422295423679569,0.49999803974610785,0.00997772807819678,0.0011694880530215964,0.0024014544977269746,0.0024151976415378133,0.001742784197531726,0.012500151871912443,0.01129153018249883,1.3515296255054798,0.024582387653200186,0.018750188419216603,0,0.009911357240928427,0,0,0.0981879665561023,0.04858635035697405,0.01249991704549225,0.020003761547336088,0.08057009140042903,0.26682741885412264,0.007942550694646196,0.030604791424696416,0.020000365003467534,0,0,0.025000456246007847,0.21971129500955408,0,0,0,0,0,0,0,57.19995635873123,0,0,0,0,0,0.0011074646470953299,0.5197038083361841,0.008762390507889992,0.11001345146832753,0.4697452269387569,0.03037334153318248,0.010000000000000002,0.15000071581814947,0.04000151578309145,0.4300004140668049,0.020000000000000004,0.051166930379746844,0.01999959890903257,0.04374450417414797,1.2893092284940137,0.16000431860509057,0.07961783699765192,0.10373511605358637,0.18999741821266553,0.0935773203040145,9.645857148823811,6.835232269981125,4.07102192918144,0.10382846049315572,0,299.5697236460714,1.6000223838836038,0.33258061742675327,0.06999786461669869,0.07000075631523218,0.18999852702901754,0.26999164777472856,0.47908258374507223,0.39006089962843005,0.25406805636953605,0.1758104952601965,0.12999812365546043
GMB,3.08264465871249e-4,0,0.007422295423679569,0.5,0.00997772807819678,0.0011694880530215964,0.0024015369905342307,0.0024151690384525463,0.001742784197531726,0.012500101905219994,0.01129166539132564,1.3515326641657373,0.024003549479122088,0.039811490696680114,0,0.009911357240928427,0,0,0.0981879665561023,0.04858635035697405,0.12034469879931313,0.024206416398561244,0.08057009140042903,0.01,0.007942550694646196,0.030604791424696416,0.020000365003467534,0,0,0.02499880719499976,0.17000036500346752,0,0,0,0,0,0,0,57.200113026999006,0,0,0,0,0,0.0011074646470953299,0.5197015878545096,0.008762390507889992,0.4733526289644207,0.059998722003897886,0.03037334153318248,0.07658329768961175,0.31932780931604626,0.08812910388527768,0.43055331660970947,0.02000021345172789,0.05248529853483587,0.020000445672519834,0.04374450417414797,0.19149602835581847,0.1599977313331254,0.07961783699765192,0.10373511605358637,0.19000730848448608,0.0935773203040145,10.424592614956696,6.960016155088853,3.3300888185910695,0.10382846049315572,0,299.5697236460714,1.6000371638362088,0.33928996882595924,0.07,0.06999900806771592,0.18999975336451902,0.2699987062831515,0.16000166856697906,0.44999051952976865,0.26000317393144307,0.1758104952601965,0.12999812365546043
GNB,3.0826224564384593e-4,0,0.007422295423679569,0.5,0.00997772807819678,0.0011694880530215964,0.0024014891895016766,0.002415190031374786,0.001742784197531726,0.01249986837933427,0.011291814851458673,0.9597938674221256,0.024003549479122088,0.039811490696680114,0,0.009911357240928427,0,0,0.0981879665561023,0.1491621733720448,0.12034469879931313,0.021062848566627088,9.130296310539204e-5,0.26682741885412264,0.007942550694646196,0.030604791424696416,0.020000365003467534,0,0,0.027536783427960485,0.21971129500955408,0,0,0,0,0,0,0,57.19988604901672,0,0,0,0,0,0.0011074646470953299,0.5197069645639275,0.008762390507889992,1.1215830747833266,0.059999503715926994,0.0075,0.07658329768961175,0.31932780931604626,0.04,0.43000080449598327,0.020000000000000004,0.05116836643406692,0.055761674689375415,0.04374450417414797,0.04662839782539175,0.15999871893415324,0.07961783699765192,0.10373511605358637,0.1899980448565763,0.0935773203040145,8.3299356257677,6.835232269981125,4.07102192918144,0.10382846049315572,0,299.5697236460714,1.6000288683602772,0.339225184811605,0.07000010610417308,0.07000044332136365,0.1900003749390724,0.26999127191938427,0.16000292002774025,0.450010055304173,0.25406805636953605,0.1758104952601965,0.12999812365546043
GRC,1.4494227923835024e-5,0,0.01,0.10999944159035069,0.01,0.0011694880530215964,0.0012609603704971761,0.0016493204491296487,0.001742784197531726,0.02304254127061766,0.014167356508078733,7.089924534823434,0.024003549479122088,0.039811490696680114,0,0.009911357240928427,0,0,0.0981879665561023,0.04858635035697405,0.06999947856919386,0.0237050071674098,0.02406558833253024,0.01,0.007942550694646196,0.030604791424696416,0.020000365003467534,0,0,0.029999560246262092,0.17000109539308966,0,0,0,0,0,0,0,20.432334733378706,0,0,0,0,0,0.0011074646470953299,0.4199998571161757,0.008762390507889992,0.8784751965734948,0.11000029090344916,0.010000081600013058,0.07658329768961175,0.15000392474947016,0.030000368419113584,0.43055331660970947,0.030000230757692887,0.030000000000000002,0.06999839563613026,0.030000064697141896,0.1997429840592155,0.02340984250778248,0.07961783699765192,0.0200006132944192,0.17000089780272543,0.023834437431830037,0.04880644319979879,6.839990497845047,4.109993094603926,0.10382846049315572,0,299.5697236460714,1.6020629979888719,0.4358732668123943,0.3000032773990561,0.17999751433694938,0.3200010419244344,0.28000547233052875,0.07000275482093664,0.45000733183903474,0.2600021591277124,0.1499990875079843,0.12999812365546043
GRD,1.4494227923835024e-5,0,0.009999800273625134,0.10999780791628147,0.009999999999999998,0.0011694880530215964,0.0012609603704971761,0.0016493204491296487,0.001742784197531726,0.01,0.014167356508078733,7.09006133433471,0.06999959288360542,0.009958758089842569,0,0.009911357240928427,0,0,0.0981879665561023,0.04858635035697405,0.07000038421639067,0.010922327427214426,0.08057009140042903,0.01,0.007942550694646196,0.030604791424696416,0.020000365003467534,0,0,0.027536783427960485,0.21971129500955408,0,0,0,0,0,0,0,20.432334733378706,0,0,0,0,0,0.0011074646470953299,0.42000316863952203,0.008762390507889992,1.1810385364878322,0.11000068043411697,0.009999999999999998,0.07658329768961175,0.15000063582491924,0.02999991298445902,0.5600108616944244,0.02999975296137551,0.030000969838037052,0.0700006413545408,0.029999854093409398,0.23389552020257753,0.02340984250778248,0.07961783699765192,0.019999884119102387,0.16999954214296517,0.0935773203040145,7.543477782872558,6.835232269981125,4.109967243799719,0.10382846049315572,0,299.5697236460714,1.5999999999999996,0.3711438646913674,0.29999575587810884,0.18000208193354847,0.3200011840079986,0.2799906034662769,0.07000224618149146,0.45000553036168567,0.26000317393144307,0.1758104952601965,0.12999812365546043
GTM,1.4494227923835024e-5,0,0.007422295423679569,0.17200310797109866,0.00997772807819678,0.0011694880530215964,0.0012609603704971761,0.0016493204491296487,0.001742784197531726,0.11000195733020161,0.014167356508078733,0.9597938674221256,0.024003549479122088,0.039811490696680114,0,0.009911357240928427,0,0,0.0981879665561023,0.04858635035697405,0.12034469879931313,3.509557012708988e-5,0.02650186139876711,0.02,0.007942550694646196,0.04999932407770403,0.020000365003467534,0,0,0.01,0.8699881376037959,0,0,0,0,0,0,0,93.99928386619848,0,0,0,0,0,0.01999951333463111,0.8600010987432067,0.008762390507889992,1.4673965411418106,0.1200004235433638,0.08999688641059753,0.03000013773535529,0.31932780931604626,0.35999683787324394,0.41220168460458584,0.010000000000000002,0.10999849011022195,0.055761674689375415,0.03,0.5415903243325225,0.02340984250778248,0.07961783699765192,0.02,0.20000069364001472,0.08204377222125081,0.40381689114812114,6.71005133964383,2.399930477100895,0.10382846049315572,0,299.5697236460714,1.562526438842628,0.30504493426698803,0.01299986358055568,0.1,0.266728853019839,0.30000991866693116,0.47908258374507223,0.44999723487013105,0.05099978840457046,0.1758104952601965,0.12999812365546043
GUY,1.4494227923835024e-5,0,0.007422295423679569,0.17200310797109866,0.00997772807819678,0.0011694880530215964,0.0012609603704971761,0.0016493204491296487,0.001742784197531726,0.11,0.014167356508078733,0.9597938674221256,0.024003549479122088,0.04403493892986493,0,0.009911357240928427,0,0,0.0981879665561023,0.04858635035697405,0.12034469879931313,0.0023777229123124626,0.011202405393641972,0.02,0.007942550694646196,0.049998648191956735,0.020000365003467534,0,0,0.027536783427960485,0.8700222652115195,0,0,0,0,0,0,0,94.00080300762858,0,0,0,0,0,0.019999999999999997,0.8599987202320647,0.008762390507889992,0.5354129570387871,0.12000092397246563,0.08999874945288565,0.0300004329379167,0.31932780931604626,0.36000000000000004,0.4121992724456627,0.01,0.10999898816148944,0.055761674689375415,0.029999406950539674,0.7851895319515981,0.02340984250778248,0.07961783699765192,0.02,0.20000065032402395,0.0935773203040145,1.0407890653651928,6.835232269981125,4.07102192918144,0.10382846049315572,0,299.5697236460714,1.5600178645046034,0.30852036754604784,0.012999621068586587,0.1,0.266728853019839,0.3000004623999482,0.47908258374507223,0.39006089962843005,0.25406805636953605,0.1758104952601965,0.12999812365546043
HND,1.4494227923835024e-5,0,0.007422295423679569,0.17200310797109866,0.00997772807819678,0.0011694880530215964,0.0012609603704971761,0.0016493204491296487,0.001742784197531726,0.11000065342394146,0.014167356508078733,0.8599817499746527,0.024003549479122088,0.0807659546315363,0,0.03000036500346753,0,0,0.0981879665561023,0.04858635035697405,0.12034469879931313,0.03142714043914047,0.16471976240291605,0.019999513334631108,0.007942550694646196,0.05000056327238726,0.020000365003467534,0,0,0.027536783427960485,0.8700073000312858,0,0,0,0,0,0,0,94.00008542561372,0,0,0,0,0,0.0011074646470953299,0.8599986740532948,0.008762390507889992,0.8897888179211979,0.11999990905308346,0.08999796623957698,0.029999311342194062,0.31932780931604626,0.3600007525324059,0.41220057489619927,0.01,0.11000000000000001,0.055761674689375415,0.03000066365808336,0.43093362372200117,0.02340984250778248,0.07961783699765192,0.02,0.2000005056007928,0.0935773203040145,0.23143458654672308,6.709916768823795,2.4000073000693507,0.10382846049315572,0,299.5697236460714,1.5600663179252299,0.3092572775177382,0.013,0.15055409782611082,0.266728853019839,0.3,0.47908258374507223,0.45000553036168567,0.051001632972239475,0.1758104952601965,0.12999812365546043
HRV,1.4494227923835024e-5,0,0.01,0.10999919736736495,0.01,0.0011694880530215964,0.0012609603704971761,0.0016493204491296487,0.001742784197531726,0.02304254127061766,0.014167356508078733,0.9597938674221256,0.024003549479122088,0.039811490696680114,0,0.009911357240928427,0,0,0.0981879665561023,0.04858635035697405,0.07000208572322453,0.025249618137360083,0.0143144434163757,0.26682741885412264,0.007942550694646196,0.030604791424696416,0.020000365003467534,0,0,0.029999594452104796,0.16999870750937054,0,0,0,0,0,0,0,20.432334733378706,0,0,0,0,0,0.0011074646470953299,0.42000078603993085,0.008762390507889992,1.285900457333844,0.11000136478120076,0.01,0.07658329768961175,0.15000000000000002,0.02999983994963749,0.43055331660970947,0.0299992803626972,0.029999999999999995,0.06999979945049435,0.029999832381561457,0.1903717098186226,0.02340984250778248,0.07961783699765192,0.01999962297889759,0.1700013637514855,0.0935773203040145,2.1225111696522045,6.839999999999999,4.10985471981679,0.10382846049315572,0,299.5697236460714,1.601807576789932,0.32594211103808846,0.30000585411544317,0.17999782318848467,0.31999744889824294,0.27999402017042513,0.0700003173897864,0.45001241506963724,0.25999624835865687,0.1758104952601965,0.12999812365546043
HTI,1.4494227923835024e-5,0,0.007422295423679569,0.17200310797109866,0.00997772807819678,0.0011694880530215964,0.0012609603704971761,8.889407936597427e-4,0.001742784197531726,0.11000040728635285,0.014167356508078733,0.8599999139070282,0.024003549479122088,0.049999517341905345,0,0.029999695835994766,0,0,0.0981879665561023,0.04858635035697405,0.12034469879931313,0.030434781011034882,0.08057009140042903,0.26682741885412264,0.007942550694646196,0.030604791424696416,0.020000365003467534,0,0,0.01,0.21971129500955408,0,0,0,0,0,0,0,94.00042879852744,0,0,0,0,0,0.01999939418722644,0.8599988100196346,0.008762390507889992,0.8783354512632138,0.11999949123654957,0.08999939809798964,0.030000000000000002,0.31932780931604626,0.36,0.41220083291872955,0.01,0.11000022097494144,0.055761674689375415,0.02999942042424945,1.1278817823640477,0.02340984250778248,0.07961783699765192,0.019999740448504985,0.19999697569974748,0.0935773203040145,0.29245785410563235,6.835232269981125,2.4000073000693507,0.10382846049315572,0,299.5697236460714,1.4880911148520755,0.3035593025149016,0.012999966046448458,0.1,0.266728853019839,0.30000495933346555,0.47908258374507223,0.39006089962843005,0.25406805636953605,0.1758104952601965,0.12999812365546043
HUN,1.4494227923835024e-5,0,0.01,0.11000029618117926,0.01,0.0011694880530215964,0.0012609603704971761,0.0016493204491296487,0.001742784197531726,0.02304254127061766,0.014167356508078733,0.9597938674221256,0.024003549479122088,0.039811490696680114,0,0.009911357240928427,0,0,0.0981879665561023,0.04858635035697405,0.07000104713608281,0.020942261620393247,0.01920601041097784,0.26682741885412264,0.007942550694646196,0.030604791424696416,0.020000365003467534,0,0,0.02999954375399215,0.1699995133346311,0,0,0,0,0,0,0,20.432334733378706,0,0,0,0,0,0.0011074646470953299,0.419999760108431,0.008762390507889992,1.3531187925911379,0.11000337463240613,0.009999999999999998,0.07658329768961175,0.15,0.03000084868030213,0.43055331660970947,0.030000417560507132,0.030000761382670934,0.06999979945049435,0.03000017335128482,0.3251406832643511,0.02340984250778248,0.07961783699765192,0.01999950132840572,0.1699988588382974,0.009566994321428155,7.543477782872558,6.8399453407387805,4.110012918571985,0.10382846049315572,0,299.5697236460714,1.6073303391828095,0.3215844895459555,0.2999884118430964,0.17999865972703105,0.32000765354933347,0.27999702447370384,0.07000032444357926,0.45000553036168567,0.2599976489949453,0.14999543753992153,0.12999812365546043
IDN,1.4494227923835024e-5,0,0.007422295423679569,0.11000001278430702,0.00997772807819678,0.0011694880530215964,0.0020938118584469924,0.0016493204491296487,0.001742784197531726,0.02304254127061766,0.014167356508078733,0.6300017112055444,0.024003549479122088,0.039811490696680114,0,0.009911357240928427,0,0,0.0981879665561023,0.0799989790188371,0.0699995133346311,0.04133013427941839,0.010021976139714457,0.05,0.007942550694646196,0.030604791424696416,0.020000365003467534,0,0,0.03,0.21971129500955408,0,0,0,0,0,0,0,20.432334733378706,0,0,0,0,0,0.0011074646470953299,0.42000460279016755,0.008762390507889992,1.0469762161894285,0.34000316605983855,0.015000266425107904,0.45998898147510503,0.31932780931604626,0.02999964179532185,0.43055331660970947,0.029999549387166546,0.030000000000000002,0.055761674689375415,0.029999675556420736,0.14892038144555225,0.02340984250778248,0.07961783699765192,0.02000077514873166,0.4099974335836279,0.04117340383528893,0.0015929739610201308,6.84029107621601,4.109862033725089,0.10382846049315572,0,299.5697236460714,1.612043443813427,0.3826179120296767,0.29999908034983497,0.17999958419093953,0.3600006248925966,0.28,0.1599985472506719,0.45000288035025054,0.26000317393144307,0.1758104952601965,0.12999812365546043
IND,1.4494227923835024e-5,0,0.01,0.10999988769218676,0.00997772807819678,0.0011694880530215964,2.062220597277849e-4,9.079145220056675e-5,0.001742784197531726,0.010000276766810123,0.014167356508078733,7.09006133433471,0.024003549479122088,0.039811490696680114,0,0.009911357240928427,0,0,0.0981879665561023,0.04858635035697405,0.07000101389029707,0.02416342659652868,0.0022961001257283723,0.009999999999999998,0.007942550694646196,0.030604791424696416,0.020000365003467534,0,0,0.029999270019709465,0.21971129500955408,0,0,0,0,0,0,0,20.432334733378706,0,0,0,0,0,0.0011074646470953299,0.4200022042100412,0.008762390507889992,0.6526909342220343,0.1100010123946025,0.01,0.07658329768961175,0.14999554009455,0.030000122582068696,0.43055331660970947,0.03000054074514681,0.030000616979269496,0.055761674689375415,0.030000515304544985,0.32556768722716606,0.02340984250778248,0.07961783699765192,0.02,0.41000839735016953,0.0935773203040145,7.543477782872558,6.835232269981125,4.07102192918144,0.10382846049315572,0,299.5697236460714,1.599993142347717,0.5011882515482834,0.2999904893242665,0.17999938030612875,0.35999505084135697,0.27499950407649126,0.1599964606468168,0.39006089962843005,0.26000317393144307,0.1758104952601965,0.12999812365546043
IRL,1.4494227923835024e-5,0,0.01,0.11000217781134594,0.01,0.0011694880530215964,0.0012609603704971761,0.0016493204491296487,0.001742784197531726,0.02304254127061766,0.014167356508078733,0.9597938674221256,0.024003549479122088,0.039811490696680114,0,0.009911357240928427,0,0,0.0981879665561023,0.04858635035697405,0.06999788844982052,0.026287040199288833,0.012056473931684401,0.01,0.007942550694646196,0.0300001351844592,0.020000365003467534,0,0,0.02999954375399215,0.17000274736057144,0,0,0,0,0,0,0,20.432334733378706,0,0,0,0,0,0.0011074646470953299,0.4200006296271033,0.008762390507889992,0.88592357440938,0.10999969682138883,0.01,0.07658329768961175,0.14999832752924036,0.030000109745792165,0.5600146488845484,0.029999933948493034,0.029999611046285492,0.06999979945049435,0.02999988578868623,0.10376790187480513,0.02340984250778248,0.07961783699765192,0.020000353644304556,0.17000110029600646,0.022804428602780365,7.543477782872558,6.840000920196002,4.11001347103727,0.10382846049315572,0,299.9981750159686,1.5999981463373945,0.3228998174649665,0.2999927452118398,0.17999673475311104,0.32,0.279998413044772,0.06999856863399972,0.4500005530300516,0.25999603266439647,0.1499990875079843,0.12999812365546043
IRN,1.4494227923835024e-5,0,0.01,0.10999956199903639,0.00997772807819678,0.0011694880530215964,0.0012609603704971761,0.0016493204491296487,0.001742784197531726,0.02304254127061766,0.014167356508078733,0.9597938674221256,0.024003549479122088,0.039811490696680114,0,0.009911357240928427,0,0,0.0981879665561023,0.04858635035697405,0.12034469879931313,0.025619328540517457,0.11257665314426896,0.26682741885412264,0.007942550694646196,0.030604791424696416,0.020000365003467534,0,0,0.027536783427960485,0.1699972625239529,0,0,0,0,0,0,0,20.432334733378706,0,0,0,0,0,0.0011074646470953299,0.41999956069498057,0.008762390507889992,0.8115238441878152,0.10999987388228172,0.009999917898867826,0.07658329768961175,0.15000222538721739,0.02999989723247043,0.43055331660970947,0.02999920823708824,0.03,0.07000036913536192,0.029999231698163757,0.25655108937231647,0.02340984250778248,0.07961783699765192,0.10373511605358637,0.16999935675199684,0.0935773203040145,7.543477782872558,6.84002306140098,4.109939044420922,0.10382846049315572,0,299.5697236460714,1.600006510999463,0.34594061874766235,0.30000440955992597,0.1800013098148795,0.320008724446295,0.28000423190859075,0.07000033692343977,0.39006089962843005,0.25406805636953605,0.15000182501733766,0.12999812365546043
IRQ,1.4494227923835024e-5,0,0.009999834467232788,0.10999976451749635,0.00997772807819678,0.0011694880530215964,0.0012609603704971761,0.0016493204491296487,0.001742784197531726,0.02304254127061766,0.014167356508078733,0.9597938674221256,0.024003549479122088,0.039811490696680114,0,0.009911357240928427,0,0,0.0981879665561023,0.04858635035697405,0.0700007821462092,0.022257085603695475,0.018393600863430833,0.26682741885412264,0.007942550694646196,0.030000533627421333,0.020000365003467534,0,0,0.0300001460003212,0.16999627560521416,0,0,0,0,0,0,0,20.432334733378706,0,0,0,0,0,0.0011074646470953299,0.42000042141638044,0.008762390507889992,0.35727331443560106,0.10999928217644103,0.01,0.07658329768961175,0.31932780931604626,0.030000570320520132,0.43055331660970947,0.03000053222630262,0.05248529853483587,0.06999773620390418,0.030000341122292343,0.17068666993600926,0.02340984250778248,0.07961783699765192,0.10373511605358637,0.16999840395818372,0.0935773203040145,7.543477782872558,6.8401577191386105,4.07102192918144,0.10382846049315572,0,299.5697236460714,1.5999988318234653,0.38523480680294275,0.3,0.17999801960590156,0.32000856592190735,0.28000072134458626,0.47908258374507223,0.39006089962843005,0.25406805636953605,0.1758104952601965,0.12999812365546043
ISL,1.4494227923835024e-5,0,0.007422295423679569,0.17200310797109866,0.009999999999999998,0.0011694880530215964,0.0012609603704971761,0.0016493204491296487,0.001742784197531726,0.02304254127061766,0.014167356508078733,7.090101390195464,0.024003549479122088,0.039811490696680114,0,0.009911357240928427,0,0,0.0981879665561023,0.04858635035697405,0.0699978100591284,0.03142714043914047,0.010778203200340874,0.009999999999999998,0.007942550694646196,0.029999549387166546,0.020000365003467534,0,0,0.027536783427960485,0.16999368288060643,0,0,0,0,0,0,0,20.432334733378706,0,0,0,0,0,0.0011074646470953299,0.42000054386251157,0.008762390507889992,0.9806480558637465,0.11000083673450413,0.01,0.07658329768961175,0.14999893926215074,0.030000191059680673,0.43055331660970947,0.030000185920834907,0.029999068120398844,0.07000119731800766,0.030000083428580966,0.12215789608922374,0.02340984250778248,0.07961783699765192,0.01999994272475522,0.17000035169575972,0.0935773203040145,7.543477782872558,6.839999684059207,4.110003017718317,0.10382846049315572,0,300.00845286885243,1.6000008156922882,0.32095551659744487,0.3000086617583369,0.18000188412623644,0.31999987326110274,0.22260015192314783,0.06999743530397903,0.39006089962843005,0.26000317393144307,0.1758104952601965,0.12999812365546043
ISR,1.4494227923835024e-5,0,0.01,0.1100004940698615,0.009999999999999998,0.0011694880530215964,0.0012609603704971761,0.0016493204491296487,0.001742784197531726,0.02304254127061766,0.014167356508078733,7.089962564342536,0.024003549479122088,0.039811490696680114,0,0.009911357240928427,0,0,0.0981879665561023,0.04858635035697405,0.06999910976586843,0.02885125870341153,0.02255345861927919,0.009999999999999998,0.007942550694646196,0.03,0.020000365003467534,0,0,0.02999961740061981,0.17000169769679138,0,0,0,0,0,0,0,20.432334733378706,0,0,0,0,0,0.0011074646470953299,0.4199999829319642,0.008762390507889992,1.641217789865504,0.1100018536662871,0.010000325701071556,0.07658329768961175,0.31932780931604626,0.03000012506826643,0.43055331660970947,0.030000487020893193,0.030000000000000002,0.06999986073005306,0.029999891673677788,0.2115763138969067,0.02340984250778248,0.07961783699765192,0.019999767771301177,0.17000009087026455,0.0935773203040145,0.09656397420529768,6.8400710078269995,4.07102192918144,0.10382846049315572,0,299.5697236460714,1.5999968782071545,0.3265957481838878,0.3000020503147233,0.17999893175708154,0.31999944014444276,0.2800039674667725,0.06999945925485318,0.45000000000000007,0.2600037540740235,0.1758104952601965,0.12999812365546043
ITA,1.4494227923835024e-5,0,0.01,0.11000010470217465,0.01,0.0011694880530215964,0.0012609603704971761,0.0016493204491296487,0.001742784197531726,0.02304254127061766,0.014167356508078733,7.0899643329169155,0.024003549479122088,0.039811490696680114,0,0.009911357240928427,0,0,0.0981879665561023,0.04858635035697405,0.07000194666147556,0.02699539899429817,0.01303363463177452,0.01,0.007942550694646196,0.030604791424696416,0.020000365003467534,0,0,0.027536783427960485,0.1699973574684548,0,0,0,0,0,0,0,20.432334733378706,0,0,0,0,0,0.0011074646470953299,0.4199998249468276,0.008762390507889992,0.7784679157988416,0.11000029725404387,0.01000026911380823,0.07658329768961175,0.1499989671768813,0.03000011639004633,0.5599871650890421,0.029999414819319108,0.02999867056633874,0.06999817684594348,0.03,0.17883173142239325,0.02340984250778248,0.07961783699765192,0.020000600489828133,0.16999869953976396,0.006214606137324497,0.029754627953690813,6.840015011340088,4.109983734799783,0.10382846049315572,0,300.00365003467533,1.6000028062593616,0.3315009902337201,0.3000030979894049,0.18000490358682955,0.3199944266406577,0.2799982656202576,0.07000184037789092,0.45000412711514653,0.25999973484296074,0.14999519738737874,0.12999812365546043
JAM,1.4494227923835024e-5,0,0.01,0.1100009142200397,0.00997772807819678,0.0011694880530215964,0.0012609603704971761,0.0016493204491296487,0.001742784197531726,0.01,0.014167356508078733,7.090003924472119,0.07000039270060204,0.009999788710819062,0,0.009911357240928427,0,0,0.0981879665561023,0.04858635035697405,0.0699995290349927,0.019792444963265356,0.08057009140042903,0.01,0.007942550694646196,0.02999932409597837,0.020000365003467534,0,0,0.03000036500346753,0.17000036500346752,0,0,0,0,0,0,0,20.432334733378706,0,0,0,0,0,0.0011074646470953299,0.42000128713012885,0.008762390507889992,2.030550317273992,0.1100000895583876,0.010000056625462205,0.07658329768961175,0.14999877351779628,0.030000070890311422,0.5599984602207658,0.030000519939686998,0.029999522877999906,0.055761674689375415,0.030000000000000002,0.1068672046157153,0.02340984250778248,0.07961783699765192,0.019999419128111297,0.16999971932975946,0.0935773203040145,7.543477782872558,6.839992316557819,4.11011071906558,0.10382846049315572,0,299.5697236460714,1.6000000008840178,0.5570693474904136,0.3000024252419179,0.18000000000000002,0.32000170857419485,0.2799967613151551,0.07000076842294,0.45000553036168567,0.2600007148473801,0.1758104952601965,0.12999812365546043
JOR,1.4494227923835024e-5,0,0.01,0.11000051049058145,0.00997772807819678,0.0011694880530215964,0.0012609603704971761,0.0016493204491296487,0.001742784197531726,0.02304254127061766,0.014167356508078733,7.0900104204804695,0.024003549479122088,0.039811490696680114,0,0.009911357240928427,0,0,0.0981879665561023,0.04858635035697405,0.07000101389029707,0.027897397323682883,0.03988873559556166,0.01,0.007942550694646196,0.03000054074514681,0.020000365003467534,0,0,0.030000579374275783,0.17000405556118828,0,0,0,0,0,0,0,20.432334733378706,0,0,0,0,0,0.0011074646470953299,0.4200004649784076,0.008762390507889992,0.5677388196202867,0.10999910751231226,0.009999999999999998,0.07658329768961175,0.15,0.030000221911546058,0.43055331660970947,0.030000167931752537,0.02999914799352475,0.06999934781190895,0.030000083428580966,0.15207728049234576,0.02340984250778248,0.07961783699765192,0.019999999999999997,0.16999950413534026,0.030000000000000002,0.016123652745420686,6.840069225287589,4.109943915249711,0.10382846049315572,0,299.5697236460714,1.6000000233974145,0.3622587590441644,0.3000053053212372,0.18000686106346483,0.3200091934649787,0.2800035397185924,0.07000033692343977,0.45000553036168567,0.26000052898857384,0.1758104952601965,0.12999812365546043
JPN,1.4494227923835024e-5,0,0.01,0.08193138137721201,0.01,0.029999270019709465,0.002093924882367681,0.0016493204491296487,0.020226903283318227,0.01,0.05000011676268451,0.36999890643795597,0.03000038236531182,0.19785703363216736,0,0.009911357240928427,0,0,0.3799959206020333,0.47000196708412556,0.4200152636294256,0.08871922374040693,0.0983441581788633,0.3699972452874739,0.02,0.030604791424696416,0.020000365003467534,0,0,0.029999324095978372,0.19999513334631108,0,0,0,0,0,0,0,0.1799974535268653,0,0,0,0,0,0.0011074646470953299,0.8800011324988233,0.02999943815739281,1.1433362334533814,1.4799974076714408,0.02000024783454566,0.11000140548137737,0.6199908193711269,0.1000016435474328,0.43055331660970947,0.03000062795662913,0.029999602401494973,0.055761674689375415,0.08000048666536888,0.1508743827354073,0.0700000718457902,0.22000061787512745,0.18000055934668308,0.48000084569405815,0.26546527098551803,0.23567895659146182,6.839981338931654,4.07102192918144,0.3299910474485228,0,299.5697236460714,2.3363801652267315,0.24023001959716161,0.25,0.13999882684185827,0.15000089528720814,0.15000522787736562,0.8699894910674073,0.3499955908844686,0.26000069833215006,0.14999649048922578,0.13000036869077905
KAZ,1.4494227923835024e-5,0,0.009999801630596498,0.11000383817561595,0.009999999999999998,0.0011694880530215964,0.0020938390703793028,0.0016493204491296487,0.001742784197531726,0.02304254127061766,0.014167356508078733,0.9597938674221256,0.024003549479122088,0.039811490696680114,0,0.009911357240928427,0,0,0.0981879665561023,0.04858635035697405,0.06999999999999999,0.03142714043914047,0.016937852764969376,0.01,0.007942550694646196,0.02999915511997296,0.020000365003467534,0,0,0.027536783427960485,0.16999481938491973,0,0,0,0,0,0,0,20.432334733378706,0,0,0,0,0,0.0011074646470953299,0.419999912652694,0.008762390507889992,1.6368106959438102,0.10999813351583401,0.01,0.07658329768961175,0.14999563928135357,0.030001025746230384,0.43055331660970947,0.02999974933144056,0.02999914799352475,0.07000026740112843,0.030000165490762856,0.3359923085619932,0.02340984250778248,0.07961783699765192,0.020000000000000004,0.17000032243849486,7.66452324174206e-5,0.758374913751269,6.840052503281456,4.110032247776322,0.10382846049315572,0,299.5697236460714,1.602047133748558,0.32442127854407204,0.3,0.18000192104504847,0.31998821623214024,0.27999655013799446,0.06999908750798431,0.45000553036168567,0.2599978840457046,0.1758104952601965,0.12999812365546043
KEN,3.0826663425833576e-4,0,0.007422295423679569,0.3471071999175125,0.00997772807819678,0.0011694880530215964,0.0024014962593516213,0.0024151606744171293,0.001742784197531726,0.012499895947502048,0.011291847544300194,1.3515284727743224,0.024584167020352068,0.039811490696680114,0,0.009911357240928427,0,0,0.0981879665561023,0.14916788234243353,0.012499918526967574,0.019204976163044393,0.008674077451740621,0.009999999999999998,0.007942550694646196,0.030604791424696416,0.020000365003467534,0,0,0.025,0.21971129500955408,0,0,0,0,0,0,0,57.19982073064376,0,0,0,0,0,0.0011074646470953299,0.5197017244057791,0.008762390507889992,0.858032632553091,0.060000000000000005,0.00749994876524234,0.01,0.15000180864532464,0.03999952944498035,0.43001786777843953,0.02,0.051163542340012934,0.019999999999999997,0.04166703166746966,1.1187982942804515,0.1600018898791068,0.07961783699765192,0.10373511605358637,0.18999245425391434,0.01015875540006891,8.416380691719153,6.959958574191299,3.3300212916962386,0.10382846049315572,0,299.5697236460714,1.600021949654401,0.33055049802831776,0.07000019513337366,0.06999927960810681,0.1899996906801943,0.2700005951082105,0.16000175200385439,0.39006089962843005,0.25406805636953605,0.1758104952601965,0.12999812365546043
KGZ,1.4494227923835024e-5,0,0.01,0.10999988640365327,0.01,0.0011694880530215964,0.0012609603704971761,0.0016493204491296487,0.001742784197531726,0.02304254127061766,0.014167356508078733,0.9597938674221256,0.024003549479122088,0.039811490696680114,0,0.009911357240928427,0,0,0.0981879665561023,0.04858635035697405,0.06999917046868519,0.03142714043914047,0.03228948086712094,0.26682741885412264,0.007942550694646196,0.030604791424696416,0.020000365003467534,0,0,0.027536783427960485,0.1699990875079843,0,0,0,0,0,0,0,20.432334733378706,0,0,0,0,0,0.0011074646470953299,0.41999966049659654,0.008762390507889992,2.034925800695211,0.10999911921433918,0.01,0.07658329768961175,0.14999901881905062,0.02999972970781415,0.43055331660970947,0.03000028118504355,0.029999591035498117,0.06999839563613028,0.030000257645634198,0.23977594527624796,0.02340984250778248,0.07961783699765192,0.02,0.17000222667557338,0.0935773203040145,0.40250464377733836,6.839953957104936,4.10995528789123,0.10382846049315572,0,299.5697236460714,1.6031651987548208,0.32389152110575936,0.2999905687069698,0.17999951973873787,0.3200045156920298,0.27999897614415886,0.0699978100591284,0.39006089962843005,0.26000317393144307,0.1758104952601965,0.12999812365546043
KHM,1.44942279238e-05,0,0.00914076514123,0.13066833901,0.00998515205213,0.0107794153753,0.0012609603705,0.00164932044913,0.00129799513734,0.0186950275137,0.0261116680669,0.739932184244,0.0240035494791,0.0377811540629,0,0.00991135724093,0,0,0.192122391116,0.0695294689003,0.203443548887,0.106680679551,0.0349931544138,0.156666394535,0.011961794054,0.0304031942831,0.0200003650035,0,0,0.0291790494771,0.196571770016,0,0,0,0,0,0,0,13.6815590504,0,0,0,0,0,0.0011074646471,0.630006392771,0.0158415936719,1.45598729753,0.720002695952,0.020124419853,0.332196363827,0.363108742194,0.0533330218182,0.43055331661,0.030000162184,0.0299998428252,0.0557616746894,0.0466671208891,0.0958176539702,0.0389393783606,0.126411966665,0.0733322443278,0.433334919436,0.13010370363,46.2115496092,6.83844086561,4.08402191949,0.179217577488,0,299.569723646,1.85042412051,0.335146762334,0.283331743102,0.156851220076,0.290004164612,0.236667030545,0.372720332015,0.410045792669,0.258025061803,0.217208213518,0.129998123655
KIR,1.44942279238e-05,0,0.00914076514123,0.13066833901,0.00998515205213,0.0107794153753,0.0012609603705,0.00164932044913,0.00129799513734,0.0186950275137,0.0261116680669,0.739932184244,0.0240035494791,0.0377811540629,0,0.00991135724093,0,0,0.192122391116,0.0695294689003,0.203443548887,0.106680679551,0.0349931544138,0.156666394535,0.011961794054,0.0304031942831,0.0200003650035,0,0,0.0291790494771,0.196571770016,0,0,0,0,0,0,0,13.6815590504,0,0,0,0,0,0.0011074646471,0.630006392771,0.0158415936719,1.45598729753,0.720002695952,0.020124419853,0.332196363827,0.363108742194,0.0533330218182,0.43055331661,0.030000162184,0.0299998428252,0.0557616746894,0.0466671208891,0.0958176539702,0.0389393783606,0.126411966665,0.0733322443278,0.433334919436,0.13010370363,46.2115496092,6.83844086561,4.08402191949,0.179217577488,0,299.569723646,1.85042412051,0.335146762334,0.283331743102,0.156851220076,0.290004164612,0.236667030545,0.372720332015,0.410045792669,0.258025061803,0.217208213518,0.129998123655
KOR,1.4494227923835024e-5,0,0.01,0.0819335914183877,0.01,0.0011694880530215964,0.0020938948041195186,0.0016493204491296487,0.008052223257691326,0.01,0.05000160351490467,0.3699939414172138,0.024003549479122088,1.8446437637502117e-4,0,0.009911357240928427,0,0,0.379990266850515,0.46999079569619445,0.4200085168511985,0.0066050078065210335,0.15118767200092278,0.36999930165972206,0.02,0.029999324073135287,0.020000365003467534,0,0,0.030000618658747834,0.19999999999999998,0,0,0,0,0,0,0,0.17999491288312347,0,0,0,0,0,0.0011074646470953299,0.8799973851570306,0.03000021465522793,1.1657303260921086,1.4800004609516346,0.02,0.11000000000000001,0.6200082419199748,0.09999584320571976,0.43055331660970947,0.029999220090469503,0.030000000000000002,0.055761674689375415,0.07999869058530837,0.1223631115998557,0.07000066092397171,0.22000142587245572,0.17999929504434728,0.48000084406883375,0.19732330649329893,0.25938060943961094,6.8400054614964505,2.9699578848853534,0.3299907768990757,0,299.5697236460714,2.352059751916526,0.24130392770959752,0.24998863205759758,0.13999971735310604,0.1499998078748266,0.15,0.8700038309283615,0.349996117577023,0.2600001070818587,0.14999771876996074,0.13000079121501476
KWT,1.4494227923835024e-5,0,0.009999999999999998,0.10999889745776972,0.00997772807819678,0.0011694880530215964,0.0012609603704971761,0.0016493204491296487,0.001742784197531726,0.02304254127061766,0.014167356508078733,7.0899903517522205,0.024003549479122088,0.039811490696680114,0,0.009911357240928427,0,0,0.0981879665561023,0.04858635035697405,0.06999954375399214,0.02448222972551442,0.02279397871436037,0.26682741885412264,0.007942550694646196,0.030000000000000002,0.020000365003467534,0,0,0.03,0.16999979378466995,0,0,0,0,0,0,0,20.432334733378706,0,0,0,0,0,0.0011074646470953299,0.4200002278016759,0.008762390507889992,0.6185631223129181,0.1100003595958143,0.01,0.07658329768961175,0.15000109020343197,0.02999992688294691,0.43055331660970947,0.02999994684724429,0.03000058028201706,0.07000020653902556,0.029999584838294516,0.17683694971578798,0.02340984250778248,0.07961783699765192,0.10373511605358637,0.16999970023136687,0.0935773203040145,7.543477782872558,6.839965214938774,4.10995528789123,0.10382846049315572,0,299.5697236460714,1.6000020892528832,0.34029538148381294,0.29999532316902067,0.17999275099673798,0.3199995195022043,0.28000122074037903,0.06999907595638515,0.4499936189220232,0.26000339097999325,0.1758104952601965,0.12999812365546043
LAO,1.4494227923835024e-5,0,0.007422295423679569,0.1100008528472916,0.00997772807819678,0.0011694880530215964,0.0012609603704971761,0.0016493204491296487,0.001742784197531726,0.02304254127061766,0.014167356508078733,0.6300006119115646,0.024003549479122088,0.039811490696680114,0,0.009911357240928427,0,0,0.0981879665561023,0.0800020563438207,0.12034469879931313,0.1700039261876718,0.08057009140042903,0.05000192108195336,0.007942550694646196,0.030604791424696416,0.020000365003467534,0,0,0.030000000000000002,0.21971129500955408,0,0,0,0,0,0,0,20.432334733378706,0,0,0,0,0,0.0011074646470953299,0.5900234050181206,0.008762390507889992,0.5108570392979387,0.34000178999901975,0.014999829217474468,0.4600065589899155,0.31932780931604626,0.02999918854364753,0.43055331660970947,0.030000000000000002,0.030000000000000002,0.055761674689375415,0.030000876001927204,0.08968738414478228,0.02340984250778248,0.07961783699765192,0.019999735663023224,0.41000421737558745,0.0935773203040145,7.543477782872558,6.835232269981125,4.07102192918144,0.10382846049315572,0,299.5697236460714,1.6015028778288882,0.32024670353041257,0.2999994734264666,0.15055409782611082,0.3600107231971625,0.2799969772538351,0.47908258374507223,0.39006089962843005,0.26000317393144307,0.1758104952601965,0.12999812365546043
LBN,1.4494227923835024e-5,0,0.01,0.10999732929760528,0.00997772807819678,0.0011694880530215964,0.0012609603704971761,0.0016493204491296487,0.001742784197531726,0.01,0.014167356508078733,7.090117492693982,0.024003549479122088,0.030097477657775786,0,0.009911357240928427,0,0,0.0981879665561023,0.04858635035697405,0.06999794365617931,0.025609936399703676,0.016125249445194126,0.01,0.007942550694646196,0.030604791424696416,0.020000365003467534,0,0,0.02999955667863634,0.17000096779991428,0,0,0,0,0,0,0,20.432334733378706,0,0,0,0,0,0.0011074646470953299,0.41999983550512265,0.008762390507889992,0.6380086197440709,0.11000196906007345,0.009999946715262348,0.07658329768961175,0.31932780931604626,0.030000117348395652,0.43055331660970947,0.029998885983013895,0.030001011582621008,0.07,0.030000203911013237,0.19181089033178272,0.02340984250778248,0.07961783699765192,0.019999999999999997,0.17000060070883644,0.0935773203040145,0.014664859888724435,6.839970938055003,4.1100972029359255,0.10382846049315572,0,299.5697236460714,1.600002074689011,0.37406099541591625,0.3000096095326564,0.17999823060298523,0.31999198517256927,0.2799975008590797,0.06999952131351571,0.4500055303616856,0.2599939545076702,0.1758104952601965,0.12999812365546043
LBR,0.000308262023349,0,0.00742229542368,0.395618884571,0.0099811545277,0.00116948805302,0.00231377563221,0.00241518411131,0.00174278419753,0.0133110526288,0.0112917182846,1.26112849318,0.0243601926104,0.0333308696821,0,0.00991135724093,0,0,0.0981879665561,0.110481107323,0.0373872983002,0.0270959143048,0.0428499449353,0.108779776482,0.00794255069465,0.0306047914247,0.0200003650035,0,0,0.0259756026841,0.208239443662,0,0,0,0,0,0,0,57.200111699,0,0,0,0,0,0.0011074646471,0.519703332015,0.00876239050789,0.608618869791,0.0915187279219,0.0145379989106,0.0304871685199,0.25420183198,0.0437021259114,0.430298389381,0.020676987846,0.0513698998074,0.0392562734319,0.0426257686185,0.904045013551,0.160000420489,0.0796178369977,0.103735116054,0.189999806188,0.155780991221,10.4100543806,6.89285464477,3.95702643052,0.103828460493,0,299.569723646,1.60124326782,0.337126941001,0.0699993953572,0.107178771631,0.189999676263,0.266353496223,0.331814866286,0.408504116197,0.254981151379,0.173824721589,0.129998123655
LCA,1.4494227923835024e-5,0,0.007422295423679569,0.11000051363706403,0.00997772807819678,0.0011694880530215964,0.0012609603704971761,0.0016493204491296487,0.001742784197531726,0.010000276327060709,0.014167356508078733,7.09007828396041,0.06999953530878732,0.01645246933445094,0,0.009911357240928427,0,0,0.0981879665561023,0.04858635035697405,0.06999967264632709,0.01999959630255636,0.08057009140042903,0.009999999999999998,0.007942550694646196,0.03,0.020000365003467534,0,0,0.027536783427960485,0.16999726252395292,0,0,0,0,0,0,0,20.432334733378706,0,0,0,0,0,0.0011074646470953299,0.41999160016799664,0.008762390507889992,1.5629963271947327,0.10999923497614432,0.01,0.07658329768961175,0.15000316515794138,0.030000802412902802,0.5600032890802537,0.030000259838120852,0.03,0.07000027818733134,0.030000523752160477,0.19859244820577102,0.02340984250778248,0.07961783699765192,0.019999915020543785,0.17000011586929284,0.0935773203040145,0.7743019571123232,6.835232269981125,4.11011071906558,0.10382846049315572,0,299.5697236460714,1.600004872673162,0.37588491480021097,0.2999929263634435,0.1800012314512653,0.32,0.280001951981261,0.06999952131351571,0.45000553036168567,0.2599955918007494,0.1758104952601965,0.12999812365546043
LKA,1.4494227923835024e-5,0,0.007422295423679569,0.11000042773429146,0.00997772807819678,0.0011694880530215964,2.0621577851469115e-4,0.0016493204491296487,0.001742784197531726,0.01,0.014167356508078733,7.09003112266179,0.024003549479122088,0.039811490696680114,0,0.009911357240928427,0,0,0.0981879665561023,0.04858635035697405,0.06999954375399214,0.0217389335151209,5.815514666694809e-5,0.26682741885412264,0.007942550694646196,0.030604791424696416,0.020000365003467534,0,0,0.029999151175621765,0.20000365003467532,0,0,0,0,0,0,0,20.432334733378706,0,0,0,0,0,0.0011074646470953299,0.42000091768376624,0.008762390507889992,0.9778450372237052,0.10999878802569388,0.009999999999999998,0.07658329768961175,0.31932780931604626,0.08812910388527768,0.5600004477979535,0.03,0.0299996575694278,0.055761674689375415,0.029999999999999995,0.31992304302355506,0.02340984250778248,0.07961783699765192,0.020000573624734695,0.40999964987220333,0.0935773203040145,7.543477782872558,6.84014292372223,4.07102192918144,0.10382846049315572,0,299.5697236460714,1.600325430283895,0.4772885482383728,0.29998955286251566,0.1800032745729411,0.35999974276775465,0.2750018539117538,0.15999860953396214,0.45000553036168567,0.26000317393144307,0.30001013890297074,0.12999812365546043
LSO,0.000308260504662,0,0.00742229542368,0.423553705533,0.00998090978131,0.00116948805302,0.00215710557786,0.00225106805644,0.00174278419753,0.0140060525769,0.0112916966596,1.35152900001,0.0243763784381,0.0320992703959,0,0.00991135724093,0,0,0.0981879665561,0.134798053827,0.043312730379,0.0273671877304,0.0312045512332,0.0650344468973,0.00794255069465,0.0304751610756,0.0200003650035,0,0,0.0260871146138,0.198406707764,0,0,0,0,0,0,0,57.1999734072,0,0,0,0,0,0.0011074646471,0.519702820153,0.00876239050789,1.20450442046,0.0600000721777,0.0173028185054,0.0195119089339,0.198379964263,0.043437816643,0.430277801998,0.0199998873438,0.0511663817057,0.0302176148322,0.0416667363085,0.621542281639,0.16000108867,0.0796178369977,0.103735116054,0.189999113398,0.101968711912,8.82125815988,6.90652070188,3.43588361164,0.103828460493,0,299.569723646,1.60135429179,0.344696913623,0.0700003212361,0.0757538705974,0.190000010118,0.270000721067,0.205582947133,0.420030840582,0.256610470308,0.17581049526,0.129998123655
LTU,1.4494227923835024e-5,0,0.009999816213633272,0.1099982888964938,0.010000104584459794,0.0011694880530215964,0.0012609603704971761,0.0016493204491296487,0.001742784197531726,0.02304254127061766,0.014167356508078733,0.9597938674221256,0.024003549479122088,0.039811490696680114,0,0.009911357240928427,0,0,0.0981879665561023,0.04858635035697405,0.07000083111702127,0.03142714043914047,0.030911460725616523,0.009999999999999998,0.007942550694646196,0.030604791424696416,0.020000365003467534,0,0,0.027536783427960485,0.16999756671262875,0,0,0,0,0,0,0,20.432334733378706,0,0,0,0,0,0.0011074646470953299,0.41999986892208074,0.008762390507889992,2.3736012875448544,0.11000072242155706,0.01,0.07658329768961175,0.15000196240040817,0.02999949380757939,0.5600077454334216,0.030000271274719905,0.030000761382670934,0.06999817684594348,0.030000152084315543,0.15126475795904473,0.02340984250778248,0.07961783699765192,0.0199998482176963,0.17000022177156052,0.057329238519238636,0.01357538009495865,6.839968260399784,4.109994612957486,0.10382846049315572,0,299.5697236460714,1.6240956595508744,0.32075309166692517,0.3000019649067652,0.1800064238846148,0.31999929095195606,0.2799968261525034,0.0699995290349927,0.45000000000000007,0.25999735506251204,0.15000076042157773,0.12999812365546043
LUX,1.4494227923835024e-5,0,0.01,0.11000094195663232,0.01,0.0011694880530215964,0.0012609603704971761,0.0016493204491296487,0.001742784197531726,0.02304254127061766,0.014167356508078733,7.089727637218306,0.024003549479122088,0.039811490696680114,0,0.009911357240928427,0,0,0.0981879665561023,0.04858635035697405,0.12034469879931313,0.03142714043914047,0.08057009140042903,0.01,0.007942550694646196,0.030604791424696416,0.020000365003467534,0,0,0.027536783427960485,0.16999737203258677,0,0,0,0,0,0,0,20.432334733378706,0,0,0,0,0,0.0011074646470953299,0.419999795705039,0.008762390507889992,1.1950705373196353,0.10999981509864488,0.009999999999999998,0.07658329768961175,0.15,0.02999985186721377,0.5600261694471703,0.03000017191179987,0.030000125120428413,0.0699977079990832,0.030001228048630726,0.13163759837825892,0.02340984250778248,0.07961783699765192,0.01999951457488896,0.16999959514266458,0.0036859393360200265,7.754440697999986,6.839966893507448,4.11000100196098,0.10382846049315572,0,299.5697236460714,1.636601158695899,0.3311073207185519,0.3000057743388382,0.17999496020040615,0.31999861497443477,0.2799906034662769,0.07000026740112844,0.4499879778792979,0.2600052659294365,0.150000675922296,0.12999812365546043
LVA,1.4494227923835024e-5,0,0.01000005426161696,0.10999962896822515,0.010000072660865101,0.0011694880530215964,0.0012609603704971761,0.0016493204491296487,0.001742784197531726,0.02304254127061766,0.014167356508078733,0.9597938674221256,0.024003549479122088,0.039811490696680114,0,0.009911357240928427,0,0,0.0981879665561023,0.04858635035697405,0.12034469879931313,0.03142714043914047,0.013012241241609282,0.01,0.007942550694646196,0.030604791424696416,0.020000365003467534,0,0,0.03,0.17000274736057144,0,0,0,0,0,0,0,20.432334733378706,0,0,0,0,0,0.0011074646470953299,0.41999974899913406,0.008762390507889992,2.2966923485500743,0.10999798923121606,0.010000000000000002,0.07658329768961175,0.15000126604714759,0.03000007425944766,0.5599973260244668,0.030000207445208538,0.029999427459063324,0.07,0.03,0.15297764010778608,0.02340984250778248,0.07961783699765192,0.01999994589857064,0.17000088519075862,0.0935773203040145,8.820243010331462,6.839993774076812,4.109996031071044,0.10382846049315572,0,299.5697236460714,1.6004908836422902,0.32932937012001773,0.3000035294532877,0.17999782318848467,0.3199998122480016,0.2799932788170718,0.06999875745526839,0.4500005530300516,0.25999885004599815,0.1499990875079843,0.12999812365546043
MAR,1.4494227923835024e-5,0,0.010000112857476054,0.11000115667667514,0.01,0.0011694880530215964,0.002093867072826207,8.88947953414198e-4,0.001742784197531726,0.02304254127061766,0.014167356508078733,7.090238731680339,0.024003549479122088,0.039811490696680114,0,0.009911357240928427,0,0,0.0981879665561023,0.04858635035697405,0.07,0.027251768033946255,0.003047695744789914,0.26682741885412264,0.007942550694646196,0.030604791424696416,0.020000365003467534,0,0,0.030001013890297072,0.169998563011927,0,0,0,0,0,0,0,20.432334733378706,0,0,0,0,0,0.0011074646470953299,0.4200004456656445,0.008762390507889992,1.7173340420071856,0.10999968623513538,0.009999999999999998,0.07658329768961175,0.1500059431831689,0.02999980906435168,0.43055331660970947,0.030000578907758937,0.02999929557621865,0.06999936528086322,0.030000127801515723,0.31237134955581874,0.02340984250778248,0.07961783699765192,0.02,0.16999903106850345,0.07053193222343382,7.543477782872558,6.840065614107032,4.1100465370928,0.10382846049315572,0,299.5697236460714,1.6000000006298591,0.3337312479814662,0.3,0.18,0.32000064526016087,0.27999927203901875,0.0700001292039743,0.4499936189220232,0.26000317393144307,0.1758104952601965,0.12999812365546043
MDA,1.4494227923835024e-5,0,0.009999999999999998,0.10999998611093749,0.009999999999999998,0.0011694880530215964,0.0012609603704971761,0.0016493204491296487,0.001742784197531726,0.02304254127061766,0.014167356508078733,0.9597938674221256,0.024003549479122088,0.039811490696680114,0,0.009911357240928427,0,0,0.0981879665561023,0.04858635035697405,0.07000178922884236,0.03142714043914047,0.010745255468923048,0.26682741885412264,0.007942550694646196,0.030604791424696416,0.020000365003467534,0,0,0.0299990875079843,0.17000265463233344,0,0,0,0,0,0,0,20.432334733378706,0,0,0,0,0,0.0011074646470953299,0.4199998688683668,0.008762390507889992,1.1475434892253458,0.1100004626274153,0.01,0.07658329768961175,0.15000196240040817,0.029999999999999995,0.43055331660970947,0.03,0.030000255604120334,0.06999979945049435,0.030000030123839103,0.3181486756495921,0.02340984250778248,0.07961783699765192,0.02000005895287896,0.16999878519707418,0.0935773203040145,0.7397240444166842,6.839947313316897,4.109889040295893,0.10382846049315572,0,299.5697236460714,1.6003194153225961,0.33702837314134015,0.2999982167376999,0.18000247877548492,0.32,0.27999911343587924,0.07000032444357926,0.45000553036168567,0.26000052898857384,0.1758104952601965,0.12999812365546043
MDG,3.082597827183034e-4,0,0.007422295423679569,0.3471068402924516,0.01,0.0011694880530215964,0.0012609603704971761,0.002415156512496471,0.001742784197531726,0.012499939935487281,0.011291779584462513,1.3515275096579709,0.024003549479122088,0.018750245875197684,0,0.009911357240928427,0,0,0.0981879665561023,0.14916369970031507,0.012499999999999999,0.05015898495522044,0.005427948488024258,0.01,0.007942550694646196,0.030604791424696416,0.020000365003467534,0,0,0.027536783427960485,0.21971129500955408,0,0,0,0,0,0,0,57.20010037526662,0,0,0,0,0,0.0011074646470953299,0.5196991460964789,0.008762390507889992,1.3664909796220575,0.060000000000000005,0.007499943616229504,0.01,0.1500015781333838,0.039999494955871774,0.43055331660970947,0.02,0.05116753374699691,0.055761674689375415,0.04166607960549489,1.481488930275928,0.160002353099368,0.07961783699765192,0.10373511605358637,0.18999263660804494,0.009083683444967705,4.740086172454622,6.835232269981125,4.07102192918144,0.10382846049315572,0,299.5697236460714,1.6130030992448123,0.33010770623826363,0.07000107446008381,0.07000147775971627,0.18999871117412037,0.2699965749514785,0.1600049415437832,0.45000553036168567,0.25406805636953605,0.14999543753992153,0.12999812365546043
MDV,1.4494227923835024e-5,0,0.01,0.11000202778059413,0.00997772807819678,0.0011694880530215964,2.062270699058007e-4,0.0016493204491296487,0.001742784197531726,0.01,0.014167356508078733,7.089927264712365,0.06999939368216819,0.010458589976760697,0,0.009911357240928427,0,0,0.0981879665561023,0.04858635035697405,0.06999908750798431,0.02168529240867972,0.016146965718521943,0.01,0.007942550694646196,0.03,0.020000365003467534,0,0,0.0299990875079843,0.16999405822935237,0,0,0,0,0,0,0,20.432334733378706,0,0,0,0,0,0.0011074646470953299,0.42000101412776564,0.008762390507889992,1.8680930307138381,0.11000097281426323,0.01,0.07658329768961175,0.15,0.03000007292988521,0.43055331660970947,0.030000034485969385,0.0300001050939014,0.06999959071747228,0.02999957268609521,0.16442798710621598,0.02340984250778248,0.07961783699765192,0.02,0.16999777332442664,0.002821868830631353,7.543477782872558,6.835232269981125,4.07102192918144,0.10382846049315572,0,299.5697236460714,1.6003085071192218,0.6526539464172271,0.30000000000000004,0.1800004573937703,0.32000021769833,0.27999959308792016,0.07000130941469163,0.44999930871434696,0.2599962659862464,0.1758104952601965,0.12999812365546043
MEX,1.4494227923835024e-5,0,0.007422295423679569,0.17200310797109866,0.00997772807819678,0.0011694880530215964,0.0012609603704971761,0.0016493204491296487,0.001742784197531726,0.11000065179133986,0.014167356508078733,0.8600070972320795,0.024003549479122088,0.04596602252608581,0,0.03000014038437241,0,0,0.0981879665561023,0.04858635035697405,0.12034469879931313,0.024536779781485656,0.0746510324295795,0.019999999999999997,0.007942550694646196,0.049998648191956735,0.020000365003467534,0,0,0.009999999999999998,0.8700022461814916,0,0,0,0,0,0,0,94,0,0,0,0,0,0.020000561537489647,0.8599984508062644,0.008762390507889992,1.158821003416884,0.12000079562934282,0.09000216970727032,0.02999895172702972,0.31932780931604626,0.35999893322360776,0.43055331660970947,0.010000058555208777,0.11000036037334679,0.049999999999999996,0.030000630132958055,0.6957198122557525,0.02340984250778248,0.07961783699765192,0.019999916867915586,0.2,0.012592296331873178,0.2981338995598425,6.709742776603242,2.400048667721134,0.10382846049315572,0,299.5697236460714,1.561657911415457,0.30592517279693016,0.01299986526542711,0.1,0.266728853019839,0.30000000000000004,0.47908258374507223,0.4500008379279717,0.05099949885851105,0.7399854001277488,0.12999812365546043
MKD,1.4494227923835024e-5,0,0.007422295423679569,0.10999920169940672,0.01,0.0011694880530215964,0.0012609603704971761,0.0016493204491296487,0.001742784197531726,0.02304254127061766,0.014167356508078733,0.9597938674221256,0.024003549479122088,0.039811490696680114,0,0.009911357240928427,0,0,0.0981879665561023,0.04858635035697405,0.06999837053935148,0.029165453999882678,0.016871650228959693,0.01,0.007942550694646196,0.030604791424696416,0.020000365003467534,0,0,0.03000014038437241,0.1700035426350764,0,0,0,0,0,0,0,20.432334733378706,0,0,0,0,0,0.0011074646470953299,0.41999989769948054,0.008762390507889992,0.5060015377387486,0.10999889349056306,0.01,0.07658329768961175,0.14999563928135357,0.029999857421902844,0.5599999999999999,0.029999227023266597,0.03,0.07000026740112843,0.03000066551208059,0.20874806602614435,0.02340984250778248,0.07961783699765192,0.020000129191455277,0.16999983037334826,0.0935773203040145,10.842417401618487,6.839990492345258,4.110010706638116,0.10382846049315572,0,300.00365003467533,1.599998847765609,0.33954284496931425,0.29999406422508457,0.17999599786552825,0.32000700361853623,0.27999842878466497,0.07000194666147556,0.4499993087143469,0.26000052898857384,0.1758104952601965,0.12999812365546043
MLI,3.08260548556348e-4,0,0.007422295423679569,0.5000005174371133,0.00997772807819678,0.0011694880530215964,0.0024015164189730353,0.0024151872824503887,0.001742784197531726,0.01249987585042459,0.011291827457771342,1.351528390278751,0.024583095671800156,0.039811490696680114,0,0.009911357240928427,0,0,0.0981879665561023,0.04858635035697405,0.012500260715403068,0.026922204427824097,0.011229155791541264,0.01,0.007942550694646196,0.030604791424696416,0.020000365003467534,0,0,0.025000456246007847,0.21971129500955408,0,0,0,0,0,0,0,57.20019971764058,0,0,0,0,0,0.0011074646470953299,0.5197020245875418,0.008762390507889992,0.42391953989857645,0.06000123758547075,0.007500074006098103,0.07658329768961175,0.31932780931604626,0.03999991272968456,0.43055331660970947,0.02,0.05116695161226194,0.055761674689375415,0.04166703166746966,1.3136792063845029,0.1599990086802436,0.07961783699765192,0.10373511605358637,0.1900013699434409,0.0935773203040145,18.180012294503985,6.835232269981125,4.07102192918144,0.10382846049315572,0,299.5697236460714,1.60003662109375,0.3405602193062321,0.07000047355211442,0.15055409782611082,0.18999852702901754,0.26999927865541373,0.16000175200385439,0.39006089962843005,0.25406805636953605,0.1758104952601965,0.12999812365546043
MLT,1.4494227923835024e-5,0,0.01,0.1099982806756126,0.01,0.0011694880530215964,0.0012609603704971761,0.0016493204491296487,0.001742784197531726,0.02304254127061766,0.014167356508078733,7.090069284064665,0.024003549479122088,0.039811490696680114,0,0.009911357240928427,0,0,0.0981879665561023,0.04858635035697405,0.07,0.029229086945296683,0.008077625865354123,0.009999999999999998,0.007942550694646196,0.02999932407313529,0.020000365003467534,0,0,0.030000152084315546,0.17000013468557654,0,0,0,0,0,0,0,20.432334733378706,0,0,0,0,0,0.0011074646470953299,0.4199998264857877,0.008762390507889992,0.8429641700996642,0.10999997969093667,0.01,0.07658329768961175,0.1499997362410124,0.02999981749993156,0.43055331660970947,0.030000094461709946,0.03,0.07000191003724573,0.030000000000000002,0.13050388608100583,0.02340984250778248,0.07961783699765192,0.019999551192533226,0.1699996610131188,0.0062329959141911775,0.5228590003652661,6.835232269981125,4.110054197544519,0.10382846049315572,0,299.5697236460714,1.6009854123301062,0.35350762122797724,0.30000308670555914,0.1800003896660562,0.3200021165327666,0.2799982656202576,0.06999916093304245,0.4499969614099058,0.2600002377471084,0.15000101389029707,0.12999812365546043
MMR,1.44942279238e-05,0,0.00914076514123,0.13066833901,0.00998515205213,0.0107794153753,0.0012609603705,0.00164932044913,0.00129799513734,0.0186950275137,0.0261116680669,0.739932184244,0.0240035494791,0.0377811540629,0,0.00991135724093,0,0,0.192122391116,0.0695294689003,0.203443548887,0.106680679551,0.0349931544138,0.156666394535,0.011961794054,0.0304031942831,0.0200003650035,0,0,0.0291790494771,0.196571770016,0,0,0,0,0,0,0,13.6815590504,0,0,0,0,0,0.0011074646471,0.630006392771,0.0158415936719,1.45598729753,0.720002695952,0.020124419853,0.332196363827,0.363108742194,0.0533330218182,0.43055331661,0.030000162184,0.0299998428252,0.0557616746894,0.0466671208891,0.0958176539702,0.0389393783606,0.126411966665,0.0733322443278,0.433334919436,0.13010370363,46.2115496092,6.83844086561,4.08402191949,0.179217577488,0,299.569723646,1.85042412051,0.335146762334,0.283331743102,0.156851220076,0.290004164612,0.236667030545,0.372720332015,0.410045792669,0.258025061803,0.217208213518,0.129998123655
MNE,1.4494227923835024e-5,0,0.009999999999999998,0.10999872519440784,0.01,0.0011694880530215964,0.0012609603704971761,0.0016493204491296487,0.001742784197531726,0.02304254127061766,0.014167356508078733,7.0901348474095105,0.024003549479122088,0.039811490696680114,0,0.009911357240928427,0,0,0.0981879665561023,0.04858635035697405,0.0700010579771477,0.03142714043914047,0.016140319684443117,0.26682741885412264,0.007942550694646196,0.029999887345522547,0.020000365003467534,0,0,0.02999954375399215,0.17000051408595518,0,0,0,0,0,0,0,20.432334733378706,0,0,0,0,0,0.0011074646470953299,0.41999966380527604,0.008762390507889992,0.5755580935909482,0.11000024555975346,0.01,0.07658329768961175,0.14999521393701543,0.030000094973075136,0.43055331660970947,0.030000448437196372,0.02999908248463162,0.06999799451835015,0.03000054018528355,0.1327424946102672,0.02340984250778248,0.07961783699765192,0.02,0.17000104613453287,0.0935773203040145,7.543477782872558,6.839960863792019,4.109939044420922,0.10382846049315572,0,299.5697236460714,1.5999988785950185,0.3310876753434036,0.3000044442469223,0.17999599786552825,0.319996598494834,0.2800014361625736,0.06999955758085209,0.44999308723904324,0.260006373486297,0.1758104952601965,0.12999812365546043
MNG,1.4494227923835024e-5,0,0.01,0.17200310797109866,0.009999999999999998,0.029999270019709465,0.0012609603704971761,0.0016493204491296487,4.0841701696973053e-4,0.01,0.050000291184675145,0.9597938674221256,0.024003549479122088,0.039811490696680114,0,0.009911357240928427,0,0,0.3799912402365136,0.04858635035697405,0.41998686035477045,1.9647114112378305e-4,0.023694563184478972,0.3699972625239529,0.020000280772686434,0.030604791424696416,0.020000365003467534,0,0,0.027536783427960485,0.20000365003467532,0,0,0,0,0,0,0,0.1800076844262295,0,0,0,0,0,0.0011074646470953299,0.8799962400910735,0.03,2.950471551408052,1.4799993143111827,0.03037334153318248,0.07658329768961175,0.6199994393204563,0.09999999999999999,0.43055331660970947,0.0300000928048407,0.029999591035498117,0.055761674689375415,0.07999999999999999,0.10387232603910271,0.06999845006630273,0.22000022600054037,0.17999687125202066,0.48000224536192426,0.26969198343440315,123.54769326187176,6.840034741736066,4.07102192918144,0.32999581147655427,0,299.5697236460714,2.3400225381414703,0.3649464530700052,0.2499957558781088,0.14,0.15000103107665025,0.15,0.47908258374507223,0.39006089962843005,0.25406805636953605,0.1758104952601965,0.12999812365546043
MOZ,3.082731403624589e-4,0,0.007422295423679569,0.347106867268705,0.00997772807819678,0.0011694880530215964,0.0024015274467781827,0.0024151888691359476,0.001742784197531726,0.01249997434197427,0.0112917706353285,1.3515268693262585,0.024003549479122088,0.039811490696680114,0,0.009911357240928427,0,0,0.0981879665561023,0.14916875,0.12034469879931313,0.02163924972436797,8.366846638671022e-4,0.01,0.007942550694646196,0.030604791424696416,0.020000365003467534,0,0,0.027536783427960485,0.21971129500955408,0,0,0,0,0,0,0,57.20013644891693,0,0,0,0,0,0.0011074646470953299,0.5197038385268326,0.008762390507889992,0.47714714211293907,0.05999999999999999,0.007500102471615362,0.009999999999999998,0.31932780931604626,0.04000010220664139,0.43055331660970947,0.019999594452104794,0.05116749801200029,0.055761674689375415,0.04166703166746966,0.06152098533559643,0.15999772131707873,0.07961783699765192,0.10373511605358637,0.18999835607430543,0.0935773203040145,3.0935831895370023,6.835232269981125,4.07102192918144,0.10382846049315572,0,299.5697236460714,1.5999999999999999,0.32943641777875815,0.06999971225505712,0.06999967982582525,0.19000441891294742,0.2700009371778451,0.16000097333073782,0.4499993087143469,0.25406805636953605,0.1758104952601965,0.12999812365546043
MRT,3.082595594152988e-4,0,0.007422295423679569,0.5,0.00997772807819678,0.0011694880530215964,0.002401531775132013,0.002415173086651731,0.001742784197531726,0.02304254127061766,0.011291869171154604,1.3515064562410328,0.024583824569676963,0.039811490696680114,0,0.009911357240928427,0,0,0.0981879665561023,0.1491624722470852,0.012499692761459995,0.022517926523999865,0.08057009140042903,0.26682741885412264,0.007942550694646196,0.030604791424696416,0.020000365003467534,0,0,0.027536783427960485,0.21971129500955408,0,0,0,0,0,0,0,57.20004027588984,0,0,0,0,0,0.0011074646470953299,0.5197024479403619,0.008762390507889992,4.701137952579075,0.05999728433058749,0.03037334153318248,0.01,0.15000109020343197,0.03999917348541202,0.43055331660970947,0.02,0.05116747181964573,0.019999736983995476,0.04166879585356061,0.022576552428614872,0.16000176126106294,0.07961783699765192,0.10373511605358637,0.18999463519313306,0.05192211091578745,24.092513840969268,6.9600420609884335,3.329955341806939,0.10382846049315572,0,299.5697236460714,1.6000023898860023,0.36229777869351276,0.07000125754527163,0.07000015746295683,0.18999934010822223,0.2700022040996253,0.1600009733307378,0.45000553036168567,0.25406805636953605,0.1758104952601965,0.12999812365546043
MUS,3.082617030710399e-4,0,0.007422295423679569,0.34710108455006583,0.00997772807819678,0.0011694880530215964,0.0012609603704971761,0.0016493204491296487,0.001742784197531726,0.012499811078364693,0.0112916800073183,1.351538925769463,0.024003549479122088,0.039811490696680114,0,0.009911357240928427,0,0,0.0981879665561023,0.14916961711136256,0.012499574921502173,0.036156649736170346,0.025223795843830617,0.009999999999999998,0.007942550694646196,0.0300001351844592,0.020000365003467534,0,0,0.025,0.17000224618149146,0,0,0,0,0,0,0,57.19888068780922,0,0,0,0,0,0.0011074646470953299,0.5197030300321773,0.008762390507889992,1.1624270211585759,0.059999640559289746,0.007500140226231653,0.01,0.15,0.04000042402527191,0.43055331660970947,0.020000152321184447,0.051166503392474874,0.019999764061910154,0.04166621042065882,0.08564727585540782,0.16000214580762837,0.07961783699765192,0.10373511605358637,0.19000036253557379,0.008480249073831613,12.576167383056317,6.959937196110211,3.330069524913094,0.10382846049315572,0,299.5697236460714,1.600000006970649,0.38356025621100776,0.07000058541154432,0.06999911878745153,0.19000073867973308,0.2700026352004216,0.1599970800788379,0.4500101166790315,0.26000769452726746,0.15,0.12999812365546043
MWI,3.082599774968562e-4,0,0.007422295423679569,0.347106758406491,0.00997772807819678,0.0011694880530215964,0.002401495833306968,0.0024152407539622055,0.001742784197531726,0.012500226675612798,0.011291742938615363,0.9597938674221256,0.024003549479122088,0.039811490696680114,0,0.009911357240928427,0,0,0.0981879665561023,0.14916651433760444,0.012500260715403068,0.02011873375443115,0.08057009140042903,0.010000000000000002,0.007942550694646196,0.030604791424696416,0.020000365003467534,0,0,0.027536783427960485,0.21971129500955408,0,0,0,0,0,0,0,57.200151840334044,0,0,0,0,0,0.0011074646470953299,0.5197047970479705,0.008762390507889992,0.0865724018114962,0.06000229410415233,0.03037334153318248,0.01,0.15000085270392416,0.04000051420050392,0.43000088055960634,0.019999365602994354,0.05248529853483587,0.055761674689375415,0.041668379582048644,1.6426567818446536,0.15999825230840928,0.07961783699765192,0.10373511605358637,0.19000039680965045,0.0935773203040145,4.18012387839415,6.835232269981125,4.07102192918144,0.10382846049315572,0,299.5697236460714,1.600030146587783,0.33118464788770446,0.07000036986352036,0.15055409782611082,0.18999649433938917,0.27000275995308076,0.47908258374507223,0.39006089962843005,0.25406805636953605,0.1758104952601965,0.12999812365546043
MYS,1.4494227923835024e-5,0,0.01,0.11000078215130718,0.00997772807819678,0.0011694880530215964,0.0012609603704971761,0.0016493204491296487,0.001742784197531726,0.02304254127061766,0.014167356508078733,0.6300017282101503,0.024003549479122088,0.039811490696680114,0,0.009911357240928427,0,0,0.0981879665561023,0.08,0.06999839563613028,0.016569680430907827,0.005470280710737586,0.049999999999999996,0.007942550694646196,0.030604791424696416,0.020000365003467534,0,0,0.03000036500346753,0.1699990875079843,0,0,0,0,0,0,0,20.432334733378706,0,0,0,0,0,0.0011074646470953299,0.41999832819851446,0.008762390507889992,1.0610476388235728,0.34000234945154983,0.014999921626408765,0.4599932855863922,0.14999920281883258,0.029999887377241186,0.43055331660970947,0.0300003436859169,0.030000000000000002,0.055761674689375415,0.03000066329125119,0.1932634444149929,0.02340984250778248,0.07961783699765192,0.019999733203492367,0.41000054380336065,0.0935773203040145,0.040799696186875824,6.840022130484742,4.109930220075148,0.10382846049315572,0,300.00365003467533,1.6016975520503294,0.41721284179268564,0.2999974623797802,0.1800038871101382,0.3600001272928627,0.2800028640798818,0.1599993787276342,0.45000445990544996,0.25999472660756073,0.30000365003467533,0.12999812365546043
NAM,3.082593445902087e-4,0,0.007422295423679569,0.34710747882406195,0.009999999999999998,0.0011694880530215964,0.0024015355766988573,0.0024151945469350674,0.001742784197531726,0.012500098755678452,0.011291622372346627,1.3514700912470428,0.024003549479122088,0.039811490696680114,0,0.009911357240928427,0,0,0.0981879665561023,0.1491650698056392,0.0124994525147821,0.020001796050659843,0.08057009140042903,0.26682741885412264,0.007942550694646196,0.030604791424696416,0.020000365003467534,0,0,0.027536783427960485,0.17000036500346752,0,0,0,0,0,0,0,20.432334733378706,0,0,0,0,0,0.0011074646470953299,0.5197011459328067,0.008762390507889992,1.9659944508520626,0.0600003479289529,0.0075002097843416965,0.01,0.15000392474947016,0.0399995325355273,0.43055331660970947,0.019999867681986888,0.05116656329023332,0.019999999999999997,0.04166720475237296,0.04923641180230064,0.15999649115704098,0.07961783699765192,0.10373511605358637,0.19000098404116764,0.18242301205960731,19.14857353115103,6.960025944699354,4.07102192918144,0.10382846049315572,0,299.5697236460714,1.6137494449758685,0.33574809563020025,0.07000065802461011,0.0699992436847678,0.1899974765769359,0.26999725333414715,0.16000175200385441,0.45000837942014416,0.26000052898857384,0.1758104952601965,0.12999812365546043
NER,3.0826140567200987e-4,0,0.007422295423679569,0.5000072420735505,0.00997772807819678,0.0011694880530215964,0.002401530337703193,0.0024152167277812493,0.001742784197531726,0.012500185694124638,0.011291636625811102,1.3515240123319454,0.024583037004748905,0.039811490696680114,0,0.009911357240928427,0,0,0.0981879665561023,0.1491650698056392,0.012499797226052396,0.026888872947817652,0.01996598671946138,0.26682741885412264,0.007942550694646196,0.030604791424696416,0.020000365003467534,0,0,0.02499980543687205,0.21971129500955408,0,0,0,0,0,0,0,57.200515726011474,0,0,0,0,0,0.0011074646470953299,0.519702913444562,0.008762390507889992,0.7016022199224267,0.05999906887962941,0.03037334153318248,0.010000000000000002,0.31932780931604626,0.04,0.43055331660970947,0.02,0.051168366434066914,0.02000025068939584,0.04374450417414797,0.6076483657663245,0.15999910901234018,0.07961783699765192,0.10373511605358637,0.1900027662517289,0.0935773203040145,9.532940664009002,6.959955914768553,4.07102192918144,0.10382846049315572,0,299.5697236460714,1.5999896979790869,0.35380627139376325,0.06999770589584767,0.15055409782611082,0.18999381379523664,0.26999852639454086,0.47908258374507223,0.39006089962843005,0.25406805636953605,0.1758104952601965,0.12999812365546043
NGA,3.0825364640162215e-4,0,0.007422295423679569,0.4999994139372749,0.00997772807819678,0.0011694880530215964,0.0024015066422315872,0.0024152143838503132,0.001742784197531726,0.012499860090549396,0.011292056981320327,1.3515258808428399,0.02458346758950341,0.01874877879534578,0,0.009911357240928427,0,0,0.0981879665561023,0.04858635035697405,0.12034469879931313,0.02692254752760194,9.668179400847062e-5,0.01,0.007942550694646196,0.030604791424696416,0.020000365003467534,0,0,0.02500018250173377,0.21971129500955408,0,0,0,0,0,0,0,57.20012393683307,0,0,0,0,0,0.0011074646470953299,0.5197018604378192,0.008762390507889992,0.978951201558982,0.06,0.03037334153318248,0.07658329768961175,0.14999970070693022,0.08812910388527768,0.4300006489802471,0.020000000000000004,0.05116716727852561,0.02,0.041666249530722066,0.7067248228507144,0.16,0.07961783699765192,0.10373511605358637,0.19000157207986165,0.0935773203040145,18.119099202957603,6.960082234024327,4.07102192918144,0.10382846049315572,0,299.5697236460714,1.6000069566812498,0.33039174447155195,0.07000079827572443,0.06999974822498616,0.19000159718894744,0.26999927865541373,0.1600049415437832,0.45000553036168567,0.26000052898857384,0.1758104952601965,0.12999812365546043
NIC,1.4494227923835024e-5,0,0.007422295423679569,0.17200310797109866,0.00997772807819678,0.0011694880530215964,0.0012609603704971761,0.0016493204491296487,0.001742784197531726,0.1100002490101845,0.014167356508078733,0.9597938674221256,0.024003549479122088,0.039811490696680114,0,0.029999554882934213,0,0,0.0981879665561023,0.04858635035697405,0.12034469879931313,0.03142714043914047,0.08057009140042903,0.26682741885412264,0.007942550694646196,0.030604791424696416,0.020000365003467534,0,0,0.01,0.869990510256223,0,0,0,0,0,0,0,93.99987668935582,0,0,0,0,0,0.02,0.8599877450980392,0.008762390507889992,2.1075657294969465,0.11999987756051574,0.03037334153318248,0.029998622652770767,0.31932780931604626,0.36,0.4122084089956698,0.009999850898708038,0.10999782364856947,0.055761674689375415,0.0300001460003212,0.17005913768804076,0.02340984250778248,0.07961783699765192,0.02000075474546209,0.19999938198358547,2.0376744949876383e-4,0.2132576262663938,6.7099660821245575,4.07102192918144,0.10382846049315572,0,299.5697236460714,1.560104128901745,0.30507340210385414,0.012999845667103943,0.1,0.266728853019839,0.30000991866693116,0.47908258374507223,0.39006089962843005,0.05099959870125132,0.7400080300762858,0.12999812365546043
NLD,1.4494227923835024e-5,0,0.01,0.10999912531082706,0.010000140025297904,0.0011694880530215964,0.0012609603704971761,0.0016493204491296487,0.001742784197531726,0.02304254127061766,0.014167356508078733,7.090221687575185,0.024003549479122088,0.039811490696680114,0,0.009911357240928427,0,0,0.0981879665561023,0.04858635035697405,0.07,0.02475009460600239,0.0015166466417407304,0.26682741885412264,0.007942550694646196,0.030604791424696416,0.020000365003467534,0,0,0.030000561545372867,0.17000034762053745,0,0,0,0,0,0,0,20.432334733378706,0,0,0,0,0,0.0011074646470953299,0.42000020267736804,0.008762390507889992,0.9307092861275921,0.11000019562963398,0.01,0.07658329768961175,0.31932780931604626,0.0300000772779611,0.5599893882784692,0.030000154701313415,0.02999978113532403,0.06999839563613026,0.029999866767923045,0.09908893466370368,0.02340984250778248,0.07961783699765192,0.019999560968773058,0.16999786382338464,0.10494483452507362,0.27696638326744766,6.839797136038186,4.110010706638116,0.10382846049315572,0,299.5697236460714,1.5999989411004791,0.3261392487776629,0.29998330179227434,0.1799988199893799,0.32000166398250435,0.2800039674667725,0.07000033181803099,0.45000987556784516,0.26000145211645975,0.1758104952601965,0.12999812365546043
NOR,1.4494227923835024e-5,0,0.010000238874423716,0.17200310797109866,0.009999774691045096,0.0011694880530215964,0.0012609603704971761,0.0016493204491296487,0.001742784197531726,0.02304254127061766,0.014167356508078733,7.090069284064665,0.024003549479122088,0.039811490696680114,0,0.009911357240928427,0,0,0.0981879665561023,0.04858635035697405,0.06999961880074715,0.02987774575983529,0.009907974200186246,0.01,0.007942550694646196,0.030604791424696416,0.020000365003467534,0,0,0.03000052143080613,0.16999368288060643,0,0,0,0,0,0,0,20.432334733378706,0,0,0,0,0,0.0011074646470953299,0.4200011354183893,0.008762390507889992,1.8643153681902762,0.10999972281289475,0.01,0.07658329768961175,0.14999496830029183,0.029999924059476615,0.43055331660970947,0.030000236613586355,0.030001011582621008,0.07,0.030000250859192733,0.10919590809306076,0.02340984250778248,0.07961783699765192,0.02000004877644293,0.17000013396385655,7.878959098471293e-4,0.041392485341070394,6.840014926964495,4.11000709723208,0.10382846049315572,0,299.5697236460714,1.6000052600476455,0.32592901250788675,0.2999922657488689,0.18000017501232382,0.32000169201159023,0.2799963726634852,0.06999984250232309,0.44999723487013105,0.2599940564635958,0.1758104952601965,0.12999812365546043
NPL,1.4494227923835024e-5,0,0.01,0.1700002850290526,0.009999999999999998,0.03000036500346753,2.0622237270281963e-4,0.0016493204491296487,0.024404888255450768,0.009999999999999998,0.050000226687901925,0.9597938674221256,0.024003549479122088,0.009948530726823135,0,0.009911357240928427,0,0,0.3799912402365136,0.4700177286474085,0.420009573958832,0.0512292768443112,0.05278135410561406,0.37000401503814284,0.019999999999999997,0.03,0.020000365003467534,0,0,0.030000486665368895,0.21971129500955408,0,0,0,0,0,0,0,0.17999907595638512,0,0,0,0,0,0.0011074646470953299,0.8800171136722197,0.03000043144361032,0.5020440802965811,1.4799949250322781,0.02,0.07658329768961175,0.6200027067262147,0.1,0.43055331660970947,0.03000040827991671,0.030000357845768474,0.055761674689375415,0.08,0.7243536712556364,0.07000008117739696,0.2200013629548862,0.18000173822353552,0.4799897711290117,0.0935773203040145,6.842958813646511,6.839937871696879,4.07102192918144,0.32999999999999996,0,299.5697236460714,2.3473170164182857,0.46388002292918357,0.2499978009411972,0.14000096052252425,0.15000618658747833,0.1500015259254738,0.47908258374507223,0.39006089962843005,0.25406805636953605,0.1758104952601965,0.12999812365546043
NZL,1.4494227923835024e-5,0,0.01,0.11000132996409097,0.01,0.0011694880530215964,0.0012609603704971761,0.0016493204491296487,0.001742784197531726,0.01,0.014167356508078733,7.09000017602225,0.024003549479122088,0.039811490696680114,0,0.009911357240928427,0,0,0.0981879665561023,0.04858635035697405,0.06999985961562759,0.020329091794915887,0.004198888283044087,0.009999999999999998,0.007942550694646196,0.030000482811896486,0.020000365003467534,0,0,0.02999969583599477,0.17000547499052404,0,0,0,0,0,0,0,20.432334733378706,0,0,0,0,0,0.0011074646470953299,0.41999935468809607,0.008762390507889992,1.693273770514369,0.10999875830384305,0.01,0.07658329768961175,0.15000088097964936,0.03,0.43055331660970947,0.030000150188486552,0.03000035111126716,0.07000195771339075,0.029999911211343638,0.11291237690025548,0.02340984250778248,0.07961783699765192,0.019999881851505065,0.17000019443778314,0.0935773203040145,7.543477782872558,6.840011825184358,4.10995528789123,0.10382846049315572,0,299.5697236460714,1.6167480203926674,0.3202430748836898,0.3,0.18000142300645688,0.32000266657778076,0.28000687685146003,0.0700024333860567,0.44999535272794866,0.25999526290857417,0.14999834090984504,0.12999812365546043
OMN,1.44942279238e-05,0,0.00896891816947,0.10999960334,0.00998663684692,0.00116948805302,0.00105001184817,0.00133761384797,0.00174278419753,0.0204340330165,0.0141673565081,7.09005569691,0.0240035494791,0.027886894418,0,0.00991135724093,0,0,0.0981879665561,0.048586350357,0.0699998871332,0.0264218364582,0.0209540351339,0.0613654837708,0.00794255069465,0.0301209357566,0.0200003650035,0,0,0.0295074187316,0.170000385703,0,0,0,0,0,0,0,20.4323347334,0,0,0,0,0,0.0011074646471,0.419999877641,0.00876239050789,1.12065291533,0.110000432616,0.0100000651402,0.0765832976896,0.183864665384,0.0299999200654,0.43055331661,0.0300001066683,0.0300002002563,0.070000622691,0.0299998584737,0.154285344508,0.0234098425078,0.0796178369977,0.0702409334249,0.170000037699,0.148613165047,3.18086198122,6.83910386529,4.10219330631,0.103828460493,0,299.569723646,1.60266349274,0.367002155948,0.299999198543,0.179997770193,0.320001036675,0.279998601105,0.0699996548726,0.450000328211,0.260001364544,0.170648598986,0.129998123655
PAK,1.4494227923835024e-5,0,0.009999999999999998,0.17000080219802258,0.00997772807819678,0.0011694880530215964,2.0622306630667899e-4,9.078980898626631e-5,0.001742784197531726,0.01,0.04999864438027845,0.37000289687137894,0.024003549479122088,0.01,0,0.009911357240928427,0,0,0.3799981750159686,0.470010177938441,0.4199940582293524,0.11160567329195162,0.026721400655820786,0.26682741885412264,0.019999594452104794,0.030604791424696416,0.020000365003467534,0,0,0.027536783427960485,0.21971129500955408,0,0,0,0,0,0,0,0.180000396738807,0,0,0,0,0,0.0011074646470953299,0.8800030028741795,0.030000081355049706,1.6169743382855646,1.4800006901271558,0.02000024783454566,0.07658329768961175,0.6200007849601632,0.09999999999999999,0.43055331660970947,0.030000122155308263,0.03000014313728297,0.055761674689375415,0.07999860956618465,1.0155842375405382,0.0699997751781713,0.21999313474960905,0.10373511605358637,0.47999368013587707,0.12012998455088132,79.93818754621147,6.8402274063909045,2.9700332153155453,0.3300020277512239,0,299.5697236460714,2.3436554474889344,0.4345662982506308,0.24999698994642103,0.14000096052252425,0.15,0.22260015192314783,0.8700013140028907,0.3499979261430408,0.26000317393144307,0.1758104952601965,0.12999812365546043
PAN,1.4494227923835024e-5,0,0.007422295423679569,0.17200310797109866,0.00997772807819678,0.0011694880530215964,0.0012609603704971761,0.0016493204491296487,0.001742784197531726,0.10999596239257081,0.014167356508078733,0.8599817499746527,0.024003549479122088,0.010302174869137037,0,0.03000046319885127,0,0,0.0981879665561023,0.04858635035697405,0.12034469879931313,0.02825278635081779,0.056426170431569334,0.02,0.007942550694646196,0.05000112657015716,0.020000365003467534,0,0,0.027536783427960485,0.869993695457411,0,0,0,0,0,0,0,94.00057792039908,0,0,0,0,0,0.02,0.8600010646618265,0.008762390507889992,1.041856719472282,0.12000085610941078,0.08999957372437017,0.030000787060721734,0.31932780931604626,0.3600008135703535,0.41219936121221123,0.00999992405313243,0.10999854601851404,0.05,0.030000470965007298,0.33415817953199833,0.02340984250778248,0.07961783699765192,0.02,0.20000039167763367,0.5196737385959821,0.2142649401182413,6.7098817174257235,2.399990266692622,0.10382846049315572,0,299.5697236460714,1.563895868339395,0.3086925637866329,0.012999683100185613,0.1,0.266728853019839,0.29999164787438404,0.47908258374507223,0.45000055303005165,0.05099955918007494,0.7400080300762857,0.12999812365546043
PER,1.4494227923835024e-5,0,0.007422295423679569,0.17200310797109866,0.00997772807819678,0.0011694880530215964,0.0012609603704971761,0.0016493204491296487,0.001742784197531726,0.11000010601835934,0.014167356508078733,0.8599965084736658,0.024003549479122088,0.04484430974354108,0,0.030000579374275783,0,0,0.0981879665561023,0.04858635035697405,0.12034469879931313,0.01560592341531684,0.1836110586009559,0.019999771876996076,0.007942550694646196,0.049998648191956735,0.020000365003467534,0,0,0.009999999999999998,0.8700195040401226,0,0,0,0,0,0,0,94.00008656135036,0,0,0,0,0,0.019999594452104794,0.8600042933337736,0.008762390507889992,1.3385147067453598,0.12000033936747558,0.0900007246508089,0.030000000000000002,0.31932780931604626,0.36000613559668676,0.41220030453025475,0.010000138890817927,0.11000179627880566,0.049998118107568976,0.03000102113754723,0.7088654762635681,0.02340984250778248,0.07961783699765192,0.019999315091948904,0.20000199782237366,0.0014075807200981478,0.6615929003305971,6.709951863875518,4.07102192918144,0.10382846049315572,0,299.5697236460714,1.5600051784404265,0.30499017325887473,0.013000126694539465,0.1,0.266728853019839,0.3,0.47908258374507223,0.4499980929860026,0.05100010153315057,0.7399945250479057,0.12999812365546043
PHL,1.4494227923835024e-5,0,0.01,0.11000105621051783,0.00997772807819678,0.0011694880530215964,0.0012609603704971761,0.0016493204491296487,0.001742784197531726,0.02304254127061766,0.014167356508078733,0.6300020733982997,0.024003549479122088,0.03372048079546488,0,0.009911357240928427,0,0,0.0981879665561023,0.08,0.0699990875079843,0.14984164132325417,7.148086563984961e-4,0.049999999999999996,0.007942550694646196,0.03,0.020000365003467534,0,0,0.03000036500346753,0.17000036500346752,0,0,0,0,0,0,0,20.432334733378706,0,0,0,0,0,0.0011074646470953299,0.4199995332041865,0.008762390507889992,0.906633301873561,0.340006983545022,0.0150000888083693,0.45999923480123966,0.1499989779440322,0.029999876910957388,0.43055331660970947,0.030000393747292988,0.02999993744017717,0.055761674689375415,0.030000486665368892,0.09389325172683353,0.02340984250778248,0.07961783699765192,0.020000126068429946,0.4099982955689959,0.027041807150577222,7.543477782872558,6.84005558510182,4.110021900093858,0.10382846049315572,0,299.5697236460714,1.6097469455509548,0.3202471304020573,0.3,0.17999956240154033,0.36000073956291834,0.28000411437975725,0.15999582855355096,0.4500155787505842,0.2600039551095071,0.3000036500346753,0.12999812365546043
POL,1.4494227923835024e-5,0,0.010000058028538435,0.17200310797109866,0.010000035402532697,0.0011694880530215964,0.0012609603704971761,0.0016493204491296487,0.001742784197531726,0.02304254127061766,0.014167356508078733,7.090110261501414,0.024003549479122088,0.039811490696680114,0,0.009911357240928427,0,0,0.0981879665561023,0.04858635035697405,0.07000103302227885,0.013988915625200058,0.014863219725914022,0.01,0.007942550694646196,0.030604791424696416,0.020000365003467534,0,0,0.027536783427960485,0.17000547499052404,0,0,0,0,0,0,0,20.432334733378706,0,0,0,0,0,0.0011074646470953299,0.42000006815610474,0.008762390507889992,2.2698912466968104,0.11000056559714938,0.01,0.07658329768961175,0.14999615236629474,0.029998928992181643,0.43055331660970947,0.029999292636344342,0.03000060143140675,0.06999933150611672,0.030000222900831416,0.1759303508371847,0.02340984250778248,0.07961783699765192,0.020000246280878865,0.16999936334794094,0.0935773203040145,7.543477782872558,6.840017563035416,4.109998767685185,0.10382846049315572,0,300.00365003467533,1.599998281447365,0.3206455241427429,0.3000029679755439,0.17999949842002305,0.31999565862306,0.22260015192314783,0.06999999999999999,0.45000553036168567,0.2600070534297302,0.15000182501733764,0.12999812365546043
PRT,1.4494227923835024e-5,0,0.01,0.11000116185756706,0.01,0.0011694880530215964,0.0012609603704971761,0.0016493204491296487,0.001742784197531726,0.02304254127061766,0.014167356508078733,7.0899900059385,0.06999920422292369,0.039811490696680114,0,0.009911357240928427,0,0,0.0981879665561023,0.04858635035697405,0.07000034218840893,0.02976267958653519,0.005814682943007404,0.01,0.007942550694646196,0.030604791424696416,0.020000365003467534,0,0,0.027536783427960485,0.17000224618149148,0,0,0,0,0,0,0,20.432334733378706,0,0,0,0,0,0.0011074646470953299,0.42000013961215743,0.008762390507889992,2.7562529162769356,0.1099993889504788,0.009999999999999998,0.07658329768961175,0.150001401698859,0.030000045588617432,0.5600104821802935,0.030000050192488192,0.03,0.06999933150611672,0.030000344881102238,0.10007299872658758,0.02340984250778248,0.07961783699765192,0.019999662167868786,0.16999966456261925,0.0068480454804286175,0.139556732607598,6.839942381244102,4.109979829026991,0.10382846049315572,0,300.00365003467533,1.6004142450232208,0.3435302839710985,0.29998804471277424,0.18000124622238836,0.32,0.2799993702572499,0.06999794365617931,0.450007319572537,0.2599957036599447,0.14999519738737874,0.12999812365546043
PRY,1.4494227923835024e-5,0,0.007422295423679569,0.17200310797109866,0.00997772807819678,0.0011694880530215964,0.0012609603704971761,0.0016493204491296487,0.001742784197531726,0.10999991375072234,0.014167356508078733,0.8599959794075743,0.024003549479122088,0.039811490696680114,0,0.009911357240928427,0,0,0.0981879665561023,0.04858635035697405,0.12034469879931313,1.466531124894362e-4,0.08057009140042903,0.26682741885412264,0.007942550694646196,0.04999929592339646,0.020000365003467534,0,0,0.01,0.8700222652115195,0,0,0,0,0,0,0,94.0018549545237,0,0,0,0,0,0.019999999999999997,0.8599976347455873,0.008762390507889992,1.0831445744279018,0.12000031145509596,0.08999926734559309,0.030000180365420345,0.31932780931604626,0.35999676828611443,0.43055331660970947,0.01,0.11000260710871644,0.055761674689375415,0.03000058503480957,0.6911849435308637,0.02340984250778248,0.07961783699765192,0.020000090296918845,0.20000372411738418,0.0028728444435776345,0.2540965487144716,6.70985040925769,2.4000364996806276,0.10382846049315572,0,299.5697236460714,1.5551445068587402,0.3056956936727314,0.01299989834299075,0.15055409782611082,0.266728853019839,0.29999389648437497,0.47908258374507223,0.39006089962843005,0.05100246870040557,0.1758104952601965,0.12999812365546043
ROU,1.4494227923835024e-5,0,0.01,0.10999969651225135,0.01,0.0011694880530215964,0.0012609603704971761,0.0016493204491296487,0.001742784197531726,0.02304254127061766,0.014167356508078733,7.0901348474095105,0.024003549479122088,0.039811490696680114,0,0.009911357240928427,0,0,0.0981879665561023,0.04858635035697405,0.0700007821462092,0.021820134722614935,0.019693666505626505,0.26682741885412264,0.007942550694646196,0.030604791424696416,0.020000365003467534,0,0,0.029999594452104796,0.17000178922884235,0,0,0,0,0,0,0,20.432334733378706,0,0,0,0,0,0.0011074646470953299,0.41999959502009715,0.008762390507889992,1.2551725875843045,0.11000007674067025,0.01,0.07658329768961175,0.14999636601497204,0.030000000000000002,0.5599853515625001,0.029999653223289523,0.029999789504704572,0.06999933150611672,0.030000052580935205,0.16015727742723473,0.02340984250778248,0.07961783699765192,0.02,0.1699994261558178,0.013719626826150327,4.20868787106964,6.8401340429726,4.110013112892542,0.10382846049315572,0,299.5697236460714,1.6098908997766768,0.33900558172761236,0.29999640326583465,0.18000325102333348,0.32000294594196493,0.2800043563493792,0.07000104286161227,0.45000553036168567,0.2600070534297302,0.15000182501733764,0.12999812365546043
RUS,1.4494227923835024e-5,0,0.01,0.11000040834660459,0.009999959172175022,0.0011694880530215964,0.0020938241417711714,8.889084980165812e-4,0.001742784197531726,0.02304254127061766,0.014167356508078733,0.9597938674221256,0.024003549479122088,0.039811490696680114,0,0.009911357240928427,0,0,0.0981879665561023,0.04858635035697405,0.06999939502712295,0.01910730162434384,0.034612218942057314,0.009999999999999998,0.007942550694646196,0.030604791424696416,0.020000365003467534,0,0,0.030000608346514177,0.16999916093304246,0,0,0,0,0,0,0,20.432334733378706,0,0,0,0,0,0.0011074646470953299,0.41999976445529447,0.008762390507889992,1.7940962824848155,0.11000042020534034,0.01,0.07658329768961175,0.15000196240040817,0.030000189682534668,0.43055331660970947,0.02999976512221474,0.029999427459063324,0.0700005730002292,0.029999695835994766,0.16955190441572204,0.02340984250778248,0.07961783699765192,0.020000049879167717,0.16999935239290823,0.05263487379626894,0.007023084859181825,6.83994457570213,4.109971366539757,0.10382846049315572,0,299.5697236460714,1.6025837293633647,0.3223371864214703,0.2999973720172396,0.18000575492251408,0.32,0.2799968261525034,0.0699984277082725,0.44999046529366893,0.2600023223708826,0.1758104952601965,0.12999812365546043
RWA,3.0826238805387724e-4,0,0.007422295423679569,0.34710664095476146,0.01,0.0011694880530215964,0.002401502327549725,0.002415163886120844,0.001742784197531726,0.012500227712681247,0.01129187423668977,1.3515277678011992,0.02458345044690539,0.018748090362302197,0,0.009911357240928427,0,0,0.0981879665561023,0.14916694471052944,0.012500064946873458,0.03142714043914047,0.08057009140042903,0.009999999999999998,0.007942550694646196,0.030604791424696416,0.020000365003467534,0,0,0.027536783427960485,0.21971129500955408,0,0,0,0,0,0,0,57.20035305672799,0,0,0,0,0,0.0011074646470953299,0.5197012138188608,0.008762390507889992,0.8715448067297171,0.05999789311047125,0.0075,0.07658329768961175,0.15000093038834408,0.039998727573482634,0.43000012898338813,0.01999903864641415,0.05116617555138852,0.055761674689375415,0.04374450417414797,0.25471149162195106,0.16000164534572828,0.07961783699765192,0.10373511605358637,0.1899989538654671,0.014060607113306759,6.285934990557749,6.960230245944532,3.3300135572009597,0.10382846049315572,0,299.5697236460714,1.5999908987237592,0.33080224418936455,0.06999703908409001,0.0699980789549515,0.18999777288362077,0.27001291751245615,0.47908258374507223,0.39006089962843005,0.25406805636953605,0.1758104952601965,0.12999812365546043
SAU,1.4494227923835024e-5,0,0.007422295423679569,0.11000034449440524,0.00997772807819678,0.0011694880530215964,2.062177588842186e-4,9.07874433520078e-5,0.001742784197531726,0.02304254127061766,0.014167356508078733,7.090134847409511,0.024003549479122088,0.01,0,0.009911357240928427,0,0,0.0981879665561023,0.04858635035697405,0.0700007821462092,0.025221828276363014,0.027753815174383377,0.009999999999999998,0.007942550694646196,0.03000056328507858,0.020000365003467534,0,0,0.027536783427960485,0.16999517939535846,0,0,0,0,0,0,0,20.432334733378706,0,0,0,0,0,0.0011074646470953299,0.4199998582458395,0.008762390507889992,0.8746205904166163,0.10999899000101,0.01,0.07658329768961175,0.1499936009555906,0.029999835328601777,0.43055331660970947,0.03000011766597767,0.0300004209994527,0.0699999424039442,0.030000065667211702,0.09337607106205568,0.02340984250778248,0.07961783699765192,0.10373511605358637,0.17000023973916378,0.5299959401642672,7.543477782872558,6.840071996136793,4.109979829026991,0.10382846049315572,0,299.5697236460714,1.5999948072629082,0.3407634863500374,0.2999955325232309,0.17999664935500084,0.32000205359893213,0.27998830702413763,0.07000057821850879,0.4500055303616856,0.26000317393144307,0.1758104952601965,0.12999812365546043
SDN,3.0825785090673335e-4,0,0.007422295423679569,0.060398562240769726,0.00997772807819678,0.0011694880530215964,0.002401496397903561,0.002415148034549582,0.001742784197531726,0.012500098755678453,0.011291516065685745,1.351525392765802,0.024583341959793795,0.039811490696680114,0,0.009911357240928427,0,0,0.0981879665561023,0.14916354050491737,0.01249992395899869,0.0279545762722585,0.08057009140042903,0.26682741885412264,0.007942550694646196,0.030604791424696416,0.020000365003467534,0,0,0.024999585234342595,0.1699990875079843,0,0,0,0,0,0,0,57.199815353565725,0,0,0,0,0,0.0011074646470953299,0.5197033032831377,0.008762390507889992,0.5572269231616679,0.05999955428775184,0.007500047716297978,0.01,0.31932780931604626,0.04000041287197185,0.43055331660970947,0.02,0.051167631717471414,0.019999855843907788,0.04166622737655948,1.6564223277937218,0.1600038867340907,0.07961783699765192,0.10373511605358637,0.19,0.8063057362197067,29.709869381849945,6.9602183365713755,4.07102192918144,0.10382846049315572,0,299.5697236460714,1.5999822288358463,0.3370660545213955,0.0699989186851211,0.06999999999999999,0.19000056239806537,0.2700059512001587,0.47908258374507223,0.39006089962843005,0.26000317393144307,0.1758104952601965,0.12999812365546043
SEN,3.0826783617085926e-4,0,0.007422295423679569,0.49999923190247003,0.00997772807819678,0.0011694880530215964,0.0024014674603514484,0.0024151923527282793,0.001742784197531726,0.012499885891642705,0.011291472190927274,1.3515365042082599,0.024003549479122088,0.039811490696680114,0,0.009911357240928427,0,0,0.0981879665561023,0.04858635035697405,0.012499999999999999,0.027015342245662134,0.007123003009602974,0.01,0.007942550694646196,0.030604791424696416,0.020000365003467534,0,0,0.024999575587810883,0.17000437998832002,0,0,0,0,0,0,0,57.20035305672799,0,0,0,0,0,0.0011074646470953299,0.5197031837384607,0.008762390507889992,0.8461620070168492,0.06000022683966971,0.03037334153318248,0.01,0.31932780931604626,0.040000381482823734,0.43055331660970947,0.01999939470976333,0.051165735362933194,0.01999959890903257,0.04166634222308741,1.2793613013659568,0.15999561088014047,0.07961783699765192,0.10373511605358637,0.1899958999589996,0.45495888448096716,15.550159882933174,6.959914171462012,3.3300077866459024,0.10382846049315572,0,299.5697236460714,1.599991195990551,0.337710204604923,0.0700003302837137,0.07000155282947713,0.18999814522860056,0.2699961104628549,0.15999708007883787,0.39006089962843005,0.26000556831628036,0.1758104952601965,0.12999812365546043
SLB,1.44942279238e-05,0,0.00914076514123,0.13066833901,0.00998515205213,0.0107794153753,0.0012609603705,0.00164932044913,0.00129799513734,0.0186950275137,0.0261116680669,0.739932184244,0.0240035494791,0.0377811540629,0,0.00991135724093,0,0,0.192122391116,0.0695294689003,0.203443548887,0.106680679551,0.0349931544138,0.156666394535,0.011961794054,0.0304031942831,0.0200003650035,0,0,0.0291790494771,0.196571770016,0,0,0,0,0,0,0,13.6815590504,0,0,0,0,0,0.0011074646471,0.630006392771,0.0158415936719,1.45598729753,0.720002695952,0.020124419853,0.332196363827,0.363108742194,0.0533330218182,0.43055331661,0.030000162184,0.0299998428252,0.0557616746894,0.0466671208891,0.0958176539702,0.0389393783606,0.126411966665,0.0733322443278,0.433334919436,0.13010370363,46.2115496092,6.83844086561,4.08402191949,0.179217577488,0,299.569723646,1.85042412051,0.335146762334,0.283331743102,0.156851220076,0.290004164612,0.236667030545,0.372720332015,0.410045792669,0.258025061803,0.217208213518,0.129998123655
SLE,0.000308262023349,0,0.00742229542368,0.395618884571,0.0099811545277,0.00116948805302,0.00231377563221,0.00241518411131,0.00174278419753,0.0133110526288,0.0112917182846,1.26112849318,0.0243601926104,0.0333308696821,0,0.00991135724093,0,0,0.0981879665561,0.110481107323,0.0373872983002,0.0270959143048,0.0428499449353,0.108779776482,0.00794255069465,0.0306047914247,0.0200003650035,0,0,0.0259756026841,0.208239443662,0,0,0,0,0,0,0,57.200111699,0,0,0,0,0,0.0011074646471,0.519703332015,0.00876239050789,0.608618869791,0.0915187279219,0.0145379989106,0.0304871685199,0.25420183198,0.0437021259114,0.430298389381,0.020676987846,0.0513698998074,0.0392562734319,0.0426257686185,0.904045013551,0.160000420489,0.0796178369977,0.103735116054,0.189999806188,0.155780991221,10.4100543806,6.89285464477,3.95702643052,0.103828460493,0,299.569723646,1.60124326782,0.337126941001,0.0699993953572,0.107178771631,0.189999676263,0.266353496223,0.331814866286,0.408504116197,0.254981151379,0.173824721589,0.129998123655
SLV,1.4494227923835024e-5,0,0.007422295423679569,0.17200310797109866,0.00997772807819678,0.0011694880530215964,0.0012609603704971761,0.0016493204491296487,0.001742784197531726,0.11000186892599054,0.014167356508078733,0.8599935480897738,0.024003549479122088,0.010004373422962056,0,0.009911357240928427,0,0,0.0981879665561023,0.04858635035697405,0.12034469879931313,0.03142714043914047,0.24527650609764595,0.02,0.007942550694646196,0.04999932407770403,0.020000365003467534,0,0,0.01,0.869990510256223,0,0,0,0,0,0,0,20.432334733378706,0,0,0,0,0,0.02,0.859998977120862,0.008762390507889992,1.2963806965903646,0.12000093501909485,0.09000079057633015,0.029999311342194065,0.31932780931604626,0.36000437937315244,0.412198136527857,0.009999999999999998,0.10999410625578851,0.05,0.029999557580852095,0.8740442732807684,0.02340984250778248,0.07961783699765192,0.01999977853077315,0.20000063020112868,0.0935773203040145,0.22248629074246287,6.709947899706936,2.4000073000693507,0.10382846049315572,0,299.5697236460714,1.5610485986108875,0.3053402216082944,0.013000659304433823,0.09999999999999999,0.266728853019839,0.2999966661110185,0.47908258374507223,0.45000553036168567,0.050998457130262284,0.1758104952601965,0.12999812365546043
SRB,1.4494227923835024e-5,0,0.01,0.1100000509825181,0.01,0.0011694880530215964,0.0012609603704971761,0.0016493204491296487,0.001742784197531726,0.02304254127061766,0.014167356508078733,0.9597938674221256,0.024003549479122088,0.039811490696680114,0,0.009911357240928427,0,0,0.0981879665561023,0.04858635035697405,0.07000016441419223,0.02992135596398839,0.018184230298768957,0.26682741885412264,0.007942550694646196,0.030604791424696416,0.020000365003467534,0,0,0.030000456246007844,0.17000033181803098,0,0,0,0,0,0,0,20.432334733378706,0,0,0,0,0,0.0011074646470953299,0.4199991501358859,0.008762390507889992,0.9128159205340124,0.11000097475387464,0.01,0.07658329768961175,0.14999914680135829,0.02999978798736404,0.43055331660970947,0.02999935421375525,0.030001154334526145,0.06999979945049435,0.029999999999999995,0.19483772290351184,0.02340984250778248,0.07961783699765192,0.019999916444199347,0.17000209226906582,0.0935773203040145,7.543477782872558,6.840079876856513,4.109864038689661,0.10382846049315572,0,299.5697236460714,1.599996342691276,0.32185525725667796,0.3000056589893045,0.18000349283967865,0.31999422608982553,0.2799954658807527,0.0699978100591284,0.4499841997155949,0.2600070534297302,0.1758104952601965,0.12999812365546043
STP,0.000308260504662,0,0.00742229542368,0.423553705533,0.00998090978131,0.00116948805302,0.00215710557786,0.00225106805644,0.00174278419753,0.0140060525769,0.0112916966596,1.35152900001,0.0243763784381,0.0320992703959,0,0.00991135724093,0,0,0.0981879665561,0.134798053827,0.043312730379,0.0273671877304,0.0312045512332,0.0650344468973,0.00794255069465,0.0304751610756,0.0200003650035,0,0,0.0260871146138,0.198406707764,0,0,0,0,0,0,0,57.1999734072,0,0,0,0,0,0.0011074646471,0.519702820153,0.00876239050789,1.20450442046,0.0600000721777,0.0173028185054,0.0195119089339,0.198379964263,0.043437816643,0.430277801998,0.0199998873438,0.0511663817057,0.0302176148322,0.0416667363085,0.621542281639,0.16000108867,0.0796178369977,0.103735116054,0.189999113398,0.101968711912,8.82125815988,6.90652070188,3.43588361164,0.103828460493,0,299.569723646,1.60135429179,0.344696913623,0.0700003212361,0.0757538705974,0.190000010118,0.270000721067,0.205582947133,0.420030840582,0.256610470308,0.17581049526,0.129998123655
SUR,1.4494227923835024e-5,0,0.007422295423679569,0.17200310797109866,0.00997772807819678,0.0011694880530215964,0.0012609603704971761,0.0016493204491296487,0.001742784197531726,0.1100031335956269,0.014167356508078733,0.8599949931155338,0.024003549479122088,1.8497945100444717,0,0.009911357240928427,0,0,0.0981879665561023,0.04858635035697405,0.12034469879931313,0.03142714043914047,0.08057009140042903,0.020000317389786394,0.007942550694646196,0.030604791424696416,0.020000365003467534,0,0,0.027536783427960485,0.21971129500955408,0,0,0,0,0,0,0,20.432334733378706,0,0,0,0,0,0.01999977878797934,0.8599913432405136,0.008762390507889992,1.414557136586359,0.11999931390983488,0.09000197355437141,0.02999985470818138,0.31932780931604626,0.3599990700161585,0.4121996922655048,0.01,0.10999410625578851,0.055761674689375415,0.030000312861746394,0.2654068795711098,0.02340984250778248,0.07961783699765192,0.019999860943084004,0.20000064721463093,0.0935773203040145,7.543477782872558,6.835232269981125,2.4000364996806276,0.10382846049315572,0,299.5697236460714,1.575575123574689,0.3237030462926222,0.012999458714693435,0.1,0.266728853019839,0.3000029830265788,0.47908258374507223,0.39006089962843005,0.050999788404570465,0.1758104952601965,0.12999812365546043
SVK,1.4494227923835024e-5,0,0.010000000000000002,0.1100009116601331,0.01000030265427802,0.0011694880530215964,0.0012609603704971761,0.0016493204491296487,0.001742784197531726,0.02304254127061766,0.014167356508078733,0.9597938674221256,0.024003549479122088,0.039811490696680114,0,0.009911357240928427,0,0,0.0981879665561023,0.04858635035697405,0.06999794365617931,0.02051980793509217,0.011502349969198349,0.009999999999999998,0.007942550694646196,0.030604791424696416,0.020000365003467534,0,0,0.03,0.16999532054281702,0,0,0,0,0,0,0,20.432334733378706,0,0,0,0,0,0.0011074646470953299,0.41999967478440914,0.008762390507889992,1.8150476858840232,0.10999964055928974,0.01,0.07658329768961175,0.14999563928135357,0.030000287310913504,0.5600019818986589,0.030000039605058357,0.03000058186896311,0.06999817684594348,0.03000012939456284,0.11343597895310603,0.02340984250778248,0.07961783699765192,0.019999537277273372,0.16999992987524803,0.0462519626270467,13.323138411882056,6.840053000189286,4.109952391747903,0.10382846049315572,0,299.5697236460714,1.6189225963801293,0.33600077639516085,0.29999538681551874,0.18000359082544098,0.3199991640019228,0.2800123435020278,0.06999914118859499,0.45000553036168567,0.26000052898857384,0.15000182501733764,0.12999812365546043
SVN,1.4494227923835024e-5,0,0.01,0.11000031269706431,0.01,0.0011694880530215964,0.0012609603704971761,0.0016493204491296487,0.001742784197531726,0.02304254127061766,0.014167356508078733,0.9597938674221256,0.024003549479122088,0.009974445445983877,0,0.009911357240928427,0,0,0.0981879665561023,0.04858635035697405,0.07000092404361485,0.03142714043914047,0.013649353615828294,0.009999999999999998,0.007942550694646196,0.029999999999999995,0.020000365003467534,0,0,0.029999270019709465,0.1699921276748014,0,0,0,0,0,0,0,20.432334733378706,0,0,0,0,0,0.0011074646470953299,0.42,0.008762390507889992,1.0375696595432593,0.11000187023171526,0.01,0.07658329768961175,0.15000516422226814,0.030000096174190697,0.43055331660970947,0.030000390601023375,0.03000036515007668,0.07000178269007933,0.030000114850959995,0.1280101295334358,0.02340984250778248,0.07961783699765192,0.02000046483881714,0.16999938893981056,0.004659066069184108,0.050624030990472066,6.840058398570242,4.110010720302211,0.10382846049315572,0,299.5697236460714,1.5999986804631574,0.3212302016843795,0.3000044442469223,0.17999673015613504,0.32000150429664725,0.28,0.0700003173897864,0.4500087780898877,0.26000746825989546,0.14999543753992153,0.12999812365546043
SWE,1.4494227923835024e-5,0,0.010000000000000002,0.10999816823723364,0.009999874029237814,0.0011694880530215964,0.0012609603704971761,0.0016493204491296487,0.001742784197531726,0.02304254127061766,0.014167356508078733,7.089810746873943,0.024003549479122088,0.039811490696680114,0,0.009911357240928427,0,0,0.0981879665561023,0.04858635035697405,0.069998563011927,0.023400948773329155,0.008161999183161517,0.01,0.007942550694646196,0.030604791424696416,0.020000365003467534,0,0,0.029999668181969006,0.16999964903660547,0,0,0,0,0,0,0,20.432334733378706,0,0,0,0,0,0.0011074646470953299,0.41999952781188027,0.008762390507889992,1.9358335486014147,0.10999957926171194,0.01,0.07658329768961175,0.1499982478887059,0.030000082954507748,0.5600067385444744,0.030000086780696503,0.03,0.0699996179998472,0.03000023847566356,0.10997927959295369,0.02340984250778248,0.07961783699765192,0.01999927429304047,0.1699986091488723,0.003507574648028474,0.26281014914428275,6.839976849512645,4.1099987466716454,0.10382846049315572,0,299.5697236460714,1.5999993008508644,0.3240713407293772,0.3000022635701028,0.17999713276596854,0.31999745637224175,0.28000774143603635,0.07000019085062122,0.4499993087143469,0.26000746825989546,0.1499990875079843,0.12999812365546043
SWZ,3.0825673101990696e-4,0,0.007422295423679569,0.3471066293413862,0.01,0.0011694880530215964,0.0012609603704971761,0.002415155450156177,0.001742784197531726,0.02304254127061766,0.011291534629254852,1.351545875578921,0.024003549479122088,0.039811490696680114,0,0.009911357240928427,0,0,0.0981879665561023,0.14916446789797713,0.12034469879931313,0.06905524553342025,0.004879446658758787,0.01,0.007942550694646196,0.029999549387166546,0.020000365003467534,0,0,0.027536783427960485,0.17000036500346752,0,0,0,0,0,0,0,57.199693397087266,0,0,0,0,0,0.0011074646470953299,0.5197028149906733,0.008762390507889992,2.0263439373222245,0.06000017711575844,0.0075000000000000015,0.010000129694957461,0.14999811313634476,0.04,0.43055331660970947,0.01999985819726179,0.05116822351030825,0.0200005730002292,0.04166533943858252,0.15112841686763548,0.16000174455372135,0.07961783699765192,0.10373511605358637,0.19000360289541776,0.0935773203040145,5.7749936298776925,6.835232269981125,3.3300657002815726,0.10382846049315572,0,299.5697236460714,1.59999169268169,0.3338826963643894,0.07000041072822114,0.15055409782611082,0.1899973313277857,0.2699946323134729,0.47908258374507223,0.39006089962843005,0.25406805636953605,0.1758104952601965,0.12999812365546043
TCD,0.000308262023349,0,0.00742229542368,0.395618884571,0.0099811545277,0.00116948805302,0.00231377563221,0.00241518411131,0.00174278419753,0.0133110526288,0.0112917182846,1.26112849318,0.0243601926104,0.0333308696821,0,0.00991135724093,0,0,0.0981879665561,0.110481107323,0.0373872983002,0.0270959143048,0.0428499449353,0.108779776482,0.00794255069465,0.0306047914247,0.0200003650035,0,0,0.0259756026841,0.208239443662,0,0,0,0,0,0,0,57.200111699,0,0,0,0,0,0.0011074646471,0.519703332015,0.00876239050789,0.608618869791,0.0915187279219,0.0145379989106,0.0304871685199,0.25420183198,0.0437021259114,0.430298389381,0.020676987846,0.0513698998074,0.0392562734319,0.0426257686185,0.904045013551,0.160000420489,0.0796178369977,0.103735116054,0.189999806188,0.155780991221,10.4100543806,6.89285464477,3.95702643052,0.103828460493,0,299.569723646,1.60124326782,0.337126941001,0.0699993953572,0.107178771631,0.189999676263,0.266353496223,0.331814866286,0.408504116197,0.254981151379,0.173824721589,0.129998123655
TGO,0.000308262023349,0,0.00742229542368,0.395618884571,0.0099811545277,0.00116948805302,0.00231377563221,0.00241518411131,0.00174278419753,0.0133110526288,0.0112917182846,1.26112849318,0.0243601926104,0.0333308696821,0,0.00991135724093,0,0,0.0981879665561,0.110481107323,0.0373872983002,0.0270959143048,0.0428499449353,0.108779776482,0.00794255069465,0.0306047914247,0.0200003650035,0,0,0.0259756026841,0.208239443662,0,0,0,0,0,0,0,57.200111699,0,0,0,0,0,0.0011074646471,0.519703332015,0.00876239050789,0.608618869791,0.0915187279219,0.0145379989106,0.0304871685199,0.25420183198,0.0437021259114,0.430298389381,0.020676987846,0.0513698998074,0.0392562734319,0.0426257686185,0.904045013551,0.160000420489,0.0796178369977,0.103735116054,0.189999806188,0.155780991221,10.4100543806,6.89285464477,3.95702643052,0.103828460493,0,299.569723646,1.60124326782,0.337126941001,0.0699993953572,0.107178771631,0.189999676263,0.266353496223,0.331814866286,0.408504116197,0.254981151379,0.173824721589,0.129998123655
THA,1.4494227923835024e-5,0,0.007422295423679569,0.10999815294476445,0.00997772807819678,0.0011694880530215964,0.0012609603704971761,0.0016493204491296487,0.001742784197531726,0.02304254127061766,0.014167356508078733,0.629997103128621,0.024003549479122088,0.011346795026503266,0,0.009911357240928427,0,0,0.0981879665561023,0.08,0.06999756671262877,0.165644424271122,0.004902565552147087,0.049999999999999996,0.007942550694646196,0.030604791424696416,0.020000365003467534,0,0,0.02999954375399215,0.17000036500346752,0,0,0,0,0,0,0,20.432334733378706,0,0,0,0,0,0.0011074646470953299,0.4200107206890815,0.008762390507889992,0.5054206793279944,0.3399987490317024,0.015000000000000001,0.45999936380697903,0.15000196240040817,0.030000126268472024,0.43055331660970947,0.030000279696808657,0.03000006835597055,0.055761674689375415,0.029999013514846597,0.20581599939176679,0.02340984250778248,0.07961783699765192,0.01999982309651854,0.4100013632239777,0.0935773203040145,0.005016138221927712,6.840172145136158,4.109939044420922,0.10382846049315572,0,299.5697236460714,1.6240288452150138,0.3202439597714078,0.30000507073677807,0.17999999999999997,0.3600029724675196,0.2799969772538351,0.16000202778059416,0.44999483150713254,0.25999597516099354,0.300011317978609,0.12999812365546043
TJK,1.4494227923835024e-5,0,0.0100002920006424,0.11000088051422031,0.00997772807819678,0.0011694880530215964,0.0012609603704971761,0.0016493204491296487,0.001742784197531726,0.02304254127061766,0.014167356508078733,0.9597938674221256,0.024003549479122088,0.039811490696680114,0,0.009911357240928427,0,0,0.0981879665561023,0.04858635035697405,0.06999850411368737,0.03142714043914047,0.006605745045955666,0.26682741885412264,0.007942550694646196,0.030604791424696416,0.020000365003467534,0,0,0.030000608346514177,0.21971129500955408,0,0,0,0,0,0,0,20.432334733378706,0,0,0,0,0,0.0011074646470953299,0.4200004032210999,0.008762390507889992,2.8412466573792994,0.1099979417515694,0.01,0.07658329768961175,0.31932780931604626,0.08812910388527768,0.43055331660970947,0.03000053222630262,0.05248529853483587,0.055761674689375415,0.029998744179013437,0.40858576687797277,0.02340984250778248,0.07961783699765192,0.02,0.1699993067831271,0.0935773203040145,7.543477782872558,6.8400119745113965,4.07102192918144,0.10382846049315572,0,299.5697236460714,1.5999763705103969,0.37497071756115063,0.2999929263634435,0.1800019210450485,0.3200043669711416,0.279998413044772,0.47908258374507223,0.39006089962843005,0.25406805636953605,0.1758104952601965,0.12999812365546043
TKM,1.44942279238e-05,0,0.0096033843954,0.109999902679,0.00999999859844,0.00116948805302,0.00138909440674,0.00159082722212,0.00174278419753,0.0220392688652,0.0141673565081,2.84604701743,0.0240035494791,0.039826045437,0,0.00991135724093,0,0,0.0981879665561,0.048586350357,0.0893632521472,0.0281046798785,0.0197868291198,0.108779776482,0.00794255069465,0.0304651251535,0.0200003650035,0,0,0.0290526514228,0.169999836939,0,0,0,0,0,0,0,20.4323347334,0,0,0,0,0,0.0011074646471,0.419999833244,0.00876239050789,1.06907363635,0.110000114136,0.01,0.0765832976896,0.176049415762,0.0300000535352,0.460425130269,0.0300000339557,0.0299999652346,0.0699993089776,0.0300000481232,0.199107826872,0.0234098425078,0.0796178369977,0.0264410977409,0.170000334966,0.0732677546052,5.0025787095,6.84005646812,4.10701401205,0.103828460493,0,299.603102599,1.60140951343,0.330816215869,0.300002104606,0.180001450256,0.319998811208,0.279999058664,0.069999420406,0.436169789253,0.259544754808,0.171839930607,0.129998123655
TLS,1.44942279238e-05,0,0.00914076514123,0.13066833901,0.00998515205213,0.0107794153753,0.0012609603705,0.00164932044913,0.00129799513734,0.0186950275137,0.0261116680669,0.739932184244,0.0240035494791,0.0377811540629,0,0.00991135724093,0,0,0.192122391116,0.0695294689003,0.203443548887,0.106680679551,0.0349931544138,0.156666394535,0.011961794054,0.0304031942831,0.0200003650035,0,0,0.0291790494771,0.196571770016,0,0,0,0,0,0,0,13.6815590504,0,0,0,0,0,0.0011074646471,0.630006392771,0.0158415936719,1.45598729753,0.720002695952,0.020124419853,0.332196363827,0.363108742194,0.0533330218182,0.43055331661,0.030000162184,0.0299998428252,0.0557616746894,0.0466671208891,0.0958176539702,0.0389393783606,0.126411966665,0.0733322443278,0.433334919436,0.13010370363,46.2115496092,6.83844086561,4.08402191949,0.179217577488,0,299.569723646,1.85042412051,0.335146762334,0.283331743102,0.156851220076,0.290004164612,0.236667030545,0.372720332015,0.410045792669,0.258025061803,0.217208213518,0.129998123655
TTO,1.4494227923835024e-5,0,0.009999999999999998,0.11000071638369509,0.01,0.0011694880530215964,0.0012609603704971761,0.0016493204491296487,0.001742784197531726,0.009999999999999998,0.014167356508078733,7.089921544960772,0.07000010610417308,0.02064101450604518,0,0.009911357240928427,0,0,0.0981879665561023,0.04858635035697405,0.07000011265447745,0.024264281129039538,0.004448796314438545,0.01,0.007942550694646196,0.029999706115731623,0.020000365003467534,0,0,0.029999594452104796,0.16999726252395292,0,0,0,0,0,0,0,20.432334733378706,0,0,0,0,0,0.0011074646470953299,0.41999935444304576,0.008762390507889992,1.8002569971413775,0.10999924729654008,0.009999999999999998,0.07658329768961175,0.15000294354284816,0.03000005457532213,0.5599968988126882,0.029999357959166202,0.02999984042638071,0.06999979945049435,0.030000112596128947,0.037341814229260285,0.02340984250778248,0.07961783699765192,0.02000015255646496,0.17000038486538266,0.0935773203040145,7.543477782872558,6.839909357504666,4.109898131864485,0.10382846049315572,0,299.5697236460714,1.600003605991621,0.32024371005907637,0.2999962274116271,0.17999711843242727,0.32000034085195944,0.280004337026377,0.07000170765027322,0.44999723487013105,0.2600051074386195,0.1758104952601965,0.12999812365546043
TUN,1.4494227923835024e-5,0,0.010000124573336324,0.17200310797109866,0.00997772807819678,0.0011694880530215964,0.0020938390703793028,8.888797937216062e-4,0.001742784197531726,0.02304254127061766,0.014167356508078733,0.9597938674221256,0.024003549479122088,0.039811490696680114,0,0.009911357240928427,0,0,0.0981879665561023,0.04858635035697405,0.06999999999999999,0.027232389557178126,0.011583571457358352,0.01,0.007942550694646196,0.030604791424696416,0.020000365003467534,0,0,0.029999690680194254,0.16999865645573023,0,0,0,0,0,0,0,20.432334733378706,0,0,0,0,0,0.0011074646470953299,0.42000009839618685,0.008762390507889992,0.8772728028142749,0.11000101768312155,0.01,0.07658329768961175,0.1500009362419249,0.029999273493406954,0.43055331660970947,0.030000226357010277,0.03000023856100005,0.07,0.029999932925070597,0.1418682187342458,0.02340984250778248,0.07961783699765192,0.10373511605358637,0.1699999160037966,0.03788311327861703,7.543477782872558,6.839834076275385,4.110090662898858,0.10382846049315572,0,299.5697236460714,1.599998857642419,0.3282449378668606,0.30000000000000004,0.17999801271860094,0.31999754723280166,0.27999702447370384,0.07000033692343977,0.4499930872390433,0.2599976489949453,0.1758104952601965,0.12999812365546043
TUR,1.4494227923835024e-5,0,0.01,0.10999985718278767,0.01,0.0011694880530215964,0.0012609603704971761,0.0016493204491296487,0.001742784197531726,0.02304254127061766,0.014167356508078733,0.9597938674221256,0.024003549479122088,0.04000070232117148,0,0.009911357240928427,0,0,0.0981879665561023,0.04858635035697405,0.0700003173897864,0.024872562048890032,0.053511888442452735,0.01,0.007942550694646196,0.030604791424696416,0.020000365003467534,0,0,0.029999255121042828,0.17000089160332568,0,0,0,0,0,0,0,20.432334733378706,0,0,0,0,0,0.0011074646470953299,0.4200000255857321,0.008762390507889992,0.8058198028408031,0.10999982368291135,0.01,0.07658329768961175,0.15000392474947016,0.029999656440031608,0.43055331660970947,0.030000595387271727,0.030000825786561703,0.06999856754046697,0.030000381360780013,0.2198767115245806,0.02340984250778248,0.07961783699765192,0.10373511605358637,0.16999830594612908,0.05661374330070704,0.007557291382014017,6.840038882298669,4.07102192918144,0.10382846049315572,0,299.5697236460714,1.5999975138321059,0.334733374259027,0.3,0.1799969507546882,0.31999217291829735,0.279998413044772,0.07000036500346753,0.45001382615909297,0.25999722911445017,0.15000182501733764,0.12999812365546043
TZA,3.082475864381652e-4,0,0.007422295423679569,0.34710727389282164,0.00997772807819678,0.0011694880530215964,0.0024014773900938526,0.0024152075556458773,0.001742784197531726,0.012500167532624186,0.011291759136694897,1.351528293653153,0.024583244912876376,0.039811490696680114,0,0.009911357240928427,0,0,0.0981879665561023,0.14916690064093854,0.01249991704549225,0.01998409742477522,0.08057009140042903,0.009999999999999998,0.007942550694646196,0.030000000000000002,0.020000365003467534,0,0,0.027536783427960485,0.21971129500955408,0,0,0,0,0,0,0,57.1999016836672,0,0,0,0,0,0.0011074646470953299,0.5197034586643826,0.008762390507889992,1.4786792629454946,0.06,0.0074998597790117225,0.01,0.15000239314602976,0.03999995194335082,0.4299983369040981,0.019999613757942104,0.051166466319398064,0.019999999999999997,0.04166879585356061,0.6513154003985241,0.1600040872398642,0.07961783699765192,0.10373511605358637,0.1899980448565763,4.4222614136120835e-5,9.403166580699049,6.960044839458724,3.3300361353432852,0.10382846049315572,0,299.5697236460714,1.6029835463228461,0.32970859952026976,0.069999322286605,0.0700005145709336,0.19000065121125292,0.2700059512001587,0.15999854000389332,0.45000553036168567,0.2599978840457046,0.1758104952601965,0.12999812365546043
UGA,0.000308262023349,0,0.00742229542368,0.395618884571,0.0099811545277,0.00116948805302,0.00231377563221,0.00241518411131,0.00174278419753,0.0133110526288,0.0112917182846,1.26112849318,0.0243601926104,0.0333308696821,0,0.00991135724093,0,0,0.0981879665561,0.110481107323,0.0373872983002,0.0270959143048,0.0428499449353,0.108779776482,0.00794255069465,0.0306047914247,0.0200003650035,0,0,0.0259756026841,0.208239443662,0,0,0,0,0,0,0,57.200111699,0,0,0,0,0,0.0011074646471,0.519703332015,0.00876239050789,0.608618869791,0.0915187279219,0.0145379989106,0.0304871685199,0.25420183198,0.0437021259114,0.430298389381,0.020676987846,0.0513698998074,0.0392562734319,0.0426257686185,0.904045013551,0.160000420489,0.0796178369977,0.103735116054,0.189999806188,0.155780991221,10.4100543806,6.89285464477,3.95702643052,0.103828460493,0,299.569723646,1.60124326782,0.337126941001,0.0699993953572,0.107178771631,0.189999676263,0.266353496223,0.331814866286,0.408504116197,0.254981151379,0.173824721589,0.129998123655
UKR,1.4494227923835024e-5,0,0.01,0.11000145935691007,0.009999855873514596,0.0011694880530215964,0.002093832404634347,0.0016493204491296487,0.001742784197531726,0.02304254127061766,0.014167356508078733,0.9597938674221256,0.024003549479122088,0.039811490696680114,0,0.009911357240928427,0,0,0.0981879665561023,0.04858635035697405,0.07000048026126213,0.007908136492707562,0.02440224948937483,0.01,0.007942550694646196,0.030604791424696416,0.020000365003467534,0,0,0.027536783427960485,0.1699968714151632,0,0,0,0,0,0,0,20.432334733378706,0,0,0,0,0,0.0011074646470953299,0.4200000884646517,0.008762390507889992,1.6297192551851836,0.10999999999999999,0.01,0.07658329768961175,0.15000000000000002,0.03,0.43055331660970947,0.029999587010090714,0.030000000000000002,0.0699977079990832,0.030000530912372914,0.3045262723225374,0.02340984250778248,0.07961783699765192,0.020000130886626003,0.16999947693273357,0.0935773203040145,7.543477782872558,6.840050350963282,4.109939044420922,0.10382846049315572,0,299.5697236460714,1.6066370522814866,0.3277691121187034,0.3,0.18,0.32000144206503717,0.2799977959003747,0.06999955758085209,0.44999723487013105,0.2600019592476489,0.15000182501733764,0.12999812365546043
URY,1.4494227923835024e-5,0,0.007422295423679569,0.17200310797109866,0.00997772807819678,0.0011694880530215964,0.0012609603704971761,0.0016493204491296487,0.001742784197531726,0.10999910539701202,0.014167356508078733,0.8599985457718315,0.024003549479122088,2.250049790878311,0,0.009911357240928427,0,0,0.0981879665561023,0.04858635035697405,0.12034469879931313,0.027774863775010775,0.052290950093884,0.02000036500346753,0.007942550694646196,0.030604791424696416,0.020000365003467534,0,0,0.01,0.8700016294606486,0,0,0,0,0,0,0,20.432334733378706,0,0,0,0,0,0.020000392472379756,0.8600009622092325,0.008762390507889992,1.83585950819502,0.12000006772968405,0.09000027849205834,0.030000430422244224,0.31932780931604626,0.3599997855963637,0.43055331660970947,0.009999952005221833,0.10999889895125106,0.05,0.029999813617132314,0.09082849376654879,0.02340984250778248,0.07961783699765192,0.019999914065722536,0.19999903013139295,0.0935773203040145,0.5888518418407563,6.7100593276203035,2.3999895713838773,0.10382846049315572,0,299.5697236460714,1.5788915685546434,0.3051069089302349,0.013000141473640888,0.09999999999999999,0.266728853019839,0.29999206538125844,0.47908258374507223,0.44999879775902285,0.051001524253564065,0.1758104952601965,0.12999812365546043
USA,1.4494227923835024e-5,0,0.009999999999999998,0.10999933529014586,0.01,0.0011694880530215964,0.0012609603704971761,8.888983421653945e-4,0.001742784197531726,0.009999999999999998,0.014167356508078733,7.090010201679353,0.06999768500655913,0.0010538301688063992,0,0.009911357240928427,0,0,0.0981879665561023,0.04858635035697405,0.07000036500346753,0.024674439006188494,0.030549910240533357,0.009999999999999998,0.007942550694646196,0.03,0.020000365003467534,0,0,0.030000365003467533,0.16999368288060643,0,0,0,0,0,0,0,20.432334733378706,0,0,0,0,0,0.0011074646470953299,0.419999787834426,0.008762390507889992,1.1793923456891926,0.10999925671506085,0.01,0.07658329768961175,0.15000196240040817,0.03000015871420333,0.5599999999999999,0.030000381878588066,0.02999988693794024,0.0700005730002292,0.030000363486563115,0.11546095988880627,0.02340984250778248,0.07961783699765192,0.019999958925153414,0.17000045859912508,0.0935773203040145,0.09946896735726114,6.840025760186587,4.07102192918144,0.10382846049315572,0,299.5697236460714,1.5999994122694625,0.32047526279985317,0.2999922657488689,0.1799986439758628,0.3199984911069617,0.2800039674667725,0.07000048586143233,0.45000987556784516,0.2600074243642888,0.1758104952601965,0.12999812365546043
UZB,1.4494227923835024e-5,0,0.01,0.1099999101938914,0.00997772807819678,0.0011694880530215964,0.0012609603704971761,0.0016493204491296487,0.001742784197531726,0.02304254127061766,0.014167356508078733,0.9597938674221256,0.024003549479122088,0.039811490696680114,0,0.009911357240928427,0,0,0.0981879665561023,0.04858635035697405,0.12034469879931313,0.02293460257537929,0.01941578108138789,0.26682741885412264,0.007942550694646196,0.030604791424696416,0.020000365003467534,0,0,0.029999170468685193,0.17000036500346752,0,0,0,0,0,0,0,20.432334733378706,0,0,0,0,0,0.0011074646470953299,0.42000016462847467,0.008762390507889992,2.9961560536356386,0.11000034917420302,0.009999999999999998,0.07658329768961175,0.1499943933617403,0.08812910388527768,0.43055331660970947,0.029999324095978372,0.03,0.055761674689375415,0.030000776537337404,0.4405804355695066,0.02340984250778248,0.07961783699765192,0.02,0.16999772882125824,0.0935773203040145,0.310098918371571,6.840044742729307,4.07102192918144,0.10382846049315572,0,299.5697236460714,1.606887051148203,0.3243391606418733,0.2999977662117185,0.15055409782611082,0.31999999999999995,0.2799968261525034,0.47908258374507223,0.39006089962843005,0.25406805636953605,0.1758104952601965,0.12999812365546043
VCT,1.4494227923835024e-5,0,0.007422295423679569,0.1100009179364788,0.00997772807819678,0.0011694880530215964,0.0012609603704971761,0.0016493204491296487,0.001742784197531726,0.010000000000000002,0.014167356508078733,7.0899979746773285,0.06999827271381336,0.01000004718171803,0,0.009911357240928427,0,0,0.0981879665561023,0.04858635035697405,0.0699978100591284,0.017519858284371543,0.08057009140042903,0.01,0.007942550694646196,0.030604791424696416,0.020000365003467534,0,0,0.027536783427960485,0.21971129500955408,0,0,0,0,0,0,0,20.432334733378706,0,0,0,0,0,0.0011074646470953299,0.4199968334388854,0.008762390507889992,1.6079303115086065,0.10999969545770251,0.00999977674086312,0.07658329768961175,0.14999521393701543,0.030000713754509894,0.5599991027332987,0.029999650382830804,0.029999688832187198,0.055761674689375415,0.030000540745146815,0.1485323036317165,0.02340984250778248,0.07961783699765192,0.02,0.16999986810468765,0.0935773203040145,7.543477782872558,6.835232269981125,4.110075881279417,0.10382846049315572,0,299.5697236460714,1.5999957449304134,0.3424692437336226,0.3000024252419179,0.1800054499625315,0.320001539394056,0.27999675469554985,0.06999945925485318,0.4500005530300516,0.2599895941727367,0.1758104952601965,0.12999812365546043
VEN,1.4494227923835024e-5,0,0.007422295423679569,0.17200310797109866,0.00997772807819678,0.0011694880530215964,0.0012609603704971761,0.0016493204491296487,0.001742784197531726,0.11000120144860376,0.014167356508078733,0.8599931200550396,0.024003549479122088,0.025036864287133583,0,0.029999367968651245,0,0,0.0981879665561023,0.04858635035697405,0.12034469879931313,0.037614137281317454,0.14304100291854535,0.02000036500346753,0.007942550694646196,0.05,0.020000365003467534,0,0,0.027536783427960485,0.8699963499209149,0,0,0,0,0,0,0,94.00025093816656,0,0,0,0,0,0.0011074646470953299,0.8600002993205422,0.008762390507889992,1.9643985773772064,0.11999965365566448,0.09,0.03000029331534332,0.31932780931604626,0.36,0.4121988706176497,0.01,0.11000054717566161,0.055761674689375415,0.03000055087313392,0.5429386738127949,0.02340984250778248,0.07961783699765192,0.019999838873402835,0.2,2.0791616220769448e-4,0.24046101976859896,6.709913872090893,2.400039818163719,0.10382846049315572,0,299.5697236460714,1.5702070596445343,0.3053191708805751,0.013000231499344086,0.1,0.266728853019839,0.30000417623721026,0.47908258374507223,0.4499944696383143,0.05100048089991009,0.1758104952601965,0.12999812365546043
VNM,1.44942279238e-05,0,0.00914076514123,0.13066833901,0.00998515205213,0.0107794153753,0.0012609603705,0.00164932044913,0.00129799513734,0.0186950275137,0.0261116680669,0.739932184244,0.0240035494791,0.0377811540629,0,0.00991135724093,0,0,0.192122391116,0.0695294689003,0.203443548887,0.106680679551,0.0349931544138,0.156666394535,0.011961794054,0.0304031942831,0.0200003650035,0,0,0.0291790494771,0.196571770016,0,0,0,0,0,0,0,13.6815590504,0,0,0,0,0,0.0011074646471,0.630006392771,0.0158415936719,1.45598729753,0.720002695952,0.020124419853,0.332196363827,0.363108742194,0.0533330218182,0.43055331661,0.030000162184,0.0299998428252,0.0557616746894,0.0466671208891,0.0958176539702,0.0389393783606,0.126411966665,0.0733322443278,0.433334919436,0.13010370363,46.2115496092,6.83844086561,4.08402191949,0.179217577488,0,299.569723646,1.85042412051,0.335146762334,0.283331743102,0.156851220076,0.290004164612,0.236667030545,0.372720332015,0.410045792669,0.258025061803,0.217208213518,0.129998123655
VUT,1.44942279238e-05,0,0.00914076514123,0.13066833901,0.00998515205213,0.0107794153753,0.0012609603705,0.00164932044913,0.00129799513734,0.0186950275137,0.0261116680669,0.739932184244,0.0240035494791,0.0377811540629,0,0.00991135724093,0,0,0.192122391116,0.0695294689003,0.203443548887,0.106680679551,0.0349931544138,0.156666394535,0.011961794054,0.0304031942831,0.0200003650035,0,0,0.0291790494771,0.196571770016,0,0,0,0,0,0,0,13.6815590504,0,0,0,0,0,0.0011074646471,0.630006392771,0.0158415936719,1.45598729753,0.720002695952,0.020124419853,0.332196363827,0.363108742194,0.0533330218182,0.43055331661,0.030000162184,0.0299998428252,0.0557616746894,0.0466671208891,0.0958176539702,0.0389393783606,0.126411966665,0.0733322443278,0.433334919436,0.13010370363,46.2115496092,6.83844086561,4.08402191949,0.179217577488,0,299.569723646,1.85042412051,0.335146762334,0.283331743102,0.156851220076,0.290004164612,0.236667030545,0.372720332015,0.410045792669,0.258025061803,0.217208213518,0.129998123655
WSM,1.44942279238e-05,0,0.00896891816947,0.104386234313,0.00998663684692,0.00693559044242,0.00159411186287,0.00149724200196,0.00469559330366,0.0178255347716,0.021333814367,1.87000342664,0.0332028651892,0.0795316010812,0,0.00991135724093,0,0,0.154549380443,0.151714957026,0.140001954236,0.0633408392867,0.0642661690125,0.106000204847,0.0103540405557,0.0306047914247,0.0200003650035,0,0,0.0300001520853,0.189884226008,0,0,0,0,0,0,0,16.3818667249,0,0,0,0,0,0.0011074646471,0.512001891825,0.013009995354,1.09725898834,0.522001190957,0.019074614834,0.313313338881,0.277864358405,0.0439993276209,0.43055331661,0.0300001565812,0.029999860157,0.0586091055732,0.0399998341992,0.203718405073,0.0327278740062,0.10769330752,0.052000212251,0.375999616154,0.107733669066,4.62499144001,6.84014518831,3.88195548642,0.149063025176,0,299.656508924,1.7636606999,0.343382027546,0.290000596866,0.172001292763,0.310000380843,0.254000143621,0.284002641869,0.430001151383,0.259998019285,0.215166106545,0.129998080073
YEM,1.4494227923835024e-5,0,0.007422295423679569,0.11000110765919964,0.00997772807819678,0.0011694880530215964,2.0622339325182095e-4,9.078660564061814e-5,0.001742784197531726,0.02304254127061766,0.014167356508078733,7.0901348474095105,0.024003549479122088,0.039811490696680114,0,0.009911357240928427,0,0,0.0981879665561023,0.04858635035697405,0.07000034218840893,0.027701787940511383,0.0118639865321116,0.26682741885412264,0.007942550694646196,0.030604791424696416,0.020000365003467534,0,0,0.030000000000000002,0.1699978100591284,0,0,0,0,0,0,0,20.432334733378706,0,0,0,0,0,0.0011074646470953299,0.41999924474151273,0.008762390507889992,0.8827803207694774,0.10999727504686094,0.01,0.07658329768961175,0.15000196240040817,0.029999598377444876,0.43055331660970947,0.029999208672944526,0.030000143137282966,0.06999988858311142,0.029999704552840727,0.41510410610154874,0.02340984250778248,0.07961783699765192,0.020000573624734695,0.1700017944280116,0.0935773203040145,0.14179229555169418,6.835232269981125,4.109862033725089,0.10382846049315572,0,299.5697236460714,1.5999920270638923,0.40788457745328216,0.300002122105978,0.1799966591497536,0.32000461680517084,0.22260015192314783,0.07000194666147556,0.39006089962843005,0.25406805636953605,0.1758104952601965,0.12999812365546043
ZAF,3.082615984254548e-4,0,0.007422295423679569,0.3471068919023381,0.01,0.0011694880530215964,0.0024015269725927023,0.0024151549832074786,0.001742784197531726,0.02304254127061766,0.01129163556428055,1.3515124505598575,0.024003549479122088,0.039811490696680114,0,0.009911357240928427,0,0,0.0981879665561023,0.14916713674221055,0.012499411293740876,0.01544191281249149,0.0040984123674906135,0.01,0.007942550694646196,0.030604791424696416,0.020000365003467534,0,0,0.027536783427960485,0.16999726252395292,0,0,0,0,0,0,0,57.20079084445459,0,0,0,0,0,0.0011074646470953299,0.5197007109710928,0.008762390507889992,1.6532548616809222,0.06000213422225384,0.007499999999999999,0.009999999999999998,0.15000109020343197,0.04000030175242722,0.43055331660970947,0.02,0.051167961017207254,0.01999959890903257,0.041667029853998686,0.447836172540883,0.15999951201063817,0.07961783699765192,0.10373511605358637,0.1900007274843591,0.0935773203040145,16.377332536432515,6.959995724325913,3.329953767539947,0.10382846049315572,0,299.5697236460714,1.6000033927248671,0.3300000274930717,0.06999915117562176,0.06999733191035219,0.1900048415729733,0.26999127191938427,0.16000094193001463,0.4499993087143469,0.2599978840457046,0.1758104952601965,0.12999812365546043
ZMB,0.000308260504662,0,0.00742229542368,0.423553705533,0.00998090978131,0.00116948805302,0.00215710557786,0.00225106805644,0.00174278419753,0.0140060525769,0.0112916966596,1.35152900001,0.0243763784381,0.0320992703959,0,0.00991135724093,0,0,0.0981879665561,0.134798053827,0.043312730379,0.0273671877304,0.0312045512332,0.0650344468973,0.00794255069465,0.0304751610756,0.0200003650035,0,0,0.0260871146138,0.198406707764,0,0,0,0,0,0,0,57.1999734072,0,0,0,0,0,0.0011074646471,0.519702820153,0.00876239050789,1.20450442046,0.0600000721777,0.0173028185054,0.0195119089339,0.198379964263,0.043437816643,0.430277801998,0.0199998873438,0.0511663817057,0.0302176148322,0.0416667363085,0.621542281639,0.16000108867,0.0796178369977,0.103735116054,0.189999113398,0.101968711912,8.82125815988,6.90652070188,3.43588361164,0.103828460493,0,299.569723646,1.60135429179,0.344696913623,0.0700003212361,0.0757538705974,0.190000010118,0.270000721067,0.205582947133,0.420030840582,0.256610470308,0.17581049526,0.129998123655
ZWE,3.082630588629629e-4,0,0.007422295423679569,0.3471069386570728,0.00997772807819678,0.0011694880530215964,0.002401445938653368,0.00241514297415143,0.001742784197531726,0.012499965989078413,0.011291694759423843,1.3515353418308227,0.024003549479122088,0.039811490696680114,0,0.009911357240928427,0,0,0.0981879665561023,0.14916738977728192,0.012500088592792091,0.02714474969751713,0.006138059973505299,0.010000000000000002,0.007942550694646196,0.03,0.020000365003467534,0,0,0.027536783427960485,0.21971129500955408,0,0,0,0,0,0,0,57.19936793376658,0,0,0,0,0,0.0011074646470953299,0.5197005647829429,0.008762390507889992,0.5436787676650338,0.0600001394184855,0.007499724457180646,0.01,0.31932780931604626,0.0400005370761574,0.43055331660970947,0.020000234395143333,0.0511665846283665,0.055761674689375415,0.04166905752402812,0.17279876055894228,0.160002353099368,0.07961783699765192,0.10373511605358637,0.19000275216733178,0.023524305434796215,3.9441598934645574,6.960087588334827,3.3300361353432857,0.10382846049315572,0,299.5697236460714,1.5999954266898382,0.3300911929180186,0.0700023362666459,0.06999999999999999,0.19000749906261716,0.2700059512001587,0.47908258374507223,0.39006089962843005,0.26000317393144307,0.1758104952601965,0.12999812365546043
