ISO3,wheat,rice,barley,maize,rye,oats,millet,sorghum,othr_grains,cassava,potato,sweet_potato,yams,othr_roots,sugar_cane,sugar_non,raw_sugar,sweeteners,honey,beans,peas,othr_pulse,nuts,soyabeans,groundnut,seed_sunflower,seed_rape,seed_cotton,coconuts,seed_sesame,preserved_olives,seed_oilcrop,oil_soyabeans,oil_groundnut,oil_sunflower,oil_rape,oil_cotton,oil_palmkernel,oil_palm,oil_coconut,oil_sesame,oil_olive,oil_ricebran,oil_maize,oil_oilcrop,tomato,onion,othr_vegetables,orange,lemon,grapefruit,citrus,banana,plantains,apple,pineapple,dates,grapes,othr_fruits,beef,lamb,pork,poultry,othr_meat,offals,butter,cream,fat_ani,oil_fish_body,oil_fish_liver,eggs,milk,fish_freshw,fish_demrs,fish_pelag,fish_marine,crustaceans,cephalopods,othr_molluscs,fish_aquatic,fish_aquaticplant
AGO,0.0021047484007431223,0.0020000200825392367,0.0026536123061838965,0.0018376221016280217,0.0029399906089225985,0.0011900208051976494,0.004139069113412816,0.0018486420416583176,0.004198488700632302,8.800100639329311e-4,0.002667543859649123,0.002700036186732338,0.0033348494652087005,0.002198176673525794,0,0,0,2.0000365003467533e-5,1.9999999999999998e-4,0.005130573312629817,0.001740002401662072,0.004320162325783091,0.004499862344093154,0.008325596630790829,0.005899951116180544,0.013449918063077637,0.003970142716355805,0,2e-4,0.007900038933229513,9.224422832991293e-5,0.0038668598418254998,0,0,0,0,0,0,0,0,0,0,0,0,0,8.500018830973185e-4,9.933308549348295e-4,0.001962814735787309,6.999786135467905e-4,6.208095702408529e-4,4.137403165375939e-4,3.600144994397944e-4,0.003399953358208955,0.002996302729009733,4e-4,8.625142030781942e-4,0.0016148462680272671,0.0010999874859216618,0.001934824951730099,0.0032000579458206575,0.003999914973216563,0.0031999739268358043,0.0034000090254744015,0.0038300091036994124,0.00584722251334141,3.0000552730488614e-5,2.59299482224465e-4,0,0,0,0.001875711530319424,4.998785417055519e-4,0.0017999999999999997,0.0031999999999999997,0.004,0.0030000655780706934,0.0015000182501733767,0.0015000460871969767,5.000024534623792e-4,0.0012000006355565261,3.199989542543558e-4
ALB,4.8583005217805276e-4,0.00107,0.0025999178757185873,0.0015964938731696506,0.0029400196121159294,0.0011900208051976494,0.012083206976791092,0.0018486420416583176,0.004198488700632302,8.799971046267776e-4,0.0020300461677775633,0.0020900133282559024,0.0033348494652087005,0.002198176673525794,0,0,0,3.0000332321598687e-5,2.4000396746677247e-4,0.004010014492642492,0.001740002401662072,0.0028382018679679686,0.0046202518425028,0.003770120816147753,0.003480029200125143,0.013449918063077637,0.003970142716355805,0,5.399859616284511e-4,0.004698971176035836,8.999990156414573e-5,0.0038668598418254998,0,0,0,0,0,0,0,0,0,0,0,0,0,7.999683551131664e-4,0.0012000034131523388,0.001568462998905215,7.499812397488627e-4,4.2999999999999994e-4,4.199943084803643e-4,3.599970928119777e-4,0.003670021863784497,0.002996302729009733,4.0999220791126186e-4,0.0011199961830239992,0.0016499906848294228,8.600085394271022e-4,4.887017848377622e-4,0.0032999873131628285,0.0013000046741140883,0.002839996664363489,0.0034999957093698785,0.004211297466004408,0.001876812397352061,3.00003532445512e-5,2.6000547495209415e-4,0,0,0,0.001700017429410163,1.9626476537992058e-4,0.001999955904400741,0.002600028343332231,0.00400004651487313,0.0030000881678716273,0.0015000251724311534,0.0015000291069973224,4.999999999999999e-4,0.0012000006355565261,3.199989542543558e-4
ARE,0.0037770702149022783,0.0010700032844922552,0.0026536123061838965,0.00622,0.0029399906089225985,0.0011899937104821344,0.012083206976791092,0.0018486420416583176,0.004198488700632302,8.79993679719801e-4,0.0020300133621132697,0.0020900062216282233,0.0033348494652087005,0.0017900289017341038,0,0,0,3.0000486665368893e-5,2.4000398181637185e-4,0.004009952753466038,0.00174,0.005243643086262335,0.004908434582322265,0.003769932679049396,0.0034799731053693213,0.013449918063077637,0.003970142716355805,0,5.400010822594485e-4,0.004000162223544044,9.000384221311475e-5,0.0038668598418254998,0,0,0,0,0,0,0,0,0,0,0,0,0,8.000050726108003e-4,0.001199997828353023,0.002653455450462569,7.500122515988336e-4,4.300011699265073e-4,4.200031303803412e-4,3.6000697730196457e-4,0.0036700021935093014,0.002996302729009733,4.1000597068730497e-4,0.00112,0.0016499940312761129,8.600144890124989e-4,6.475580989614201e-4,0.0033000237034819164,0.0012999846555163419,0.0028449675380603696,0.0035000102249787466,0.0040171020671194175,0.0018512394559678268,3.000059612518629e-5,2.599963500319372e-4,0,0,0,0.0017105189022364807,3.97212672359617e-4,0.002,0.0026000090432850382,0.004000025669986652,0.003,0.0014999815191277027,0.0015000276518084281,5e-4,0.0012000006355565261,3.199989542543558e-4
ARG,4.85825601592903e-4,0.0017099821005453959,0.0026536123061838965,0.0015964979930941402,0.0029399906089225985,0.0011900232275190799,0.012083206976791092,0.0018486420416583176,0.004198488700632302,8.800097050973818e-4,0.0020300160522261053,0.0020899941816589765,0.0033348494652087005,0.002198176673525794,0,0,0,2.9999999999999997e-5,2.3999452504790583e-4,0.004010098552135296,0.001740002401662072,0.0038634608332775407,0.004152092326265382,0.004131133097310413,0.004025820720098077,0.013449918063077637,0.003970142716355805,0,5.399986838930443e-4,0.0040000243332684446,1.2000219002080518e-4,0.0038668598418254998,0,0,0,0,0,0,0,0,0,0,0,0,0,8.000049473548437e-4,0.0011999969849321986,0.001933993025875552,7.499977379045756e-4,8.000040598008668e-4,4.200014890369653e-4,3.600050486950411e-4,0.0036700019377455214,0.002996302729009733,4.0999754820658516e-4,0.0011199883151975462,0.0016148462680272671,0.001099984896541308,3.2157719819039257e-4,0.003300013709047151,0.0013000296581893677,0.002840010660033757,0.0038999226963008387,0.003808758845221375,0.0019260749945294463,2.9999999999999997e-5,2.600073001581701e-4,0,0,0,0.0017000006598612972,1.3885140737679037e-4,0.002,0.00286998483386185,0.003999919133106906,0.0029998942022852306,0.0015,0.0015,5.000125952515901e-4,0.0012000006355565261,3.199989542543558e-4
ARM,0.003776978054176211,0.0010699971742099562,0.0026536123061838965,0.006219948413470898,0.0029399580253672776,0.0011900093857545103,0.012083206976791092,0.0018486420416583176,0.0048199071594312,8.799971046267776e-4,0.0020300347791994394,0.0022294010206187842,0.0033348494652087005,0.002198176673525794,0,0,0,3.0000361389180006e-5,2.4000326868598825e-4,0.0031514252099184925,0.001740002401662072,0.004320162325783091,0.0053213698373565784,0.004131133097310413,0.0034799668187474077,0.013449918063077637,0.003970142716355805,0,5.400093589143659e-4,0.0040000243332684446,9.000105289018355e-5,0.0038668598418254998,0,0,0,0,0,0,0,0,0,0,0,0,0,7.999890972525076e-4,0.001200009464543454,0.0013449935250392842,7.499975509164471e-4,4.2999680289870513e-4,4.1999830850459723e-4,3.6000826275562904e-4,0.003669952626979625,0.002996302729009733,4.099943858596627e-4,0.0011199867874150126,0.0016499933150611672,8.600065928399147e-4,3.420551683324396e-4,0.0032999944144219626,0.0013,0.002840028374011507,0.0035,0.004211297466004408,0.0026875085125012163,3.0001016983626565e-5,2.6000292002774025e-4,0,0,0,0.001702620265109515,1.7148437617679519e-4,0.001999951217132543,0.002599942368648545,0.00400005029675083,0.0029999999999999996,0.00150000730001606,0.0014999833918532288,5e-4,0.0012000006355565261,3.199989542543558e-4
ATG,4.858248397906456e-4,0.0017099852828146701,0.0026536123061838965,0.0015964753754658255,0.0029399906089225985,0.0011899955906129046,0.012083206976791092,0.0018486420416583176,0.004198488700632302,8.799920995457239e-4,0.0020299891486633124,0.0020900407335598284,0.002929987688718979,0.002198176673525794,0,0,0,2.999955918007494e-5,2.3999660470248708e-4,0.0040099035172801055,0.0017400021159542955,0.004320162325783091,0.005278667176858712,0.0037701164681288777,0.0034800065373719767,0.013449918063077637,0.003970142716355805,0,5.400093589143659e-4,0.004698971176035836,1.2e-4,0.0038668598418254998,0,0,0,0,0,0,0,0,0,0,0,0,0,8.000112973783805e-4,0.0011999955827705967,0.0017998963265998904,7.499963499629024e-4,8e-4,4.2000316227754254e-4,3.600067834387189e-4,0.003670033098531783,0.002989985961628451,4.1000043870124936e-4,0.0011199557651379209,0.002490029796011918,0.0010999915537483259,9.153555861993596e-4,0.0032999862818122233,0.0012999666247336399,0.002839988829935772,0.0038999513423919373,0.004211297466004408,0.002073410411621197,3.0000105034145773e-5,2.599963500319372e-4,0,0,0,0.0016950969729500618,1.5413135460375666e-4,0.001999977364298972,0.0028699900942713726,0.004000013065320067,0.0030000129160585357,0.0014999771876996076,0.0014999910801891001,5.000124878243712e-4,0.0012000006355565261,3.199989542543558e-4
AUS,4.858265799220936e-4,0.0010700167684672005,0.0026536123061838965,0.0015964506238737395,0.002940040302650089,0.0011900388555280818,0.012083206976791092,0.0018486420416583176,0.004198488700632302,8.800118506814143e-4,0.0020299812617114305,0.0020899816234712628,0.0033348494652087005,0.003210854292175174,0,0,0,3.0000040242582284e-5,2.3999615790990303e-4,0.00401009824497369,0.001739996654145058,0.003927766953630402,0.0027914898874999,0.0037700483091787436,0.0034798761609907123,0.013449918063077637,0.003970142716355805,0,5.399863516719201e-4,0.004698971176035836,8.99990680914513e-5,0.0038668598418254998,0,0,0,0,0,0,0,0,0,0,0,0,0,7.999941904280847e-4,0.0011999933429860036,0.0014234327332358877,7.49998518667749e-4,4.2999999999999994e-4,4.200096415412692e-4,3.599947671376243e-4,0.0036700064072324274,0.002996302729009733,4.0999630919701975e-4,0.0011199986475215833,0.0016500463340756006,8.600032607594044e-4,6.118212814701508e-4,0.0032999377998933713,0.0013000090944416424,0.002840016771654911,0.0034999578994639197,0.003800042989951099,0.002044667438685345,3e-5,2.6000547495209415e-4,0,0,0,0.0017000133888759707,1.3934428472993254e-4,0.0020000391175089972,0.002599962652599146,0.003999969068019425,0.0029999673469387755,0.0014999999999999998,0.0014999649982499123,5e-4,0.0012000182498403138,3.199989542543558e-4
AUT,4.858302311906655e-4,0.0010700045624962805,0.00260003345854942,0.001596461473366827,0.0029399119959604703,0.0011900018149186313,0.012083206976791092,0.0018486420416583176,0.004198488700632302,8.799971046267776e-4,0.0020299763344727847,0.002089965865693332,0.0033348494652087005,0.002198176673525794,0,0,0,2.999979684569076e-5,2.3999746088170881e-4,0.004009989434252233,0.001739923895317232,0.0031903740118226515,0.003994964252935642,0.0037699844180238643,0.0034799697320395265,0.01344972963064797,0.003970142716355805,0,5.40020868905331e-4,0.003999971923125518,9.000102817191034e-5,0.00683991462113127,0,0,0,0,0,0,0,0,0,0,0,0,0,7.999892710282688e-4,0.001200012515674679,0.0014803870662918276,7.500011357802583e-4,4.3000582799100824e-4,4.20005644933672e-4,3.599947671376243e-4,0.0036700044168968145,0.002996302729009733,4.100013062718619e-4,0.0011199974325235085,0.0016500114600045837,8.600170333255909e-4,3.944416141374322e-4,0.003299995545061701,0.0012999794955915523,0.0028399985377046896,0.0034999190458200654,0.003960701048236179,0.0021563453057205978,2.9999595447435135e-5,2.600019883256877e-4,0,0,0,0.0017037905861203874,1.538778310059965e-4,0.002,0.0026000287800841816,0.003999968111228037,0.0030000967679504544,0.0014999940650705663,0.0014999654361952163,4.999923336399877e-4,0.0012000208572322453,3.199989542543558e-4
AZE,0.0037771069179711528,0.0010700091250126736,0.0026000292002774025,0.006220090769689922,0.002939945493478684,0.0011900208051976494,0.012083206976791092,0.0018486420416583176,0.004578464822494008,8.799971046267776e-4,0.0020299729269378656,0.0022294010206187842,0.0033348494652087005,0.002198176673525794,0,0,0,2.9999554882934216e-5,2.3999532798972155e-4,0.0031514252099184925,0.001740002401662072,0.004320162325783091,0.004886300664619183,0.004131133097310413,0.0034800292001251434,0.013449918063077637,0.003970142716355805,0,5.399873657612129e-4,0.004698971176035836,8.99991889042096e-5,0.0038668598418254998,0,0,0,0,0,0,0,0,0,0,0,0,0,7.999962305950605e-4,0.0012000077783683575,0.001197903187738315,7.5e-4,4.299948130334324e-4,4.2001180637544274e-4,3.600057087129231e-4,0.0036699915930108384,0.002996302729009733,4.1000371234248815e-4,0.0011199961830239992,0.0016499766027140853,8.599926621232439e-4,7.027097859631521e-4,0.0033000182796389522,0.0012999919806619391,0.0028400281888653982,0.003500029385836027,0.004211297466004408,0.0021660205768595734,3.0000629049506194e-5,2.600073001581701e-4,0,0,0,0.0017005558816159429,1.5469138034060158e-4,0.0020000530532123723,0.0026000160089650207,0.00399986252405829,0.0029999682610213603,0.0015000182501733767,0.0014999833918532288,5.000024534623792e-4,0.0012000006355565261,3.199989542543558e-4
BEL,4.8582936765933544e-4,0.0010699892443856989,0.0026000104286161225,0.0015964856243285061,0.0029399736147757254,0.0011900161030595812,0.012083206976791092,0.0018486420416583176,0.004198488700632302,8.799971046267776e-4,0.0020300141791312226,0.0022294010206187842,0.0033348494652087005,0.002198176673525794,0,0,0,3.0000126297708962e-5,2.4000579374275783e-4,0.004009976640062293,0.0017399857712889358,0.004391459539918239,0.004041058611530038,0.0037701058522934664,0.0034799933082901168,0.013449918063077637,0.003970142716355805,0,5.399917115623705e-4,0.004698971176035836,8.999895713838774e-5,0.0038668598418254998,0,0,0,0,0,0,0,0,0,0,0,0,0,7.999948876918858e-4,0.0012000539047234014,0.001571442962922679,7.500032202800356e-4,4.2998560569711353e-4,4.200055094732332e-4,3.600062796813061e-4,0.003669975782448746,0.0029900686838685727,4.0999254665153944e-4,0.001119992564364718,0.0016499858437146091,8.600015029360932e-4,4.5304314877436054e-4,0.003300010363603026,0.0013000031101296926,0.002839946201502501,0.0034999598167644464,0.003988227209581063,0.0014474070162661193,3.0000243920286852e-5,2.599991346997211e-4,0,0,0,0.0017003551183106178,1.4175601671369005e-4,0.001999943316280981,0.002599942844441622,0.004000030702158362,0.002999938491819412,0.0014999784026607922,0.001499990782900437,4.999939197159291e-4,0.0011999951333463111,3.199989542543558e-4
BEN,0.002104790777869805,0.0020000246899694253,0.0026536123061838965,0.0019999818858628215,0.0029399906089225985,0.0011900208051976494,0.004139112858320155,0.002502381310301473,0.004198488700632302,8.800053188149383e-4,0.002667452165671986,0.002699968526595027,0.003352587937240921,0.002399938014699371,0,0,0,1.9999478569193866e-5,2.3578884254419857e-4,0.005130682502526721,0.001740002401662072,0.0017504272082923364,0.0044867444813020555,0.004131133097310413,0.005900090969328736,0.013449918063077637,0.003970142716355805,0,1.9999999999999998e-4,0.007900161030595812,1.1999817501596861e-4,8.900052299815574e-4,0,0,0,0,0,0,0,0,0,0,0,0,0,8.500083073524955e-4,9.93335224049915e-4,0.0026887771416870057,7.000076382523678e-4,5.000053285021581e-4,3.9998622636961534e-4,3.600050486950411e-4,0.0033998703823720027,0.002996302729009733,3.9999701795192936e-4,8.624850368030971e-4,0.0011999938292554997,0.0010999859840919444,7.354077094333155e-4,0.003199983754366014,0.004000053885116931,0.003200075642965204,0.0033999898163706473,0.0038359871897571817,0.00657006802280453,3.0000105034145773e-5,2.0000365003467531e-4,0,0,0,0.00169997389715479,4.795491219000173e-4,0.0018000388777295409,0.003199945112433749,0.003999955171022549,0.0030000130936325663,0.0015,0.0014999833918532288,5.000024534623792e-4,0.0012000006355565261,3.199989542543558e-4
BFA,0.0021047970326992815,0.0020000142578097155,0.0026536123061838965,0.001999980332803669,0.0029399906089225985,0.0011899937104821344,0.004138969920137727,0.002502373163034237,0.004820177098312268,8.800524719193243e-4,0.0026675102199727467,0.002699995496683629,0.0033526754979913906,0.002198176673525794,0,0,0,2.0000584001284802e-5,2.3578884254419857e-4,0.0031514252099184925,0.0017400080300762856,0.0034755786689419114,0.001618122014905399,0.008325784621942773,0.005899998659319739,0.013449918063077637,0.003970142716355805,0,1.9999298097845162e-4,0.007899967474973799,1.2000219002080518e-4,0.0038668598418254998,0,0,0,0,0,0,0,0,0,0,0,0,0,8.5e-4,0.0011811994937568928,0.0018888261732760744,7.000034593697029e-4,5.00016969285593e-4,4.000043862534816e-4,3.600050486950411e-4,0.0033999273519796586,0.0029999463528906853,4e-4,8.624653190646056e-4,0.0011999936134883126,0.0011000097638542115,0.0010420966758858715,0.0031999509222526688,0.004,0.0032000691782203905,0.003399980820866897,0.0038285096051807414,0.006679380991297136,2.9999543899657926e-5,2.59299482224465e-4,0,0,0,0.0017000634409766817,4.88386314685396e-4,0.0017999823617602963,0.002775457768579582,0.004,0.003000156095530465,0.0015000182501733767,0.0014999833918532288,5.000024534623792e-4,0.0012000006355565261,3.199989542543558e-4
BGD,0.003777169213651291,0.001070006967182351,0.0026536123061838965,0.006219888068780923,0.0029399906089225985,0.0011899937104821344,0.003829424938458976,0.0018486420416583176,0.004198488700632302,8.799860954201791e-4,0.0020299865586268597,0.002089974218591582,0.0033348494652087005,0.002198176673525794,0,0,0,3.000039248008164e-5,2.3578884254419857e-4,0.004010000973330738,0.0017400059591796196,0.004947067197743294,0.0020967846399650067,0.003769931102362205,0.003480022386606969,0.013449918063077637,0.003970142716355805,0,5.400098269750464e-4,0.004698971176035836,9.224422832991293e-5,0.0038668598418254998,0,0,0,0,0,0,0,0,0,0,0,0,0,8.000052776018577e-4,0.0011999980216823613,0.0025526942744884726,7.499864211612622e-4,4.30008776328987e-4,3.59993299333656e-4,3.600041863994348e-4,0.00367004180662623,0.002996302729009733,4.0999359658484526e-4,0.00112,0.0016148462680272671,8.600090426133153e-4,9.621823190342237e-4,0.003299925724189156,0.0012999895474025296,0.0028449675380603696,0.0035000416944629747,0.00383079559587331,0.002258945282219718,3e-5,2.59299482224465e-4,0,0,0,0.0018986779337603929,4.352481579899485e-4,0.002999984705660435,0.002809926464799156,0.004,0.0029999682610213603,0.0015000561538365549,0.0014999833918532288,5.000024534623792e-4,0.0012000006355565261,3.199989542543558e-4
BGR,4.85820563790625e-4,0.0010699544813097498,0.0026000217912399218,0.0015965011548806905,0.0029399783705839943,0.0011900093857545105,0.012083206976791092,0.0018486420416583176,0.004198488700632302,8.799971046267776e-4,0.002029995692524572,0.0020900543828924326,0.0033348494652087005,0.002198176673525794,0,0,0,2.9999435570356156e-5,2.3999821953173687e-4,0.0040100596456868155,0.0017400146000625715,0.005306840042878897,0.0028620272847742993,0.0037699607628433247,0.0034799687146954026,0.013449833492696758,0.003970142716355805,0,5.399986838930443e-4,0.004000060832801047,9.000063663179339e-5,0.0038668598418254998,0,0,0,0,0,0,0,0,0,0,0,0,0,8.000017572800819e-4,0.0012000107431579512,0.0016584751943017886,7.500019584955619e-4,4.30014945740464e-4,4.2000918235318664e-4,3.5999313186813183e-4,0.003670008645664275,0.0029899899628353633,4.0999840174742283e-4,0.0011200026630271962,0.0016499766027140853,8.599955165456708e-4,4.4366546743399634e-4,0.003300013019514806,0.00129999268310529,0.0028400871582429125,0.0034998761611592403,0.004877861924517509,0.002291010324430119,3.0000731314904197e-5,2.599960181836281e-4,0,0,0,0.001702517749551144,2.0614813858974872e-4,0.002,0.0026000315398620848,0.004,0.002999920653812584,0.0015000243332684445,0.0015000460871969767,4.99992653001249e-4,0.0012000219002080519,3.199989542543558e-4
BHS,4.858301175729967e-4,0.001069998409284247,0.0025999743860660196,0.0015965073131289794,0.002939994160015573,0.0011899736147757255,0.012083206976791092,0.0018486420416583176,0.004198488700632302,8.800015518712982e-4,0.002030006273151454,0.00209005269040396,0.0033348494652087005,0.002198176673525794,0,0,0,3.0001053356164216e-5,2.400015642924184e-4,0.004010052656773576,0.001739950360132373,0.004320162325783091,0.005278667176858712,0.0037699607628433247,0.003479925512104283,0.01344981412639405,0.003970142716355805,0,5.400035461362759e-4,0.004698971176035836,8.99990875079843e-5,0.006840196537201684,0,0,0,0,0,0,0,0,0,0,0,0,0,7.999950553075093e-4,0.0012000405481370896,0.00122911907871516,7.500274345657612e-4,4.3000867230366403e-4,4.200035810788814e-4,3.600050486950411e-4,0.0036699991355362365,0.002989978162533146,4.0999460950629424e-4,0.001120011226494527,0.0016499679127226056,8.599974235289065e-4,7.214141745902024e-4,0.0033000019507246946,0.0013000018101840957,0.0028399586265020235,0.0034999826884156127,0.004211297466004408,0.00158529530719547,2.9999215706778908e-5,2.60003345854942e-4,0,0,0,0.0017146059480946086,3.249865343071104e-4,0.0019999013028030002,0.0025999944478374325,0.004,0.0030000419832906505,0.0014999851926437054,0.001500018434538952,5.000242659548653e-4,0.0011999951333463111,3.199989542543558e-4
BIH,4.8582856653545396e-4,0.0010700028815675729,0.002599958365137742,0.0015964772331093391,0.0029400022812820802,0.0011900093857545103,0.012083206976791092,0.0018486420416583176,0.0014991764214536357,8.799971046267776e-4,0.002030026461118892,0.0020900081111223765,0.0033348494652087005,0.002198176673525794,0,0,0,2.9999923958420463e-5,2.3999660470248708e-4,0.004009995886106419,0.0017400251730648206,0.0049214453408371085,0.005302996842532006,0.0037699728109054347,0.0034799255707435766,0.013449918063077637,0.003970142716355805,0,5.400025269187034e-4,0.004698971176035836,9.000156429241838e-5,0.006839962564342536,0,0,0,0,0,0,0,0,0,0,0,0,0,8.000008083878322e-4,0.0011999980661567768,0.002160642895593253,7.500122209729671e-4,4.299939722724533e-4,4.2000484625881576e-4,3.600050486950411e-4,0.003670023336849845,0.002996302729009733,4.099945616049308e-4,0.0011200062980404506,0.0016499766027140853,8.599753580559928e-4,3.399732130240457e-4,0.003299979125563105,0.0013,0.0028400073931969844,0.0035000060608264545,0.004211297466004408,0.001931188637993044,3.000056366608421e-5,2.6000579374275783e-4,0,0,0,0.0017000104866993697,1.5260354141127756e-4,0.0020000420221036263,0.0026000315398620848,0.004000000000000001,0.003,0.0014999635009854736,0.0015000502765208648,5e-4,0.0012000006355565261,3.199989542543558e-4
BLR,4.8582460827068256e-4,0.0010700022577327347,0.002599990288276331,0.0015964858628263227,0.002940006194484196,0.0011900060967977681,0.012083206976791092,0.0018486420416583176,0.0016231360831382132,8.799971046267776e-4,0.002030006599938625,0.0022294010206187842,0.0033348494652087005,0.002198176673525794,0,0,0,3.0000979863798933e-5,2.4000417144644904e-4,0.0031514252099184925,0.001740002401662072,0.004320162325783091,0.004826048612792205,0.003770084666039511,0.003479925448474023,0.013449918063077637,0.003970142716355805,0,5.399868392191269e-4,0.004698971176035836,9.000045625294664e-5,0.0038668598418254998,0,0,0,0,0,0,0,0,0,0,0,0,0,8.000131060167538e-4,0.0012000027541949833,0.0015191411870315286,7.500147834714219e-4,4.2999999999999994e-4,4.2000700361853626e-4,3.600041863994348e-4,0.0036699636323561827,0.0029899483378256963,4.0999306464100386e-4,0.0011200396825396825,0.0016500210576980928,8.600198681477468e-4,3.6343383766673803e-4,0.0032999947118859175,0.0013000379154905844,0.002840057575188651,0.0034998894387821395,0.004150043115837885,0.00172115499526216,2.9999999999999997e-5,2.600023548804898e-4,0,0,0,0.0017032589088747335,1.396204459801992e-4,0.001999927604430609,0.002600027641489876,0.004,0.002999953325554259,0.0014999594452104795,0.0015000276518084281,5.000052898857384e-4,0.0012000006355565261,3.199989542543558e-4
BLZ,4.858254848998268e-4,0.0017099959790142839,0.0026536123061838965,0.006220026795887959,0.0029399906089225985,0.0011900138204755661,0.012083206976791092,0.004430076128897695,0.004198488700632302,8.79986095420179e-4,0.0020299807043829676,0.0020899580625835293,0.0029299418987545553,0.002198176673525794,0,0,0,2.999969327975953e-5,2.3999615790990303e-4,0.004010010711048858,0.0017400147928994083,0.004320162325783091,0.003527288885891705,0.0037699348607367475,0.0034799183485866463,0.01344981412639405,0.003970142716355805,0,5.399919524299191e-4,0.004000073000693507,1.200021900208052e-4,0.0038668598418254998,0,0,0,0,0,0,0,0,0,0,0,0,0,8.000050404072649e-4,0.0011999576258944309,0.0015497064639403446,7.499949424078185e-4,6.208095702408529e-4,4.1999871862823324e-4,3.600050486950411e-4,0.003669961806335655,0.002990048940906376,4.099995903486133e-4,0.0011199888174447863,0.0024899326167174716,0.0011000097333073776,7.736708416461487e-4,0.003299981607504138,0.0013000139024051162,0.002839991197405399,0.003900001540198069,0.004211297466004408,0.002073410411621197,3.0000105034145773e-5,2.60003345854942e-4,0,0,0,0.0017000201909486861,1.435591656222397e-4,0.002000028294946523,0.0028700400228702113,0.0040000442678648504,0.003000087199162888,0.0015,0.0015,4.999921978622142e-4,0.0012000006355565261,3.199989542543558e-4
BOL,4.858311522225193e-4,0.0017099718416559667,0.0031800197101872468,0.0015965005284170309,0.0029400299302843377,0.00119002822201317,0.012083206976791092,0.0018486420416583176,0.004868613188261103,8.799985934489886e-4,0.0020299904731286185,0.002090046417312232,0.0033348494652087005,0.001790007055352447,0,0,0,3.000057937427578e-5,2.3999895713838773e-4,0.004010006989360639,0.00173994373051479,0.0038679907675672684,0.006076379338099187,0.003770120816147753,0.0034799183485866463,0.013449918063077637,0.003970142716355805,0,5.40010209941931e-4,0.004698971176035836,1.1999951333463111e-4,0.0038668598418254998,0,0,0,0,0,0,0,0,0,0,0,0,0,7.999945541555198e-4,0.0012000113853072609,0.0017018388534178306,7.500039216916609e-4,8.000176636834668e-4,4.200183654729109e-4,3.5998822605965466e-4,0.0036700248972265648,0.002989931816447543,4.099952715236606e-4,0.0011200022191811222,0.0016148462680272671,0.0010999942745906332,6.170134517964681e-4,0.0032999759410621047,0.0013000182239462654,0.0028399827241807484,0.0039000727702087293,1.2942064857154843e-4,0.0019338553506037773,3.0000105034145773e-5,2.6000097333073776e-4,0,0,0,0.0017000185707213606,2.4310560350631312e-4,0.002000049207755142,0.002775457768579582,0.004000060355493859,0.002999987201965778,0.0015000174858530162,0.0014999833918532288,5e-4,0.0012000006355565261,3.199989542543558e-4
BRA,4.8582432017763125e-4,0.0017100300248960882,0.0026536123061838965,0.0015964889963109017,0.0029400492745688474,0.0011900189019488562,0.012083206976791092,0.0018486420416583176,0.0016561773613075115,8.80003547954332e-4,0.002030000177246152,0.0020900270955336074,0.0029299721937655495,0.002198176673525794,0,0,0,3e-5,2.400007300069351e-4,0.004010104269832968,0.0017400537545210204,0.0046442042752305604,0.003793003725208198,0.0037700121666248243,0.0034800902574993364,0.013449930717496367,0.003970142716355805,0,5.400235356326367e-4,0.004,1.1999689368641764e-4,0.0038668598418254998,0,0,0,0,0,0,0,0,0,0,0,0,0,8.000042096780498e-4,0.0012000088981825462,0.0024657541989376633,7.499960069034335e-4,8e-4,4.2000602591141906e-4,3.600050486950411e-4,0.003669967190493317,0.002996302729009733,4.100017411996866e-4,0.001120019763733549,0.0016148462680272671,0.001100008663759494,7.801899518325202e-4,0.003299924372613989,0.0012999691071980228,0.002839991238397722,0.0039000267648895623,0.0038919597651621246,0.0018541998618871757,3.0000769526741053e-5,2.59299482224465e-4,0,0,0,0.0016868162765751333,1.4042658273240516e-4,0.002000079891347767,0.0028699849764795707,0.0039999355587060186,0.002999986992208333,0.0015000000000000002,0.0014999516100042858,5e-4,0.0012000006355565261,3.199989542543558e-4
BRB,4.8582924840889124e-4,0.0010700045624962805,0.0026000292002774025,0.0015964895780293767,0.0029400299302843377,0.00119002822201317,0.012083206976791092,0.0018486420416583176,0.004819996114025591,8.799961660116936e-4,0.002030019763222613,0.0020899987482788833,0.002930063664230135,0.002198176673525794,0,0,0,2.9999367968651245e-5,2.400039818163719e-4,0.004009928094316896,0.0017400333532613826,0.002228873401073592,0.002790208612867829,0.0037701208161477536,0.003479977538342751,0.013449645150388644,0.003970142716355805,0,5.400027937350492e-4,0.004,8.99990875079843e-5,0.0038668598418254998,0,0,0,0,0,0,0,0,0,0,0,0,0,7.999764400989515e-4,0.0011999889085684775,0.0017874796949559103,7.499948876998057e-4,4.299974121039595e-4,4.199983827555534e-4,3.600032677068867e-4,0.003670008521203068,0.002989940809263512,4.0999509912522736e-4,0.0011199942503952853,0.00165,8.599975207636047e-4,8.449239645787869e-4,0.0033000014117049157,0.0013000211203737064,0.002840027015274732,0.0035000011535169582,0.004211297466004408,0.0012784300880388873,3.0000105034145773e-5,2.600018960940463e-4,0,0,0,0.0017000098580210257,1.9423824795987229e-4,0.002000020210390162,0.002599978773084271,0.0040000445067539005,0.0029999590147137176,0.0015,0.0015,4.999834697082404e-4,0.0012000006355565261,3.199989542543558e-4
BWA,0.002104766837169116,0.0020000133699670433,0.0026536123061838965,0.0018377095613565033,0.002940043082814744,0.0011899713218041191,0.0041388997861328,0.002502398055440698,0.004760504068306801,8.799503414028554e-4,0.0026675148430873622,0.002700025965354798,0.0033348494652087005,0.001790951554558548,0,0,0,2.0000175903042242e-5,1.9999999999999998e-4,0.005130688303029618,0.001739939775526964,0.0018707678664158262,0.003074370774488849,0.008325577151199927,0.005900173373482982,0.013449918063077637,0.003970142716355805,0,1.999929809784516e-4,0.004698971176035836,1.1999416015767575e-4,0.0038668598418254998,0,0,0,0,0,0,0,0,0,0,0,0,0,8.500092722153851e-4,9.933377096805732e-4,0.0014156413446029725,6.999793303017777e-4,5.000088808369301e-4,4.000076519876038e-4,3.600050642527062e-4,0.0034000457657847954,0.002996302729009733,4.000023374862673e-4,8.625178924408696e-4,0.0012000080219802258,0.001099970405445398,4.440913794454075e-4,0.0032000480403538978,0.003999952593154452,0.003200112845589619,0.0033999575452199273,0.0039017344843169893,0.006789525846784199,3e-5,1.9999999999999998e-4,0,0,0,0.0016999999898101702,4.965729631229379e-4,0.0017999463902787704,0.003199980789549515,0.004,0.002999962215672939,0.001499990875079843,0.0014999833918532288,5.000024534623792e-4,0.0012000006355565261,3.199989542543558e-4
CAF,0.0021048127736140432,0.00200001084692815,0.0026536123061838965,0.0018376949690885372,0.0029399906089225985,0.0011899937104821344,0.004138947518915238,0.0025023580424658747,0.004198488700632302,8.79995159449697e-4,0.0026675277029050612,0.0022294010206187842,0.003352657132547946,0.0024000799972904146,0,0,0,2.0000365003467533e-5,1.9999790829986614e-4,0.0031514252099184925,0.0017399843573477013,0.001750013878351622,0.005278667176858712,0.004131133097310413,0.004025820720098077,0.013449918063077637,0.003970142716355805,0,5.232911151232613e-4,0.00789992368185287,9.224422832991293e-5,8.900323833098794e-4,0,0,0,0,0,0,0,0,0,0,0,0,0,8.500118063754427e-4,0.0011811994937568928,0.0010000474847518105,7.000024080718568e-4,5.00009867771857e-4,3.999931815082504e-4,3.600050486950411e-4,0.003399884849556399,0.0029999703281704346,4.0987941326230733e-4,8.624988305734868e-4,0.0016148462680272671,8.764629449512621e-4,0.0019188851450556061,0.0032000103829019563,0.004000017453986927,0.0032000172082484873,0.0034000583722481655,0.00381934581000919,0.006386402855900833,3.0000105034145773e-5,2.59299482224465e-4,0,0,0,0.0017337410671943222,4.999966848117968e-4,0.0018000042816467214,0.002775457768579582,0.003999979716641481,0.0029999682610213603,0.0015000174858530162,0.0014999833918532288,5.000024534623792e-4,0.0012000006355565261,3.199989542543558e-4
CAN,4.858276047570177e-4,0.0010700058834771725,0.002600027809642994,0.0015964767595922449,0.002940035457294817,0.0011900093857545103,0.012083206976791092,0.0018486420416583176,0.004799716197481702,8.79998841268232e-4,0.0020300023038570046,0.002089981323372465,0.0033348494652087005,0.0017899752588655734,0,0,0,2.9999893352672052e-5,2.3999560246262092e-4,0.004009892546477912,0.001740017048062422,0.005375509414462916,0.0035232218663767477,0.003769963500400606,0.003480005926165367,0.013449918063077637,0.003970142716355805,0,5.400044215995137e-4,0.004,9e-5,0.006839962564342536,0,0,0,0,0,0,0,0,0,0,0,0,0,7.999969642464122e-4,0.001199984948448436,0.0013530842942154884,7.500017698739141e-4,4.299960891669926e-4,4.2001073281259317e-4,3.600050642527062e-4,0.003670011651962999,0.002996302729009733,4.0999349581053677e-4,0.0011199961830239992,0.0016499542748961158,8.600013831577491e-4,5.267530142846313e-4,0.0033000536629275725,0.0012999906384572176,0.0028400548671025606,0.003500075318862794,0.0038033031113354236,0.0022423252681706674,3e-5,2.599995073123065e-4,0,0,0,0.0017000031193353737,1.3885148711744892e-4,0.001999973053085422,0.00259999249587273,0.004000081759463658,0.0029999999999999996,0.0015,0.0015000276518084281,5.000081133269508e-4,0.0012000006355565261,3.199989542543558e-4
CHE,4.8582688436852727e-4,0.0010700121164686138,0.0026000360490266764,0.0015965105498621768,0.0029400313632185152,0.001189989164116115,0.003733622154757927,0.0018486420416583176,0.0018283541141477873,8.799971046267776e-4,0.0020300112953255535,0.002090069284064665,0.0033348494652087005,0.005598995046544924,0,0,0,2.9999999999999997e-5,2.3999899310275387e-4,0.004010044822098609,0.0017400241506119985,0.004661923345401411,0.003961271171009761,0.003769934860736748,0.003479925303454716,0.013449918063077637,0.003970142716355805,0,5.399940130268278e-4,0.004,8.999722786915542e-5,0.006839962564342536,0,0,0,0,0,0,0,0,0,0,0,0,0,8.000032998671804e-4,0.0011999819754866619,0.001345832655874428,7.499987003557559e-4,4.2998930561549e-4,4.1999403311620507e-4,3.600062796813061e-4,0.0036699906100040904,0.002996302729009733,4.099953975688334e-4,0.0011200013730134212,0.0016500570793866278,8.599946653938484e-4,4.8439021153431384e-4,0.0033000939720238703,0.0012999969712572312,0.0028400420670598426,0.003500012385040287,0.004118627146286157,0.002017820018338912,3.000038737668509e-5,2.599970738393538e-4,0,0,0,0.0016999966724067649,1.4146826169246076e-4,0.0019999399056518734,0.002600017870306252,0.003999901017049813,0.002999974649529749,0.0014999755034050266,0.001500011060723371,4.999857032567981e-4,0.0012000006355565261,3.199989542543558e-4
CHL,4.8583472973025076e-4,0.0017099954375072684,0.003180014811680068,0.00159649855788541,0.0029400217026733745,0.0011900093857545103,0.012083206976791092,0.0018486420416583176,0.004006444898462187,8.800052143307189e-4,0.002029968716359249,0.002090016898479137,0.0033348494652087005,0.002198176673525794,0,0,0,3.0000559816380227e-5,2.3999895713838773e-4,0.0040099598211759385,0.0017399843573477013,0.004370692559539127,0.0024056706045386864,0.0037699532801245867,0.0034800020563438205,0.013449918063077637,0.003970142716355805,0,5.400015952779771e-4,0.004,1.1999949655137693e-4,0.0038668598418254998,0,0,0,0,0,0,0,0,0,0,0,0,0,7.999692722409615e-4,0.0012000167687932757,0.0015303022178529769,7.499971512893264e-4,8.00001846960826e-4,4.1998484952826944e-4,3.600041863994348e-4,0.003669993960733372,0.002996302729009733,4.0999715645554513e-4,0.0011199974325235085,0.0016148462680272671,0.0010999962322444518,5.625137972623661e-4,0.003299938583122382,0.0012999691071980228,0.0028401037891961287,0.003900037924528601,0.006190975726755338,0.0015894937648068177,2.9999682337992374e-5,2.600073001581701e-4,0,0,0,0.001699997423531954,1.4152381880225306e-4,0.0020000212210597797,0.0028699416363362263,0.0040000251993901744,0.0030000264494286924,0.0015000417141744764,0.0015,5.000067819599865e-4,0.001200033182170114,3.199989542543558e-4
CHN,4.8582762419791236e-4,0.0010699879638445499,0.0031800322061191627,0.001596463582334437,0.0029400299302843377,0.0011899990045459068,0.0037337462125587558,0.0010920898955937002,0.0018699991379888322,8.799952510981835e-4,0.0020300217477030318,0.0020899921861930668,0.0033348494652087005,0.002816778859939492,0,0,0,1.9999999999999998e-5,2.3999532798972155e-4,0.004009935923432557,0.0017400451287496682,0.003794630785294954,0.006407952327454181,0.003770030820227753,0.0034799694772987408,0.013449918063077637,0.003970142716355805,0,5.399880886544434e-4,0.0040000243332684446,9.224422832991293e-5,0.0038668598418254998,0,0,0,0,0,0,0,0,0,0,0,0,0,8.000043318113333e-4,0.001199986965357475,0.0016955127626031464,7.500102769289796e-4,7.999817834046817e-4,4.199894049090588e-4,3.600038968991816e-4,0.003669974185912884,0.002996302729009733,4.099906680573092e-4,0.001119991973781018,0.0016499766027140853,8.600032645954622e-4,4.6703289457944176e-4,0.003300053533190578,0.0012999919826825945,0.002840031066593004,0.0034999845448002082,0.004445209908840701,0.0013089466967823892,3.0000378143316313e-5,2.6000292002774025e-4,0,0,0,0.0016699680640336338,3.6394008447598723e-4,0.0029999945165517885,0.00281003352018253,0.003999969068019425,0.0029999412248736335,0.0015000207978037518,0.0014999658633167204,5.000032653487719e-4,0.0012,3.1999846136092624e-4
CIV,0.0021048170265439894,0.0020000023248406907,0.0026536123061838965,0.0020000463702064797,0.0029399906089225985,0.0011899808376676705,0.004138956976509316,0.0025023759401569656,0.0048198369565217395,8.800147916284767e-4,0.002667462467288003,0.002700087050028163,0.003352778262265469,0.0023280082473315367,0,0,0,2e-5,1.9999999999999998e-4,0.00513068416364308,0.0017400535344932473,0.0017808420284474353,0.004109314222772416,0.008325577151199927,0.005899965873851952,0.013449918063077637,0.003970142716355805,0,2.0000396573604062e-4,0.007899937428303264,1.2000219002080518e-4,8.899742629854937e-4,0,0,0,0,0,0,0,0,0,0,0,0,0,8.499845687560836e-4,0.0011811994937568928,0.001502252688814923,6.999999999999999e-4,6.208095702408529e-4,4.0000559565776957e-4,3.5999797611819466e-4,0.0034000463392029655,0.00300000337600605,3.999949402954867e-4,8.624905262464164e-4,0.0012000193911188674,0.0011000412912515487,0.0018822796110327107,0.003199972312590849,0.004,0.003200084201662983,0.00340014064697609,0.0038223159990026785,0.004649627198927145,3.0000105034145773e-5,2.0000365003467531e-4,0,0,0,0.001700014318659042,4.998146923091169e-4,0.0018000326477309828,0.0032000232855978576,0.004000023323071182,0.003000023936042893,0.0014999854001810377,0.0014999833918532288,5.000024534623792e-4,0.0012000006355565261,3.199989542543558e-4
CMR,0.0021048034934497816,0.0019999831096773105,0.0025999543760930727,0.001837654639223226,0.0029399906089225985,0.0011899937104821344,0.0041389799748396535,0.002502344176949406,0.004198488700632302,8.799937555683749e-4,0.0026675145194794184,0.002699995379956571,0.0033527882483049324,0.0023853964655786456,0,0,0,1.9999999999999998e-5,1.9999999999999998e-4,0.00513060230887558,0.0017399810205124462,0.0035004343492367257,0.005193710768402603,0.008325753949258018,0.005900134175744521,0.013449918063077637,0.003970142716355805,0,5.232911151232613e-4,0.007899593691894498,1.2000219002080518e-4,8.899993315061168e-4,0,0,0,0,0,0,0,0,0,0,0,0,0,8.49985413960837e-4,9.933228483563394e-4,0.001008678208340541,7.000305530094715e-4,6.208095702408529e-4,3.9998622684388126e-4,3.5999529033144297e-4,0.003400004888761381,0.0030000134661503823,3.9999522877999906e-4,8.624972808353274e-4,0.0011999866301223344,0.0010999859840919444,0.0015149364772205024,0.0032000094667834237,0.0040001059209829465,0.003199882938249927,0.003400055457349832,0.0038325349185085057,0.0054828179506888185,3.0000105034145773e-5,2.0000365003467531e-4,0,0,0,0.0017000339328130303,4.8783414773797336e-4,0.0018000141867448513,0.0032000493983012474,0.004,0.003000020503147233,0.0014999876271312267,0.0014999833918532288,5.000024534623792e-4,0.0012000006355565261,3.199989542543558e-4
COG,0.002104819683181665,0.0020000221547732456,0.0025999510827642,0.0018376579447002596,0.0029399906089225985,0.0011900093857545103,0.012083206976791092,0.0018486420416583176,0.004198488700632302,8.799923457436085e-4,0.0026675234765919527,0.0027000262214841356,0.0033526543506627294,0.0018979007730090716,0,0,0,1.999977187439404e-5,2.3578884254419857e-4,0.005130677318274164,0.0017400161030595813,0.004320162325783091,0.005278667176858712,0.004131133097310413,0.0059000162551166675,0.013449918063077637,0.003970142716355805,0,2e-4,0.007900198143706329,9.224422832991293e-5,8.900030385900942e-4,0,0,0,0,0,0,0,0,0,0,0,0,0,8.500005787907903e-4,9.93332149152172e-4,0.002081558109242935,6.999979198302582e-4,5.000214859696618e-4,4.000055991041433e-4,3.600062796813061e-4,0.0034000541215290204,0.003,3.9999420634115963e-4,8.624855713736051e-4,0.0016148462680272671,0.0010999922706309742,0.0011739717948180365,0.003199942352036895,0.003999976829861675,0.0032001005530417296,0.0034001032524522455,0.0038301554639970058,0.0031903483109406183,3.0000105034145773e-5,1.9999513334631108e-4,0,0,0,0.0017000236434566733,4.990209260670547e-4,0.0018000276910951827,0.0032000374382853266,0.004000015622314915,0.003,0.0014999543753992151,0.001499990782900437,4.99987405224313e-4,0.0012000006355565261,3.199989542543558e-4
COL,4.8582181239878995e-4,0.00170993461306374,0.003179840569976932,0.0015965026710033077,0.0029399906089225985,0.0011899941600155735,0.012083206976791092,0.0018486420416583176,0.0048201379763469126,8.799997959982506e-4,0.0020300282792661967,0.0022294010206187842,0.002929993787398228,0.0017919497984650384,0,0,0,2.999929809784516e-5,2.3999452504790583e-4,0.004010034777178419,0.0017399990266692622,0.005293324140867115,0.0019487480732432768,0.0037699685934980054,0.0034799627448018925,0.013449918063077637,0.003970142716355805,0,5.400192564524645e-4,0.004698971176035836,1.1999817501596861e-4,0.0038668598418254998,0,0,0,0,0,0,0,0,0,0,0,0,0,7.999882734055496e-4,0.001199994721237342,0.0018619981300406956,7.500026976573544e-4,8.00009540391633e-4,4.137403165375939e-4,3.6000434796329477e-4,0.0036700318738914148,0.002990002909608501,4.09999642359e-4,0.0011200416643994807,0.0016148462680272671,0.0010999722727132691,0.0012637820783118396,0.0033000216096538285,0.001300002014788548,0.002840003130835374,0.0038998869458542803,0.00483029307810127,0.0018882567128840737,3.0000838715088484e-5,2.6000547495209415e-4,0,0,0,0.0016999896643200845,1.388570853147779e-4,0.002000042231513155,0.0028700514579759868,0.004000072144866892,0.0029999999999999996,0.0014999831538280118,0.0014999999999999998,5e-4,0.0012000006355565261,3.199989542543558e-4
CPV,0.0021047805645496155,0.0019999658531552056,0.0026536123061838965,0.001999964534395725,0.0029400299302843377,0.0011899941600155733,0.012083206976791092,0.0018486420416583176,0.004783309590103471,8.799794982772858e-4,0.0026674532735065483,0.0026999984041619456,0.0033348494652087005,0.008254804261893449,0,0,0,2e-5,1.9999270019709466e-4,0.005130672248816539,0.0017399843573477013,0.0021791506597927945,0.005278667176858712,0.008325729094426396,0.00589994632313473,0.013449918063077637,0.003970142716355805,0,2.0000228639367124e-4,0.004698971176035836,1.2000405556118828e-4,8.90001559819061e-4,0,0,0,0,0,0,0,0,0,0,0,0,0,8.500020546960077e-4,9.933457334832887e-4,0.0017645662341229428,6.999894589822648e-4,5e-4,4.00017217630854e-4,3.6000835073068894e-4,0.003400013825760849,0.002996302729009733,3.9998274231763483e-4,8.624908245656961e-4,0.0012000080219802258,0.0010999795602534528,7.3072263560281e-4,0.003199991773271359,0.004,0.0032000225221526487,0.003399856232562106,0.004211297466004408,0.0023815816557688683,3.0000105034145773e-5,1.9999999999999998e-4,0,0,0,0.00169997656525606,4.6337650065852136e-4,0.001800012732635868,0.003199980789549515,0.003999959763004094,0.002999954916369866,0.0015,0.0014999999999999998,4.999834697082404e-4,0.0012000006355565261,3.199989542543558e-4
CRI,4.858266008970462e-4,0.0017099854606146751,0.003180026528442818,0.006220072229480978,0.0029399906089225985,0.0011900214062242713,0.012083206976791092,0.0018486420416583176,0.004819886461379666,8.800191829794655e-4,0.00203001017001741,0.002089965865693332,0.00292996027597742,0.0023699851411589897,0,0,0,2.999862265277076e-5,2.3999532798972155e-4,0.004010119514961179,0.0017400080300762858,0.005372226074895978,0.003010704240082681,0.003770008760054153,0.003480113278791693,0.013450173812282735,0.003970142716355805,0,5.399962204044168e-4,0.004698971176035836,1.200021900208052e-4,0.0038668598418254998,0,0,0,0,0,0,0,0,0,0,0,0,0,8.000050142458305e-4,0.0012000179218606874,0.001988238708240113,7.500173759933276e-4,7.999982472130689e-4,4.199916422900125e-4,3.6000120760185366e-4,0.003670010940664354,0.002990005626858873,4.100112528415313e-4,0.001120003092288457,0.0016148462680272671,0.0010999982755944889,9.162682152609215e-4,0.0032999811624233816,0.0013000069510414978,0.0028400245103601665,0.003899911123265194,0.004211297466004408,0.0016622731254617568,3.000056138775052e-5,2.59299482224465e-4,0,0,0,0.0017000098581224621,1.391066664249966e-4,0.0019999658417448034,0.0028699964715568275,0.003999946204744742,0.003,0.0014999560902783876,0.0014999910801891001,4.999829366095043e-4,0.0012000006355565261,3.199989542543558e-4
CUB,4.8582996673533633e-4,0.0017100231902541295,0.0026536123061838965,0.001596487807011629,0.0029399906089225985,0.0011899937104821344,0.012083206976791092,0.0018486420416583176,0.004198488700632302,8.799941714817327e-4,0.002030018798593053,0.002089990765872905,0.002930002934594477,0.002370001110998401,0,0,0,3.0000486665368893e-5,2.4000168463611863e-4,0.004010088980502905,0.001740002401662072,0.005356116067691862,0.005278667176858712,0.003769965972452651,0.0034800770556625772,0.013449918063077637,0.003970142716355805,0,5.399946315930748e-4,0.004698971176035836,1.2000182498403138e-4,0.0038668598418254998,0,0,0,0,0,0,0,0,0,0,0,0,0,8.00001996345025e-4,0.001199994347647915,0.0017387085197647265,7.499912394435294e-4,8.00018696830887e-4,4.199995175607873e-4,3.599902816453922e-4,0.0036700551022638864,0.0029899522211167357,4.1000033796343235e-4,0.0011199902248289347,0.0016148462680272671,0.0011000245708120118,8.907775755932252e-4,0.003300004153168868,0.0013000072976720426,0.0028400024050747076,0.003900058074543544,0.0038000732648091886,0.001707070767428937,2.9999574232554182e-5,2.59299482224465e-4,0,0,0,0.0016999804357934619,1.408257127371813e-4,0.001999966971628629,0.002869949935964606,0.004,0.0030000678195998645,0.0014999999999999998,0.0014999516100042858,5e-4,0.0012000006355565261,3.199989542543558e-4
CYP,4.8582624615900737e-4,0.0010700032665350585,0.002599984357075816,0.001596455028993906,0.0029399580253672776,0.0011899408715964669,0.012083206976791092,0.0018486420416583176,0.003073533397369258,8.799971046267776e-4,0.0020299906394466417,0.002089965865693332,0.0033348494652087005,0.0035902441737582736,0,0,0,2.9999788406062873e-5,2.4000579374275783e-4,0.004009978903660048,0.0017399308090265654,0.0046866793566855795,0.004258074192281163,0.003770052012044894,0.003480095813847382,0.013450121106291894,0.003970142716355805,0,5.399986838930443e-4,0.003999884128501492,9.000085325041003e-5,0.0038668598418254998,0,0,0,0,0,0,0,0,0,0,0,0,0,7.999991585377912e-4,0.001200010766911742,0.0011222696448052732,7.500109637902554e-4,4.300014202229224e-4,4.200018697219308e-4,3.600041863994348e-4,0.00366999966333367,0.0029899859616284515,4.099870987326402e-4,0.0011199692189303577,0.0016500579374275782,8.60033334625373e-4,6.079036673634901e-4,0.003299961209523985,0.0013000266522228815,0.002839942220215149,0.003500086587583341,0.004822502829282991,0.0015115497079742366,2.9999679733538307e-5,2.59299482224465e-4,0,0,0,0.0017000043363724078,2.603124725398251e-4,0.0019999711278890155,0.0025999652294853965,0.0039999126624841695,0.002999987201965778,0.0015,0.0014999912771933497,5.000125952515901e-4,0.0012000000000000001,3.199989542543558e-4
CZE,4.858279043754062e-4,0.0010699775384818656,0.0026000202778059416,0.003051395432173791,0.0029399865834150367,0.0011900147281692247,0.012083206976791092,0.0018486420416583176,0.0014089760681839682,8.799971046267776e-4,0.0020299839027902076,0.0022294010206187842,0.0033348494652087005,0.002198176673525794,0,0,0,3.0000183417246724e-5,2.3999999999999998e-4,0.004010091250670961,0.001739996505329373,0.0030910346555484535,0.004067689371420967,0.003770106409304627,0.0034799743513860113,0.013449918063077637,0.003970142716355805,0,5.39991334488735e-4,0.004698971176035836,9.000110607233713e-5,0.006840090185902072,0,0,0,0,0,0,0,0,0,0,0,0,0,8.000121361064336e-4,0.001200013097515682,0.001466369332879863,7.500106401736477e-4,4.299983283182882e-4,4.200225672152834e-4,3.5999607526764494e-4,0.0036700222767391366,0.002989978834607576,4.100160575326298e-4,0.0011199901848519549,0.0016500114600045837,8.599939625564587e-4,4.714319243675523e-4,0.003300013245617908,0.0012999870247826651,0.0028400256685360056,0.0035000897075533758,0.0049706055126659526,0.002064535221268401,2.999978418974038e-5,2.6000111963276045e-4,0,0,0,0.0016999957169073435,1.4390556397090508e-4,0.002,0.002600019114976584,0.004,0.003000070846617074,0.0014999543753992151,0.0015000276518084281,5e-4,0.0012000243338605669,3.199989542543558e-4
DEU,4.8582984810313727e-4,0.0010699980789549515,0.002600002703689184,0.0015965029538287632,0.0029400000000000003,0.0011900161030595812,0.0037336739203819766,0.0018486420416583176,0.0014336830469511587,8.799971046267776e-4,0.002030026019797073,0.0022294010206187842,0.0033348494652087005,0.002198176673525794,0,0,0,2.9999889617007812e-5,2.3999999999999998e-4,0.004009928094316896,0.0017400267324696689,0.003902832498033205,0.003931852944597667,0.0037700463499420627,0.003480066706522765,0.013449918063077637,0.003970142716355805,0,5.399785533242347e-4,0.004698971176035836,8.999902666926221e-5,0.006840090185902072,0,0,0,0,0,0,0,0,0,0,0,0,0,7.999966134125796e-4,0.0012000086518287802,0.001320456460399581,7.500064219476483e-4,4.2999412024107014e-4,4.1999445368829725e-4,3.600057087129231e-4,0.0036699833336101837,0.0029900606469002696,4.099893329986823e-4,0.0011199974961398824,0.0016499908842297175,8.59991829056256e-4,5.049166794115933e-4,0.003300014925876173,0.0013,0.0028399510908037845,0.003499947169400517,0.004364796255665518,0.0022528972605746975,3.0000133863432526e-5,2.599990889212828e-4,0,0,0,0.0017002419975636809,1.412141657470401e-4,0.002,0.0025999157125798974,0.003999946204744742,0.003000041762372103,0.0015000255245290724,0.0014999787297400775,5.000062974671588e-4,0.0011999416015767573,3.199989542543558e-4
DJI,0.0021047965496040926,0.0020000262826335856,0.0026000292002774025,0.0018376752923359204,0.0029399906089225985,0.0011899937104821344,0.012083206976791092,0.0025023981597597253,0.004819999330230066,8.799971046267776e-4,0.0026675121749869346,0.0022294010206187842,0.0033348494652087005,0.00179000126486213,0,0,0,1.9999223421604408e-5,1.9999513334631108e-4,0.005130687420024753,0.0017399824133173638,0.004351313152150581,0.005278667176858712,0.004131133097310413,0.0058999376836107904,0.013449918063077637,0.003970142716355805,0,5.232911151232613e-4,0.007899937067337949,9.224422832991293e-5,8.899807622315812e-4,0,0,0,0,0,0,0,0,0,0,0,0,0,8.499963479065389e-4,9.933381062748e-4,0.0016517602481485071,7.000010445282389e-4,5.000085392721125e-4,3.9998622684388126e-4,3.5999076532379086e-4,0.0033999405629537385,0.002996302729009733,4e-4,8.625058963223214e-4,0.0011999394581504465,0.001099995619990364,8.404781089986036e-4,0.0031999999999999997,0.003999965417668114,0.0031999865033572896,0.003400027399136927,0.0038001195597725424,0.00710513756316676,3.0000105034145773e-5,1.9999270019709466e-4,0,0,0,0.0016950969729500618,4.998589716614583e-4,0.0017999320940497413,0.003199985769935431,0.003999945253476404,0.0030000344994135096,0.0014999635009854736,0.0014999833918532288,5.000052898857384e-4,0.0012000006355565261,3.199989542543558e-4
DMA,4.8582497033467447e-4,0.001710001089551204,0.0031799957323030963,0.0015964929847178241,0.0029399906089225985,0.00119002822201317,0.012083206976791092,0.0018486420416583176,0.004198488700632302,8.800073514450185e-4,0.0020300136286894085,0.0020899739866357217,0.002930041111715977,0.002665797475828474,0,0,0,2.9999420636913154e-5,2.3578884254419857e-4,0.004010020904535953,0.0017399762752075918,0.004320162325783091,0.005278667176858712,0.0037701058522934664,0.0034799731053693213,0.013449918063077637,0.003970142716355805,0,5.399934829694657e-4,0.004698971176035836,1.2000208572322452e-4,0.0038668598418254998,0,0,0,0,0,0,0,0,0,0,0,0,0,7.999752089805468e-4,0.001199988041227867,0.0011143287178429924,7.500156813314495e-4,8.000055978700105e-4,4.2000156374519894e-4,3.600050486950411e-4,0.003670081386403207,0.0029899367272437334,4.1000107319773385e-4,0.0011199742682534578,0.0016148462680272671,0.0010999884739511295,0.0010735039657338839,0.0033000311801694125,0.0013000257449958163,0.00284,0.0039000679531976993,0.004211297466004408,0.002073410411621197,3.0000105034145773e-5,2.6000292002774025e-4,0,0,0,0.0016950969729500618,1.40971707397716e-4,0.0019999614167759854,0.0028700030161713185,0.004000102679570065,0.0029998866470188168,0.0014999884127830177,0.0015,4.999947101702267e-4,0.0012000006355565261,3.199989542543558e-4
DNK,4.8582592601055687e-4,0.0010699835651158032,0.002600054749520942,0.0015964880106368346,0.0029400930917858224,0.001189986923220624,0.012083206976791092,0.0018486420416583176,0.004198488700632302,8.799971046267776e-4,0.0020300328491927866,0.0022294010206187842,0.0033348494652087005,0.002198176673525794,0,0,0,3.0000162366656382e-5,2.3999999999999998e-4,0.004009995507637017,0.0017399878333164353,0.002435514150463066,0.0028716364434290004,0.0037701058522934664,0.003480029200125144,0.013449918063077637,0.003970142716355805,0,5.399873199891313e-4,0.004698971176035836,8.999722786915542e-5,0.0038668598418254998,0,0,0,0,0,0,0,0,0,0,0,0,0,8.00005430734856e-4,0.0012000000000000001,0.0013990709117360448,7.500064952065376e-4,4.3000280447696505e-4,4.2000434955960704e-4,3.599970928119777e-4,0.0036699961166451424,0.002990063233965673,4.100005463693755e-4,0.001119984818911299,0.001649992432268806,8.600096213318673e-4,5.103975332444424e-4,0.003300087268200643,0.001300009654373431,0.002839986170480262,0.00349998755580092,0.004262615388574468,0.0028903833921007107,2.999981521518192e-5,2.599983243540567e-4,0,0,0,0.0017000097521134656,1.4088446094087065e-4,0.002,0.002599970559010783,0.003999971403242872,0.0029998942022852306,0.0014999999999999998,0.0015,5.00012746972594e-4,0.0012000243338605669,3.199989542543558e-4
DOM,4.8582104278582897e-4,0.0017099771801249296,0.003179993186684836,0.0015964731462133623,0.0029399906089225985,0.0011900141438413456,0.012083206976791092,0.0018486420416583176,0.004198488700632302,8.800108299224387e-4,0.002030045619002674,0.002089987366784361,0.002930047044385355,0.0023699439252336447,0,0,0,3.0000152084315547e-5,2.3999304771008952e-4,0.004010009543983798,0.0017400146000625715,0.0031351165728580495,0.0040538167105874144,0.004131133097310413,0.004025820720098077,0.013449918063077637,0.003970142716355805,0,5.399969370565113e-4,0.004698971176035836,1.1999867272787602e-4,0.0038668598418254998,0,0,0,0,0,0,0,0,0,0,0,0,0,8.00000613015546e-4,0.0012000062386599358,0.0024153707161986386,7.500152889613698e-4,7.999866790995071e-4,4.199943084803643e-4,3.600050486950411e-4,0.003670065117008144,0.0029899365872430575,4.100057504312823e-4,0.0011200062818767854,0.0016148462680272671,0.0011000192529842126,9.582041894571928e-4,0.003299986836909306,0.0013000069510414978,0.0028400172869336316,0.0039000976244712013,0.004211297466004408,0.001724664312287171,2.9999572777374293e-5,2.59299482224465e-4,0,0,0,0.0016999770027650164,1.3949107906423473e-4,0.002,0.00287000814995925,0.003999961091765072,0.0030000705318098467,0.0014999880328378928,0.0015,5e-4,0.0012000006355565261,3.199989542543558e-4
DZA,8.875892298668458e-4,0.0010700013708958803,0.0026000005447765462,0.0015964978030117477,0.0029399906089225985,0.0011899937104821344,0.012083206976791092,0.0010920923329923993,0.0048153051245842975,8.799971046267776e-4,0.002030016149312881,0.0022294010206187842,0.0033348494652087005,0.002198176673525794,0,0,0,2.9999324095978372e-5,2.400015642924184e-4,0.004010107745762118,0.0017399625135641709,0.005072237574432572,0.002527189799293912,0.004131133097310413,0.0034799882077127175,0.013449918063077637,0.003970142716355805,0,5.399995989009887e-4,0.004000060832801047,9.000077936248148e-5,0.0038668598418254998,0,0,0,0,0,0,0,0,0,0,0,0,0,8.000013730393427e-4,0.0011999960543596507,0.0016039658485808568,7.50001381421538e-4,4.30010718113612e-4,4.2000390252860893e-4,3.6000697730196457e-4,0.0036699975627589566,0.002996302729009733,4.099942322384653e-4,0.001120026943964973,0.001650004101895519,8.599803504968033e-4,4.86034702799539e-4,0.003299968597896059,0.0012999889974046818,0.0028449675380603696,0.003499992235180842,0.004950367995890073,0.0019688774308545274,2.999970953031051e-5,2.59299482224465e-4,0,0,0,0.0017000289914897847,2.166589715075189e-4,0.002,0.002599976572566475,0.004,0.003,0.00150000730001606,0.0014999516100042858,5.000052898857384e-4,0.0012000006355565261,3.199989542543558e-4
ECU,4.8582945235469446e-4,0.0017100138476625704,0.003179971923256902,0.0015964791346306803,0.0029399906089225985,0.0011899929488863388,0.012083206976791092,0.0018486420416583176,0.004870018276548734,8.799981831670427e-4,0.0020300054992009376,0.0020900062216282233,0.0033348494652087005,0.0017900013019138134,0,0,0,2.999968534659073e-5,2.3999895713838773e-4,0.004009907013122447,0.0017400537545210204,0.004768807117464914,0.002810062375762561,0.004131133097310413,0.003479945866141732,0.013450099699212546,0.003970142716355805,0,5.400003694331049e-4,0.004000073000693507,1.1999951333463111e-4,0.0038668598418254998,0,0,0,0,0,0,0,0,0,0,0,0,0,8.000046922472346e-4,0.0012000149042402564,0.0014245651802276338,7.500085164367227e-4,8e-4,4.2001205199575307e-4,3.5999295562040855e-4,0.0036700268775663077,0.002990019003269932,4.1000575043128234e-4,0.001119988817444786,0.0016148462680272671,0.0011000040934954357,9.250827747005482e-4,0.0033000029194523105,0.001300004310716441,0.0028400025048531535,0.003900044622936189,0.00395019173812871,0.001651519801834396,2.9999292135626815e-5,2.6000097333073776e-4,0,0,0,0.0016999861524071732,1.3998927596835782e-4,0.0020000292701488386,0.002869949839319807,0.004,0.0030000991866693115,0.0015000223244184489,0.0014999999999999998,5e-4,0.0012000006355565261,3.199989542543558e-4
EGY,4.400119934263878e-4,0.0010699643222050392,0.002600060413834768,0.0015964830140872224,0.0029399906089225985,0.0011900208051976494,0.012083206976791092,0.001092083643111064,0.004198488700632302,8.79986095420179e-4,0.002030026568452423,0.0020900234530037884,0.0033348494652087005,0.0028095873391975343,0,0,0,2.999951973873788e-5,2.400048667721134e-4,0.004009931245225363,0.0017399854001277487,0.00396954654869514,0.004074048497239391,0.003769955882819691,0.0034800423878488165,0.013449918063077637,0.003970142716355805,0,5.399873657612129e-4,0.003999953205428171,9.000320960193471e-5,0.0038668598418254998,0,0,0,0,0,0,0,0,0,0,0,0,0,7.999819827705996e-4,0.0011999952795583241,0.0017487066998455785,7.500076650672226e-4,4.3000582799100824e-4,4.1998484952826944e-4,3.599947671376243e-4,0.0036699997647224904,0.002996302729009733,4.099991443972278e-4,0.00112,0.00165,8.600103560659132e-4,7.712882145621036e-4,0.003299981425904021,0.0013000028782776387,0.0028400734239660413,0.003500014867530305,0.004944646309322708,0.002225933535203316,2.9999483391021335e-5,2.6000097333073776e-4,0,0,0,0.0017000307850359839,1.97603200921591e-4,0.002,0.002600111172873819,0.004,0.002999939736043872,0.0014999884127830177,0.0014999209985779745,4.999924431345877e-4,0.0012000006355565261,3.199989542543558e-4
ESP,4.8582732356755153e-4,0.0010700069968125631,0.00259999336363938,0.001596508421268546,0.002939945675239793,0.0011899759636784474,0.012083206976791092,0.0018486420416583176,0.004198488700632302,8.799971046267776e-4,0.002029987705840863,0.002090046417312232,0.0033348494652087005,0.002198176673525794,0,0,0,2.999922342160441e-5,2.3999999999999998e-4,0.004009880912878369,0.0017399683770836119,0.0044098924250970395,0.0028523693556139974,0.003770120816147753,0.0034799467536928887,0.013449829709195704,0.003970142716355805,0,5.39993760723756e-4,0.004000060834651418,9.00022617552781e-5,0.006839962564342536,0,0,0,0,0,0,0,0,0,0,0,0,0,7.999982241401509e-4,0.0011999912245259873,0.0016229411946171275,7.499966723015693e-4,4.3e-4,4.199924245032885e-4,3.5999705644271105e-4,0.0036700032947895255,0.002989999880524259,4.099970958539044e-4,0.0011199956542995275,0.0016499988858435278,8.600076306753147e-4,4.1913787990446926e-4,0.0033000182796389522,0.0013000034073872154,0.0028399440148028656,0.0034999595257267264,0.004889031563325176,0.0015302745460595564,2.9999548532731378e-5,2.600047266425083e-4,0,0,0,0.001701015354897985,2.1945044335573162e-4,0.0019999345785221287,0.0026000067881749994,0.004000045488661951,0.0029999182004089983,0.0015000173810268708,0.0014999660303009715,5e-4,0.0012000470976097962,3.199989542543558e-4
EST,4.8582994008297383e-4,0.0010700071540157387,0.002599928664843657,0.0015965376413310263,0.0029400533740643006,0.0011900061690314622,0.012083206976791092,0.0018486420416583176,0.004198488700632302,8.799971046267776e-4,0.0020300052086446425,0.00208998276386495,0.0033348494652087005,0.002198176673525794,0,0,0,2.9999664367584623e-5,2.3999895713838773e-4,0.0040099277319512365,0.0017400023494269076,0.004320162325783091,0.00332989540799,0.0037699532801245867,0.0034800770556625772,0.013449918063077637,0.003970142716355805,0,5.39993760723756e-4,0.004698971176035836,8.999585234342596e-5,0.0038668598418254998,0,0,0,0,0,0,0,0,0,0,0,0,0,7.999965478330099e-4,0.0011999749570443749,0.0015070495513157896,7.499983716219297e-4,4.3001050134183815e-4,4.199904246307958e-4,3.5999705644271105e-4,0.003670009944220169,0.0029898926089703096,4.1001396657202617e-4,0.0011199685599635957,0.0016500210576980928,8.600337268128162e-4,4.3377316175406265e-4,0.0033000000000000004,0.0012999810856818613,0.0028399122324871714,0.0035001211787551202,0.004211297466004408,0.003496989272635967,3.0000319560285047e-5,2.5999732274329567e-4,0,0,0,0.0017004516061569926,1.3919235008090435e-4,0.0019999670998519493,0.0025999842750812456,0.0040000449923513004,0.0029999682610213603,0.0014999640985136784,0.0014999787297400775,4.999999999999999e-4,0.0012000006355565261,3.199989542543558e-4
ETH,0.002104874425265484,0.002,0.002599892960504455,0.001837677898735721,0.0029399906089225985,0.0011899318228772125,0.004139029053636376,0.0025023643319984626,0.00481997739052535,8.799971046267776e-4,0.002667458614347026,0.0026999593046915875,0.0033525976762386373,0.0017900301981655454,0,0,0,1.9999270019709465e-5,2e-4,0.0051306401532668295,0.0017400184477533271,0.004385603454585377,0.001235522738868293,0.008325617135721834,0.005899809564113415,0.013449918063077637,0.003970142716355805,0,5.232911151232613e-4,0.007899990875079843,9.224422832991293e-5,8.90001559819061e-4,0,0,0,0,0,0,0,0,0,0,0,0,0,8.499860322190147e-4,9.933379646947754e-4,0.002901696195053756,6.999659245797365e-4,5.000116740602381e-4,3.999841579975709e-4,3.600076603195448e-4,0.0033999636836848954,0.002996302729009733,3.999922257638187e-4,8.625288113269674e-4,0.0012000061511964078,0.0011,0.0018696208564764297,0.0032000113184589914,0.0039999402056924175,0.003199873806177761,0.003399980820866897,0.0038299873325400176,0.0071627200920515235,2.9999348088268847e-5,2.59299482224465e-4,0,0,0,0.00169998782956972,5.000378019319622e-4,0.0018000135814206166,0.002775457768579582,0.004000123731749567,0.0029999789644412265,0.0015000174858530162,0.0014999833918532288,5.000024534623792e-4,0.0012000006355565261,3.199989542543558e-4
FIN,4.858250645226738e-4,0.0010700149244046461,0.002600001573279422,0.003051395432173791,0.0029399565497156004,0.0011900236998613782,0.012083206976791092,0.0018486420416583176,0.003059587541894394,8.799971046267776e-4,0.0020299791428506813,0.002090046417312232,0.0033348494652087005,0.002198176673525794,0,0,0,2.9999883757424994e-5,2.3999324095978368e-4,0.004010037412172643,0.0017399953964026174,0.004320162325783091,0.0032392308038915706,0.0037699102124242644,0.003480031184662816,0.013449918063077637,0.003970142716355805,0,5.400039775851379e-4,0.003999954375399214,9e-5,0.0038668598418254998,0,0,0,0,0,0,0,0,0,0,0,0,0,8.000068545087673e-4,0.0012000024987037976,0.0012340104723034308,7.500076650672226e-4,4.299851067350653e-4,4.20003902528609e-4,3.6000812017864393e-4,0.0036700030889953387,0.0029900647948164147,4.0999886706413833e-4,0.0011199871818348287,0.001650013370175595,8.599664115179799e-4,4.727601205493249e-4,0.003299983319319292,0.0013000159795461808,0.0028400092384848886,0.003500009489406659,0.003958843828431835,0.0022506033666309516,3.0000129168927125e-5,2.599995667666713e-4,0,0,0,0.001700002235785991,1.4101037751161543e-4,0.002000012566050302,0.0026000067881749994,0.003999983268568752,0.0030000495933346556,0.0015000000000000002,0.0015000276518084281,5e-4,0.0012000219002080519,3.199989542543558e-4
FJI,4.858271477935304e-4,0.0010699775584935537,0.0026000547495209415,0.0015965036682910173,0.0029400778683538143,0.0011900093857545103,0.012083206976791092,0.0018486420416583176,0.004817306472654682,8.799948953164529e-4,0.0020299442519537106,0.0020900221985484355,0.0029300190763952016,0.0028300244817614853,0,0,0,2.9999151175621767e-5,2.3999615790990303e-4,0.004010091250670961,0.001739984039755518,0.0020408427289124904,0.005278667176858712,0.0037700223211152135,0.0034799253791872814,0.013449918063077637,0.003970142716355805,0,5.400006695606566e-4,0.004000073000693507,8.99990875079843e-5,0.006839976891969959,0,0,0,0,0,0,0,0,0,0,0,0,0,7.99972163878837e-4,0.0011999929963201498,0.002969364204964924,7.500074254484971e-4,6.208095702408529e-4,4.2000044229195693e-4,3.5999385230154463e-4,0.0036700448948748725,0.002996302729009733,4.0999859243710335e-4,0.001119973938023831,0.001649991218312745,8.599828697651354e-4,3.491607355960967e-4,0.003299964200002652,0.0013000348223613132,0.0028399880290296037,0.003500033969539865,0.004211297466004408,0.0020570426558959706,2.9999757597304483e-5,2.599913876186766e-4,0,0,0,0.0016999933187618712,1.3885712906795426e-4,0.002,0.002600026048450117,0.004000082151267868,0.003,0.0014999921505832118,0.0015000460871969767,4.999942501638703e-4,0.0012000405556118828,3.199989542543558e-4
FRA,4.8584789820206e-4,0.0010700261358808309,0.0026000202778059416,0.0015964971885127938,0.002939934936126319,0.0011899318228772125,0.012083206976791092,0.0018486420416583176,0.0017072577024048164,8.799971046267776e-4,0.002030008432342719,0.0022294010206187842,0.0033348494652087005,0.004215910019678479,0,0,0,3.0000439760184113e-5,2.4000629326620518e-4,0.004009938434476693,0.001739923895317232,0.004178540219695428,0.0043783096109717675,0.0037701058522934664,0.003480029200125144,0.013449918063077637,0.003970142716355805,0,5.40003258921297e-4,0.004698971176035836,8.999999999999999e-5,0.0038668598418254998,0,0,0,0,0,0,0,0,0,0,0,0,0,8.000015683230118e-4,0.0011999884948370582,0.0013506155684945083,7.499958877859018e-4,4.3000280447696505e-4,4.1999973255238627e-4,3.5999102937878455e-4,0.0036700294028186153,0.002989943335545459,4.100014466894922e-4,0.0011200033288024634,0.0016499858437146091,8.600177567327612e-4,4.7183364230020077e-4,0.0032999570840517734,0.0013000056170308374,0.002839946049422705,0.0035001121830827912,0.004175509705373024,0.0017612370650817758,3.000004638584675e-5,2.6000256550791226e-4,0,0,0,0.0016999882037433455,1.6583834064785142e-4,0.0020000773425113113,0.002600016497566609,0.00399994823078715,0.003,0.0015,0.001499962293557226,5e-4,0.0012000034762053742,3.199989542543558e-4
GAB,0.00210482001723,0.0019999890369,0.0026357293709,0.00183769166136,0.00294002632551,0.00118997525808,0.00413894829519,0.00250238310246,0.00474784379868,0.000879979848525,0.00266752022424,0.00269996186157,0.00333484946521,0.00192638107505,0,0,0,2.00000687786e-05,0.000211931642003,0.00513063698849,0.00173996700517,0.00267571990526,0.00404592533223,0.00692745215471,0.00590002885022,0.0134499180631,0.00397014271636,0,0.000199996809509,0.00469897117604,0.000119999391721,0.00287456681529,0,0,0,0,0,0,0,0,0,0,0,0,0,0.000850008586199,0.000993327950499,0.0013920503848,0.0006999838917,0.000500002960279,0.000399996337116,0.000360005409318,0.00340000128078,0.00299630272901,0.000399999897042,0.000862501873881,0.00119999923611,0.00109997506875,0.000603222838229,0.00320001186049,0.00399999576838,0.00320001745129,0.00339997763454,0.00412027710353,0.00688866590486,2.99996526941e-05,0.000219765142249,0,0,0,0.00175038645792,0.000498813109467,0.00179996826844,0.00319997461868,0.00400002280793,0.00299995078366,0.00149999154228,0.00149998764442,0.000500000817821,0.00120000063556,0.000319998954254
GBR,4.858255510964871e-4,0.0010699938811886457,0.002600010428616123,0.0015964911237501748,0.0029399673422341754,0.001190017356679769,0.012083206976791092,0.0018486420416583176,0.0022978224100350863,8.799971046267776e-4,0.0020300136820692503,0.0022294010206187842,0.0033348494652087005,0.002198176673525794,0,0,0,2.9999311342194066e-5,2.4000579374275783e-4,0.004009946162971074,0.0017399865526846604,0.002214309158465262,0.003724643490669387,0.003769932679049396,0.0034800646229331635,0.013449918063077637,0.003970142716355805,0,5.400105953248129e-4,0.004000060832801047,9e-5,0.006839962564342536,0,0,0,0,0,0,0,0,0,0,0,0,0,8.00006411877647e-4,0.0011999930151745332,0.0014409643989567015,7.500016161041546e-4,4.2998986302081977e-4,4.2000815258200853e-4,3.6000812017864393e-4,0.003669982261939511,0.0029899679276049374,4.100056813377696e-4,0.001119989747836202,0.0016499933150611672,8.599927603265898e-4,4.82021959501756e-4,0.0032999910782301957,0.0013000039607097592,0.002839900450893836,0.003500050422239569,0.004850007235145132,0.002043930742290241,2.9999883296182618e-5,2.600061593913609e-4,0,0,0,0.001705433987851853,1.413029687244405e-4,0.0020000255676007363,0.002600010732204663,0.004000036178141167,0.0030000661244462077,0.0015000215340884623,0.0014999787297400775,4.999812417932845e-4,0.0012000219002080519,3.199989542543558e-4
GEO,0.003777188998174381,0.0010700016659851274,0.0025999859914547876,0.006220066124895714,0.002939989264626946,0.0011899690827894193,0.012083206976791092,0.0018486420416583176,0.00468426423759083,8.79997103128621e-4,0.0020300154575298604,0.0022294010206187842,0.0033348494652087005,0.002198176673525794,0,0,0,2.9999682610213602e-5,2.4000353232073472e-4,0.0031514252099184925,0.001740002401662072,0.004320162325783091,0.005630215361631695,0.004131133097310413,0.0034799731053693213,0.013449918063077637,0.003970142716355805,0,5.400039775851379e-4,0.004000073000693507,9.000026071540308e-5,0.006839962564342536,0,0,0,0,0,0,0,0,0,0,0,0,0,7.999936369565562e-4,0.0011999898610970294,0.001649612242445044,7.499751718658618e-4,4.300118413262285e-4,4.200175995714887e-4,3.600050486950411e-4,0.00367010060847039,0.002996302729009733,4.099993351505884e-4,0.0011199759532806595,0.0016499766027140853,8.600044846401077e-4,4.120259679568433e-4,0.0033000143478884693,0.0012999893469692126,0.002840032728095677,0.0034999999999999996,0.004211297466004408,0.0018083699857054272,3e-5,2.6000097333073776e-4,0,0,0,0.0017027171918719325,1.4506795371303885e-4,0.002000020210594394,0.0026000307373112534,0.004,0.0030000875171387726,0.00150000730001606,0.0014999833918532288,5.000203458799592e-4,0.0012000006355565261,3.199989542543558e-4
GHA,0.0021048110589265796,0.002000029883050547,0.002599967556168384,0.002000068598279898,0.0029399906089225985,0.0011899808376676702,0.004139015019210619,0.0025023546149928865,0.004198488700632302,8.799938319263594e-4,0.002667477772578381,0.002699972911265044,0.003352764179868896,0.002399888865972798,0,0,0,2.0000598372426998e-5,2.3578884254419857e-4,0.005130677318274164,0.0017400080300762856,0.0017620969466984049,0.0045350692986140285,0.008325729094426396,0.005899967422595422,0.013449918063077637,0.003970142716355805,0,2.0000484919018526e-4,0.004698971176035836,9.224422832991293e-5,8.89993760723756e-4,0,0,0,0,0,0,0,0,0,0,0,0,0,8.49999010286423e-4,9.93336254006318e-4,0.0023902512714991035,6.999881988761699e-4,5e-4,4.000045911574308e-4,3.600050486950411e-4,0.0033998698199175525,0.003000020109954385,3.999930077264623e-4,8.625031950242821e-4,0.0016148462680272671,0.0011000097333073778,8.175591096106284e-4,0.0032000545553737044,0.004000156205253703,0.0031999492385786804,0.003400017239645438,0.003819154614031295,0.005692560802799163,2.9999658900978953e-5,2.0000365003467531e-4,0,0,0,0.001699989651247025,4.998285679877341e-4,0.0018000073492935491,0.003199949777136041,0.004000036248629349,0.0029999419403533897,0.0015000104286161226,0.0014999209985779745,5.000024534623792e-4,0.0012000006355565261,3.199989542543558e-4
GIN,0.002104820854726626,0.0019999969684384123,0.0026536123061838965,0.002000007841015568,0.0029399906089225985,0.0011899937104821344,0.004138934959252586,0.0025023965665924635,0.004198488700632302,8.799823099596385e-4,0.002667477772578381,0.0026999941393658798,0.0033527008624602817,0.0023999224789508816,0,0,0,1.9999999999999998e-5,1.9999999999999998e-4,0.0031514252099184925,0.0017399873909148221,0.0017508064725999786,0.004534937182571505,0.004131133097310413,0.005899987377456136,0.013449918063077637,0.003970142716355805,0,1.9999618524452583e-4,0.007899990875079843,9.224422832991293e-5,0.0038668598418254998,0,0,0,0,0,0,0,0,0,0,0,0,0,8.499950340443846e-4,9.933442264162258e-4,9.817383139844554e-4,7.485943554143025e-4,6.208095702408529e-4,4.0001530456075914e-4,3.599951733404779e-4,0.0034000151578309143,0.0030000732579731747,4e-4,8.624882794186592e-4,0.0011999839563613028,8.764629449512621e-4,9.152410822434263e-4,0.0031999514156927315,0.004,0.0032000275330396474,0.0033999926234647587,0.003830078673784771,0.006879237080670415,3.0000105034145773e-5,2.59299482224465e-4,0,0,0,0.0017000111919418018,4.931751471700732e-4,0.0017999679692504804,0.0031999697473907127,0.004,0.002999940341248061,0.0015000174858530162,0.0014999833918532288,5.000024534623792e-4,0.0012000006355565261,3.199989542543558e-4
GMB,0.0021048686918824677,0.0020000258102537685,0.0026536123061838965,0.002,0.0029399906089225985,0.0011900208051976494,0.004138969441701123,0.0025023769814673377,0.0048201299186142015,8.799719556834579e-4,0.002667533898564476,0.002699989861097029,0.0033348494652087005,0.002198176673525794,0,0,0,1.9999999999999998e-5,2.3578884254419857e-4,0.0031514252099184925,0.001740002401662072,0.0017842211128343633,0.005278667176858712,0.008325729094426396,0.005899991371127794,0.013449918063077637,0.003970142716355805,0,1.999964903660548e-4,0.00789994751657999,1.2000219002080518e-4,0.0038668598418254998,0,0,0,0,0,0,0,0,0,0,0,0,0,8.499908076673731e-4,0.0011811994937568928,0.0012097364004053986,6.999904150292341e-4,6.208095702408529e-4,4.137403165375939e-4,3.600050486950411e-4,0.003637432157203874,0.002996302729009733,4.0000853806911567e-4,0.0010769971754458446,0.0012000178269007933,8.764629449512621e-4,6.321296550454138e-4,0.0031999546266625076,0.004000060182956186,0.0031999565918392663,0.003400039864460833,0.003830051454581437,0.006882383076036108,3e-5,2.0000608346514172e-4,0,0,0,0.0017000394161899187,4.998025713872972e-4,0.0018000000000000002,0.0031999735484724246,0.004000016442365398,0.0029999999999999996,0.0015000417141744764,0.0015,5.000052898857384e-4,0.0012000006355565261,3.199989542543558e-4
GNB,0.002104827074172302,0.002000019947537975,0.0026536123061838965,0.002000014327776544,0.0029399906089225985,0.0011899937104821344,0.0041390218522372535,0.0025023932187678262,0.004820198319461591,8.799982216585609e-4,0.002667513436906704,0.0022294010206187842,0.0033348494652087005,0.0017900172117039585,0,0,0,1.999957059429749e-5,1.9999999999999998e-4,0.005130651182082124,0.001740002401662072,0.002023632949432957,0.00451972978450615,0.004131133097310413,0.005899933636708381,0.013449918063077637,0.003970142716355805,0,2e-4,0.004698971176035836,9.224422832991293e-5,8.899876390605685e-4,0,0,0,0,0,0,0,0,0,0,0,0,0,8.500016574402492e-4,9.933373442966328e-4,0.0020488999722659182,6.999962778694524e-4,5e-4,4.137403165375939e-4,3.600050486950411e-4,0.0034000000000000002,0.003000080449598327,4e-4,8.625156557523708e-4,0.0016148462680272671,8.764629449512621e-4,4.0250719539494727e-4,0.003199942352036895,0.004000063047727129,0.0031999851812518137,0.003399994413875932,0.004211297466004408,0.005250506440638726,3.0000105034145773e-5,2.59299482224465e-4,0,0,0,0.0017000096227867592,4.925026875655302e-4,0.0017999511920803847,0.0032000413766606075,0.00400003749390724,0.0029999206538125845,0.0015000182501733767,0.0015000502765208648,5.000024534623792e-4,0.0012000006355565261,3.199989542543558e-4
GRC,4.858161148669983e-4,0.001070020360530367,0.0025999170468685192,0.0015964931874022784,0.00293999161856353,0.0011899990045459068,0.012083206976791092,0.0018486420416583176,0.0032785599757192098,8.799971046267776e-4,0.002030035171297244,0.0020899821418284463,0.0033348494652087005,0.002198176673525794,0,0,0,3.0000561545372865e-5,2.4e-4,0.004010014494663329,0.0017400146000625715,0.004780880157871437,0.005607628165891987,0.003770120816147753,0.0034800223866069692,0.013449918063077637,0.003970142716355805,0,5.399880886544434e-4,0.00399995602462621,8.9998278668002e-5,0.0038668598418254998,0,0,0,0,0,0,0,0,0,0,0,0,0,7.999963258445199e-4,0.0012000088005412332,0.0013167056450339829,7.499975758045905e-4,4.2999942879990864e-4,4.200031303803412e-4,3.600041863994348e-4,0.0036699701580517993,0.002996302729009733,4.0999873083268914e-4,0.0011199961830239992,0.0016499278036258623,8.599975415086079e-4,3.2888678835067925e-4,0.003300010327377879,0.0012999992736622676,0.002839913922324458,0.0034999863377846137,0.00470104014105815,0.0017878069209614053,3e-5,2.599980270296932e-4,0,0,0,0.0017017521028068875,4.3769045672400813e-4,0.002000032773990561,0.0026000035509472154,0.003999947903778279,0.0030000684041316095,0.0015000918273645547,0.0014999895259442363,5.000179927309367e-4,0.001199981750159686,3.199989542543558e-4
GRD,4.858272136994636e-4,0.0010700026928615752,0.002599988016417508,0.0015964850414113207,0.0029400492745688474,0.0011900232275190799,0.012083206976791092,0.0018486420416583176,0.004198488700632302,8.800027443626217e-4,0.0020299955351706783,0.0020899987482788833,0.0029300166917721774,0.0018142429253610783,0,0,0,2.999960752762024e-5,2.3578884254419857e-4,0.00401009824497369,0.0017400391900718485,0.0030385015758632675,0.005278667176858712,0.003770120816147753,0.003480119932212228,0.013449918063077637,0.003970142716355805,0,5.400059258764663e-4,0.004698971176035836,9.224422832991293e-5,0.0038668598418254998,0,0,0,0,0,0,0,0,0,0,0,0,0,8.000060355038515e-4,0.0011999866184932424,0.002140054545788886,7.500085054264621e-4,4.2999523128278494e-4,4.2000882052978304e-4,3.600040692794832e-4,0.003670010963958163,0.0029900434467776973,4.099976531330673e-4,0.0011200659489865193,0.0016500128270908157,8.599880356595708e-4,0.0014206163296735226,0.003300022479717164,0.0013000069165859732,0.0028400090387100136,0.0034999701699204577,0.004211297466004408,0.002073410411621197,3.0000105034145773e-5,2.6000000000000003e-4,0,0,0,0.0017000155207201613,1.5905004112580715e-4,0.0019999575587810884,0.0026000511020052804,0.0039999736887111415,0.0030001044059302573,0.0014999999999999998,0.0015,5.000052898857384e-4,0.0012000006355565261,3.199989542543558e-4
GTM,4.8582318377845174e-4,0.0017099778270509977,0.003179993186684836,0.0062198361530924435,0.0029399906089225985,0.0011899937104821344,0.012083206976791092,0.004429968853416391,0.004820101824559693,8.800156586416129e-4,0.0020300233959126444,0.0022294010206187842,0.0033348494652087005,0.002198176673525794,0,0,0,2.9999580466521233e-5,2.400007300069351e-4,0.004009981395623542,0.001739939775526964,0.003133931513005647,0.0021843819589491965,0.0037700490144957767,0.00347988746102958,0.013449907398645452,0.003970142716355805,0,5.400093589143659e-4,0.003999972452928943,1.2000182498403138e-4,0.0038668598418254998,0,0,0,0,0,0,0,0,0,0,0,0,0,7.999907029420962e-4,0.0012000073747332422,0.0019042465249818875,7.499894114159055e-4,7.999801862492571e-4,4.199964188807625e-4,3.599946783742433e-4,0.003669986899760582,0.002990026906878802,4.100037066916687e-4,0.0011199758417635513,0.0016148462680272671,0.0011,0.0010013775807418178,0.0033000138191533464,0.001300002014788548,0.002840042079619069,0.0038999909826798085,0.004178633356647432,0.0015284233700648597,2.999959890903257e-5,2.5999826192752237e-4,0,0,0,0.0016999988679506006,1.4067532909732783e-4,0.002000060630864141,0.0028699932763423305,0.003999973674858173,0.0030000991866693115,0.0015,0.001499990782900437,5e-4,0.0012000006355565261,3.199989542543558e-4
GUY,4.858259172491536e-4,0.00171,0.0031800346746965963,0.0015964988695086905,0.0029399906089225985,0.001190043082814744,0.012083206976791092,0.0018486420416583176,0.004819946337843238,8.799970032963739e-4,0.0020300039814610802,0.0022294010206187842,0.0029299868706299044,0.0019450681608052778,0,0,0,2.9999821951588632e-5,2.40000663636062e-4,0.004009879306988515,0.0017399938774068464,0.005017985363280586,0.0024213403385053844,0.0037699516622274835,0.0034799252203329477,0.01344981412639405,0.003970142716355805,0,5.400091368687799e-4,0.004698971176035836,1.2000219002080518e-4,0.0038668598418254998,0,0,0,0,0,0,0,0,0,0,0,0,0,7.999882687939254e-4,0.0012,0.0021856688816046235,7.499961501147266e-4,8.000062527355718e-4,4.2000606113083385e-4,3.6e-4,0.00367001287001287,0.002990003770239563,4.1000981010440757e-4,0.0011200040473540425,0.0016148462680272671,0.0010999881390107936,7.387567990584451e-4,0.00329999230591675,0.001300026480713214,0.0028400124584717613,0.0038999931715977486,0.004211297466004408,0.0019794707591615653,3.0000105034145773e-5,2.59299482224465e-4,0,0,0,0.0017000137419266182,1.4122888499213532e-4,0.0019999242137173174,0.002870012666244459,0.004000159995733447,0.0030000046239994824,0.0014999919426315366,0.0014999833918532288,5.000024534623792e-4,0.0012000006355565261,3.199989542543558e-4
HND,4.8583325350607537e-4,0.0017100118986911439,0.0031800346746965963,0.006220011897944547,0.0029399906089225985,0.0011899566821755175,0.012083206976791092,0.0044301266385247725,0.004819896988019259,8.799986931521172e-4,0.0020299857930214517,0.00208998276386495,0.0033348494652087005,0.0018725779641253382,0,0,0,2.9999625257635376e-5,2.3999452504790583e-4,0.0040100401464247025,0.001740002401662072,0.004320162325783091,0.003598147405440828,0.0037699532801245867,0.0034801774483378257,0.013449818063018914,0.003970142716355805,0,5.400143457321447e-4,0.004698971176035836,1.2000208572322452e-4,0.0038668598418254998,0,0,0,0,0,0,0,0,0,0,0,0,0,8.000016574333816e-4,0.0012000103344485926,0.0013469698117464077,7.499937473994867e-4,7.999999999999999e-4,4.1998484952826944e-4,3.599947671376243e-4,0.003669939286760536,0.0029899828692546673,4.1000514668039116e-4,0.001120026263952725,0.0016148462680272671,0.001100013273161667,9.275058054138775e-4,0.003299981607504138,0.0013000092681269113,0.002840003962750149,0.0038999517151242892,0.004211297466004408,0.001813744867582068,2.999967739854184e-5,2.6000292002774025e-4,0,0,0,0.0016999763486735312,1.4173612459068068e-4,0.0019999380421313506,0.002775457768579582,0.00400006951202558,0.003,0.0015000000000000002,0.0015000276518084281,5.000114998045033e-4,0.0012000006355565261,3.199989542543558e-4
HRV,4.8584789820206e-4,0.0010700031158656913,0.0026000112309074574,0.0015964898199427454,0.002939949595898149,0.0011899808376676702,0.012083206976791092,0.0018486420416583176,0.001627797069268262,8.799971046267776e-4,0.00202998251959497,0.0022294010206187842,0.0033348494652087005,0.002198176673525794,0,0,0,2.999937400985212e-5,2.400086612224697e-4,0.004010011471477735,0.0017400146000625715,0.004800395777523321,0.00439482724945872,0.004131133097310413,0.0034799743513860113,0.013449918063077637,0.003970142716355805,0,5.399995989009887e-4,0.003999918890420959,8.999870750937055e-5,0.006840029413730864,0,0,0,0,0,0,0,0,0,0,0,0,0,7.999921396006917e-4,0.0011999926094608138,0.0020907569710848983,7.500093053263687e-4,4.299954689623924e-4,4.19980601357905e-4,3.599947671376243e-4,0.0036700081625684884,0.002996302729009733,4.100013593149053e-4,0.0011200157294534014,0.0016500010027475284,8.599986332650394e-4,3.751640551656875e-4,0.0032999857893988914,0.0013000171634532868,0.0028400461042948086,0.003499970776753882,0.003806548411699191,0.002124048241086311,2.9999999999999997e-5,2.5999427467258285e-4,0,0,0,0.0017015442446452961,1.5319075893318611e-4,0.002,0.002599983673913635,0.003999999999999999,0.0030000344990167784,0.0014999841305106802,0.001500011286426943,4.999812417932845e-4,0.0012000006355565261,3.199989542543558e-4
HTI,4.858206372453607e-4,0.001710021318366924,0.0026536123061838965,0.0015964865878001025,0.0029399906089225985,0.0011899937104821344,0.012083206976791092,0.0010920835380439598,0.004819988078680708,8.800058038305281e-4,0.00203000740092848,0.002090050378737332,0.002930022878690158,0.0017899858098520173,0,0,0,3.0000365003467532e-5,2.3999452504790583e-4,0.004009823550250166,0.0017399419328079635,0.0031364423066323217,0.005278667176858712,0.004131133097310413,0.003480104873534855,0.013449918063077637,0.003970142716355805,0,5.399913798411428e-4,0.004000000000000001,9.224422832991293e-5,0.0038668598418254998,0,0,0,0,0,0,0,0,0,0,0,0,0,7.999871848268351e-4,0.0011999950007498873,0.006582647402378097,7.499936404568696e-4,7.999879619597929e-4,4.2000380843568505e-4,3.6000173115208173e-4,0.0036701333333333335,0.002990018196177759,4.100032199205753e-4,0.001120011490696955,0.0016148462680272671,0.0010999768169699781,0.0014626801209094288,0.003300011122851899,0.0012999782781840561,0.0028400124584717613,0.0038999863906488638,0.0037998517420311344,0.0014928868110660307,3.0000105034145773e-5,2.6000292002774025e-4,0,0,0,0.0016781741588871618,2.349068179922881e-4,0.0020000339535515416,0.002869977267633593,0.003999951288421257,0.0030000495933346556,0.0014999999999999998,0.0014999833918532288,5.000024534623792e-4,0.0012000006355565261,3.199989542543558e-4
HUN,4.858269243074384e-4,0.0010700092238766635,0.0026000104286161225,0.0015965036682910173,0.0029399685450606844,0.0011899962096219448,0.012083206976791092,0.0018486420416583176,0.004198488700632302,8.799971046267776e-4,0.0020299661273292103,0.0022294010206187842,0.0033348494652087005,0.002198176673525794,0,0,0,3.0000497727046485e-5,2.3999756668795816e-4,0.00400996724379972,0.0017400409878980988,0.005036196678361693,0.005909779599635518,0.004131133097310413,0.0034799969030317106,0.013449918063077637,0.003970142716355805,0,5.40010209941931e-4,0.003999954375399214,8.999902666926222e-5,0.006839962564342536,0,0,0,0,0,0,0,0,0,0,0,0,0,7.999904043372397e-4,0.0012000050301494583,0.0017174505274858592,7.499975895482814e-4,4.300123795683298e-4,4.200031303803412e-4,3.5999877353283863e-4,0.003670033098531783,0.002996302729009733,4.1000527170140244e-4,0.0011199939089386328,0.0016500210576980928,8.59995724001641e-4,3.8217874708600883e-4,0.003299986075556174,0.0013000231703684088,0.002839934729429104,0.0034999429419148693,0.004068457690558645,9.417619003486159e-4,2.9999559199506303e-5,2.600016404535854e-4,0,0,0,0.0017062547491688855,1.410667759119409e-4,0.002,0.002600017870306252,0.004000127559155559,0.0030000743881574057,0.0015000000000000002,0.0015,4.999882449747267e-4,0.0012000182498403138,3.199989542543558e-4
IDN,4.858202574939564e-4,0.001070002502480529,0.0026536123061838965,0.001596491474784872,0.0029399906089225985,0.0011899941600155733,0.003733623432919342,0.0018486420416583176,0.004198488700632302,8.799998539722292e-4,0.002030038421236465,0.0020900236716766963,0.0033348494652087005,0.0017900111278392353,0,0,0,2.9999698349974357e-5,2.4000073000693506e-4,0.0040099035172801055,0.001739950360132373,0.0037700844243628764,0.003154715679831249,0.003770130955697966,0.0034800180053233126,0.013449918063077637,0.003970142716355805,0,5.400135705316685e-4,0.004,9.224422832991293e-5,0.0038668598418254998,0,0,0,0,0,0,0,0,0,0,0,0,0,7.999978081951582e-4,0.0011999727356379291,0.0023322535516821473,7.49976254551211e-4,4.300047956519423e-4,3.5998898147510507e-4,3.600050486950411e-4,0.0036700627881628713,0.002996302729009733,4.099945926459986e-4,0.0011200131018670161,0.0016500376034093757,8.600025955486342e-4,9.682324127074739e-4,0.003300099439995813,0.0013000394399526722,0.002839951165629905,0.003500012418143736,0.004017738920264295,0.0017669540564341087,3.0000638325035107e-5,2.5998978027593254e-4,0,0,0,0.001832346606637823,4.0225225225225226e-4,0.002999990803498349,0.0028100376307199737,0.0039999895851233905,0.003000070846617074,0.0015000363187332023,0.001499971196497494,5.000052898857384e-4,0.0012000006355565261,3.199989542543558e-4
IND,0.009228585275614994,0.0010700035149674735,0.0026000292002774025,0.006220168237104255,0.0029399906089225985,0.0011899941600155733,0.020405730144749307,6.181828697010005e-5,0.004198488700632302,8.79980072789671e-4,0.002030007257121704,0.0020899987482788833,0.0033348494652087005,0.002198176673525794,0,0,0,2e-5,2.3999902666926222e-4,0.0031514252099184925,0.0017399979722194057,0.004593623203137573,0.0041493540649516466,0.0037699607628433247,0.003480063656140043,0.013449918063077637,0.003970142716355805,0,5.399954305442729e-4,0.003999927001970946,9.224422832991293e-5,0.0038668598418254998,0,0,0,0,0,0,0,0,0,0,0,0,0,7.999946564605062e-4,0.0011999910726811288,0.0016647047644074563,7.500108470850266e-4,8.00014904795618e-4,3.599980323675537e-4,3.5999464811346e-4,0.0036701071367280396,0.002996302729009733,4.1001099515131854e-4,0.0011200024679170778,0.001650011460004584,8.599917551272802e-4,9.483570182522216e-4,0.0033000471031559113,0.001300022423200538,0.002839961759082218,0.0035001399558361583,0.0037999384942268444,0.0020301662102957968,3.0000105034145773e-5,2.59299482224465e-4,0,0,0,0.0016999948567607878,0.05217685747869183,0.002999904893242665,0.0028699882258164467,0.0040000449923512996,0.0029999404891789495,0.0014999778790426048,0.0014999833918532288,5.000052898857384e-4,0.0012000006355565261,3.199989542543558e-4
IRL,4.858130286579978e-4,0.0010700445695519586,0.002600009733307378,0.0015965210622159,0.0029400716750730025,0.0011900416652319134,0.012083206976791092,0.0018486420416583176,0.0021946087462426066,8.799971046267776e-4,0.0020300014852220405,0.0022294010206187842,0.0033348494652087005,0.002198176673525794,0,0,0,3.0000054181062273e-5,2.3999304771008952e-4,0.004009968282736746,0.0017399776778981026,0.004719211014457815,0.003479216008745994,0.003770024198018196,0.00348006101547178,0.013449907398645452,0.003970142716355805,0,5.400010272037802e-4,0.003999954375399214,9.000353232073473e-5,0.006839806582436438,0,0,0,0,0,0,0,0,0,0,0,0,0,7.999937037289665e-4,0.00119998038847169,0.0014340212029050562,7.500061357576074e-4,4.2999208652070697e-4,4.1999864965228546e-4,3.600011893125402e-4,0.0036698992899447253,0.002990020447401349,4.100015191846602e-4,0.0011199922209257098,0.0016500210576980928,8.600111927087498e-4,4.5795733637495853e-4,0.003299969908234176,0.0013000066201052595,0.002839940587756834,0.0035000147600683794,0.004049696914659341,0.0014398856113264624,2.9999539901999127e-5,2.6000384886779135e-4,0,0,0,0.0016999939755965318,1.4008292964461482e-4,0.001999927452118398,0.002600043536625186,0.004,0.002999940489178949,0.0014999761438999953,0.0015000387121036156,4.999834694349853e-4,0.001199981750159686,3.199989542543558e-4
IRN,0.003777022237294942,0.0010700045468853836,0.002600034219231208,0.006220051684113705,0.0029399906089225985,0.0011899937104821344,0.012083206976791092,0.0018486420416583176,0.004198488700632302,8.799971046267776e-4,0.002029999808430342,0.0022294010206187842,0.0033348494652087005,0.002198176673525794,0,0,0,3.0000365003467532e-5,2.4000718046912397e-4,0.004010028127675186,0.001740002401662072,0.004747776767564822,0.010777905592981925,0.004131133097310413,0.003480020312946329,0.013449918063077637,0.003970142716355805,0,5.400044668020887e-4,0.004698971176035836,8.999908750798429e-5,0.006839962564342536,0,0,0,0,0,0,0,0,0,0,0,0,0,8.000010649818653e-4,0.0012000084762477606,0.0010504822720412,7.499940444410813e-4,4.30004679764534e-4,4.199988046141892e-4,3.6000089015488694e-4,0.0036699826322875023,0.002996302729009733,4.0999549039385044e-4,0.001120016232119306,0.0016500043065792226,8.600055554132775e-4,3.954755716002543e-4,0.003300012272265795,0.0013000027179082979,0.0028449675380603696,0.0034999345661514032,0.0038299944940917373,0.0021346111505755575,3.0000576535024505e-5,2.6000292002774025e-4,0,0,0,0.0017000282375762928,1.924484525371504e-4,0.002,0.002599982535801607,0.003999960343425931,0.0029999999999999996,0.0014999831538280118,0.0014999833918532288,5.000024534623792e-4,0.0012000219002080519,3.199989542543558e-4
IRQ,0.003777148815332918,0.0010700019330585429,0.002600023174587409,0.006219917110158716,0.0029399906089225985,0.0011899937104821344,0.012083206976791092,0.0018486420416583176,0.004198488700632302,8.799971046267776e-4,0.002029992188388204,0.0022294010206187842,0.0033348494652087005,0.002198176673525794,0,0,0,3.0000561545372865e-5,2.4000364996806277e-4,0.004009963500049324,0.0017400146000625715,0.005119700955432595,0.003960366609945992,0.004131133097310413,0.004025820720098077,0.013450079154734165,0.003970142716355805,0,5.400098269750464e-4,0.003999970799935759,8.999627560521414e-5,0.0038668598418254998,0,0,0,0,0,0,0,0,0,0,0,0,0,7.999957858361954e-4,0.001199956804303862,0.0010192558549378472,7.499820544110259e-4,4.299991717511941e-4,4.200175995714887e-4,3.600050486950411e-4,0.0036700695791034555,0.002996302729009733,4.100058544893288e-4,0.0010769971754458446,0.001650017123585853,8.599692989936892e-4,5.788975406115431e-4,0.0032999268471104607,0.0012999790553984711,0.0028449675380603696,0.0035,0.0038000166099161196,0.0020507722654940397,3.000030330603579e-5,2.59299482224465e-4,0,0,0,0.001699988902322919,2.828942586070762e-4,0.002,0.00259986137241311,0.004000047588455041,0.0029999999999999996,0.0015000174858530162,0.0014999833918532288,5.000024534623792e-4,0.0012000006355565261,3.199989542543558e-4
ISL,0.00048582823513880643,0.0010699906462239214,0.0026536123061838965,0.003051395432173791,0.00294002703699152,0.0011900073640060192,0.012083206976791092,0.0018486420416583176,0.004198488700632302,8.799971046267776e-4,0.0020299661273292103,0.0020900491272081113,0.0033348494652087005,0.002198176673525794,0,0,0,3.0000071850436134e-5,2.399974235381263e-4,0.0040099408487294826,0.0017399810205124462,0.004320162325783091,0.0037662000406904666,0.0037701164681288777,0.003480029200125144,0.013449891852919971,0.003970142716355805,0,5.400209533787323e-4,0.004698971176035836,8.999789429353546e-5,0.0038668598418254998,0,0,0,0,0,0,0,0,0,0,0,0,0,7.999945613748845e-4,0.0012000096560825272,0.0013035522572475223,7.499930272124655e-4,4.299962427844383e-4,4.200024595708049e-4,3.600038186562573e-4,0.003669938032976901,0.002996302729009733,4.1000501986254245e-4,0.0011199888174447863,0.001650023946360153,8.599818125693499e-4,4.714147399783781e-4,0.0033000039736941445,0.0012999941669421167,0.002839993012420137,0.0035000762007479395,0.003800021538765291,0.002073410411621197,3.0000157970396347e-5,2.599979881877883e-4,0,0,0,0.0017000046902306573,1.391345590239837e-4,0.0019999999999999996,0.0026000188412623644,0.004000038021669183,0.0029999789644412265,0.0014999718508973308,0.0014999833918532288,5.000052898857384e-4,0.0012000006355565261,3.199989542543558e-4
ISR,4.8582839591436157e-4,0.0010699937981678918,0.0025999427467258284,0.0015964957444982721,0.0029399580253672776,0.0011899728443367302,0.012083206976791092,0.0018486420416583176,0.004198488700632302,8.799971046267776e-4,0.0020299956588413813,0.002090001559819061,0.0033348494652087005,0.002198176673525794,0,0,0,3.000033486253893e-5,2.3999324095978368e-4,0.004009931245225363,0.0017399626101664738,0.004776059662881729,0.00450612684760159,0.0037699607628433247,0.0034799836043175295,0.013449930717496367,0.003970142716355805,0,5.400097943192948e-4,0.004,9.000056589893045e-5,0.00683999009056126,0,0,0,0,0,0,0,0,0,0,0,0,0,7.999959036714199e-4,0.0011999959342844848,0.0015536956857418276,7.499933797632603e-4,4.29997068690356e-4,4.1999189791371277e-4,3.600050486950411e-4,0.0036700032100855052,0.002996302729009733,4.100051801313185e-4,0.001120002891635943,0.0016499310613762657,8.600026720492814e-4,7.795748614579185e-4,0.0033000653271121464,0.001299993348262788,0.0028399247579015815,0.0034999921521135183,0.004211297466004408,0.00213488846841565,3.0000403453562494e-5,2.59299482224465e-4,0,0,0,0.0017000113164990654,1.5204421850888844e-4,0.0019999794968527666,0.002600014243238913,0.004000027992777863,0.003000049593334656,0.0014999999999999998,0.0015,4.999914680135829e-4,0.0012000006355565261,3.199989542543558e-4
ITA,4.858252779059099e-4,0.0010700320693147294,0.0026,0.001596488289061764,0.002940035457294817,0.0011899895261370489,0.012083206976791092,0.0018486420416583176,0.0016534820089525925,8.799971046267776e-4,0.0020300349534902256,0.0020900548585085004,0.0033348494652087005,0.002198176673525794,0,0,0,3.0000456246007843e-5,2.3999902666926222e-4,0.004009965045093761,0.0017399746934008175,0.004194262903923947,0.004561824950718896,0.003770120816147753,0.0034800561188990655,0.013449918063077637,0.003970142716355805,0,5.399986838930443e-4,0.004698971176035836,8.999966968355685e-5,0.0038668598418254998,0,0,0,0,0,0,0,0,0,0,0,0,0,8.00001750531724e-4,0.0011999867569401912,0.0012624920851360564,7.500007191630093e-4,4.2999677063430125e-4,4.1999664063156126e-4,3.6000082625849497e-4,0.0036700109406643546,0.0029899727258142143,4.1000811620161767e-4,0.0011199813879287422,0.0016499908842297175,8.600020277805942e-4,3.5559338358541833e-4,0.0033000251157116714,0.0012999841571609632,0.002840030939523526,0.003500141147513425,0.0047470333507078025,0.001746819426078578,2.9999836833259906e-5,2.600011618000155e-4,0,0,0,0.0016999968429582183,1.64986717054164e-4,0.0020000309798940486,0.002600054804793977,0.004,0.0030000000000000005,0.0015000306729648486,0.001500008254230293,5.000066289259814e-4,0.0011999807895495152,3.199989542543558e-4
JAM,4.85824870045462e-4,0.0010699937083980535,0.002600009733307378,0.0015964893950475396,0.0029399906089225985,0.0011900030416708912,0.012083206976791092,0.0018486420416583176,0.004198488700632302,8.799886356039842e-4,0.002030016027976104,0.002090003924472118,0.002930049953530429,0.0017899891186071817,0,0,0,2.9999808399754752e-5,2.3999297040812188e-4,0.0040099504722543545,0.0017399802194696934,0.0032897426357204025,0.005278667176858712,0.003770120816147753,0.003480029200125144,0.01344981412639405,0.003970142716355805,0,5.40002534421298e-4,0.004000073000693507,9.000255502427273e-5,0.0038668598418254998,0,0,0,0,0,0,0,0,0,0,0,0,0,7.999871286987114e-4,0.0012000325359024645,0.0015700755438357627,7.500067168790692e-4,4.299967723486543e-4,4.200019530432599e-4,3.5999705644271105e-4,0.003669991422272318,0.002990010682218437,4.0998977451948905e-4,0.0011199961830239992,0.0016148462680272671,8.600016073294222e-4,0.0010142877677724843,0.0032999976633876207,0.0013000031101296926,0.002840027881850658,0.0034999578994639197,0.004211297466004408,0.0019896671221021557,3e-5,2.600073001581701e-4,0,0,0,0.0017000000106082139,4.394935675763195e-4,0.0019999757475808212,0.002599942368648545,0.00399998576188171,0.0030000186847202585,0.001500012807049,0.0015,5e-4,0.0012000006355565261,3.199989542543558e-4
JOR,0.0037770938024869714,0.0010699954850981038,0.002600009733307378,0.006220072489662565,0.0029399906089225985,0.0011899941600155733,0.012083206976791092,0.0018486420416583176,0.004810393003258939,8.799971046267776e-4,0.002029952254479021,0.002090010420480469,0.0033348494652087005,0.002198176673525794,0,0,0,3e-5,2.3999756668795816e-4,0.0040099402034635395,0.001739997972219406,0.005041238848678673,0.005442594063524253,0.003770120816147753,0.0034799403838549747,0.013450224409235927,0.003970142716355805,0,5.39994026284349e-4,0.004000057937427578,9.000050694514853e-5,0.006839868975198876,0,0,0,0,0,0,0,0,0,0,0,0,0,7.999953502159245e-4,0.0011999879204714035,0.0012951027181674112,7.500141986677592e-4,4.300030740854596e-4,4.1999525053431497e-4,3.5999215070643643e-4,0.0036700175310121386,0.002996302729009733,4.1000117552226773e-4,0.001119996591974099,0.0016500358703450074,8.599818125693499e-4,6.443136193782063e-4,0.00329997549219835,0.0013000114420839849,0.002839991969484039,0.0034999495585949594,0.004997319833234069,0.0020016128412592886,2.9999999999999997e-5,2.599928781269474e-4,0,0,0,0.0017000205195325713,2.8150578154372534e-4,0.0020000530532123723,0.002600068610634649,0.0039999233877918445,0.002999911507035191,0.0014999831538280118,0.0015,5e-4,0.0012000006355565261,3.199989542543558e-4
JPN,4.85828412215058e-4,0.0010699817963260756,0.0031800322061191627,0.0015964996489335114,0.0029400299302843377,0.0011899408715964669,0.0037338377370047613,0.0018486420416583176,0.002986074176174032,8.800212437234453e-4,0.0020299893278906355,0.0020900314008529784,0.002930065384468321,0.00255833125252842,0,0,0,1.9999860819702364e-5,2.399974235381263e-4,0.004010010272550433,0.0017399873909148221,0.004023380876968621,0.004125902855662553,0.003769971665814017,0.0034799697320395265,0.013449918063077637,0.003970142716355805,0,5.399995989009887e-4,0.0039998648191956745,1.1999951333463111e-4,0.0038668598418254998,0,0,0,0,0,0,0,0,0,0,0,0,0,8.000042468705872e-4,0.0012000070969592485,0.0014049991462290548,7.500162020534946e-4,7.999975216545434e-4,4.200140548137737e-4,3.5999540968556347e-4,0.003669959240023667,0.002996302729009733,4.10003349102022e-4,0.0011199952288179396,0.0016499679127226056,8.599863733696709e-4,5.295545542928748e-4,0.003300020835279157,0.0013000092681269115,0.002840082783309095,0.0034999652661368997,0.004051388538618946,0.0013176452979156209,2.9999999999999997e-5,2.59299482224465e-4,0,0,0,0.0016999917891744826,3.601156027216127e-4,0.003000032522440484,0.00281000703894885,0.004000008952872081,0.0029999883824947432,0.0015,0.0014999811037905795,4.999999999999999e-4,0.0011999719239138063,3.2000516167090664e-4
KAZ,4.858243277738921e-4,0.0010699872119990462,0.0025999781793656146,0.0015965516795252736,0.002939958025367278,0.0011899509096159398,0.0037337467765005588,0.0018486420416583176,0.004514112965871918,8.799971046267776e-4,0.002030004142131322,0.0022294010206187842,0.0033348494652087005,0.002198176673525794,0,0,0,2.9999170468685194e-5,2.3999908750798427e-4,0.0031514252099184925,0.0017399625135641709,0.004320162325783091,0.003919584119295214,0.0037699532801245867,0.0034799411707872167,0.013449645150388644,0.003970142716355805,0,5.399922788053206e-4,0.004698971176035836,8.99990580699854e-5,0.0038668598418254998,0,0,0,0,0,0,0,0,0,0,0,0,0,7.999965061077604e-4,0.0012000041733054515,0.001346689967634785,7.500066660148787e-4,4.3000685087919623e-4,4.200175995714887e-4,3.599904064189778e-4,0.003669914863062878,0.002996302729009733,4.1000141165978206e-4,0.001119996591974099,0.0016499986629943575,8.600003309815257e-4,5.428685968898872e-4,0.0033001428268072245,0.0012999770048289859,0.0028400006760296776,0.003499998208675029,0.003873117728062382,0.0020329933802615634,2.999919637834508e-5,2.600021262270102e-4,0,0,0,0.001701740756224001,1.4333828157117338e-4,0.002,0.0026000277484284785,0.004,0.0029999425022999076,0.001499990875079843,0.0015,5e-4,0.0012000006355565261,3.199989542543558e-4
KEN,0.002104775781465693,0.0020000071011631705,0.0026000292002774025,0.0018376825453466576,0.0029399906089225985,0.0011899475325070337,0.00413897473222844,0.0025023789595607572,0.0048145592145363994,8.800066593598691e-4,0.0026674664253835286,0.0026999953233877378,0.003352735503951171,0.0019643695655252886,0,0,0,1.999951333463111e-5,2.0000317389786397e-4,0.00513054869153592,0.0017400032589212971,0.002921608401993827,0.0030652344726560306,0.008325646215615354,0.005899923605805959,0.013449918063077637,0.003970142716355805,0,1.9999561307304232e-4,0.007900067786004798,9.224422832991293e-5,0.0038668598418254998,0,0,0,0,0,0,0,0,0,0,0,0,0,8.499922324064004e-4,9.93332047170039e-4,0.0012952119452094412,7.000000000000001e-4,4.999897530484681e-4,3.999972452928942e-4,3.6001085187194795e-4,0.0033999952944498034,0.0030000850846592358,3.9999999999999996e-4,8.624988456921231e-4,0.001199977079990832,0.0011000394200867242,0.0015416165503786465,0.0031999787388600483,0.0039999547899995476,0.0032000794228605467,0.0033999245425391433,0.0040199305610770985,0.006860921293444901,2.999989432191658e-5,2e-4,0,0,0,0.0017000109752662023,4.942558142478226e-4,0.0017999882919975806,0.003199980789549515,0.003999969068019425,0.002999940489178949,0.00150000730001606,0.0014999833918532288,5.000024534623792e-4,0.0012000006355565261,3.199989542543558e-4
KGZ,4.8582625403179475e-4,0.0010700331952645339,0.0026000292002774025,0.0015964830571048834,0.002939945493478684,0.0011900161030595812,0.012083206976791092,0.0018486420416583176,0.0016106236021982139,8.799971046267776e-4,0.0020300151340868506,0.0022294010206187842,0.0033348494652087005,0.002198176673525794,0,0,0,3.0000000000000004e-5,2.4000168463611863e-4,0.004009928094316896,0.0017399419328079635,0.004320162325783091,0.004885700740797494,0.004131133097310413,0.0034800462343350775,0.013449918063077637,0.003970142716355805,0,5.232911151232613e-4,0.004698971176035836,8.99990875079843e-5,0.006839962564342536,0,0,0,0,0,0,0,0,0,0,0,0,0,8.000033950340352e-4,0.0011999950752259242,0.0018210556138741776,7.499889901792399e-4,4.3001012415410023e-4,4.199924245032885e-4,3.5999529033144297e-4,0.003670027299510771,0.002996302729009733,4.0998942311643873e-4,0.0011200515295272371,0.0016499679127226056,8.599953623785845e-4,4.4954998364710267e-4,0.0033000046801938453,0.0012999805851036652,0.002839944489418295,0.0034999777332442666,0.0038217792907010843,0.0021212810833483127,3.0000704738189762e-5,2.599963500319372e-4,0,0,0,0.0017027237181786378,1.5096782279286773e-4,0.0019999056870696973,0.0025998943425223323,0.004000045156920298,0.0030001535783761644,0.0014999635009854736,0.0014999833918532288,5.000052898857384e-4,0.0012000006355565261,3.199989542543558e-4
KHM,0.000485824993903,0.00107000423983,0.00281116237637,0.00208146081627,0.00293996613113,0.00118998356171,0.0120832069768,0.00184864204166,0.0047457645545,0.000879994397662,0.00203000401391,0.00213646466366,0.00319990995088,0.00232403645486,0,0,0,2.66663198482e-05,0.000238595064223,0.00372381662868,0.00173997439923,0.00362847914578,0.00361575973599,0.00376998933862,0.00348008181009,0.0134499222812,0.00397014271636,0,0.000528864711425,0.00423305779329,0.000100749657792,0.00386685984183,0,0,0,0,0,0,0,0,0,0,0,0,0,0.000801157844132,0.00119372948226,0.0015827649732,0.000750014346302,0.000493605312393,0.000377917920772,0.000359997306543,0.00367005086284,0.00299630272901,0.0004100045299,0.00112002545918,0.00161484626803,0.000860005402705,0.000775593100176,0.00330002906079,0.00129998927897,0.00283998049689,0.00349998367253,0.00398837495631,0.00147895040553,3.0000376873e-05,0.00025953333577,0,0,0,0.00174128774062,0.000374746945681,0.00299998409768,0.00279846962323,0.00399994785253,0.00299993982475,0.00150002903826,0.00150001489249,0.000500010820928,0.00120000772377,0.000319998954254
KIR,0.000485824993903,0.00107000423983,0.00281116237637,0.00208146081627,0.00293996613113,0.00118998356171,0.0120832069768,0.00184864204166,0.0047457645545,0.000879994397662,0.00203000401391,0.00213646466366,0.00319990995088,0.00232403645486,0,0,0,2.66663198482e-05,0.000238595064223,0.00372381662868,0.00173997439923,0.00362847914578,0.00361575973599,0.00376998933862,0.00348008181009,0.0134499222812,0.00397014271636,0,0.000528864711425,0.00423305779329,0.000100749657792,0.00386685984183,0,0,0,0,0,0,0,0,0,0,0,0,0,0.000801157844132,0.00119372948226,0.0015827649732,0.000750014346302,0.000493605312393,0.000377917920772,0.000359997306543,0.00367005086284,0.00299630272901,0.0004100045299,0.00112002545918,0.00161484626803,0.000860005402705,0.000775593100176,0.00330002906079,0.00129998927897,0.00283998049689,0.00349998367253,0.00398837495631,0.00147895040553,3.0000376873e-05,0.00025953333577,0,0,0,0.00174128774062,0.000374746945681,0.00299998409768,0.00279846962323,0.00399994785253,0.00299993982475,0.00150002903826,0.00150001489249,0.000500010820928,0.00120000772377,0.000319998954254
KOR,4.858250506391159e-4,0.0010700014376464576,0.003180000657656769,0.0015964663949383495,0.0029400299302843377,0.0011899937104821344,0.003733622154757927,0.0018486420416583176,0.004089832550795695,8.799988412682318e-4,0.0020300097814409186,0.0020899637721478294,0.0033348494652087005,0.007581280749099437,0,0,0,2e-5,2.399951334252575e-4,0.004009902561335576,0.0017400535344932473,0.003768036339800253,0.004375538531647459,0.0037700132684652804,0.0034799731053693213,0.013450099699212546,0.003970142716355805,0,5.400025269187034e-4,0.004000123731749567,1.2000182498403138e-4,0.006840060165455001,0,0,0,0,0,0,0,0,0,0,0,0,0,8.00001867744978e-4,0.0011999942758605887,0.001924687579055428,7.499913571568503e-4,7.999923879120043e-4,4.1999525053431497e-4,3.5999529033144297e-4,0.00367003367003367,0.002996302729009733,4.0999844018093897e-4,0.0011199843566679704,0.0016148462680272671,8.600235694644495e-4,5.810162667087953e-4,0.0032999933907602833,0.0013000035646811392,0.002840043707250469,0.0035000017584767367,0.0044758545033127236,0.0012684438678979787,3e-5,2.6000000000000003e-4,0,0,0,0.0016898814247733374,3.602132824545239e-4,0.0029999242137173174,0.00281002831179721,0.004000046110041614,0.003,0.0015000212829353423,0.001499995686196692,4.999973229535319e-4,0.0011999954375399213,3.200048305758796e-4
KWT,0.003777066140450094,0.0010699986901229577,0.002600054749520942,0.006220079034869348,0.0029399906089225985,0.0011899937104821344,0.012083206976791092,0.0018486420416583176,0.0048200602308850595,8.799971046267776e-4,0.002029999508003149,0.0020899085869405245,0.0033348494652087005,0.002198176673525794,0,0,0,3.000023397468394e-5,2.4000398181637185e-4,0.0040099402034635395,0.0017399854001277487,0.0050434423373346944,0.005361249953785156,0.004131133097310413,0.0034798795510539277,0.013449783263536845,0.003970142716355805,0,5.399814471243042e-4,0.004,9.000061864599014e-5,0.006840042583558534,0,0,0,0,0,0,0,0,0,0,0,0,0,7.999635517318622e-4,0.0011999910794087021,0.0015560098039179332,7.499899524698945e-4,4.2999726331718153e-4,4.2000210106103584e-4,3.5999607526764494e-4,0.003670037362814129,0.002996302729009733,4.09999096403153e-4,0.0011199829783941663,0.0016499989673048722,8.599867148254244e-4,7.499329059593497e-4,0.00329996530315446,0.0012999913506896164,0.0028449675380603696,0.0035000258891092237,0.0037999098693105005,0.0019318708423648999,2.9999764965802523e-5,2.599963500319372e-4,0,0,0,0.0016999902501532121,1.6471801050180592e-4,0.0020000233841548968,0.002599945632475535,0.004000024024889786,0.003,0.0015,0.0014999787297400775,5e-4,0.0012000006355565261,3.199989542543558e-4
LAO,4.8582536360282944e-4,0.0010700099623168447,0.0026536123061838965,0.001596499671044616,0.0029399906089225985,0.0011899937104821344,0.012083206976791092,0.0018486420416583176,0.0048199535962877025,8.799942936914722e-4,0.0020299960193638686,0.0020900074841491366,0.0033348494652087005,0.002198176673525794,0,0,0,3.0000190103226052e-5,2.3578884254419857e-4,0.004010024676125848,0.001740002401662072,0.003610051040439733,0.005278667176858712,0.003770046490183271,0.003480029200125144,0.013449918063077637,0.003970142716355805,0,5.232911151232613e-4,0.004000129203139636,9.224422832991293e-5,0.0038668598418254998,0,0,0,0,0,0,0,0,0,0,0,0,0,8.034813580415028e-4,0.0011811994937568928,0.0018279679387705624,7.50009589280463e-4,4.299962427844383e-4,3.6000655898991556e-4,3.600050486950411e-4,0.0036700759593707335,0.002996302729009733,4.100020277805942e-4,0.001120016339869281,0.0016148462680272671,8.599929919845823e-4,8.932408502214401e-4,0.0033000081947062196,0.0012999982176911972,0.002839970394258601,0.0034999698758886614,0.004211297466004408,0.0014592022393282015,3.0000105034145773e-5,2.59299482224465e-4,0,0,0,0.0017165699713368662,3.599886573089465e-4,0.0029999947342646666,0.002775457768579582,0.00399995875693399,0.002999962215672939,0.0015000174858530162,0.0014999833918532288,5.000052898857384e-4,0.0012000006355565261,3.199989542543558e-4
LBN,0.0037769488604272186,0.001069987132410633,0.0026000278096429937,0.006219887830499421,0.0029399906089225985,0.001189958634114689,0.012083206976791092,0.0018486420416583176,0.004198488700632302,8.800052143307189e-4,0.0020300351809901416,0.0020899683902904516,0.0033348494652087005,0.002486715434250026,0,0,0,2.9999804551984285e-5,2.3999797221940588e-4,0.004010099346835721,0.0017400267324696689,0.0051576934401676424,0.003937003128782061,0.0037699532801245867,0.003480129626471089,0.013449918063077637,0.003970142716355805,0,5.399938963912414e-4,0.003999940890484845,8.99998617428694e-5,0.006839962564342536,0,0,0,0,0,0,0,0,0,0,0,0,0,7.999934202049058e-4,0.0012000088308993168,0.0012169249637204926,7.499978597173114e-4,4.3000250438266966e-4,4.200129638632313e-4,3.600050486950411e-4,0.003669992841747865,0.002996302729009733,4.100112993151448e-4,0.0011200242779829043,0.00165,8.600150894149793e-4,6.473555517247949e-4,0.003300001501433869,0.0013000019553018008,0.0028400678157671656,0.0035000430943295693,0.004211297466004408,0.0021745930694392194,3.0001076368333244e-5,2.6000396746677246e-4,0,0,0,0.0016999835057062724,2.282444172136729e-4,0.0020000640635510426,0.002600002527710021,0.003999899814657116,0.0030000624785230076,0.0014999640985136784,0.0015,5e-4,0.0012000006355565261,3.199989542543558e-4
LBR,0.002104822496,0.00200001093131,0.00263710585115,0.0018891788074,0.00294000034591,0.00118999103411,0.00475008206134,0.00250237988308,0.0046765898762,0.000879994707914,0.00266749397474,0.00259139706514,0.00334581318461,0.00216607802325,0,0,0,2.06543607754e-05,0.000211011416294,0.00436943727871,0.00173999991075,0.00296840582044,0.00395018393734,0.00671237540509,0.00575584643832,0.0134499180631,0.00397014271636,0,0.000274603508743,0.00666881415358,9.86496029505e-05,0.00249292232512,0,0,0,0,0,0,0,0,0,0,0,0,0,0.000850000010906,0.00103668466333,0.00147384333733,0.000703733754873,0.000537176054569,0.0004042288075,0.000360003539946,0.00341824012845,0.0029980079227,0.000400757146121,0.000895499917406,0.00142337821344,0.00099683114631,0.00119482302017,0.00319998436131,0.00399999208043,0.00317268445248,0.00339999985083,0.00394820688312,0.00639368907436,3.0000047419e-05,0.000250176952918,0,0,0,0.00171358952152,0.000490734538977,0.00179998457748,0.00300405579802,0.00399999924148,0.00300001142453,0.00150001469764,0.00149999077423,0.000500002889835,0.0012000019905,0.000319998954254
LCA,4.8582937471697496e-4,0.0010699974489295314,0.0026536123061838965,0.0015964969952231753,0.0029399906089225985,0.00118999359310385,0.012083206976791092,0.0018486420416583176,0.004198488700632302,8.800326065931637e-4,0.0020299895539647767,0.002090009311308066,0.002930032993076101,0.0020284774246177566,0,0,0,2.999969327975953e-5,2.4000073000693506e-4,0.004009975940379086,0.0017400484483435902,0.005103298739295378,0.005278667176858712,0.003770052012044894,0.0034800770556625772,0.013449674327147597,0.003970142716355805,0,5.399971276748527e-4,0.004698971176035836,8.99990875079843e-5,0.006839962564342536,0,0,0,0,0,0,0,0,0,0,0,0,0,8e-4,0.001199994734555794,0.0016145436896957935,7.500032653457255e-4,4.299997468802997e-4,4.199994678161837e-4,3.600050642527062e-4,0.0036700950151278434,0.0029899982059562254,4.099985708903353e-4,0.0011199799448483332,0.0016500125184299107,8.60001047504321e-4,6.939774006710346e-4,0.003299957772251678,0.001300006347997207,0.002840013426754082,0.0034999975170865822,0.004211297466004408,0.0012083161015642731,3.0000105034145773e-5,2.600073001581701e-4,0,0,0,0.0017000158209986454,1.6093068414784495e-4,0.002,0.0026000246290253065,0.004,0.003,0.0014999640985136784,0.0015000276518084281,4.99992653001249e-4,0.0012000006355565261,3.199989542543558e-4
LKA,5.606890202539005e-4,0.0010699839695481857,0.0026536123061838965,0.006219969488287209,0.0029399906089225985,0.0011900208051976494,0.020404657977944014,0.0018486420416583176,0.004137277381352415,8.800018334326443e-4,0.002030008080954276,0.00208999903744345,0.0033348494652087005,0.002198176673525794,0,0,0,2e-5,2.3578884254419857e-4,0.0031514252099184925,0.0017399854001277487,0.00528043473702926,0.004173594906891948,0.004131133097310413,0.0034800160601525716,0.013449918063077637,0.003970142716355805,0,5.399978607654859e-4,0.003999915117562177,9.000255502427273e-5,0.006839962564342536,0,0,0,0,0,0,0,0,0,0,0,0,0,8.000022942094155e-4,0.0012000109025823978,0.0020238732402038887,7.499697006423464e-4,8.00018533963488e-4,4.137403165375939e-4,3.600050486950411e-4,0.003637432157203874,0.0029899469359425026,4.100109609061016e-4,0.0011199876724994008,0.0016500210576980928,8.599909379247846e-4,0.0010255280484129886,0.0033,0.001299969107198023,0.0028400734239660413,0.003499994164536722,0.004211297466004408,0.0022446055279026424,3.0000517839573303e-5,2.59299482224465e-4,0,0,0,0.0017007801820253696,0.09216980140463668,0.0029998955286251565,0.0028700540304535285,0.003999961415163198,0.0029999999999999996,0.0014999884127830177,0.0015000276518084281,5.000052898857384e-4,0.0012000000000000001,3.199989542543558e-4
LSO,0.00210479770473,0.00200000180227,0.00262297388221,0.00191883263301,0.00293999348971,0.00118999464349,0.00584133465685,0.00236228900697,0.00450607795411,0.000879999629505,0.00266748994312,0.00269999955661,0.00334633241985,0.00257639143872,0,0,0,2.00000395976e-05,0.000217894795171,0.0048479115186,0.00173999856254,0.0028902169168,0.00430794451226,0.00742682828639,0.00590001079276,0.0134499440141,0.00397014271636,0,0.0002692760929,0.00652814054353,0.000104140152901,0.0015278935884,0,0,0,0,0,0,0,0,0,0,0,0,0,0.000850000497729,0.00100675198167,0.00188960062959,0.000699999410055,0.000551776319865,0.000401960270992,0.000360004696535,0.00341693797629,0.00299816193378,0.000399994663049,0.000862499317343,0.00131852385298,0.00110000018868,0.00102523250753,0.00320000477225,0.00400001951654,0.00317466190244,0.00340000969068,0.00389304430976,0.00581522185137,3.00001236772e-05,0.000208471916949,0,0,0,0.00171489611479,0.000493877898507,0.00180000424165,0.00316965606397,0.00400002929773,0.00300001358035,0.001499996072,0.00149999066168,0.000500000196637,0.00120000063556,0.000319998954254
LTU,4.8582623356713755e-4,0.0010700034922888012,0.0025999889728179964,0.0015964595712907941,0.0029398691648407963,0.0011899906656135564,0.012083206976791092,0.0018486420416583176,0.0017393248518009026,8.799971046267776e-4,0.002030004739700697,0.0022294010206187842,0.0033348494652087005,0.002198176673525794,0,0,0,3.0000080278512923e-5,2.3999797221940588e-4,0.0031514252099184925,0.0017400127437943262,0.004320162325783091,0.004803172339162263,0.003770052012044894,0.0034799687146954026,0.013449918063077637,0.003970142716355805,0,5.40009909575127e-4,0.004698971176035836,8.999918890420958e-5,0.0038668598418254998,0,0,0,0,0,0,0,0,0,0,0,0,0,8.000013107791927e-4,0.0011999905291499237,0.001556846315023818,7.499939798203578e-4,4.299878591663295e-4,4.199913915836175e-4,3.600062796813061e-4,0.003669979414841562,0.0029900600271090174,4.099978298022407e-4,0.0011199939089386328,0.0016499908842297175,8.600063875412527e-4,4.3714730963729663e-4,0.0033,0.0012999977933225943,0.0028399733875027512,0.003500048050504777,0.0045373909553216,0.0016458849061267984,3.00006753106429e-5,2.599999267069046e-4,0,0,0,0.0017205188543031652,1.395129953557704e-4,0.0020000785962706073,0.002599990823021979,0.004000015756623198,0.0029999206538125845,0.0015000000000000002,0.0015,5.00005086418246e-4,0.0012000060833726217,3.199989542543558e-4
LUX,4.8582679496121374e-4,0.0010700153505031555,0.0026000418227097315,0.0015965034569808405,0.00294000720703965,0.0011900000873202295,0.012083206976791092,0.0018486420416583176,0.0014715220368408245,8.799971046267776e-4,0.0020299855737871426,0.0020899580625835293,0.0033348494652087005,0.002198176673525794,0,0,0,2.999950963775022e-5,2.4000384221311473e-4,0.0040099408487294826,0.001740002401662072,0.004320162325783091,0.005278667176858712,0.0037699532801245867,0.0034798890429958394,0.013449918063077637,0.003970142716355805,0,5.400093589143659e-4,0.004698971176035836,8.999912401086227e-5,0.0038668598418254998,0,0,0,0,0,0,0,0,0,0,0,0,0,8.000020429496106e-4,0.001199973646259599,0.0012502930057096996,7.49999875066652e-4,4.2999234889058913e-4,4.1998469616612576e-4,3.6000648718780405e-4,0.0036699897788377497,0.0029900774179478793,4.0999401434369545e-4,0.0011200030028902818,0.0016500114600045837,8.600024560972615e-4,3.954645769408507e-4,0.0033000785732993643,0.0013,0.0028400065802070607,0.0035001107403888057,0.004431662113712656,0.0027040545520063087,2.9999999999999997e-5,2.599945607832472e-4,0,0,0,0.0017311637830976592,1.478906085101285e-4,0.0019999711283058092,0.002599943672828069,0.003999953832481158,0.0030001044059302573,0.0015000133700564216,0.0014999599262643262,4.999999999999999e-4,0.0011999918889324483,3.199989542543558e-4
LVA,4.85830891797702e-4,0.0010700178142669043,0.002600035812667193,0.0015964851998651378,0.002940100804840182,0.00118999524251476,0.012083206976791092,0.0018486420416583176,0.0026296602148941296,8.799971046267776e-4,0.002029993338082839,0.0022294010206187842,0.0033348494652087005,0.002198176673525794,0,0,0,2.9999834654717715e-5,2.3999324095978368e-4,0.0031514252099184925,0.001740002401662072,0.004320162325783091,0.0034584927322704566,0.0037699532801245867,0.003480069524913094,0.013449918063077637,0.003970142716355805,0,5.399945066682943e-4,0.004,9.000353232073473e-5,0.006839962564342536,0,0,0,0,0,0,0,0,0,0,0,0,0,7.999899599653618e-4,0.0011999971982320846,0.001436290110232572,7.500167564065328e-4,4.30010718113612e-4,4.1999999999999996e-4,3.60000506418859e-4,0.0036699761627173016,0.0029900394411391134,4.0999989627739576e-4,0.0011200045803274935,0.001650012534469792,8.599929544387036e-4,5.528479738220214e-4,0.0033000133280021325,0.0012999768298020235,0.0028400545342407947,0.0035000995839603436,0.004211297466004408,0.003284007250188918,2.9999221759601542e-5,2.599884712063654e-4,0,0,0,0.0017004315899154631,1.436595510985153e-4,0.001999964705467123,0.002599983673913635,0.00400000938759992,0.00299988798028453,0.001499984468190855,0.0015000387121036156,4.999942502299907e-4,0.001199981750159686,3.199989542543558e-4
MAR,8.875841025788115e-4,0.001070020683781482,0.0025999541046264037,0.0015965029808521819,0.0029400778683538143,0.0011900269541778976,0.0037336788964907326,0.0010921084424684675,0.004198488700632302,8.799971046267776e-4,0.002029949550222887,0.0020900543828924326,0.0033348494652087005,0.002198176673525794,0,0,0,3.000052143080613e-5,2.4e-4,0.004010020904535952,0.001740009358914366,0.0040008671053440754,0.00185279445600075,0.004131133097310413,0.003480016060152571,0.013449918063077637,0.003970142716355805,0,5.400039775851379e-4,0.004,8.9998563011927e-5,0.0038668598418254998,0,0,0,0,0,0,0,0,0,0,0,0,0,8.000041138367184e-4,0.0012000070143219702,0.0013051262432937974,7.500078441216153e-4,4.2998462790487383e-4,4.200108459869848e-4,3.599934624985142e-4,0.0036699740963970443,0.002996302729009733,4.0999826327672314e-4,0.00111996336996337,0.0016500158679784193,8.600189998253379e-4,6.468074472291641e-4,0.0033000343457141455,0.0013000204573553086,0.002839961759082218,0.0035001225413363274,0.0032342301205768344,0.0020290279985593226,3.000022782676053e-5,2.6000547495209415e-4,0,0,0,0.001699996851333054,1.631512255973121e-4,0.002,0.0026000519210799588,0.003999967736991958,0.003,0.0015000581417884413,0.0014999999999999998,5.000052898857384e-4,0.0012000006355565261,3.199989542543558e-4
MDA,4.8582438152414034e-4,0.001069997411338338,0.0026000896516393444,0.0015965014377494534,0.0029399919576850505,0.0011899970405445397,0.012083206976791092,0.0018486420416583176,0.004198488700632302,8.799971046267776e-4,0.0020299700686773714,0.0022294010206187842,0.0033348494652087005,0.002198176673525794,0,0,0,2.9999871929510003e-5,2.4000449236298292e-4,0.0031514252099184925,0.0017400250492037928,0.004320162325783091,0.0027632484641796004,0.004131133097310413,0.003479965087677537,0.013449918063077637,0.003970142716355805,0,5.399873657612129e-4,0.004,9.000530926466686e-5,0.0038668598418254998,0,0,0,0,0,0,0,0,0,0,0,0,0,8.000013113163321e-4,0.0012000060305598621,0.0018714111180533244,7.500115656853825e-4,4.2999607381232825e-4,4.1999864965228546e-4,3.600062796813061e-4,0.0036699700822737467,0.002996302729009733,4.1001445550915513e-4,0.001120006134498888,0.0016500010027475284,8.600054825387167e-4,3.796347634052749e-4,0.003299965940054496,0.0012999971037159323,0.0028399959912042303,0.003499994478168519,0.004875307890268737,0.0014184427753534937,2.9999999999999997e-5,2.6000097333073776e-4,0,0,0,0.0017002833973695027,1.9074896443631748e-4,0.001999928669507998,0.0025999876061225755,0.004,0.003,0.0015000000000000002,0.0015000276518084281,5e-4,0.0012000006355565261,3.199989542543558e-4
MDG,0.002104798348361896,0.0020000162379093765,0.0026536123061838965,0.0018376758026762078,0.0029400299302843377,0.0011899937104821344,0.012083206976791092,0.002502410435914801,0.00481997162114225,8.799965952001932e-4,0.0026674642121796597,0.0026999318793381657,0.0033348494652087005,0.0023999779695822875,0,0,0,1.999927001970947e-5,1.9999999999999998e-4,0.005130759970287647,0.0017399746934008175,0.0028333484583831373,0.004852438907641449,0.008325729094426396,0.005899989571383876,0.013449918063077637,0.003970142716355805,0,1.9999999999999998e-4,0.004698971176035836,9.224422832991293e-5,0.0038668598418254998,0,0,0,0,0,0,0,0,0,0,0,0,0,8.499811833798892e-4,9.933398047780834e-4,0.0016988453622289726,6.999948678470618e-4,5.000112767540991e-4,4.000045211022447e-4,3.600037875201212e-4,0.0033998939407330715,0.002996302729009733,4.000085829542529e-4,8.625058333477367e-4,0.0016148462680272671,0.0011,0.0012592981600235225,0.0032000470619873603,0.003999999999999999,0.0031999223686196713,0.003400003424833468,0.003999887011760251,0.006468434785897695,3.0000105034145773e-5,2.59299482224465e-4,0,0,0,0.0018427523588394011,5.000041251655179e-4,0.001799989255399162,0.0032000517215900696,0.0039999570391373454,0.0029999429158579748,0.0014999831538280118,0.0015000276518084281,5.000024534623792e-4,0.0012000182498403138,3.199989542543558e-4
MDV,0.0037770949185089333,0.0010700325080411617,0.0026000292002774025,0.006220216972523573,0.0029399906089225985,0.0011900474510281056,0.0038296083292017847,0.0018486420416583176,0.004198488700632302,8.799886356039842e-4,0.0020300077312747373,0.0020900374696936302,0.0029300309222094222,0.0018458619192324114,0,0,0,2.999944975330607e-5,2.3999297040812188e-4,0.004009946162971074,0.0017399762752075918,0.0028309509709828267,0.002558061989375543,0.0037699532801245862,0.003480029200125143,0.013449930717496367,0.003970142716355805,0,5.39998928360928e-4,0.004,9.000084882437824e-5,0.0038668598418254998,0,0,0,0,0,0,0,0,0,0,0,0,0,8.000019316719345e-4,0.001199997146388487,0.002041908778691041,7.499955781169854e-4,4.300009515049637e-4,4.199939458150446e-4,3.5999798732011675e-4,0.003669831823684709,0.002996302729009733,4.1000368999872405e-4,0.0011199857072294096,0.0016499815822862524,8.599905990940946e-4,4.144530236677621e-4,0.0033000287383849027,0.0013000282565696524,0.002839996523552929,0.0034999777332442666,0.00383201749247815,0.002073410411621197,3.0000105034145773e-5,2.59299482224465e-4,0,0,0,0.001700259970099657,2.7074707733648786e-4,0.002,0.0026000548872524357,0.003999989115083501,0.002999959308792013,0.0014999999999999998,0.001499951610004286,5e-4,0.0012000006355565261,3.199989542543558e-4
MEX,4.858337835944847e-4,0.0017100343380389163,0.0026536123061838965,0.006220093432175017,0.0029400299302843377,0.0011900664841611264,0.012083206976791092,0.0018486420416583176,0.004812525772550551,8.800052143307189e-4,0.002030016511248966,0.0020900081111223765,0.0033348494652087005,0.001848461219723509,0,0,0,3.0000407495590315e-5,2.400011230749793e-4,0.0040100130775086364,0.0017400146000625715,0.005113024254099957,0.0035335520341527363,0.003770052012044894,0.00348006101547178,0.01344981412639405,0.003970142716355805,0,5.399922788053205e-4,0.004000066363606198,1.2000224618149147e-4,0.0038668598418254998,0,0,0,0,0,0,0,0,0,0,0,0,0,8.000218709703877e-4,0.001200005714993285,0.002135871173513832,7.499966848777384e-4,7.999891514636482e-4,4.199905655432675e-4,3.6000184450797753e-4,0.003670015582555158,0.002996302729009733,4.0999771634685764e-4,0.0011200043244801615,0.002490009425070688,0.0010999810960112583,0.0012150728239478858,0.0033000092306827897,0.0013000149484279238,0.002839999833735831,0.0039000399294903633,0.003927139059182814,0.0014895644578257273,2.9999119097956305e-5,2.600073001581701e-4,0,0,0,0.0017000075148100168,1.4748707293716978e-4,0.002,0.002870008882278821,0.004,0.0030000000000000005,0.0015000431965442765,0.0015000083792797172,5e-4,0.0011999954375399215,3.199989542543558e-4
MKD,4.8582374615186856e-4,0.001070006827372512,0.0026536123061838965,0.0015964843620702078,0.0029399419328079634,0.0011900100651469402,0.012083206976791092,0.0018486420416583176,0.004198488700632302,8.799971046267776e-4,0.0020299918028834564,0.0022294010206187842,0.0033348494652087005,0.002198176673525794,0,0,0,3.000062216138866e-5,2.3999324095978368e-4,0.004010015408320493,0.0017400032589212971,0.0038886563200808597,0.004618127850031862,0.0037698505612561123,0.0034800297577532893,0.013449918063077637,0.003970142716355805,0,5.400093589143659e-4,0.003999971923125518,9.000010735257809e-5,0.006839806582436438,0,0,0,0,0,0,0,0,0,0,0,0,0,7.999900622352518e-4,0.0012000031096219479,0.0021623012363915874,7.500158072776706e-4,4.299939722724533e-4,4.200007946283126e-4,3.599904064189778e-4,0.0036699602207108943,0.002989994806993249,4.0998685939553216e-4,0.0011199863086162368,0.0016499986629943575,8.599963783761194e-4,3.7121840923482255e-4,0.003300034557860306,0.0013000000000000002,0.002840015761357544,0.0035000763319932827,0.004211297466004408,0.0038154100744198505,2.9999891958468838e-5,2.6000097333073776e-4,0,0,0,0.001699977700035106,1.7855947837966803e-4,0.001999940642250846,0.0025999866595517607,0.003999941636512198,0.002999921439233247,0.0014999999999999998,0.0014999516100042858,5e-4,0.0012000006355565261,3.199989542543558e-4
MLI,0.0021048100788589024,0.0020000228125027723,0.0026536123061838965,0.0019999979302515467,0.0029399906089225985,0.0011899937104821344,0.004139040669217763,0.0025023798411189955,0.004819815157116451,8.799970204101902e-4,0.0026674777753726495,0.0026999958784981247,0.003352652916030347,0.002198176673525794,0,0,0,2e-5,1.9999999999999998e-4,0.0031514252099184925,0.0017400146000625715,0.003532221844677842,0.0026318437727126027,0.008325752470799641,0.005900157232704403,0.013449918063077637,0.003970142716355805,0,1.999964903660548e-4,0.007899990875079843,9.224422832991293e-5,8.899669694467382e-4,0,0,0,0,0,0,0,0,0,0,0,0,0,8.499977149124811e-4,9.932831655728555e-4,8.707762812867587e-4,7.000092818910306e-4,4.999851987803795e-4,4.137403165375939e-4,3.600050486950411e-4,0.0034000078543283893,0.002996302729009733,3.9999999999999996e-4,8.62470677110254e-4,0.0016148462680272671,0.0011000394200867242,7.889828336011458e-4,0.003199980173604872,0.004,0.0032000966066900133,0.0034000039141241166,0.0038272212969430817,0.0073758387210659734,3.0000105034145773e-5,2.59299482224465e-4,0,0,0,0.0017000122070312499,4.6407283932234627e-4,0.0017999715868731356,0.002775457768579582,0.004,0.0029999519103609132,0.00150000730001606,0.0014999833918532288,5.000024534623792e-4,0.0012000006355565261,3.199989542543558e-4
MLT,4.858389170734303e-4,0.001070033781000247,0.0026000292002774025,0.0015965073153159054,0.00293999161856353,0.0011900126957257724,0.012083206976791092,0.0018486420416583176,0.004198488700632302,8.799971046267776e-4,0.0020300320577695892,0.002090069284064665,0.0033348494652087005,0.002198176673525794,0,0,0,3.000009217184519e-5,2.3999532798972155e-4,0.004010030985767555,0.001740009358914366,0.0038298595402602846,0.003548995103406354,0.0037699607628433247,0.003480029917726253,0.013450099699212546,0.003970142716355805,0,5.400105668352329e-4,0.003999969583136891,8.999959594327043e-5,0.0038668598418254998,0,0,0,0,0,0,0,0,0,0,0,0,0,7.999728161067458e-4,0.00119999927669493,0.001397005695570082,7.499933995544191e-4,4.300076121479382e-4,4.20003902528609e-4,3.599993669784298e-4,0.003669985126244422,0.002996302729009733,4.0999530840173933e-4,0.0011199831602582092,0.0016500811765829434,8.599961066770491e-4,4.2651492619844044e-4,0.0032999968649089256,0.0013000028782776387,0.0028399155551489435,0.0034999265528424055,0.0049353387467287,0.0012519547383965763,3.0000105034145773e-5,2.6000442428934854e-4,0,0,0,0.0017008324512973081,1.8067387406479966e-4,0.0020000308670555917,0.0026000467599267426,0.004000026456659583,0.0030000000000000005,0.0015,0.001499969614099058,5.000059436777101e-4,0.0012000000000000001,3.199989542543558e-4
MMR,0.000485824993903,0.00107000423983,0.00281116237637,0.00208146081627,0.00293996613113,0.00118998356171,0.0120832069768,0.00184864204166,0.0047457645545,0.000879994397662,0.00203000401391,0.00213646466366,0.00319990995088,0.00232403645486,0,0,0,2.66663198482e-05,0.000238595064223,0.00372381662868,0.00173997439923,0.00362847914578,0.00361575973599,0.00376998933862,0.00348008181009,0.0134499222812,0.00397014271636,0,0.000528864711425,0.00423305779329,0.000100749657792,0.00386685984183,0,0,0,0,0,0,0,0,0,0,0,0,0,0.000801157844132,0.00119372948226,0.0015827649732,0.000750014346302,0.000493605312393,0.000377917920772,0.000359997306543,0.00367005086284,0.00299630272901,0.0004100045299,0.00112002545918,0.00161484626803,0.000860005402705,0.000775593100176,0.00330002906079,0.00129998927897,0.00283998049689,0.00349998367253,0.00398837495631,0.00147895040553,3.0000376873e-05,0.00025953333577,0,0,0,0.00174128774062,0.000374746945681,0.00299998409768,0.00279846962323,0.00399994785253,0.00299993982475,0.00150002903826,0.00150001489249,0.000500010820928,0.00120000772377,0.000319998954254
MNE,4.858140188925835e-4,0.0010700060553051202,0.002599963500319372,0.0015964815365656737,0.002939978162533146,0.0011900208051976494,0.012083206976791092,0.0018486420416583176,0.004198488700632302,8.799971046267776e-4,0.002029980877660065,0.00208998276386495,0.0033348494652087005,0.002198176673525794,0,0,0,2.9999503674818472e-5,2.400022812820805e-4,0.004010000782840144,0.0017400021159542955,0.004320162325783091,0.00453864603307943,0.004131133097310413,0.0034800423878488165,0.013449818063018914,0.003970142716355805,0,5.399868392191269e-4,0.003999954375399214,9.000102817191034e-5,0.0038668598418254998,0,0,0,0,0,0,0,0,0,0,0,0,0,8.0000336194724e-4,0.0011999844831112772,0.001904356510820904,7.499921070079245e-4,4.2999837436555105e-4,4.1999864965228546e-4,3.59988513448837e-4,0.0036699970558346715,0.002996302729009733,4.100023916650473e-4,0.0011199192586475823,0.0016499766027140853,8.599974791353434e-4,4.185949565980445e-4,0.0033000222655891866,0.001300013629548862,0.0028400285761389244,0.0034999895386546706,0.004211297466004408,0.0015764744784464617,2.9999767046381064e-5,2.6000292002774025e-4,0,0,0,0.001699983722789856,1.594233743729017e-4,0.002000044442469223,0.0025999866595517607,0.003999957481185424,0.0029999999999999996,0.0014999778790426048,0.0015,5.00012746972594e-4,0.0012000006355565261,3.199989542543558e-4
MNG,4.858169342706596e-4,0.001070016367086224,0.0031798650896322305,0.003051395432173791,0.0029399171755457292,0.0011899408715964669,0.012083206976791092,0.0018486420416583176,0.004782893751910713,8.799964528787105e-4,0.0020300424935502594,0.0022294010206187842,0.0033348494652087005,0.002198176673525794,0,0,0,1.9999665137461072e-5,2.3999562011825677e-4,0.0031514252099184925,0.0017399810205124462,0.0036199320733414525,0.0014504053950883762,0.0037699607628433247,0.0034801774483378257,0.013449918063077637,0.003970142716355805,0,5.232911151232613e-4,0.004698971176035836,1.2000219002080518e-4,0.0038668598418254998,0,0,0,0,0,0,0,0,0,0,0,0,0,8.000041776765851e-4,0.0011999922393387916,0.001423899693330558,7.500007142591847e-4,6.208095702408529e-4,4.137403165375939e-4,3.5999831796136914e-4,0.0036700742494350587,0.002996302729009733,4.1000250573069893e-4,0.0011200515295272371,0.0016148462680272671,8.600246761258482e-4,4.3996979738548215e-4,0.0033000154993369727,0.0013000167445854894,0.002839964540856234,0.0034999578994639197,0.003801970862298476,0.0018769217880070272,3.000051090788331e-5,2.59299482224465e-4,0,0,0,0.0017000043342579752,4.042446529197972e-4,0.0029999575587810884,0.002809912592450293,0.00399995875693399,0.0029998866470188163,0.0015000174858530162,0.0014999833918532288,5.000024534623792e-4,0.0012000006355565261,3.199989542543558e-4
MOZ,0.0021048104583981844,0.002,0.002599963500319372,0.0018376947956483386,0.0029399906089225985,0.0011899937104821344,0.00413908568256215,0.002502394840074637,0.004819917566543829,8.800087032023268e-4,0.002667500479855362,0.0027000529643110695,0.0033348494652087005,0.0017899946179393271,0,0,0,2e-5,1.9999999999999998e-4,0.0051306875,0.001740002401662072,0.0021685507927024224,0.004393359181164411,0.008325492740692676,0.00590014847809948,0.013449918063077637,0.003970142716355805,0,1.9999480060313004e-4,0.004698971176035836,9.224422832991293e-5,8.900067592159309e-4,0,0,0,0,0,0,0,0,0,0,0,0,0,8.500036514597412e-4,9.93337270063396e-4,0.001234005316689683,7e-4,5.000204943230725e-4,3.9999637536699406e-4,3.600050486950411e-4,0.003400006132398483,0.002996302729009733,3.9999188904209584e-4,8.625027109086967e-4,0.0016148462680272671,0.001099995619990364,5.326146952007041e-4,0.0031999544263415745,0.003999944833673525,0.003199959119014768,0.0033999671214861088,0.004211297466004408,0.0035428728087858216,3.0000105034145773e-5,2.59299482224465e-4,0,0,0,0.0017000163318634657,4.888480662475645e-4,0.0018000172646965731,0.003199980789549515,0.004,0.0030000624785230076,0.0015,0.0014999516100042858,5.000024534623792e-4,0.0012000006355565261,3.199989542543558e-4
MRT,0.0021048266014300266,0.002000021496939373,0.002599972088329701,0.002000039781994669,0.0029399906089225985,0.0011899937104821344,0.004139119724790124,0.0025023939437739395,0.004198488700632302,8.799971046267776e-4,0.0026674766846184156,0.0026999521759923477,0.003352746993633577,0.002198176673525794,0,0,0,2e-5,2.3578884254419857e-4,0.005130714775593708,0.0017399532997419197,0.002418206461458494,0.005278667176858712,0.004131133097310413,0.005899990875079843,0.013449918063077637,0.003970142716355805,0,5.232911151232613e-4,0.004698971176035836,9.224422832991293e-5,8.899966090200068e-4,0,0,0,0,0,0,0,0,0,0,0,0,0,0.00085003471972798885,9.93327217526156e-4,0.0024029567539735983,6.999728433058749e-4,6.208095702408529e-4,3.9998622684388126e-4,3.6000697730196457e-4,0.003399867757665923,0.002996302729009733,3.999954938716655e-4,8.625126737043e-4,0.001200010520640181,0.001100010950104026,5.137092511147312e-4,0.0032000352252212587,0.003999908538676707,0.0028449675380603696,0.0033999463519313305,0.0038005525876474437,0.0077058493139693495,3e-5,1.999957059429749e-4,0,0,0,0.00169999044045599,4.977873696092101e-4,0.0018000083836351441,0.0031999622088903583,0.004000098983766662,0.003,0.0014999999999999998,0.0015000276518084281,5.000024534623792e-4,0.0012000006355565261,3.199989542543558e-4
MUS,0.0021047941056229974,0.0019999943618454804,0.002600016591085057,0.0018376677969901634,0.0029399906089225985,0.00118998823895205,0.012083206976791092,0.0018486420416583176,0.004198488700632302,8.799969772538351e-4,0.0026675204683712208,0.0027,0.0033348494652087005,0.002198176673525794,0,0,0,1.999927001970947e-5,1.9999594452104792e-4,0.0051308537431105595,0.001739987984447795,0.005983266612000169,0.004232951937869802,0.008325577151199927,0.005900015208464597,0.013449907398645452,0.003970142716355805,0,2.000022642876551e-4,0.007900198143706329,1.2000224618149147e-4,8.899859616284511e-4,0,0,0,0,0,0,0,0,0,0,0,0,0,8.499899445834823e-4,9.93331964893293e-4,0.001447022370538716,7.000017972035513e-4,5.000093484154435e-4,3.9999999999999996e-4,3.5999999999999997e-4,0.0033999759719012587,0.002996302729009733,3.999954303644665e-4,8.624959181452052e-4,0.0011999811249528123,0.001099990875079843,5.053840562769874e-4,0.003200042916152567,0.0039999337996778255,0.0032000139479740567,0.0033999794563174843,0.0039096755661715945,0.007003217649971197,2.999949351701783e-5,2.000057937427578e-4,0,0,0,0.0017000244007568314,4.987400368553096e-4,0.0018000234164617726,0.0031999765009987076,0.004000012311328884,0.0030000292800046848,0.0014999635009854734,0.0015000337222634385,5.000096181590843e-4,0.001199972625239529,3.199989542543558e-4
MWI,0.0021048192657167437,0.002000030801691013,0.0026536123061838965,0.0018376755999314949,0.0029399906089225985,0.0011899937104821344,0.004138957261604202,0.0025024132887309443,0.004198488700632302,8.799813965991191e-4,0.0026674822599348008,0.0022294010206187842,0.0033348494652087005,0.002198176673525794,0,0,0,1.999951333463111e-5,2.3578884254419857e-4,0.005130698335387319,0.0017400146000625715,0.0033519147105627346,0.005278667176858712,0.008325495991759595,0.005900017625804177,0.013449918063077637,0.003970142716355805,0,1.9999298097845162e-4,0.004698971176035836,9.224422832991293e-5,0.0038668598418254998,0,0,0,0,0,0,0,0,0,0,0,0,0,8.500291318702661e-4,9.933129754570065e-4,0.001003650651149012,7.000076470138412e-4,6.208095702408529e-4,3.9999999999999996e-4,3.5999454269488554e-4,0.0033999365819378504,0.002999916239452077,3.999936560299436e-4,0.0010769971754458446,0.0016148462680272671,0.0011,0.001114248181641506,0.0032000233025545424,0.003999851315854686,0.0031999598876855198,0.0033999841276139836,0.004211297466004408,0.004988606398942773,3.0000105034145773e-5,2.59299482224465e-4,0,0,0,0.0017000037683234728,4.999720490405943e-4,0.0017999963013647965,0.002775457768579582,0.004000061864599015,0.0030000344994135096,0.0015000174858530162,0.0014999833918532288,5.000024534623792e-4,0.0012000006355565261,3.199989542543558e-4
MYS,4.8582975289946956e-4,0.0010700181632260666,0.0025998978027593255,0.0015965174713048241,0.0029399906089225985,0.001189994160015573,0.012083206976791092,0.0018486420416583176,0.004806557106149799,8.799986931521172e-4,0.0020300126627733365,0.0020899821418284463,0.0033348494652087005,7.401466243571506e-4,0,0,0,3.0000503448623066e-5,2.4000364996806277e-4,0.004010058916510993,0.0017399727258142147,0.00495570529052314,0.0040326857019280914,0.0037699607628433247,0.003480103207400726,0.013449918063077637,0.003970142716355805,0,5.399959308929994e-4,0.004000073000693507,8.99990875079843e-5,0.006839962564342536,0,0,0,0,0,0,0,0,0,0,0,0,0,8.000167180148551e-4,0.0012000031846690034,0.0029699641549514673,7.499889869458598e-4,4.300045456682916e-4,3.600044762757386e-4,3.599910715709252e-4,0.003669981529867555,0.002996302729009733,4.0999438646335736e-4,0.001119984543054035,0.0016499562345826371,8.600013265825024e-4,7.124908432951144e-4,0.003299958326936152,0.0013,0.0028399821246339885,0.003499978852091528,0.004211297466004408,0.0017024997642106918,3.0000638379367578e-5,2.600107353730542e-4,0,0,0,0.001718699510625887,3.5462677103980007e-4,0.0029999746237978023,0.002809971460428196,0.003999859977851042,0.0029999934907275413,0.0015000000000000002,0.0015,5e-4,0.0012000219002080519,3.199989542543558e-4
NAM,0.0021048555373853256,0.001999962273760457,0.0026536123061838965,0.0018377086671992225,0.0029399580253672776,0.0011899808376676702,0.004138945794219618,0.0025023981597597253,0.0048201409869083585,8.79992099545724e-4,0.002667489683709978,0.0026998986143967553,0.0033348494652087005,0.0017900149970594714,0,0,0,1.9999270019709465e-5,2.3578884254419857e-4,0.005130486358244366,0.0017399810205124462,0.0017501642566256769,0.005278667176858712,0.004131133097310413,0.005899989571383876,0.013449918063077637,0.003970142716355805,0,2e-4,0.004698971176035836,1.2000219002080518e-4,8.899807622315812e-4,0,0,0,0,0,0,0,0,0,0,0,0,0,8.500086813091415e-4,9.933200630136653e-4,0.001418722773608807,6.999982603552354e-4,5e-4,3.9998622636961534e-4,3.600041863994348e-4,0.0033999626028421836,0.002996302729009733,3.9999735363973775e-4,8.624934395724987e-4,0.001200005730002292,0.0010999548008006714,7.084298944774795e-4,0.0031999973008900316,0.004000034711977368,0.0031999803892729323,0.003399978003785664,0.004630530027287953,0.007082505223596199,2.999975977130228e-5,2.59299482224465e-4,0,0,0,0.0018511780439417552,4.998636159718122e-4,0.0018000263209844048,0.0031999697473907127,0.0040000325602976014,0.0029999694814905236,0.00150000730001606,0.0015000279314004803,4.999999999999999e-4,0.0012000006355565261,3.199989542543558e-4
NER,0.002104808877928484,0.001999985825253728,0.0026000154848414463,0.0019999710317057983,0.0029399906089225985,0.0011899937104821344,0.004138889381656053,0.0025023356564483987,0.004819988984026838,8.799673178340638e-4,0.0026674837779379957,0.0026999968216635415,0.0033526807222005552,0.002198176673525794,0,0,0,1.9999999999999998e-5,2.3578884254419857e-4,0.005130714481248288,0.0017399626895936411,0.00352472978106648,0.00117310171872898,0.004131133097310413,0.0059001074820680425,0.013449918063077637,0.003970142716355805,0,1.9999999999999998e-4,0.007900041247383126,9.224422832991293e-5,0.0038668598418254998,0,0,0,0,0,0,0,0,0,0,0,0,0,8.499916820057635e-4,9.933389619719625e-4,0.0015467195442279294,6.999930165972206e-4,6.208095702408529e-4,4.0001530456075914e-4,3.600050486950411e-4,0.003400129617627998,0.002996302729009733,3.9999188904209584e-4,8.625156557523707e-4,0.0012000000000000001,8.764629449512621e-4,8.481621352951279e-4,0.0031999821802468037,0.004000066677038651,0.0031999999999999997,0.003400055325034578,0.0038290988405495986,0.006943397806938856,2.9999540778839093e-5,2.59299482224465e-4,0,0,0,0.0016999879809756013,4.849214547428473e-4,0.0017999541179169536,0.002775457768579582,0.003999845344880916,0.003000034006279826,0.0015000174858530162,0.0014999833918532288,5.000024534623792e-4,0.0012000006355565261,3.199989542543558e-4
NGA,0.002104802191796953,0.0019999927339046904,0.0026000292002774025,0.0019999976557490994,0.0029399906089225985,0.0011899941600155733,0.004138937918570379,0.002502375163999419,0.0048119677739763824,8.799954669338004e-4,0.0026674796297322763,0.002700001442231421,0.0033526831359873346,0.0024002839261832104,0,0,0,2.0000618658747835e-5,2.3578884254419857e-4,0.0031514252099184925,0.001740002401662072,0.003486300366980453,0.004519335422186174,0.008325593127290533,0.005900056409065269,0.013449918063077637,0.003970142716355805,0,1.9999025151101578e-4,0.007900135051282987,9.224422832991293e-5,8.899795611015491e-4,0,0,0,0,0,0,0,0,0,0,0,0,0,8.499911966664711e-4,9.933318066089206e-4,0.002051515849908043,7e-4,6.208095702408529e-4,4.137403165375939e-4,3.600096571897179e-4,0.003637432157203874,0.002999996584314489,4e-4,8.625078800014833e-4,0.0011999866301223344,0.0010999874859216618,7.182253060650759e-4,0.0032,0.004000065731094094,0.003200069764737801,0.0034000943247917,0.003830061852317866,0.006779604195238946,2.9999999999999997e-5,2.59299482224465e-4,0,0,0,0.0016999617405719443,4.999848693098445e-4,0.0017999787126473483,0.0031999345384963996,0.004,0.003000072134458631,0.0014999831538280118,0.0015,5e-4,0.0012000006355565261,3.199989542543558e-4
NIC,4.858270970063355e-4,0.0017099924943875069,0.0026536123061838965,0.006219805879153564,0.0029399906089225985,0.0011899913552972817,0.012083206976791092,0.004430077770886016,0.004820021035698818,8.80001992081476e-4,0.0020300322328097556,0.0022294010206187842,0.0033348494652087005,0.002198176673525794,0,0,0,3.000006734324177e-5,2.3999452504790583e-4,0.004010067206094425,0.0017399990266692624,0.004320162325783091,0.005278667176858712,0.004131133097310413,0.003480052591298887,0.013449918063077637,0.003970142716355805,0,5.39986839219127e-4,0.00400016846361186,1.1999416015767575e-4,0.0038668598418254998,0,0,0,0,0,0,0,0,0,0,0,0,0,8.000000000000001e-4,0.001199945632854484,0.0021734098862925184,7.500030609871071e-4,6.208095702408529e-4,4.1999908176851384e-4,3.600041863994348e-4,0.003669943751528491,0.0029900824137449366,4.0999127757442017e-4,0.0011199839284817437,0.0016148462680272671,0.0010999956199903638,6.001175640996654e-4,0.003299954371123087,0.001300013902405116,0.0028399184874900937,0.003899992583803025,0.0038009573607279126,0.0019718247797129275,2.99992783430757e-5,2.59299482224465e-4,0,0,0,0.0017000204965572226,1.3885247396015047e-4,0.002,0.0028700472264468102,0.004000076850659955,0.0030000991866693115,0.001499984468190855,0.0014999833918532288,4.999999999999999e-4,0.0012000219002080519,3.199989542543558e-4
NLD,4.85825329343468e-4,0.001070001278668325,0.0025999518690839082,0.0015964862486366452,0.0029399711547886316,0.001189994160015573,0.012083206976791092,0.0018486420416583176,0.0028052834179783316,8.799971046267776e-4,0.0020300148192533146,0.002090049836741708,0.0033348494652087005,0.002198176673525794,0,0,0,2.9999575587810885e-5,2.3999324095978368e-4,0.004010000973330738,0.001740009358914366,0.004993295102805189,0.0036637883698813884,0.004131133097310413,0.003480035394314788,0.013449918063077637,0.003970142716355805,0,5.40010272213662e-4,0.00400016846361186,9.000069524107484e-5,0.0038668598418254998,0,0,0,0,0,0,0,0,0,0,0,0,0,8.000081070947213e-4,0.0012000297958980979,0.0015305659929818903,7.499970655554903e-4,4.3000021144778294e-4,4.199958776386144e-4,3.600050486950411e-4,0.0036700076505181483,0.00299007361881812,4.099941808505954e-4,0.0011200035018348155,0.0016499278036258623,8.600130567435416e-4,5.500881442003522e-4,0.00330000042973232,0.0013000191094974202,0.0028400254638111626,0.0034999860684133783,0.004936411795298111,0.001894932184864767,2.9999005568814637e-5,2.6000097333073776e-4,0,0,0,0.0016999925877033528,1.448519859576982e-4,0.0019999721696537906,0.0026000354003186026,0.003999976228821365,0.0030000396746677244,0.0015000387121036156,0.0015000197511356903,4.999948138697866e-4,0.0012000006355565261,3.199989542543558e-4
NOR,4.858278939403005e-4,0.0010699737415584116,0.002600004777488474,0.003051395432173791,0.002940000225308955,0.0011900000743378359,0.012083206976791092,0.0018486420416583176,0.004198488700632302,8.799971046267776e-4,0.0020299698968179016,0.002090069284064665,0.0033348494652087005,0.002198176673525794,0,0,0,3.0000076200345947e-5,2.3999297040812188e-4,0.004009928094316896,0.0017399839896313804,0.003688499267486407,0.0032149685964006224,0.003769932679049396,0.003479925512104283,0.013449918063077637,0.003970142716355805,0,5.400029136371462e-4,0.004000026071540307,8.999789429353546e-5,0.0038668598418254998,0,0,0,0,0,0,0,0,0,0,0,0,0,8.000009873203386e-4,0.0012,0.0014997723941966039,7.499990100460526e-4,4.2999650593990215e-4,4.1999081786580966e-4,3.5999798732011675e-4,0.0036700156437478168,0.002996302729009733,4.10004022430968e-4,0.0011200242779829043,0.001650012534469792,8.599954845345308e-4,5.491311377602508e-4,0.0032999892148403796,0.0012999936270359344,0.002840008389548184,0.0035001406620493794,0.003872522861045099,0.0016179770495362482,3.0000000000000004e-5,2.600020277805942e-4,0,0,0,0.0016999904859103492,1.4523579122582072e-4,0.0020000773425113113,0.002600012250862665,0.004000021150144878,0.003000034006279826,0.0015000078748838453,0.001499990782900437,4.999881129271916e-4,0.0012000006355565261,3.199989542543558e-4
NPL,0.0037770553146363166,0.0010700014519193742,0.003180000657656769,0.006219985422799881,0.0029399580253672776,0.0011900208051976494,0.0038295318172413147,0.0018486420416583176,0.00260737281539659,8.79997103128621e-4,0.0020300225457310457,0.0022294010206187842,0.0033348494652087005,0.001820536547477762,0,0,0,2e-5,2.3999562011825677e-4,0.0040101505196927035,0.001740007180469124,0.005045792159628637,0.005285774373797129,0.003770120816147753,0.0034799708002554975,0.013449930717496367,0.003970142716355805,0,5.40002090831703e-4,0.0040000243332684446,9.224422832991293e-5,0.0038668598418254998,0,0,0,0,0,0,0,0,0,0,0,0,0,8.000106960451373e-4,0.0011999956855638968,0.0017151637617107826,7.499757446395653e-4,7.999999999999999e-4,4.137403165375939e-4,3.6000812017864393e-4,0.003669995603291251,0.002996302729009733,4.100083016916398e-4,0.0011200214707461087,0.0016500114600045837,8.600067385444743e-4,7.454517773299086e-4,0.00330002354144512,0.001300009086365908,0.002839996523552929,0.003499978689852108,0.004211297466004408,0.0015690833736673921,3.0000408738836323e-5,2.59299482224465e-4,0,0,0,0.001694525053771596,2.791138390051207e-4,0.003,0.0028100086447027184,0.004000123731749567,0.003,0.0015000174858530162,0.0014999833918532288,5.000024534623792e-4,0.0012000006355565261,3.199989542543558e-4
NZL,4.8582605078001037e-4,0.0010699869978643077,0.002600027809642994,0.0015965110608680232,0.0029400299302843377,0.0011899905674563574,0.012083206976791092,0.0018486420416583176,0.004820045254891521,8.800181594137104e-4,0.0020299938582258523,0.002089912164897643,0.0033348494652087005,0.002198176673525794,0,0,0,2.9999873043279548e-5,2.3999679127226057e-4,0.004010095780481491,0.0017400642960425643,0.005329186369758977,0.0033094330035523633,0.00376994915168907,0.003479889307695978,0.013450173812282735,0.003970142716355805,0,5.399934704538034e-4,0.004000060832801047,9.000042115311723e-5,0.006839962564342536,0,0,0,0,0,0,0,0,0,0,0,0,0,7.999969632380992e-4,0.0011811994937568928,0.00130267480387035,7.499844787980382e-4,4.3000385866269773e-4,4.1999632950553197e-4,3.6000352391859743e-4,0.003670009155512927,0.002996302729009733,4.0999579472237663e-4,0.0011200098311154804,0.0016500587314017226,8.600069255151961e-4,6.726242040536646e-4,0.003299958760656314,0.001299993225085251,0.002839994447020738,0.003500042128186349,0.0038244526354308025,0.002112143548410628,3.0000164238671637e-5,2.599963500319372e-4,0,0,0,0.0017142510033626205,1.388523866490983e-4,0.002,0.0026000106725484265,0.004,0.0030000264494286924,0.0015000608346514175,0.0014999999999999998,4.999921048476236e-4,0.0011999867272787601,3.199989542543558e-4
OMN,0.00246057879555,0.00107001392137,0.00262145026178,0.00437060212078,0.00293998429414,0.00118999459221,0.0104324628397,0.00229673369039,0.00443700255953,0.000879996419645,0.002030005591,0.0020899970629,0.00333484946521,0.00203492070997,0,0,0,3.0000326868e-05,0.000240000140806,0.00400997521849,0.00173999439385,0.00468267359038,0.00466000628092,0.00384218961298,0.00347995104429,0.0134499705699,0.00397014271636,0,0.000539997945951,0.00413982059654,8.99996849562e-05,0.00565072820719,0,0,0,0,0,0,0,0,0,0,0,0,0,0.000799987752332,0.00119999704964,0.00169480106753,0.000749998806676,0.00043000388103,0.000419999490153,0.000360000697323,0.00367000089088,0.00299630272901,0.000409998608762,0.00111999919485,0.00165000340875,0.000859995557409,0.000669124591179,0.00330001107037,0.00129999265849,0.00284294858545,0.00349998137424,0.00459272338393,0.00182791485758,3.00004373162e-05,0.000259858168689,0,0,0,0.00170227369968,0.000213174519485,0.00199999781466,0.00260000090202,0.00400000029287,0.00299999321442,0.0015000049771,0.00149999519913,0.000500000540315,0.00120000050845,0.000319998954254
PAK,0.003777234077266773,0.0010699906545901243,0.0031800346746965963,0.006220042917594208,0.0029399906089225985,0.0011899937104821344,0.0038295114816498817,0.004089103596349973,0.004198488700632302,8.79986095420179e-4,0.002030006642536636,0.0020900202780996524,0.0033348494652087005,0.001790008103325671,0,0,0,1.9999999999999998e-5,2.4000364996806277e-4,0.004010107745762118,0.001739962651727358,0.005124016045076898,0.0030395963862455164,0.004131133097310413,0.0034799253791872823,0.013449918063077637,0.003970142716355805,0,5.399962204044167e-4,0.004698971176035836,9.224422832991293e-5,0.006840041736490972,0,0,0,0,0,0,0,0,0,0,0,0,0,7.999978550898716e-4,0.0011999869831920465,0.0018607994312862908,7.499956867052754e-4,7.999975216545434e-4,4.137403165375939e-4,3.600062796813061e-4,0.0036699340581001602,0.002996302729009733,4.100020766402404e-4,0.0011200062980404506,0.0016499542748961158,8.599833147942159e-4,9.669638455951107e-4,0.0033000097422792437,0.00129999237194401,0.0028449675380603696,0.003500019749575384,0.0038308672959748023,0.0019238756549972674,3.0000392079984318e-5,2.6000292002774025e-4,0,0,0,0.0016972976548662367,2.807424826320123e-4,0.003,0.0028100086447027184,0.0039999226694505665,0.0029999789644412265,0.00150000730001606,0.0014999516100042858,5.000052898857384e-4,0.0012000006355565261,3.199989542543558e-4
PAN,4.858260139380083e-4,0.0017100052101403952,0.0026536123061838965,0.006220019478805421,0.0029400299302843377,0.0011899783705839942,0.012083206976791092,0.0018486420416583176,0.0048201438848920865,8.79996539193632e-4,0.002029988819285966,0.00208998276386495,0.0029299707494530886,0.002365649226895249,0,0,0,2.9999999999999997e-5,2.3999562011825677e-4,0.0040100144898296075,0.001739923895317232,0.004312416654523441,0.003343530825020483,0.003770050907693785,0.003480029200125144,0.013450121106291894,0.003970142716355805,0,5.399872823322247e-4,0.004698971176035836,1.1999867272787602e-4,0.0038668598418254998,0,0,0,0,0,0,0,0,0,0,0,0,0,8.000114655889013e-4,0.001200004574495662,0.0025277497726844305,7.499946493161826e-4,7.999914744874035e-4,4.199952776356696e-4,3.5999215070643643e-4,0.003670015864621893,0.0029901210725692636,4.099991645844567e-4,0.001119985783292137,0.0024899326167174716,0.0010999858710497809,8.782070338434336e-4,0.003299855639060477,0.0017810703375822283,0.002839984066358929,0.003899934198157549,0.006198617807802599,0.001947826076194696,2.999906864114743e-5,2.6000097333073776e-4,0,0,0,0.001700014298634091,1.4134644782505851e-4,0.001999977364298972,0.002869942757349374,0.0040000159856768336,0.00299991647874384,0.0015000070192186207,0.0015000387121036156,5e-4,0.0012000219002080519,3.199989542543558e-4
PER,4.8582938585662157e-4,0.0017100350393474638,0.0031799770943322443,0.0015964978508937499,0.0029399906089225985,0.0011900208051976494,0.012083206976791092,0.0018486420416583176,0.004861693164979425,8.799978190508933e-4,0.0020299791059808754,0.0020900142346842853,0.0033348494652087005,0.0018647718915328225,0,0,0,3e-5,2.3999562011825677e-4,0.004009915484160599,0.0017399457522686939,0.004128566089011708,0.00434508265349976,0.0037699607628433247,0.0034800236756436813,0.01344981412639405,0.003970142716355805,0,5.400037603409376e-4,0.004,1.2e-4,0.006840064102564102,0,0,0,0,0,0,0,0,0,0,0,0,0,7.999966974355587e-4,0.00119999509785899,0.0019394981101856364,7.500021210467223e-4,8.000054348810667e-4,4.199963072378139e-4,3.6001809136137493e-4,0.0036699389848996147,0.002989977919108539,4.099987499826386e-4,0.0011200088075605955,0.0024900071511912377,0.001099994894312264,0.0011485514274217025,0.003299954344848577,0.0012999893469692126,0.002839971233861854,0.0038999990010888134,0.001874258263096482,0.0018870199741053135,3.00003731482518e-5,2.59299482224465e-4,0,0,0,0.0016999848962154234,1.444936887770106e-4,0.002000042231513155,0.002870067497403946,0.003999969773147471,0.003,0.0014999380190901202,0.001500019070139975,5e-4,0.001199981750159686,3.199989542543558e-4
PHL,4.8583268383604314e-4,0.0010699863900927005,0.002600009733307378,0.0015964873455920814,0.0029399906089225985,0.0011900161030595812,0.012083206976791092,0.0018486420416583176,0.0046344463153105125,8.79992446416769e-4,0.002029973528812869,0.0020899854862119014,0.0029300309222094222,0.0025757560175220543,0,0,0,2.9999104303820144e-5,2.4000073000693506e-4,0.00401,0.0017399397755269639,0.0036554543235530444,0.004118206636018177,0.0037699607628433247,0.003480038781795369,0.013449930717496367,0.003970142716355805,0,5.40011904028898e-4,0.004000073000693507,9.000255502427273e-5,0.0038668598418254998,0,0,0,0,0,0,0,0,0,0,0,0,0,7.999879966790812e-4,0.0011999967136883097,0.0014964272874963607,7.500327353672907e-4,4.300101241541003e-4,3.6000688678884343e-4,3.599885529731608e-4,0.0036700023797214907,0.002996302729009733,4.1000905618773873e-4,0.001120008508135905,0.0016148462680272671,8.599985400038933e-4,9.935686529224854e-4,0.003300063488313721,0.0012999528746465599,0.002840006555558357,0.0035000232422409657,0.0039518565406294545,0.0011007271892431798,3.0000514676868707e-5,2.6000104286161226e-4,0,0,0,0.001807288916251404,3.600075268142758e-4,0.003,0.0028100385086644495,0.003999926043708169,0.0029999706115731626,0.0015000521430806133,0.0015000778937529211,5.000247194344193e-4,0.0012000219002080519,3.199989542543558e-4
POL,4.858128048790812e-4,0.0010700016294606486,0.0025999686645892446,0.003051395432173791,0.0029399443236169114,0.0011899713218041193,0.012083206976791092,0.0018486420416583176,0.002091029020793856,8.799971046267776e-4,0.0020299839644332828,0.0020900257699294493,0.0033348494652087005,0.002198176673525794,0,0,0,2.999957059429749e-5,2.40000663636062e-4,0.004010113683890346,0.0017400227264901345,0.002317063578767508,0.003886543979485255,0.003770120816147753,0.0034799687146954026,0.013449918063077637,0.003970142716355805,0,5.39994026284349e-4,0.004698971176035836,9.000042115311723e-5,0.006839962564342536,0,0,0,0,0,0,0,0,0,0,0,0,0,7.999993184389525e-4,0.0012000129346584174,0.0013818475315062627,7.499979800101808e-4,4.300005026893882e-4,4.200187822820472e-4,3.599846094651789e-4,0.0036700760415551035,0.002996302729009733,4.099879748178539e-4,0.0011200457087869127,0.0016499766027140853,8.599959877850344e-4,4.8469725970699535e-4,0.003300042386351595,0.0013000000000000002,0.0028399543708698977,0.0034999946945661743,0.004207360215291509,0.0022430210448526233,3.0000093420401146e-5,2.6000082154321023e-4,0,0,0,0.0016999922665131425,1.393689604806825e-4,0.002,0.0025999398104027687,0.003999975881239222,0.0029999789644412265,0.0015000521430806133,0.0015,5.000176335743256e-4,0.0012000219002080519,3.199989542543558e-4
PRT,4.8582759258066995e-4,0.0010700045345800823,0.0026,0.0015965003769282107,0.0029400309359803255,0.0011900051168343849,0.012083206976791092,0.0018486420416583176,0.001820055313612222,8.799971046267776e-4,0.0020300083091436562,0.0020900624266740053,0.0029300511949919097,0.002198176673525794,0,0,0,3.0000457393770294e-5,2.3999797221940588e-4,0.004009957612864159,0.0017400280594495328,0.004209070076231545,0.004609899977825921,0.003770120816147753,0.0034799627448018925,0.013449918063077637,0.003970142716355805,0,5.399959111353415e-4,0.004698971176035836,9.000168463611861e-5,0.0038668598418254998,0,0,0,0,0,0,0,0,0,0,0,0,0,7.999776620548117e-4,0.001200010274568073,0.0015500530259940888,7.500021823197185e-4,4.2999234889058913e-4,4.20000237476104e-4,3.600123349499593e-4,0.0036700204692892277,0.0029900419287211735,4.100057052128245e-4,0.0011199976987688414,0.0016499766027140853,8.599955165456708e-4,4.953711255638136e-4,0.003299988747172242,0.0012999942074877874,0.002840042116405691,0.0034999930939362787,0.004181329692543964,0.0012361911019639622,2.999983442886236e-5,2.5998943425223326e-4,0,0,0,0.0017003584690851435,1.8479147296714243e-4,0.0019999701117819355,0.002599993768888058,0.004,0.003,0.0014999999999999998,0.0015000081328583744,5e-4,0.0011999807895495152,3.199989542543558e-4
PRY,4.858239638283602e-4,0.0017100284926899903,0.003180076128897695,0.001596441688352435,0.0029399906089225985,0.001189958634114689,0.012083206976791092,0.0018486420416583176,0.004820007578628269,8.799841301329102e-4,0.002029995069739332,0.0020900088278224993,0.0033348494652087005,0.002198176673525794,0,0,0,3.0001710961560396e-5,2.400011230749793e-4,0.004009972299168976,0.0017399981039059537,0.0036667446594449483,0.005278667176858712,0.004131133097310413,0.003480063479468359,0.013449975357318877,0.003970142716355805,0,5.399976602714086e-4,0.004000096052252425,1.200021900208052e-4,0.0038668598418254998,0,0,0,0,0,0,0,0,0,0,0,0,0,7.999881737279366e-4,0.0012000476800667521,0.0012219602629378148,7.49994994471672e-4,7.999853469118617e-4,4.19998917807478e-4,3.600050486950411e-4,0.0036699881503824195,0.002996302729009733,4.0998927531791027e-4,0.001120013904579821,0.0016148462680272671,0.0010999970748259522,0.0011079229213309188,0.0033000037060371343,0.0013000662032439589,0.0028400638399216226,0.0038999888276478475,0.0038131455671087467,0.0018019736319752142,2.9999294383290997e-5,2.6000547495209415e-4,0,0,0,0.001698526036353141,1.3927941804369435e-4,0.0019999999999999996,0.002775457768579582,0.003999901017049813,0.0029999389648437498,0.0014999999999999998,0.0014999833918532288,5.000176335743256e-4,0.0012000006355565261,3.199989542543558e-4
ROU,4.8583304336385365e-4,0.0010699849705478749,0.0025999754623807626,0.0015964916816256151,0.002939989264626946,0.0011899808376676702,0.012083206976791092,0.0018486420416583176,0.0016885312388906963,8.799971046267776e-4,0.0020299831749583785,0.0020900081111223765,0.0033348494652087005,0.002198176673525794,0,0,0,2.999933150611672e-5,2.3999895713838773e-4,0.004009982629345412,0.0017400146000625715,0.0038045451713061666,0.004963257947865375,0.004131133097310413,0.0034799687146954026,0.013449918063077637,0.003970142716355805,0,5.400093589143659e-4,0.003999918890420959,9.000178922884236e-5,0.006839962564342536,0,0,0,0,0,0,0,0,0,0,0,0,0,8.000040497990287e-4,0.0012000024504848896,0.0018480267689985163,7.500019185167562e-4,4.2998772847639347e-4,4.1999696171764227e-4,3.599970928119777e-4,0.003669854764434998,0.002989908854166667,4.099941047959219e-4,0.0011200033679247268,0.0016499766027140853,8.600137762050235e-4,3.63596773494506e-4,0.0032999614940315753,0.001299996920897866,0.002839968884803055,0.0034999904359302968,0.003990419460590672,0.0024908947880315623,3.0000657073395098e-5,2.6000027036891837e-4,0,0,0,0.0017084089617468842,2.0623165874433027e-4,0.0019999640326583464,0.002600079797845458,0.004000098198065498,0.00299996888321872,0.0015000104286161226,0.0015000276518084281,5.000176335743256e-4,0.0012000219002080519,3.199989542543558e-4
RUS,4.85826079112354e-4,0.0010699643994753608,0.0025999518690839082,0.0015964991084432465,0.0029400116767579446,0.0011900106983281239,0.0037336585483949063,0.0010920635175298917,0.0018172803179395075,8.799971046267776e-4,0.002029982502710617,0.0022294010206187842,0.0033348494652087005,0.002198176673525794,0,0,0,2.999971259825547e-5,2.399984130762517e-4,0.0031514252099184925,0.0017400028232067597,0.002372265366154414,0.0056790334976479,0.0037699607628433247,0.0034799962078119074,0.013449918063077637,0.003970142716355805,0,5.400015952779771e-4,0.004000060834651418,8.999832186608492e-5,0.0038668598418254998,0,0,0,0,0,0,0,0,0,0,0,0,0,7.999939431361431e-4,0.0012000009232907003,0.0016142679457133197,7.500198430299606e-4,4.3001629106706484e-4,4.199942611190818e-4,3.600062796813061e-4,0.003669977680688421,0.002996302729009733,4.099987473184786e-4,0.0011200045803274935,0.0016500114600045837,8.599933083918848e-4,4.8050998714697484e-4,0.0032999968288699682,0.0013,0.002840119809760854,0.003500067251505687,0.004062889102544449,0.0016302810440411227,3.0000177641980353e-5,2.599981120795444e-4,0,0,0,0.001702205706661502,1.414776695376426e-4,0.0020000262798276045,0.0025999917786821225,0.004,0.0029999206538125845,0.0014999887693448036,0.0015,4.999935489697705e-4,0.0012000006355565261,3.199989542543558e-4
RWA,0.0021048147401419126,0.0020000185987687617,0.0026536123061838965,0.001837656354316676,0.0029400778683538143,0.0011899937104821344,0.004139029333808495,0.002502359088652444,0.004820014398848092,8.799776793632865e-4,0.002667504256992726,0.002700005902973605,0.0033526336500084323,0.002399931787524847,0,0,0,2.8508117107354266e-5,1.9999999999999998e-4,0.0051307164921268735,0.001740056633673655,0.004320162325783091,0.005278667176858712,0.00832561362980075,0.005900048130916093,0.013449918063077637,0.003970142716355805,0,5.232911151232613e-4,0.004698971176035836,9.224422832991293e-5,0.0038668598418254998,0,0,0,0,0,0,0,0,0,0,0,0,0,8.500161969549725e-4,9.933401331973359e-4,0.0010718826425500884,6.999789311047125e-4,4.999949474535166e-4,4.137403165375939e-4,3.600044658640517e-4,0.003399923654408958,0.002999997263988737,3.9998077292828304e-4,8.624966514867399e-4,0.0016148462680272671,8.764629449512621e-4,0.00308774139970056,0.003199991773271359,0.003999944833673525,0.0032000628634292006,0.003399937231928026,0.0040929194226834355,0.006568495332863842,3.0000523286237574e-5,1.9999999999999998e-4,0,0,0,0.0017000045392757282,4.8746564441825814e-4,0.0017999407816817999,0.003199980789549515,0.004000024745737547,0.003000092267946115,0.0015000174858530162,0.0014999833918532288,5.000024534623792e-4,0.0012000006355565261,3.199989542543558e-4
SAU,0.0037770903093978033,0.0010700400530909006,0.0026536123061838965,0.0062199285092086635,0.0029399906089225985,0.00119,0.003829486291555216,0.004089100285310309,0.00476948646489206,8.799971046267776e-4,0.0020299873682753373,0.002089999662036568,0.0033348494652087005,0.0017900446275317544,0,0,0,3.0000486665368893e-5,2.4000417144644904e-4,0.004010020904535952,0.0017400146000625715,0.004520363325158757,0.004975224917479304,0.0037699607628433247,0.0034798890429958394,0.013450121106291894,0.003970142716355805,0,5.39986839219127e-4,0.004698971176035836,8.999380207974656e-5,0.0068398886781764895,0,0,0,0,0,0,0,0,0,0,0,0,0,8.00001417541605e-4,0.001200001129439403,0.0013138387019752658,7.5000504999495e-4,4.3001629106706484e-4,4.1999641888076255e-4,3.599960183723675e-4,0.003669976561770986,0.002996302729009733,4.0998748818437476e-4,0.0011200269439649727,0.0016500118071914437,8.599778044824438e-4,7.420421633179257e-4,0.003300004153168868,0.0012999910597210633,0.0028449675380603696,0.003499952052167242,0.005999968770494362,0.0019696207827314747,3.0001317002502308e-5,2.599942368648545e-4,0,0,0,0.0017000155782112751,1.712238219895288e-4,0.001999955325232309,0.0025999888311833363,0.003999897320053394,0.00299991647874384,0.001500043366388158,0.0015,5.000052898857384e-4,0.0012000006355565261,3.199989542543558e-4
SDN,0.002104829826206827,0.0019999999999999996,0.00259999336363938,0.0015332776123151298,0.0029399906089225985,0.0011899937104821344,0.004138984745877807,0.0025023830248049835,0.004820011834176619,8.800052669695175e-4,0.002667487264137519,0.0027000365363536714,0.0033527256164468645,0.002198176673525794,0,0,0,1.9999999999999998e-5,1.9999513334631108e-4,0.005130690459292304,0.0017399701919274873,0.0036884912158250413,0.005278667176858712,0.004131133097310413,0.005899993848299055,0.013449918063077637,0.003970142716355805,0,2.0000233975596345e-4,0.00789987557030278,1.1999817501596861e-4,8.899760228942687e-4,0,0,0,0,0,0,0,0,0,0,0,0,0,8.499952434513516e-4,9.933302956260071e-4,0.0017031390473927113,7.000022285612409e-4,5e-4,3.9999999999999996e-4,3.600050486950411e-4,0.0034000006881199536,0.002996302729009733,3.999959324791539e-4,8.625161506436331e-4,0.001199991350634467,0.0010999824283957126,0.001121171246585318,0.003199996761054924,0.004000008495021918,0.0028449675380603696,0.0034,0.003805697634577215,0.007989681575607028,3.000092515496346e-5,2.59299482224465e-4,0,0,0,0.0017000340247516695,4.8036362020818964e-4,0.0018000108131487889,0.003199980789549515,0.003999943760193465,0.0030000661244462077,0.0015000174858530162,0.0014999833918532288,5.000052898857384e-4,0.0012000006355565261,3.199989542543558e-4
SEN,0.0021048474744239398,0.002000001037964054,0.0026536123061838965,0.0019999723484889218,0.0029399906089225985,0.0011899937104821344,0.004138961452995114,0.0025023908368993638,0.0048200239773092774,8.800036514674335e-4,0.002667479057932694,0.002699941280093952,0.0033348494652087005,0.002198176673525794,0,0,0,1.9999589895013122e-5,2.0000317389786397e-4,0.0031514252099184925,0.0017399854001277487,0.003546614680545002,0.0033339489651500456,0.008325558621917565,0.005900024957364502,0.013449918063077637,0.003970142716355805,0,1.9999999999999998e-4,0.007900008488243782,1.1999951333463111e-4,8.899859616284511e-4,0,0,0,0,0,0,0,0,0,0,0,0,0,8.499967761739632e-4,9.933379384178885e-4,0.0013860111032986753,7.000045367933944e-4,6.208095702408529e-4,3.9998622636961534e-4,3.600050486950411e-4,0.0033999656665458637,0.002996302729009733,3.9998789419526664e-4,8.625065374769468e-4,0.0011999839563613028,0.0011000097333073778,9.803437703831456e-4,0.0032000341375989076,0.003999967707038251,0.0032000395595701194,0.0034000273336066695,0.0038000765796904557,0.006900793994905426,3e-5,1.9999513334631108e-4,0,0,0,0.0016999823919811024,4.988820266125772e-4,0.0017999801829771775,0.0031999378868209144,0.004000123651426628,0.002999922209257098,0.0014999635009854736,0.0014999833918532288,5.000069603953505e-4,0.0012000006355565261,3.199989542543558e-4
SLB,0.000485824993903,0.00107000423983,0.00281116237637,0.00208146081627,0.00293996613113,0.00118998356171,0.0120832069768,0.00184864204166,0.0047457645545,0.000879994397662,0.00203000401391,0.00213646466366,0.00319990995088,0.00232403645486,0,0,0,2.66663198482e-05,0.000238595064223,0.00372381662868,0.00173997439923,0.00362847914578,0.00361575973599,0.00376998933862,0.00348008181009,0.0134499222812,0.00397014271636,0,0.000528864711425,0.00423305779329,0.000100749657792,0.00386685984183,0,0,0,0,0,0,0,0,0,0,0,0,0,0.000801157844132,0.00119372948226,0.0015827649732,0.000750014346302,0.000493605312393,0.000377917920772,0.000359997306543,0.00367005086284,0.00299630272901,0.0004100045299,0.00112002545918,0.00161484626803,0.000860005402705,0.000775593100176,0.00330002906079,0.00129998927897,0.00283998049689,0.00349998367253,0.00398837495631,0.00147895040553,3.0000376873e-05,0.00025953333577,0,0,0,0.00174128774062,0.000374746945681,0.00299998409768,0.00279846962323,0.00399994785253,0.00299993982475,0.00150002903826,0.00150001489249,0.000500010820928,0.00120000772377,0.000319998954254
SLE,0.002104822496,0.00200001093131,0.00263710585115,0.0018891788074,0.00294000034591,0.00118999103411,0.00475008206134,0.00250237988308,0.0046765898762,0.000879994707914,0.00266749397474,0.00259139706514,0.00334581318461,0.00216607802325,0,0,0,2.06543607754e-05,0.000211011416294,0.00436943727871,0.00173999991075,0.00296840582044,0.00395018393734,0.00671237540509,0.00575584643832,0.0134499180631,0.00397014271636,0,0.000274603508743,0.00666881415358,9.86496029505e-05,0.00249292232512,0,0,0,0,0,0,0,0,0,0,0,0,0,0.000850000010906,0.00103668466333,0.00147384333733,0.000703733754873,0.000537176054569,0.0004042288075,0.000360003539946,0.00341824012845,0.0029980079227,0.000400757146121,0.000895499917406,0.00142337821344,0.00099683114631,0.00119482302017,0.00319998436131,0.00399999208043,0.00317268445248,0.00339999985083,0.00394820688312,0.00639368907436,3.0000047419e-05,0.000250176952918,0,0,0,0.00171358952152,0.000490734538977,0.00179998457748,0.00300405579802,0.00399999924148,0.00300001142453,0.00150001469764,0.00149999077423,0.000500002889835,0.0012000019905,0.000319998954254
SLV,4.8582390378030865e-4,0.0017100135239286288,0.0026536123061838965,0.006219891517951387,0.0029399906089225985,0.00118998823895205,0.012083206976791092,0.0044300600981419195,0.004819967266775777,8.800305257911787e-4,0.002029978311632371,0.0020899580625835293,0.0033348494652087005,0.002369953617405802,0,0,0,2.999913096376119e-5,2.3999908750798427e-4,0.00401000599218163,0.001739939775526964,0.004320162325783091,0.0038781821206189176,0.003770002881567573,0.0034799933082901168,0.013449907398645452,0.003970142716355805,0,5.400015952779771e-4,0.004000069524107484,1.1999416015767575e-4,0.0038668598418254998,0,0,0,0,0,0,0,0,0,0,0,0,0,8.000026683803599e-4,0.001199970236372806,0.0013189766125070166,7.500021914510035e-4,8e-4,4.1998484952826944e-4,3.600062796813061e-4,0.0036700142329627455,0.0029899933447423465,4.0999115174752986e-4,0.001119979792876989,0.0024900226620941384,0.001099986727425563,9.227535954649516e-4,0.003300002606225404,0.0013000069510414978,0.0028398998959094633,0.0038999996848994357,0.004211297466004408,0.0018815100517286488,3.000040703353956e-5,2.6000292002774025e-4,0,0,0,0.0016999847141306674,1.390382167614e-4,0.0019999999999999996,0.0028699772676335925,0.004,0.0029999666611101854,0.0015000107353730543,0.0015,4.999779590037469e-4,0.0012000006355565261,3.199989542543558e-4
SRB,4.858276223594563e-4,0.001070013783245699,0.0026000070192678903,0.0015964835657852922,0.0029399647591877836,0.0011899808376676702,0.012083206976791092,0.0018486420416583176,0.001551664709946398,8.799971046267776e-4,0.002029988976267637,0.0022294010206187842,0.0033348494652087005,0.002198176673525794,0,0,0,3.000057032052013e-5,2.400039818163719e-4,0.004010004841052122,0.0017399953964026174,0.0036261211910395695,0.005142019728375107,0.004131133097310413,0.003479971923256902,0.013449918063077637,0.003970142716355805,0,5.400100275758336e-4,0.00399990875079843,8.999900454590702e-5,0.006839926568518052,0,0,0,0,0,0,0,0,0,0,0,0,0,7.999992609877268e-4,0.0012000035458478123,0.001937056011826405,7.499756311531338e-4,4.300067409238276e-4,4.2000380969126847e-4,3.5999863488217325e-4,0.003670044734666186,0.002996302729009733,4.0999677106877625e-4,0.0011200046173381046,0.0016500010027475284,8.600130747439529e-4,3.5720176558552404e-4,0.0033000265620849673,0.0013000018610537286,0.002840061664180882,0.0035,0.004211297466004408,9.00001702388451e-4,2.999958397470566e-5,2.599917875718587e-4,0,0,0,0.0017000047858841884,1.450584780492268e-4,0.002,0.002600069856793573,0.003999917515568936,0.0029999546588075268,0.0014999635009854736,0.0014999209985779745,5.000176335743256e-4,0.0012000006355565261,3.199989542543558e-4
STP,0.00210479770473,0.00200000180227,0.00262297388221,0.00191883263301,0.00293999348971,0.00118999464349,0.00584133465685,0.00236228900697,0.00450607795411,0.000879999629505,0.00266748994312,0.00269999955661,0.00334633241985,0.00257639143872,0,0,0,2.00000395976e-05,0.000217894795171,0.0048479115186,0.00173999856254,0.0028902169168,0.00430794451226,0.00742682828639,0.00590001079276,0.0134499440141,0.00397014271636,0,0.0002692760929,0.00652814054353,0.000104140152901,0.0015278935884,0,0,0,0,0,0,0,0,0,0,0,0,0,0.000850000497729,0.00100675198167,0.00188960062959,0.000699999410055,0.000551776319865,0.000401960270992,0.000360004696535,0.00341693797629,0.00299816193378,0.000399994663049,0.000862499317343,0.00131852385298,0.00110000018868,0.00102523250753,0.00320000477225,0.00400001951654,0.00317466190244,0.00340000969068,0.00389304430976,0.00581522185137,3.00001236772e-05,0.000208471916949,0,0,0,0.00171489611479,0.000493877898507,0.00180000424165,0.00316965606397,0.00400002929773,0.00300001358035,0.001499996072,0.00149999066168,0.000500000196637,0.00120000063556,0.000319998954254
SUR,4.8582927166776854e-4,0.001710007754655449,0.003180034674696596,0.0015964889399640234,0.0029399906089225985,0.0011899713218041191,0.012083206976791092,0.0018486420416583176,0.004198488700632302,8.799832874899899e-4,0.0020299893100681385,0.0020899987482788833,0.0033348494652087005,0.0066166845575831934,0,0,0,2.9999999999999997e-5,2.400048667721134e-4,0.00401003757380569,0.0017400161030595813,0.004320162325783091,0.005278667176858712,0.0037699558828196904,0.0034799743513860113,0.013449918063077637,0.003970142716355805,0,5.399919524299191e-4,0.004698971176035836,9.224422832991293e-5,0.0038668598418254998,0,0,0,0,0,0,0,0,0,0,0,0,0,7.999999999999999e-4,0.0012000076160737236,0.0019858668762335993,7.500037520555904e-4,8.000197355437142e-4,4.2000958926002873e-4,3.5999620569856643e-4,0.0036699487346407355,0.0029899910117152386,4.099950227662359e-4,0.001119979792876989,0.0016148462680272671,0.0011000219003222474,2.602690740147887e-4,0.003299991618004527,0.001299969107198023,0.002840028923838527,0.0038999535623502305,0.004211297466004408,0.002073410411621197,3.0000105034145773e-5,2.6000547495209415e-4,0,0,0,0.0017000053504894889,1.5169246892975382e-4,0.002000049207755142,0.0028699932763423305,0.00399996798745108,0.0030000298302657875,0.0014999875426663677,0.0014999833918532288,5e-4,0.0012000006355565261,3.199989542543558e-4
SVK,4.858275537143778e-4,0.0010700068438462417,0.002600062796813062,0.0015965194842029557,0.0029399836566689876,0.00118998823895205,0.012083206976791092,0.0018486420416583176,0.0017133280382198913,8.799971046267776e-4,0.00203004282121576,0.0022294010206187842,0.0033348494652087005,0.002198176673525794,0,0,0,2.999905824874219e-5,2.4000228128208054e-4,0.004009968282736746,0.0017400267324696689,0.00418168241068168,0.0038141913887589996,0.003770052012044894,0.0034800462343350775,0.013449918063077637,0.003970142716355805,0,5.40003258921297e-4,0.004,8.99990641085634e-5,0.006840061719026661,0,0,0,0,0,0,0,0,0,0,0,0,0,8.000032521559083e-4,0.0011999963463479462,0.0017196725937853271,7.500089860177563e-4,4.299967377120487e-4,4.1997875380050546e-4,3.599904064189778e-4,0.0036699659536567498,0.0029900244434167933,4.099915641225697e-4,0.0011200395670894914,0.0016499908842297175,8.600209619191801e-4,5.732012681533706e-4,0.003299975626890708,0.0013000035646811392,0.0028399607346714833,0.003499996493762403,0.004735061992564419,0.0042009384960227745,3.0000436814746867e-5,2.59986397642258e-4,0,0,0,0.0017161302468871678,1.6021278079877719e-4,0.0019999538681551876,0.00260007181650882,0.00400004179990386,0.0030000881678716273,0.0015,0.0015,5e-4,0.0012000219002080519,3.199989542543558e-4
SVN,4.858251332451032e-4,0.001070010469031473,0.0026000418227097315,0.0015964878908061853,0.00294,0.0011899970405445397,0.012083206976791092,0.0018486420416583176,0.0019045069176763844,8.799971046267776e-4,0.0020300430096991356,0.0022294010206187842,0.0033348494652087005,0.0018050960406963614,0,0,0,2.9999940261772913e-5,2.4e-4,0.004009943047732922,0.0017399741267787837,0.004320162325783091,0.00435374104890313,0.0037699607628433247,0.0034800423878488165,0.01345,0.003970142716355805,0,5.399908842297175e-4,0.003999927001970946,8.999499033850998e-5,0.006839962564342536,0,0,0,0,0,0,0,0,0,0,0,0,0,8e-4,0.0012000067312115058,0.0014231262275497438,7.500274085682409e-4,4.299883150268755e-4,4.200007946283126e-4,3.60008262755629e-4,0.003670007116890111,0.002996302729009733,4.0999715419254393e-4,0.0011200248302052143,0.001650013370175595,8.600039884606107e-4,3.957547117758564e-4,0.003299853710739988,0.0013000050370221125,0.002840010226453977,0.003499908340971586,0.003971289414722115,0.0018669776808156607,2.999974828202482e-5,2.600030629434887e-4,0,0,0,0.001700014294982461,1.407287307652069e-4,0.002000044442469223,0.002599975476171013,0.003999924785167635,0.003000070846617074,0.0014999841305106802,0.0014999561095505618,5.000124470998258e-4,0.0012000182498403138,3.199989542543558e-4
SWE,4.858285627125292e-4,0.0010700013496781312,0.0025999438457052766,0.0015964423096493192,0.002940000125970762,0.0011899791861482308,0.012083206976791092,0.0018486420416583176,0.001984523909231158,8.799971046267776e-4,0.002029973865431154,0.0020898952348766477,0.0033348494652087005,0.002198176673525794,0,0,0,2.9999737408749543e-5,2.3999810390595375e-4,0.004009976613088559,0.001739962638310102,0.005321553893595152,0.0034797141477286666,0.003769934860736748,0.003479861618053131,0.013449918063077637,0.003970142716355805,0,5.4e-4,0.004000066363606198,9.000105289018355e-5,0.0038668598418254998,0,0,0,0,0,0,0,0,0,0,0,0,0,8.000047218811975e-4,0.0012000020746027137,0.0014111201848694905,7.500002446152837e-4,4.300026716537537e-4,4.199962774537784e-4,3.599887864877177e-4,0.003669990377277101,0.0029900606469002696,4.1000986407250243e-4,0.0011199840959138733,0.001650011460004584,8.600227346799259e-4,5.602143672685948e-4,0.003299895106198319,0.00130001373060552,0.0028399332349597238,0.0035000036601345466,0.0038648204174593494,0.0022314394117346906,3.000009186701331e-5,2.6000168815655864e-4,0,0,0,0.0016999916102103739,1.420364068923408e-4,0.0019999773642989725,0.0025999296224374097,0.004000036337539404,0.0030000967679504544,0.001500009542531061,0.0014999516100042858,5.000124470998258e-4,0.001199981750159686,3.199989542543558e-4
SWZ,0.002104800721212688,0.001999941097356253,0.0026000292002774025,0.0018376416256394557,0.00293999161856353,0.0011899808376676702,0.012083206976791092,0.0025023689791579973,0.0046952147738222585,8.799971046267776e-4,0.0026674804279801356,0.002700025034422331,0.0033348494652087005,0.0017899531929120695,0,0,0,2e-5,2.3578884254419857e-4,0.005130606860158311,0.001740002401662072,0.0028612282631828097,0.0014828532341633752,0.008325605288416043,0.005900153067231838,0.013449891852919971,0.003970142716355805,0,5.232911151232613e-4,0.004698971176035836,1.2000219002080518e-4,8.899920652682549e-4,0,0,0,0,0,0,0,0,0,0,0,0,0,8.500084788875699e-4,9.93341174685081e-4,0.0019837420292534514,7.00005756262149e-4,5e-4,3.999987030504254e-4,3.599947167817653e-4,0.0034000000000000002,0.002996302729009733,3.999971639452358e-4,8.625037556672597e-4,0.001200005730002292,0.0010999402747362136,5.725894894386349e-4,0.0031999912772313933,0.004,0.0032,0.003399932309237605,0.004211297466004408,0.0064970151426907395,3.0000105034145773e-5,2e-4,0,0,0,0.001699981199226982,4.999103806835372e-4,0.0017999479744253229,0.002775457768579582,0.003999975739343507,0.0030000700133025276,0.0015000174858530162,0.0014999833918532288,5.000024534623792e-4,0.0012000006355565261,3.199989542543558e-4
TCD,0.002104822496,0.00200001093131,0.00263710585115,0.0018891788074,0.00294000034591,0.00118999103411,0.00475008206134,0.00250237988308,0.0046765898762,0.000879994707914,0.00266749397474,0.00259139706514,0.00334581318461,0.00216607802325,0,0,0,2.06543607754e-05,0.000211011416294,0.00436943727871,0.00173999991075,0.00296840582044,0.00395018393734,0.00671237540509,0.00575584643832,0.0134499180631,0.00397014271636,0,0.000274603508743,0.00666881415358,9.86496029505e-05,0.00249292232512,0,0,0,0,0,0,0,0,0,0,0,0,0,0.000850000010906,0.00103668466333,0.00147384333733,0.000703733754873,0.000537176054569,0.0004042288075,0.000360003539946,0.00341824012845,0.0029980079227,0.000400757146121,0.000895499917406,0.00142337821344,0.00099683114631,0.00119482302017,0.00319998436131,0.00399999208043,0.00317268445248,0.00339999985083,0.00394820688312,0.00639368907436,3.0000047419e-05,0.000250176952918,0,0,0,0.00171358952152,0.000490734538977,0.00179998457748,0.00300405579802,0.00399999924148,0.00300001142453,0.00150001469764,0.00149999077423,0.000500002889835,0.0012000019905,0.000319998954254
TGO,0.002104822496,0.00200001093131,0.00263710585115,0.0018891788074,0.00294000034591,0.00118999103411,0.00475008206134,0.00250237988308,0.0046765898762,0.000879994707914,0.00266749397474,0.00259139706514,0.00334581318461,0.00216607802325,0,0,0,2.06543607754e-05,0.000211011416294,0.00436943727871,0.00173999991075,0.00296840582044,0.00395018393734,0.00671237540509,0.00575584643832,0.0134499180631,0.00397014271636,0,0.000274603508743,0.00666881415358,9.86496029505e-05,0.00249292232512,0,0,0,0,0,0,0,0,0,0,0,0,0,0.000850000010906,0.00103668466333,0.00147384333733,0.000703733754873,0.000537176054569,0.0004042288075,0.000360003539946,0.00341824012845,0.0029980079227,0.000400757146121,0.000895499917406,0.00142337821344,0.00099683114631,0.00119482302017,0.00319998436131,0.00399999208043,0.00317268445248,0.00339999985083,0.00394820688312,0.00639368907436,3.0000047419e-05,0.000250176952918,0,0,0,0.00171358952152,0.000490734538977,0.00179998457748,0.00300405579802,0.00399999924148,0.00300001142453,0.00150001469764,0.00149999077423,0.000500002889835,0.0012000019905,0.000319998954254
THA,4.8582471056432883e-4,0.0010699870473366597,0.0026536123061838965,0.0015965000451025114,0.0029399906089225985,0.0011899808376676702,0.012083206976791092,0.0018486420416583176,0.004198488700632302,8.799954331306226e-4,0.00203,0.0020900202780996524,0.0033348494652087005,0.0020849802901504386,0,0,0,2.9999013514846603e-5,2.400048667721134e-4,0.0040101599247412975,0.0017399626895936411,0.0036120903220655583,0.004035793200037616,0.0037700000000000003,0.003480119932212228,0.013449918063077637,0.003970142716355805,0,5.400019865795515e-4,0.003999954375399214,9.000255502427273e-5,0.006839962564342536,0,0,0,0,0,0,0,0,0,0,0,0,0,8.000036967893384e-4,0.00119996880361878,0.0016806017843567923,7.500036085623968e-4,4.2999329758713136e-4,3.6000572573718865e-4,3.600062796813061e-4,0.0036699931394130196,0.002996302729009733,4.100075518138338e-4,0.0011200125774985816,0.0016148462680272671,8.599980270296931e-4,0.0010205656164982693,0.0032999268471104607,0.0012999606107648462,0.00284000849136711,0.0035000070511585052,0.004211297466004408,0.0011994041917288499,3.0000371002448615e-5,2.6000292002774025e-4,0,0,0,0.0019642782419483076,3.5999989889773257e-4,0.0030000507073677804,0.0028099857346647644,0.004000012385281332,0.002999962215672939,0.0015000506945148536,0.0015,5e-4,0.0012000169769679136,3.199989542543558e-4
TJK,4.858353877427447e-4,0.0010700207840607756,0.0025999737199421838,0.0015964896833083855,0.0029399906089225985,0.0011899937104821344,0.012083206976791092,0.0018486420416583176,0.002923445450227412,8.799971046267776e-4,0.0020299392678102654,0.0022294010206187842,0.0033348494652087005,0.002198176673525794,0,0,0,3.000057032052013e-5,2.400019729703068e-4,0.004010001896094046,0.0017399850411368735,0.004320162325783091,0.0024204767165792998,0.004131133097310413,0.0034799708002554975,0.013449918063077637,0.003970142716355805,0,5.232911151232613e-4,0.004000060834651418,9.224422832991293e-5,0.0038668598418254998,0,0,0,0,0,0,0,0,0,0,0,0,0,8.000012733297892e-4,0.0011999935685034775,0.001079954009150276,7.499999999999999e-4,4.300082147376835e-4,4.137403165375939e-4,3.600050486950411e-4,0.003637432157203874,0.002996302729009733,4.100058544893288e-4,0.0010769971754458446,0.0016148462680272671,8.600067147979282e-4,5.126571520359788e-4,0.0032999481666025716,0.0013000266522228815,0.0028400082683065473,0.003500051991265467,0.0038000101931603895,0.0020049280876235204,3.0000427661121327e-5,2.59299482224465e-4,0,0,0,0.0016999763705103968,2.0918101638920235e-4,0.002,0.0025999423686485445,0.00400014556570472,0.002999940489178949,0.0015000174858530162,0.0014999833918532288,5.000024534623792e-4,0.0012000006355565261,3.199989542543558e-4
TKM,0.00149852433514,0.00106999513017,0.00260823522252,0.00301912779466,0.00293998262727,0.00119000212684,0.0107986678515,0.00179044369365,0.003544650017,0.000879997104512,0.00203000448265,0.00218651290552,0.00333484946521,0.00224677871098,0,0,0,2.9999918256e-05,0.000239999940216,0.00361373701185,0.00173999605373,0.00416810905756,0.00500643922653,0.00390888654073,0.00347998923702,0.0134498828721,0.00397014271636,0,0.000539997379136,0.00426883349562,9.00001818819e-05,0.00501034912108,0,0,0,0,0,0,0,0,0,0,0,0,0,0.000799994360066,0.00120000157485,0.00164832531994,0.000750000138139,0.000430003112067,0.000420004474602,0.000359999762091,0.00366999838188,0.00299484310752,0.00040999708778,0.00111999245344,0.00164999049023,0.000860000030868,0.00043898311416,0.00330001763337,0.00129999671929,0.00284041785442,0.00349999726061,0.00415372481853,0.00204036063232,3.00001723669e-05,0.000259947402826,0,0,0,0.00170119875786,0.000162539330438,0.00199999702896,0.00260000845366,0.00399997813543,0.00299997674375,0.00149999573667,0.00150000169184,0.000500003920709,0.00120000390704,0.000319998954254
TLS,0.000485824993903,0.00107000423983,0.00281116237637,0.00208146081627,0.00293996613113,0.00118998356171,0.0120832069768,0.00184864204166,0.0047457645545,0.000879994397662,0.00203000401391,0.00213646466366,0.00319990995088,0.00232403645486,0,0,0,2.66663198482e-05,0.000238595064223,0.00372381662868,0.00173997439923,0.00362847914578,0.00361575973599,0.00376998933862,0.00348008181009,0.0134499222812,0.00397014271636,0,0.000528864711425,0.00423305779329,0.000100749657792,0.00386685984183,0,0,0,0,0,0,0,0,0,0,0,0,0,0.000801157844132,0.00119372948226,0.0015827649732,0.000750014346302,0.000493605312393,0.000377917920772,0.000359997306543,0.00367005086284,0.00299630272901,0.0004100045299,0.00112002545918,0.00161484626803,0.000860005402705,0.000775593100176,0.00330002906079,0.00129998927897,0.00283998049689,0.00349998367253,0.00398837495631,0.00147895040553,3.0000376873e-05,0.00025953333577,0,0,0,0.00174128774062,0.000374746945681,0.00299998409768,0.00279846962323,0.00399994785253,0.00299993982475,0.00150002903826,0.00150001489249,0.000500010820928,0.00120000772377,0.000319998954254
TTO,4.858250268224316e-4,0.0010700026413202007,0.002600083693681127,0.0015964849440026744,0.002939945493478684,0.0011899937104821344,0.012083206976791092,0.0018486420416583176,0.004820064180929095,8.799839066586199e-4,0.0020299915894396695,0.0020899818949909475,0.0029299606353517887,0.0024394940345860597,0,0,0,3.0000218564902844e-5,2.3999908750798427e-4,0.0040101505196927035,0.001739948404249327,0.004842426268829133,0.0040082263909925146,0.00376994472833455,0.003479907716676423,0.013450201310723837,0.003970142716355805,0,5.39998514447003e-4,0.003999918890420959,8.99990875079843e-5,0.0038668598418254998,0,0,0,0,0,0,0,0,0,0,0,0,0,7.999833999640333e-4,0.0011811994937568928,0.0013409073472320512,7.499853640993904e-4,4.2999550965424336e-4,4.199952968051869e-4,3.599952903314429e-4,0.003669972112010391,0.002989987595250753,4.0999657578221974e-4,0.001119967446981665,0.0016500010027475284,8.599979732696791e-4,7.91538394372666e-4,0.0032999442002259213,0.0013000185363058825,0.0028399911517250323,0.0035000299339742057,0.004211297466004408,0.0013068509138558445,2.9999333511063718e-5,2.59999336363938e-4,0,0,0,0.0017000358825723606,1.3885356470228418e-4,0.002000037725883729,0.0025999903947747575,0.003999982957402026,0.003000039427512518,0.0015,0.001499990782900437,4.999999999999999e-4,0.0012000006355565261,3.199989542543558e-4
TUN,8.875842476894168e-4,0.0010700091250126736,0.0025999701023992827,0.003051395432173791,0.0029399906089225985,0.0011899937104821344,0.0037337467765005583,0.0010920803830884462,0.003255808373655376,8.799971046267776e-4,0.002029949227153023,0.0022294010206187842,0.0033348494652087005,0.002198176673525794,0,0,0,2.9999543753992152e-5,2.3999695840620487e-4,0.004010067114093959,0.0017400161030595813,0.003562247202815569,0.002456180713912888,0.0037699189886940265,0.003480029200125144,0.013449918063077637,0.003970142716355805,0,5.399976602714086e-4,0.004000123727922299,8.999955215191008e-5,0.0038668598418254998,0,0,0,0,0,0,0,0,0,0,0,0,0,8.000057248690548e-4,0.001200002679698936,0.001649094848294274,7.499973680608925e-4,4.300013489815189e-4,4.2000274010138376e-4,3.6e-4,0.003669948054778596,0.002996302729009733,4.100079979476964e-4,0.0011199961830239992,0.0016500070492034401,8.599676698840275e-4,5.70423365488e-4,0.003299988421905754,0.0013000190667252485,0.0028449675380603696,0.003499995800189831,0.0034861920621704137,0.0020440203500219378,2.9999380881624568e-5,2.600062796813062e-4,0,0,0,0.0017000148720977882,1.560802576714763e-4,0.002,0.0025999933757286696,0.0039999863735155645,0.0030000743881574057,0.0014999831538280118,0.0014999769574634777,4.999882449747267e-4,0.0012000006355565261,3.199989542543558e-4
TUR,0.0037771228014078554,0.0010699908289657357,0.0026000292002774025,0.006220097646168316,0.002940020355876882,0.0011900093857545103,0.012083206976791092,0.0018486420416583176,0.004198488700632302,8.799971046267776e-4,0.002030011887752615,0.0022294010206187842,0.0033348494652087005,0.002830003160445272,0,0,0,2.9999087507984303e-5,2.3999712602385402e-4,0.004009938837920489,0.0017399308090265654,0.005310913664643679,0.007737088270243039,0.003769955882819691,0.003480060575466936,0.013449918063077637,0.003970142716355805,0,5.399911150599735e-4,0.003999925512104283,9.000178320665136e-5,0.006840001559819061,0,0,0,0,0,0,0,0,0,0,0,0,0,7.999805548436562e-4,0.0012000021572102957,0.001364326255730074,7.500088158544325e-4,4.3000585209597436e-4,4.1999999999999996e-4,3.600041863994348e-4,0.003670022102357966,0.002996302729009733,4.10000290770528e-4,0.0011199867874150126,0.0016499785131070047,8.599968078690266e-4,4.4382154341346457e-4,0.0033000049805757543,0.0012999482550451332,0.0028449675380603696,0.0035000363011543764,0.003344131041944493,0.0020874621105426232,3.0000329511005667e-5,2.59299482224465e-4,0,0,0,0.001699973267479718,1.7927341219151936e-4,0.002,0.0025999390150937642,0.00399993979167921,0.002999940489178949,0.0015000182501733767,0.0015000460871969767,5.000062974671588e-4,0.0012000219002080519,3.199989542543558e-4
TZA,0.002104814180742101,0.0020000221547732456,0.0026536123061838965,0.0018376570236098041,0.0029399906089225985,0.0011899937104821344,0.004139004894696663,0.002502401249291391,0.004446695123663154,8.799930306428338e-4,0.0026675655327503827,0.002699964887443503,0.003352667939921247,0.0018644495222545155,0,0,0,1.9999999999999998e-5,2.0000618658747835e-4,0.005130829355770711,0.0017399873909148221,0.002985087289922801,0.004506624097723486,0.008325577151199927,0.0058999954728597955,0.013450244085617727,0.003970142716355805,0,2.0000200835475578e-4,0.004698971176035836,9.224422832991293e-5,8.899993315061167e-4,0,0,0,0,0,0,0,0,0,0,0,0,0,8.499867088046785e-4,9.93330093345176e-4,0.002303944808803162,6.999960062302808e-4,5e-4,3.9998622684388126e-4,3.600009572584119e-4,0.003400007929347114,0.0030000293487512106,3.9999227515884206e-4,8.62494991318285e-4,0.001199977079990832,0.001100010950104026,6.377356942346669e-4,0.003199968210356612,0.004000075967637786,0.0032000539865708402,0.003399994413875932,0.003829934777403351,0.006784984286537634,3e-5,2.0000365003467531e-4,0,0,0,0.0017328816006976278,4.94174365307431e-4,0.0018000067771339501,0.003199945112433749,0.004000065121125293,0.0030000991866693115,0.0014999999999999998,0.0015,5e-4,0.0012000006355565261,3.199989542543558e-4
UGA,0.002104822496,0.00200001093131,0.00263710585115,0.0018891788074,0.00294000034591,0.00118999103411,0.00475008206134,0.00250237988308,0.0046765898762,0.000879994707914,0.00266749397474,0.00259139706514,0.00334581318461,0.00216607802325,0,0,0,2.06543607754e-05,0.000211011416294,0.00436943727871,0.00173999991075,0.00296840582044,0.00395018393734,0.00671237540509,0.00575584643832,0.0134499180631,0.00397014271636,0,0.000274603508743,0.00666881415358,9.86496029505e-05,0.00249292232512,0,0,0,0,0,0,0,0,0,0,0,0,0,0.000850000010906,0.00103668466333,0.00147384333733,0.000703733754873,0.000537176054569,0.0004042288075,0.000360003539946,0.00341824012845,0.0029980079227,0.000400757146121,0.000895499917406,0.00142337821344,0.00099683114631,0.00119482302017,0.00319998436131,0.00399999208043,0.00317268445248,0.00339999985083,0.00394820688312,0.00639368907436,3.0000047419e-05,0.000250176952918,0,0,0,0.00171358952152,0.000490734538977,0.00179998457748,0.00300405579802,0.00399999924148,0.00300001142453,0.00150001469764,0.00149999077423,0.000500002889835,0.0012000019905,0.000319998954254
UKR,4.858258744117673e-4,0.0010699533780467857,0.0025999856394054712,0.0015964990401921859,0.0029400001441264854,0.0011900344553405777,0.0037337517450393154,0.0018486420416583176,0.002100011093854005,8.799971046267776e-4,0.002029994627027618,0.0022294010206187842,0.0033348494652087005,0.002198176673525794,0,0,0,2.9999827829620194e-5,2.4000110607233713e-4,0.0031514252099184925,0.0017399865526846606,0.0031649814107025226,0.005697514047599401,0.003770120816147753,0.0034799743513860113,0.013449918063077637,0.003970142716355805,0,5.400093589143659e-4,0.004698971176035836,9e-5,0.0038668598418254998,0,0,0,0,0,0,0,0,0,0,0,0,0,8.000035385860694e-4,0.0012000037235395966,0.0017088639425363993,7.499999999999999e-4,4.3000430983818516e-4,4.200118063754428e-4,3.599947671376243e-4,0.003669982012485451,0.002996302729009733,4.099888492724494e-4,0.0011200046173381046,0.0016500114600045837,8.600116800722041e-4,4.3120279019426034e-4,0.003300019000570017,0.001300004310716441,0.002840010732703332,0.0035001046134532903,0.004460038171648542,0.0015646425984878216,2.9999359945382004e-5,2.6000292002774025e-4,0,0,0,0.0017056415863142952,1.521275487546123e-4,0.002,0.0026000000000000003,0.004,0.003,0.0014999778790426048,0.001499990782900437,5.000097962382445e-4,0.0012000219002080519,3.199989542543558e-4
URY,4.8583576268860503e-4,0.001710008443325354,0.003179968853416391,0.0015964929154510493,0.0029399906089225985,0.001189974900475328,0.012083206976791092,0.0018486420416583176,0.004819402554679241,8.799953991846333e-4,0.002029942608472432,0.002089987639060569,0.0033348494652087005,0.007690101573391755,0,0,0,3.000010013718795e-5,2.4000530926466686e-4,0.00400997434136822,0.001740014600062572,0.005118317792603928,0.0029703746997029393,0.003770120816147753,0.003480004231908591,0.013449918063077637,0.003970142716355805,0,5.399927460476627e-4,0.0040000243332684446,1.2e-4,0.0038668598418254998,0,0,0,0,0,0,0,0,0,0,0,0,0,8.000048110461621e-4,0.0011999702314504726,0.0020025280508589823,7.500046564157789e-4,8.000055698411667e-4,4.199916785032784e-4,3.5999529033144297e-4,0.0036700006432109087,0.002996302729009733,4.0999539250129586e-4,0.0011199867874150126,0.0024899326167174716,0.0010999944085139694,3.6865623404194915e-4,0.003299997281715583,0.0012999755688131959,0.0028399989687886706,0.0039000841361016615,0.003938675805264741,0.001977825723132303,3.0001318391562294e-5,2.6000104286161226e-4,0,0,0,0.0017000069387923503,1.388781825108727e-4,0.002000051444960323,0.0028701025136918974,0.0040000472255017705,0.002999920653812584,0.0014999831538280118,0.0015000360672293156,5.000179323948713e-4,0.0012000006355565261,3.199989542543558e-4
USA,4.858280122826018e-4,0.001069980162026405,0.002599915771741419,0.0015964931307484282,0.00293999161856353,0.0011899692453276555,0.012083206976791092,0.0010920620837182166,0.0021000178922884233,8.79997103128621e-4,0.0020299647293628275,0.002089931727222789,0.0029299714484142293,0.007264924721470595,0,0,0,3.0000532034015535e-5,2.4000718046912397e-4,0.004010046769443963,0.0017400080300762856,0.005129963731728584,0.005723058590407431,0.0037699607628433247,0.003480036032241837,0.013449890893607961,0.003970142716355805,0,5.399785533242347e-4,0.004000073000693507,8.999789429353546e-5,0.006839962564342536,0,0,0,0,0,0,0,0,0,0,0,0,0,8.0000212165574e-4,0.0012000063616519618,0.0013870152698083002,7.49991789294277e-4,4.299985656913368e-4,4.200100591944906e-4,3.600062796813061e-4,0.0036700014284278297,0.002990009794319295,4.1001031072187785e-4,0.0011199927640281751,0.0016500114600045837,8.600092083262656e-4,6.193938188149916e-4,0.0033000283286611317,0.0012999606107648464,0.0028399148929178744,0.003500006151939483,0.0038303202080769067,0.0018061117887178213,3.000017405531478e-5,2.59299482224465e-4,0,0,0,0.0017000105791496712,1.397439788894405e-4,0.0020000773425113113,0.0025999502791149687,0.004000075444651917,0.0030000396746677244,0.0015000242930716162,0.0015,5e-4,0.0012000006355565261,3.199989542543558e-4
UZB,4.8581791816401616e-4,0.0010699689613427633,0.0026000251723607482,0.0015964831927867736,0.0029399906089225985,0.0011900474510281056,0.012083206976791092,0.0018486420416583176,0.004734665128470751,8.799971046267776e-4,0.0020300391166149486,0.0022294010206187842,0.0033348494652087005,0.002198176673525794,0,0,0,2.8508117107354266e-5,2.400007300069351e-4,0.0031514252099184925,0.001740002401662072,0.0025068134401798896,0.0035807008121335033,0.004131133097310413,0.004025820720098077,0.013449918063077637,0.003970142716355805,0,5.232911151232613e-4,0.003999917046868519,9.000255502427273e-5,0.0038668598418254998,0,0,0,0,0,0,0,0,0,0,0,0,0,8.00002926728439e-4,0.0012000025228952747,0.0013117843697706174,7.499912706449247e-4,4.2999488469244214e-4,4.2000390252860893e-4,3.5999102937878455e-4,0.003637432157203874,0.002996302729009733,4.0998986143967554e-4,0.0011200035784576846,0.0016148462680272671,8.600068401373975e-4,4.6646431448804757e-4,0.0033001099008044357,0.0013000226603217765,0.002839985659655832,0.0034999621470209706,0.003824310875055913,0.0022487004128178205,3e-5,2.59299482224465e-4,0,0,0,0.0017058885197042094,1.441174970519484e-4,0.002,0.002775457768579582,0.004,0.0029999206538125845,0.0015000174858530162,0.0014999833918532288,5.000024534623792e-4,0.0012000006355565261,3.199989542543558e-4
VCT,4.858278750269151e-4,0.0010700013112062527,0.0026536123061838965,0.0015964751239214243,0.0029399906089225985,0.0011899990045459068,0.012083206976791092,0.0018486420416583176,0.004198488700632302,8.800117837678598e-4,0.0020300082575415955,0.002090010249360182,0.0029300325716823767,0.0017899564276834012,0,0,0,2.9999999999999997e-5,2.3578884254419857e-4,0.00401009824497369,0.0017399810205124464,0.0022477891034285834,0.005278667176858712,0.0037699068901303535,0.003479925303454716,0.013449918063077637,0.003970142716355805,0,5.399938773725182e-4,0.004698971176035836,9.224422832991293e-5,0.0038668598418254998,0,0,0,0,0,0,0,0,0,0,0,0,0,7.999788895925691e-4,0.0012000000000000001,0.0017351654757072662,7.499992632041189e-4,4.2999709763122054e-4,4.1999269577920384e-4,3.59988513448837e-4,0.0036700796411887004,0.0029899917376691254,4.100010488515076e-4,0.0011199966808766633,0.0016148462680272671,8.600010814902937e-4,8.548513402655576e-4,0.0033000235253860303,0.0012999824469018782,0.0028400008435437276,0.003500036077247206,0.004211297466004408,0.002073410411621197,3.0000105034145773e-5,2.599942368648545e-4,0,0,0,0.001700012555254668,1.476709856731783e-4,0.0019999757475808212,0.0026001089992506304,0.0040000192424257,0.0029999594336943738,0.0015000270372573406,0.0015000387121036156,4.999826569545612e-4,0.0012000006355565261,3.199989542543558e-4
VEN,4.8582716573647173e-4,0.0017099731605712827,0.0031800705681956447,0.0015964756543110706,0.0029399906089225985,0.0011899859616284513,0.012083206976791092,0.0018486420416583176,0.004819964738171837,8.800038904050026e-4,0.0020300013948239353,0.0020900548585085004,0.0029300250299270866,0.0021519645266207216,0,0,0,2.9999677942265787e-5,2.4000364996806277e-4,0.004010009816256274,0.0017399626895936407,0.005218673078114177,0.004012422426410556,0.003770120816147753,0.0034799708002554975,0.013450244085617725,0.003970142716355805,0,5.399816424599103e-4,0.004698971176035836,1.200024333860567e-4,0.0038668598418254998,0,0,0,0,0,0,0,0,0,0,0,0,0,8.00008979616271e-4,0.0011999879163987416,0.001680824474199162,7.500086586083885e-4,8.000000000000001e-4,4.1999824010794e-4,3.600050486950411e-4,0.003670022471910112,0.002989994819739788,4.1000438468284125e-4,0.0011200077820538543,0.0016148462680272671,0.0010999834738059824,0.0010371270016463533,0.003300077235850201,0.0013000115851362702,0.002840017401672494,0.0038999815299565,0.005000360180716239,0.0018152025977058116,3e-5,2.599960181836281e-4,0,0,0,0.0016999672120872804,1.3902300571810064e-4,0.002,0.0028700265251989394,0.004,0.003000041762372103,0.0014999921505832118,0.001500011060723371,5.000104543458716e-4,0.0012000006355565261,3.199989542543558e-4
VNM,0.000485824993903,0.00107000423983,0.00281116237637,0.00208146081627,0.00293996613113,0.00118998356171,0.0120832069768,0.00184864204166,0.0047457645545,0.000879994397662,0.00203000401391,0.00213646466366,0.00319990995088,0.00232403645486,0,0,0,2.66663198482e-05,0.000238595064223,0.00372381662868,0.00173997439923,0.00362847914578,0.00361575973599,0.00376998933862,0.00348008181009,0.0134499222812,0.00397014271636,0,0.000528864711425,0.00423305779329,0.000100749657792,0.00386685984183,0,0,0,0,0,0,0,0,0,0,0,0,0,0.000801157844132,0.00119372948226,0.0015827649732,0.000750014346302,0.000493605312393,0.000377917920772,0.000359997306543,0.00367005086284,0.00299630272901,0.0004100045299,0.00112002545918,0.00161484626803,0.000860005402705,0.000775593100176,0.00330002906079,0.00129998927897,0.00283998049689,0.00349998367253,0.00398837495631,0.00147895040553,3.0000376873e-05,0.00025953333577,0,0,0,0.00174128774062,0.000374746945681,0.00299998409768,0.00279846962323,0.00399994785253,0.00299993982475,0.00150002903826,0.00150001489249,0.000500010820928,0.00120000772377,0.000319998954254
VUT,0.000485824993903,0.00107000423983,0.00281116237637,0.00208146081627,0.00293996613113,0.00118998356171,0.0120832069768,0.00184864204166,0.0047457645545,0.000879994397662,0.00203000401391,0.00213646466366,0.00319990995088,0.00232403645486,0,0,0,2.66663198482e-05,0.000238595064223,0.00372381662868,0.00173997439923,0.00362847914578,0.00361575973599,0.00376998933862,0.00348008181009,0.0134499222812,0.00397014271636,0,0.000528864711425,0.00423305779329,0.000100749657792,0.00386685984183,0,0,0,0,0,0,0,0,0,0,0,0,0,0.000801157844132,0.00119372948226,0.0015827649732,0.000750014346302,0.000493605312393,0.000377917920772,0.000359997306543,0.00367005086284,0.00299630272901,0.0004100045299,0.00112002545918,0.00161484626803,0.000860005402705,0.000775593100176,0.00330002906079,0.00129998927897,0.00283998049689,0.00349998367253,0.00398837495631,0.00147895040553,3.0000376873e-05,0.00025953333577,0,0,0,0.00174128774062,0.000374746945681,0.00299998409768,0.00279846962323,0.00399994785253,0.00299993982475,0.00150002903826,0.00150001489249,0.000500010820928,0.00120000772377,0.000319998954254
WSM,0.00048582589859,0.00106999464708,0.00273744187415,0.00159649524836,0.00294001592508,0.0011899955096,0.00874339811517,0.00169733161245,0.00397816802361,0.000879996825334,0.00203000341673,0.00209000809527,0.00325388338745,0.00205238827681,0,0,0,2.79996732978e-05,0.000240000146529,0.00401002990653,0.00173998298881,0.00363467071023,0.00458196281722,0.00377002897198,0.00348002720028,0.0134499180631,0.00397014271636,0,0.000540000049244,0.00400002494201,9.089783734e-05,0.00565072434086,0,0,0,0,0,0,0,0,0,0,0,0,0,0.000799998943738,0.00119998493712,0.00232953929171,0.000749997310487,0.000542158798511,0.000383997806138,0.00036000002983,0.00367001130765,0.00299630272901,0.000409997158284,0.00111999522684,0.00164296158541,0.000859997616704,0.000703496500535,0.00330000046945,0.00130000537115,0.00283999217545,0.00350000336715,0.00421936824542,0.00160696947301,3.00003566895e-05,0.000259999548665,0,0,0,0.0017770571484,0.000323935227147,0.00280000213024,0.00276801087889,0.00399998263351,0.00299999355558,0.00150001999233,0.0014999966294,0.00050000056108,0.00120001601367,0.000319998855676
YEM,0.0037770400635569177,0.0010700060955756892,0.0026536123061838965,0.006220033862724104,0.0029399906089225985,0.0011899941600155733,0.003829531721232049,0.004089181786299327,0.004166420357311845,8.799971046267776e-4,0.0020300035664787114,0.00208998276386495,0.0033348494652087005,0.002198176673525794,0,0,0,3.0000657656768932e-5,2.40000663636062e-4,0.004009872849663426,0.0017400280594495328,0.004712117236033073,0.0028308082567440425,0.004131133097310413,0.0034800770556625772,0.013449918063077637,0.003970142716355805,0,5.39993760723756e-4,0.003999913096376119,8.999927001970946e-5,0.006839962564342536,0,0,0,0,0,0,0,0,0,0,0,0,0,8.000075525848722e-4,0.0012,0.0017632878052140707,7.499979356415614e-4,4.300025075225677e-4,4.2001549586776865e-4,3.600062796813061e-4,0.0036699465842001686,0.002996302729009733,4.1000633061644376e-4,0.0011200062980404506,0.0016499727028622996,8.599728188613466e-4,8.72933005784219e-4,0.003300033388981636,0.0013000350683833475,0.0028400734239660413,0.003500002894238728,0.005000076907695384,0.0021359935090297273,3.0000105034145773e-5,2.5998978027593254e-4,0,0,0,0.0017000039874646709,3.1813643754856054e-4,0.0020000212210597797,0.0025999331829950722,0.004000046168051708,0.0029999789644412265,0.0014999999999999998,0.0014999833918532288,5.000024534623792e-4,0.0012000006355565261,3.199989542543558e-4
ZAF,0.002104837677128897,0.001999991466976131,0.002599963500319372,0.001837656755535753,0.0029400778683538143,0.0011899736147757255,0.0041389993052312665,0.0025023530921770383,0.00466288634082545,8.799971046267776e-4,0.002667556145929457,0.002699961004957941,0.0033348494652087005,0.002198176673525794,0,0,0,2.000076041290421e-5,2.0000608346514172e-4,0.005130736304210771,0.0017399802194696934,0.004406227592737702,0.003784738045353107,0.008325646215615356,0.005899923605805959,0.013449918063077637,0.003970142716355805,0,1.9999744754709277e-4,0.004698971176035836,1.2000182498403138e-4,0.0038668598418254998,0,0,0,0,0,0,0,0,0,0,0,0,0,8.500078050718776e-4,9.933260788020366e-4,0.0013417870361871454,6.999740844440605e-4,5e-4,3.999951329910203e-4,3.6000697730196457e-4,0.0033999954737135916,0.002996302729009733,4e-4,8.624942896299681e-4,0.0011999839563613028,0.0010999999999999998,6.57147240765448e-4,0.0031999902402127635,0.004,0.003199959119014768,0.0033999973546023307,0.0038285667989953823,0.006793966644209832,2.9999198311108737e-5,1.9999594452104792e-4,0,0,0,0.0016999813400132317,5.000027493071746e-4,0.0017999320940497413,0.003199973319103522,0.0040000358635035056,0.002999920653812584,0.001499976451749635,0.0014999516100042858,5e-4,0.0012000006355565261,3.199989542543558e-4
ZMB,0.00210479770473,0.00200000180227,0.00262297388221,0.00191883263301,0.00293999348971,0.00118999464349,0.00584133465685,0.00236228900697,0.00450607795411,0.000879999629505,0.00266748994312,0.00269999955661,0.00334633241985,0.00257639143872,0,0,0,2.00000395976e-05,0.000217894795171,0.0048479115186,0.00173999856254,0.0028902169168,0.00430794451226,0.00742682828639,0.00590001079276,0.0134499440141,0.00397014271636,0,0.0002692760929,0.00652814054353,0.000104140152901,0.0015278935884,0,0,0,0,0,0,0,0,0,0,0,0,0,0.000850000497729,0.00100675198167,0.00188960062959,0.000699999410055,0.000551776319865,0.000401960270992,0.000360004696535,0.00341693797629,0.00299816193378,0.000399994663049,0.000862499317343,0.00131852385298,0.00110000018868,0.00102523250753,0.00320000477225,0.00400001951654,0.00317466190244,0.00340000969068,0.00389304430976,0.00581522185137,3.00001236772e-05,0.000208471916949,0,0,0,0.00171489611479,0.000493877898507,0.00180000424165,0.00316965606397,0.00400002929773,0.00300001358035,0.001499996072,0.00149999066168,0.000500000196637,0.00120000063556,0.000319998954254
ZWE,0.002104729909881086,0.0019999915116121147,0.002600027809642994,0.001837669806960456,0.0029399906089225985,0.0011900208051976494,0.004138931599942509,0.0025023547975235485,0.004702551743750376,8.800121895142968e-4,0.0026674839105117988,0.002700028968713789,0.0033348494652087005,0.0017899572861825768,0,0,0,2.0000618658747835e-5,2.3578884254419857e-4,0.005130641984490999,0.0017399978737729898,0.002630715527046072,0.004742524333995983,0.008325830392991848,0.005899934575255673,0.0134499815656876,0.003970142716355805,0,1.9999298097845162e-4,0.004698971176035836,9.224422832991293e-5,0.0038668598418254998,0,0,0,0,0,0,0,0,0,0,0,0,0,8.50015038599071e-4,9.933249078837288e-4,0.0016321279343361977,7.000202156803971e-4,4.999944891436129e-4,4.0000307564550105e-4,3.600050486950411e-4,0.0034000501271080237,0.002996302729009733,3.999953120971333e-4,8.624991210182126e-4,0.0016148462680272671,0.0011000215177162532,5.993327543812162e-4,0.0032000470619873603,0.004000092682700774,0.0031999673389401487,0.003400044722719141,0.00382931175756193,0.0060697112371013795,3.0000995321986665e-5,2.0000365003467534e-4,0,0,0,0.0017000137199304859,4.999932549636277e-4,0.0018000155751109726,0.003199980789549515,0.00400018747656543,0.0030000661244462077,0.0015000174858530162,0.0014999833918532288,5.000052898857384e-4,0.0012000006355565261,3.199989542543558e-4
