ISO3,wheat,rice,barley,maize,rye,oats,millet,sorghum,othr_grains,cassava,potato,sweet_potato,yams,othr_roots,sugar_cane,sugar_non,raw_sugar,sweeteners,honey,beans,peas,othr_pulse,nuts,soyabeans,groundnut,seed_sunflower,seed_rape,seed_cotton,coconuts,seed_sesame,preserved_olives,seed_oilcrop,oil_soyabeans,oil_groundnut,oil_sunflower,oil_rape,oil_cotton,oil_palmkernel,oil_palm,oil_coconut,oil_sesame,oil_olive,oil_ricebran,oil_maize,oil_oilcrop,tomato,onion,othr_vegetables,orange,lemon,grapefruit,citrus,banana,plantains,apple,pineapple,dates,grapes,othr_fruits,beef,lamb,pork,poultry,othr_meat,offals,butter,cream,fat_ani,oil_fish_body,oil_fish_liver,eggs,milk,fish_freshw,fish_demrs,fish_pelag,fish_marine,crustaceans,cephalopods,othr_molluscs,fish_aquatic,fish_aquaticplant
AGO,0.017864529956526418,0.01160017672634528,0.024037414612879244,0.012311988159842132,0.026500029502973237,0.039701427163558053,0.02901998583264905,0.01951620693738291,0.035959106114479465,0.003399946984639024,0.00345,0.003849982346594103,0.004260561507234293,0.004001138513084054,1.617549563876932e-4,0.0020543060103069936,1.0000027057082327e-4,0.0014000073000693504,0.002199980789549515,0.03773175502631632,0.02715032727703064,0.04074473817419844,0.045453126342873434,0.04729995320542817,0.025199608929444357,0.04981173661315645,0.05049582574999316,0,0.003859677110586434,0.07749902666926223,0.002199986794664325,0.041904254628303085,0.0018732525475628889,0.001127316534247428,4.5117897283168985e-5,0.0019337079648730285,0.0020856686903107688,0,2.517797974528518e-4,0,6.475483638719394e-4,0,0.0014472901390814698,2.763023844345975e-4,9.027090185333346e-5,0.00700003766194637,0.0025853076030506834,0.0034984063571759988,7.999755583391892e-4,0.0014897908581860168,7.608636485118587e-4,0.001699993409345548,0.002,0.001338244595567633,5e-4,0.0011149969749288,0.0030397426945755163,6.999749718433238e-4,0.0024419638257570445,0.03599974648703462,0.03329946433126435,0.03599979720872292,0.009199966906593861,0.027999668956385008,0.019822002741644064,0.001200033163829317,0.0022841816733350315,0.0026369308178346364,0,0,0.01337935738815449,0.0039191127504712014,0.008300129926375055,0.008900036886757653,0.005099962930927963,0.004700111482720179,0.03540022630214987,0.016800626785878882,0.02281650366873054,0.009999999999999998,0.009000175467639641
ALB,0.007239762043491083,0.011000000000000001,0.027698695136417553,0.005895648655370464,0.026500326868598826,0.039701427163558053,0.02676858596372953,0.01951620693738291,0.035959106114479465,0.003399998403019818,0.0028999599186497037,0.0030000476009139376,0.004260561507234293,0.004001138513084054,1.617549563876932e-4,0.0020543060103069936,3.000032981892941e-4,0.0014000432018078295,0.0022000396746677245,0.02790025381294523,0.02715032727703064,0.04004466783480785,0.022315693164717983,0.048899514545388184,0.03269892585253936,0.04981173661315645,0.05049582574999316,0,0.011000000000000001,0.0629746263877777,0.002200041343058796,0.041904254628303085,1e-4,9.999999999999999e-5,4.5117897283168985e-5,0.0019337079648730285,0.0020856686903107688,0,2.517797974528518e-4,0,6.475483638719394e-4,0,0.0014472901390814698,2.763023844345975e-4,9.027090185333346e-5,0.0016999777047388216,0.0016999936612885137,0.0024072095997130036,6.999896371946098e-4,6e-4,7e-4,0.001699978196089832,0.0015000412524235798,0.001338244595567633,4e-4,0.0011999618302399925,0.002899976986049162,6.99996691365883e-4,0.0011634850756025352,0.035699820034865305,0.040000400638350433,0.015900264468323367,0.017199848969819707,0.029963227442398842,0.0201036807157899,8.999964675544879e-4,0.0023000273747604705,0.0026369308178346364,0,0,0.012899991176451808,0.0037922393762301514,0.006400035276479407,0.00420000944777741,0.0065999953485126875,0.004800211602891906,0.03539998993102754,0.01680055885434859,0.016000581887431232,0.009999999999999998,0.009000175467639641
ARE,0.024466791721475437,0.011000142424885407,0.024037414612879244,0.0221,0.026500029502973237,0.037529792881986615,0.02676858596372953,0.01951620693738291,0.035959106114479465,0.0034000474021014934,0.0028999807835829237,0.0029999769569325064,0.004260561507234293,0.0027000481695568395,1.617549563876932e-4,0.0020543060103069936,3.000002122092468e-4,0.0013999902666926222,0.002199953545475661,0.02789965920532879,0.0355,0.03081582651344199,0.044792798968493044,0.04890096520399059,0.032700303250682655,0.04981173661315645,0.05049582574999316,0,0.010999621209193022,0.06730114097225978,0.0022000512295081965,0.041904254628303085,1.0000121463882713e-4,1e-4,4.5117897283168985e-5,0.0019337079648730285,0.0020856686903107688,0,2.517797974528518e-4,0,6.475483638719394e-4,0,0.0014472901390814698,2.763023844345975e-4,9.027090185333346e-5,0.0016999949273891997,0.0016999923992355804,0.003869460373166747,6.999950993604665e-4,6.000021271391042e-4,7.00007825950853e-4,0.0016999978195931362,0.0014999947773588057,0.001338244595567633,4.0000788581342166e-4,0.0012000000000000001,0.002900023874895547,7.000024981056032e-4,0.0013371493858152703,0.03569993886996769,0.039999999999999994,0.019257078274595003,0.01719987496311704,0.03707790115500917,0.020082146170786467,9.000298062593144e-4,0.002299981750159686,0.0026369308178346364,0,0,0.012982218316521533,0.0036727776308568146,0.0064000361206429475,0.004200024546059388,0.006600010267994661,0.004800074680275073,0.03540011088523378,0.016800132728680455,0.01600024893425024,0.009999999999999998,0.009000175467639641
ARG,0.012202001758875106,0.016000149551578937,0.024037414612879244,0.020308046903756153,0.026500029502973237,0.030700143789403826,0.02676858596372953,0.01951620693738291,0.035959106114479465,0.0034000926395659175,0.0039000467071461935,0.00280000460858695,0.004260561507234293,0.004001138513084054,1.617549563876932e-4,0.0020543060103069936,2.3732213310069075e-4,0.004399975626104441,0.002200018249840314,0.028300888185910696,0.02715032727703064,0.03188535631211023,0.03430662805903591,0.03575225048162941,0.028185178483178298,0.04981173661315645,0.05049582574999316,0,0.011000021935115926,0.07750024333268445,0.0022000219002080517,0.041904254628303085,0.0018732525475628889,0.001127316534247428,4.5117897283168985e-5,0.0019337079648730285,0.0020856686903107688,0,2.517797974528518e-4,0,6.475483638719394e-4,0,0.0014472901390814698,2.763023844345975e-4,9.027090185333346e-5,0.001699999469926267,9.999974874434988e-4,0.0025147586162927137,6.323915107424004e-4,0.001,7.608636485118587e-4,0.0018517505678222058,0.0016000052847605123,0.001338244595567633,0.0010374158777329743,9.190909808033869e-4,0.0030397426945755163,9.278393167385746e-4,0.001332960619936527,0.04299953951662134,0.027000444872840517,0.025000317262909428,0.015799962815942176,0.027212276656171656,0.027253499310341434,8.632921740660768e-4,0.0023000365007908503,0.0011000110607233711,0,0,0.014399823157172363,0.003671587938711971,0.050000606317831806,0.004999770210028035,0.005,0.0029998942022852306,0.01800033692722372,0.016999861744780864,0.017000440833805655,0.009999999999999998,0.009000175467639641
ARM,0.024466943875104796,0.010999976451749634,0.024037414612879244,0.022099474401401593,0.026499680627794505,0.03970043800187715,0.02676858596372953,0.01951620693738291,0.036299284809238164,0.003399998403019818,0.0028999552870330194,0.002563708382379622,0.004260561507234293,0.004001138513084054,1.617549563876932e-4,0.0020543060103069936,2.9999767451501e-4,0.0014000216833508004,0.0022000435824798435,0.03020404793788886,0.02715032727703064,0.04074473817419844,0.03441385112388311,0.03575225048162941,0.032699294898382414,0.04981173661315645,0.05049582574999316,0,0.010999844018093901,0.0672997372007008,0.0022000140385357806,0.041904254628303085,9.999999999999999e-5,0.001127316534247428,4.5117897283168985e-5,0.0019337079648730285,0.0020856686903107688,0,2.517797974528518e-4,0,6.475483638719394e-4,0,0.0014472901390814698,2.763023844345975e-4,9.027090185333346e-5,0.0016999827059867361,0.0016999976338641365,0.0025384523079542984,6.999970610997364e-4,6.00002664251079e-4,7.000012082110019e-4,0.0017000619706672175,0.0015000076655372774,0.001338244595567633,4.000024321185577e-4,0.0012000055052437447,0.002899926465672839,6.999833547111063e-4,0.001556064325832084,0.035698825632217615,0.04,0.01589995533720411,0.017200078926598264,0.029963227442398842,0.021036190290884327,9.000101698362656e-4,0.002300032850312078,0.0026369308178346364,0,0,0.012920484814130904,0.0038109055962981227,0.006399824381677155,0.004199980789549515,0.006599939643899004,0.004799971146216548,0.03540069788153534,0.01477058390104064,0.016000581887431232,0.009999999999999998,0.009000175467639641
ATG,0.012202322392378968,0.016000027573180947,0.024037414612879244,0.02030807982376877,0.026500029502973237,0.030700357650286607,0.02676858596372953,0.01951620693738291,0.035959106114479465,0.0034,0.0038999046397685047,0.0027999430797417246,0.00239998704075682,0.004001138513084054,1.617549563876932e-4,0.0020543060103069936,2.3732213310069075e-4,0.0044,0.0021999830235124355,0.02829904538261269,0.03700010579771477,0.04074473817419844,0.033604854298014665,0.04200152636294256,0.03270047940727828,0.04981173661315645,0.05049582574999316,0,0.011,0.0629746263877777,0.002199925512104283,0.041904254628303085,0.0018732525475628889,0.001127316534247428,4.5117897283168985e-5,0.0019337079648730285,0.0020856686903107688,0,2.517797974528518e-4,0,6.475483638719394e-4,0,0.0014472901390814698,2.763023844345975e-4,9.027090185333346e-5,0.0017000043934249256,0.0010000055215367539,0.0035951598644224374,6.323915107424004e-4,0.001,7.608636485118587e-4,0.001699978196089832,0.0016,0.0015999999999999999,0.0010374158777329743,9.190909808033869e-4,0.002900011460004584,9.278393167385746e-4,4.4798514922653925e-4,0.042999913626225114,0.02699930682139098,0.024999885552620615,0.015799526738677315,0.029963227442398842,0.023189408945641025,8.632921740660768e-4,0.0022999665419594245,0.0010999938135400984,0,0,0.01250920059084792,0.0038161607395907275,0.05,0.004999944349839171,0.0049999673366998305,0.0030000129160585357,0.01799981750159686,0.016999910801890998,0.016999925073053774,0.009999999999999998,0.009000175467639641
AUS,0.00723991640529574,0.010999845110543933,0.024037414612879244,0.005895670888454279,0.026500513288468117,0.03970093017779347,0.02676858596372953,0.01951620693738291,0.035959106114479465,0.0033999604977286197,0.002900029174555871,0.002999968316329763,0.004260561507234293,0.003350226994182735,1.617549563876932e-4,0.0020543060103069936,2.999996059377303e-4,0.0013999991951483544,0.0021999807895495154,0.027899747543875655,0.03549952093440603,0.04286055555409874,0.04081826004349833,0.0488996242619431,0.03270001629460649,0.04981173661315645,0.05049582574999316,0,0.010999902511942286,0.0629746263877777,0.0021999254473161036,0.041904254628303085,1e-4,9.999999999999999e-5,4.5117897283168985e-5,0.0019337079648730285,0.0020856686903107688,0,2.517797974528518e-4,0,6.475483638719394e-4,0,0.0014472901390814698,2.763023844345975e-4,9.027090185333346e-5,0.001699945293197798,0.001700001664253499,0.003759723103401136,6.999887418748926e-4,6e-4,7.000103302227884e-4,0.001699960753532182,0.0014999964795426222,0.001338244595567633,4.000051901916911e-4,0.001199986475215833,0.002899959889904704,7.00005728361116e-4,0.0017331295082657387,0.03570000507755972,0.03999983464651559,0.015900074678522606,0.01719998264947604,0.02899940888817239,0.020359619517953943,9.000000000000001e-4,0.002300027374760471,0.0026369308178346364,0,0,0.012900146082002822,0.0037046426294923118,0.006400015647003599,0.004200065357951495,0.006599956695227195,0.0048,0.03540008772479478,0.01680014000700035,0.01600013183481098,0.009999999999999998,0.009000175467639641
AUT,0.00723996310412167,0.010999583424252642,0.027700637233282137,0.005895671776054501,0.026499891798312056,0.03970033676823489,0.02676858596372953,0.01951620693738291,0.035959106114479465,0.003399998403019818,0.002899966192103978,0.0029999324073135283,0.004260561507234293,0.004001138513084054,1.617549563876932e-4,0.0020543060103069936,3.000007982990907e-4,0.001400004063086185,0.002199987304408544,0.027899337239458265,0.035498951619165955,0.03578022000932818,0.029987151132060953,0.0488996563427181,0.03269963500400606,0.05,0.05049582574999316,0,0.011000758869284765,0.06730026813415131,0.0022000308451573104,0.04339955668664314,1e-4,1e-4,4.5117897283168985e-5,0.0019337079648730285,0.0020856686903107688,0,2.517797974528518e-4,0,6.475483638719394e-4,0,0.0014472901390814698,2.763023844345975e-4,9.027090185333346e-5,0.0017000055708122448,0.0017000137191049368,0.003131978592049887,7.0000408880893e-4,6.000000000000001e-4,7.000056449336721e-4,0.0016999476713762428,0.0014999975731336186,0.001338244595567633,4.000018333640167e-4,0.0012000064186912288,0.002899954159981664,7.00025439382376e-4,0.0011862947519900558,0.03570001930473263,0.03999958991183104,0.01589991098702383,0.017200064763343945,0.03055230186678813,0.020228311201587395,8.999946059658018e-4,0.0023000194098459995,0.0026369308178346364,0,0,0.01292979194928597,0.003755037158990469,0.0064000435303079774,0.0042000935352735904,0.006600019133263179,0.0048000774143603635,0.0353994801001816,0.016799737315083645,0.01599969334559951,0.01,0.009000175467639641
AZE,0.024466858094164302,0.011000033796343237,0.027700113151074932,0.02209998387688803,0.02649892933618844,0.039701427163558053,0.02676858596372953,0.01951620693738291,0.0352081255577135,0.003399998403019818,0.002899999932435582,0.002563708382379622,0.004260561507234293,0.004001138513084054,1.617549563876932e-4,0.0020543060103069936,3.000031528221396e-4,0.0013999821953173685,0.0021999328398522476,0.03020404793788886,0.02715032727703064,0.04074473817419844,0.030939492978379758,0.03575225048162941,0.03270066395522648,0.04981173661315645,0.05049582574999316,0,0.010999508668491614,0.0629746263877777,0.0021999756671262877,0.041904254628303085,9.999999999999999e-5,0.001127316534247428,4.5117897283168985e-5,0.0019337079648730285,0.0020856686903107688,0,2.517797974528518e-4,0,6.475483638719394e-4,0,0.0014472901390814698,2.763023844345975e-4,9.027090185333346e-5,0.0017000016276975875,0.0017000056177104803,0.0020605923259997493,6.999938510729877e-4,5.999905691516952e-4,7.000295159386068e-4,0.0017000071358911537,0.0014999886392038355,0.001338244595567633,3.9998739204438e-4,0.0011999856863399972,0.002899926465672839,6.999879866619479e-4,0.001255168085047321,0.03570013487409281,0.0399998854380277,0.01589999508333743,0.017200117543344107,0.029963227442398842,0.02033979776767843,9.000062904950619e-4,0.0023000365007908503,0.0026369308178346364,0,0,0.012904519739616711,0.00375415550367131,0.006400339540559181,0.0042000320179300405,0.006599876271652461,0.004800044434570095,0.03540022630214987,0.01477058390104064,0.02281650366873054,0.009999999999999998,0.009000175467639641
BEL,0.007239863968084819,0.01100009934904776,0.02769996871415163,0.005895663861084263,0.026499560246262092,0.03969940955448202,0.02676858596372953,0.01951620693738291,0.035959106114479465,0.003399998403019818,0.0029000136920969036,0.002563708382379622,0.004260561507234293,0.004001138513084054,1.617549563876932e-4,0.0020543060103069936,3.000010549130955e-4,0.0014000101038167167,0.0022000579374275783,0.02790003893322951,0.03550063410560178,0.03237436934306262,0.03448568037181152,0.0489013261954009,0.03269964868523109,0.04981173661315645,0.06080227762163741,0,0.011000051802735184,0.0629746263877777,0.0022000208572322453,0.041904254628303085,1.0000292000642401e-4,9.999999999999999e-5,4.5117897283168985e-5,0.0019337079648730285,0.0020856686903107688,0,2.517797974528518e-4,0,6.475483638719394e-4,0,0.0014472901390814698,2.763023844345975e-4,9.027090185333346e-5,0.0016999586367798035,0.0017000202142712756,0.003357388161914981,7.000244741282702e-4,5.999898987348165e-4,7.000091824553885e-4,0.0017000274736057145,0.0015000092433401734,0.001399990718396139,4.0000934101112553e-4,0.0011999876072745297,0.0028999150622876554,6.999924853195351e-4,0.0014293319902807175,0.03569982222434809,0.03999937797406152,0.015899972708538632,0.017199931688499558,0.03807279010640243,0.020559608687075508,9.000170744200795e-4,0.0023000074730478628,0.0026369308178346364,0,0,0.012902830072051463,0.003705353305800681,0.006400017005115706,0.0041999809481472064,0.006600042983021706,0.004799852380366589,0.0353993348019524,0.01679982303168839,0.01599965950409203,0.01,0.009000175467639641
BEN,0.01786433508878853,0.01160017063512203,0.024037414612879244,0.015496644356087708,0.026500029502973237,0.039701427163558053,0.029020034746196854,0.021212930822423263,0.035959106114479465,0.0033999785769953865,0.003449962859557901,0.0038499842632975134,0.004336763160106187,0.004176038253785531,1.617549563876932e-4,0.0020543060103069936,9.999855158528991e-5,0.0014000417144644907,0.0033627601698822205,0.03773165967563718,0.02715032727703064,0.019967526062000186,0.04528786576062034,0.03575225048162941,0.02520018867712627,0.04981173661315645,0.05049582574999316,0,0.0038597029985303474,0.07750223653605295,0.002200018249840314,0.07121858570288199,0.0018732525475628889,0.001127316534247428,4.5117897283168985e-5,0.0019337079648730285,0.0020856686903107688,0,2.517797974528518e-4,0,6.475483638719394e-4,0,0.0014472901390814698,2.763023844345975e-4,9.027090185333346e-5,0.0070000684134911405,0.002585365853658537,0.005057329510401553,8.000305530094715e-4,0.001,7.000103302227885e-4,0.0018517505678222058,0.0020000324044069993,0.001338244595567633,5e-4,0.0011150128619820186,0.002,6.999894880689583e-4,0.0017216272201382497,0.03600032491267972,0.033300463412005606,0.03600100857286939,0.009199983335879241,0.028099098902329107,0.021855227262667774,8.632921740660768e-4,0.002400007300069351,0.0026369308178346364,0,0,0.01290002610284521,0.004045025144522254,0.008299909285297738,0.008900018867600898,0.00509974447482853,0.004699959409739045,0.03539934730333219,0.01477058390104064,0.02281650366873054,0.009999999999999998,0.009000175467639641
BFA,0.017864122871908417,0.011599975761723483,0.024037414612879244,0.01549659381512951,0.026500029502973237,0.037529792881986615,0.029019996310895836,0.021212706946695317,0.0363013698630137,0.003400098384848733,0.003450068133151645,0.003850013831614568,0.004336780626565089,0.004001138513084054,1.617549563876932e-4,0.0020543060103069936,9.999840842896022e-5,0.001399997079993576,0.0033627601698822205,0.03020404793788886,0.035500237252253895,0.0427445222328471,0.011764321019229513,0.047301113656951034,0.025200096528978803,0.04981173661315645,0.05049582574999316,0,0.003859479188601109,0.07749990965270499,0.0022000219002080517,0.041904254628303085,0.0018732525475628889,0.001127316534247428,4.5117897283168985e-5,0.0019337079648730285,0.0020856686903107688,0,2.517797974528518e-4,0,6.475483638719394e-4,0,0.0014472901390814698,2.763023844345975e-4,9.027090185333346e-5,0.006999999999999999,0.001555131120709311,0.004486165424034196,7.99979243781783e-4,0.001,7.000021931267409e-4,0.0018517505678222058,0.0020000227025063566,0.0011999964235260457,4.999999999999999e-4,0.0011149425287356322,0.0019999680674415636,6.99998605163684e-4,0.0011151361318169262,0.036000163592491106,0.03329947119398831,0.03599861643559219,0.00919999041043345,0.028055444833839774,0.024237189048685753,0.0012000000000000001,0.0022841816733350315,0.0026369308178346364,0,0,0.01290002630479521,0.003945204654409925,0.008300004409559926,0.006001091211381903,0.005099935107073329,0.004700036422290442,0.03540022630214987,0.01477058390104064,0.02281650366873054,0.009999999999999998,0.009000175467639641
BGD,0.02446778551420913,0.005000089865022736,0.024037414612879244,0.02209992700137886,0.026500029502973237,0.037529792881986615,0.01762818733149481,0.01951620693738291,0.035959106114479465,0.003399959444975522,0.002899965654535509,0.001999971032125373,0.004260561507234293,0.004001138513084054,3.0000749878144803e-4,0.00029999800546502583,3.0000066727611216e-4,0.0014000156992032655,0.0033627601698822205,0.02700019466614756,0.035499329592292794,0.03799022191218097,0.04513557837964907,0.028999343832020994,0.0327002627992992,0.04981173661315645,0.05049582574999316,0,0.011000070192678903,0.0629746263877777,0.002199986794664325,0.041904254628303085,9.999999999999999e-5,1e-4,4.5117897283168985e-5,0.0019337079648730285,0.0020856686903107688,0,2.517797974528518e-4,0,6.475483638719394e-4,0,0.0014472901390814698,2.763023844345975e-4,9.027090185333346e-5,0.0016999947223981422,0.001700017804858748,0.004034212446359802,7.000162946064853e-4,8.500031344032097e-4,8.000037225924134e-4,0.0017000706454904627,0.001499963751480148,0.001338244595567633,3.9999573105656353e-4,0.0012,0.0030397426945755163,6.999971741833391e-4,9.81909636665701e-4,0.03569893538004457,0.03329953660151214,0.019257078274595003,0.013600316877918612,0.02402396832769097,0.020577385661655997,9.000187230855644e-4,0.0022841816733350315,0.0026369308178346364,0,0,0.013441733678615238,0.0031835934391059124,0.0064501328058485545,0.00420000944777741,0.006600088378258948,0.004799991536272363,0.03539937856420879,0.01477058390104064,0.02281650366873054,0.009999999999999998,0.009000175467639641
BGR,0.0072400545740396146,0.01099981962290577,0.027700479407278277,0.005895697594385633,0.02649963950973324,0.03970000347620538,0.02676858596372953,0.01951620693738291,0.035959106114479465,0.003399998403019818,0.0028999490934722167,0.0030000921743939535,0.004260561507234293,0.004001138513084054,1.617549563876932e-4,0.0020543060103069936,2.9999733883494196e-4,0.0013999924742714154,0.0021999465859521053,0.02789993768361079,0.03549900928146835,0.0318356663107558,0.029342443067354017,0.04889953462907199,0.03269922655774746,0.0499983514128392,0.05049582574999316,0,0.011000021935115926,0.06729932779754844,0.002199987267364132,0.041904254628303085,1.0000000000000002e-4,1e-4,4.5117897283168985e-5,0.0019337079648730285,0.0020856686903107688,0,2.517797974528518e-4,0,6.475483638719394e-4,0,0.0014472901390814698,2.763023844345975e-4,9.027090185333346e-5,0.0016999927512196622,0.0017000152194737643,0.0024180838652061694,7.000054837875738e-4,6.000064981480279e-4,6.999874786092908e-4,0.001699960753532182,0.001499992416083969,0.0013999945745056018,4.000026637542953e-4,0.0012000099863519857,0.0028999933150611673,6.999965511889775e-4,0.0014998457343685808,0.035699509598275635,0.03999902441403868,0.01589994104948021,0.01719999020176205,0.017649314956871043,0.021181725249379734,9.000292525961679e-4,0.00229999668181969,0.0026369308178346364,0,0,0.012919717841148728,0.0037989662339478632,0.006400069577317795,0.004199962725617536,0.006600111669458402,0.004799888915337619,0.03540003893322951,0.016800626785878882,0.01600029387995004,0.01,0.009000175467639641
BHS,0.007239883317615453,0.01099997233537821,0.027699868728588352,0.005895743994763616,0.026499902666926218,0.03969964819700967,0.02676858596372953,0.01951620693738291,0.035959106114479465,0.0034000206916173083,0.0028999314834466535,0.002999960083027303,0.004260561507234293,0.004001138513084054,1.617549563876932e-4,0.0020543060103069936,3.000041793895305e-4,0.001400008328862694,0.0022000208572322453,0.02790031115366204,0.03549980533385244,0.04074473817419844,0.033604854298014665,0.04890044712108769,0.03269944134078212,0.049998648191956735,0.05049582574999316,0,0.011000323324189864,0.0629746263877777,0.002200018249840314,0.043399625643425366,9.999999999999999e-5,0.001127316534247428,4.5117897283168985e-5,0.0019337079648730285,0.0020856686903107688,0,2.517797974528518e-4,0,6.475483638719394e-4,0,0.0014472901390814698,2.763023844345975e-4,9.027090185333346e-5,0.0016999628024269447,0.0016999806474800256,0.003180950087340612,6.999733492789748e-4,5.999941628725338e-4,7.000059684648023e-4,0.0018517505678222058,0.0015000081773599277,0.0013999961004523475,4.0000634175730096e-4,0.0012,0.0028999278036258625,6.999985686271703e-4,0.001394221187474355,0.035699822484052825,0.03999963796318085,0.015899937428969106,0.01720037057282459,0.029963227442398842,0.020215704778596206,9.00002614310737e-4,0.002299971103980047,0.0026369308178346364,0,0,0.013014386064402916,0.004209404555747968,0.0063997236478484,0.004199933374049192,0.006600017089635136,0.00479994962005122,0.03539994669351734,0.016800132728680455,0.016000485319097302,0.01,0.009000175467639641
BIH,0.007239989208612682,0.010999903947747575,0.027699673860245647,0.005895712596236919,0.026500513288468117,0.039700177286474084,0.02676858596372953,0.01951620693738291,0.03433297944176207,0.003399998403019818,0.0029000192668602867,0.0029999746527425734,0.004260561507234293,0.004001138513084054,1.617549563876932e-4,0.0020543060103069936,3.000025085919273e-4,0.0014000015208315906,0.0021999830235124355,0.02790007615079608,0.035500943989930776,0.0291379550400659,0.031158172811026296,0.04889940035010615,0.03269877621126458,0.04981173661315645,0.05049582574999316,0,0.010999957884688275,0.0629746263877777,0.0022000208572322453,0.043399625643425366,9.999999999999999e-5,0.001127316534247428,4.5117897283168985e-5,0.0019337079648730285,0.0020856686903107688,0,2.517797974528518e-4,0,6.475483638719394e-4,0,0.0014472901390814698,2.763023844345975e-4,9.027090185333346e-5,0.0017000396110037751,0.0017000093469089128,0.002589412486003422,7.000173315616625e-4,6e-4,7.000038259938018e-4,0.0018517505678222058,0.0015000159841437293,0.001338244595567633,4.000009296401828e-4,0.0012000057254913188,0.0028999933150611673,7.000021365847405e-4,0.0012048428336313458,0.03570000067336893,0.03999932840832773,0.015899834927756994,0.01719981736709618,0.029963227442398842,0.020428771189704518,9.00005636660842e-4,0.002300057937427578,0.0026369308178346364,0,0,0.012899805413467252,0.003759884542388541,0.006399966382317099,0.004199962725617536,0.00659977367031309,0.004799954222934309,0.035398934228775825,0.01680040221216692,0.016000141063619692,0.009999999999999998,0.009000175467639641
BLR,0.007239900316900697,0.011000050171838548,0.02770026383515968,0.005895725022473056,0.026499506023796766,0.0396998437443221,0.02676858596372953,0.01951620693738291,0.03429052654658616,0.003399998403019818,0.002900084496029527,0.002563708382379622,0.004260561507234293,0.004001138513084054,1.617549563876932e-4,0.0020543060103069936,2.999996829761355e-4,0.0014000048993189945,0.0022000208572322453,0.03020404793788886,0.02715032727703064,0.04074473817419844,0.03424419625374539,0.04889934148635936,0.03269938650306748,0.04981173661315645,0.05049582574999316,0,0.010999780653652116,0.0629746263877777,0.002200051708667285,0.041904254628303085,1e-4,0.001127316534247428,4.5117897283168985e-5,0.0019337079648730285,0.0020856686903107688,0,2.517797974528518e-4,0,6.475483638719394e-4,0,0.0014472901390814698,2.763023844345975e-4,9.027090185333346e-5,0.001699986893983246,0.0017000039017762262,0.002676019511043956,7.000137979066605e-4,6e-4,7.000116726975604e-4,0.0017000706454904627,0.0015000275512453162,0.001400016846361186,4.000030738433223e-4,0.0012000425170068027,0.0029000461263862984,6.999909690237515e-4,0.001127797249320812,0.03569829546456082,0.04000084256645743,0.01590004051343366,0.017199906079955137,0.02512101178499569,0.02047909653103726,8.999757418937494e-4,0.002300011774402449,0.0026369308178346364,0,0,0.01292544474845345,0.003698354831506686,0.006399949323101426,0.004200124386704443,0.006600055377556268,0.0048,0.035399464676778326,0.016800132728680455,0.01600031739314431,0.009999999999999998,0.009000175467639641
BLZ,0.012202217221598186,0.016000172327959254,0.024037414612879244,0.015199779622603708,0.026500029502973237,0.030700237428682806,0.02676858596372953,0.016700125143393474,0.035959106114479465,0.0033999739289128357,0.003900019704580013,0.0027999446979123464,0.0024000058540297677,0.004001138513084054,1.617549563876932e-4,0.0020543060103069936,2.3732213310069075e-4,0.00439990184952305,0.0021999807895495154,0.028299826975364584,0.036999935683046055,0.04074473817419844,0.04438138247944793,0.042000786163522014,0.032699768834574774,0.049998648191956735,0.05049582574999316,0,0.011000134126168017,0.07750118626126948,0.002200021900208052,0.041904254628303085,0.0018732525475628889,0.001127316534247428,4.5117897283168985e-5,0.0019337079648730285,0.0020856686903107688,0,2.517797974528518e-4,0,6.475483638719394e-4,0,0.0014472901390814698,2.763023844345975e-4,9.027090185333346e-5,0.0017000453636653843,0.0010000288914356146,0.0025659241927322384,6.323915107424004e-4,0.0014897908581860168,7.608636485118587e-4,0.0018517505678222058,0.0015999861742391512,0.0016000031024346357,0.0010374158777329743,9.190909808033869e-4,0.0028999278036258625,9.278393167385746e-4,0.001157269597464229,0.04300042915823677,0.027000787802956578,0.02500009019051845,0.015800011881527964,0.029963227442398842,0.023189408945641025,8.632921740660768e-4,0.002299971103980047,0.00109997540580423,0,0,0.014400184602959418,0.0037160108323959565,0.05,0.005000114351057747,0.004999944665168937,0.003000087199162888,0.01799954196725066,0.017000122895416,0.016999297807599283,0.009999999999999998,0.009000175467639641
BOL,0.012202161300594818,0.015999565509231536,0.021300142351352337,0.020307900827872268,0.026500346753294157,0.030700282220131703,0.02676858596372953,0.01951620693738291,0.03149378213356697,0.003400085900079621,0.0038999707999917417,0.0028000887156820814,0.004260561507234293,0.00270001924187031,1.617549563876932e-4,0.0020543060103069936,2.3732213310069075e-4,0.004400057937427578,0.0022000208572322453,0.028300254057712148,0.03699946772108585,0.03187729597848538,0.007169206661845067,0.04200094900901558,0.032699768834574774,0.04981173661315645,0.05049582574999316,0,0.010999936187862932,0.0629746263877777,0.0021999708000778662,0.041904254628303085,0.0018732525475628889,0.001127316534247428,4.5117897283168985e-5,0.0019337079648730285,0.0020856686903107688,0,2.517797974528518e-4,0,6.475483638719394e-4,0,0.0014472901390814698,2.763023844345975e-4,9.027090185333346e-5,0.0016999884275804794,0.0010000284632681524,0.006724032156843588,6.323915107424004e-4,0.001,7.608636485118587e-4,0.001699960753532182,0.001600023160210758,0.0016000017954852525,0.0010374158777329743,9.190909808033869e-4,0.0030397426945755163,9.278393167385746e-4,0.0015065237596951137,0.043000474676342264,0.027000078102626852,0.025,0.015799501500392263,4.063780397421375e-4,0.028872528392517145,8.632921740660768e-4,0.002299980533385244,0.0010999906009148443,0,0,0.014400395294993307,0.0038514614285115206,0.049999999999999996,0.006001091211381903,0.005,0.002999987201965778,0.029626189132487393,0.01477058390104064,0.01700010579771477,0.009999999999999998,0.009000175467639641
BRA,0.012201893538455173,0.015999743559606365,0.024037414612879244,0.020307777206426448,0.0265005931198102,0.030699372107675933,0.02676858596372953,0.01951620693738291,0.030470167687275066,0.003399988509466083,0.0038999217584843936,0.0028000174809894246,0.0023999707302795256,0.004001138513084054,9.999999999999999e-5,0.005900061839187946,2.3732213310069075e-4,0.004400019729703068,0.002200021900208052,0.028300857972691766,0.036999369545741116,0.03372324182862297,0.05356370007871485,0.04199996137579421,0.0327010883992567,0.05000168981716178,0.05049582574999316,0,0.011000057024660573,0.07749977187699607,0.0021999689368641766,0.041904254628303085,0.0018732525475628889,0.001127316534247428,4.5117897283168985e-5,0.0019337079648730285,0.0020856686903107688,0,2.517797974528518e-4,0,6.475483638719394e-4,0,0.0014472901390814698,2.763023844345975e-4,9.027090185333346e-5,0.001699958203910791,9.999777545436344e-4,0.00229529077204086,6.323915107424004e-4,0.001,7.608636485118587e-4,0.0018517505678222058,0.0015999955960393712,0.001338244595567633,0.0010374158777329743,9.190909808033869e-4,0.0030397426945755163,9.278393167385746e-4,9.662695786411938e-4,0.04300051242085075,0.026999536607970342,0.02500022816672599,0.015799781632488324,0.02798196299687601,0.029323547408210363,8.632921740660768e-4,0.0022841816733350315,0.0011000050171838549,0,0,0.014380035630407764,0.003669412722405992,0.05,0.004999876856389922,0.004999935558706019,0.002999986992208333,0.01799981161399708,0.017000096779991425,0.016999832952837017,0.009999999999999998,0.009000175467639641
BRB,0.007239899652562744,0.011000024245149316,0.027700113151074932,0.005895653809605662,0.026500346753294157,0.03969896519285042,0.02676858596372953,0.01951620693738291,0.03630055236350515,0.0034001086296686794,0.0028999828422183105,0.0029999999999999996,0.0024000471586889884,0.004001138513084054,1.617549563876932e-4,0.0020543060103069936,2.9999771696664776e-4,0.001399996839843256,0.002199953545475661,0.027900135051282988,0.035499197633806365,0.04306822237054016,0.03385420763144211,0.04889951454538818,0.032701014284210156,0.04999831023994592,0.06080227762163741,0,0.011000331756037087,0.06730107414746063,0.002199972625239529,0.041904254628303085,9.999932904368596e-5,0.001127316534247428,4.5117897283168985e-5,0.0019337079648730285,0.0020856686903107688,0,2.517797974528518e-4,0,6.475483638719394e-4,0,0.0014472901390814698,2.763023844345975e-4,9.027090185333346e-5,0.0017000235599010482,0.0017000045058940562,0.0033269689309306312,7.000034082001294e-4,5.999852120226256e-4,7.000011551746046e-4,0.0017000245078016502,0.0014999947399981066,0.0013999902966005757,3.999919437674971e-4,0.0012000000000000001,0.0029,6.99987603818024e-4,0.002079832235818237,0.035700135053103633,0.04000074542495435,0.015900154505167133,0.017200091358543064,0.029963227442398842,0.020431343647541633,8.632921740660768e-4,0.0022999620781190746,0.0026369308178346364,0,0,0.012899971599510856,0.004219551137114671,0.006400024252468195,0.004200010613457864,0.006600073436143936,0.004799950817656461,0.035399529042386184,0.016800132728680455,0.015999669394164806,0.009999999999999998,0.009000175467639641
BWA,0.01786363231663045,0.01160011765570998,0.024037414612879244,0.012312091950000548,0.026500718046912397,0.03969931346137134,0.02901905822502879,0.0212137090091553,0.035985713439722386,0.0033999379267535693,0.003450009309253398,0.003850043893814063,0.004260561507234293,0.004001805872476428,1.617549563876932e-4,0.0020543060103069936,9.999943212793022e-5,0.0014000123132129573,0.002200018249840314,0.03773179799532166,0.03549958937859293,0.02035996094701125,0.031147116249791062,0.0472990236335432,0.025199835751437173,0.04981173661315645,0.05049582574999316,0,0.0038594791886011085,0.0629746263877777,0.0021999416015767576,0.041904254628303085,0.0018732525475628889,0.001127316534247428,4.5117897283168985e-5,0.0019337079648730285,0.0020856686903107688,0,2.517797974528518e-4,0,6.475483638719394e-4,0,0.0014472901390814698,2.763023844345975e-4,9.027090185333346e-5,0.007000016858573428,0.002585303853513415,0.004123462250302927,8.000206696982224e-4,0.001,7.000038259938019e-4,0.0017000063303158827,0.0019999647955501578,0.001338244595567633,5e-4,0.0011150228341626337,0.002,6.99970405445398e-4,8.820352694250105e-4,0.035999839865487014,0.03329975348440315,0.03600150460786158,0.009199950841833601,0.02774522759386066,0.02060372324167269,0.0012000179509042768,0.002399990875079843,0.0026369308178346364,0,0,0.012900040728748067,0.003904676818613273,0.008299678341672622,0.00889996157909903,0.005100100243448375,0.004699992443134588,0.0353992152568665,0.01477058390104064,0.02281650366873054,0.009999999999999998,0.009000175467639641
CAF,0.017864122144614615,0.01159970496355432,0.024037414612879244,0.01231206397822018,0.026500029502973237,0.037529792881986615,0.02902016998318227,0.02121326245835955,0.035959106114479465,0.0033999237331899927,0.0034500598981731054,0.002563708382379622,0.0043368147505163865,0.004175987587517197,1.617549563876932e-4,0.0020543060103069936,1.0000068738443349e-4,0.0014000073000693504,0.002200050200803213,0.03020404793788886,0.03549926131919701,0.019966321866730814,0.033604854298014665,0.03575225048162941,0.028185178483178298,0.04981173661315645,0.05049582574999316,0,0.026825789186188845,0.07749941931844576,0.002199986794664325,0.07121954527729268,0.0018732525475628889,0.001127316534247428,4.5117897283168985e-5,0.0019337079648730285,0.0020856686903107688,0,2.517797974528518e-4,0,6.475483638719394e-4,0,0.0014472901390814698,2.763023844345975e-4,9.027090185333346e-5,0.007000236127508854,0.001555131120709311,0.0031999021495872737,8.000016053812379e-4,0.001,6.999863630165007e-4,0.0018517505678222058,0.0019999909330359372,0.0012000029671829565,0.0010374158777329743,0.001115001403311816,0.0030397426945755163,9.278393167385746e-4,0.0024160806283202367,0.03599946787627474,0.03329958895860787,0.03599965583503026,0.009200300200133422,0.029348734230094407,0.020071502904640832,8.632921740660768e-4,0.0022841816733350315,0.0026369308178346364,0,0,0.012992319558688056,0.003899987402284828,0.00829997216929631,0.006001091211381903,0.005099946249099926,0.004700013753557411,0.029626189132487393,0.01477058390104064,0.02281650366873054,0.009999999999999998,0.009000175467639641
CAN,0.007239590467172595,0.010999853849930111,0.027700142524420344,0.005895726865496759,0.02650015642924184,0.039700177286474084,0.02676858596372953,0.01951620693738291,0.036208022238273276,0.0034000086904882607,0.002900003291224292,0.002999966648879402,0.004260561507234293,0.002699990836616879,1.617549563876932e-4,0.0020543060103069936,2.9999538518171113e-4,0.0014000127976793542,0.0021999560246262094,0.027900051168343848,0.03549931152055603,0.03252030657777846,0.03655263581597989,0.0489005608475029,0.03270031112368177,0.04981173661315645,0.06080227762163741,0,0.010999834190018239,0.06730001013890298,0.0022,0.04340040555295586,1.0000248299150817e-4,9.999999999999999e-5,4.5117897283168985e-5,0.0019337079648730285,0.0020856686903107688,0,2.517797974528518e-4,0,6.475483638719394e-4,0,0.0014472901390814698,2.763023844345975e-4,9.027090185333346e-5,0.0017000030357535879,0.0016999891294349817,0.003236955275467741,6.999969322185487e-4,6.000032590275063e-4,7.000178880209885e-4,0.0017000063303158827,0.0015000118897581624,0.001338244595567633,4.000076519876038e-4,0.0011999936383733322,0.002899934220025991,7.000161368404067e-4,0.001429944393417877,0.03570099362969118,0.03999953192286089,0.015899931063203046,0.017200654109381625,0.028229401210654072,0.020549992784645726,9e-4,0.0022999893250999744,0.0026369308178346364,0,0,0.012899838141153393,0.0037000133955882946,0.0063998922123416875,0.0042000600330181605,0.0066000327037854635,0.0048,0.03539989264626946,0.016800132728680455,0.016000129813231213,0.009999999999999998,0.009000175467639641
CHE,0.0072397602903470516,0.01099964628942556,0.027699170872386446,0.005895820499897333,0.026500297409830748,0.03969925669638614,0.025212439899481427,0.01951620693738291,0.03459466040596966,0.003399998403019818,0.0028999495265638314,0.003000056328507858,0.004260561507234293,0.004443079151055695,1.617549563876932e-4,0.0020543060103069936,2.9999979540353585e-4,0.0014000527078666491,0.0021999949655137695,0.027900661381455034,0.03550139963774082,0.03209141840303523,0.029746954196023547,0.04889937106918239,0.032699261522790936,0.04981173661315645,0.05049582574999316,0,0.010999514848725704,0.06730001013890298,0.002199963038255406,0.043399625643425366,1e-4,9.999999999999999e-5,4.5117897283168985e-5,0.0019337079648730285,0.0020856686903107688,0,2.517797974528518e-4,0,6.475483638719394e-4,0,0.0014472901390814698,2.763023844345975e-4,9.027090185333346e-5,0.0016999265779552373,0.001699981975486662,0.0032200067564891427,7.000057184346738e-4,5.999924951687649e-4,6.999900551936751e-4,0.0017000274736057145,0.0014999798374320955,0.001338244595567633,3.9999999999999996e-4,0.001199996567466447,0.002899941377927247,6.999985961562758e-4,0.0013505517394620482,0.03570039085179355,0.040000605748553776,0.015900076985468994,0.017199990091967772,0.028558410816633503,0.020586666599370283,9.000051650224679e-4,0.0022999622679285093,0.0026369308178346364,0,0,0.012899831124643322,0.003701183763286203,0.006399897839608184,0.0041999687269640585,0.006599935661082378,0.004799858037366593,0.03540002939591397,0.016800132728680455,0.015999771252108767,0.009999999999999998,0.009000175467639641
CHL,0.012201905498026336,0.016000035784256718,0.021300253914515448,0.020307819308794176,0.02649995067574233,0.030699760141829176,0.02676858596372953,0.01951620693738291,0.04480768307516088,0.0033999608925196077,0.0038999790479080417,0.0028000779929806315,0.004260561507234293,0.004001138513084054,1.617549563876932e-4,0.0020543060103069936,2.3732213310069075e-4,0.004400044785310419,0.0022000208572322453,0.028300605511855585,0.03699921786738507,0.04173229544245901,0.03369654949604568,0.042000437998832005,0.03269997943656179,0.04981173661315645,0.05049582574999316,0,0.01099992023610114,0.07749977187699607,0.0021999949655137695,0.041904254628303085,0.0018732525475628889,0.001127316534247428,4.5117897283168985e-5,0.0019337079648730285,0.0020856686903107688,0,2.517797974528518e-4,0,6.475483638719394e-4,0,0.0014472901390814698,2.763023844345975e-4,9.027090185333346e-5,0.0017000132688050394,0.0010000139739943965,0.003911986916610947,6.323915107424004e-4,0.0010000369392165192,7.608636485118587e-4,0.0017000706454904627,0.0016000068369056166,0.001338244595567633,0.0010374158777329743,9.190909808033869e-4,0.0030397426945755163,9.278393167385746e-4,0.0016268862916767237,0.043001563043287526,0.026999536607970342,0.024999938161823086,0.015799929863424093,0.0936620402915166,0.03814050353300431,8.632921740660768e-4,0.0023000365007908503,0.0011000281542854844,0,0,0.014402142289467677,0.0036680786260187828,0.05000106105298899,0.004999892317963517,0.0050000629984754364,0.0030000264494286924,0.017999666286604186,0.016999999999999998,0.017000339097999324,0.01,0.009000175467639641
CHN,0.016486876725808706,0.01540010658883931,0.023800322061191627,0.012952011662151715,0.026500346753294157,0.022100076318147126,0.025659081417769212,0.005985843213590515,0.03495247308267508,0.003399976255490918,0.0036999430923297435,0.0021999360496017923,0.004260561507234293,0.00488089697400016,1e-4,2.9999293552489053e-4,5.999847234952643e-4,0.0014000066363606197,0.0066999547399004275,0.021799416011030904,0.023500796389700027,0.03288328564549421,0.013644956460833777,0.03340037431213162,0.025000635889609563,0.04981173661315645,0.05049582574999316,0,0.009200025524311907,0.04210020439945494,0.002199986794664325,0.041904254628303085,0.010900006488871586,0.004800077425063599,0.0010999854000389333,0.0054000663643402275,0.007399810205124462,0,7.9999668181969e-4,0,0.0017000107353730542,0,0.00569988137603796,0.0022000208572322453,6.999726252395291e-4,0.0013999872753042081,0.0022999922977112353,0.003698719911073125,0.0010000137025719727,0.006499681209581928,9.999999999999998e-4,0.0021000111339976616,0.0017999536890131473,0.001338244595567633,0.0019000054893780535,0.0013999732459367266,0.004400026739755331,0.001799970981373669,0.003074993480810775,0.047299250535331905,0.10419947085705122,0.020600033628786242,0.01329986178635615,0.0350643211094166,0.021197548964453087,0.001100018907165816,9.000255502427273e-4,0.00789989178481686,0,0,0.011765551378277254,0.004106254011618309,0.01069985249524311,0.008100053519619165,0.010199975254415539,0.008500058775126365,0.025399941766149493,0.013399330921007717,0.02469975118042358,0.01,0.009000183781889362
CIV,0.017864214612312447,0.011599792624210426,0.024037414612879244,0.01549642618194344,0.026500029502973237,0.039699485962831155,0.029020247954186888,0.021212981319489864,0.036298913043478265,0.003400015757677017,0.0034499793397915614,0.0038499155102667826,0.004336837568002631,0.004155224757150503,2.9999769569325066e-4,0.0020543060103069936,9.999817134497577e-5,0.0014,0.002200018249840314,0.037732200664827166,0.03550066918116559,0.020068183626122338,0.04396248008865096,0.0472999361255589,0.025199934715195035,0.04981173661315645,0.05049582574999316,0,0.0038596526015228427,0.07750026071540306,0.0022000219002080517,0.07122133832475433,0.0018732525475628889,0.001127316534247428,4.5117897283168985e-5,0.0019337079648730285,0.0020856686903107688,0,2.517797974528518e-4,0,6.475483638719394e-4,0,0.0014472901390814698,2.763023844345975e-4,9.027090185333346e-5,0.007000007913458418,0.001555131120709311,0.0039676897680995665,7.999999999999999e-4,0.0014897908581860168,7.000167869733087e-4,0.0016999848208864602,0.0020000463392029657,0.00120000135040242,5e-4,0.0011150031304577059,0.002,7.000031762501191e-4,0.0025268615133124013,0.03600055374818301,0.03330039525691699,0.03600094726870856,0.009199910497378852,0.028549043407486988,0.01954028961732015,8.632921740660768e-4,0.002400007300069351,0.0026369308178346364,0,0,0.012899985738501275,0.003926096670891668,0.008300032647730982,0.008900046571195716,0.005099997667692881,0.00469996170233137,0.03539872105585891,0.01477058390104064,0.02281650366873054,0.009999999999999998,0.009000175467639641
CMR,0.0178640571213098,0.01159993581677378,0.027699034293970044,0.0123121390510684,0.026500029502973237,0.037529792881986615,0.02901977768153602,0.021213075617683434,0.035959106114479465,0.003399982171962964,0.003449997880367968,0.0038500081900769865,0.004336824795752343,0.004171795685004272,3.0000318288878985e-4,0.0020543060103069936,9.999895515162492e-5,0.0014000066363606197,0.0022000182498403136,0.03773055153153422,0.03549894152857873,0.04312027959749265,0.01372023863563136,0.047300741981809474,0.025199849887672796,0.04981173661315645,0.05049582574999316,0,0.026825789186188845,0.077494662902004,0.0022000219002080517,0.07121799585533793,0.0018732525475628889,0.001127316534247428,4.5117897283168985e-5,0.0019337079648730285,0.0020856686903107688,0,2.517797974528518e-4,0,6.475483638719394e-4,0,0.0014472901390814698,2.763023844345975e-4,9.027090185333346e-5,0.007000017337410891,0.0025853425638577227,0.002631820127000634,8e-4,0.0014897908581860168,6.999517939535845e-4,0.0016999941129143038,0.00200001801122614,0.001200005386460153,5e-4,0.0011149662823580595,0.002,6.999894880689583e-4,0.0027601579425305155,0.03599981066433153,0.033298909013875645,0.035999414691249634,0.00919985442445669,0.027993183527013143,0.021706379707916987,8.632921740660768e-4,0.002400007300069351,0.0026369308178346364,0,0,0.012899941985835788,0.0038383201523159143,0.008299955075307971,0.008899927274723163,0.005099983440967047,0.004699936440243577,0.03539877756056519,0.01477058390104064,0.02281650366873054,0.009999999999999998,0.009000175467639641
COG,0.017864284911807658,0.011600054648440673,0.027700325487761284,0.012312157650088385,0.026500029502973237,0.039700177286474084,0.02676858596372953,0.01951620693738291,0.035959106114479465,0.0033999303067245535,0.003449859483172253,0.0038498965708125745,0.004336790055628047,0.004194404833207664,2.999831280580395e-4,0.0020543060103069936,1.000008105107028e-4,0.0014000068437681789,0.0033627601698822205,0.03773113873489205,0.03549919484702093,0.04074473817419844,0.033604854298014665,0.03575225048162941,0.025199864048115143,0.04981173661315645,0.05049582574999316,0,0.00385969868173258,0.07750026071540306,0.002199986794664325,0.07121847462777271,0.0018732525475628889,0.001127316534247428,4.5117897283168985e-5,0.0019337079648730285,0.0020856686903107688,0,2.517797974528518e-4,0,6.475483638719394e-4,0,0.0014472901390814698,2.763023844345975e-4,9.027090185333346e-5,0.007000011575815805,0.0025852952026999333,0.003297925044110583,7.999916793210326e-4,9.999999999999998e-4,7e-4,0.0017000274736057145,0.0019999941804807507,0.0011999935714056122,5.000072420735505e-4,0.0011149672951135052,0.0030397426945755163,6.999974235436581e-4,0.0017576504351643188,0.03599875096079939,0.033300122801733126,0.036000274235568355,0.009200051626226122,0.027999908424692646,0.018972071247395063,8.632921740660768e-4,0.002399990266692622,0.0026369308178346364,0,0,0.012899869960988297,0.004048312954162642,0.008299979764199673,0.008900016379249831,0.005099982815453595,0.004699989204361438,0.035400127748882196,0.01679982303168839,0.015999899241794503,0.009999999999999998,0.009000175467639641
COL,0.012201994028297762,0.015999529032094055,0.021299675884019036,0.020307358719902874,0.026500029502973237,0.030698851469729414,0.02676858596372953,0.01951620693738291,0.04800016425755585,0.003399944154521125,0.0039000858509464047,0.002563708382379622,0.0024000261583232516,0.0026993511533115813,1.617549563876932e-4,0.005900024069295196,2.3732213310069075e-4,0.004399873657612128,0.002200018249840314,0.028299794351669415,0.036998734670040875,0.03565604128898317,0.036327829294302345,0.04199898141074612,0.0327002466898253,0.04981173661315645,0.05049582574999316,0,0.011000093176382892,0.0629746263877777,0.002200018249840314,0.041904254628303085,0.0018732525475628889,0.001127316534247428,4.5117897283168985e-5,0.0019337079648730285,0.0020856686903107688,0,2.517797974528518e-4,0,6.475483638719394e-4,0,0.0014472901390814698,2.763023844345975e-4,9.027090185333346e-5,0.0017000043974729187,0.0010000175958755266,0.0033010172019928307,6.323915107424004e-4,9.999999999999998e-4,7.608636485118587e-4,0.0016999835198165437,0.0015999626582025258,0.0015999805350232718,0.0010374158777329743,9.190909808033869e-4,0.0030397426945755163,9.278393167385746e-4,0.0022261458695012554,0.04299941995139724,0.027000181330969316,0.024999720461127323,0.015799918216149907,0.018072494976880092,0.02831419466317495,8.632921740660768e-4,0.002300027374760471,0.0010999969834997435,0,0,0.014399898940018604,0.003671677431535208,0.05000211157565775,0.005000137221269297,0.004999999999999999,0.0029999999999999996,0.017999573230309634,0.016999861744780864,0.01700037029200169,0.009999999999999998,0.009000175467639641
CPV,0.01786364450007976,0.011600277034836463,0.024037414612879244,0.01549649875673354,0.026500346753294157,0.03969972746739342,0.02676858596372953,0.01951620693738291,0.03610388684911825,0.0033999829152310712,0.0034500278228050225,0.003850012500731426,0.004260561507234293,0.015658022833879105,1.617549563876932e-4,0.0020543060103069936,9.999964511446833e-5,0.0013999810390595375,0.0021999416015767576,0.03773157863977601,0.03549969583731641,0.02144256518792931,0.033604854298014665,0.047300799357593896,0.02520021470746108,0.04981173661315645,0.05049582574999316,0,0.0038595468367743553,0.0629746263877777,0.0022000405556118832,0.07121977850569335,0.0018732525475628889,0.001127316534247428,4.5117897283168985e-5,0.0019337079648730285,0.0020856686903107688,0,2.517797974528518e-4,0,6.475483638719394e-4,0,0.0014472901390814698,2.763023844345975e-4,9.027090185333346e-5,0.006999964042819864,0.0025853231248377886,0.00275677657801508,7.999973647455661e-4,0.001,7.00025826446281e-4,0.0017000417536534446,0.0019999827177989388,0.001338244595567633,5.000053930257391e-4,0.0011149987766087596,0.002,7.000029199637925e-4,0.0011572665380070422,0.03600016453457283,0.033299631384939445,0.0360002533742173,0.009199897657078107,0.029963227442398842,0.01896047930225558,8.632921740660768e-4,0.0024000110607233713,0.0026369308178346364,0,0,0.01289972254668256,0.0035920204998687298,0.008299980901046198,0.008899881535555342,0.0051000392310710085,0.004699968441458906,0.03539934730333219,0.016799889394648403,0.015999669394164806,0.009999999999999998,0.009000175467639641
CRI,0.012201664434951527,0.0159999763467041,0.021299893698083744,0.01520006725538481,0.026500029502973237,0.03070146550304627,0.02676858596372953,0.01951620693738291,0.04799931188714949,0.0033999651218555174,0.003899943116851777,0.0028000270370745883,0.002399958185239389,0.005,1.617549563876932e-4,0.005900003288283845,2.3732213310069075e-4,0.004399935723795968,0.0021999328398522476,0.028300095960917735,0.03700040150381429,0.03510228848821082,0.03496170892928238,0.04200047782113562,0.03270106985525488,0.05,0.05049582574999316,0,0.010999973002888692,0.0629746263877777,0.002200021900208052,0.041904254628303085,0.0018732525475628889,0.001127316534247428,4.5117897283168985e-5,0.0019337079648730285,0.0020856686903107688,0,2.517797974528518e-4,0,6.475483638719394e-4,0,0.0014472901390814698,2.763023844345975e-4,9.027090185333346e-5,0.0016999905087489637,9.999900434107293e-4,0.0031361443959981687,6.323915107424004e-4,9.999649442613756e-4,7.608636485118587e-4,0.0017000015095023169,0.0016000139668055587,0.0015999800954652112,0.0010374158777329743,9.190909808033869e-4,0.0030397426945755163,9.278393167385746e-4,0.0012760179006515836,0.043000391241975924,0.027000162190968277,0.025,0.015800095713406712,0.029963227442398842,0.03483167906461725,8.632921740660768e-4,0.0022841816733350315,0.0011000281542854844,0,0,0.014621791496505039,0.0036739519541880454,0.049999146043620095,0.004999999999999999,0.005,0.003,0.017999692631948713,0.016999910801890998,0.01699940278133265,0.009999999999999998,0.009000175467639641
CUB,0.01220212965192498,0.01599978438339385,0.024037414612879244,0.02030790006506086,0.026500029502973237,0.037529792881986615,0.02676858596372953,0.01951620693738291,0.035959106114479465,0.003399968989293834,0.0038998893044520574,0.0028000858120901776,0.0023999792382431557,0.004999975847860845,1.617549563876932e-4,0.0020543060103069936,2.3732213310069075e-4,0.004399941600155733,0.0022000224618149147,0.028299215951445612,0.02715032727703064,0.0345844590682801,0.033604854298014665,0.04199962263905426,0.03269998986109703,0.04981173661315645,0.05049582574999316,0,0.011000000000000001,0.0629746263877777,0.002200018249840314,0.041904254628303085,0.0018732525475628889,0.001127316534247428,4.5117897283168985e-5,0.0019337079648730285,0.0020856686903107688,0,2.517797974528518e-4,0,6.475483638719394e-4,0,0.0014472901390814698,2.763023844345975e-4,9.027090185333346e-5,0.001699970969816095,0.0010000070654401063,0.0030910754773834444,6.323915107424004e-4,0.001,7.608636485118587e-4,0.0017000018689143474,0.0015999909984633091,0.0015999912532936816,0.0010374158777329743,9.190909808033869e-4,0.0030397426945755163,9.278393167385746e-4,0.0013304944927959156,0.04299983387324529,0.026999927023279576,0.024999849682830776,0.015799968445045703,0.02899993535458013,0.03579183871025569,8.632921740660768e-4,0.0022841816733350315,0.0011000202778059416,0,0,0.01444020647521749,0.0036692588727162624,0.04999834858143145,0.005,0.005,0.0030000678195998645,0.01799984631934839,0.017000096779991425,0.016999999999999998,0.009999999999999998,0.009000175467639641
CYP,0.007239945610472481,0.010999701751146838,0.027699707998748567,0.005895636703221258,0.026499680627794505,0.039699248120300755,0.02676858596372953,0.01951620693738291,0.031007383933957664,0.003399998403019818,0.002899928106034382,0.0029999324073135283,0.004260561507234293,0.002784915735024195,1.617549563876932e-4,0.0020543060103069936,3.0000015842010795e-4,0.00140001128500998,0.0022000579374275783,0.027900077018383956,0.035500047608467956,0.03226553205162278,0.032936281924848584,0.04890044712108769,0.03269932702178624,0.05000112657015716,0.05049582574999316,0,0.01100046063743447,0.06729816633353611,0.0021999639738715764,0.041904254628303085,9.999999999999999e-5,9.999999999999999e-5,4.5117897283168985e-5,0.0019337079648730285,0.0020856686903107688,0,2.517797974528518e-4,0,6.475483638719394e-4,0,0.0014472901390814698,2.763023844345975e-4,9.027090185333346e-5,0.0017000061006010143,0.0016999800043067646,0.003178387805765255,6.999868434516936e-4,6.000178842886525e-4,7.00003116203218e-4,0.001700070645490463,0.0014999831666835002,0.0014,3.9999999999999996e-4,0.0011999230473258946,0.00290008022105357,7.000038761192294e-4,0.0015101426474075801,0.03570016809206273,0.03999982805017496,0.01589990818636672,0.017199974023724997,0.03282163407297623,0.02030267306596526,8.999807840122982e-4,0.0022841816733350315,0.0026369308178346364,0,0,0.012899949047624211,0.0039338861696579476,0.006400080841910756,0.004200060848400556,0.00659995050874103,0.004800030715282133,0.03539997972219406,0.016799951152282756,0.016000377857547703,0.01,0.009000175467639641
CZE,0.007240019615859113,0.011000363348087468,0.027699482915948495,0.014169147439885463,0.02650016340712455,0.03969988687058422,0.02676858596372953,0.01951620693738291,0.03427112699684451,0.003399998403019818,0.002899998014505873,0.002563708382379622,0.004260561507234293,0.004001138513084054,1.617549563876932e-4,0.0020543060103069936,3.000025248117643e-4,0.001400023844242074,0.0022,0.027901234567901233,0.03550002912225523,0.03972546664054143,0.03492074237039544,0.04890126206384558,0.03270000986485153,0.04981173661315645,0.05049582574999316,0,0.011000000000000001,0.0629746263877777,0.0022000331821701137,0.04339983834602459,9.999999999999999e-5,9.999999999999999e-5,4.5117897283168985e-5,0.0019337079648730285,0.0020856686903107688,0,2.517797974528518e-4,0,6.475483638719394e-4,0,0.0014472901390814698,2.763023844345975e-4,9.027090185333346e-5,0.0016999954489600874,0.0017000107586735958,0.0028306725204847944,7.000018240297683e-4,6.000083584085591e-4,7.000116726975605e-4,0.0016999542114558576,0.001500014099201985,0.001399982722128634,3.999972551226274e-4,0.001199983641419925,0.002900011460004584,7.000017087104364e-4,0.0012970283977766946,0.035699589385844846,0.03999888783851415,0.01589952746558717,0.017199928233957298,0.023243439076346323,0.021098960788431508,9.000007193675321e-4,0.0022999496165257796,0.0026369308178346364,0,0,0.012899818462765097,0.0037200707894312944,0.006399868325142843,0.0041999904425117085,0.0066,0.0048000000000000004,0.035400127748882196,0.016800132728680455,0.016,0.01,0.009000175467639641
DEU,0.007239708476299265,0.010999903947747577,0.027699295688967597,0.0058956807263233916,0.0265,0.039699409554482014,0.025212478292795815,0.01951620693738291,0.03422574666281369,0.003399998403019818,0.0028999683356966833,0.002563708382379622,0.004260561507234293,0.004001138513084054,1.617549563876932e-4,0.0020543060103069936,3.000022750675349e-4,0.001399987489927552,0.0022,0.027900135051282988,0.03550020563438207,0.0361602835945801,0.03512050602747559,0.04890092699884126,0.03269878229130613,0.04981173661315645,0.05049582574999316,0,0.010999220120881262,0.0629746263877777,0.0021999708000778662,0.04339983834602459,9.999859345110835e-5,1e-4,4.5117897283168985e-5,0.0019337079648730285,0.0020856686903107688,0,2.517797974528518e-4,0,6.475483638719394e-4,0,0.0014472901390814698,2.763023844345975e-4,9.027090185333346e-5,0.0017000033865874206,0.001699976207470854,0.00323915882612438,6.99992293662822e-4,5.999926503013377e-4,6.999907561471621e-4,0.0017000071358911537,0.001499975083470374,0.0014000449236298293,3.999916337244567e-4,0.001199995826899804,0.002899981768459435,6.999933492318363e-4,0.0013088017675687875,0.0356998069265695,0.04,0.015899779050560954,0.017200042264479586,0.03753836939389065,0.020573938409558675,9.000307885894811e-4,0.002300018221574344,0.0026369308178346364,0,0,0.012901889377117523,0.0037070298198322174,0.0064000804586141005,0.004199971904193299,0.006600139867663672,0.004800167049488411,0.03540047986114656,0.016800102097247627,0.016000604556847237,0.01,0.009000175467639641
DJI,0.017864234084831794,0.011599676066541059,0.027700113151074932,0.012311892938795123,0.026500029502973237,0.037529792881986615,0.02676858596372953,0.021213142640367853,0.036298181574629114,0.003399998403019818,0.0034499402485261856,0.002563708382379622,0.004260561507234293,0.004000126486213003,1.617549563876932e-4,0.0020543060103069936,9.999987997373826e-5,0.0013999378737283529,0.0021999708000778662,0.03773153489542909,0.035500083385133184,0.03268091559641723,0.033604854298014665,0.03575225048162941,0.02519985756253895,0.04981173661315645,0.05049582574999316,0,0.026825789186188845,0.07750157331655129,0.002199986794664325,0.07122133832475433,0.0018732525475628889,0.001127316534247428,4.5117897283168985e-5,0.0019337079648730285,0.0020856686903107688,0,2.517797974528518e-4,0,6.475483638719394e-4,0,0.0014472901390814698,2.763023844345975e-4,9.027090185333346e-5,0.0070000081157632465,0.0025852758800616435,0.002576264183423723,8.000041781129553e-4,0.001,6.999517939535845e-4,0.0017000115433452615,0.0020000566067107256,0.001338244595567633,5e-4,0.0011150148831308253,0.0019999243226880583,7.00013140028908e-4,0.007820967577462,0.036,0.033300191931941975,0.03599892026858319,0.009199945201726146,0.02902668157882648,0.024027231892195397,8.632921740660768e-4,0.002399956201182568,0.0026369308178346364,0,0,0.01250920059084792,0.003923205190484503,0.00829988965283083,0.00890001600882264,0.005099912405562248,0.004700200096598358,0.035398934228775825,0.01477058390104064,0.01600031739314431,0.009999999999999998,0.009000175467639641
DMA,0.01220198674415461,0.01600005943006567,0.02130029986186139,0.020307958997208907,0.026500029502973237,0.030700282220131703,0.02676858596372953,0.01951620693738291,0.035959106114479465,0.003399977683113337,0.0038999918634690096,0.0027999775625968493,0.0024000308727885108,0.0030497601298988854,9.999999999999999e-5,0.0020543060103069936,2.3732213310069075e-4,0.004399972963055948,0.0033627601698822205,0.02830009622722899,0.03699972625239529,0.04074473817419844,0.033604854298014665,0.04200085168511984,0.03270002881567573,0.04981173661315645,0.05049582574999316,0,0.010999980832263135,0.0629746263877777,0.0022000208572322453,0.041904254628303085,0.0018732525475628889,0.001127316534247428,4.5117897283168985e-5,0.0019337079648730285,0.0020856686903107688,0,2.517797974528518e-4,0,6.475483638719394e-4,0,0.0014472901390814698,2.763023844345975e-4,9.027090185333346e-5,0.001700044159003401,9.999775773022505e-4,0.0028145824906406127,6.323915107424004e-4,9.999895039937304e-4,7.608636485118587e-4,0.0018517505678222058,0.0015999919018504273,0.0015999863317178182,0.0010374158777329743,9.190909808033869e-4,0.0030397426945755163,9.278393167385746e-4,0.001873584209208709,0.043000051966949025,0.027000386174937246,0.025,0.015800046787447595,0.029963227442398842,0.023189408945641025,8.632921740660768e-4,0.0023000328503120777,0.0011000070192678903,0,0,0.01250920059084792,0.003691606908072567,0.049999999999999996,0.005000116006589174,0.0050001283494625825,0.0029998866470188168,0.017999814604528284,0.017000331821701138,0.016999396959405846,0.009999999999999998,0.009000175467639641
DNK,0.007240015538240066,0.01100015180816728,0.027699607628433248,0.005895648984457383,0.02650102133074373,0.039700958484818,0.02676858596372953,0.01951620693738291,0.035959106114479465,0.003399998403019818,0.0029000352857863477,0.002563708382379622,0.004260561507234293,0.004001138513084054,1.617549563876932e-4,0.0020543060103069936,2.999990266666784e-4,0.001399990258000617,0.0021999999999999997,0.02790038185085355,0.03549984791645545,0.04112407341164675,0.033736625672945816,0.0489013261954009,0.032699968714151637,0.04981173661315645,0.05049582574999316,0,0.010999909428493795,0.0629746263877777,0.002199963038255406,0.041904254628303085,1e-4,1e-4,4.5117897283168985e-5,0.0019337079648730285,0.0020856686903107688,0,2.517797974528518e-4,0,6.475483638719394e-4,0,0.0014472901390814698,2.763023844345975e-4,9.027090185333346e-5,0.0016999945692651442,0.0017000000000000001,0.0034966084311411575,7.000033974926504e-4,6.000050990490274e-4,7.000072492660117e-4,0.001699978196089832,0.0015000135465867116,0.0013999853512048634,3.999920528090836e-4,0.0011999927709101426,0.002899954593612835,7.000206171397155e-4,0.0015926856763587216,0.035699440482434286,0.04000048271867156,0.015899861704802617,0.01719991945209323,0.052324980767723774,0.021198687772907565,9.000129349372656e-4,0.002300006192604573,0.0026369308178346364,0,0,0.012900065217258802,0.0037183704924045936,0.006399855517428211,0.004199757111838958,0.006600131545082787,0.004800042319085908,0.03540016968325792,0.016800132728680455,0.0160006373486297,0.01,0.009000175467639641
DOM,0.012202022571719554,0.015999751941830356,0.02130012653299591,0.020307929067600382,0.026500029502973237,0.03069973993582042,0.02676858596372953,0.01951620693738291,0.035959106114479465,0.0034000116793281203,0.0039000314613811546,0.0028000388714327367,0.002399945455785096,0.00500007476635514,1.617549563876932e-4,0.0020543060103069936,2.3732213310069075e-4,0.00440010341733457,0.0021999652385504475,0.02830000698340278,0.03700020857232245,0.02894581232246674,0.056222854707039575,0.03575225048162941,0.028185178483178298,0.04981173661315645,0.05049582574999316,0,0.011000221212585294,0.0629746263877777,0.0021999867272787603,0.041904254628303085,0.0018732525475628889,0.001127316534247428,4.5117897283168985e-5,0.0019337079648730285,0.0020856686903107688,0,2.517797974528518e-4,0,6.475483638719394e-4,0,0.0014472901390814698,2.763023844345975e-4,9.027090185333346e-5,0.0017000453631504096,0.0010000051988832798,0.003412293995970019,6.323915107424004e-4,0.001,7.608636485118587e-4,0.0018517505678222058,0.0016000365752503118,0.0016000556003876584,0.0010374158777329743,9.190909808033869e-4,0.0030397426945755163,9.278393167385746e-4,0.0010981695757579387,0.043000056413245835,0.02700016219096828,0.02500024555303454,0.0157999105109014,0.029963227442398842,0.033130872279559874,8.632921740660768e-4,0.0022841816733350315,0.001099985871049781,0,0,0.014400012835666037,0.0036776009328947142,0.04999878737904106,0.005,0.004999902729412681,0.0030000705318098467,0.017999808525406284,0.017000331821701138,0.01700010579771477,0.009999999999999998,0.009000175467639641
DZA,0.009342698666510902,0.011000068544794022,0.027699163495613185,0.005895689535607734,0.026500029502973237,0.037529792881986615,0.02676858596372953,0.0060186912139261585,0.03627919623924233,0.003399998403019818,0.002900012294899578,0.002563708382379622,0.004260561507234293,0.004001138513084054,1.617549563876932e-4,0.0020543060103069936,3.00006158604597e-4,0.0013999324095978372,0.0022000208572322453,0.027899835047204575,0.035499654730196305,0.030460151682251052,0.03355533068756488,0.03575225048162941,0.032699731865848694,0.04981173661315645,0.05049582574999316,0,0.011000140384653953,0.06729932779754844,0.0022000103914997533,0.041904254628303085,9.999953384517132e-5,1e-4,4.5117897283168985e-5,0.0019337079648730285,0.0020856686903107688,0,2.517797974528518e-4,0,6.475483638719394e-4,0,0.0014472901390814698,2.763023844345975e-4,9.027090185333346e-5,0.0016999943362127113,0.0017000073276177915,0.0031722268576442566,6.999939217452328e-4,6.000000000000001e-4,6.999988521974679e-4,0.0016999978195931362,0.0014999756275895686,0.001338244595567633,3.999987920918252e-4,0.0012000168399781083,0.002899929270017804,6.999772530381714e-4,0.0014507804312077757,0.03570026691788349,0.04000025888459572,0.019257078274595003,0.01719985091547218,0.016306595931089622,0.019778057268253445,9.000058093937897e-4,0.0022841816733350315,0.0026369308178346364,0,0,0.012899952564381948,0.0038219970899388434,0.0063999434109075475,0.004200070282300574,0.00659995848038198,0.004800088163985012,0.03540069788153534,0.016799623940604736,0.01600031739314431,0.009999999999999998,0.009000175467639641
ECU,0.012202475865347017,0.016000374527528595,0.02129995320542817,0.020308227220046514,0.026500029502973237,0.030699995852286083,0.02676858596372953,0.01951620693738291,0.03100057284704984,0.003400051476933792,0.0039000436321576745,0.002799963131092011,0.004260561507234293,0.0027000065095690662,1.617549563876932e-4,0.0020543060103069936,2.3732213310069075e-4,0.004400113275227337,0.0022000208572322453,0.028299296080646564,0.036999369545741116,0.035176698714935464,0.029701144698060185,0.03575225048162941,0.032699311023622044,0.049999999999999996,0.05049582574999316,0,0.011000055414965734,0.07750118626126948,0.0021999708000778662,0.041904254628303085,0.0018732525475628889,0.001127316534247428,4.5117897283168985e-5,0.0019337079648730285,0.0020856686903107688,0,2.517797974528518e-4,0,6.475483638719394e-4,0,0.0014472901390814698,2.763023844345975e-4,9.027090185333346e-5,0.0017000011730618088,0.001,0.004100012392993351,6.323915107424004e-4,0.001,7.608636485118587e-4,0.0017000100633994162,0.0016000103396868086,0.0016000068480252006,0.0010374158777329743,9.190909808033869e-4,0.0030397426945755163,9.278393167385746e-4,0.0014353291349918902,0.042999883221907564,0.027000172428657643,0.02500010436888138,0.015799931753156415,0.023493072252954404,0.03531565591977889,8.632921740660768e-4,0.002299980533385244,0.001099970693498397,0,0,0.014443783633389507,0.003674916209566835,0.04999926824627904,0.004999940708415848,0.005000114142221208,0.0030000991866693115,0.01800017859534759,0.016999861744780864,0.01700037029200169,0.009999999999999998,0.009000175467639641
EGY,0.0069999607809896605,0.010999883599115355,0.027699743241202234,0.0058957022266899846,0.026500029502973237,0.039701427163558053,0.02676858596372953,0.00601870536857823,0.035959106114479465,0.0033999739289128357,0.0029000379549320326,0.003,0.004260561507234293,0.0023078277294918976,2.999957513701831e-4,0.0020543060103069936,3.000024172197647e-4,0.0013999855921621365,0.002200024333860567,0.027899584076054668,0.03549958937859293,0.03171076650368695,0.040562918880862275,0.04890024439013553,0.03270065544173634,0.04981173661315645,0.05049582574999316,0,0.010999508668491614,0.06729995320542817,0.0021999955214856725,0.041904254628303085,1e-4,1e-4,4.5117897283168985e-5,0.0019337079648730285,0.0020856686903107688,0,2.517797974528518e-4,0,6.475483638719394e-4,0,0.0014472901390814698,2.763023844345975e-4,9.027090185333346e-5,0.0016999935834866994,0.001700008064087863,0.0025367775076523876,6.999931014394996e-4,6.000000000000001e-4,6.999517939535845e-4,0.001699960753532182,0.001499988236124509,0.001338244595567633,3.9999999999999996e-4,0.0012000000000000001,0.0029000523286237573,7.000091377052175e-4,0.0016644193364814504,0.03569990126401611,0.03999942434447227,0.015900304021109393,0.017199750225490876,0.018386296680996405,0.020505181775018606,9.000103321795733e-4,0.002299980533385244,0.0026369308178346364,0,0,0.012899966492179091,0.0028624553662315866,0.0063999999999999994,0.004200111172873819,0.006599918599918601,0.004800024105582452,0.035398947880698015,0.01679965239374309,0.016000151137308242,0.009999999999999998,0.009000175467639641
ESP,0.007239648057064295,0.011000155484723627,0.02769983740916481,0.00589552106519994,0.02649944826415415,0.03969999109765869,0.02676858596372953,0.01951620693738291,0.035959106114479465,0.003399998403019818,0.002899993645010274,0.0030000158420860857,0.004260561507234293,0.004001138513084054,1.617549563876932e-4,0.0020543060103069936,2.999931308816826e-4,0.0013999378737283529,0.0021999999999999997,0.027900306013346608,0.03550026352430324,0.032957012088582906,0.03264377137266748,0.048899514545388184,0.03269967365166609,0.049999999999999996,0.05049582574999316,0,0.011000000000000001,0.06730137486312203,0.0021999859615189636,0.043399625643425366,9.999668181969009e-5,9.999999999999999e-5,4.5117897283168985e-5,0.0019337079648730285,0.0020856686903107688,0,2.517797974528518e-4,0,6.475483638719394e-4,0,0.0014472901390814698,2.763023844345975e-4,9.027090185333346e-5,0.0017000306335823976,0.0016999921386378638,0.0036905110043838523,6.999980033809415e-4,6e-4,7.000103302227885e-4,0.0017000269826084823,0.0014999921552630339,0.0014000167266036631,3.999863334301382e-4,0.0011999972839372047,0.0028999264656728394,7.000076306753148e-4,0.0014980564714034649,0.03570013487409281,0.0399993185225569,0.01590003321155762,0.0172000749839168,0.021429436174625414,0.020322522497303444,9.000000000000001e-4,0.002300036762775064,0.0026369308178346364,0,0,0.01290800767309324,0.0038410598829156416,0.006400019626443361,0.004199979635475003,0.0066000257769084384,0.004799836400817996,0.03540167553099037,0.016800054351518445,0.015999737847352258,0.01,0.009000175467639641
EST,0.007240010789288272,0.01099995619990364,0.02769944120794198,0.005895716814871444,0.02649930562518266,0.0397002878881349,0.02676858596372953,0.01951620693738291,0.035959106114479465,0.003399998403019818,0.00290001963915193,0.003,0.004260561507234293,0.004001138513084054,1.617549563876932e-4,0.0020543060103069936,3.0000267830838044e-4,0.0014000067126483074,0.0022000208572322453,0.027899116723848455,0.0354998405746027,0.04074473817419844,0.03522559052584154,0.04890013626630329,0.03269998986109703,0.04981173661315645,0.05049582574999316,0,0.010999844018093901,0.0629746263877777,0.0022,0.041904254628303085,1e-4,0.001127316534247428,4.5117897283168985e-5,0.0019337079648730285,0.0020856686903107688,0,2.517797974528518e-4,0,6.475483638719394e-4,0,0.0014472901390814698,2.763023844345975e-4,9.027090185333346e-5,0.001699998058156068,0.001699999304362344,0.0028624989079439785,7.000071648635093e-4,6.000155575434638e-4,6.999963171656907e-4,0.0017000269826084823,0.0014999967072118646,0.0013999438478276127,4.00014425567351e-4,0.0011999751789186282,0.0029000461263862984,7.000029846737006e-4,0.0012902400221940045,0.035700189753320684,0.04,0.015899946794243225,0.017199903056995904,0.029963227442398842,0.02213907192621783,8.99993608794299e-4,0.00230003123466155,0.0026369308178346364,0,0,0.012903686911367465,0.00369936695338926,0.006399736798815595,0.0041999947583604156,0.00659992801223792,0.004800044434570095,0.035400062229242954,0.016799251286850725,0.015999963518295572,0.009999999999999998,0.009000175467639641
ETH,0.017864764369420034,0.011600039727864131,0.027700908313823568,0.01231177114647925,0.026500029502973237,0.039699056538805864,0.02901956556116214,0.021213440569544852,0.036300471386216754,0.003399998403019818,0.00344995401594114,0.0038500087204232313,0.004336734693877551,0.003999978845418182,1.617549563876932e-4,0.0020543060103069936,9.999756667315553e-5,0.0013999562011825682,0.0022,0.03773204730131466,0.03550006588483331,0.0302333109326449,0.004474009325850328,0.04729997118432428,0.02519995768091409,0.04981173661315645,0.05049582574999316,0,0.026825789186188845,0.07749977187699607,0.002199986794664325,0.07121821868663235,0.0018732525475628889,0.001127316534247428,4.5117897283168985e-5,0.0019337079648730285,0.0020856686903107688,0,2.517797974528518e-4,0,6.475483638719394e-4,0,0.0014472901390814698,2.763023844345975e-4,9.027090185333346e-5,0.007000186237079802,0.002585368460428579,0.003467132139939755,7.999772830531577e-4,0.001,7.000052806674764e-4,0.0016999890566863646,0.0019999697364040795,0.001338244595567633,4.999922257638187e-4,0.0011150257929974756,0.002,7e-4,0.0026803287135598822,0.035999773630820166,0.03329944989237025,0.03599965583503025,0.009200038358266206,0.027999692910061033,0.024774759912881625,0.0011999902213240326,0.0022841816733350315,0.0026369308178346364,0,0,0.012899549694079637,0.003910137238094342,0.008299945674317534,0.006001091211381903,0.005100098985399653,0.006278745023808365,0.029626189132487393,0.01477058390104064,0.02281650366873054,0.009999999999999998,0.009000175467639641
FIN,0.0072399512128375355,0.011000259554863409,0.027699944148580506,0.014169147439885463,0.026500637853762214,0.039700062603407416,0.02676858596372953,0.01951620693738291,0.02682240475015139,0.003399998403019818,0.002900011891274358,0.0030000158420860857,0.004260561507234293,0.004001138513084054,1.617549563876932e-4,0.0020543060103069936,2.9999596833801454e-4,0.001400025573366501,0.002199932409597837,0.02790035587188612,0.035500312386965244,0.04074473817419844,0.03966215989092756,0.04889845974158698,0.032700308302916474,0.04981173661315645,0.05049582574999316,0,0.011000011698779818,0.0673008486175746,0.0022,0.041904254628303085,0.0018732525475628889,0.001127316534247428,4.5117897283168985e-5,0.0019337079648730285,0.0020856686903107688,0,2.517797974528518e-4,0,6.475483638719394e-4,0,0.0014472901390814698,2.763023844345975e-4,9.027090185333346e-5,0.0017000038556611815,0.0016999931285645571,0.002743398843387271,6.999931014394996e-4,6.000000000000001e-4,6.99998852197468e-4,0.0016999593991067804,0.0015000069156612063,0.0014000719942404607,3.9999716766034587e-4,0.0011999938961118233,0.0029000356538015867,6.99999156068291e-4,0.0013355485466703943,0.035700060935547895,0.039999999999999994,0.01589992741190445,0.017199865883052553,0.035241281569819476,0.020582780368815026,8.999844997287453e-4,0.0022999815875835326,0.0026369308178346364,0,0,0.012900038008361842,0.003718607699809124,0.006399889418757344,0.004199843871975019,0.006600131341735301,0.004800089268002381,0.035399478131212726,0.016800132728680455,0.015999935880995127,0.01,0.009000175467639641
FJI,0.007239714486570529,0.010999732406940368,0.02769960762843325,0.005895747709387027,0.026500790850468428,0.039700177286474084,0.02676858596372953,0.01951620693738291,0.036288366032484885,0.003399994494949116,0.002899946166825035,0.0030000052478837912,0.0023999769546903605,0.0023000133408371862,1.617549563876932e-4,0.0020543060103069936,3.0000018824131785e-4,0.0013999660470248706,0.0021999807895495154,0.027901234567901233,0.03550020857137676,0.0435681258164691,0.033604854298014665,0.04890008844215462,0.03269932679049395,0.04981173661315645,0.05049582574999316,0,0.010999988840655723,0.06729933934372376,0.002200018249840314,0.04339919121894858,9.999856581476063e-5,9.999999999999999e-5,4.5117897283168985e-5,0.0019337079648730285,0.0020856686903107688,0,2.517797974528518e-4,0,6.475483638719394e-4,0,0.0014472901390814698,2.763023844345975e-4,9.027090185333346e-5,0.001700027836121163,0.0016999973736200563,0.0038847782002783882,6.999970298206011e-4,0.0014897908581860168,6.999933656206462e-4,0.001699992315376931,0.0015000000000000002,0.001338244595567633,3.9999877603226383e-4,0.0012000355390584124,0.0028999765821673207,6.999954920434567e-4,9.33181498843257e-4,0.0356998899481563,0.04000017857621186,0.015900192034316786,0.0172000665334436,0.029963227442398842,0.020526187896102194,9.000412084582381e-4,0.0022999159267537476,0.0026369308178346364,0,0,0.012899561901671262,0.0036999840275232206,0.0064002910325592684,0.004199986975774941,0.006599941581320627,0.004799877252202885,0.03539929983202248,0.016800626785878882,0.01599949401442059,0.01,0.009000175467639641
FRA,0.007240031548733568,0.011000244621544721,0.027699482915948495,0.005895686762533354,0.026499246211219553,0.039699056538805864,0.02676858596372953,0.01951620693738291,0.03342430070048752,0.003399998403019818,0.0029000120462038845,0.002563708382379622,0.004260561507234293,0.0038101435334502724,1.617549563876932e-4,0.0020543060103069936,2.9999525973991773e-4,0.0014000058634691215,0.0022000629326620518,0.027899736147757256,0.035498951619165955,0.03298324930403077,0.03053711379985181,0.0489013261954009,0.03269996871415163,0.04981173661315645,0.05049582574999316,0,0.010999987465687318,0.0629746263877777,0.002200027862914461,0.041904254628303085,1.0000091250034218e-4,1e-4,4.5117897283168985e-5,0.0019337079648730285,0.0020856686903107688,0,2.517797974528518e-4,0,6.475483638719394e-4,0,0.0014472901390814698,2.763023844345975e-4,9.027090185333346e-5,0.0017000033326864,0.0017000316391980901,0.0034390901455769564,7.000016448856394e-4,6.000050990490274e-4,7.000040117142055e-4,0.0016999887867234806,0.0015000506945148536,0.0013999948950941855,4e-4,0.0012000055480041053,0.0028999150622876554,7e-4,0.001432591408700044,0.03569895858991907,0.04000028085154187,0.0158999960582488,0.017199910253533766,0.025696152861093682,0.020588389765184865,8.999781986520273e-4,0.002299977843340758,0.0026369308178346364,0,0,0.012899833119623373,0.003703397965950776,0.006399899454735296,0.00420000549918887,0.006599970664112719,0.004799951170384838,0.035400232439892494,0.016799477137326865,0.016000135290536427,0.01,0.009000175467639641
GAB,0.0178642368841,0.0115999997107,0.0252581456181,0.0123119669926,0.0265003965084,0.0396992797644,0.0290197915483,0.0212132278297,0.0359588730103,0.00339997877659,0.003450040666,0.00384994450276,0.00426056150723,0.00400100278584,0.000161754956388,0.00205430601031,9.99998838661e-05,0.00139998823744,0.00258760091786,0.0377313049675,0.0354995652483,0.0280474435001,0.0349314145134,0.043450644811,0.025199987774,0.0498117366132,0.05049582575,0,0.00385953625297,0.0629746263878,0.00219999391721,0.0516766158605,0.00187325254756,0.00112731653425,4.51178972832e-05,0.00193370796487,0.00208566869031,0,0.000251779797453,0,0.000647548363872,0,0.00144729013908,0.000276302384435,9.02709018533e-05,0.00699998336063,0.00258532384807,0.00326413624947,0.000799997117533,0.001,0.000700003907571,0.0017000249318,0.00199999329439,0.00133824459557,0.000499990860186,0.0011150220286,0.0019999866303,0.000699992287491,0.00153829743997,0.0360000296811,0.0332999519529,0.0360004789704,0.00920006288547,0.0273665263323,0.0243110933474,0.00120000500287,0.00236137462756,0.00263693081783,0,0,0.013037518773,0.00390833661792,0.00829996347552,0.00890011975806,0.00510002352449,0.00469996940473,0.0353998423157,0.0161234622009,0.0182722325437,0.01,0.00900017546764
GBR,0.0072400098902561955,0.011000026603527628,0.027699968714151632,0.005895845659393425,0.026499855921621362,0.0397002144060442,0.02676858596372953,0.01951620693738291,0.033164360245689334,0.003399998403019818,0.0029000195458132143,0.002563708382379622,0.004260561507234293,0.004001138513084054,1.617549563876932e-4,0.0020543060103069936,2.999955945030646e-4,0.0013999724536877625,0.0022000579374275783,0.027899443379870423,0.035498991451349535,0.04283842786253779,0.0420515485639841,0.04890096520399059,0.032700400901529814,0.04981173661315645,0.05049582574999316,0,0.011000595987020726,0.06729932779754844,0.0022,0.043399625643425366,9.999910539358209e-5,9.999999999999999e-5,4.5117897283168985e-5,0.0019337079648730285,0.0020856686903107688,0,2.517797974528518e-4,0,6.475483638719394e-4,0,0.0014472901390814698,2.763023844345975e-4,9.027090185333346e-5,0.001700002493507974,0.0017000192082700333,0.0037844387738920214,7.000058179749567e-4,6.000051984508616e-4,7.000064362489541e-4,0.0016999593991067804,0.0014999887733794374,0.001399954645097891,3.999928797855628e-4,0.0011999960568600777,0.002899926465672839,6.999959779592165e-4,0.0013690242511948127,0.03570080501815237,0.04000019803548796,0.01589991790207566,0.017199959662208344,0.08592792488089991,0.020103955156256514,9.000081692672168e-4,0.0022999623592750164,0.0026369308178346364,0,0,0.012942551601031,0.0037186503124206245,0.006400081816322356,0.004200048294920984,0.0065999782931153,0.004800105799113933,0.03540031870450924,0.016800102097247627,0.015999999999999997,0.01,0.009000175467639641
GEO,0.02446681525024791,0.011000045435958018,0.02770034165285269,0.022099568437207097,0.026499194847020936,0.03969941600824459,0.02676858596372953,0.01951620693738291,0.03568591784860482,0.003400057937427578,0.0028999648373753658,0.002563708382379622,0.004260561507234293,0.004001138513084054,1.617549563876932e-4,0.0020543060103069936,2.999975085332735e-4,0.001399990478306408,0.0022000470976097962,0.03020404793788886,0.02715032727703064,0.04074473817419844,0.02449414212092408,0.03575225048162941,0.03270002881567573,0.04981173661315645,0.05049582574999316,0,0.011000011698779818,0.06729933934372376,0.002200046928772552,0.043399625643425366,0.0018732525475628889,0.001127316534247428,4.5117897283168985e-5,0.0019337079648730285,0.0020856686903107688,0,2.517797974528518e-4,0,6.475483638719394e-4,0,0.0014472901390814698,2.763023844345975e-4,9.027090185333346e-5,0.0017000006817546546,0.0016999898610970295,0.0025435950902477755,6.99987861801088e-4,6e-4,7.000038259938019e-4,0.0018517505678222058,0.001500010040765508,0.001338244595567633,3.9999999999999996e-4,0.0011999885491812664,0.0028999933150611673,6.999925255998207e-4,0.0013230048338529375,0.035700416088765605,0.04,0.01590010967393764,0.017200090538705297,0.029963227442398842,0.02041744463830542,9.000091282519398e-4,0.002299980533385244,0.0026369308178346364,0,0,0.012920845087381313,0.0037013296353061147,0.006400088926615332,0.004200253582817843,0.00659995848038198,0.0048000233379036725,0.03540069788153534,0.01477058390104064,0.016000406917599186,0.009999999999999998,0.009000175467639641
GHA,0.017864192781112908,0.011599959871332123,0.02769932679049396,0.015496065602821676,0.026500029502973237,0.03970024637284423,0.02902033440143358,0.02121279734561128,0.035959106114479465,0.0034000444921825678,0.0034500701918577445,0.003849986455632522,0.004336786605176936,0.004175988262803348,2.9999382105783487e-4,0.0020543060103069936,9.999895515162492e-5,0.00140001196744854,0.0033627601698822205,0.037732860438690126,0.035500237252253895,0.02000695879374885,0.04590088198236036,0.047300799357593896,0.025200284553656315,0.04981173661315645,0.05049582574999316,0,0.0038595916981864027,0.0629746263877777,0.002199986794664325,0.07122003847553683,0.0018732525475628889,0.001127316534247428,4.5117897283168985e-5,0.0019337079648730285,0.0020856686903107688,0,2.517797974528518e-4,0,6.475483638719394e-4,0,0.0014472901390814698,2.763023844345975e-4,9.027090185333346e-5,0.0070000791770861515,0.002585314395074823,0.0034179969059278093,8.000027233362684e-4,0.001,6.999908176851385e-4,0.0018517505678222058,0.002,0.0012000080439817538,4.999825193161556e-4,0.0011150038340291385,0.0030397426945755163,7.000194666147557e-4,0.0013767846912126301,0.036000545553737044,0.03330035666866262,0.0359994923857868,0.009200224115390693,0.029373712910804595,0.02194370756891055,0.0011999863560391581,0.002400007300069351,0.0026369308178346364,0,0,0.012899720583669668,0.003925678493303591,0.008300108402079849,0.008900119279301903,0.005099880077451238,0.004699928393102514,0.03540098028991553,0.01679965239374309,0.02281650366873054,0.009999999999999998,0.009000175467639641
GIN,0.01786413269565266,0.011599891470095162,0.024037414612879244,0.015496591118481666,0.026500029502973237,0.037529792881986615,0.029019854669546232,0.021213023684896613,0.035959106114479465,0.0033999868782667647,0.0034499766027140852,0.0038501435855359555,0.004336813436223332,0.004176015848747819,1.617549563876932e-4,0.0020543060103069936,9.99997280177115e-5,0.0014000102817191035,0.0022000208572322453,0.03020404793788886,0.035501211135813115,0.019969350066863057,0.045899492114407914,0.03575225048162941,0.025199856944502882,0.04981173661315645,0.05049582574999316,0,0.0038593881132219423,0.07749977187699607,0.002199986794664325,0.041904254628303085,0.0018732525475628889,0.001127316534247428,4.5117897283168985e-5,0.0019337079648730285,0.0020856686903107688,0,2.517797974528518e-4,0,6.475483638719394e-4,0,0.0014472901390814698,2.763023844345975e-4,9.027090185333346e-5,0.007000011035456923,0.0025853333133460258,0.004571611384551749,6.323915107424004e-4,0.0014897908581860168,7.000229568411387e-4,0.0017000067491425522,0.002,0.0011999974518965852,5e-4,0.0011149935536802625,0.001999959890903257,9.278393167385746e-4,0.00899746563747181,0.03599962212205458,0.033299982446901875,0.03599944933920705,0.009200014753070482,0.028000140488901377,0.022515982775280167,8.632921740660768e-4,0.0022841816733350315,0.0026369308178346364,0,0,0.012900055959709009,0.0038550619946304036,0.008299701046337819,0.008899939494781425,0.0051000147297098255,0.0046999164777472855,0.029626189132487393,0.01477058390104064,0.02281650366873054,0.009999999999999998,0.009000175467639641
GMB,0.017864546870003172,0.01160009592810984,0.024037414612879244,0.015496458333333333,0.026500029502973237,0.039701427163558053,0.029019736193311507,0.02121316977622603,0.03630105278877026,0.0033999657598460823,0.003450154571332374,0.0038500794214066034,0.004260561507234293,0.004001138513084054,1.617549563876932e-4,0.0020543060103069936,9.999957656603523e-5,0.0013999895713838774,0.0033627601698822205,0.03020404793788886,0.02715032727703064,0.020189745200887683,0.033604854298014665,0.047300799357593896,0.02519975839157822,0.04981173661315645,0.05049582574999316,0,0.0038595444495139156,0.07749892647549979,0.0022000219002080517,0.041904254628303085,0.0018732525475628889,0.001127316534247428,4.5117897283168985e-5,0.0019337079648730285,0.0020856686903107688,0,2.517797974528518e-4,0,6.475483638719394e-4,0,0.0014472901390814698,2.763023844345975e-4,9.027090185333346e-5,0.006999912914743534,0.001555131120709311,0.004362578815804739,7.999936100194894e-4,0.0014897908581860168,7.608636485118587e-4,0.0018517505678222058,0.0016115014145824658,0.001338244595567633,5.000106725863946e-4,9.190909808033869e-4,0.002000044567251983,9.278393167385746e-4,0.001355072664450573,0.03600090746674985,0.03330043331728454,0.03599931787175989,0.009200053152614445,0.028000692657827033,0.022996959968909138,0.0012,0.0024000486677211337,0.0026369308178346364,0,0,0.01289939862155953,0.0039327989012668515,0.008299966181941157,0.008899947096944848,0.005100010687537509,0.004700073310621416,0.03540003893322951,0.016799393249905197,0.01600031739314431,0.009999999999999998,0.009000175467639641
GNB,0.017864384206477686,0.011599892283294935,0.024037414612879244,0.015496564915573578,0.026500029502973237,0.037529792881986615,0.029020094808648395,0.021212965273816314,0.036300426108080125,0.0034000250371755258,0.003450009359039495,0.002563708382379622,0.004260561507234293,0.004000028215908129,1.617549563876932e-4,0.0020543060103069936,9.99983906529121e-5,0.0013999914118859496,0.002199972625239529,0.03773081708834508,0.02715032727703064,0.0235917291723183,0.04570346748587044,0.03575225048162941,0.025199089874857795,0.04981173661315645,0.05049582574999316,0,0.0038594685972584615,0.0629746263877777,0.002199986794664325,0.07122020130672788,0.0018732525475628889,0.001127316534247428,4.5117897283168985e-5,0.0019337079648730285,0.0020856686903107688,0,2.517797974528518e-4,0,6.475483638719394e-4,0,0.0014472901390814698,2.763023844345975e-4,9.027090185333346e-5,0.007000033148804985,0.00258528867794193,0.004870220068174178,7.99997518579635e-4,0.001,7.608636485118587e-4,0.0018517505678222058,0.002,0.0012000091942398088,5.000101389029707e-4,0.0011150116299874756,0.0030397426945755163,9.278393167385746e-4,0.001,0.035999551626953626,0.03329865708341214,0.035999678927122636,0.009200067033488815,0.029963227442398842,0.022233547914107667,8.632921740660768e-4,0.0022841816733350315,0.0026369308178346364,0,0,0.01290030792917629,0.0038873213266619774,0.008299998938958268,0.008899971922980301,0.005100108732330996,0.004699912719193843,0.03540022630214987,0.01680040221216692,0.02281650366873054,0.009999999999999998,0.009000175467639641
GRC,0.007239876553650305,0.01100014897949049,0.027699709664039816,0.00589582867991959,0.02650020953591175,0.03970036831801439,0.02676858596372953,0.01951620693738291,0.03268978082251176,0.003399998403019818,0.0028999758081024248,0.002999942392994988,0.004260561507234293,0.004001138513084054,1.617549563876932e-4,0.0020543060103069936,2.999986619149781e-4,0.001400016846361186,0.0022,0.027899591514033466,0.03549900928146835,0.03257034450841928,0.023666095086103633,0.048899514545388184,0.032700262799299204,0.04981173661315645,0.05049582574999316,0,0.01099991491896031,0.06729991204925242,0.002200018778167251,0.041904254628303085,1e-4,1e-4,4.5117897283168985e-5,0.0019337079648730285,0.0020856686903107688,0,2.517797974528518e-4,0,6.475483638719394e-4,0,0.0014472901390814698,2.763023844345975e-4,9.027090185333346e-5,0.0017000113286460635,0.0017000078838181882,0.002423107239198111,6.999985454827543e-4,6.000048960007835e-4,7.000052173005687e-4,0.0017000706454904627,0.0014999815790443208,0.001338244595567633,4.000011537884645e-4,0.0012000095424400021,0.0028999679127226052,7.000015095999776e-4,0.0015829235087954586,0.03570174532686151,0.039999418929813985,0.015900018579213287,0.017199948473930544,0.03577528933817524,0.020053671761002374,8.999898191196932e-4,0.002299990135148466,0.0026369308178346364,0,0,0.01291370462587304,0.004415988208213766,0.006400104876769795,0.004200060366102658,0.00659994008934502,0.004800054723305288,0.03540128558310377,0.016799966483021556,0.015999856058152507,0.009999999999999998,0.009000175467639641
GRD,0.007239828017137776,0.01100004683237522,0.02770005093022559,0.005895656814997665,0.0265005931198102,0.039700623087416585,0.02676858596372953,0.01951620693738291,0.035959106114479465,0.0034000365915016237,0.0028999878231927585,0.0029999999999999996,0.002399951146032651,0.0027110779226862777,1.617549563876932e-4,0.0020543060103069936,3.000039427512518e-4,0.0013999489785906315,0.0033627601698822205,0.02789974754387566,0.035500441848849276,0.028006632925563837,0.033604854298014665,0.048899514545388184,0.03270108199713206,0.04981173661315645,0.05049582574999316,0,0.011000012519457323,0.0629746263877777,0.002199986794664325,0.041904254628303085,1e-4,0.001127316534247428,4.5117897283168985e-5,0.0019337079648730285,0.0020856686903107688,0,2.517797974528518e-4,0,6.475483638719394e-4,0,0.0014472901390814698,2.763023844345975e-4,9.027090185333346e-5,0.0016999751035466132,0.0017000367991435838,0.003433154392126738,6.999965978294151e-4,6e-4,6.999917307533285e-4,0.0017000050865993539,0.001500017403108195,0.0014000181028240406,3.9999876480687754e-4,0.001200077587042964,0.0029000128270908155,7.00001459065906e-4,0.0034387750128146498,0.035699834467537245,0.040002074975791946,0.01590001796153913,0.017200162608619646,0.029963227442398842,0.023189408945641025,8.632921740660768e-4,0.0023,0.0026369308178346364,0,0,0.012899891354958868,0.003889555935824833,0.0063997113997114,0.00420001703400176,0.006599857919040163,0.004800062643558155,0.0354005690326445,0.016800132728680455,0.01600031739314431,0.009999999999999998,0.009000175467639641
GTM,0.012202052317761253,0.016,0.02130012653299591,0.015199898801700647,0.026500029502973237,0.037529792881986615,0.02676858596372953,0.016699922133540976,0.04800126671701055,0.003400039146604032,0.003900025270846411,0.002563708382379622,0.004260561507234293,0.004001138513084054,1.617549563876932e-4,0.0020543060103069936,2.3732213310069075e-4,0.004400067125356604,0.002200021900208052,0.02829991436080678,0.03699972625239529,0.04744296918787676,0.030852784987820264,0.04200020857232245,0.03269941449319443,0.04999932407770403,0.05049582574999316,0,0.011,0.07749955236009531,0.002200018249840314,0.041904254628303085,0.0018732525475628889,0.001127316534247428,4.5117897283168985e-5,0.0019337079648730285,0.0020856686903107688,0,2.517797974528518e-4,0,6.475483638719394e-4,0,0.0014472901390814698,2.763023844345975e-4,9.027090185333346e-5,0.0017000092970579038,0.001000013827624829,0.0036101322034481774,6.323915107424004e-4,0.0010000283053582042,7.608636485118587e-4,0.001699993347967804,0.0016000361385914985,0.001599935657463734,0.0010374158777329743,9.190909808033869e-4,0.0030397426945755163,9.278393167385746e-4,0.0015309644344548977,0.04300059882997835,0.027000181330969316,0.024999723160400864,0.015800079074961674,0.0392562073789124,0.039627704144522775,8.632921740660768e-4,0.0022999913096376115,0.0011000165910850569,0,0,0.014415363353211303,0.003667728161899692,0.049999242114198233,0.005,0.004999934187145433,0.0030000991866693115,0.017999805333852443,0.016999834092207865,0.01700037029200169,0.009999999999999998,0.009000175467639641
GUY,0.012202095802643332,0.016,0.02129938863034948,0.020307935764455075,0.026500029502973237,0.030700694112015318,0.02676858596372953,0.01951620693738291,0.04799908660158703,0.0034000599340725203,0.0038998991105493254,0.002563708382379622,0.002399987786632469,0.0026403535602811242,1.617549563876932e-4,0.0020543060103069936,2.3732213310069075e-4,0.004399976853706523,0.0021999867272787603,0.02829959120109013,0.037000086344262426,0.03388540501193992,0.03047606092383323,0.04199960540593864,0.03269829965280869,0.049998648191956735,0.05049582574999316,0,0.011000083291897717,0.0629746263877777,0.0022000219002080517,0.041904254628303085,0.0018732525475628889,0.001127316534247428,4.5117897283168985e-5,0.0019337079648730285,0.0020856686903107688,0,2.517797974528518e-4,0,6.475483638719394e-4,0,0.0014472901390814698,2.763023844345975e-4,9.027090185333346e-5,0.0016999850693740868,0.0010000197258112238,0.004827119379397044,6.323915107424004e-4,0.001,7.608636485118587e-4,0.0017000000000000001,0.0016000000000000003,0.0016000081518693255,0.0010374158777329743,9.190909808033869e-4,0.0030397426945755163,9.278393167385746e-4,0.0015193448747633277,0.042999666589725836,0.027000617883308323,0.025,0.01579994732375406,0.029963227442398842,0.03130561119417722,8.632921740660768e-4,0.0022841816733350315,0.0010999956199903638,0,0,0.014400164903119418,0.0036940309953475774,0.04999848427434635,0.005,0.005000133329777872,0.0030000046239994824,0.01800016114736927,0.01477058390104064,0.02281650366873054,0.009999999999999998,0.009000175467639641
HND,0.012201926055492592,0.016000064317249426,0.02129938863034948,0.015199994810865307,0.026500029502973237,0.030699502647200387,0.02676858596372953,0.016699781001047388,0.04799910424364573,0.0034000914793518035,0.0038999667496246735,0.0028000101389029706,0.004260561507234293,0.002672105754997064,1.617549563876932e-4,0.0058999160492024675,2.3732213310069075e-4,0.0044,0.002200018249840314,0.02830004319103892,0.02715032727703064,0.04074473817419844,0.04360047695479427,0.042000437998832005,0.03270159478885894,0.05000056327238726,0.05049582574999316,0,0.011000102469515318,0.0629746263877777,0.0022000208572322453,0.041904254628303085,0.0018732525475628889,0.001127316534247428,4.5117897283168985e-5,0.0019337079648730285,0.0020856686903107688,0,2.517797974528518e-4,0,6.475483638719394e-4,0,0.0014472901390814698,2.763023844345975e-4,9.027090185333346e-5,0.001700008701525253,0.001,0.0017702825926903143,6.323915107424004e-4,0.001,7.608636485118587e-4,0.001699960753532182,0.0015999913996296465,0.0016000116140646322,0.0010374158777329743,9.190909808033869e-4,0.0030397426945755163,9.278393167385746e-4,0.0013824668775716032,0.04299981607504138,0.026999598381167163,0.025000000000000005,0.015800024774438846,0.029963227442398842,0.030315148288294052,8.632921740660768e-4,0.002300032850312078,0.0010999952597648844,0,0,0.01440045672091072,0.0036989197278698067,0.04999938042131351,0.006001091211381903,0.005000139024051161,0.003,0.018000129777431706,0.017000055303616857,0.017000160997263047,0.009999999999999998,0.009000175467639641
HRV,0.007240031548733568,0.011000044512367019,0.027700471698113207,0.005895711266286754,0.026499522030068653,0.03970024637284423,0.02676858596372953,0.01951620693738291,0.03396804174311084,0.003399998403019818,0.0028999750279928146,0.002563708382379622,0.004260561507234293,0.004001138513084054,1.617549563876932e-4,0.0020543060103069936,3.0000188861730354e-4,0.001400002889185298,0.00220007423904974,0.02790019814370633,0.035500052143080614,0.03202252299142376,0.03092751110422088,0.03575225048162941,0.03270000986485153,0.04981173661315645,0.05049582574999316,0,0.011000140384653953,0.06730067320950604,0.002199974150187411,0.04340029413730864,1e-4,0.001127316534247428,4.5117897283168985e-5,0.0019337079648730285,0.0020856686903107688,0,2.517797974528518e-4,0,6.475483638719394e-4,0,0.0014472901390814698,2.763023844345975e-4,9.027090185333346e-5,0.0017000078603993083,0.0017000087762652836,0.003086945883680096,7.000086849712775e-4,6.000000000000001e-4,6.999709020368575e-4,0.001699960753532182,0.0014999919974818742,0.001338244595567633,4.000063967760249e-4,0.0012,0.0028999458516334757,7.000003868117812e-4,0.0012021237872867744,0.035699872104590025,0.040000572115109566,0.015899518490192065,0.01720015325969075,0.02874926859877649,0.020836333538449343,9e-4,0.0022999355900665567,0.0026369308178346364,0,0,0.01291226233870197,0.003730538746115336,0.006400304414003044,0.0041998857173954456,0.006599700245543544,0.00479996320104877,0.03539848287682102,0.016800072233132436,0.015999999999999997,0.009999999999999998,0.009000175467639641
HTI,0.012201931043148094,0.016000155103974456,0.024037414612879244,0.020307975392414118,0.026500029502973237,0.037529792881986615,0.02676858596372953,0.006018653500753066,0.04799920524538049,0.0033999501074217756,0.003900065038462401,0.002800030419516703,0.0024000356293949103,0.0026999893815219177,9.999999999999999e-5,0.0058998692094777505,2.3732213310069075e-4,0.004400116801109611,0.002200018249840314,0.02830002428024981,0.036999585234342595,0.029574442284584602,0.033604854298014665,0.03575225048162941,0.03270100760847214,0.04981173661315645,0.05049582574999316,0,0.010999938427436733,0.07749975986936895,0.002199986794664325,0.041904254628303085,0.0018732525475628889,0.001127316534247428,4.5117897283168985e-5,0.0019337079648730285,0.0020856686903107688,0,2.517797974528518e-4,0,6.475483638719394e-4,0,0.0014472901390814698,2.763023844345975e-4,9.027090185333346e-5,0.0016999784888164732,9.999999999999998e-4,0.005969095288214004,6.323915107424004e-4,0.001,7.608636485118587e-4,0.0016999913442395916,0.0015999999999999999,0.0016000111334166021,0.0010374158777329743,9.190909808033869e-4,0.0030397426945755163,9.278393167385746e-4,0.0026699124382058926,0.04299955508592403,0.02699949315762798,0.025,0.015799700594274997,0.026726987310862076,0.04016281327277095,8.632921740660768e-4,0.002300032850312078,0.001100029594554602,0,0,0.014367101352385402,0.003470707134886566,0.049999999999999996,0.004999839912912625,0.004999999999999999,0.0030000495933346556,0.017999805333852443,0.01477058390104064,0.02281650366873054,0.009999999999999998,0.009000175467639641
HUN,0.00723977190139157,0.011,0.02769996871415163,0.005895747709387027,0.026499599394640794,0.03969929667429421,0.02676858596372953,0.01951620693738291,0.035959106114479465,0.003399998403019818,0.0029000223726390055,0.002563708382379622,0.004260561507234293,0.004001138513084054,1.617549563876932e-4,0.0020543060103069936,3.0000540550280185e-4,0.0014000024886352323,0.0021999878334397907,0.027899859616284512,0.03550090502475729,0.033423888610435847,0.024545177370714707,0.03575225048162941,0.03269956089413899,0.04981173661315645,0.05049582574999316,0,0.010999936187862932,0.0673008486175746,0.002199995133346311,0.04340009358914366,1.0000000000000002e-4,0.001127316534247428,4.5117897283168985e-5,0.0019337079648730285,0.0020856686903107688,0,2.517797974528518e-4,0,6.475483638719394e-4,0,0.0014472901390814698,2.763023844345975e-4,9.027090185333346e-5,0.0016999916037950848,0.0017000018863060468,0.0027367033850433523,7.000048209034374e-4,6.000322945260778e-4,7.00015651901706e-4,0.0016999754706567732,0.0015000084868030212,0.001338244595567633,3.9999686829619656e-4,0.0012000152276534187,0.0029000461263862984,6.99992488110991e-4,0.0014164664880916963,0.03570013174666081,0.039998675978948066,0.015899312664319216,0.017200045646468105,0.02911282517694523,0.02028885451050006,8.999823679802521e-4,0.002300018455102836,0.0026369308178346364,0,0,0.012948998912697629,0.0036995025026789626,0.006399849353960253,0.0041999687269640585,0.006599910708591108,0.004800019836841975,0.035400038933229516,0.016800132728680455,0.015999764899494534,0.009999999999999998,0.009000175467639641
IDN,0.007239857521400001,0.005000021951583587,0.024037414612879244,0.005895738862631343,0.026500029502973237,0.03969972746739342,0.0252122710454443,0.01951620693738291,0.035959106114479465,0.003399982841736927,0.002899988357201071,0.0019999714799075947,0.004260561507234293,0.003000032728938928,1.617549563876932e-4,0.0020543060103069936,2.999943473474255e-4,0.0013999879339989744,0.0022000219002080517,0.026999846852825565,0.03549980533385244,0.033834446767143714,0.051565269894339044,0.028999721370855394,0.03270021136683889,0.04981173661315645,0.05049582574999316,0,0.01099992980759482,0.0672990236335432,0.002199986794664325,0.041904254628303085,1e-4,9.999999999999999e-5,4.5117897283168985e-5,0.0019337079648730285,0.0020856686903107688,0,2.517797974528518e-4,0,6.475483638719394e-4,0,0.0014472901390814698,2.763023844345975e-4,9.027090185333346e-5,0.001699963835220112,0.0017000465766185374,0.003273126778515867,7.000158302991927e-4,8.50002664251079e-4,7.999449073755252e-4,0.0018517505678222058,0.001500007675814532,0.001338244595567633,3.999954938716655e-4,0.0012,0.002900025068939584,7.000032444357926e-4,0.0011418809734119178,0.03569895849688596,0.03330112403865115,0.01590004457105207,0.0136003510195296,0.029542108121903818,0.020436051940199443,9.000382995021066e-4,0.0022999489013796628,0.0026369308178346364,0,0,0.013260674580526974,0.00370831464949112,0.006449966432768975,0.004199879415372461,0.006599907307598173,0.0048000000000000004,0.03540059562722452,0.01679935480154387,0.016000317393144305,0.009999999999999998,0.009000175467639641
IND,0.01919307937433084,0.010000134001692544,0.01,0.03000022461562651,0.026500029502973237,0.03969972746739342,0.02511354760440729,0.018609421086114162,0.035959106114479465,0.003400011070672405,0.005000094112529305,0.002563708382379622,0.004260561507234293,0.004001138513084054,1e-4,9.999999999999999e-5,1.0000018195415119e-4,0.0044000811112237664,0.0021999708000778662,0.03000010641354432,0.02,0.04930069545034856,0.05812644372084115,0.03999954375399215,0.0399997079993576,0.04981173661315645,0.050001825017337666,0,0.049999999999999996,0.11999416015767575,0.002199986794664325,0.041904254628303085,9.999999999999999e-5,1e-4,4.5117897283168985e-5,0.0019337079648730285,0.0020856686903107688,0,2.517797974528518e-4,0,6.475483638719394e-4,0,0.0014472901390814698,2.763023844345975e-4,9.027090185333346e-5,0.001804656160054785,0.001555131120709311,0.0019893509326623887,6.999985537219964e-4,5.999925476021911e-4,7.999901618377688e-4,0.0017000267594327002,0.0015000061291034347,0.001338244595567633,4.0000720993529085e-4,0.0012000246791707798,0.004400068760027504,9.278393167385746e-4,1.375873554059278e-4,0.03570000523368399,0.040000747440017935,0.0159,0.013599975118962462,0.021999776342643072,0.019689848574171116,8.632921740660768e-4,0.0022841816733350315,0.0026369308178346364,0,0,0.012899929709064102,0.0028813175524043913,0.006499833563174664,0.00419997521224515,0.00660004049311617,0.004799944456567019,0.0353997257001283,0.01477058390104064,0.01600031739314431,0.009999999999999998,0.009000175467639641
IRL,0.0072398321583532115,0.010999765423410744,0.02769977613393031,0.005895706004735581,0.026501194584550043,0.039699907027994905,0.02676858596372953,0.01951620693738291,0.02951480207952622,0.003399998403019818,0.0029000175526241174,0.002563708382379622,0.004260561507234293,0.004001138513084054,1.617549563876932e-4,0.0020543060103069936,2.999961740061981e-4,0.0014000025284495727,0.0021999652385504475,0.02790112269042944,0.035498175017344875,0.031125888127716283,0.03600195554836853,0.04890027442445216,0.03270047940727828,0.04999932407770403,0.05049582574999316,0,0.010999982879936997,0.0673008486175746,0.0022000470976097967,0.04339988561326886,9.999999999999999e-5,0.001127316534247428,4.5117897283168985e-5,0.0019337079648730285,0.0020856686903107688,0,2.517797974528518e-4,0,6.475483638719394e-4,0,0.0014472901390814698,2.763023844345975e-4,9.027090185333346e-5,0.0016999931790397135,0.0016999926456768837,0.005413929202057737,7.000033205276463e-4,6e-4,6.999932482614274e-4,0.0017000107781448952,0.0015000054872896082,0.0014000061037018952,4.0000132103013936e-4,0.0012,0.0029000461263862984,7.000011421131378e-4,0.0011419586728986337,0.03569952106282993,0.04000033100526298,0.015900024755101317,0.01720004186492122,0.03890806032949652,0.019751684009554432,8.999976995099958e-4,0.0023000192443389566,0.0026369308178346364,0,0,0.012899823438636816,0.0037104177666350694,0.006399811375507834,0.004200014512208396,0.006599948360444101,0.004799944456567019,0.035400066797080014,0.01679994690911504,0.01599993387773994,0.009999999999999998,0.009000175467639641
IRN,0.024466729759874434,0.010999965023958589,0.02770046766282651,0.022100068620150962,0.026500029502973237,0.037529792881986615,0.02676858596372953,0.01951620693738291,0.035959106114479465,0.003399998403019818,0.0028999655174615745,0.002563708382379622,0.004260561507234293,0.004001138513084054,1.617549563876932e-4,0.0020543060103069936,3.0000103071000457e-4,0.0014000073000693509,0.00220003590234562,0.027900019755223375,0.02715032727703064,0.03190233024943116,0.02752276011459269,0.03575225048162941,0.03269908274351731,0.04981173661315645,0.05049582574999316,0,0.011000031905729204,0.0629746263877777,0.0022000182498403136,0.043399625643425366,1.0000156652237256e-4,0.001127316534247428,4.5117897283168985e-5,0.0019337079648730285,0.0020856686903107688,0,2.517797974528518e-4,0,6.475483638719394e-4,0,0.0014472901390814698,2.763023844345975e-4,9.027090185333346e-5,0.0016999773025739946,0.0016999766903186579,0.002470699222106397,6.99995375683663e-4,6.00003284045287e-4,7.000059769290538e-4,0.0016999732953533915,0.0014999948616235214,0.001338244595567633,3.999951805735806e-4,0.0012000101450745663,0.002899988925939142,7.000017730042376e-4,0.0016265664207287026,0.03570002119755001,0.03999945641834044,0.019257078274595003,0.017200007985147626,0.027999661174876116,0.020245261150783265,9.000057653502451e-4,0.002300032850312078,0.0026369308178346364,0,0,0.012899975335743472,0.003769184324109311,0.006400035276479408,0.004200030562347188,0.006600043622231475,0.004800042319085908,0.03540054581597242,0.01477058390104064,0.02281650366873054,0.01,0.009000175467639641
IRQ,0.024466742943197124,0.010999943569098438,0.02770025326513383,0.02210003296755051,0.026500029502973237,0.037529792881986615,0.02676858596372953,0.01951620693738291,0.035959106114479465,0.003399998403019818,0.0029000150364358514,0.002563708382379622,0.004260561507234293,0.004001138513084054,1.617549563876932e-4,0.0020543060103069936,3.0000239475070647e-4,0.0014000449236298293,0.002200018249840314,0.027899773108414717,0.03550031285848368,0.032161883293954224,0.03735965985003111,0.03575225048162941,0.028185178483178298,0.05000088937903556,0.05049582574999316,0,0.011000070192678903,0.06730030806067773,0.002199925512104283,0.041904254628303085,9.999999999999999e-5,9.999999999999999e-5,4.5117897283168985e-5,0.0019337079648730285,0.0020856686903107688,0,2.517797974528518e-4,0,6.475483638719394e-4,0,0.0014472901390814698,2.763023844345975e-4,9.027090185333346e-5,0.0016999936787542931,0.0017000451591368715,0.003018007572356487,7.000000000000001e-4,5.999834350238812e-4,7.000038259938019e-4,0.0018517505678222058,0.0015,0.001338244595567633,3.9999999999999996e-4,9.190909808033869e-4,0.0028999808448022663,6.999829438853829e-4,0.0010743408627674515,0.03570104852475006,0.03999895276992355,0.019257078274595003,0.017200143643763467,0.0239996678016776,0.020009512003056316,9e-4,0.0022841816733350315,0.0026369308178346364,0,0,0.012900173474215425,0.003937745177906729,0.006400063267780883,0.004199821764531142,0.006600042829609537,0.004799826877299286,0.029626189132487393,0.01477058390104064,0.02281650366873054,0.009999999999999998,0.009000175467639641
ISL,0.00723990175336203,0.010999837325633413,0.024037414612879244,0.014169147439885463,0.026499938552291998,0.03969999679825825,0.02676858596372953,0.01951620693738291,0.035959106114479465,0.003399998403019818,0.0029000223726390055,0.0030000522629873524,0.004260561507234293,0.004001138513084054,1.617549563876932e-4,0.0020543060103069936,2.999977206079832e-4,0.0014000057480348905,0.0021999763824328243,0.02789986151517429,0.03549894152857873,0.04074473817419844,0.04442219558911994,0.04890002322726217,0.032699968714151637,0.049999999999999996,0.06080227762163741,0,0.011,0.0629746263877777,0.0021999017336983223,0.041904254628303085,9.999855158528991e-5,1e-4,4.5117897283168985e-5,0.0019337079648730285,0.0020856686903107688,0,2.517797974528518e-4,0,6.475483638719394e-4,0,0.0014472901390814698,2.763023844345975e-4,9.027090185333346e-5,0.0017000054386251155,0.0017000337962888455,0.003582155587245266,6.999934920649678e-4,5.999931686989787e-4,6.999938510729877e-4,0.0017000445509896686,0.0015000095529840338,0.001338244595567633,4.0000247894446546e-4,0.0012000000000000001,0.002900023946360153,7.000075085722867e-4,0.001231201293136739,0.035700164908307006,0.03999965433731061,0.01589989432717338,0.017200032824937574,0.025347536952444204,0.023189408945641025,9.0003633319116e-4,0.0022999803608807906,0.0026369308178346364,0,0,0.012900168440457521,0.003702651692031687,0.006400086617583369,0.004200094206311823,0.006599928075675796,0.006278745023808365,0.035400311516736206,0.01477058390104064,0.01600031739314431,0.009999999999999998,0.009000175467639641
ISR,0.007239869203833619,0.011000154058249818,0.027699134044228156,0.005895813668052662,0.026499680627794505,0.03969982772213625,0.02676858596372953,0.01951620693738291,0.035959106114479465,0.003399998403019818,0.002899974598174025,0.003,0.004260561507234293,0.004001138513084054,1.617549563876932e-4,0.0020543060103069936,3.000035750406805e-4,0.0013999933027492215,0.002199932409597837,0.027899584076054668,0.035499866464880264,0.0295171253129592,0.037959422831230084,0.04890044712108769,0.0326996271934105,0.05000168981716178,0.05049582574999316,0,0.011,0.0672999961740062,0.0022000169769679136,0.04340058906108068,9.999866177769451e-5,0.001127316534247428,4.5117897283168985e-5,0.0019337079648730285,0.0020856686903107688,0,2.517797974528518e-4,0,6.475483638719394e-4,0,0.0014472901390814698,2.763023844345975e-4,9.027090185333346e-5,0.001699976360770485,0.0017000111807176665,0.0029010271535709303,6.999973519053041e-4,6e-4,6.999949361960704e-4,0.0018517505678222058,0.00149998540870225,0.001338244595567633,3.9999911450746693e-4,0.0011999566254608544,0.002900018105093102,7.000046941406293e-4,0.0019061307817767226,0.035699755662651725,0.03999911310170506,0.015899770093588166,0.01720008888764057,0.029963227442398842,0.020505695521836828,9.000242072137496e-4,0.0022841816733350315,0.0026369308178346364,0,0,0.012900028486359716,0.003719574538496145,0.006399852377339922,0.004199975074331903,0.006599997200722214,0.00480008926800238,0.0353998810360677,0.016799803367334398,0.015999863488217324,0.009999999999999998,0.009000175467639641
ITA,0.007239778435616563,0.0109999156070665,0.02769957884885353,0.005895674753164623,0.02650015642924184,0.039699114482495954,0.02676858596372953,0.01951620693738291,0.030511625777055264,0.003399998403019818,0.0029000137891076173,0.003000018105118317,0.004260561507234293,0.004001138513084054,1.617549563876932e-4,0.0020543060103069936,3.000009396843466e-4,0.001399990875079843,0.0021999708000778667,0.027900195052239236,0.03549980533385244,0.03194462405526194,0.026879614500939585,0.048899514545388184,0.032699524358111576,0.04981173661315645,0.05049582574999316,0,0.011000021935115926,0.0629746263877777,0.0022000726696174934,0.041904254628303085,1.0000091823991773e-4,1e-4,4.5117897283168985e-5,0.0019337079648730285,0.0020856686903107688,0,2.517797974528518e-4,0,6.475483638719394e-4,0,0.0014472901390814698,2.763023844345975e-4,9.027090185333346e-5,0.0017000288837734463,0.001700022623560507,0.0049176702581656614,6.999949179147341e-4,5.999959632928765e-4,6.999916015789032e-4,0.0017000061969387123,0.0014999767219907355,0.0013999679127226054,4.00009159349788e-4,0.0011999911371089248,0.002899981768459435,7e-4,0.001474414731976328,0.03570019016181694,0.03999920785804816,0.01590011280630343,0.01720001395615863,0.018651886784647586,0.02044507114517712,8.999951049977972e-4,0.0022999767639996904,0.0026369308178346364,0,0,0.012900023502422154,0.003751724145112105,0.006400136311533815,0.004200066342645341,0.006599972133203289,0.004799895937215454,0.03540089565057358,0.01680066033842344,0.01599957574873719,0.01,0.009000175467639641
JAM,0.007239910950410137,0.010999986922767317,0.02769977613393031,0.005895674433183576,0.026500029502973237,0.03970014194464159,0.02676858596372953,0.01951620693738291,0.035959106114479465,0.0033999598903670034,0.0029000228971087197,0.0029999959541524555,0.0024000048332381793,0.0027000116209049516,1.617549563876932e-4,0.0020543060103069936,3.0000284970648026e-4,0.0014000229920294299,0.002199991888932448,0.027899506968699812,0.035500164837752556,0.02974773927614046,0.033604854298014665,0.048899514545388184,0.03269892585253937,0.049998648191956735,0.05049582574999316,0,0.01099993939427331,0.06729933934372376,0.0022000219002080517,0.041904254628303085,1.0000066849835217e-4,0.001127316534247428,4.5117897283168985e-5,0.0019337079648730285,0.0020856686903107688,0,2.517797974528518e-4,0,6.475483638719394e-4,0,0.0014472901390814698,2.763023844345975e-4,9.027090185333346e-5,0.0017000128713012886,0.0017000009037750684,0.002882926027014393,7.00003283807545e-4,6.000033975277323e-4,6.99980004557101e-4,0.0017000269826084823,0.0015000035445155713,0.0013999961505519146,3.999896012062601e-4,0.0011999618302399922,0.0030397426945755163,6.999919633528892e-4,0.0013573755730386726,0.035699932238241,0.03999937797406152,0.015899915773576138,0.017199472339947796,0.029963227442398842,0.020540368382550273,9.000000000000001e-4,0.0023000365007908503,0.0026369308178346364,0,0,0.012899867458321146,0.003064705983016243,0.006399970897096986,0.004199980789549515,0.006600008542870975,0.004799980069631724,0.03540124484516278,0.016800132728680455,0.016000071484738008,0.009999999999999998,0.009000175467639641
JOR,0.024466935048908116,0.011000041703913097,0.02769977613393031,0.02210041349737097,0.026500029502973237,0.03969972746739342,0.02676858596372953,0.01951620693738291,0.03625597496165684,0.003399998403019818,0.0029000414510953836,0.002999971836539274,0.004260561507234293,0.004001138513084054,1.617549563876932e-4,0.0020543060103069936,3.000040515537709e-4,0.0013999797221940587,0.0021999878334397907,0.027899355439931658,0.03550035486160398,0.02939004376367615,0.02943925407395356,0.048899514545388184,0.03270067220245156,0.049999999999999996,0.05049582574999316,0,0.010999850657108722,0.06730011587485515,0.002200015208354456,0.04339915769770706,9.99962136988376e-5,0.001127316534247428,4.5117897283168985e-5,0.0019337079648730285,0.0020856686903107688,0,2.517797974528518e-4,0,6.475483638719394e-4,0,0.0014472901390814698,2.763023844345975e-4,9.027090185333346e-5,0.0016999804321586817,0.0017000049073084922,0.0027857220804623503,6.999943205328962e-4,6e-4,7.000118736642128e-4,0.0017,0.0014999889044226972,0.001338244595567633,4.0000083965876273e-4,0.0012,0.0028999543468336266,6.999991657141903e-4,0.0012113701258392525,0.035699697737112984,0.0399996185972005,0.01589984799380503,0.017199664179933898,0.03705479452054795,0.019868891125407524,8.999966066035494e-4,0.002300008902341316,0.0026369308178346364,0,0,0.012899880240333563,0.004169671450470394,0.006400339540559181,0.004200068610634649,0.006599950202064699,0.004800153387805669,0.03540054581597242,0.016800132728680455,0.016000052898857385,0.009999999999999998,0.009000175467639641
JPN,0.016487141869509676,0.015400257597569925,0.023800322061191627,0.012951854305423876,0.026500346753294157,0.02209942331557048,0.025659645850154525,0.01951620693738291,0.02988021843841999,0.003400057937427578,0.00369997594688699,0.002200012497851932,0.003800061178449891,0.004479335602447635,1.617549563876932e-4,2.999927001970947e-4,6.000008410146e-4,0.001400014613931252,0.006699981750061729,0.02180010053985531,0.02350001659090155,0.029595982814696664,0.028316793458323962,0.03339990555271339,0.024999554882934212,0.04981173661315645,0.05049582574999316,0,0.009200008021980226,0.04209868198715782,0.0021999708000778662,0.041904254628303085,0.0109,0.004800160601525714,0.0011000112309074573,0.005399897220111477,0.0073999269984183,0,7.999745352686529e-4,0,6.475483638719394e-4,0,0.00570009573958832,0.0022,6.999756671262876e-4,0.0014000162796705842,0.0023000062098393424,0.0035155663553914822,9.999907416837173e-4,0.00649995662895451,0.001,0.0021,0.0018000131483794624,0.001338244595567633,0.0018999874408674173,0.001399984096059799,0.004399967912722605,0.0018000048666536887,0.00245420669816669,0.04729967597548622,0.10420155086656988,0.020599899317597044,0.013300049231475526,0.09812070155176666,0.021894997142038523,0.0011000116631677164,0.0022841816733350315,0.007899593691894498,0,0,0.011009321845891484,0.004199548662127065,0.010700045531416676,0.008099923744720787,0.010200007162297665,0.008499947721226343,0.02539971475754391,0.013399931973646086,0.024700008147208415,0.009999999999999998,0.009000110607233713
KAZ,0.007240001229972077,0.010999848277954785,0.0276998075816786,0.005895782750635023,0.026499680627794505,0.03969968235633843,0.025212829266764807,0.01951620693738291,0.03491705085067307,0.003399998403019818,0.002899986642638407,0.002563708382379622,0.004260561507234293,0.004001138513084054,1.617549563876932e-4,0.0020543060103069936,2.9999387102284806e-4,0.0014,0.002199972625239529,0.03020404793788886,0.035499654730196305,0.04074473817419844,0.03467252390839126,0.04890013626630329,0.03269959528078067,0.04999831023994593,0.05049582574999316,0,0.010999894710981645,0.0629746263877777,0.002199995290349927,0.041904254628303085,1.0000000000000002e-4,0.001127316534247428,4.5117897283168985e-5,0.0019337079648730285,0.0020856686903107688,0,2.517797974528518e-4,0,6.475483638719394e-4,0,0.0014472901390814698,2.763023844345975e-4,9.027090185333346e-5,0.0017000406164972856,0.0017000257850658261,0.002160018913950896,7.000026664059515e-4,6.000038060439979e-4,7.000038259938019e-4,0.0016999825571254144,0.0015000102574623038,0.001338244595567633,4.00001055446566e-4,0.0012,0.0028999652378533035,6.999707632985619e-4,0.0016371518703115194,0.03570088401357873,0.04000009997900441,0.01589988000473221,0.017199944110660892,0.02823231403802156,0.020469094818964483,9.000026787388497e-4,0.0023000106311350512,0.0026369308178346364,0,0,0.012913838885226002,0.003713500165067969,0.0063999500686555974,0.004199938099659548,0.006600088378258949,0.004799965501379945,0.0353992152568665,0.016800132728680455,0.016000581887431232,0.009999999999999998,0.009000175467639641
KEN,0.01786469609924347,0.011600105097214923,0.027700113151074936,0.012312273911146988,0.026500029502973237,0.039698882214280286,0.029019834783058307,0.02121315682306066,0.0362700334116176,0.0033998806864690137,0.0034499761089027375,0.003850098988292881,0.004336789344974635,0.004314361448880938,3.0000166325698985e-4,1e-4,9.999929536609255e-5,0.0014000145999610667,0.002199987304408544,0.03773259102682426,0.03549942968877302,0.02976320868730743,0.02732192890254264,0.047300660317881674,0.025199898141074612,0.04981173661315645,0.05049582574999316,0,0.0038595305988155296,0.07750026071540306,0.002199986794664325,0.041904254628303085,0.0018732525475628889,0.001127316534247428,4.5117897283168985e-5,0.0019337079648730285,0.0020856686903107688,0,2.517797974528518e-4,0,6.475483638719394e-4,0,0.0014472901390814698,2.763023844345975e-4,9.027090185333346e-5,0.00700015535187199,0.0025853087997684907,0.003427861328539729,8e-4,0.001,6.999986226464472e-4,0.0017000180864532467,0.002,0.0012000340338636944,5e-4,0.0011149690645488966,0.002,7.00002190004818e-4,0.002523694129373132,0.035999834635578154,0.03329942583299426,0.0360006177333598,0.009199867949443502,0.02688245739577536,0.02176174001263342,0.0011999746372599786,0.002399979722194059,0.0026369308178346364,0,0,0.012900230479712246,0.0038529184694466086,0.008299998048666265,0.008899961579099029,0.005099910297256334,0.004699966277201405,0.03540069788153534,0.01477058390104064,0.02281650366873054,0.009999999999999998,0.009000175467639641
KGZ,0.007239747149350772,0.010999970623659703,0.027700113151074932,0.0058956503958832686,0.02649892933618844,0.03969940955448202,0.02676858596372953,0.01951620693738291,0.03211410383288309,0.003399998403019818,0.0029000078229804395,0.002563708382379622,0.004260561507234293,0.004001138513084054,1.617549563876932e-4,0.0020543060103069936,3e-4,0.0014,0.0022000224618149147,0.027900135051282988,0.035499792617171295,0.04074473817419844,0.031068529754009262,0.03575225048162941,0.032700450176420495,0.04981173661315645,0.05049582574999316,0,0.026825789186188845,0.0629746263877777,0.002200018249840314,0.043399625643425366,9.999999999999999e-5,0.001127316534247428,4.5117897283168985e-5,0.0019337079648730285,0.0020856686903107688,0,2.517797974528518e-4,0,6.475483638719394e-4,0,0.0014472901390814698,2.763023844345975e-4,9.027090185333346e-5,0.00169994204191897,0.0017000073871611143,0.002793293804296316,7.00004403928304e-4,6.000159855064741e-4,7.000103302227885e-4,0.0016999941129143038,0.0015000135146092926,0.001338244595567633,3.999965392610024e-4,0.0012000040896450188,0.0028999278036258625,6.999974235436581e-4,0.0016111254631727373,0.03570009317840474,0.039999795632670164,0.015900312247022087,0.017199732798931198,0.02875770454033613,0.020199029300737012,8.999976508727007e-4,0.002299981750159686,0.0026369308178346364,0,0,0.012921414686203399,0.003739019941556036,0.006399886824483637,0.00419988473729709,0.006600135470760894,0.004800092147025699,0.035398934228775825,0.01477058390104064,0.01600031739314431,0.009999999999999998,0.009000175467639641
KHM,0.0103222013048,0.00846675001708,0.025179050237,0.00865351576195,0.0264996570192,0.0331095419173,0.0267685859637,0.0195162069374,0.0296020886078,0.00340001634377,0.00316665486448,0.00218790593213,0.00364038040133,0.0034358723362,0.000253918070304,0.00146953255024,0.000400000320173,0.0013999950074,0.00408753805821,0.0280681187965,0.0287164807228,0.0542746932067,0.045758063669,0.0304667076509,0.0301338041302,0.0498750543478,0.05049582575,0,0.0215505740139,0.0658575503632,0.00220001019836,0.0419042546283,0.00370000407061,0.000442438844749,0.000396742063114,0.00308917514404,0.00208566869031,0,0.000434524134094,0,0.000647548363872,0,0.00144729013908,0.000276302384435,0.000293510554935,0.00163490123111,0.00185170950569,0.0025723616111,0.000800007332279,0.001063259384,0.000786958739998,0.00188392049654,0.00160001686711,0.00133824459557,0.000900000459536,0.0012666700842,0.00303974269458,0.00106666212444,0.00110406267731,0.0395666469938,0.0569326797346,0.0174665371349,0.013499970848,0.0581926991004,0.0210574246451,0.000954429301312,0.00228946487751,0.00439127192045,0,0,0.0123793566045,0.00383748829236,0.00786662875702,0.00610035185655,0.00779993666379,0.00603339644724,0.0315507718978,0.0154470974774,0.0182724055243,0.01,0.00900017546764
KIR,0.0103222013048,0.00846675001708,0.025179050237,0.00865351576195,0.0264996570192,0.0331095419173,0.0267685859637,0.0195162069374,0.0296020886078,0.00340001634377,0.00316665486448,0.00218790593213,0.00364038040133,0.0034358723362,0.000253918070304,0.00146953255024,0.000400000320173,0.0013999950074,0.00408753805821,0.0280681187965,0.0287164807228,0.0542746932067,0.045758063669,0.0304667076509,0.0301338041302,0.0498750543478,0.05049582575,0,0.0215505740139,0.0658575503632,0.00220001019836,0.0419042546283,0.00370000407061,0.000442438844749,0.000396742063114,0.00308917514404,0.00208566869031,0,0.000434524134094,0,0.000647548363872,0,0.00144729013908,0.000276302384435,0.000293510554935,0.00163490123111,0.00185170950569,0.0025723616111,0.000800007332279,0.001063259384,0.000786958739998,0.00188392049654,0.00160001686711,0.00133824459557,0.000900000459536,0.0012666700842,0.00303974269458,0.00106666212444,0.00110406267731,0.0395666469938,0.0569326797346,0.0174665371349,0.013499970848,0.0581926991004,0.0210574246451,0.000954429301312,0.00228946487751,0.00439127192045,0,0,0.0123793566045,0.00383748829236,0.00786662875702,0.00610035185655,0.00779993666379,0.00603339644724,0.0315507718978,0.0154470974774,0.0182724055243,0.01,0.00900017546764
KOR,0.016487108708860443,0.01539988114887149,0.023799940810890794,0.012951719903814997,0.026500346753294157,0.037529792881986615,0.02565874526095609,0.01951620693738291,0.022007016127596174,0.0034000086904882603,0.003699990378910572,0.0022000074186727995,0.004260561507234293,0.0018295449737688275,1.617549563876932e-4,0.0020543060103069936,5.999953748670274e-4,0.0013999912522416132,0.006699894557547246,0.021799917478655534,0.023500425842559923,0.04278506195788855,0.022467163499393743,0.033399753253101794,0.025,0.004999999999999999,0.05049582574999316,0,0.00919994946162593,0.042100965107646625,0.002200018249840314,0.0039001002757583355,0.010900058923661122,0.004799980533385244,0.0011000091249201568,0.00540005145356316,0.007399870224673534,0,7.999999999999999e-4,0,0.0017000391083300745,0,0.005699852450104838,0.002200018249840314,6.999839563613027e-4,0.0014000149419598248,0.002299959215506694,0.0039012837636585476,9.999884762091338e-4,0.006499961939560022,0.001,0.0020999234678859475,0.0017999750592343185,0.001338244595567633,0.00189998960120626,0.0014000000000000002,0.0030397426945755163,0.0017999869058530837,0.0022517932033680787,0.04730012557555462,0.1042027590632018,0.020599546231177223,0.013300062953467189,0.021461674341652387,0.021575334413058454,0.0011,8.99990641085634e-4,0.007900076532114053,0,0,0.011261831570109538,0.004197272920680423,0.010699507389162562,0.008100188902340787,0.010199925455432725,0.008499999999999999,0.02540033201379134,0.013400398595425644,0.024700036943241264,0.009999999999999998,0.009000070792922374
KWT,0.024466720541701854,0.011000119597469089,0.027699607628433248,0.022100168863046846,0.026500029502973237,0.037529792881986615,0.02676858596372953,0.01951620693738291,0.036300819809268865,0.003399998403019818,0.0028999114405667803,0.0029999509411129826,0.004260561507234293,0.004001138513084054,2.999966818196901e-4,0.0020543060103069936,2.9999747446503755e-4,0.0014000265171308466,0.002199953545475661,0.027899355439931658,0.03550050187060863,0.0314219719321417,0.04297136139464798,0.03575225048162941,0.0327000638744411,0.05,0.05049582574999316,0,0.011000000000000001,0.06730185817216534,0.002199905140948178,0.043400133366089916,1e-4,1e-4,4.5117897283168985e-5,0.0019337079648730285,0.0020856686903107688,0,2.517797974528518e-4,0,6.475483638719394e-4,0,0.0014472901390814698,2.763023844345975e-4,9.027090185333346e-5,0.001700007973058655,0.001699990221659539,0.0027979139882970375,7.00006134281538e-4,6.000096588805357e-4,7.00003501768393e-4,0.0016999542114558576,0.0014999963441473454,0.001338244595567633,4.0000106305511406e-4,0.0011999845258128786,0.0029000144577317885,6.999833935317806e-4,0.0015260350687772194,0.0357001011376136,0.03999973386737281,0.019257078274595003,0.017200360812427498,0.024,0.01967336871216085,8.999929489740758e-4,0.0022999361255589008,0.0026369308178346364,0,0,0.01290009192712686,0.0036543736865005676,0.006400009353661959,0.00419989126495107,0.006599997597511021,0.004799951170384838,0.03540011088523378,0.016800102097247627,0.016000339097999323,0.009999999999999998,0.009000175467639641
LAO,0.007239704869773536,0.00500005285943686,0.024037414612879244,0.0058957333268354496,0.026500029502973237,0.037529792881986615,0.02676858596372953,0.01951620693738291,0.03629930394431554,0.0034000573542234693,0.002899957625486344,0.0020000094140240716,0.004260561507234293,0.004001138513084054,2.9999477042150403e-4,0.0020543060103069936,3.000022438462516e-4,0.001399996197935479,0.0033627601698822205,0.027000308451573102,0.02715032727703064,0.061099332548095804,0.033604854298014665,0.029000268951473472,0.03270066395522647,0.04981173661315645,0.05049582574999316,0,0.026825789186188845,0.06729868535805421,0.002199986794664325,0.041904254628303085,1e-4,9.999999999999998e-5,4.5117897283168985e-5,0.0019337079648730285,0.0020856686903107688,0,2.517797974528518e-4,0,6.475483638719394e-4,0,0.0014472901390814698,2.763023844345975e-4,9.027090185333346e-5,0.001804656160054785,0.001555131120709311,0.0024217753086314027,7.000174737999548e-4,8.49984629572702e-4,8.000163974747888e-4,0.0018517505678222058,0.0014999947078933532,0.001338244595567633,4e-4,0.0012,0.0030397426945755163,6.99991239980728e-4,0.0010114231752274383,0.03569978238502372,0.03329887536314542,0.015899869153196498,0.013599981925533198,0.029963227442398842,0.02040927721683495,8.632921740660768e-4,0.0022841816733350315,0.0026369308178346364,0,0,0.012945225986512206,0.0037001984970934355,0.0064499992101397,0.006001091211381903,0.006599921638174581,0.004800120909846596,0.029626189132487393,0.01477058390104064,0.01600031739314431,0.009999999999999998,0.009000175467639641
LBN,0.024466680060633697,0.010999905846907071,0.027700142524420344,0.02210006231638921,0.026500029502973237,0.03969908346175684,0.02676858596372953,0.01951620693738291,0.035959106114479465,0.0033999608925196077,0.0029000181854511903,0.0030000894614421185,0.004260561507234293,0.002432041682481626,1.617549563876932e-4,0.0020543060103069936,2.9999974277652167e-4,0.0013999941365595286,0.0022000405556118832,0.027899445633679125,0.03550020563438207,0.030355911996276953,0.03494727790990399,0.04890013626630329,0.03269998294388538,0.04981173661315645,0.05049582574999316,0,0.01100022888532845,0.06730061621669549,0.0021999474622903677,0.043399625643425366,9.999908291376639e-5,9.999999999999999e-5,4.5117897283168985e-5,0.0019337079648730285,0.0020856686903107688,0,2.517797974528518e-4,0,6.475483638719394e-4,0,0.0014472901390814698,2.763023844345975e-4,9.027090185333346e-5,0.001699999725841871,0.001699992272963098,0.0025840443938046197,7.000008561130754e-4,5.999861459682103e-4,7.000243072435587e-4,0.0018517505678222058,0.0014999863093538405,0.001338244595567633,4.0001167065414016e-4,0.0012000151737393153,0.0029,6.999857262290736e-4,0.0014466163490082643,0.035699968469888745,0.03999960893963983,0.015899971743430347,0.017200122231189326,0.029963227442398842,0.020380721643994317,9.000053818416662e-4,0.0023000595120015867,0.0026369308178346364,0,0,0.012900060165981315,0.003715921114207377,0.0064001089080367715,0.004200042971070359,0.006599959925862846,0.004800068726375309,0.035400062229242954,0.016800132728680455,0.015999773294037633,0.009999999999999998,0.009000175467639641
LBR,0.0178641750651,0.0115999607911,0.0251644041611,0.0133224410896,0.026500112472,0.037863708108,0.0288467731962,0.0212130011199,0.0362215275264,0.00339999101889,0.00345001314954,0.00355319648979,0.00430747766595,0.00405467886676,0.000193658174915,0.00205430601031,9.99993467241e-05,0.00142882857229,0.0025577790894,0.0348363665513,0.0335730645065,0.0302529864559,0.0300040917906,0.04285878972,0.0254295820996,0.0498117366132,0.05049582575,0,0.0091594365352,0.0719130467487,0.00219999461515,0.0554339595364,0.00187325254756,0.00112731653425,4.51178972832e-05,0.00193370796487,0.00208566869031,0,0.000251779797453,0,0.000647548363872,0,0.00144729013908,0.000276302384435,9.02709018533e-05,0.00700003574948,0.00234759807698,0.00338059761416,0.000787104355188,0.00115070781583,0.00071873106572,0.00179338495999,0.00197011328829,0.00127444170736,0.00054133599078,0.00108485901014,0.002559860157,0.000805156670876,0.00228155569608,0.0359998263115,0.0332996918615,0.0347115656473,0.00920005170061,0.0286122359256,0.0231470313839,0.00101869575065,0.00230200281891,0.00263693081783,0,0,0.0129369847967,0.00385778889324,0.00829989804184,0.00756205199728,0.00509998558815,0.00482146522652,0.032291161392,0.0153949851724,0.0217678596263,0.01,0.00900017546764
LCA,0.007239984669861675,0.01099982338742911,0.024037414612879244,0.005895731675997739,0.026500029502973237,0.039699458326052775,0.02676858596372953,0.01951620693738291,0.035959106114479465,0.0033999972367293927,0.0029000150227262403,0.0030000344863261716,0.0023999752164686567,0.002648649331307673,1.617549563876932e-4,0.0020543060103069936,2.9999783652051083e-4,0.0013999938655951906,0.0022000219002080517,0.0278997711401913,0.035499869058530836,0.0336837710440572,0.033604854298014665,0.04890044712108769,0.03269998986109703,0.05,0.05049582574999316,0,0.01100010771219302,0.0629746263877777,0.0021999878334397907,0.043399625643425366,0.0018732525475628889,0.001127316534247428,4.5117897283168985e-5,0.0019337079648730285,0.0020856686903107688,0,2.517797974528518e-4,0,6.475483638719394e-4,0,0.0014472901390814698,2.763023844345975e-4,9.027090185333346e-5,0.0016999580008399831,0.0017000144799715667,0.0033465368258119438,6.999968279498667e-4,5.999949376059939e-4,7.000212873526515e-4,0.0017000063303158827,0.001499992919886152,0.00140002691065662,4.000012991906043e-4,0.0012000000000000001,0.002900102929312599,6.999947624783952e-4,0.0018917493949579562,0.035700276826350116,0.04000031739986035,0.015900081155380687,0.017199968880818498,0.029963227442398842,0.020380767298748787,8.632921740660768e-4,0.0023000365007908503,0.0026369308178346364,0,0,0.01290028068298595,0.003907071285627971,0.0063999434109075475,0.004200049258050612,0.0065999124726477025,0.00480001951981261,0.035400062229242954,0.016800132728680455,0.01600029387995004,0.009999999999999998,0.009000175467639641
LKA,0.010126271925574182,0.01000006044158623,0.024037414612879244,0.02999985742190285,0.026500029502973237,0.039701427163558053,0.02511251638775353,0.01951620693738291,0.03321124310648139,0.003400009167163221,0.005,0.002563708382379622,0.004260561507234293,0.004001138513084054,9.999999999999999e-5,1e-4,1.0000027007027228e-4,0.004399982195317368,0.0033627601698822205,0.03000108956199608,0.019999771876996076,0.03477796519782804,0.05997327707626471,0.03575225048162941,0.04000073000693507,0.04981173661315645,0.05049582574999316,0,0.04999984114595193,0.11999830235124354,0.0022000219002080517,0.05,9.999999999999999e-5,1e-4,4.5117897283168985e-5,0.0019337079648730285,0.0020856686903107688,0,2.517797974528518e-4,0,6.475483638719394e-4,0,0.0014472901390814698,2.763023844345975e-4,9.027090185333346e-5,0.001804656160054785,0.001555131120709311,0.004446287112362748,6.999959600856462e-4,6.000139004726161e-4,7.608636485118587e-4,0.0018517505678222058,0.0016115014145824658,0.0013999955220204644,3.9999999999999996e-4,0.0011999794541656679,0.004399955879108758,9.278393167385746e-4,8.863924778927313e-6,0.0356997542997543,0.039998970239934095,0.015900304021109393,0.013600130714377413,0.029963227442398842,0.019197481730189116,9.000051783957329e-4,0.0022841816733350315,0.0026369308178346364,0,0,0.012902216574530905,0.0033717403426672065,0.0064999477643125775,0.004200076406701959,0.006599936335019276,0.0048,0.035398947880698015,0.016800132728680455,0.016000317393144305,0.01,0.009000175467639641
LSO,0.0178642609509,0.0116000613828,0.0261302744248,0.0139043209538,0.0265000650232,0.0390801064226,0.0285376419268,0.0208493742681,0.0359292055218,0.00339998636014,0.00344998817368,0.00384999164275,0.00430958049693,0.00494000374951,0.00023087619558,0.00163552615096,9.99996278985e-05,0.00140000796095,0.0027813806377,0.0366562464799,0.0331144045687,0.0306785491071,0.0350882554719,0.0448257342628,0.0252000048552,0.0498520787675,0.05049582575,0,0.00878091750683,0.0712745227553,0.00219999926168,0.064938016581,0.00187325254756,0.00112731653425,4.51178972832e-05,0.00193370796487,0.00208566869031,0,0.000251779797453,0,0.000647548363872,0,0.00144729013908,0.000276302384435,9.02709018533e-05,0.00700002250806,0.00251174488319,0.00376229137743,0.000799999367612,0.00120991036779,0.000708690390271,0.00174336058782,0.00197224255816,0.00126912676509,0.000499999189813,0.00111499585981,0.00229706869054,0.00069999772336,0.00182190847661,0.0359999953052,0.033299893088,0.0348043253618,0.00919998471713,0.0286066260042,0.0222564136679,0.00105570004949,0.00238345490351,0.00263693081783,0,0,0.012940562387,0.00390768154089,0.00829999995982,0.00869294570502,0.00509997162102,0.00469999695683,0.0345750115444,0.0157853197928,0.0198951407238,0.01,0.00900017546764
LTU,0.007239840173018077,0.011000033796343235,0.027699913620407638,0.005895607130634975,0.026499087500588287,0.03969986357435198,0.02676858596372953,0.01951620693738291,0.03223176107506285,0.003399998403019818,0.002899999952268875,0.002563708382379622,0.004260561507234293,0.004001138513084054,1.617549563876932e-4,0.0020543060103069936,2.999952004513917e-4,0.001400003746330603,0.0021999898610970295,0.03020404793788886,0.03549977836879433,0.04074473817419844,0.031297051471911974,0.04890044712108769,0.032699661075866866,0.04981173661315645,0.05049582574999316,0,0.011000041289896362,0.0629746263877777,0.0021999351123367667,0.041904254628303085,9.999999999999999e-5,0.001127316534247428,4.5117897283168985e-5,0.0019337079648730285,0.0020856686903107688,0,2.517797974528518e-4,0,6.475483638719394e-4,0,0.0014472901390814698,2.763023844345975e-4,9.027090185333346e-5,0.0016999823044808987,0.0016999837642570118,0.0025845067550983106,6.999863542594779e-4,5.999932550924053e-4,6.999966890706221e-4,0.0017000274736057143,0.0015000168730806872,0.0013999870909442976,4.000013563735995e-4,0.0012000152276534187,0.002899981768459435,6.999984791568446e-4,0.0015329215957579532,0.035700176366843035,0.04000044133548117,0.01590046116523275,0.017200109407303186,0.06024329529427794,0.020461151392290284,9.000033765532146e-4,0.002300010627498836,0.0026369308178346364,0,0,0.013060726372922596,0.0036986131237452934,0.006400094315524728,0.004199996941007326,0.006600055542096773,0.004799888915337618,0.03540008477370132,0.016799803367334398,0.015999837234616125,0.01,0.009000175467639641
LUX,0.007240012987325332,0.01100034112229234,0.027699941067999924,0.005895668883404608,0.02649981982400874,0.039700142331974046,0.02676858596372953,0.01951620693738291,0.034056997769856746,0.003399998403019818,0.002900002063154754,0.0029999539149269555,0.004260561507234293,0.004001138513084054,1.617549563876932e-4,0.0020543060103069936,3.000006202204263e-4,0.0013999842231276157,0.0022000512295081965,0.02789986151517429,0.02715032727703064,0.04074473817419844,0.033604854298014665,0.04890013626630329,0.03269946711438791,0.04981173661315645,0.06080227762163741,0,0.010999844018093901,0.0629746263877777,0.0021999591205069057,0.041904254628303085,1e-4,9.999999999999999e-5,4.5117897283168985e-5,0.0019337079648730285,0.0020856686903107688,0,2.517797974528518e-4,0,6.475483638719394e-4,0,0.0014472901390814698,2.763023844345975e-4,9.027090185333346e-5,0.0017000064693404337,0.001699962665534432,0.0035281622982923553,6.999765625039042e-4,6.000109301563012e-4,6.999920842238582e-4,0.0017,0.0014999925933606884,0.0014000109039363211,4.0000750160581246e-4,0.0012000050048171366,0.002900011460004584,7.000081869908716e-4,0.0011429652564511473,0.03569998419875798,0.04,0.01590036919276501,0.01720000666823847,0.024039657281270378,0.02165317760172682,8.999999999999999e-4,0.0022999298627313456,0.0026369308178346364,0,0,0.013144036864902774,0.0037351340867213933,0.006399988451322323,0.004199931814476083,0.006599993074872174,0.004800062643558155,0.03540123539321336,0.01679971146910315,0.016000047872085785,0.01,0.009000175467639641
LVA,0.007239613694806785,0.011000309813337465,0.027700555458085616,0.005895694902184731,0.02649941750206478,0.03970004445518995,0.02676858596372953,0.01951620693738291,0.031131627294152576,0.003399998403019818,0.002899982977435645,0.002563708382379622,0.004260561507234293,0.004001138513084054,1.617549563876932e-4,0.0020543060103069936,3.0000320479229046e-4,0.0013999785051133028,0.002199932409597837,0.03020404793788886,0.02715032727703064,0.04074473817419844,0.03128209956704934,0.04890013626630329,0.03270046349942062,0.04981173661315645,0.05049582574999316,0,0.011000091555528427,0.06730107414746063,0.0022000470976097967,0.04340040555295586,9.9997438590200045e-05,0.001127316534247428,4.5117897283168985e-5,0.0019337079648730285,0.0020856686903107688,0,2.517797974528518e-4,0,6.475483638719394e-4,0,0.0014472901390814698,2.763023844345975e-4,9.027090185333346e-5,0.0017000037650129892,0.0017000077048617678,0.0026708315061929047,7.000156393127639e-4,6.000000000000001e-4,7e-4,0.0017000481097916085,0.001499966583248554,0.001399959890367003,4.000010372260427e-4,0.0011999885491812666,0.0028999749310604163,7e-4,0.001632878038645571,0.03570038651206184,0.039999485106711634,0.015900410088834548,0.017200086306098965,0.029963227442398842,0.022085741117601358,8.999961087980077e-4,0.002299994330101491,0.0026369308178346364,0,0,0.012903372341271294,0.0037252092998695855,0.006399957646560548,0.0041998857173954456,0.006599952123240412,0.0048000448078861875,0.03540009940357853,0.01679994690911504,0.015999885004599815,0.009999999999999998,0.009000175467639641
MAR,0.009342629851183459,0.011000121669302835,0.02769992701883215,0.005895677402875305,0.026500790850468428,0.039701257861635225,0.025213344306191886,0.0060187019765137965,0.035959106114479465,0.003399998403019818,0.0029000347009048933,0.0030000921743939535,0.004260561507234293,0.004001138513084054,1.617549563876932e-4,0.0020543060103069936,3.0000232899364185e-4,0.0014000156429241838,0.002200107353730542,0.027899923681852866,0.035499766027140854,0.03247241867043847,0.03163558035818326,0.03575225048162941,0.0327002956528087,0.04981173661315645,0.05049582574999316,0,0.011000011698779818,0.06730001013890298,0.00219997126023854,0.041904254628303085,1.000024620535989e-4,9.999999999999999e-5,4.5117897283168985e-5,0.0019337079648730285,0.0020856686903107688,0,2.517797974528518e-4,0,6.475483638719394e-4,0,0.0014472901390814698,2.763023844345975e-4,9.027090185333346e-5,0.0017000087419030267,0.001700016579306475,0.00267860362651236,6.999937247027078e-4,5.999819151822045e-4,7.00040672451193e-4,0.0017000475454653512,0.0014999904532175838,0.001338244595567633,3.9999894744043827e-4,0.001199985911524373,0.002900031735956839,7.000115021364153e-4,0.0017285515133161613,0.03569991658897993,0.040000355780092325,0.0159,0.017199958962901322,0.023796431709945803,0.019949588848054495,9.000068348028158e-4,0.002300027374760471,0.0026369308178346364,0,0,0.0129001984107376,0.003712271159479875,0.006399872674541982,0.004200051921079959,0.006599962897540753,0.0048001747106355104,0.03540059692236133,0.016799889394648403,0.01600031739314431,0.009999999999999998,0.009000175467639641
MDA,0.007239911296986459,0.011000000000000001,0.027701075819672127,0.005895721844671207,0.026499737078165116,0.039700108513366875,0.02676858596372953,0.01951620693738291,0.035959106114479465,0.003399998403019818,0.0028999803040919057,0.002563708382379622,0.004260561507234293,0.004001138513084054,1.617549563876932e-4,0.0020543060103069936,3.000004203452716e-4,0.0014000025614098,0.0022000224618149147,0.03020404793788886,0.03550008946144212,0.04074473817419844,0.03170490519160744,0.03575225048162941,0.03269935729588193,0.04981173661315645,0.05049582574999316,0,0.010999508668491613,0.0672999361255589,0.00220009291213167,0.041904254628303085,1e-4,0.001127316534247428,4.5117897283168985e-5,0.0019337079648730285,0.0020856686903107688,0,2.517797974528518e-4,0,6.475483638719394e-4,0,0.0014472901390814698,2.763023844345975e-4,9.027090185333346e-5,0.0016999577100482892,0.001699989697793569,0.002731391152876569,7.000015420913843e-4,5.999775646418756e-4,6.999932482614274e-4,0.0017000274736057145,0.0014999999999999998,0.001338244595567633,4e-4,0.0012000102241648135,0.0028999458516334757,6.999876492259679e-4,0.0012245523193092547,0.03569822888283379,0.04000057925681351,0.015899886220943595,0.01720013694142073,0.017080896730982547,0.02047747252796271,8.99996622648519e-4,0.002300004866653689,0.0026369308178346364,0,0,0.012902242069734737,0.003853761487306134,0.0063999500686555974,0.004199975212245151,0.006599948360444101,0.0047998581497406805,0.035400038933229516,0.016800132728680455,0.016000052898857385,0.009999999999999998,0.009000175467639641
MDG,0.017864121983451775,0.011599868261135234,0.024037414612879244,0.01231204468666998,0.026500346753294157,0.037529792881986615,0.02676858596372953,0.02121229885394378,0.03630054984036892,0.003399994645677723,0.0034499540190597103,0.0038500621233278185,0.004260561507234293,0.0041760230375225225,3.000067444526877e-4,0.0020543060103069936,1.0000197564035443e-4,0.0013999562011825682,0.0022000182498403136,0.03773212776312082,0.03549980533385244,0.02934932721935825,0.04524274747911594,0.047300799357593896,0.0252002294295547,0.04981173661315645,0.05049582574999316,0,0.0038596153846153845,0.0629746263877777,0.002199986794664325,0.041904254628303085,0.0018732525475628889,0.001127316534247428,4.5117897283168985e-5,0.0019337079648730285,0.0020856686903107688,0,2.517797974528518e-4,0,6.475483638719394e-4,0,0.0014472901390814698,2.763023844345975e-4,9.027090185333346e-5,0.00699978268128886,0.0025853421776411583,0.003931106816290989,8e-4,0.001,7.000022605511224e-4,0.0016999968437332322,0.002000006313051603,0.001338244595567633,5.000085829542528e-4,0.0011150076913770159,0.0030397426945755163,7.000000000000001e-4,0.0014086252477557481,0.03599989915288422,0.03329956016336789,0.03599939620037522,0.009199958901998392,0.027002161741157764,0.01961584348785778,8.632921740660768e-4,0.0022841816733350315,0.0026369308178346364,0,0,0.013289411570362038,0.003900410443323435,0.00829966691737402,0.008900177331165953,0.0050998840056708334,0.004699965749514785,0.03540054581597242,0.016800132728680455,0.02281650366873054,0.009999999999999998,0.009000175467639641
MDV,0.024466590132043903,0.011000080125453568,0.027700113151074932,0.02210027375038021,0.026500029502973237,0.039700693515026156,0.01762895389191869,0.01951620693738291,0.035959106114479465,0.0033999598903670034,0.0029000934676498076,0.003,0.002400048505426545,0.0027103258789263097,1.617549563876932e-4,0.0020543060103069936,3.0000519264721155e-4,0.0013999926633774143,0.002199991888932448,0.02789989962587827,0.03549958937859293,0.04045321813837875,0.04018232447662511,0.04890013626630329,0.03269996871415163,0.05000168981716178,0.05049582574999316,0,0.011000375073675187,0.0672999361255589,0.0021999830235124355,0.041904254628303085,1e-4,0.001127316534247428,4.5117897283168985e-5,0.0019337079648730285,0.0020856686903107688,0,2.517797974528518e-4,0,6.475483638719394e-4,0,0.0014472901390814698,2.763023844345975e-4,9.027090185333346e-5,0.00169999203185327,0.0017000033886636716,0.0031072310714152667,7.000061906362205e-4,6.000031716832123e-4,6.999848645376116e-4,0.0017000100633994162,0.0014999854140229582,0.001338244595567633,4.000027588775507e-4,0.0011999621661954957,0.002899971350223059,7.00004273139048e-4,9.191228211263422e-4,0.035699779672382415,0.040000565131393044,0.01589996523552929,0.01720017813404587,0.025785033309835278,0.023189408945641025,8.632921740660768e-4,0.0022841816733350315,0.0026369308178346364,0,0,0.012902143064821422,0.004937238493723849,0.0064002910325592684,0.0042000182957508125,0.006600069119219769,0.004800036622087187,0.03540002618829383,0.016799623940604736,0.01600024893425024,0.009999999999999998,0.009000175467639641
MEX,0.012201957135138379,0.016000254355843825,0.024037414612879244,0.015199981092983135,0.026500346753294157,0.030700690913831312,0.02676858596372953,0.01951620693738291,0.04796924918015509,0.0033999608925196077,0.0038998341649173892,0.002799984791645544,0.004260561507234293,0.002931819037932723,1e-4,0.0058999340193449665,2.3732213310069075e-4,0.004400079170571832,0.002199963500063173,0.028300119063884605,0.03700073000312858,0.035008430647594034,0.03207500679652615,0.042000182498403135,0.03270047940727828,0.049998648191956735,0.05049582574999316,0,0.010999894710981645,0.07749941931844576,0.0022000224618149147,0.041904254628303085,0.0018732525475628889,0.001127316534247428,4.5117897283168985e-5,0.0019337079648730285,0.0020856686903107688,0,2.517797974528518e-4,0,6.475483638719394e-4,0,0.0014472901390814698,2.763023844345975e-4,9.027090185333346e-5,0.0017000123024208432,9.999809500223836e-4,0.0032465109083149347,6.323915107424004e-4,0.0010000090404469596,7.608636485118587e-4,0.0017000368901595498,0.001600012191730197,0.001338244595567633,0.0010374158777329743,9.190909808033869e-4,0.0029000000000000002,9.278393167385746e-4,0.0023155816075082396,0.04299892843812834,0.026999850515720764,0.024999896084894488,0.01580000194778002,0.02979971994723744,0.04030266634452467,8.632921740660768e-4,0.0023000365007908503,0.0011000045435958017,0,0,0.014410061909858525,0.003661299083421771,0.04999932632713554,0.005,0.004999917293854934,0.0030000000000000005,0.01800086393088553,0.016999882690083963,0.016999832952837017,0.009999999999999998,0.009000175467639641
MKD,0.007240027589926295,0.011000078777375138,0.024037414612879244,0.005895741942518463,0.026499377851513895,0.03969981528796275,0.02676858596372953,0.01951620693738291,0.035959106114479465,0.003399998403019818,0.002900036629014071,0.002563708382379622,0.004260561507234293,0.004001138513084054,1.617549563876932e-4,0.0020543060103069936,3.0000514701292554e-4,0.0013999668180592712,0.002199932409597837,0.027899795397711487,0.03549942968877302,0.03304395719681074,0.033467109431283934,0.04889814751050203,0.03269865625145301,0.04981173661315645,0.05049582574999316,0,0.011,0.06730026813415131,0.0021999763824328243,0.04339988561326886,1e-4,0.001127316534247428,4.5117897283168985e-5,0.0019337079648730285,0.0020856686903107688,0,2.517797974528518e-4,0,6.475483638719394e-4,0,0.0014472901390814698,2.763023844345975e-4,9.027090185333346e-5,0.0017000154181497197,0.001700004405297759,0.002482508379253595,6.999857734500964e-4,6e-4,7.00001324380521e-4,0.0016999825571254144,0.0015000641601437188,0.0013999653799549939,3.9998969364355466e-4,0.0011999875532874879,0.0028999652378533035,6.99994892581707e-4,0.0010669586242305013,0.035699877038311005,0.04,0.015900238358234987,0.01720014248638746,0.029963227442398842,0.02244929310707658,8.999967587540651e-4,0.002299980533385244,0.0026369308178346364,0,0,0.012900089887428015,0.003786638614252785,0.006399952513800676,0.004199906616862327,0.006600035018092682,0.0047999057270798964,0.03540003893322951,0.016799623940604736,0.016000052898857385,0.009999999999999998,0.009000175467639641
MLI,0.0178640940651607,0.011600157659741383,0.024037414612879244,0.015496206668522541,0.026500029502973237,0.037529792881986615,0.02901991634777966,0.021213240994159048,0.036298706099815156,0.0033999602721358694,0.0034500235122002193,0.0038500322850980226,0.0043367863254153705,0.004001138513084054,1.617549563876932e-4,0.0020543060103069936,9.999801630596497e-5,0.0013999895713838774,0.002200018249840314,0.03020404793788886,0.035500052143080614,0.043578272081978287,0.021743412725285932,0.047301774483378266,0.025200471698113208,0.04981173661315645,0.05049582574999316,0,0.0038595444495139156,0.07749977187699607,0.002199986794664325,0.07121524910542251,0.0018732525475628889,0.001127316534247428,4.5117897283168985e-5,0.0019337079648730285,0.0020856686903107688,0,2.517797974528518e-4,0,6.475483638719394e-4,0,0.0014472901390814698,2.763023844345975e-4,9.027090185333346e-5,0.007000045701750377,0.0025853076464135184,0.0011059730480649373,8.000061879273537e-4,0.001,7.608636485118587e-4,0.0018517505678222058,0.0020000174540630877,0.001338244595567633,4.999844018093901e-4,0.0011149854876545664,0.0030397426945755163,7.00002190004818e-4,0.001146093307069883,0.03599977695305481,0.03329987720890502,0.03599806786619974,0.009199953030510598,0.02809726197552201,0.027633190194575965,8.632921740660768e-4,0.0022841816733350315,0.0026369308178346364,0,0,0.012900390624999999,0.003647276086777112,0.008300066297296018,0.006001091211381903,0.0051000147297098255,0.004700040876193225,0.03540069788153534,0.01477058390104064,0.02281650366873054,0.009999999999999998,0.009000175467639641
MLT,0.007239927045329351,0.011000247178050588,0.027700113151074936,0.0058957270695343894,0.02650020953591175,0.03970059246720271,0.02676858596372953,0.01951620693738291,0.035959106114479465,0.003399998403019818,0.0029000000800044165,0.003000056328507858,0.004260561507234293,0.004001138513084054,1.617549563876932e-4,0.0020543060103069936,2.9999688034288834e-4,0.0013999981565630964,0.0021999328398522476,0.027900320361325563,0.035499766027140854,0.031427332081269396,0.03853412577767156,0.04889953462907199,0.03270007479431563,0.05,0.05049582574999316,0,0.011000075477394521,0.06730035131476891,0.0021999542069039827,0.041904254628303085,1e-4,0.001127316534247428,4.5117897283168985e-5,0.0019337079648730285,0.0020856686903107688,0,2.517797974528518e-4,0,6.475483638719394e-4,0,0.0014472901390814698,2.763023844345975e-4,9.027090185333346e-5,0.0017000054946167214,0.0017000019890889432,0.004041082929075344,6.999924856465695e-4,5.999947502428013e-4,6.99998852197468e-4,0.001699979426798968,0.001500013687505133,0.001338244595567633,4.000138543841254e-4,0.0012000187108242117,0.002900105052048515,7.000000000000001e-4,0.0013639503171066453,0.035701720468312936,0.03999942434447227,0.015900040220053754,0.01719996836122442,0.02084529377090191,0.020426151827977846,8.632921740660768e-4,0.0023000221214467425,0.0026369308178346364,0,0,0.012906586074656425,0.0038628907963260033,0.0063999753063555265,0.0042000155866422475,0.00660005467709647,0.004799895937215454,0.03539939587179057,0.016799756912792462,0.01600038039537344,0.01,0.009000175467639641
MMR,0.0103222013048,0.00846675001708,0.025179050237,0.00865351576195,0.0264996570192,0.0331095419173,0.0267685859637,0.0195162069374,0.0296020886078,0.00340001634377,0.00316665486448,0.00218790593213,0.00364038040133,0.0034358723362,0.000253918070304,0.00146953255024,0.000400000320173,0.0013999950074,0.00408753805821,0.0280681187965,0.0287164807228,0.0542746932067,0.045758063669,0.0304667076509,0.0301338041302,0.0498750543478,0.05049582575,0,0.0215505740139,0.0658575503632,0.00220001019836,0.0419042546283,0.00370000407061,0.000442438844749,0.000396742063114,0.00308917514404,0.00208566869031,0,0.000434524134094,0,0.000647548363872,0,0.00144729013908,0.000276302384435,0.000293510554935,0.00163490123111,0.00185170950569,0.0025723616111,0.000800007332279,0.001063259384,0.000786958739998,0.00188392049654,0.00160001686711,0.00133824459557,0.000900000459536,0.0012666700842,0.00303974269458,0.00106666212444,0.00110406267731,0.0395666469938,0.0569326797346,0.0174665371349,0.013499970848,0.0581926991004,0.0210574246451,0.000954429301312,0.00228946487751,0.00439127192045,0,0,0.0123793566045,0.00383748829236,0.00786662875702,0.00610035185655,0.00779993666379,0.00603339644724,0.0315507718978,0.0154470974774,0.0182724055243,0.01,0.00900017546764
MNE,0.007239750525253529,0.010999966359415999,0.027699607628433248,0.005895657162282751,0.026499766027140857,0.039701427163558053,0.02676858596372953,0.01951620693738291,0.035959106114479465,0.003399998403019818,0.002900016601388368,0.003,0.004260561507234293,0.004001138513084054,1.617549563876932e-4,0.0020543060103069936,3.00006626319742e-4,0.0014000394377306404,0.002200030417094407,0.02790042273367778,0.03550042319085908,0.04074473817419844,0.031622500077355835,0.03575225048162941,0.03270045920169551,0.05000056327238726,0.05049582574999316,0,0.010999780653652116,0.0673008486175746,0.0022000051408595516,0.041904254628303085,9.999999999999999e-5,0.001127316534247428,4.5117897283168985e-5,0.0019337079648730285,0.0020856686903107688,0,2.517797974528518e-4,0,6.475483638719394e-4,0,0.0014472901390814698,2.763023844345975e-4,9.027090185333346e-5,0.001700024654279759,0.0016999809565456582,0.0022845994867129052,7.000031571968301e-4,6.000036125209978e-4,7.00020255215718e-4,0.0016999138508662773,0.0015000047486537567,0.001338244595567633,3.999966367210272e-4,0.0011999265987705293,0.0028999933150611673,6.999900966031348e-4,0.001271400397809188,0.035699597909654095,0.04,0.01590042314667253,0.01720012553614395,0.029963227442398842,0.020449257500150305,8.999930113914319e-4,0.0023000328503120777,0.0026369308178346364,0,0,0.012900183568607334,0.003789651036887057,0.006400159992889205,0.004199906616862327,0.00659998299247417,0.004800014361625736,0.0353997257001283,0.016799391677035806,0.0160006373486297,0.009999999999999998,0.009000175467639641
MNG,0.016487089401266048,0.01540026940513608,0.02379874330068379,0.014169147439885463,0.02649891205166,0.02209942331557048,0.02676858596372953,0.01951620693738291,0.017063497385282646,0.0033999157558693774,0.0036999866055049432,0.002563708382379622,0.004260561507234293,0.004001138513084054,1.617549563876932e-4,0.0020543060103069936,5.999952520282742e-4,0.0013999933027492215,0.0066998321045331774,0.03020404793788886,0.023499525512811155,0.04474643392152387,0.0467040677259917,0.033399945250479054,0.025000280772686435,0.04981173661315645,0.05049582574999316,0,0.026825789186188845,0.0629746263877777,0.0022000219002080517,0.041904254628303085,0.010900012211834623,0.001127316534247428,0.0010999903947747575,0.005400109502372552,0.0020856686903107688,0,8.000128073770491e-4,0,6.475483638719394e-4,0,0.0014472901390814698,2.763023844345975e-4,6.999898610970293e-4,0.0014000438656041443,0.0022999883590081875,0.0026015904101462,9.99991428889784e-4,0.0014897908581860168,7.608636485118587e-4,0.0021000252305794624,0.0018000107607876897,0.001338244595567633,0.0018999935036611512,0.0013999877310649435,0.0030397426945755163,0.0018,0.0012980710810457051,0.04730053214390273,0.10419960367723426,0.020599676696042134,0.01330012068820343,0.11675041907015726,0.022438763940320027,0.0010999974454605835,0.0022841816733350315,0.007899954125695594,0,0,0.01100013002773925,0.004112209928865488,0.0106998556998557,0.008099894342522332,0.010200028870146207,0.008500056676490592,0.029626189132487393,0.01477058390104064,0.02281650366873054,0.009999999999999998,0.009000175467639641
MOZ,0.01786413334168566,0.0116,0.027699607628433248,0.012312002566577296,0.026500029502973237,0.037529792881986615,0.029021238712323354,0.021212993843938703,0.036300252950013476,0.0033999963052442953,0.00345000526292978,0.003849974161787457,0.004260561507234293,0.0040000525079090035,2.999951911517192e-4,0.0020543060103069936,9.999967784646806e-5,0.0013999895713838774,0.002200018249840314,0.03773125,0.02715032727703064,0.02551092165339739,0.04409942342302309,0.04729905101792522,0.02520044543429844,0.04981173661315645,0.05049582574999316,0,0.0038595122965735975,0.0629746263877777,0.002199986794664325,0.07121873862631935,0.0018732525475628889,0.001127316534247428,4.5117897283168985e-5,0.0019337079648730285,0.0020856686903107688,0,2.517797974528518e-4,0,6.475483638719394e-4,0,0.0014472901390814698,2.763023844345975e-4,9.027090185333346e-5,0.007000129205498536,0.0025853174824239855,0.0030376188126735367,7.999999999999999e-4,0.001,7.000072492660117e-4,0.0018517505678222058,0.0019999795586717224,0.001338244595567633,5e-4,0.00111497867418492,0.0030397426945755163,6.99991239980728e-4,0.0011727426267993052,0.035999202460977556,0.03329949798642908,0.03599954008891614,0.009200065757027783,0.029963227442398842,0.019551261376036813,8.632921740660768e-4,0.0022841816733350315,0.0026369308178346364,0,0,0.01289988567695574,0.003799687971030477,0.008300002877449428,0.008899881535555342,0.005100044189129474,0.0046999468932554436,0.03540003893322951,0.016799623940604736,0.02281650366873054,0.009999999999999998,0.009000175467639641
MRT,0.017864145213912788,0.011600285909293663,0.027700185719960066,0.015496081473525082,0.026500029502973237,0.037529792881986615,0.02902048501493551,0.02121293904025439,0.035959106114479465,0.003399998403019818,0.0034500197031393665,0.003849928263988522,0.004336889884461213,0.004001138513084054,1.617549563876932e-4,0.0020543060103069936,1.0000010328241855e-4,0.0014,0.0033627601698822205,0.03773117742104223,0.035499569866043995,0.028433676470325856,0.033604854298014665,0.03575225048162941,0.025199379505429324,0.04981173661315645,0.05049582574999316,0,0.026825789186188845,0.0629746263877777,0.002199986794664325,0.07122414377755172,0.0018732525475628889,0.001127316534247428,4.5117897283168985e-5,0.0019337079648730285,0.0020856686903107688,0,2.517797974528518e-4,0,6.475483638719394e-4,0,0.0014472901390814698,2.763023844345975e-4,9.027090185333346e-5,0.006999976055360008,0.002585348273376581,0.0029907225888410596,7.999728433058749e-4,0.0014897908581860168,6.999517939535845e-4,0.0016999978195931362,0.001999917348541202,0.001338244595567633,5.000000000000001e-4,0.0011150026838432634,0.0019999736983995478,7.000036500346754e-4,0.0014799589124989026,0.036000176126106294,0.033299924544408284,0.019257078274595003,0.009199973175965666,0.02929390676016768,0.03118221936933323,0.0012000110686811668,0.002399948471315699,0.0026369308178346364,0,0,0.01290003106851803,0.004065281915628153,0.008300008383635144,0.008899963783519926,0.00509997360432889,0.004700022040996253,0.03540003893322951,0.016800132728680455,0.02281650366873054,0.009999999999999998,0.009000175467639641
MUS,0.017864224960093007,0.01159979815406821,0.027701581683442097,0.012312025334192754,0.026500029502973237,0.039699620131669666,0.02676858596372953,0.01951620693738291,0.035959106114479465,0.0034000226705962365,0.0034498925124639805,0.003849969824984913,0.004260561507234293,0.004001138513084054,1.617549563876932e-4,0.0020543060103069936,1.000003783689021e-4,0.0013999562011825682,0.0021999756671262877,0.03773040843888017,0.03550028905337853,0.03625603665207327,0.03339510346128256,0.0472990236335432,0.025200425837008714,0.04999932407770403,0.05049582574999316,0,0.003859704736889774,0.07750026071540306,0.0022000224618149147,0.07122133832475433,0.0018732525475628889,0.001127316534247428,4.5117897283168985e-5,0.0019337079648730285,0.0020856686903107688,0,2.517797974528518e-4,0,6.475483638719394e-4,0,0.0014472901390814698,2.763023844345975e-4,9.027090185333346e-5,0.006999966481944941,0.0025853253466196426,0.0032427606243958735,7.999982027964487e-4,0.001,7e-4,0.0017,0.0019999858658242696,0.001338244595567633,4.999942879555831e-4,0.0011149813141758283,0.0019999764061910154,6.999908750798431e-4,0.0011986354435207195,0.036000214580762836,0.03329986539267825,0.035999721040518864,0.009199944411212017,0.027697113258541024,0.024205098486655065,0.0012000101296596435,0.0024000579374275784,0.0026369308178346364,0,0,0.012899717699171396,0.004089052196887281,0.008299964875307342,0.008899953001997415,0.005100029547189323,0.004700026352004217,0.035398934228775825,0.01680043164497201,0.01600076945272675,0.009999999999999998,0.009000175467639641
MWI,0.017864234183977385,0.011599916835434265,0.024037414612879244,0.012312186098751208,0.026500029502973237,0.037529792881986615,0.029019208338869944,0.021213142195517842,0.035959106114479465,0.00339997418564786,0.0034500142212239007,0.002563708382379622,0.004260561507234293,0.004001138513084054,1.617549563876932e-4,0.0020543060103069936,9.999879272253142e-5,0.0014000145999610667,0.0033627601698822205,0.03773181043581836,0.035500052143080614,0.023717578859608172,0.033604854298014665,0.047299476017734786,0.025199759114009575,0.04981173661315645,0.05049582574999316,0,0.003859479188601109,0.0629746263877777,0.002199986794664325,0.041904254628303085,0.0018732525475628889,0.001127316534247428,4.5117897283168985e-5,0.0019337079648730285,0.0020856686903107688,0,2.517797974528518e-4,0,6.475483638719394e-4,0,0.0014472901390814698,2.763023844345975e-4,9.027090185333346e-5,0.007000038842493688,0.0025853506952951797,0.0021456570926406816,8.000305880553645e-4,0.0014897908581860168,6.999999999999999e-4,0.0017000017054078485,0.0020000042850041996,0.0012000094499079706,4.999936560299435e-4,9.190909808033869e-4,0.0030397426945755163,7e-4,0.001078223967862555,0.03599953394890915,0.03330029241215245,0.035998796630565585,0.009200031744772033,0.029963227442398842,0.019752613735310287,8.632921740660768e-4,0.0022841816733350315,0.0026369308178346364,0,0,0.012900101744733767,0.003904204306091261,0.008299922328660723,0.006001091211381903,0.005100014435073103,0.004700200096598358,0.029626189132487393,0.01477058390104064,0.02281650366873054,0.009999999999999998,0.009000175467639641
MYS,0.007239896841269828,0.0050000251188693405,0.027699102124242647,0.005895709900080171,0.026500029502973237,0.03969972746739341,0.02676858596372953,0.01951620693738291,0.03623924396375003,0.0034000914793518035,0.0029000113397970174,0.002,0.004260561507234293,0.001793276069591859,3.0000319060685346e-4,0.0020543060103069936,3.000041943962866e-4,0.0013999899310275386,0.002200018249840314,0.026999568903578103,0.035499358254452114,0.02955556512606481,0.04805969430974644,0.028999908750798428,0.032699125254347504,0.04981173661315645,0.05049582574999316,0,0.011000152591512519,0.06729933934372376,0.002200018249840314,0.04340040555295586,1e-4,1e-4,4.5117897283168985e-5,0.0019337079648730285,0.0020856686903107688,0,2.517797974528518e-4,0,6.475483638719394e-4,0,0.0014472901390814698,2.763023844345975e-4,9.027090185333346e-5,0.0016999832819851448,0.0016999962182055585,0.0037474503748422153,7.00004405221656e-4,8.499929463767888e-4,7.999944046553268e-4,0.0017000685575803956,0.0015000225245517611,0.001338244595567633,4.0000458247889197e-4,0.0011999742384233916,0.0028998965544680517,6.999933670874881e-4,0.0011172842869110675,0.03569955914285087,0.03329952988582942,0.015899737872431253,0.013600068881759022,0.029963227442398842,0.02046858144736378,9.00008511724901e-4,0.002299946323134729,0.0026369308178346364,0,0,0.012950938491615055,0.003790283293657776,0.00644999619356967,0.004200022504321853,0.0066001349304344505,0.004800002603708983,0.03540009940357853,0.0168000178396218,0.01600013183481098,0.01,0.009000175467639641
NAM,0.01786455532927893,0.01159987550340951,0.024037414612879244,0.012311621417348087,0.026499680627794505,0.03969887763482069,0.029020433885213328,0.021213142640367853,0.03630077207116482,0.0034000000000000002,0.00345009887635312,0.0038498648191956737,0.004260561507234293,0.004000063971945394,1.617549563876932e-4,0.0020543060103069936,1.0000066243152114e-4,0.0013999562011825682,0.0033627601698822205,0.03773108860297472,0.03549894152857873,0.019966426020196312,0.033604854298014665,0.03575225048162941,0.0252002294295547,0.04981173661315645,0.05049582574999316,0,0.0038595655292550466,0.0629746263877777,0.0022000219002080517,0.07122133832475433,0.0018732525475628889,0.001127316534247428,4.5117897283168985e-5,0.0019337079648730285,0.0020856686903107688,0,2.517797974528518e-4,0,6.475483638719394e-4,0,0.0014472901390814698,2.763023844345975e-4,9.027090185333346e-5,0.0069998480770900266,0.0025853310049214154,0.0022190659803229557,7.999930414209419e-4,0.001,7.000103302227885e-4,0.0017000706454904627,0.0019999999999999996,0.001338244595567633,4.999966920496722e-4,0.0011149983300729998,0.002,7.000064570284756e-4,0.0020458124166251672,0.036000053982199375,0.03330006768835587,0.036000392214541356,0.00920020606979746,0.02630809036438119,0.028328199534804265,0.0012000024022869773,0.0022841816733350315,0.0026369308178346364,0,0,0.013312244737646988,0.003920303342636586,0.008300322432058959,0.00890031765239752,0.00510000081400744,0.0047000030518509475,0.03540069788153534,0.016800178760963073,0.01600005289885738,0.009999999999999998,0.009000175467639641
NER,0.017863871763255244,0.011599903611725351,0.027700169227195807,0.015496588983357717,0.026500029502973237,0.037529792881986615,0.029019945243712784,0.02121283347044306,0.03630013519603425,0.003399985144470029,0.0034499639509733234,0.0038500778692432376,0.004336759274128794,0.004001138513084054,1.617549563876932e-4,0.0020543060103069936,9.999773760774642e-5,0.001399981750159686,0.0033627601698822205,0.03773154484898257,0.03549922945899911,0.0434371701059073,0.003102048215539924,0.03575225048162941,0.025199938581675407,0.04981173661315645,0.05049582574999316,0,0.0038596142938173562,0.07749994163106162,0.002199986794664325,0.041904254628303085,0.0018732525475628889,0.001127316534247428,4.5117897283168985e-5,0.0019337079648730285,0.0020856686903107688,0,2.517797974528518e-4,0,6.475483638719394e-4,0,0.0014472901390814698,2.763023844345975e-4,9.027090185333346e-5,0.006999994633552106,0.002585411697294998,0.002717376620898784,7.999953443981471e-4,0.0014897908581860168,7.000229568411387e-4,0.0018517505678222058,0.0020000259235255996,0.001338244595567633,4.999918890420959e-4,0.0011150116299874753,0.002000025068939584,9.278393167385746e-4,0.0017599845003358622,0.035999613905347415,0.03329962438601561,0.036,0.0092,0.02803106784331214,0.02242550501355341,0.0011999908155767818,0.0022841816733350315,0.0026369308178346364,0,0,0.01289984718668979,0.003904595712787156,0.008299610002294105,0.006001091211381903,0.0050998298793690075,0.004700007934798626,0.029626189132487393,0.01477058390104064,0.02281650366873054,0.009999999999999998,0.009000175467639641
NGA,0.017864101964926094,0.011599957856647206,0.027700113151074932,0.015496670577658586,0.026500029502973237,0.03969972746739342,0.029019964698629327,0.021212536103683347,0.03626435492771218,0.003400009513842641,0.00345003048611496,0.0038500367769012216,0.00433679143399121,0.00417659580267459,3.0000255245290727e-4,1e-4,1.0000165909015495e-4,0.0014000247463499132,0.0033627601698822205,0.03020404793788886,0.02715032727703064,0.042959006140080906,0.04570128663214468,0.04730032494027924,0.02519992036367256,0.04981173661315645,0.05049582574999316,0,0.0038594267888477285,0.07750118626126948,0.002199986794664325,0.07121880378657487,0.0018732525475628889,0.001127316534247428,4.5117897283168985e-5,0.0019337079648730285,0.0020856686903107688,0,2.517797974528518e-4,0,6.475483638719394e-4,0,0.0014472901390814698,2.763023844345975e-4,9.027090185333346e-5,0.007000019562963399,0.002585346139856937,0.004668434795103447,7.999999999999999e-4,0.0014897908581860168,7.608636485118587e-4,0.0017000045891604032,0.0016115014145824658,0.0011999986337257954,5e-4,0.0011149738569362555,0.002,6.999749718433238e-4,0.0014440534649650199,0.036000000000000004,0.0332993722680514,0.03600054261462734,0.009200125766388933,0.02800062029534603,0.02779014529625728,0.0012,0.0022841816733350315,0.0026369308178346364,0,0,0.012899859721227504,0.0039013863595434703,0.008299938798861126,0.008899994964499723,0.005100037267742107,0.004700040876193225,0.03540054581597242,0.016800132728680455,0.016000052898857385,0.009999999999999998,0.009000175467639641
NIC,0.01220199556630271,0.01599999331348553,0.024037414612879244,0.015199752292299425,0.026500029502973237,0.030699900746005825,0.02676858596372953,0.016699985686339996,0.04800037121821444,0.0033999850593889286,0.003900028917838074,0.002563708382379622,0.004260561507234293,0.004001138513084054,1.617549563876932e-4,0.005900026707023947,2.3732213310069075e-4,0.004400005387459342,0.002200018249840314,0.028300766006912524,0.03699873467004088,0.04074473817419844,0.033604854298014665,0.03575225048162941,0.0327007986812928,0.04981173661315645,0.05049582574999316,0,0.01099948819185494,0.0775016846361186,0.0021999416015767576,0.041904254628303085,0.0018732525475628889,0.001127316534247428,4.5117897283168985e-5,0.0019337079648730285,0.0020856686903107688,0,2.517797974528518e-4,0,6.475483638719394e-4,0,0.0014472901390814698,2.763023844345975e-4,9.027090185333346e-5,0.0016999387254901961,9.999999999999998e-4,0.002764167172661187,6.323915107424004e-4,0.0014897908581860168,7.608636485118587e-4,0.0017000183154975274,0.0015999999999999999,0.0015999720631373097,0.0010374158777329743,9.190909808033869e-4,0.0030397426945755163,9.278393167385746e-4,8.998429068312683e-4,0.04299966703251982,0.027000787802956578,0.024999056568172383,0.01579989864530802,0.0290237280716883,0.025549220138243036,8.632921740660768e-4,0.0022841816733350315,0.0011000035437116835,0,0,0.014400550092733869,0.0036715156010462555,0.049999999999999996,0.005,0.005000096063324943,0.0030000991866693115,0.01799981361829026,0.01477058390104064,0.016999927036591148,0.01,0.009000175467639641
NLD,0.0072399357034342955,0.011000034872772502,0.027699342210813414,0.005895762041703038,0.026499787628298178,0.03969972746739341,0.02676858596372953,0.01951620693738291,0.03523236316346491,0.003399998403019818,0.002899991551107764,0.0030000859254167385,0.004260561507234293,0.004001138513084054,1.617549563876932e-4,0.0020543060103069936,2.9999892354788676e-4,0.0013999660470248706,0.002199932409597837,0.027900525598598406,0.035499766027140854,0.031138085950766066,0.04977419317080224,0.03575225048162941,0.03270029126571544,0.04981173661315645,0.05049582574999316,0,0.011000399474975747,0.0673012129380054,0.00220009038133973,0.041904254628303085,1.0000162221789633e-4,1e-4,4.5117897283168985e-5,0.0019337079648730285,0.0020856686903107688,0,2.517797974528518e-4,0,6.475483638719394e-4,0,0.0014472901390814698,2.763023844345975e-4,9.027090185333346e-5,0.0016999969598394794,0.0017000215192597373,0.005236518941630386,7.000019562963398e-4,6.000042289556593e-4,7.00001212459231e-4,0.0018517505678222058,0.0014999652249175056,0.0013999955784493622,3.9999809598383485e-4,0.0012000350183481551,0.0028999679127226052,7.000013323207695e-4,0.0014421110906624344,0.03570001246223727,0.04,0.01590002245813584,0.01719993684347398,0.09093114614159237,0.01979948556921886,8.999801113762927e-4,0.002299980533385244,0.0026369308178346364,0,0,0.012900043414880363,0.00369510110515597,0.0063998664143381945,0.004200011800106201,0.006600067747859108,0.004800238048006348,0.035399453606308966,0.01679992099545724,0.01600024893425024,0.009999999999999998,0.009000175467639641
NOR,0.007240016493269345,0.011000053902959273,0.027699878174043905,0.014169147439885463,0.02650027600346976,0.03970012117067224,0.02676858596372953,0.01951620693738291,0.035959106114479465,0.003399998403019818,0.002900007102702447,0.003000056328507858,0.004260561507234293,0.004001138513084054,1.617549563876932e-4,0.0020543060103069936,2.999962779618119e-4,0.001399990855958486,0.002199991888932448,0.027900135051282988,0.0355001334197385,0.03139917272430112,0.031043449707219204,0.04890096520399059,0.03269944134078212,0.04981173661315645,0.05049582574999316,0,0.01100003973141563,0.0672997705704453,0.0021999017336983223,0.041904254628303085,9.999999999999999e-5,1e-4,4.5117897283168985e-5,0.0019337079648730285,0.0020856686903107688,0,2.517797974528518e-4,0,6.475483638719394e-4,0,0.0014472901390814698,2.763023844345975e-4,9.027090185333346e-5,0.0016999928419275457,0.0017000125172111655,0.003533336927825275,6.999964361657896e-4,6.000174703004892e-4,7.000065586672789e-4,0.0017000100633994162,0.0015000151881046763,0.001338244595567633,3.99995267728273e-4,0.0012000151737393153,0.0028999749310604163,6.999974914080727e-4,0.0015228652122817343,0.03569887834339948,0.04000036416937517,0.015899900983820856,0.017199954452288772,0.02682434432793113,0.02029776224408228,9.000000000000001e-4,0.0023000101389029706,0.0026369308178346364,0,0,0.012900055542921394,0.0036908756188110204,0.006399899454735296,0.004200004083620889,0.006600008460057951,0.004799986397488069,0.03540075283889563,0.01679982303168839,0.01599940564635958,0.009999999999999998,0.009000175467639641
NPL,0.02274327267218361,0.015400024829925531,0.023799940810890794,0.01850001425145263,0.026499680627794505,0.022100229952184546,0.021188270037432053,0.01951620693738291,0.032581294033215066,0.003400057937427578,0.0036999999352320275,0.002563708382379622,0.004260561507234293,0.0033916866452983092,1.0000468537693857e-4,3.0000561545372867e-4,6.000000000000001e-4,0.0014000000000000002,0.0066998321045331774,0.021799979142767757,0.023500478697941602,0.022118282067012968,0.02701954304919472,0.03340037230353688,0.02499954375399215,0.005000168981716178,0.05049582574999316,0,0.00919995818336594,0.04210020439945494,0.002199986794664325,0.041904254628303085,0.010899938883607225,0.004799981750159686,0.0010999854000389333,0.005399951792293654,0.0020856686903107688,0,7.999907595638514e-4,0,6.475483638719394e-4,0,0.005700060453285579,2.763023844345975e-4,6.999934234323107e-4,0.0014000053480225684,0.002300025886616619,0.004021576139680786,9.999925368121738e-4,0.006499887107699255,7.608636485118587e-4,0.0021000135336310733,0.0018000125620249985,0.001338244595567633,0.0018999986390669443,0.0014000000000000002,0.004400011460004584,0.001800033692722372,0.0019022466857533018,0.047299633889939685,0.10420017264095226,0.0205996871197636,0.013300089502621149,0.029963227442398842,0.02345406098509709,0.0011000183932476345,0.0022841816733350315,0.007900161030595813,0,0,0.01113894904418733,0.002806190768040737,0.010700180322821834,0.008100086447027182,0.01020044543429844,0.008500015259254737,0.029626189132487393,0.01477058390104064,0.02281650366873054,0.009999999999999998,0.009000175467639641
NZL,0.007239943254255169,0.011000120100048562,0.027700142524420344,0.005895730815267988,0.026500346753294157,0.03970007245287146,0.02676858596372953,0.01951620693738291,0.036299747105017974,0.003400025942019586,0.0029000174169714634,0.0029999471933252362,0.004260561507234293,0.004001138513084054,1.617549563876932e-4,0.0020543060103069936,3.000033347177465e-4,0.0014000152348064546,0.00219994384726456,0.027900595392182242,0.03550040009546137,0.0331018255810621,0.04464113352736875,0.048899964758596384,0.032699556276539914,0.05,0.05049582574999316,0,0.01100024485798237,0.06729932779754844,0.002199963500063173,0.043399625643425366,1e-4,1e-4,4.5117897283168985e-5,0.0019337079648730285,0.0020856686903107688,0,2.517797974528518e-4,0,6.475483638719394e-4,0,0.0014472901390814698,2.763023844345975e-4,9.027090185333346e-5,0.0016999982918214308,0.001555131120709311,0.003611416264392408,7.000062084807848e-4,6.0002204950113e-4,7.000026217817629e-4,0.0017000088097964936,0.0015000217988403017,0.001338244595567633,4.000082603667603e-4,0.0012000280889013727,0.0029000587314017227,7.000097667521997e-4,0.001910221711857778,0.03569975053577344,0.039999096678033474,0.015900129077230717,0.017199642234479007,0.027619993291353475,0.020255236440209504,8.999950728398509e-4,0.0022999361255589008,0.0026369308178346364,0,0,0.013011519687601694,0.0037000059771220973,0.006399959579628132,0.0042000035575161425,0.006600046665111162,0.004800042319085908,0.03540090035284098,0.01679988846547077,0.015999526290857415,0.009999999999999998,0.009000175467639641
OMN,0.0175760467269,0.0110001162076,0.0262347368099,0.0156183691844,0.0264999957345,0.0388320011907,0.0249404944875,0.0187347431763,0.0360411792994,0.00340000820284,0.00289997718729,0.00299999684531,0.00426056150723,0.00348069960754,0.000189403301474,0.00205430601031,0.000299999193616,0.00139999970197,0.00219995863953,0.0278996358257,0.0355000894442,0.0311868183047,0.0404519991831,0.046270546413,0.0326999072454,0.0499629106001,0.05049582575,0,0.0109998369757,0.0664355946042,0.00219996898308,0.0428019931239,9.99999752833e-05,0.000510926613699,4.51178972832e-05,0.00193370796487,0.00208566869031,0,0.000251779797453,0,0.000647548363872,0,0.00144729013908,0.000276302384435,9.02709018533e-05,0.00169999430509,0.00169999994875,0.00322122897855,0.000699998214239,0.000600005380019,0.000700000747752,0.00173033896475,0.00149999639683,0.00133824459557,0.000400001559569,0.00119999534042,0.00290002458008,0.00070000061251,0.0014647194116,0.0357004311453,0.0399997138646,0.0179142090275,0.0172000758661,0.0272172332573,0.0200932874197,0.000892671339309,0.00229681857096,0.00263693081783,0,0,0.0129177098393,0.00373295923171,0.00639990672595,0.00419997682687,0.00660001400226,0.00479996212097,0.0353998962664,0.0167999855669,0.0160002298618,0.01,0.00900017546764
PAK,0.022743054986774057,0.015399942399360517,0.023800072999361252,0.018499939835148308,0.026500029502973237,0.037529792881986615,0.021188442302043642,0.015336429241421189,0.035959106114479465,0.0033999739289128357,0.0037001640299863083,0.002200028968713789,0.004260561507234293,0.0033999239279630888,1e-4,2.999959445210479e-4,6.000072825255799e-4,0.0013999902666926222,0.00669988137603796,0.021800091250482573,0.02349970291146762,0.019427513692810042,0.03721022396836031,0.03575225048162941,0.02499959445210479,0.04981173661315645,0.05049582574999316,0,0.009200075591911664,0.0629746263877777,0.002199986794664325,0.0039001486072027065,0.010899989571383878,0.004800012166560209,0.0011000112309074573,0.0053999482267667615,0.0073999855444328,0,8.000238043284203e-4,0,0.0017000437998832003,0,0.005699946466809422,2.763023844345975e-4,9.027090185333346e-5,0.0013999828407189737,0.0022999886102930407,0.003394181183837837,9.999942489403672e-4,0.00649995662895451,7.608636485118587e-4,0.00210004317280898,0.0017999999999999997,0.001338244595567633,0.001900003664659248,0.0013999971372543408,0.00440003850535064,0.0017999165739710791,0.00220836235477266,0.04730026454035177,0.10419924482245699,0.019257078274595003,0.01329936406367263,0.03182255758453728,0.023426238467226027,0.001100019603999216,9.000255502427273e-4,0.007899829089539701,0,0,0.01106930729129077,0.0029194493290621137,0.010700138462464632,0.008100086447027182,0.01020009279665932,0.006278745023808365,0.02539967587928693,0.013400019355998284,0.02470006347862886,0.009999999999999998,0.009000175467639641
PAN,0.012202021440260861,0.016000004641550464,0.024037414612879244,0.015200750025031176,0.026500346753294157,0.030700252343186733,0.02676858596372953,0.01951620693738291,0.04800196206671027,0.003399953855915095,0.0038998483711384416,0.0028000101389029706,0.0024000196642332177,0.004982840782676934,1.617549563876932e-4,0.005900041687896614,2.3732213310069075e-4,0.004399974608817088,0.0021999416015767576,0.028299187469048626,0.036999301079443964,0.03978724695225012,0.029696535782603832,0.0419988473729709,0.032699968714151637,0.05000112657015716,0.05049582574999316,0,0.010999804343572686,0.0629746263877777,0.0021999867272787603,0.041904254628303085,0.0018732525475628889,0.001127316534247428,4.5117897283168985e-5,0.0019337079648730285,0.0020856686903107688,0,2.517797974528518e-4,0,6.475483638719394e-4,0,0.0014472901390814698,2.763023844345975e-4,9.027090185333346e-5,0.0017000192458099415,9.99984751681127e-4,0.004737297920823419,6.323915107424004e-4,0.001,7.608636485118587e-4,0.0017,0.001600008135703535,0.0015999999999999999,0.0010374158777329743,9.190909808033869e-4,0.0028999278036258625,9.278393167385746e-4,0.0014908265870900415,0.04299849443311999,0.061397147407749715,0.02499988284087448,0.015800079902237262,0.0939571162466735,0.026258989689471282,8.632921740660768e-4,0.002299980533385244,0.0010999629953575994,0,0,0.014424251665271575,0.0036951664436591126,0.05,0.005,0.005,0.00299991647874384,0.018000084230623447,0.01700014378781343,0.017000220409962533,0.01,0.009000175467639641
PER,0.012202280500355931,0.015999934352510604,0.02130040876374573,0.020307850915826122,0.026500029502973237,0.030700441654195713,0.02676858596372953,0.01951620693738291,0.033813996202013856,0.0034000087843783456,0.003899996818779048,0.002800002685789488,0.004260561507234293,0.0029964888140257646,1.617549563876932e-4,0.00590034762456547,2.3732213310069075e-4,0.0044,0.0021999416015767576,0.028300119063884605,0.037000636238823964,0.034913487328342235,0.04146032062260569,0.041999726252395286,0.03270000986485153,0.049998648191956735,0.05049582574999316,0,0.01100025068939584,0.07749977187699607,0.002200027862914461,0.0505,0.0018732525475628889,0.001127316534247428,4.5117897283168985e-5,0.0019337079648730285,0.0020856686903107688,0,2.517797974528518e-4,0,6.475483638719394e-4,0,0.0014472901390814698,2.763023844345975e-4,9.027090185333346e-5,0.001699995046153338,0.0010000122553525254,0.004728082069244193,6.323915107424004e-4,0.0010000181162702223,7.608636485118587e-4,0.001700006461200491,0.001599993182670348,0.0016000078335756845,0.0010374158777329743,9.190909808033869e-4,0.0028999962362151383,9.278393167385746e-4,0.0020686205812307716,0.04299954344848578,0.027000106530307873,0.02499914386493613,0.01579977824171653,0.011260597833354214,0.031273616331250864,8.632921740660768e-4,0.0022841816733350315,0.0010999915117562177,0,0,0.014399840331420189,0.003659802635560456,0.05000211157565775,0.005000064901349948,0.0049999748109562266,0.003,0.017999256229081443,0.0170000762805599,0.016999695400548277,0.009999999999999998,0.009000175467639641
PHL,0.007239809643396045,0.004999927786673845,0.027700992797352542,0.005895666519132499,0.026500029502973237,0.03969940955448202,0.02676858596372953,0.01951620693738291,0.035443464493683983,0.00340007592121921,0.002900020362451639,0.002,0.002400018189534954,0.002305339982417316,3.000044841038518e-4,2.9998563011927e-4,3.00003464643315e-4,0.0013999955215191007,0.0022000219002080517,0.027,0.03549958937859293,0.05697831315046581,0.056965268983006134,0.028999908750798428,0.032700467662826506,0.05000168981716178,0.05049582574999316,0,0.011000143669314287,0.06729933934372376,0.0022000219002080517,0.041904254628303085,1.0000000000000002e-4,9.999999999999999e-5,4.5117897283168985e-5,0.0019337079648730285,0.0020856686903107688,0,2.517797974528518e-4,0,6.475483638719394e-4,0,0.0014472901390814698,2.763023844345975e-4,9.027090185333346e-5,0.0017000036676813916,0.0017000090373571481,0.0026937191145169704,7.000130941469163e-4,8.50002664251079e-4,7.999961740061981e-4,0.0016999856912164508,0.0015000451326489584,0.001338244595567633,4.0000787494585976e-4,0.001200022521536219,0.0030397426945755163,6.999951333463111e-4,0.001002693775666643,0.03569962645247974,0.03329956016336789,0.01590006555558357,0.013599809930118329,0.027864450788647608,0.020324232778283397,8.999982844104375e-4,0.0023000312858483677,0.0026369308178346364,0,0,0.013192713799310113,0.0037000564511070685,0.0064500313610704576,0.0042000700157535445,0.00659985948304552,0.004800011755370735,0.03539993742830327,0.016800124630004673,0.01600039551095071,0.01,0.009000175467639641
POL,0.00723982099650696,0.010999837053935148,0.02769992282204388,0.014169147439885463,0.026499975808269325,0.03970047217635642,0.02676858596372953,0.01951620693738291,0.031011753386445684,0.003399998403019818,0.0029000195141817195,0.003000042245785983,0.004260561507234293,0.004001138513084054,1.617549563876932e-4,0.0020543060103069936,3.000017377014182e-4,0.0013999914118859496,0.0021999867272787603,0.027900460058552908,0.035501532316380285,0.04554721115955415,0.033094814570342114,0.048899514545388184,0.03269922655774746,0.04981173661315645,0.05049582574999316,0,0.010999850657108722,0.0629746263877777,0.002199963500063173,0.04340040555295586,1e-4,9.999999999999999e-5,4.5117897283168985e-5,0.0019337079648730285,0.0020856686903107688,0,2.517797974528518e-4,0,6.475483638719394e-4,0,0.0014472901390814698,2.763023844345975e-4,9.027090185333346e-5,0.0017000006815610473,0.0016999913768943886,0.0027404222035198947,6.999991920040722e-4,6.000100537877645e-4,6.999921740491469e-4,0.001699961523662947,0.0015,0.001338244595567633,3.9999056848459124e-4,0.0012000360858844049,0.002899926465672839,6.999977709916858e-4,0.0018951972080949325,0.03569990463070891,0.039999073215940685,0.015899669647784758,0.017199951190008805,0.02352002880661036,0.020595300096901456,9.000028026120345e-4,0.002300027580379201,0.0026369308178346364,0,0,0.012899885716249775,0.003698827812521565,0.006400142462826107,0.004199979936800923,0.0065999782931153005,0.006278745023808365,0.03539993742830326,0.016800132728680455,0.016000705342973022,0.01,0.009000175467639641
PRT,0.0072399890757820886,0.011000042441882543,0.02770015350503155,0.0058958327141262964,0.026500339405539544,0.03969981238273921,0.02676858596372953,0.01951620693738291,0.034684438176915744,0.003399998403019818,0.002899999916322823,0.0029999565475586974,0.002399984084458474,0.004001138513084054,1.617549563876932e-4,0.0020543060103069936,2.999976751575081e-4,0.001399990852124594,0.0021999898610970295,0.027899818340846396,0.035499766171253895,0.030301515727458043,0.02134485065209915,0.048899514545388184,0.0327002466898253,0.04981173661315645,0.05049582574999316,0,0.010999727409022761,0.0629746263877777,0.0022000224618149147,0.041904254628303085,9.999601093005166e-5,1e-4,4.5117897283168985e-5,0.0019337079648730285,0.0020856686903107688,0,2.517797974528518e-4,0,6.475483638719394e-4,0,0.0014472901390814698,2.763023844345975e-4,9.027090185333346e-5,0.0016999874349058316,0.001700006322811122,0.003006124749630674,7.000008729278874e-4,6.000109301563012e-4,6.999964378584405e-4,0.001700008410193154,0.0015000022794308717,0.0014000074872716382,4.000006692331759e-4,0.0011999769876884132,0.002899926465672839,6.999965511889775e-4,0.001424935028978029,0.03570017810510141,0.03999922766503833,0.01590063230913892,0.01720004498807224,0.029179667101911468,0.020326740740877952,8.999950328658708e-4,0.002299995197387379,0.0026369308178346364,0,0,0.01290263860316212,0.0038519295004628535,0.006399964134138323,0.004200081004455246,0.006599850857568979,0.004799899241159987,0.03539995887312359,0.016800858829844337,0.015999838887247927,0.01,0.009000175467639641
PRY,0.01220199301899514,0.015999946617911025,0.021300448430493273,0.020308214753705034,0.026500029502973237,0.030699570119231082,0.02676858596372953,0.01951620693738291,0.04800050524188455,0.003400015524869979,0.0038999952287799987,0.002799993007665347,0.004260561507234293,0.004001138513084054,1.617549563876932e-4,0.0020543060103069936,2.3732213310069075e-4,0.0044000228128208045,0.002199963500063173,0.028299820759328666,0.03699990519529769,0.031418385589699914,0.033604854298014665,0.03575225048162941,0.032700654632017455,0.04999929592339646,0.05049582574999316,0,0.010999649040711278,0.07749975986936895,0.002200021900208052,0.041904254628303085,0.0018732525475628889,0.001127316534247428,4.5117897283168985e-5,0.0019337079648730285,0.0020856686903107688,0,2.517797974528518e-4,0,6.475483638719394e-4,0,0.0014472901390814698,2.763023844345975e-4,9.027090185333346e-5,0.001699997043431984,9.9999006665276e-4,0.001790574768393691,6.323915107424004e-4,0.001,7.608636485118587e-4,0.0018517505678222058,0.001599967682861144,0.001338244595567633,0.0010374158777329743,9.190909808033869e-4,0.0030397426945755163,9.278393167385746e-4,0.001982331733777017,0.0430011488715117,0.027000993048659383,0.02500095940476271,0.01580049903172948,0.029358221977159007,0.030824359206503067,8.632921740660768e-4,0.002300027374760471,0.0010999629953575994,0,0,0.014397782339557323,0.0036755996996980594,0.049999999999999996,0.006001091211381903,0.004999876271312266,0.0029999389648437498,0.017999805333852443,0.01477058390104064,0.017000529007229762,0.009999999999999998,0.009000175467639641
ROU,0.007239729454147601,0.011000438747981291,0.027699904916725457,0.005895642927555227,0.026499194847020936,0.03969979012683639,0.02676858596372953,0.01951620693738291,0.03391545351222343,0.003399998403019818,0.0029000039697884396,0.0030001013890297067,0.004260561507234293,0.004001138513084054,1.617549563876932e-4,0.0020543060103069936,2.999964459608345e-4,0.001399959890367003,0.0022000208572322453,0.02790078937531608,0.03550031285848368,0.03721056949735808,0.03179842508116723,0.03575225048162941,0.03269922655774746,0.04981173661315645,0.05049582574999316,0,0.011,0.06730067320950604,0.0022,0.043399625643425366,1e-4,0.001127316534247428,4.5117897283168985e-5,0.0019337079648730285,0.0020856686903107688,0,2.517797974528518e-4,0,6.475483638719394e-4,0,0.0014472901390814698,2.763023844345975e-4,9.027090185333346e-5,0.0016999875131196614,0.0017000034715202604,0.0024375634958644426,6.999976977798924e-4,5.99980623910095e-4,7.00020255215718e-4,0.001699978196089832,0.0015000000000000002,0.0013999837239583334,4.000069355342095e-4,0.001199991580188183,0.002899926465672839,7.000099903776888e-4,0.0010829585932372581,0.035699969392691766,0.040000615820426765,0.015900067685655692,0.017200022953767286,0.03625641382554394,0.02108364978413668,8.99993429266049e-4,0.002300028388736431,0.0026369308178346364,0,0,0.01296587396242726,0.003951602043567268,0.006400028773873323,0.004200026599281819,0.0066001374772916965,0.004800074680275073,0.03540098028991553,0.016800132728680455,0.016000705342973022,0.01,0.009000175467639641
RUS,0.007239718410310767,0.011000187371182314,0.027699342210813414,0.005895844392720541,0.026500116359301194,0.03969918818568941,0.025212680966445557,0.006018562713332825,0.028122742992529186,0.003399998403019818,0.0028999999563331935,0.002563708382379622,0.004260561507234293,0.004001138513084054,1.617549563876932e-4,0.0020543060103069936,3.0000190145397846e-4,0.0014000057480348905,0.0021999523922875508,0.03020404793788886,0.0354998084252556,0.04295961972837329,0.03744812593449922,0.04889953462907199,0.03270003792188093,0.04981173661315645,0.05049582574999316,0,0.01099992023610114,0.06730137486312203,0.0021999496559825475,0.041904254628303085,9.999999999999999e-5,0.001127316534247428,4.5117897283168985e-5,0.0019337079648730285,0.0020856686903107688,0,2.517797974528518e-4,0,6.475483638719394e-4,0,0.0014472901390814698,2.763023844345975e-4,9.027090185333346e-5,0.0016999597891538393,0.0017000090020843285,0.0027831674554701295,7.000154075291459e-4,6.000203638338311e-4,6.999713055954089e-4,0.0017000274736057143,0.0015000094841267331,0.001338244595567633,3.999968682961965e-4,0.0011999885491812666,0.002899954159981664,7.000030416400522e-4,0.0015674624650771237,0.03570018551110689,0.04,0.01589998229289546,0.017199946198795453,0.024569950345534566,0.020423529810033956,8.999875650613754e-4,0.0022999590950567948,0.0026369308178346364,0,0,0.012917221166859552,0.003694872328512419,0.00640005781562073,0.004199997259560708,0.006600043261951114,0.004799888915337618,0.03539902517912895,0.016799199084668193,0.01599984517527449,0.009999999999999998,0.009000175467639641
RWA,0.017863999687819092,0.011600052076552533,0.024037414612879244,0.012312002383592936,0.026500790850468428,0.037529792881986615,0.029019867697173532,0.02121290373275329,0.03630004984216647,0.0034000139983374577,0.0034499916663336453,0.0038500189535236842,0.004336949800438473,0.004175908146346389,1.617549563876932e-4,0.0020543060103069936,1.0000140926450485e-4,0.001774897632768457,0.002200018249840314,0.037731000635016304,0.03549996103187592,0.04074473817419844,0.033604854298014665,0.0473000288766965,0.02519934221081341,0.04981173661315645,0.05049582574999316,0,0.026825789186188845,0.0629746263877777,0.002199986794664325,0.041904254628303085,0.0018732525475628889,0.001127316534247428,4.5117897283168985e-5,0.0019337079648730285,0.0020856686903107688,0,2.517797974528518e-4,0,6.475483638719394e-4,0,0.0014472901390814698,2.763023844345975e-4,9.027090185333346e-5,0.007000133386688009,0.0025853482930341394,0.0025697185476863155,7.999859540698084e-4,0.001,7.608636485118587e-4,0.0017000055823300647,0.001999968189337066,0.001200014539945569,4.99980772928283e-4,0.0011150102687739977,0.0030397426945755163,9.278393167385746e-4,0.004447945645830075,0.03600016453457283,0.03329949798642908,0.036001100110011,0.009199968615964014,0.02645741596475059,0.02053919617160158,0.0012000000000000001,0.0023999895713838772,0.0026369308178346364,0,0,0.012899486402823963,0.003795216751676392,0.0082996446900908,0.008900201709730092,0.0050999727796886985,0.004700129175124561,0.029626189132487393,0.01477058390104064,0.02281650366873054,0.009999999999999998,0.009000175467639641
SAU,0.024466925122225997,0.010999917779578795,0.024037414612879244,0.022100136321357503,0.026500029502973237,0.0397,0.0176281285823462,0.015608888131970755,0.03602775834451542,0.003399998403019818,0.002900019034105657,0.003,0.004260561507234293,0.00270003432887058,1.617549563876932e-4,0.0020543060103069936,2.999978260197969e-4,0.0013999902666926222,0.0022000208572322453,0.027899260045790887,0.03550031285848368,0.03275183568382369,0.038002286943457676,0.04889953462907199,0.03269946711438791,0.05000112657015716,0.05049582574999316,0,0.01099948819185494,0.0629746263877777,0.002199917361063288,0.043400733935916064,9.999999999999999e-5,1e-4,4.5117897283168985e-5,0.0019337079648730285,0.0020856686903107688,0,2.517797974528518e-4,0,6.475483638719394e-4,0,0.0014472901390814698,2.763023844345975e-4,9.027090185333346e-5,0.0016999867696116883,0.0017000039530379097,0.0024966604486348887,7e-4,6.000203638338311e-4,6.999986226464472e-4,0.0017000127980888187,0.0014999917664300889,0.001338244595567633,3.9998588008268e-4,0.0012000168399781078,0.002899961410642599,7.000124767702237e-4,0.0011903315045391875,0.03570063958800565,0.04000029800929789,0.019257078274595003,0.017200086306098965,0.024199743918053778,0.019779074865944463,9.000175600333642e-4,0.0022999711843242725,0.0026369308178346364,0,0,0.01289962439201703,0.0037551795063575167,0.0063996604717655465,0.0041999776623666725,0.006600010267994661,0.004799799548985216,0.03539998265344474,0.016800132728680455,0.01600031739314431,0.009999999999999998,0.009000175467639641
SDN,0.01786374766313961,0.011599991704514817,0.02769983740916481,0.006340659470022484,0.026500029502973237,0.037529792881986615,0.029019871719684672,0.021213032758518865,0.0362995254253662,0.0033999604977286197,0.003449995730995816,0.0038500182681768355,0.004336763214012132,0.004001138513084054,3.000047744091669e-4,0.0020543060103069936,9.999954030245034e-5,0.001399990266692622,0.0021999708000778662,0.03773192740545473,0.035498981050582475,0.030255836359372262,0.033604854298014665,0.03575225048162941,0.025200442922468064,0.04981173661315645,0.05049582574999316,0,0.0038596614373120884,0.07749896308585648,0.002200018249840314,0.07121973857220203,0.0018732525475628889,0.001127316534247428,4.5117897283168985e-5,0.0019337079648730285,0.0020856686903107688,0,2.517797974528518e-4,0,6.475483638719394e-4,0,0.0014472901390814698,2.763023844345975e-4,9.027090185333346e-5,0.006999960828422897,0.0025853131947608725,0.003482708063673303,7.999977714387592e-4,0.001000038173038383,7.000000000000001e-4,0.0018517505678222058,0.0019999862376009385,0.001338244595567633,4.999796623957698e-4,0.001115016509546825,0.0019999855843907785,7.000087858021437e-4,0.001082524977721808,0.03600006477890151,0.033300061164157804,0.019257078274595003,0.00920023014959724,0.031076772060661995,0.03456385548746366,0.0012000185030992692,0.0022841816733350315,0.0026369308178346364,0,0,0.012900021081934894,0.003769352823036259,0.008300173010380623,0.008900009605225244,0.005099938136212812,0.0047000595120015864,0.029626189132487393,0.01477058390104064,0.01600031739314431,0.009999999999999998,0.009000175467639641
SEN,0.017864778815329486,0.011599767288459033,0.024037414612879244,0.015497135764310808,0.026500029502973237,0.037529792881986615,0.029020725577618218,0.021213174086138258,0.03629930699728062,0.0034000182573371675,0.003449980456625204,0.003850068506557056,0.004260561507234293,0.004001138513084054,1.617549563876932e-4,0.0020543060103069936,9.99997555257297e-5,0.0013999753937007874,0.002199987304408544,0.03020404793788886,0.03550050187060863,0.04351172030053766,0.030600982735362835,0.047299919878928155,0.025199658916018466,0.04981173661315645,0.05049582574999316,0,0.003859615281573166,0.07749766573295987,0.0021999708000778662,0.07122133832475433,0.0018732525475628889,0.001127316534247428,4.5117897283168985e-5,0.0019337079648730285,0.0020856686903107688,0,2.517797974528518e-4,0,6.475483638719394e-4,0,0.0014472901390814698,2.763023844345975e-4,9.027090185333346e-5,0.0069999074902093806,0.0025853250912919734,0.0021750638202190534,7.999954632066055e-4,0.0014897908581860168,7.000103302227885e-4,0.0018517505678222058,0.0019999237034352526,0.001338244595567633,4.999878941952667e-4,0.0011150045418260894,0.001999959890903257,7.000194666147557e-4,0.0030771742518722377,0.03599931724802185,0.033300502155555196,0.035999868134766265,0.00919994533278666,0.030278762371591328,0.0261613191696927,0.0012000065021619691,0.002399990266692622,0.0026369308178346364,0,0,0.012899920697851858,0.003931860154909427,0.008300029725534234,0.008900153064619888,0.00509984852700238,0.004699961104628549,0.035398934228775825,0.01477058390104064,0.01599986079209299,0.009999999999999998,0.009000175467639641
SLB,0.0103222013048,0.00846675001708,0.025179050237,0.00865351576195,0.0264996570192,0.0331095419173,0.0267685859637,0.0195162069374,0.0296020886078,0.00340001634377,0.00316665486448,0.00218790593213,0.00364038040133,0.0034358723362,0.000253918070304,0.00146953255024,0.000400000320173,0.0013999950074,0.00408753805821,0.0280681187965,0.0287164807228,0.0542746932067,0.045758063669,0.0304667076509,0.0301338041302,0.0498750543478,0.05049582575,0,0.0215505740139,0.0658575503632,0.00220001019836,0.0419042546283,0.00370000407061,0.000442438844749,0.000396742063114,0.00308917514404,0.00208566869031,0,0.000434524134094,0,0.000647548363872,0,0.00144729013908,0.000276302384435,0.000293510554935,0.00163490123111,0.00185170950569,0.0025723616111,0.000800007332279,0.001063259384,0.000786958739998,0.00188392049654,0.00160001686711,0.00133824459557,0.000900000459536,0.0012666700842,0.00303974269458,0.00106666212444,0.00110406267731,0.0395666469938,0.0569326797346,0.0174665371349,0.013499970848,0.0581926991004,0.0210574246451,0.000954429301312,0.00228946487751,0.00439127192045,0,0,0.0123793566045,0.00383748829236,0.00786662875702,0.00610035185655,0.00779993666379,0.00603339644724,0.0315507718978,0.0154470974774,0.0182724055243,0.01,0.00900017546764
SLE,0.0178641750651,0.0115999607911,0.0251644041611,0.0133224410896,0.026500112472,0.037863708108,0.0288467731962,0.0212130011199,0.0362215275264,0.00339999101889,0.00345001314954,0.00355319648979,0.00430747766595,0.00405467886676,0.000193658174915,0.00205430601031,9.99993467241e-05,0.00142882857229,0.0025577790894,0.0348363665513,0.0335730645065,0.0302529864559,0.0300040917906,0.04285878972,0.0254295820996,0.0498117366132,0.05049582575,0,0.0091594365352,0.0719130467487,0.00219999461515,0.0554339595364,0.00187325254756,0.00112731653425,4.51178972832e-05,0.00193370796487,0.00208566869031,0,0.000251779797453,0,0.000647548363872,0,0.00144729013908,0.000276302384435,9.02709018533e-05,0.00700003574948,0.00234759807698,0.00338059761416,0.000787104355188,0.00115070781583,0.00071873106572,0.00179338495999,0.00197011328829,0.00127444170736,0.00054133599078,0.00108485901014,0.002559860157,0.000805156670876,0.00228155569608,0.0359998263115,0.0332996918615,0.0347115656473,0.00920005170061,0.0286122359256,0.0231470313839,0.00101869575065,0.00230200281891,0.00263693081783,0,0,0.0129369847967,0.00385778889324,0.00829989804184,0.00756205199728,0.00509998558815,0.00482146522652,0.032291161392,0.0153949851724,0.0217678596263,0.01,0.00900017546764
SLV,0.012202010981893071,0.01600004362557622,0.024037414612879244,0.015200223442733021,0.026500029502973237,0.030700390683087074,0.02676858596372953,0.016700005513591,0.04800049408640336,0.0034000436082731126,0.003900127711990569,0.0027999446979123464,0.004260561507234293,0.004999748518129673,1.617549563876932e-4,0.0020543060103069936,2.3732213310069075e-4,0.004399930477100895,0.002199972625239529,0.028301168950987755,0.03699972625239529,0.04074473817419844,0.0521786913844684,0.04199980789549515,0.03269964868523109,0.04999932407770403,0.05049582574999316,0,0.011000438701443726,0.07750026071540307,0.0021999416015767576,0.041904254628303085,0.0018732525475628889,0.001127316534247428,4.5117897283168985e-5,0.0019337079648730285,0.0020856686903107688,0,2.517797974528518e-4,0,6.475483638719394e-4,0,0.0014472901390814698,2.763023844345975e-4,9.027090185333346e-5,0.00170000289074539,9.999751969773383e-4,0.0024079586745921846,6.323915107424004e-4,0.001,7.608636485118587e-4,0.0017000274736057143,0.0015999641687651162,0.001599995246244533,0.0010374158777329743,9.190909808033869e-4,0.0029000461263862984,9.278393167385746e-4,0.0014993639429615596,0.043000112936434166,0.027000162190968277,0.02499944632693287,0.01580008759795689,0.029963227442398842,0.02826581756045586,8.632921740660768e-4,0.002300032850312078,0.0011000106182474582,0,0,0.014406267816131127,0.003673320030849096,0.05000082413054228,0.004999839912912625,0.005000147297098247,0.0029999666611101854,0.018000214707461083,0.017000331821701138,0.01699977959003747,0.009999999999999998,0.009000175467639641
SRB,0.007240024316692503,0.011000051049058145,0.02770013687572386,0.005895618392453228,0.02649941265312972,0.03969979012683639,0.02676858596372953,0.01951620693738291,0.03395064467387259,0.003399998403019818,0.002899966695301334,0.002563708382379622,0.004260561507234293,0.004001138513084054,1.617549563876932e-4,0.0020543060103069936,2.999980397409845e-4,0.0014000228128208054,0.002199953545475661,0.0278998286421233,0.035500312386965244,0.03354940511392837,0.03346029706776892,0.03575225048162941,0.03269957884885353,0.04981173661315645,0.05049582574999316,0,0.011000000000000001,0.06729856738753535,0.0021999867272787603,0.04340016558079263,9.999999999999999e-5,0.001127316534247428,4.5117897283168985e-5,0.0019337079648730285,0.0020856686903107688,0,2.517797974528518e-4,0,6.475483638719394e-4,0,0.0014472901390814698,2.763023844345975e-4,9.027090185333346e-5,0.0017000053578389803,0.001700012410467343,0.00241908970599211,7.00019495077493e-4,6.000064199274548e-4,7.000014652658725e-4,0.0016999982936027164,0.001499989399368202,0.001338244595567633,4e-4,0.0012,0.0028999458516334757,6.999999999999999e-4,0.0014981680075147306,0.03570022343400884,0.039999627789254276,0.01590004219567933,0.01720002092269066,0.029963227442398842,0.020299279889685228,9.000083205058868e-4,0.0022999361255589008,0.0026369308178346364,0,0,0.012900238576025038,0.0037227859040106764,0.006400316903401053,0.004199965071603214,0.0065999917515568935,0.004799818635230107,0.035398934228775825,0.01679965239374309,0.016000705342973022,0.009999999999999998,0.009000175467639641
STP,0.0178642609509,0.0116000613828,0.0261302744248,0.0139043209538,0.0265000650232,0.0390801064226,0.0285376419268,0.0208493742681,0.0359292055218,0.00339998636014,0.00344998817368,0.00384999164275,0.00430958049693,0.00494000374951,0.00023087619558,0.00163552615096,9.99996278985e-05,0.00140000796095,0.0027813806377,0.0366562464799,0.0331144045687,0.0306785491071,0.0350882554719,0.0448257342628,0.0252000048552,0.0498520787675,0.05049582575,0,0.00878091750683,0.0712745227553,0.00219999926168,0.064938016581,0.00187325254756,0.00112731653425,4.51178972832e-05,0.00193370796487,0.00208566869031,0,0.000251779797453,0,0.000647548363872,0,0.00144729013908,0.000276302384435,9.02709018533e-05,0.00700002250806,0.00251174488319,0.00376229137743,0.000799999367612,0.00120991036779,0.000708690390271,0.00174336058782,0.00197224255816,0.00126912676509,0.000499999189813,0.00111499585981,0.00229706869054,0.00069999772336,0.00182190847661,0.0359999953052,0.033299893088,0.0348043253618,0.00919998471713,0.0286066260042,0.0222564136679,0.00105570004949,0.00238345490351,0.00263693081783,0,0,0.012940562387,0.00390768154089,0.00829999995982,0.00869294570502,0.00509997162102,0.00469999695683,0.0345750115444,0.0157853197928,0.0198951407238,0.01,0.00900017546764
SUR,0.012201763557250264,0.01600008498252547,0.021299388630349483,0.02030794368720363,0.026500029502973237,0.030699574172242984,0.02676858596372953,0.01951620693738291,0.035959106114479465,0.0034000208906375127,0.0039001262405156255,0.002800037551633496,0.004260561507234293,0.0010637938966416194,1e-4,0.0020543060103069936,2.3732213310069075e-4,0.004399974564415618,0.002200024333860567,0.02830005367686527,0.03699946323134729,0.04074473817419844,0.033604854298014665,0.042000190433871834,0.03270000986485153,0.04981173661315645,0.05049582574999316,0,0.011000134126168017,0.0629746263877777,0.002199986794664325,0.041904254628303085,0.0018732525475628889,0.001127316534247428,4.5117897283168985e-5,0.0019337079648730285,0.0020856686903107688,0,2.517797974528518e-4,0,6.475483638719394e-4,0,0.0014472901390814698,2.763023844345975e-4,9.027090185333346e-5,0.001699985572067523,9.999904799078455e-4,0.0041921774823616914,6.323915107424004e-4,0.001,7.608636485118587e-4,0.0016999656141432587,0.0015999907001615849,0.0016000060937523802,0.0010374158777329743,9.190909808033869e-4,0.0030397426945755163,9.278393167385746e-4,8.431340331208247e-4,0.04299963678019614,0.026999279167953867,0.02499965235771001,0.015799965374017243,0.029963227442398842,0.023189408945641025,8.632921740660768e-4,0.002300027374760471,0.001099993652204272,0,0,0.014495508291096894,0.0037930720090628496,0.049999999999999996,0.005,0.004999959984313851,0.0030000298302657875,0.01800009965866906,0.01477058390104064,0.01700010579771477,0.009999999999999998,0.009000175467639641
SVK,0.007239859267210942,0.011000057032052013,0.027700459201695518,0.005895807376343432,0.02649980327471929,0.039699620131669666,0.02676858596372953,0.01951620693738291,0.03432776488111745,0.003399998403019818,0.0028999705462537098,0.002563708382379622,0.004260561507234293,0.004001138513084054,1.617549563876932e-4,0.0020543060103069936,3.0000136507446484e-4,0.0014000131274417755,0.0022000114064104023,0.02789986406887177,0.03550020563438207,0.03632907974483471,0.03333731314713374,0.04890044712108769,0.032700450176420495,0.04981173661315645,0.06080227762163741,0,0.010999987465687318,0.0672990236335432,0.0021999999999999997,0.043400617190266604,9.999999999999999e-5,9.999999999999999e-5,4.5117897283168985e-5,0.0019337079648730285,0.0020856686903107688,0,2.517797974528518e-4,0,6.475483638719394e-4,0,0.0014472901390814698,2.763023844345975e-4,9.027090185333346e-5,0.0017000102984937098,0.00169999862988048,0.00293745929380929,7.000107832213076e-4,5.999891257068292e-4,6.999890105864684e-4,0.0016999825571254144,0.001499978451681487,0.0013999966968355686,4.000110894163402e-4,0.0012000465495170488,0.002899981768459435,7.000245849669396e-4,0.0011934933887265094,0.03569943655106166,0.03999928706377215,0.015899979177477302,0.01719984853053582,0.050764772288479816,0.02290954855705659,9.000131044424061e-4,0.00229993198821129,0.0026369308178346364,0,0,0.013026246202558725,0.0037732046620103186,0.0063998708308345255,0.004200098747699627,0.006599995820009615,0.004800211602891906,0.03539934730333219,0.016800132728680455,0.016000052898857385,0.01,0.009000175467639641
SVN,0.00724001602540878,0.011000028294679656,0.027699941067999924,0.00589564256640904,0.0265,0.039700108513366875,0.02676858596372953,0.01951620693738291,0.032660704683314654,0.003399998403019818,0.0029000350326154577,0.002563708382379622,0.004260561507234293,0.0027069404846920514,1.617549563876932e-4,0.0020543060103069936,2.999994074670996e-4,0.0014000250900553773,0.0022,0.02789968849312482,0.035499907595638515,0.04074473817419844,0.034683015168850646,0.04889953462907199,0.03270045920169551,0.049999999999999996,0.05049582574999316,0,0.011,0.06729834294474049,0.002199957060044371,0.04340009358914366,9.999902406651961e-5,1e-4,4.5117897283168985e-5,0.0019337079648730285,0.0020856686903107688,0,2.517797974528518e-4,0,6.475483638719394e-4,0,0.0014472901390814698,2.763023844345975e-4,9.027090185333346e-5,0.0017,0.0017000235592402706,0.00299150131785561,6.999825874978235e-4,6.000000000000001e-4,7.00001324380521e-4,0.0017000103284445364,0.001499980765161861,0.001338244595567633,3.999977679941521e-4,0.0012000292120061347,0.0029000356538015867,6.99995719191491e-4,0.0012171791314839738,0.03569850667137934,0.039999999999999994,0.01590058647164096,0.017200122212037885,0.029515501757837403,0.02048541619031718,9.000176202582626e-4,0.0023000153147174434,0.0026369308178346364,0,0,0.012900126455614079,0.00370132080755516,0.006400159992889205,0.004200114444535274,0.006599913502942779,0.0048000000000000004,0.03539848287682102,0.01679950842696629,0.016000746825989544,0.009999999999999998,0.009000175467639641
SWE,0.007239944168907213,0.010999876768518465,0.027699185762726508,0.005895589522316977,0.02650015431418368,0.03970015987451359,0.02676858596372953,0.01951620693738291,0.03175925115159679,0.003399998403019818,0.0028999864907461614,0.002999915511997296,0.004260561507234293,0.004001138513084054,1.617549563876932e-4,0.0020543060103069936,0.00029999800546502583,0.0014000052518250094,0.002199990519529769,0.027899368688575562,0.03549935335536716,0.03134035671041604,0.039613902808205315,0.04889937106918239,0.032700669692449294,0.04981173661315645,0.06080227762163741,0,0.010999532054281703,0.0672993330457577,0.0022000140385357806,0.041904254628303085,1e-4,0.001127316534247428,4.5117897283168985e-5,0.0019337079648730285,0.0020856686903107688,0,2.517797974528518e-4,0,6.475483638719394e-4,0,0.0014472901390814698,2.763023844345975e-4,9.027090185333346e-5,0.001700045869703061,0.001699981328575578,0.0033083080930295028,7.000008806150214e-4,5.999940629916585e-4,6.999937957562973e-4,0.0017000035042225884,0.0014999834090984505,0.0014000449236298293,4.000011570759534e-4,0.0011999938830437973,0.002899954159981664,6.999976152433644e-4,0.0015846500619659098,0.03570116448093542,0.04000068653027598,0.01590054186119645,0.017200070274583295,0.030091200644218965,0.020508156866339104,8.999935693090682e-4,0.0023000109985957607,0.0026369308178346364,0,0,0.01289996574169236,0.0037192580853090233,0.006400018108560823,0.00419997654081247,0.006599987281861209,0.0048000774143603635,0.03540088172987003,0.016799623940604736,0.016000746825989544,0.009999999999999998,0.009000175467639641
SWZ,0.017864342759116157,0.011600090317387077,0.027700113151074932,0.012312285737371252,0.02650020953591175,0.03969979012683639,0.02676858596372953,0.021212917328894524,0.03573564122738002,0.003399998403019818,0.0034500033796276046,0.0038499812241832515,0.004260561507234293,0.004000020896021398,1.617549563876932e-4,0.0020543060103069936,1.0000016441446256e-4,0.0014000098294588885,0.0033627601698822205,0.037730870712401055,0.02715032727703064,0.029599989754354322,0.025421877785232878,0.04729969042758844,0.02520036108167511,0.05,0.05049582574999316,0,0.026825789186188845,0.0629746263877777,0.0022000219002080517,0.07121930377815304,0.0018732525475628889,0.001127316534247428,4.5117897283168985e-5,0.0019337079648730285,0.0020856686903107688,0,2.517797974528518e-4,0,6.475483638719394e-4,0,0.0014472901390814698,2.763023844345975e-4,9.027090185333346e-5,0.006999851619467526,0.0025853695553194715,0.00329854687497082,8.000097413667138e-4,0.001,7.000285328906412e-4,0.0016999886788180685,0.002,0.001338244595567633,5.000035450684553e-4,0.0011149858719393423,0.00200005730002292,6.999800915787378e-4,0.0013179838267490197,0.03600017445537214,0.03329900698786318,0.036,0.009199938859956548,0.029963227442398842,0.020246478232382063,8.632921740660768e-4,0.0024000417144644905,0.0026369308178346364,0,0,0.012899931792544402,0.003913705959678581,0.008299995892717788,0.006001091211381903,0.005100075208035129,0.004699992998669747,0.029626189132487393,0.01477058390104064,0.02281650366873054,0.009999999999999998,0.009000175467639641
TCD,0.0178641750651,0.0115999607911,0.0251644041611,0.0133224410896,0.026500112472,0.037863708108,0.0288467731962,0.0212130011199,0.0362215275264,0.00339999101889,0.00345001314954,0.00355319648979,0.00430747766595,0.00405467886676,0.000193658174915,0.00205430601031,9.99993467241e-05,0.00142882857229,0.0025577790894,0.0348363665513,0.0335730645065,0.0302529864559,0.0300040917906,0.04285878972,0.0254295820996,0.0498117366132,0.05049582575,0,0.0091594365352,0.0719130467487,0.00219999461515,0.0554339595364,0.00187325254756,0.00112731653425,4.51178972832e-05,0.00193370796487,0.00208566869031,0,0.000251779797453,0,0.000647548363872,0,0.00144729013908,0.000276302384435,9.02709018533e-05,0.00700003574948,0.00234759807698,0.00338059761416,0.000787104355188,0.00115070781583,0.00071873106572,0.00179338495999,0.00197011328829,0.00127444170736,0.00054133599078,0.00108485901014,0.002559860157,0.000805156670876,0.00228155569608,0.0359998263115,0.0332996918615,0.0347115656473,0.00920005170061,0.0286122359256,0.0231470313839,0.00101869575065,0.00230200281891,0.00263693081783,0,0,0.0129369847967,0.00385778889324,0.00829989804184,0.00756205199728,0.00509998558815,0.00482146522652,0.032291161392,0.0153949851724,0.0217678596263,0.01,0.00900017546764
TGO,0.0178641750651,0.0115999607911,0.0251644041611,0.0133224410896,0.026500112472,0.037863708108,0.0288467731962,0.0212130011199,0.0362215275264,0.00339999101889,0.00345001314954,0.00355319648979,0.00430747766595,0.00405467886676,0.000193658174915,0.00205430601031,9.99993467241e-05,0.00142882857229,0.0025577790894,0.0348363665513,0.0335730645065,0.0302529864559,0.0300040917906,0.04285878972,0.0254295820996,0.0498117366132,0.05049582575,0,0.0091594365352,0.0719130467487,0.00219999461515,0.0554339595364,0.00187325254756,0.00112731653425,4.51178972832e-05,0.00193370796487,0.00208566869031,0,0.000251779797453,0,0.000647548363872,0,0.00144729013908,0.000276302384435,9.02709018533e-05,0.00700003574948,0.00234759807698,0.00338059761416,0.000787104355188,0.00115070781583,0.00071873106572,0.00179338495999,0.00197011328829,0.00127444170736,0.00054133599078,0.00108485901014,0.002559860157,0.000805156670876,0.00228155569608,0.0359998263115,0.0332996918615,0.0347115656473,0.00920005170061,0.0286122359256,0.0231470313839,0.00101869575065,0.00230200281891,0.00263693081783,0,0,0.0129369847967,0.00385778889324,0.00829989804184,0.00756205199728,0.00509998558815,0.00482146522652,0.032291161392,0.0153949851724,0.0217678596263,0.01,0.00900017546764
THA,0.007239865211837585,0.004999982087088667,0.024037414612879244,0.005895714402305812,0.026500029502973237,0.03969887763482069,0.02676858596372953,0.01951620693738291,0.035959106114479465,0.003399967091676545,0.0029000000000000002,0.002000036210892236,0.004260561507234293,0.0028014176789752667,3.000036934441367e-4,0.0020543060103069936,3.000018916822731e-4,0.0013999999999999998,0.002200024333860567,0.027000188146754464,0.03549922945899911,0.06017593681433485,0.049153329397487254,0.028999999999999998,0.03270108199713206,0.04981173661315645,0.05049582574999316,0,0.011000132438636763,0.0673008486175746,0.0022000219002080517,0.04340040555295586,9.999905927507736e-5,9.999999999999999e-5,4.5117897283168985e-5,0.0019337079648730285,0.0020856686903107688,0,2.517797974528518e-4,0,6.475483638719394e-4,0,0.0014472901390814698,2.763023844345975e-4,9.027090185333346e-5,0.0017000055451840078,0.00169999480060313,0.0032490528493277875,7.000129908246287e-4,8.5e-4,7.999968190348952e-4,0.0017000274736057145,0.0014999852686782638,0.001338244595567633,3.999944060638268e-4,0.0011999890630447116,0.0030397426945755163,6.99990135148466e-4,9.360865229138527e-4,0.03570104852475006,0.033300122801733126,0.015900084913671102,0.013599804447870786,0.029963227442398842,0.020347734012296843,9.000148400979446e-4,0.002300032850312078,0.0026369308178346364,0,0,0.013620925334412008,0.003700090233773718,0.006450078596420061,0.0042,0.0066001164216445175,0.004800120909846596,0.03539997972219406,0.016799927641099853,0.015999885004599815,0.01,0.009000175467639641
TJK,0.007239706327580988,0.011000194530618096,0.027699910939804066,0.005895747116315929,0.026500029502973237,0.037529792881986615,0.02676858596372953,0.01951620693738291,0.026287430674444116,0.003399998403019818,0.002900052725695268,0.002563708382379622,0.004260561507234293,0.004001138513084054,1.617549563876932e-4,0.0020543060103069936,2.9999733426838997e-4,0.0014000228128208054,0.002199960540593864,0.027901023890784984,0.03550037397157816,0.04074473817419844,0.03300016454714276,0.03575225048162941,0.0327000638744411,0.04981173661315645,0.05049582574999316,0,0.026825789186188845,0.06730137486312203,0.002199986794664325,0.041904254628303085,1e-4,0.001127316534247428,4.5117897283168985e-5,0.0019337079648730285,0.0020856686903107688,0,2.517797974528518e-4,0,6.475483638719394e-4,0,0.0014472901390814698,2.763023844345975e-4,9.027090185333346e-5,0.0017000013794406048,0.0017000176866154373,0.002162428062913895,6.999845631367706e-4,6.000088807974956e-4,7.608636485118587e-4,0.0018517505678222058,0.0016115014145824658,0.001338244595567633,3.9999999999999996e-4,9.190909808033869e-4,0.0030397426945755163,7.000048695099478e-4,0.0015996381045381774,0.035699834467537245,0.03999982805017496,0.01589995349077567,0.017199923746143982,0.023999796136792213,0.019930011987438927,9.000128298336398e-4,0.0022841816733350315,0.0026369308178346364,0,0,0.012899810964083176,0.003546918578014123,0.0063999434109075475,0.004199980789549515,0.006599949052003349,0.004799944456567019,0.029626189132487393,0.01477058390104064,0.02281650366873054,0.009999999999999998,0.009000175467639641
TKM,0.0125405083131,0.0110000035365,0.0271364156705,0.0108815691315,0.0264997092356,0.0397002164039,0.0265292273719,0.0184779266125,0.0348156002533,0.00340000298259,0.00289999767171,0.00269796075919,0.00426056150723,0.00387028143426,0.000161754956388,0.00205430601031,0.000300000131899,0.00140000407846,0.00219998663933,0.0289634514153,0.032288558899,0.0373412220199,0.0309344496254,0.0438428543242,0.0326996374256,0.0498549685428,0.05049582575,0,0.010999867401,0.065636224562,0.00220000203758,0.0424794888543,0.00023640404212,0.000969267836671,4.51178972832e-05,0.00193370796487,0.00208566869031,0,0.000251779797453,0,0.000647548363872,0,0.00144729013908,0.000276302384435,9.02709018533e-05,0.00170000224109,0.00170000425783,0.00242216635497,0.000700002492744,0.000600003321079,0.000700002746453,0.00172335040116,0.00150001110932,0.00135249405819,0.000399998774508,0.00119999292356,0.002899970961,0.000699992598708,0.00134687462613,0.035699839593,0.0399999391718,0.0161582911789,0.0172000092958,0.027664684589,0.0206299613229,0.000900002377467,0.00229878804321,0.00263693081783,0,0,0.0129093952207,0.0037559904642,0.00640005082855,0.00419999950784,0.00659999138378,0.00479997163516,0.0353997858027,0.016331699915,0.0165247118391,0.01,0.00900017546764
TLS,0.0103222013048,0.00846675001708,0.025179050237,0.00865351576195,0.0264996570192,0.0331095419173,0.0267685859637,0.0195162069374,0.0296020886078,0.00340001634377,0.00316665486448,0.00218790593213,0.00364038040133,0.0034358723362,0.000253918070304,0.00146953255024,0.000400000320173,0.0013999950074,0.00408753805821,0.0280681187965,0.0287164807228,0.0542746932067,0.045758063669,0.0304667076509,0.0301338041302,0.0498750543478,0.05049582575,0,0.0215505740139,0.0658575503632,0.00220001019836,0.0419042546283,0.00370000407061,0.000442438844749,0.000396742063114,0.00308917514404,0.00208566869031,0,0.000434524134094,0,0.000647548363872,0,0.00144729013908,0.000276302384435,0.000293510554935,0.00163490123111,0.00185170950569,0.0025723616111,0.000800007332279,0.001063259384,0.000786958739998,0.00188392049654,0.00160001686711,0.00133824459557,0.000900000459536,0.0012666700842,0.00303974269458,0.00106666212444,0.00110406267731,0.0395666469938,0.0569326797346,0.0174665371349,0.013499970848,0.0581926991004,0.0210574246451,0.000954429301312,0.00228946487751,0.00439127192045,0,0,0.0123793566045,0.00383748829236,0.00786662875702,0.00610035185655,0.00779993666379,0.00603339644724,0.0315507718978,0.0154470974774,0.0182724055243,0.01,0.00900017546764
TTO,0.007239983477901692,0.010999950235996219,0.027700283628586043,0.005895742292905413,0.02649892933618844,0.037529792881986615,0.02676858596372953,0.01951620693738291,0.03630080990220049,0.0033999195332930997,0.002899950786504566,0.0029999999999999996,0.0023999702908315385,0.003195816223423585,1.617549563876932e-4,0.0020543060103069936,3.000005892377686e-4,0.0014000174851922277,0.002199972625239529,0.027900024333437617,0.035499678934739265,0.02952842891878246,0.052777087276144226,0.04889978099906142,0.03269997589614683,0.05000146942134188,0.05049582574999316,0,0.011000024759216619,0.06730067320950604,0.002200018249840314,0.041904254628303085,9.999907124481059e-5,1e-4,4.5117897283168985e-5,0.0019337079648730285,0.0020856686903107688,0,2.517797974528518e-4,0,6.475483638719394e-4,0,0.0014472901390814698,2.763023844345975e-4,9.027090185333346e-5,0.0016999820166277027,0.001555131120709311,0.0033106514830699846,7.00014217732021e-4,6.000000000000001e-4,7.000033594248664e-4,0.0016999941129143036,0.0015000027287661066,0.0013999645578592946,3.9999143945554936e-4,0.0011999936170552284,0.0028999458516334757,6.999988740387106e-4,0.0010820320091105104,0.03569960667964125,0.03999966297625667,0.015900197560622126,0.01720027539256269,0.029963227442398842,0.02037814144758353,8.99960010663823e-4,0.00229999668181969,0.0026369308178346364,0,0,0.012899976886184855,0.0036999983902902306,0.006400007545176746,0.004199980789549515,0.006600001704259797,0.004800003942751251,0.03540129781420765,0.01679982303168839,0.015999963518295572,0.009999999999999998,0.009000175467639641
TUN,0.009342864722815807,0.010999949305485146,0.02770012706480305,0.014169147439885463,0.026500029502973237,0.037529792881986615,0.025212829266764804,0.0060186632832644384,0.035481665133762545,0.003399998403019818,0.002900065274781105,0.002563708382379622,0.004260561507234293,0.004001138513084054,1.617549563876932e-4,0.0020543060103069936,3.000049310130294e-4,0.001399990875079843,0.0021999847920310244,0.027900624043329797,0.03549919484702093,0.03390513211115197,0.03170190172032058,0.0489005608475029,0.032699968714151637,0.04981173661315645,0.05049582574999316,0,0.010999649040711278,0.06729871013641005,0.0021999865645573025,0.041904254628303085,9.999855158528991e-5,0.001127316534247428,4.5117897283168985e-5,0.0019337079648730285,0.0020856686903107688,0,2.517797974528518e-4,0,6.475483638719394e-4,0,0.0014472901390814698,2.763023844345975e-4,9.027090185333346e-5,0.0017000177560391777,0.001700001004887101,0.002709345898565545,6.999905250192132e-4,6e-4,6.999954331643605e-4,0.0016999906375807507,0.0014999818373351737,0.001338244595567633,4.0001056332714623e-4,0.0011999618302399925,0.00289997180318624,6.999939632563538e-4,0.0013313074582319935,0.035699895797151784,0.04000033159522171,0.019257078274595003,0.01719990256440409,0.022790829071012254,0.019990095553797955,8.999504705299653e-4,0.002300051022410613,0.0026369308178346364,0,0,0.01289997826517703,0.003723548825470783,0.006399837614408031,0.004200119236883943,0.006599987736164008,0.004800019836841975,0.03540054581597242,0.01679985252776626,0.015999764899494534,0.009999999999999998,0.009000175467639641
TUR,0.024466762635317194,0.01100008471236469,0.027700113151074932,0.022099943485188834,0.02650007604206881,0.039700177286474084,0.02676858596372953,0.01951620693738291,0.035959106114479465,0.003399998403019818,0.0029000303756454822,0.002563708382379622,0.004260561507234293,0.0022999964883941427,1.617549563876932e-4,0.0020543060103069936,2.999949646728818e-4,0.0013999817501596861,0.00219997126023854,0.027900266350991416,0.035500047608467956,0.03039618598890701,0.024569297190350056,0.04890024439013553,0.03270065623422514,0.04981173661315645,0.05049582574999316,0,0.010999555752998668,0.06729832402234637,0.0021999754809085437,0.04340001559819061,1e-4,0.001127316534247428,4.5117897283168985e-5,0.0019337079648730285,0.0020856686903107688,0,2.517797974528518e-4,0,6.475483638719394e-4,0,0.0014472901390814698,2.763023844345975e-4,9.027090185333346e-5,0.0017000013219294883,0.0017000075502360346,0.002125413487025411,7.000008815854432e-4,6.000092401515385e-4,7e-4,0.0017000706454904627,0.0014999828220015803,0.001338244595567633,4.0000332309174917e-4,0.0012000055052437447,0.0028999427016186794,6.999947739448665e-4,0.001338020637069451,0.03570014443669688,0.04,0.019257078274595003,0.017200091962924418,0.024362488991772138,0.02011233568903108,9.0000988533017e-4,0.0022841816733350315,0.0026369308178346364,0,0,0.012899756964657508,0.003804592266503994,0.0063999500686555974,0.004199954261320323,0.006600036124992474,0.004799944456567019,0.03540022630214987,0.016800626785878882,0.016000604556847237,0.01,0.009000175467639641
TZA,0.017864063961594807,0.011600054648440673,0.024037414612879244,0.01231201494878405,0.026500029502973237,0.037529792881986615,0.02902005029413085,0.021213299391398287,0.03461180116150299,0.003400018763653909,0.003449972689561508,0.003850041338584885,0.0043368465728230885,0.004134283515010056,3.0000000000000003e-4,1e-4,9.999889949853817e-5,0.0014000066363606197,0.00220007423904974,0.037731747742525655,0.035501211135813115,0.02717333442379263,0.04585630998651543,0.0472999361255589,0.0252003259540948,0.05,0.05049582574999316,0,0.0038595557519280205,0.0629746263877777,0.002199986794664325,0.07121966709004612,0.0018732525475628889,0.001127316534247428,4.5117897283168985e-5,0.0019337079648730285,0.0020856686903107688,0,2.517797974528518e-4,0,6.475483638719394e-4,0,0.0014472901390814698,2.763023844345975e-4,9.027090185333346e-5,0.007000029535989603,0.0025853429639188215,0.004946751777034366,8.000319501577539e-4,0.001,6.999517939535845e-4,0.0016999952137079404,0.001999997597167541,0.0012000215224175544,4.999903439485525e-4,0.0011150438537910156,0.002,7.000036500346754e-4,7.891475079070732e-4,0.03600063579286777,0.033300034185437005,0.03600060734892195,0.009200067033488815,0.02800589445835196,0.02239709349009027,0.0012000160140924014,0.002400007300069351,0.0026369308178346364,0,0,0.012989339377176043,0.0038475407889424565,0.008299955948629324,0.008900018867600898,0.005099960927324824,0.0047000595120015864,0.03540003893322951,0.016800132728680455,0.016000141063619695,0.009999999999999998,0.009000175467639641
UGA,0.0178641750651,0.0115999607911,0.0251644041611,0.0133224410896,0.026500112472,0.037863708108,0.0288467731962,0.0212130011199,0.0362215275264,0.00339999101889,0.00345001314954,0.00355319648979,0.00430747766595,0.00405467886676,0.000193658174915,0.00205430601031,9.99993467241e-05,0.00142882857229,0.0025577790894,0.0348363665513,0.0335730645065,0.0302529864559,0.0300040917906,0.04285878972,0.0254295820996,0.0498117366132,0.05049582575,0,0.0091594365352,0.0719130467487,0.00219999461515,0.0554339595364,0.00187325254756,0.00112731653425,4.51178972832e-05,0.00193370796487,0.00208566869031,0,0.000251779797453,0,0.000647548363872,0,0.00144729013908,0.000276302384435,9.02709018533e-05,0.00700003574948,0.00234759807698,0.00338059761416,0.000787104355188,0.00115070781583,0.00071873106572,0.00179338495999,0.00197011328829,0.00127444170736,0.00054133599078,0.00108485901014,0.002559860157,0.000805156670876,0.00228155569608,0.0359998263115,0.0332996918615,0.0347115656473,0.00920005170061,0.0286122359256,0.0231470313839,0.00101869575065,0.00230200281891,0.00263693081783,0,0,0.0129369847967,0.00385778889324,0.00829989804184,0.00756205199728,0.00509998558815,0.00482146522652,0.032291161392,0.0153949851724,0.0217678596263,0.01,0.00900017546764
UKR,0.0072400294007637245,0.011000122689350566,0.027700390129484696,0.0058957270778061755,0.02650017655494462,0.039700124947938356,0.025212757579734874,0.01951620693738291,0.02399988906145995,0.003399998403019818,0.0029000122223804673,0.002563708382379622,0.004260561507234293,0.004001138513084054,1.617549563876932e-4,0.0020543060103069936,3.0000186483980176e-4,0.0014000034434075962,0.0022000331821701137,0.03020404793788886,0.03550091249639804,0.04515044491501769,0.034339202129408254,0.048899514545388184,0.03270000986485153,0.04981173661315645,0.05049582574999316,0,0.011000066849388328,0.0629746263877777,0.0022000208572322453,0.041904254628303085,1e-4,9.999999999999999e-5,4.5117897283168985e-5,0.0019337079648730285,0.0020856686903107688,0,2.517797974528518e-4,0,6.475483638719394e-4,0,0.0014472901390814698,2.763023844345975e-4,9.027090185333346e-5,0.001700025212425745,0.0016999509733953094,0.002651248122160522,6.999999999999999e-4,6.000078360694276e-4,7.00029515938607e-4,0.001699960753532182,0.0014999470955454448,0.001338244595567633,3.9999449346787624e-4,0.0012000461733810458,0.002900011460004584,7.000079636855937e-4,0.0013748933065034757,0.03569979099372981,0.04000021553582205,0.015900107327033324,0.01720002092269066,0.021683931463963364,0.020432393548391596,9.000021335153933e-4,0.002300032850312078,0.0026369308178346364,0,0,0.012944204293320227,0.003702835361006179,0.006399985237673458,0.0042,0.006600043261951114,0.004799977959003747,0.0353997257001283,0.01679982303168839,0.01600019592476489,0.01,0.009000175467639641
URY,0.012202121815657848,0.01600000752189341,0.021299883200311464,0.02030802253987301,0.026500029502973237,0.03070048819954582,0.02676858596372953,0.01951620693738291,0.04799574593992552,0.003400002556008537,0.0039000568414490296,0.0028,0.004260561507234293,7.000099581756623e-4,1.617549563876932e-4,0.0020543060103069936,2.3732213310069075e-4,0.004399977969818652,0.00220009291213167,0.02830038668642261,0.03700020857232245,0.03509275994667932,0.03295155899569894,0.04200094900901558,0.03269995768091409,0.04981173661315645,0.05049582574999316,0,0.010999978664846066,0.07750024333268445,0.0021999348215740594,0.041904254628303085,0.0018732525475628889,0.001127316534247428,4.5117897283168985e-5,0.0019337079648730285,0.0020856686903107688,0,2.517797974528518e-4,0,6.475483638719394e-4,0,0.0014472901390814698,2.763023844345975e-4,9.027090185333346e-5,0.001700007216569243,0.001,0.002824058986935326,6.323915107424004e-4,9.999721507941667e-4,7.608636485118587e-4,0.0016999941129143038,0.0015999871357818228,0.001338244595567633,0.0010374158777329743,9.190909808033869e-4,0.0028999278036258625,9.278393167385746e-4,0.0011677421249653654,0.0430007883024808,0.027000401932428066,0.025,0.01580012947745904,0.02706137064743362,0.028086230421489305,8.632921740660768e-4,0.0023000312858483677,0.0010999999999999998,0,0,0.014515628535814796,0.003671739675081751,0.05000064306200404,0.005000140429714927,0.005000236127508854,0.002999920653812584,0.017999573230309634,0.016999687417345935,0.017000806957769208,0.009999999999999998,0.009000175467639641
USA,0.007239665456138491,0.010999814324385071,0.027699164736435737,0.005895696528465325,0.02650020953591175,0.03969971949035115,0.02676858596372953,0.006018523020078759,0.024000204483296268,0.003400057937427578,0.002899962113158284,0.0030000784744565645,0.002399992283355197,0.0051963281280654385,1.617549563876932e-4,0.0020543060103069936,2.999956974442819e-4,0.0013999918338965058,0.00220003590234562,0.027899581797035458,0.035500237252253895,0.0312858233532736,0.04733805963970646,0.04889953462907199,0.032700429345219294,0.05,0.05049582574999316,0,0.010999220120881262,0.06729933934372377,0.0021999017336983223,0.043399625643425366,1.0000031424899205e-4,1e-4,4.5117897283168985e-5,0.0019337079648730285,0.0020856686903107688,0,2.517797974528518e-4,0,6.475483638719394e-4,0,0.0014472901390814698,2.763023844345975e-4,9.027090185333346e-5,0.0016999766617868583,0.0016999924455382953,0.00316861440569757,7.000015557126633e-4,6e-4,7.000038689209579e-4,0.0017000274736057143,0.0015000079357101665,0.0013999999999999998,4.000050917145076e-4,0.0012000407023415153,0.002899954159981664,7.000145394625246e-4,0.0017711072269162391,0.03569932689015605,0.03999976829861675,0.01590007311322692,0.017199704259491046,0.0280676637108088,0.02050873146532962,9.000052216594432e-4,0.0022841816733350315,0.0026369308178346364,0,0,0.012900097563269191,0.003703240169487269,0.006399899454735296,0.004200058761045947,0.006600086761349705,0.004800238048006348,0.035399863958798954,0.016800118506814142,0.015999505042380745,0.009999999999999998,0.009000175467639641
UZB,0.007239981209237945,0.011000063715718668,0.02769938607409065,0.005895681224236873,0.026500029502973237,0.039700693515026156,0.02676858596372953,0.01951620693738291,0.035840906593837804,0.003399998403019818,0.0028999660402378264,0.002563708382379622,0.004260561507234293,0.004001138513084054,1.617549563876932e-4,0.0020543060103069936,3.0000000000000003e-4,0.001774897632768457,0.002200021900208052,0.03020404793788886,0.02715032727703064,0.04035778842845264,0.03150162216540967,0.03575225048162941,0.028185178483178298,0.04981173661315645,0.05049582574999316,0,0.026825789186188845,0.06729904603898798,0.0022000219002080517,0.041904254628303085,1e-4,0.001127316534247428,4.5117897283168985e-5,0.0019337079648730285,0.0020856686903107688,0,2.517797974528518e-4,0,6.475483638719394e-4,0,0.0014472901390814698,2.763023844345975e-4,9.027090185333346e-5,0.0017000176518308973,0.0017000529808007668,0.00239692899696101,6.999895247739098e-4,5.999936058655527e-4,6.999988521974679e-4,0.0016999887867234806,0.0016115014145824658,0.001338244595567633,3.999864819195674e-4,0.0012,0.0030397426945755163,7.000071044905337e-4,0.0013403322595652207,0.035699958935552556,0.04,0.015899856596558317,0.017199636611401316,0.026365973383579672,0.02051517586158668,9.000000000000001e-4,0.0022841816733350315,0.0026369308178346364,0,0,0.012945672091804245,0.003688475847647312,0.0064000268054593785,0.006001091211381903,0.0066,0.004799888915337618,0.029626189132487393,0.01477058390104064,0.02281650366873054,0.009999999999999998,0.009000175467639641
VCT,0.007239565255488137,0.011000022803587004,0.024037414612879244,0.0058957224160088115,0.026500029502973237,0.03970036831801439,0.02676858596372953,0.01951620693738291,0.035959106114479465,0.003400058918839299,0.0028999783312738284,0.0029999938626585733,0.0024000024675516953,0.0026999738141464946,1.617549563876932e-4,0.0020543060103069936,3.000006688046121e-4,0.0013999810390595375,0.0033627601698822205,0.027899747543875655,0.03549894152857873,0.0396852365306952,0.033604854298014665,0.048899068901303536,0.032699261522790936,0.04981173661315645,0.05049582574999316,0,0.010999956266946559,0.0629746263877777,0.002199986794664325,0.041904254628303085,9.999908291376639e-5,1e-4,4.5117897283168985e-5,0.0019337079648730285,0.0020856686903107688,0,2.517797974528518e-4,0,6.475483638719394e-4,0,0.0014472901390814698,2.763023844345975e-4,9.027090185333346e-5,0.001700021110407431,0.0017000000000000001,0.00331827373455459,7.000052066908924e-4,6.000014883942459e-4,7.000052173005687e-4,0.0016999138508662773,0.0014999896390474371,0.0013999977568332467,4.000119868743726e-4,0.0011999668087666344,0.0030397426945755163,6.99994592548532e-4,0.001320621109457691,0.03570030796868985,0.04,0.015899955713954323,0.01719992458691552,0.029963227442398842,0.023189408945641025,8.632921740660768e-4,0.002300067236576698,0.0026369308178346364,0,0,0.0128996262677203,0.0037826409131391145,0.006399970897096987,0.0042001498739696165,0.00659995959090603,0.004799967546955499,0.03540042178121451,0.01679994690911504,0.015998959417273674,0.009999999999999998,0.009000175467639641
VEN,0.012201680417374424,0.015999956336465736,0.021300644847305025,0.020308041748724158,0.026500029502973237,0.03070035875838403,0.02676858596372953,0.01951620693738291,0.04799970918079866,0.003400099548598596,0.0038999277227597224,0.0027999565477160393,0.002400043530307977,0.004135430501668044,1.617549563876932e-4,0.005900012640626975,2.3732213310069075e-4,0.004399952764865649,0.002200018249840314,0.02829985206487025,0.03699894557547246,0.03536059558664151,0.031623876836788925,0.04200094900901558,0.03269960762843325,0.05,0.05049582574999316,0,0.01099994600723503,0.0629746263877777,0.002200024333860567,0.041904254628303085,0.0018732525475628889,0.001127316534247428,4.5117897283168985e-5,0.0019337079648730285,0.0020856686903107688,0,2.517797974528518e-4,0,6.475483638719394e-4,0,0.0014472901390814698,2.763023844345975e-4,9.027090185333346e-5,0.001699991020383729,0.001000004315571878,0.002506944584825321,6.323915107424004e-4,0.001,7.608636485118587e-4,0.0018517505678222058,0.0016,0.0016000154123444318,0.0010374158777329743,9.190909808033869e-4,0.0030397426945755163,9.278393167385746e-4,0.0017695912245528482,0.042999942551846956,0.02700060821965418,0.02499959718350708,0.015800166867289554,0.015731258942228765,0.030336554924951447,8.632921740660768e-4,0.00229999668181969,0.0011000100689724614,0,0,0.014462528467251611,0.003673180692186778,0.05,0.005,0.004999940515138897,0.003000041762372103,0.018000282579004382,0.017000110607233714,0.017000229995609174,0.009999999999999998,0.009000175467639641
VNM,0.0103222013048,0.00846675001708,0.025179050237,0.00865351576195,0.0264996570192,0.0331095419173,0.0267685859637,0.0195162069374,0.0296020886078,0.00340001634377,0.00316665486448,0.00218790593213,0.00364038040133,0.0034358723362,0.000253918070304,0.00146953255024,0.000400000320173,0.0013999950074,0.00408753805821,0.0280681187965,0.0287164807228,0.0542746932067,0.045758063669,0.0304667076509,0.0301338041302,0.0498750543478,0.05049582575,0,0.0215505740139,0.0658575503632,0.00220001019836,0.0419042546283,0.00370000407061,0.000442438844749,0.000396742063114,0.00308917514404,0.00208566869031,0,0.000434524134094,0,0.000647548363872,0,0.00144729013908,0.000276302384435,0.000293510554935,0.00163490123111,0.00185170950569,0.0025723616111,0.000800007332279,0.001063259384,0.000786958739998,0.00188392049654,0.00160001686711,0.00133824459557,0.000900000459536,0.0012666700842,0.00303974269458,0.00106666212444,0.00110406267731,0.0395666469938,0.0569326797346,0.0174665371349,0.013499970848,0.0581926991004,0.0210574246451,0.000954429301312,0.00228946487751,0.00439127192045,0,0,0.0123793566045,0.00383748829236,0.00786662875702,0.00610035185655,0.00779993666379,0.00603339644724,0.0315507718978,0.0154470974774,0.0182724055243,0.01,0.00900017546764
VUT,0.0103222013048,0.00846675001708,0.025179050237,0.00865351576195,0.0264996570192,0.0331095419173,0.0267685859637,0.0195162069374,0.0296020886078,0.00340001634377,0.00316665486448,0.00218790593213,0.00364038040133,0.0034358723362,0.000253918070304,0.00146953255024,0.000400000320173,0.0013999950074,0.00408753805821,0.0280681187965,0.0287164807228,0.0542746932067,0.045758063669,0.0304667076509,0.0301338041302,0.0498750543478,0.05049582575,0,0.0215505740139,0.0658575503632,0.00220001019836,0.0419042546283,0.00370000407061,0.000442438844749,0.000396742063114,0.00308917514404,0.00208566869031,0,0.000434524134094,0,0.000647548363872,0,0.00144729013908,0.000276302384435,0.000293510554935,0.00163490123111,0.00185170950569,0.0025723616111,0.000800007332279,0.001063259384,0.000786958739998,0.00188392049654,0.00160001686711,0.00133824459557,0.000900000459536,0.0012666700842,0.00303974269458,0.00106666212444,0.00110406267731,0.0395666469938,0.0569326797346,0.0174665371349,0.013499970848,0.0581926991004,0.0210574246451,0.000954429301312,0.00228946487751,0.00439127192045,0,0,0.0123793566045,0.00383748829236,0.00786662875702,0.00610035185655,0.00779993666379,0.00603339644724,0.0315507718978,0.0154470974774,0.0182724055243,0.01,0.00900017546764
WSM,0.00908924215738,0.00827997363066,0.0254547722079,0.00730698450731,0.0265002452225,0.0361797172348,0.0262354220709,0.0168101341926,0.0358796590616,0.00340000243264,0.00305997779123,0.00223998979766,0.00388844459673,0.00295512735847,0.000204703359365,0.00170344339535,0.000359997069033,0.00139999010968,0.00310000000267,0.0261400508964,0.0330998796017,0.0400034720339,0.0392056208721,0.0338600185752,0.0311600762597,0.0498117366132,0.05049582575,0,0.0106400458405,0.0622597510676,0.00220000639784,0.0428017023163,0.00226000082279,0.00104001548501,0.000256091397834,0.00262697964477,0.00314849699327,0,0.000361423174326,0,0.000858040838172,0,0.00229780838647,0.000661046078994,0.000212211246531,0.00163999355476,0.00182000545335,0.00357062562281,0.000760008791748,0.00210789353568,0.000819985899337,0.00181037000968,0.00155999383161,0.00133824459557,0.000699999749565,0.00123999441729,0.00322793352798,0.000919990644018,0.00144068535258,0.0380197413296,0.0488200852319,0.0168400186041,0.0142600305338,0.0308992223117,0.0205952208521,0.00094002435339,0.00201997391036,0.00368952301123,0,0,0.0128995303373,0.00380098524321,0.00729003695011,0.00497998848302,0.00732001509908,0.00554001190818,0.0333999832702,0.0161198515978,0.0177399158855,0.01,0.00900017713049
YEM,0.024466796554811533,0.010999943695485603,0.024037414612879244,0.022099910859807267,0.026500029502973237,0.03969972746739342,0.01762812067895522,0.01560912105620641,0.03281652836517985,0.003399998403019818,0.0028999986456409955,0.003,0.004260561507234293,0.004001138513084054,1.617549563876932e-4,0.0020543060103069936,2.999956024098794e-4,0.0014000032882838444,0.0021999867272787603,0.027899775617053108,0.035499766171253895,0.030657215887265343,0.03415563140287713,0.03575225048162941,0.03269998986109703,0.04981173661315645,0.05049582574999316,0,0.010999844018093901,0.06729903536977491,0.0021999416015767576,0.043399625643425366,9.999999999999999e-5,9.999999999999999e-5,4.5117897283168985e-5,0.0019337079648730285,0.0020856686903107688,0,2.517797974528518e-4,0,6.475483638719394e-4,0,0.0014472901390814698,2.763023844345975e-4,9.027090185333346e-5,0.0016999924474151277,0.0016999491685425895,0.002775195896728416,6.999991742566245e-4,6.000000000000001e-4,7.00025826446281e-4,0.0017000274736057143,0.0014999799188722437,0.001338244595567633,3.9999604336472263e-4,0.0012000057254913188,0.0028999587757512282,7.000029544715927e-4,0.0018086557306071429,0.035699499165275456,0.04000050097690497,0.015900304021109393,0.017199881915059882,0.015699936935689784,0.020241691743196115,8.632921740660768e-4,0.0022999489013796628,0.0026369308178346364,0,0,0.012900087699307334,0.0039016553908751634,0.006400059418967384,0.0041998663659901445,0.006600184672206833,0.006278745023808365,0.03540003893322951,0.01477058390104064,0.02281650366873054,0.009999999999999998,0.009000175467639641
ZAF,0.017864523006285677,0.011600005973116707,0.027699607628433248,0.012312187610587843,0.026500790850468428,0.03969964819700967,0.02901988253472895,0.021212831839476334,0.03559013351987591,0.003399998403019818,0.0034500138123982438,0.0038499247952760293,0.004260561507234293,0.004001138513084054,1.617549563876932e-4,0.0020543060103069936,9.999955703898277e-5,0.001399996197935479,0.002200024333860567,0.03773102830407805,0.035500164837752556,0.043815943532942644,0.040042272992385816,0.047300660317881674,0.025199898141074612,0.04981173661315645,0.05049582574999316,0,0.0038595640410434423,0.0629746263877777,0.002200018249840314,0.041904254628303085,0.0018732525475628889,0.001127316534247428,4.5117897283168985e-5,0.0019337079648730285,0.0020856686903107688,0,2.517797974528518e-4,0,6.475483638719394e-4,0,0.0014472901390814698,2.763023844345975e-4,9.027090185333346e-5,0.007000085146238665,0.0025853366857686148,0.0034498805177949313,7.999776414811502e-4,0.001,6.999975664955102e-4,0.0016999978195931362,0.002000015087621361,0.001338244595567633,4.999758885084631e-4,0.001115044921577585,0.001999959890903257,6.999999999999999e-4,0.0016870446338523252,0.03600019519574474,0.03330003468609088,0.03599954008891614,0.009200031744772033,0.02804626103864539,0.024001357265700952,0.0011999946554073916,0.0023999513342525753,0.0026369308178346364,0,0,0.012900270852535214,0.0039000296925174862,0.008299889652830829,0.008900080042689435,0.0050999695160220205,0.004699912719193842,0.03539961380869402,0.016799623940604736,0.016000141063619695,0.009999999999999998,0.009000175467639641
ZMB,0.0178642609509,0.0116000613828,0.0261302744248,0.0139043209538,0.0265000650232,0.0390801064226,0.0285376419268,0.0208493742681,0.0359292055218,0.00339998636014,0.00344998817368,0.00384999164275,0.00430958049693,0.00494000374951,0.00023087619558,0.00163552615096,9.99996278985e-05,0.00140000796095,0.0027813806377,0.0366562464799,0.0331144045687,0.0306785491071,0.0350882554719,0.0448257342628,0.0252000048552,0.0498520787675,0.05049582575,0,0.00878091750683,0.0712745227553,0.00219999926168,0.064938016581,0.00187325254756,0.00112731653425,4.51178972832e-05,0.00193370796487,0.00208566869031,0,0.000251779797453,0,0.000647548363872,0,0.00144729013908,0.000276302384435,9.02709018533e-05,0.00700002250806,0.00251174488319,0.00376229137743,0.000799999367612,0.00120991036779,0.000708690390271,0.00174336058782,0.00197224255816,0.00126912676509,0.000499999189813,0.00111499585981,0.00229706869054,0.00069999772336,0.00182190847661,0.0359999953052,0.033299893088,0.0348043253618,0.00919998471713,0.0286066260042,0.0222564136679,0.00105570004949,0.00238345490351,0.00263693081783,0,0,0.012940562387,0.00390768154089,0.00829999995982,0.00869294570502,0.00509997162102,0.00469999695683,0.0345750115444,0.0157853197928,0.0198951407238,0.01,0.00900017546764
ZWE,0.017864265527039486,0.011600230884150483,0.027700142524420344,0.01231211118169879,0.026500029502973237,0.039701427163558053,0.029019788098937783,0.021212811062128113,0.03567030300011001,0.003400003809223218,0.003449954030033711,0.0038499420625724215,0.004260561507234293,0.0039999006655408766,1.617549563876932e-4,0.0020543060103069936,9.999955397165936e-5,0.0014000247463499132,0.0033627601698822205,0.03773122322769032,0.03550090364647933,0.021963762107149412,0.02119403486084179,0.04730076651660786,0.025200578492476155,0.05,0.05049582574999316,0,0.003859479188601109,0.0629746263877777,0.002199986794664325,0.041904254628303085,0.0018732525475628889,0.001127316534247428,4.5117897283168985e-5,0.0019337079648730285,0.0020856686903107688,0,2.517797974528518e-4,0,6.475483638719394e-4,0,0.0014472901390814698,2.763023844345975e-4,9.027090185333346e-5,0.007000189374951262,0.002585307677245946,0.006536753808588965,7.999832697817403e-4,0.001,7.000015378227505e-4,0.0018517505678222058,0.00199998209746142,0.001338244595567633,5.000117197571666e-4,0.001115013008930455,0.0030397426945755163,7.000071725720844e-4,0.0011323944130266013,0.03599989915288422,0.03330089438806246,0.036000653221197026,0.009199979358745012,0.028090051764601134,0.01925063833146108,0.0012000199064397335,0.002400007300069351,0.0026369308178346364,0,0,0.012899935973657734,0.0039002812588237222,0.00829997663733354,0.008900009605225244,0.005100206224221973,0.0047000595120015864,0.029626189132487393,0.01477058390104064,0.01600031739314431,0.009999999999999998,0.009000175467639641
